t_s,batch,n_prefill,prefill_tokens,prefill_ms,decode_ms,gather_ms,iteration_ms,padding_waste,context_max,waiting,preempted,kv_blocks_used,kv_slot_utilization,wasted_decode_tokens
0.06794,1,1,82,35.501543000009406,32.38849100034713,0.6255060002331447,67.93099600008645,0.0,82,0,0,6,0.8645833333333334,0
0.10015,1,0,0,0.0,32.182199000089895,0.5827499999213615,32.20195199992304,0.0,83,0,0,6,0.875,0
0.1324,1,0,0,0.0,32.22342099979869,0.6021929998496489,32.24799399959011,0.0,84,0,0,6,0.8854166666666666,0
0.16471,1,0,0,0.0,32.28092600011223,0.6159599997772602,32.30643799997779,0.0,85,0,0,6,0.8958333333333334,0
0.20019,1,0,0,0.0,35.44695699974909,0.5827099998896301,35.46911200010072,0.0,86,0,0,6,0.90625,0
0.23262,1,0,0,0.0,32.39865000023201,0.630487999842444,32.42149600009725,0.0,87,0,0,6,0.9166666666666666,0
0.30504,2,1,119,33.4507030001987,38.904262999949424,0.6686419997095072,72.3970509998253,0.13025210084033612,119,0,0,14,0.9330357142857143,0
0.34226,2,0,0,0.0,37.18911400028446,0.6862290001663496,37.21456400035095,0.12916666666666665,120,0,0,14,0.9419642857142857,0
0.37908,2,0,0,0.0,36.7902969996976,0.707142000010208,36.81592700013425,0.12809917355371903,121,0,0,14,0.9508928571428571,0
0.41591,2,0,0,0.0,36.795363999772235,0.6594030000997009,36.816135000208305,0.12704918032786883,122,0,0,14,0.9598214285714286,0
0.45244,2,0,0,0.0,36.50524900012897,0.6335230000331649,36.53155299980426,0.1260162601626016,123,0,0,14,0.96875,0
0.48919,2,0,0,0.0,36.719631000323716,0.6430809999073972,36.742444999617874,0.125,124,0,0,14,0.9776785714285714,0
0.52567,2,0,0,0.0,36.45062500027052,0.6584349998774996,36.4709010000297,0.124,125,0,0,14,0.9866071428571429,0
0.5618,2,0,0,0.0,36.10272600008102,0.6208889999470557,36.122351999893,0.12301587301587302,126,0,0,14,0.9955357142857143,0
0.59721,2,0,0,0.0,35.38079200006905,0.6146220002847258,35.402057000283094,0.1220472440944882,127,0,0,15,0.9375,0
0.63382,2,0,0,0.0,36.58472699999038,0.6669829999736976,36.61142700002529,0.12109375,128,0,0,16,0.88671875,0
0.67003,2,0,0,0.0,36.173311000311514,0.6572060001417412,36.19601699983832,0.12015503875968991,129,0,0,16,0.89453125,0
0.70639,2,0,0,0.0,36.337392999939766,0.6544320003740722,36.357311000301706,0.11923076923076925,130,0,0,16,0.90234375,0
0.74245,2,0,0,0.0,36.02639699965948,0.650489999770798,36.0477610001908,0.11832061068702293,131,0,0,16,0.91015625,0
0.81405,3,1,201,33.71455299975423,37.82214200009548,0.7270579999385518,71.59536200015282,0.28026533996683245,201,0,0,29,0.9418103448275862,0
0.85054,3,0,0,0.0,36.464532999616495,0.7655309996152937,36.48680600008447,0.27887788778877887,202,0,0,29,0.9482758620689655,0
0.88779,3,0,0,0.0,37.21624299987525,0.742804999845248,37.2397699998146,0.277504105090312,203,0,0,29,0.9547413793103449,0
0.92502,3,0,0,0.0,37.19921299989437,0.7388899998659326,37.22102699975949,0.2761437908496732,204,0,0,29,0.9612068965517241,0
0.96205,3,0,0,0.0,37.00600000001941,0.7773510001243267,37.02937799971551,0.27479674796747966,205,0,0,29,0.9676724137931034,0
0.99911,3,0,0,0.0,37.02746199996909,0.7836170002519793,37.0497180001621,0.27346278317152106,206,0,0,29,0.9741379310344828,0
1.03544,3,0,0,0.0,36.30400199972428,0.7754260000183422,36.32892199993876,0.2721417069243156,207,0,0,29,0.9806034482758621,0
1.07245,3,0,0,0.0,36.974662999909924,0.7754579996799293,37.003862999881676,0.27083333333333337,208,0,0,30,0.9541666666666667,0
1.10968,3,0,0,0.0,37.189377000231616,0.7905570000730222,37.21328199981144,0.26953748006379585,209,0,0,30,0.9604166666666667,0
1.14672,3,0,0,0.0,37.01122300026327,0.7563730000583746,37.0363140000336,0.2682539682539683,210,0,0,30,0.9666666666666667,0
1.18411,3,0,0,0.0,37.356015000113985,0.7550410000476404,37.382804000117176,0.2669826224328594,211,0,0,30,0.9729166666666667,0
1.22137,3,0,0,0.0,37.22490999962247,0.7949769997139811,37.250948999826505,0.26572327044025157,212,0,0,31,0.9475806451612904,0
1.25831,3,0,0,0.0,36.8995960002394,0.8030499998312735,36.93204199998945,0.26447574334898283,213,0,0,24,0.9348958333333334,0
1.29838,2,0,0,0.0,40.04556900008538,0.7394209997073631,40.0679190001938,0.16121495327102808,214,0,0,24,0.9401041666666666,0
1.33458,2,0,0,0.0,36.163235000003624,0.7376929997917614,36.18849299982685,0.16046511627906979,215,0,0,24,0.9453125,0
1.37138,2,0,0,0.0,36.76709999990635,0.7337069996538048,36.791956999877584,0.1597222222222222,216,0,0,24,0.9505208333333334,0
1.40852,2,0,0,0.0,37.108791999798996,0.748725999983435,37.13281700038351,0.1589861751152074,217,0,0,24,0.9557291666666666,0
1.44533,2,0,0,0.0,36.77750300039406,0.7326079999074864,36.80891200019687,0.15825688073394495,218,0,0,24,0.9609375,0
1.51613,3,1,148,33.1849530002728,37.56328500003292,0.7789559999764606,70.79204499996194,0.213089802130898,219,0,0,34,0.9558823529411765,0
1.55393,3,0,0,0.0,37.764781000078074,1.137139000093157,37.78956699989067,0.21212121212121215,220,0,0,34,0.9613970588235294,0
1.59104,3,0,0,0.0,37.08155899994381,0.7890520000728429,37.10683600002085,0.2111613876319759,221,0,0,34,0.9669117647058824,0
1.62833,3,0,0,0.0,37.25341600011234,0.7889559997238393,37.27795399981915,0.21021021021021025,222,0,0,34,0.9724264705882353,0
1.66465,3,0,0,0.0,36.266786999931355,0.8030890003283275,36.30982300001051,0.2092675635276532,223,0,0,24,0.9817708333333334,0
1.70146,2,0,0,0.0,36.78307600011976,0.6985510003687523,36.80716799999573,0.1584821428571429,224,0,0,25,0.9475,0
1.73839,2,0,0,0.0,36.893399999826215,0.726740999652975,36.91734199992425,0.1577777777777778,225,0,0,25,0.9525,0
1.77501,2,0,0,0.0,36.593616000118345,0.7289860000128101,36.616610000237415,0.15707964601769908,226,0,0,25,0.9575,0
1.81167,2,0,0,0.0,36.62510799995289,0.7147599999370868,36.6455200000928,0.15638766519823788,227,0,0,25,0.9625,0
1.84802,2,0,0,0.0,36.3319639996007,0.690993999796774,36.35149299998375,0.1557017543859649,228,0,0,25,0.9675,0
1.88474,2,0,0,0.0,36.69225500016182,0.707695000073727,36.71400799976254,0.15502183406113534,229,0,0,25,0.9725,0
1.921,2,0,0,0.0,36.227889000201685,0.7068169998092344,36.25729500026864,0.15434782608695652,230,0,0,25,0.9775,0
1.95672,2,0,0,0.0,35.67942000017865,0.707803999830503,35.703186000318965,0.15367965367965364,231,0,0,26,0.9447115384615384,0
1.99291,2,0,0,0.0,36.16208099992946,0.6811939997533045,36.181428999952914,0.1530172413793104,232,0,0,26,0.9495192307692307,0
2.02942,2,0,0,0.0,36.486616999809485,0.6896640002196364,36.50852300006591,0.1523605150214592,233,0,0,26,0.9543269230769231,0
2.06568,2,0,0,0.0,36.229853999884654,0.7322870001189585,36.252322000109416,0.15170940170940173,234,0,0,26,0.9591346153846154,0
2.10197,2,0,0,0.0,36.265395999635075,0.6963890000406536,36.285301000134496,0.1510638297872341,235,0,0,26,0.9639423076923077,0
2.13842,2,0,0,0.0,36.42488300010882,0.7447660000252654,36.45060000008016,0.15042372881355937,236,0,0,26,0.96875,0
2.17499,2,0,0,0.0,36.53759799999534,0.7446699996762618,36.56093199970201,0.14978902953586493,237,0,0,26,0.9735576923076923,0
2.21165,2,0,0,0.0,36.61618300020564,0.740778000363207,36.64982800000871,0.14915966386554624,238,0,0,26,0.9783653846153846,0
2.24715,2,0,0,0.0,35.4704619999211,0.7073229999150499,35.48982900019837,0.14853556485355646,239,0,0,26,0.9831730769230769,0
2.28599,2,0,0,0.0,38.80574100003287,0.7155920002333005,38.837812000110716,0.1479166666666667,240,0,0,11,0.9659090909090909,0
2.31904,1,0,0,0.0,33.023566999872855,0.6981840001571982,33.043175999864616,0.0,170,0,0,11,0.9715909090909091,0
2.35166,1,0,0,0.0,32.59235900031854,0.6277259999478702,32.612400999823876,0.0,171,0,0,11,0.9772727272727273,0
2.38413,1,0,0,0.0,32.44352399997297,0.5972480003038072,32.4641080001129,0.0,172,0,0,11,0.9829545454545454,0
2.41665,1,0,0,0.0,32.48403399993549,0.6152470000415633,32.515726999918115,0.0,173,0,0,11,0.9886363636363636,0
2.44889,1,0,0,0.0,32.211728999754996,0.593824000134191,32.22986699984176,0.0,174,0,0,11,0.9943181818181818,0
2.48125,1,0,0,0.0,32.33871200018257,0.5925649998061999,32.359576000089874,0.0,175,0,0,11,1.0,0
2.51381,1,0,0,0.0,32.523921000120026,0.6246410002859193,32.5457760000063,0.0,176,0,0,12,0.921875,0
2.54614,1,0,0,0.0,32.312113999978465,0.6010429997331812,32.330599000033544,0.0,177,0,0,12,0.9270833333333334,0
2.57847,1,0,0,0.0,32.301091000135784,0.6212389998836443,32.319977000042854,0.0,178,0,0,12,0.9322916666666666,0
2.61083,1,0,0,0.0,32.32840700002271,0.6037450002622791,32.34622700028922,0.0,179,0,0,12,0.9375,0
2.64324,1,0,0,0.0,32.3801800000183,0.5884899996999593,32.397920999756025,0.0,180,0,0,12,0.9427083333333334,0
2.67567,1,0,0,0.0,32.40639000023293,0.6211410000105388,32.42456399993898,0.0,181,0,0,12,0.9479166666666666,0
2.7446,2,1,223,33.20418100020106,35.68802899962975,0.6933449999451113,68.93099799981428,0.09192825112107628,223,0,0,26,0.9783653846153846,0
2.78105,2,0,0,0.0,36.41216899995925,0.7032910002635617,36.43710300002567,0.0915178571428571,224,0,0,27,0.9467592592592593,0
2.81744,2,0,0,0.0,36.35953100001643,0.7269279999491118,36.37904499964861,0.09111111111111114,225,0,0,27,0.9513888888888888,0
2.85361,2,0,0,0.0,36.15107900031944,0.7196899996415596,36.17001100019479,0.09070796460176989,226,0,0,27,0.9560185185185185,0
2.88971,2,0,0,0.0,36.069312000108766,0.687413000378001,36.08990200018525,0.0903083700440529,227,0,0,27,0.9606481481481481,0
2.9268,2,0,0,0.0,37.06626299981508,0.6841720000920759,37.08860000006098,0.08991228070175439,228,0,0,27,0.9652777777777778,0
2.96361,2,0,0,0.0,36.77382600017154,0.720012999863684,36.79454499979329,0.08951965065502188,229,0,0,27,0.9699074074074074,0
3.0004,2,0,0,0.0,36.76675199994861,0.7005490001574799,36.787076000109664,0.08913043478260874,230,0,0,27,0.9745370370370371,0
3.03618,2,0,0,0.0,35.75056099998619,0.7264219998432964,35.77063000011549,0.08874458874458879,231,0,0,27,0.9791666666666666,0
3.07283,2,0,0,0.0,36.628314000154205,0.7137530001273262,36.65144300020984,0.08836206896551724,232,0,0,27,0.9837962962962963,0
3.10929,2,0,0,0.0,36.42205500000273,0.7239739998112782,36.44516799977282,0.08798283261802575,233,0,0,28,0.953125,0
3.14561,2,0,0,0.0,36.29588000012518,0.7323029999497521,36.31716499967297,0.08760683760683763,234,0,0,28,0.9575892857142857,0
3.18188,2,0,0,0.0,36.24482300028831,0.6886569999551284,36.26679800026977,0.08723404255319145,235,0,0,28,0.9620535714285714,0
3.21855,2,0,0,0.0,36.642527999902086,0.7285309998223966,36.664582999947015,0.08686440677966101,236,0,0,28,0.9665178571428571,0
3.25509,2,0,0,0.0,36.50787099968511,0.7395910001832817,36.52991800026939,0.0864978902953587,237,0,0,28,0.9709821428571429,0
3.29474,2,0,0,0.0,39.6214309998868,0.7375000000138243,39.64482899982613,0.08613445378151263,238,0,0,28,0.9754464285714286,0
3.33045,2,0,0,0.0,35.67396199969153,0.7315909997487324,35.69394500027556,0.08577405857740583,239,0,0,28,0.9799107142857143,0
3.36665,2,0,0,0.0,36.16406299988739,0.732582999717124,36.19942299974355,0.0854166666666667,240,0,0,29,0.9504310344827587,0
3.40303,2,0,0,0.0,36.35277600005793,0.6954010000299604,36.37104500012356,0.08506224066390045,241,0,0,29,0.9547413793103449,0
3.43925,2,0,0,0.0,36.193009999806236,0.7202409997262293,36.21502200030591,0.08471074380165289,242,0,0,29,0.959051724137931,0
3.47562,2,0,0,0.0,36.34752000016306,0.7349210000029416,36.3670000001548,0.08436213991769548,243,0,0,29,0.9633620689655172,0
3.51254,2,0,0,0.0,36.87341600016225,0.6931550001354481,36.89365699983682,0.0840163934426229,244,0,0,29,0.9676724137931034,0
3.54931,2,0,0,0.0,36.739475000103994,0.7312729999284784,36.760813999990205,0.0836734693877551,245,0,0,29,0.9719827586206896,0
3.58552,2,0,0,0.0,36.17982000014308,0.7316649998756475,36.19959799971184,0.08333333333333337,246,0,0,29,0.9762931034482759,0
3.62122,2,0,0,0.0,35.677752000083274,0.7106009998096852,35.69832899984249,0.082995951417004,247,0,0,29,0.9806034482758621,0
3.65759,2,0,0,0.0,36.34036000039487,0.7421000000249478,36.36098399965704,0.08266129032258063,248,0,0,29,0.9849137931034483,0
3.69402,2,0,0,0.0,36.399045000052865,0.7292139998753555,36.42451299992899,0.08232931726907633,249,0,0,30,0.95625,0
3.73067,2,0,0,0.0,36.623398999836354,0.7463909996658913,36.64408399981767,0.08199999999999996,250,0,0,30,0.9604166666666667,0
3.76742,2,0,0,0.0,36.7272349999439,0.7197229997473187,36.75185699967187,0.0816733067729084,251,0,0,30,0.9645833333333333,0
3.80447,2,0,0,0.0,37.01779800030636,0.7625289999850793,37.040208999769675,0.0813492063492064,252,0,0,30,0.96875,0
3.84117,2,0,0,0.0,36.65319099991393,0.7488920000469079,36.677980000149546,0.0810276679841897,253,0,0,30,0.9729166666666667,0
3.87857,2,0,0,0.0,37.375700999746186,0.7780020000609511,37.401966999823344,0.0807086614173228,254,0,0,30,0.9770833333333333,0
3.91512,2,0,0,0.0,36.513673000172275,0.7793279996803903,36.53657500035479,0.08039215686274515,255,0,0,30,0.98125,0
3.95219,2,0,0,0.0,37.0392830000128,0.75849399991057,37.0667530000901,0.080078125,256,0,0,31,0.9536290322580645,0
3.9891,2,0,0,0.0,36.87800299985611,0.7632060001014906,36.902846000430145,0.0797665369649806,257,0,0,31,0.9576612903225806,0
4.02608,2,0,0,0.0,36.94850099964242,0.7632599999851664,36.969329999919864,0.0794573643410853,258,0,0,31,0.9616935483870968,0
4.098,3,1,118,32.98153000014281,38.88262200007375,0.802484000359982,71.90809700023237,0.23423423423423428,259,0,0,39,0.9583333333333334,0
4.13526,3,0,0,0.0,37.233372000173404,0.8207910000237462,37.257534000218584,0.23333333333333328,260,0,0,39,0.9631410256410257,0
4.17243,3,0,0,0.0,37.12053899971579,0.9217409997290815,37.1445760001734,0.2324393358876118,261,0,0,39,0.967948717948718,0
4.20932,3,0,0,0.0,36.85717200005456,0.8238069999606523,36.877270999866596,0.2315521628498728,262,0,0,39,0.9727564102564102,0
4.24545,3,0,0,0.0,36.1080130001028,0.8324930004164344,36.13207100033833,0.23067173637515848,263,0,0,39,0.9775641025641025,0
4.31932,4,1,104,34.64801500012982,39.17002400021374,0.9939120000126422,73.85895899960815,0.32386363636363635,264,0,0,46,0.9755434782608695,0
4.35713,4,0,0,0.0,37.781105999783904,0.9353129998999066,37.80593000010413,0.3226415094339623,265,0,0,47,0.9601063829787234,0
4.39463,4,0,0,0.0,37.46829200008506,0.9298039999521279,37.50505699963469,0.3214285714285714,266,0,0,47,0.9654255319148937,0
4.43225,4,0,0,0.0,37.57402299970636,0.9218090003741963,37.595399000110774,0.3202247191011236,267,0,0,47,0.9707446808510638,0
4.50403,5,1,149,32.889913999952114,38.85034299992185,1.501203000316309,71.78168000018559,0.3440298507462687,268,0,0,57,0.9692982456140351,0
4.54153,5,0,0,0.0,37.46557100021164,1.2042160001328739,37.491585000225314,0.34275092936802976,269,0,0,58,0.9579741379310345,0
4.57871,5,0,0,0.0,37.14464799986672,1.0903659999712545,37.16663300019718,0.3414814814814815,270,0,0,58,0.9633620689655172,0
4.61582,5,0,0,0.0,37.08327000003919,1.4936189995751192,37.103984000168566,0.3402214022140222,271,0,0,58,0.96875,0
4.6531,5,0,0,0.0,37.2499360000802,1.0707159999583382,37.27676700009397,0.33897058823529413,272,0,0,60,0.9416666666666667,0
4.69028,5,0,0,0.0,37.15341199995237,1.0953300002256583,37.17494300008184,0.33772893772893775,273,0,0,60,0.946875,0
4.72756,5,0,0,0.0,37.25685700010217,1.1026060001313454,37.27801900004124,0.3364963503649635,274,0,0,60,0.9520833333333333,0
4.76477,5,0,0,0.0,37.17400899995482,1.0887129997172451,37.19628700036992,0.3352727272727273,275,0,0,60,0.9572916666666667,0
4.80205,5,0,0,0.0,37.256138999964605,1.0800360000757792,37.2804830003588,0.33405797101449275,276,0,0,60,0.9625,0
4.8395,5,0,0,0.0,37.41461400022672,1.14933699978792,37.44426000002932,0.33285198555956674,277,0,0,60,0.9677083333333333,0
4.87697,5,0,0,0.0,37.436719999732304,1.4927340002941492,37.45822800010501,0.3316546762589928,278,0,0,60,0.9729166666666667,0
4.91368,5,0,0,0.0,36.68671700006598,1.0889960003623855,36.710902000322676,0.3304659498207886,279,0,0,61,0.9620901639344263,0
4.95086,5,0,0,0.0,37.14180299994041,1.1039599999094207,37.166297000112536,0.3292857142857143,280,0,0,61,0.9672131147540983,0
5.02175,6,1,247,32.857674000297266,37.968267000451306,1.6137320003508648,70.8707650001088,0.29359430604982206,281,0,0,78,0.9591346153846154,0
5.05947,6,0,0,0.0,37.691540000196255,1.2545829999908165,37.72203200014701,0.29255319148936165,282,0,0,62,0.96875,0
5.09693,5,0,0,0.0,37.41818099979355,1.131272000293393,37.45208999998795,0.32084805653710247,283,0,0,62,0.9737903225806451,0
5.13494,5,0,0,0.0,37.980454999797075,1.1122959999738669,38.003750999905606,0.31971830985915495,284,0,0,62,0.9788306451612904,0
5.17238,5,0,0,0.0,37.40868100021544,1.1275250003563997,37.43257599990102,0.3185964912280702,285,0,0,63,0.9682539682539683,0
5.20984,5,0,0,0.0,37.42553800020687,1.134442999955354,37.44810199987114,0.31748251748251743,286,0,0,63,0.9732142857142857,0
5.24661,5,0,0,0.0,36.7449850000412,1.1148969997520908,36.76862700012862,0.3163763066202091,287,0,0,63,0.9781746031746031,0
5.28747,5,0,0,0.0,40.81524499997613,1.1303269998279575,40.85781699996005,0.31527777777777777,288,0,0,65,0.9528846153846153,0
5.32533,5,0,0,0.0,37.81122700002015,1.2043520000588614,37.834995000139315,0.3141868512110727,289,0,0,65,0.9576923076923077,0
5.36277,5,0,0,0.0,37.413169000046764,1.156056000127137,37.43601699989085,0.3131034482758621,290,0,0,66,0.9479166666666666,0
5.39996,5,0,0,0.0,37.16045999999551,1.1160879998897144,37.18216900006155,0.3120274914089347,291,0,0,66,0.9526515151515151,0
5.43737,5,0,0,0.0,37.38392599962026,1.13208399989162,37.404700000024604,0.31095890410958904,292,0,0,66,0.9573863636363636,0
5.47566,5,0,0,0.0,38.26469699970403,1.1637719999271212,38.2882230001087,0.3098976109215017,293,0,0,66,0.9621212121212122,0
5.51363,5,0,0,0.0,37.93650199986587,1.145675999850937,37.97057700012374,0.30884353741496595,294,0,0,66,0.9668560606060606,0
5.58478,6,1,164,33.168391000344855,37.91856999987431,1.654941000197141,71.1336049998863,0.3305084745762712,295,0,0,78,0.9543269230769231,0
5.62322,6,0,0,0.0,38.405290999889985,1.3294570003381523,38.42854899994563,0.3293918918918919,296,0,0,78,0.9591346153846154,0
5.66084,6,0,0,0.0,37.588670999866736,1.3463949999277247,37.6120619998801,0.3282828282828283,297,0,0,78,0.9639423076923077,0
5.69837,6,0,0,0.0,37.50488099967697,1.313451999976678,37.527531999785424,0.32718120805369133,298,0,0,78,0.96875,0
5.73677,6,0,0,0.0,38.36234800019156,1.6768030000093859,38.38933499991981,0.32608695652173914,299,0,0,78,0.9735576923076923,0
5.77455,6,0,0,0.0,37.75281399975938,1.3360090001697245,37.77864099993167,0.32499999999999996,300,0,0,78,0.9783653846153846,0
5.81244,6,0,0,0.0,37.83565899993846,1.330824999968172,37.86170700004732,0.32392026578073085,301,0,0,79,0.9707278481012658,0
5.8504,6,0,0,0.0,37.93182299978071,1.3610350001727056,37.95556100021713,0.32284768211920534,302,0,0,79,0.9754746835443038,0
5.8874,6,0,0,0.0,36.96874099978231,1.3554390002354921,36.99327699996502,0.32178217821782173,303,0,0,79,0.9802215189873418,0
5.92558,6,0,0,0.0,38.14668700033508,1.3605939998342365,38.17469399973561,0.3207236842105263,304,0,0,81,0.9606481481481481,0
5.96402,6,0,0,0.0,38.405521999720804,1.7487139998593193,38.438619000316976,0.319672131147541,305,0,0,61,0.9682377049180327,0
6.00141,5,0,0,0.0,37.34898600032466,1.2798490001841856,37.378934000116715,0.30514705882352944,272,0,0,62,0.9576612903225806,0
6.03883,5,0,0,0.0,37.3895600000651,1.1351610000929213,37.41783400027998,0.30402930402930406,273,0,0,63,0.9474206349206349,0
6.07651,5,0,0,0.0,37.64254900033848,1.1011400001734728,37.667059999876074,0.3029197080291971,274,0,0,63,0.9523809523809523,0
6.11417,5,0,0,0.0,37.630726999850594,1.1152420001963037,37.653699999737,0.30181818181818176,275,0,0,63,0.9573412698412699,0
6.15181,5,0,0,0.0,37.60937600009129,1.1237170001550112,37.63923399992564,0.3007246376811594,276,0,0,63,0.9623015873015873,0
6.18959,5,0,0,0.0,37.7397369998107,1.1153359996569634,37.77083000022685,0.29963898916967513,277,0,0,64,0.9521484375,0
6.22738,5,0,0,0.0,37.75346599968543,1.1259899997639877,37.77961000014329,0.2985611510791367,278,0,0,64,0.95703125,0
6.26421,5,0,0,0.0,36.800733000291075,1.1580400000639202,36.82530200012479,0.29749103942652333,279,0,0,64,0.9619140625,0
6.30507,5,0,0,0.0,40.82139499996629,1.1510180002005654,40.85211299980074,0.2964285714285714,280,0,0,64,0.966796875,0
6.34335,5,0,0,0.0,38.243510000029346,1.178826999876037,38.27198499993756,0.2953736654804271,281,0,0,64,0.9716796875,0
6.38131,5,0,0,0.0,37.9262149999704,1.1724129999493016,37.954449000153545,0.2943262411347518,282,0,0,64,0.9765625,0
6.41929,5,0,0,0.0,37.930594999579625,1.194441999814444,37.96827799988023,0.29328621908127206,283,0,0,55,0.9625,0
6.45706,4,0,0,0.0,37.74059099987426,1.0316940001757757,37.76737999987745,0.25440140845070425,284,0,0,55,0.9670454545454545,0
6.49503,4,0,0,0.0,37.932714999897144,1.0220670001217513,37.964010999985476,0.2535087719298246,285,0,0,55,0.9715909090909091,0
6.53306,4,0,0,0.0,37.98070699986056,1.0158589998354728,38.01232200021332,0.2526223776223776,286,0,0,43,0.9869186046511628,0
6.56916,3,0,0,0.0,36.07156099997155,0.8776770000622491,36.09690599978421,0.21138211382113825,287,0,0,43,0.9912790697674418,0
6.60612,3,0,0,0.0,36.92150200004107,0.8903200000531797,36.95102299980135,0.21064814814814814,288,0,0,44,0.9730113636363636,0
6.64326,3,0,0,0.0,37.10367900021083,0.8991550002974691,37.13498000024629,0.20991926182237597,289,0,0,45,0.9555555555555556,0
6.68025,3,0,0,0.0,36.95760899972811,0.923227999919618,36.98366899971006,0.20919540229885059,290,0,0,45,0.9597222222222223,0
6.71731,3,0,0,0.0,37.00533999972322,0.8959890001278836,37.03018899977906,0.2084765177548683,291,0,0,45,0.9638888888888889,0
6.75427,3,0,0,0.0,36.92629900024258,0.901153999620874,36.95552499993937,0.2077625570776256,292,0,0,45,0.9680555555555556,0
6.7921,3,0,0,0.0,37.796879000325134,0.9144799996647635,37.82881799997995,0.2070534698521047,293,0,0,46,0.9510869565217391,0
6.82933,3,0,0,0.0,37.18970999989324,0.9181199998238299,37.21560399981172,0.2063492063492064,294,0,0,46,0.9551630434782609,0
6.86576,3,0,0,0.0,36.39948000000004,0.9301459999733197,36.42798999999286,0.2056497175141243,295,0,0,46,0.9592391304347826,0
6.90276,3,0,0,0.0,36.95995300040522,0.8898420001060003,36.9867700001123,0.20495495495495497,296,0,0,46,0.9633152173913043,0
6.94017,3,0,0,0.0,37.37598100042305,0.899137000033079,37.404723999770795,0.20426487093153756,297,0,0,46,0.967391304347826,0
6.97745,3,0,0,0.0,37.240473000110796,0.923906000025454,37.26947899986044,0.20357941834451898,298,0,0,46,0.9714673913043478,0
7.01459,3,0,0,0.0,37.10576599996784,0.9282149999307876,37.13005500003419,0.2028985507246377,299,0,0,46,0.9755434782608695,0
7.05149,3,0,0,0.0,36.86500100002377,0.9148460003416403,36.898860999826866,0.2022222222222222,300,0,0,46,0.9796195652173914,0
7.08822,3,0,0,0.0,36.69514000011986,0.9033609999278269,36.720021000292036,0.20155038759689925,301,0,0,46,0.9836956521739131,0
7.12504,3,0,0,0.0,36.78400199987664,0.9058260002348106,36.80650699971011,0.20088300220750555,302,0,0,46,0.9877717391304348,0
7.16107,3,0,0,0.0,36.00464999999531,0.8916030001273612,36.02849299977606,0.20022002200220024,303,0,0,46,0.9918478260869565,0
7.19821,3,0,0,0.0,37.100041000030615,0.9021209998536506,37.12987300013992,0.19956140350877194,304,0,0,47,0.9747340425531915,0
7.23524,3,0,0,0.0,36.995124999975815,0.932507000015903,37.02223500022228,0.19890710382513666,305,0,0,48,0.9583333333333334,0
7.27258,3,0,0,0.0,37.311636000140425,0.9114370000133931,37.33728999986852,0.19825708061002179,306,0,0,48,0.9622395833333334,0
7.31194,3,0,0,0.0,39.31556300040029,0.9743249997882231,39.34427800004414,0.19761129207383277,307,0,0,48,0.9661458333333334,0
7.34913,3,0,0,0.0,37.15546900002664,0.9537240002828185,37.180254999839235,0.19696969696969702,308,0,0,48,0.9700520833333334,0
7.41977,4,1,184,32.93329400003131,37.64351700010593,1.0706799998843053,70.63021799967828,0.24838187702265369,309,0,0,41,0.9496951219512195,0
7.45668,3,0,0,0.0,36.881542000173795,0.7934659997772542,36.907205000261456,0.07703703703703701,225,0,0,41,0.9542682926829268,0
7.49345,3,0,0,0.0,36.74282800011497,0.7966720004333183,36.76716800009672,0.07669616519174038,226,0,0,41,0.9588414634146342,0
7.5304,3,0,0,0.0,36.91659300011452,0.8244759997069195,36.93986500002211,0.07635829662261384,227,0,0,41,0.9634146341463414,0
7.5673,3,0,0,0.0,36.87222600001405,0.8230859998548112,36.89689999964685,0.07602339181286555,228,0,0,41,0.9679878048780488,0
7.60389,3,0,0,0.0,36.56156099987129,0.8349039999302477,36.58601200004341,0.07569141193595341,229,0,0,41,0.9725609756097561,0
7.64066,3,0,0,0.0,36.736152000230504,0.8448779999525868,36.757470999873476,0.07536231884057976,230,0,0,41,0.9771341463414634,0
7.67649,3,0,0,0.0,35.79000799982168,0.8058380003603816,35.82316800020635,0.07503607503607501,231,0,0,41,0.9817073170731707,0
7.71306,3,0,0,0.0,36.5386169996782,0.8265219998975226,36.56483000031585,0.07471264367816088,232,0,0,42,0.9627976190476191,0
7.78385,4,1,242,33.15678199987815,37.5752269997065,0.9535320000395586,70.77594900010808,0.08161157024793386,242,0,0,58,0.9622844827586207,0
7.82174,4,0,0,0.0,37.844745999791485,0.9317849999206373,37.868453000101,0.08127572016460904,243,0,0,58,0.9665948275862069,0
7.85942,4,0,0,0.0,37.64870900022288,0.9673179997662373,37.67261699977098,0.08094262295081966,244,0,0,58,0.9709051724137931,0
7.89722,4,0,0,0.0,37.76784399997268,0.9868659999483498,37.7950619999865,0.08061224489795915,245,0,0,59,0.9586864406779662,0
7.93562,4,0,0,0.0,38.36412000009659,0.9894859999803884,38.38934999976118,0.08028455284552849,246,0,0,59,0.9629237288135594,0
7.97259,4,0,0,0.0,36.9296620001478,0.9828259999267175,36.953252000330394,0.07995951417004044,247,0,0,59,0.9671610169491526,0
8.01,4,0,0,0.0,37.38225999995848,0.9732650000842114,37.40398899981301,0.0796370967741935,248,0,0,59,0.9713983050847458,0
8.04761,4,0,0,0.0,37.576362999971025,0.9589080000296235,37.60023699987869,0.07931726907630521,249,0,0,60,0.959375,0
8.08529,4,0,0,0.0,37.65156500003286,0.960415000008652,37.674183000035555,0.07899999999999996,250,0,0,60,0.9635416666666666,0
8.1238,4,0,0,0.0,38.483089999772346,1.1993810003332328,38.507618000039656,0.07868525896414347,251,0,0,60,0.9677083333333333,0
8.16167,4,0,0,0.0,37.83849799992822,0.9898399998746754,37.86517599974104,0.07837301587301593,252,0,0,60,0.971875,0
8.19909,4,0,0,0.0,37.38398900031825,0.9805230001802556,37.40879299994049,0.07806324110671936,253,0,0,60,0.9760416666666667,0
8.23695,4,0,0,0.0,37.827782000022125,0.9913909998431336,37.84966000011991,0.077755905511811,254,0,0,60,0.9802083333333333,0
8.27482,4,0,0,0.0,37.83401800001229,0.9702940001261595,37.86377400001584,0.07745098039215681,255,0,0,60,0.984375,0
8.3151,4,0,0,0.0,40.24840200008839,1.01180799993017,40.27708099965821,0.0771484375,256,0,0,61,0.9723360655737705,0
8.35286,4,0,0,0.0,37.72542699971382,0.9901560001708276,37.75124000003416,0.0768482490272373,257,0,0,62,0.9606854838709677,0
8.39033,4,0,0,0.0,37.43564099977448,0.9702920001473103,37.45712399995682,0.07655038759689925,258,0,0,62,0.9647177419354839,0
8.42744,4,0,0,0.0,37.084928999775,0.9967700002562196,37.10597300005247,0.07625482625482627,259,0,0,62,0.96875,0
8.46516,4,0,0,0.0,37.69223500012231,0.9975829998438712,37.71232200006125,0.07596153846153841,260,0,0,62,0.9727822580645161,0
8.50254,4,0,0,0.0,37.35060200006046,0.985532999948191,37.37549700008458,0.07567049808429116,261,0,0,63,0.9613095238095238,0
8.53978,4,0,0,0.0,37.215311999716505,1.0284559998581244,37.237263999941206,0.07538167938931295,262,0,0,63,0.9652777777777778,0
8.57579,4,0,0,0.0,35.97621700009768,0.9797389998311701,35.99879900002634,0.07509505703422048,263,0,0,63,0.9692460317460317,0
8.6126,4,0,0,0.0,36.782697000035114,0.9637200000724988,36.80489199996373,0.07481060606060608,264,0,0,63,0.9732142857142857,0
8.65013,4,0,0,0.0,37.48661600002379,0.9970159999284078,37.52391299985902,0.07452830188679249,265,0,0,64,0.9619140625,0
8.71985,5,1,92,32.63806699987981,37.02545500027554,1.1351969997122069,69.71085699979085,0.1902255639097744,266,0,0,53,0.9716981132075472,0
8.7567,4,0,0,0.0,36.82373700030439,0.9361439997519483,36.84832499993718,0.22846441947565543,267,0,0,53,0.9764150943396226,0
8.79367,4,0,0,0.0,36.941138000202045,0.9433629998056858,36.965518000215525,0.2276119402985075,268,0,0,53,0.9811320754716981,0
8.83067,4,0,0,0.0,36.96760600041671,0.9592579999662121,36.98948300007032,0.22676579925650553,269,0,0,53,0.9858490566037735,0
8.86763,4,0,0,0.0,36.91734099993482,0.9481160000177624,36.96468099997219,0.22592592592592597,270,0,0,54,0.9722222222222222,0
8.90384,4,0,0,0.0,36.169633000099566,0.9695059998193756,36.19316599997546,0.22509225092250917,271,0,0,54,0.9768518518518519,0
8.94117,4,0,0,0.0,37.29870699999083,0.9690679999039276,37.32427200020538,0.22426470588235292,272,0,0,55,0.9636363636363636,0
8.97815,4,0,0,0.0,36.95003600023483,0.9930129999702331,36.97694800030149,0.22344322344322343,273,0,0,56,0.9508928571428571,0
9.01501,4,0,0,0.0,36.823520000325516,0.9808670001802966,36.84579499986285,0.22262773722627738,274,0,0,56,0.9553571428571429,0
9.05198,4,0,0,0.0,36.94449100021302,0.9497149999333487,36.96758000023692,0.2218181818181818,275,0,0,56,0.9598214285714286,0
9.0888,4,0,0,0.0,36.789000000226224,0.9578089998285577,36.81168599996454,0.22101449275362317,276,0,0,56,0.9642857142857143,0
9.12572,4,0,0,0.0,36.88413899999432,0.9526040003038361,36.91503299978649,0.22021660649819497,277,0,0,40,0.9546875,0
9.16181,3,0,0,0.0,36.06052799977988,0.7991089996721712,36.08500999962416,0.2673860911270983,278,0,0,40,0.959375,0
9.19743,3,0,0,0.0,35.59449000022141,0.827855999887106,35.61887599971669,0.26642771804062126,279,0,0,40,0.9640625,0
9.23418,3,0,0,0.0,36.71528699987903,0.8680910000293807,36.738708000029874,0.2654761904761904,280,0,0,40,0.96875,0
9.27103,3,0,0,0.0,36.81466799980626,0.8770839999669988,36.84027799999967,0.2645314353499407,281,0,0,40,0.9734375,0
9.31021,3,0,0,0.0,39.15523799969378,0.9343400001853297,39.1827270000249,0.2635933806146572,282,0,0,40,0.978125,0
9.34688,3,0,0,0.0,36.63181000001714,0.8855080000103044,36.65560399986134,0.2626619552414605,283,0,0,40,0.9828125,0
9.38357,3,0,0,0.0,36.65903999990405,0.8353150001312315,36.686809999991965,0.2617370892018779,284,0,0,40,0.9875,0
9.42031,3,0,0,0.0,36.71052899971983,0.8857960001478205,36.73445000003994,0.2608187134502924,285,0,0,40,0.9921875,0
9.45663,3,0,0,0.0,36.27061799988951,0.8731130001251586,36.31769200001145,0.25990675990675993,286,0,0,41,0.9725609756097561,0
9.49214,3,0,0,0.0,35.46851299961418,0.8359929997823201,35.49433100033639,0.2590011614401858,287,0,0,41,0.9771341463414634,0
9.52867,3,0,0,0.0,36.4964819996203,0.8456970003862807,36.521851000088645,0.25810185185185186,288,0,0,42,0.9583333333333334,0
9.56472,3,0,0,0.0,36.019331000261445,0.8465949999845179,36.04401800021151,0.25720876585928487,289,0,0,43,0.940406976744186,0
9.60068,3,0,0,0.0,35.936527000103524,0.8343879999301862,35.95910500007449,0.2563218390804598,290,0,0,43,0.9447674418604651,0
9.63688,3,0,0,0.0,36.16477400009899,0.8410129998992488,36.185795000164944,0.2554410080183276,291,0,0,43,0.9491279069767442,0
9.67294,3,0,0,0.0,36.03914399991481,0.8324539999193803,36.06398000010813,0.25456621004566216,292,0,0,43,0.9534883720930233,0
9.709,3,0,0,0.0,36.03347600028428,0.8478220001961745,36.05522199995903,0.2536973833902162,293,0,0,43,0.9578488372093024,0
9.77884,4,1,213,32.862194000244926,36.92099300042173,0.9797060001801583,69.8256030000266,0.25850340136054417,294,0,0,57,0.9605263157894737,0
9.81501,4,0,0,0.0,36.143838000043615,0.9884679998322099,36.16998600000443,0.25762711864406784,295,0,0,57,0.9649122807017544,0
9.85208,4,0,0,0.0,37.03700200003368,0.9922540002662572,37.059232000046904,0.2567567567567568,296,0,0,57,0.9692982456140351,0
9.88915,4,0,0,0.0,37.03841399965313,0.9968519998437841,37.06141500015292,0.25589225589225584,297,0,0,57,0.9736842105263158,0
9.92658,4,0,0,0.0,37.40204699988681,1.0185500000261527,37.424946000101045,0.25503355704697983,298,0,0,57,0.9780701754385965,0
9.96383,4,0,0,0.0,37.22483000001375,1.0389220001343347,37.2473790002914,0.254180602006689,299,0,0,57,0.9824561403508771,0
10.00081,4,0,0,0.0,36.94839099989622,1.0211240000899124,36.97153899975092,0.2533333333333333,300,0,0,57,0.9868421052631579,0
10.03789,4,0,0,0.0,37.05225299972881,1.002362999770412,37.07237800017538,0.25249169435215946,301,0,0,57,0.9912280701754386,0
10.07492,4,0,0,0.0,36.99590999985958,1.00513300003513,37.02264399998967,0.2516556291390728,302,0,0,58,0.978448275862069,0
10.1111,4,0,0,0.0,36.15950800030987,1.0154599999623315,36.18109599983654,0.25082508250825086,303,0,0,58,0.9827586206896551,0
10.1482,4,0,0,0.0,37.06143099998371,1.0265989999425074,37.08498800006055,0.25,304,0,0,59,0.9703389830508474,0
10.21823,5,1,131,32.35002200017334,37.629342999935034,1.2011899998469744,70.02878699995563,0.3134426229508197,305,0,0,70,0.9392857142857143,0
10.25759,5,0,0,0.0,39.32541999984096,1.1974669996561715,39.3540509999184,0.31241830065359477,306,0,0,70,0.94375,0
10.29994,5,0,0,0.0,42.3142090003239,1.209074000144028,42.34238299977733,0.3114006514657981,307,0,0,70,0.9482142857142857,0
10.33786,5,0,0,0.0,37.88104600016595,1.207248000355321,37.90557899992564,0.31038961038961044,308,0,0,70,0.9526785714285714,0
10.37575,5,0,0,0.0,37.86612099975173,1.1958539998886408,37.892145999649074,0.3093851132686084,309,0,0,70,0.9571428571428572,0
10.41366,5,0,0,0.0,37.85437599981378,1.1979730002167344,37.89745499989294,0.3083870967741935,310,0,0,70,0.9616071428571429,0
10.45083,5,0,0,0.0,37.11810400000104,1.1876919998030644,37.14257499996165,0.307395498392283,311,0,0,70,0.9660714285714286,0
10.48849,5,0,0,0.0,37.63203099970269,1.1991009996563662,37.65715099962108,0.30641025641025643,312,0,0,70,0.9705357142857143,0
10.52617,5,0,0,0.0,37.650530000064464,1.233194000178628,37.67315999994025,0.30543130990415335,313,0,0,70,0.975,0
10.56363,5,0,0,0.0,37.416250000205764,1.2167009999757283,37.46259999979884,0.3044585987261147,314,0,0,70,0.9794642857142857,0
10.60105,5,0,0,0.0,37.379357000190794,1.1994169999525184,37.403555999844684,0.3034920634920635,315,0,0,70,0.9839285714285714,0
10.63851,5,0,0,0.0,37.42454800021733,1.2197119999655115,37.445442999796796,0.3025316455696202,316,0,0,70,0.9883928571428572,0
10.67604,5,0,0,0.0,37.500551999983145,1.2171140001555614,37.526579999848764,0.3015772870662461,317,0,0,70,0.9928571428571429,0
10.71369,5,0,0,0.0,37.605036000059044,1.2325860002420086,37.64450700009547,0.3006289308176101,318,0,0,62,0.9798387096774194,0
10.75044,4,0,0,0.0,36.72152399985862,1.0714209997786384,36.74543499982974,0.2382445141065831,319,0,0,62,0.9838709677419355,0
10.78768,4,0,0,0.0,37.205475000064325,1.086343999759265,37.231249999877036,0.23750000000000004,320,0,0,63,0.9722222222222222,0
10.82485,4,0,0,0.0,37.14285700016262,1.0602920001474558,37.169363999964844,0.23676012461059193,321,0,0,65,0.9461538461538461,0
10.86201,4,0,0,0.0,37.114800000381365,1.0692330001802475,37.14514200009944,0.2360248447204969,322,0,0,47,0.949468085106383,0
10.89833,3,0,0,0.0,36.297470000135945,0.8971679999376647,36.321097999916674,0.26315789473684215,323,0,0,47,0.9534574468085106,0
10.93516,3,0,0,0.0,36.79636800006847,0.9049770001183788,36.817781000081595,0.26234567901234573,324,0,0,47,0.9574468085106383,0
10.97177,3,0,0,0.0,36.575508000169066,0.9188960002575186,36.59962700021424,0.2615384615384615,325,0,0,47,0.961436170212766,0
11.00838,3,0,0,0.0,36.58634200019151,0.8899839999685355,36.61118400032137,0.26073619631901845,326,0,0,47,0.9654255319148937,0
11.0444,3,0,0,0.0,35.984093000024586,0.9202890000779007,36.007305000111955,0.25993883792048933,327,0,0,47,0.9694148936170213,0
11.08109,3,0,0,0.0,36.66107399976681,0.9247500001947628,36.68582399996012,0.25914634146341464,328,0,0,47,0.973404255319149,0
11.11769,3,0,0,0.0,36.56121400035772,0.9042189999490802,36.588101999768696,0.25835866261398177,329,0,0,47,0.9773936170212766,0
11.15497,3,0,0,0.0,37.251609999657376,0.931869999931223,37.277670999628754,0.25757575757575757,330,0,0,47,0.9813829787234043,0
11.19189,3,0,0,0.0,36.888253999677545,0.9219280000252184,36.913863999870955,0.25679758308157097,331,0,0,47,0.9853723404255319,0
11.22859,3,0,0,0.0,36.66239799986215,0.9146830002464412,36.68476299981194,0.25602409638554213,332,0,0,47,0.9893617021276596,0
11.2653,3,0,0,0.0,36.679531000118004,0.9279529999730585,36.705053000332555,0.2552552552552553,333,0,0,47,0.9933510638297872,0
11.30566,3,0,0,0.0,40.30729700025404,0.9313969999311666,40.35468199981551,0.2544910179640718,334,0,0,48,0.9765625,0
11.34186,3,0,0,0.0,36.17212900007871,0.9482709997428174,36.19578099960563,0.25373134328358204,335,0,0,48,0.98046875,0
11.37854,3,0,0,0.0,36.643869999807066,0.9087309999813442,36.66891799957739,0.25297619047619047,336,0,0,49,0.9642857142857143,0
11.41521,3,0,0,0.0,36.63720800022929,0.9306039996772597,36.664022999957524,0.2522255192878339,337,0,0,50,0.94875,0
11.45211,3,0,0,0.0,36.85923799957891,0.9415499998794985,36.891393000132666,0.25147928994082835,338,0,0,28,0.9441964285714286,0
11.48872,2,0,0,0.0,36.579158999757055,0.7515679999414715,36.60400099988692,0.18023255813953487,258,0,0,28,0.9486607142857143,0
11.52508,2,0,0,0.0,36.33503600030963,0.7172559999162331,36.35813499977303,0.1795366795366795,259,0,0,28,0.953125,0
11.56139,2,0,0,0.0,36.281993000102375,0.7311110002774512,36.30317900024238,0.17884615384615388,260,0,0,28,0.9575892857142857,0
11.59757,2,0,0,0.0,36.151071000404045,0.7206520003819605,36.1744740002905,0.17816091954022983,261,0,0,28,0.9620535714285714,0
11.63388,2,0,0,0.0,36.281156000313786,0.7387059999928169,36.30344400016838,0.1774809160305344,262,0,0,28,0.9665178571428571,0
11.66937,2,0,0,0.0,35.45950400030051,0.730799999928422,35.484522999922774,0.17680608365019013,263,0,0,28,0.9709821428571429,0
11.70582,2,0,0,0.0,36.41520900009709,0.754060999952344,36.44064299987804,0.17613636363636365,264,0,0,28,0.9754464285714286,0
11.74231,2,0,0,0.0,36.45853299985902,0.7338300001720199,36.48076299987224,0.1754716981132075,265,0,0,28,0.9799107142857143,0
11.7788,2,0,0,0.0,36.455215999922075,0.7850949996281997,36.47842000009405,0.17481203007518797,266,0,0,28,0.984375,0
11.81519,2,0,0,0.0,36.36563699956241,0.7306560000870377,36.38973299985082,0.1741573033707865,267,0,0,28,0.9888392857142857,0
11.85178,2,0,0,0.0,36.5468269997109,0.7558770003015525,36.57901399992625,0.17350746268656714,268,0,0,11,1.0,0
11.88461,1,0,0,0.0,32.80098799996267,0.6363390002661617,32.831730999987485,0.0,176,0,0,12,0.921875,0
11.91712,1,0,0,0.0,32.44061599980341,0.5960339999546704,32.46419000015521,0.0,177,0,0,12,0.9270833333333334,0
11.94972,1,0,0,0.0,32.577041999957146,0.6393879998540797,32.598220000181755,0.0,178,0,0,12,0.9322916666666666,0
11.98213,1,0,0,0.0,32.379267000123946,0.6151279999357939,32.40212700029588,0.0,179,0,0,12,0.9375,0
12.01467,1,0,0,0.0,32.50658900014969,0.6637989999944693,32.53036699970835,0.0,180,0,0,12,0.9427083333333334,0
12.04718,1,0,0,0.0,32.4786020000829,0.6048820000614796,32.49900099990555,0.0,181,0,0,12,0.9479166666666666,0
12.07976,1,0,0,0.0,32.55145599996467,0.6384489997799392,32.575775000168505,0.0,182,0,0,12,0.953125,0
12.11234,1,0,0,0.0,32.558017000155814,0.6328399999802059,32.58172599998943,0.0,183,0,0,12,0.9583333333333334,0
12.14547,1,0,0,0.0,33.09132300000783,0.6563189999724273,33.11383799973555,0.0,184,0,0,12,0.9635416666666666,0
12.17814,1,0,0,0.0,32.64727899977515,0.6644949999099481,32.6678780002112,0.0,185,0,0,12,0.96875,0
12.21227,1,0,0,0.0,34.10234699958892,0.6343869999909657,34.12423800000397,0.0,186,0,0,12,0.9739583333333334,0
12.24571,1,0,0,0.0,33.40631499986557,0.6758710001122381,33.42684399967766,0.0,187,0,0,12,0.9791666666666666,0
12.28113,1,0,0,0.0,35.39334199967925,0.624705000063841,35.41791199995714,0.0,188,0,0,12,0.984375,0
12.31599,1,0,0,0.0,34.82766399974935,0.7582840003124147,34.85110400015401,0.0,189,0,0,12,0.9895833333333334,0
12.34945,1,0,0,0.0,33.43249899990042,0.6552709996867634,33.45437899997705,0.0,190,0,0,12,0.9947916666666666,0
12.38327,1,0,0,0.0,33.792181000080745,0.6552169998030877,33.81413099987185,0.0,191,0,0,12,1.0,0
12.41652,1,0,0,0.0,33.219068000107654,0.6637520000367658,33.24419399996259,0.0,192,0,0,13,0.9278846153846154,0
12.45101,1,0,0,0.0,34.458488000382204,0.6471920000876707,34.48377899985644,0.0,193,0,0,13,0.9326923076923077,0
12.486,1,0,0,0.0,34.955076000187546,0.7126519999474112,34.981429999788816,0.0,194,0,0,13,0.9375,0
12.51997,1,0,0,0.0,33.93706099996052,0.6875039998703869,33.96210799974142,0.0,195,0,0,13,0.9423076923076923,0
12.55292,1,0,0,0.0,32.90640400018674,0.6756889997632243,32.92991099988285,0.0,196,0,0,13,0.9471153846153846,0
12.58573,1,0,0,0.0,32.7803150003092,0.6448140002248692,32.805449000079534,0.0,197,0,0,13,0.9519230769230769,0
12.61857,1,0,0,0.0,32.8056389998892,0.6536820001201704,32.83161400031531,0.0,198,0,0,13,0.9567307692307693,0
12.65155,1,0,0,0.0,32.94653800003289,0.6652999995822029,32.9695460000039,0.0,199,0,0,13,0.9615384615384616,0
12.6845,1,0,0,0.0,32.91902699993443,0.6670140001006075,32.95350200005487,0.0,200,0,0,13,0.9663461538461539,0
12.71704,1,0,0,0.0,32.50038799978938,0.6600769997930911,32.52422800005661,0.0,201,0,0,13,0.9711538461538461,0
12.74975,1,0,0,0.0,32.681817000138835,0.6532830002470291,32.704091999676166,0.0,202,0,0,13,0.9759615384615384,0
12.78356,1,0,0,0.0,33.779408000100375,0.6359949998113734,33.80304199981765,0.0,203,0,0,13,0.9807692307692307,0
12.8159,1,0,0,0.0,32.3103139999148,0.6733440000061819,32.33278800007611,0.0,204,0,0,13,0.9855769230769231,0
12.8493,1,0,0,0.0,33.37014399994587,0.6310869998742419,33.39116899996952,0.0,205,0,0,13,0.9903846153846154,0
12.8822,1,0,0,0.0,32.869265000044834,0.6596729999728268,32.890195999698335,0.0,206,0,0,13,0.9951923076923077,0
12.9156,1,0,0,0.0,33.37454499978776,1.11408200018559,33.39681399984329,0.0,207,0,0,13,1.0,0
12.94816,1,0,0,0.0,32.530301999941,0.637541000287456,32.55371800014473,0.0,208,0,0,14,0.9330357142857143,0
13.01699,2,1,184,32.58134199995766,36.19692800020857,0.6875290000607492,68.82028100017124,0.05980861244019142,209,0,0,26,0.9495192307692307,0
13.05339,2,0,0,0.0,36.37194700013424,0.7027720002952265,36.39169099960782,0.059523809523809534,210,0,0,26,0.9543269230769231,0
13.08939,2,0,0,0.0,35.969200000181445,0.710633000380767,35.99145499993028,0.05924170616113744,211,0,0,26,0.9591346153846154,0
13.12563,2,0,0,0.0,36.21604899990416,0.7104679998519714,36.25038000018321,0.05896226415094341,212,0,0,26,0.9639423076923077,0
13.16188,2,0,0,0.0,36.201960000198596,0.695227999585768,36.22969700018075,0.05868544600938963,213,0,0,12,0.984375,0
13.19396,1,0,0,0.0,32.04921099995772,0.6243840002753132,32.06873299996005,0.0,189,0,0,12,0.9895833333333334,0
13.22636,1,0,0,0.0,32.38177900038863,0.6018540002514783,32.40248600013729,0.0,190,0,0,12,0.9947916666666666,0
13.25866,1,0,0,0.0,32.26702399979331,0.6296589999692515,32.285107000006974,0.0,191,0,0,12,1.0,0
13.29485,1,0,0,0.0,36.16514199984522,0.6010410002090794,36.189011999795184,0.0,192,0,0,13,0.9278846153846154,0
13.32726,1,0,0,0.0,32.382179999785876,0.613982000231772,32.40250399994693,0.0,193,0,0,13,0.9326923076923077,0
13.35975,1,0,0,0.0,32.457067999985156,0.6326760003503296,32.478397999966546,0.0,194,0,0,13,0.9375,0
13.39214,1,0,0,0.0,32.365957999900274,0.623170999915601,32.38683299969125,0.0,195,0,0,13,0.9423076923076923,0
13.42458,1,0,0,0.0,32.40674900007434,0.6185509996612382,32.42934900026739,0.0,196,0,0,13,0.9471153846153846,0
13.45724,1,0,0,0.0,32.62529099993117,0.6418349998966733,32.64532000002873,0.0,197,0,0,13,0.9519230769230769,0
13.48974,1,0,0,0.0,32.478121999702125,0.6414690001292911,32.50247300002229,0.0,198,0,0,13,0.9567307692307693,0
13.52236,1,0,0,0.0,32.58659399989483,0.6341789999169123,32.6096939998024,0.0,199,0,0,13,0.9615384615384616,0
13.55503,1,0,0,0.0,32.63677400036613,0.7036019997030962,32.655850000082864,0.0,200,0,0,13,0.9663461538461539,0
13.58755,1,0,0,0.0,32.49370100002125,0.6192199998622527,32.51697099994999,0.0,201,0,0,13,0.9711538461538461,0
13.61987,1,0,0,0.0,32.28671899978508,0.6378269999913755,32.31645000005301,0.0,202,0,0,13,0.9759615384615384,0
13.6526,1,0,0,0.0,32.699216000310116,0.6073509998714144,32.71815299967784,0.0,203,0,0,13,0.9807692307692307,0
13.6849,1,0,0,0.0,32.27552699991065,0.6284930000219902,32.29754999983925,0.0,204,0,0,13,0.9855769230769231,0
13.71792,1,0,0,0.0,32.99323300007018,0.6201409996720031,33.01793300033751,0.0,205,0,0,13,0.9903846153846154,0
13.7516,1,0,0,0.0,33.64756400014812,0.6296060000750003,33.671691000108694,0.0,206,0,0,13,0.9951923076923077,0
13.78404,1,0,0,0.0,32.40638199986279,0.6534959998134582,32.42919200010874,0.0,207,0,0,13,1.0,0
13.81658,1,0,0,0.0,32.50886100022399,0.6596960001843399,32.536800999878324,0.0,208,0,0,14,0.9330357142857143,0
13.85037,1,0,0,0.0,33.75858399977005,0.6675659997199546,33.78154700021696,0.0,209,0,0,14,0.9375,0
13.88365,1,0,0,0.0,33.23476000014125,0.6935229998816794,33.26991700032522,0.0,210,0,0,14,0.9419642857142857,0
13.91685,1,0,0,0.0,33.17783200009217,0.6402320000233885,33.20273700001053,0.0,211,0,0,14,0.9464285714285714,0
13.95035,1,0,0,0.0,33.46698599989395,0.6607519999306533,33.4874260001925,0.0,212,0,0,14,0.9508928571428571,0
13.98353,1,0,0,0.0,33.144802000151685,0.6756540001333633,33.17665000031411,0.0,213,0,0,14,0.9553571428571429,0
14.01667,1,0,0,0.0,33.107812000253034,0.6674109999948996,33.13102699985393,0.0,214,0,0,14,0.9598214285714286,0
14.05006,1,0,0,0.0,33.359548000134964,0.6362959998114093,33.38353599974653,0.0,215,0,0,14,0.9642857142857143,0
14.08343,1,0,0,0.0,33.33395499976177,0.687332999859791,33.35897999977533,0.0,216,0,0,14,0.96875,0
14.11668,1,0,0,0.0,33.22491200015065,0.6832069998381485,33.24905299996317,0.0,217,0,0,14,0.9732142857142857,0
14.15002,1,0,0,0.0,33.299321999948006,0.6486040001618676,33.32118900016212,0.0,218,0,0,14,0.9776785714285714,0
14.18292,1,0,0,0.0,32.88004899968655,0.6667200000265439,32.902992000344966,0.0,219,0,0,14,0.9821428571428571,0
14.21606,1,0,0,0.0,33.10095899996668,0.6435200002670172,33.123172000159684,0.0,220,0,0,14,0.9866071428571429,0
14.24944,1,0,0,0.0,33.35328799994386,0.6574389999514096,33.37310500000967,0.0,221,0,0,14,0.9910714285714286,0
14.28567,1,0,0,0.0,36.204027000167116,0.6670519996987423,36.22681700016983,0.0,222,0,0,14,0.9955357142857143,0
14.31879,1,0,0,0.0,33.093545000156155,0.6551899996338761,33.11542300025394,0.0,223,0,0,14,1.0,0
14.35198,1,0,0,0.0,33.150946000205295,0.6204629999047029,33.17405899997539,0.0,224,0,0,15,0.9375,0
14.38493,1,0,0,0.0,32.931035999808955,0.6488429999080836,32.953189999716415,0.0,225,0,0,15,0.9416666666666667,0
14.41777,1,0,0,0.0,32.81320799987952,0.6383509999068337,32.835169000009046,0.0,226,0,0,15,0.9458333333333333,0
14.45079,1,0,0,0.0,32.983706000322854,0.6150219996925443,33.00292599988097,0.0,227,0,0,15,0.95,0
14.48377,1,0,0,0.0,32.96214400006647,0.6264509997890855,32.9831839999315,0.0,228,0,0,15,0.9541666666666667,0
14.51676,1,0,0,0.0,32.958436999706464,0.6266049999794632,32.98289099984686,0.0,229,0,0,15,0.9583333333333334,0
14.55,1,0,0,0.0,33.20384600010584,0.6581479997294082,33.223392000309104,0.0,230,0,0,15,0.9625,0
14.58284,1,0,0,0.0,32.81587200035574,0.660572000015236,32.83633299997746,0.0,231,0,0,15,0.9666666666666667,0
14.65324,2,1,238,33.44924099974378,36.91123899989179,0.73492499996064,70.39818800012654,0.012605042016806678,238,0,0,30,0.9833333333333333,0
14.68909,2,0,0,0.0,35.81902699988859,0.7358859998021217,35.84098500004984,0.012552301255230103,239,0,0,30,0.9875,0
14.72579,2,0,0,0.0,36.6674349997993,0.721282000085921,36.69197299996085,0.012499999999999956,240,0,0,31,0.9596774193548387,0
14.76266,2,0,0,0.0,36.84065900006317,0.6985079999139998,36.865621999822906,0.012448132780082943,241,0,0,31,0.9637096774193549,0
14.79956,2,0,0,0.0,36.87063000006674,0.7512590000260388,36.89213699999527,0.012396694214875992,242,0,0,31,0.967741935483871,0
14.8364,2,0,0,0.0,36.805954999636015,0.7309669999813195,36.82715500008271,0.012345679012345734,243,0,0,31,0.9717741935483871,0
14.87336,2,0,0,0.0,36.93324699997902,0.7537039996350359,36.957018000066455,0.012295081967213073,244,0,0,31,0.9758064516129032,0
14.90998,2,0,0,0.0,36.589685000308236,0.7517690000895527,36.614202999771805,0.01224489795918371,245,0,0,31,0.9798387096774194,0
14.9469,2,0,0,0.0,36.88930499993148,0.7427629998346674,36.912349999965954,0.012195121951219523,246,0,0,32,0.953125,0
14.9829,2,0,0,0.0,35.971093000171095,0.7505429998673208,35.99542699976155,0.012145748987854255,247,0,0,32,0.95703125,0
15.01952,2,0,0,0.0,36.59316699986448,0.7693679999647429,36.61561100034305,0.012096774193548376,248,0,0,32,0.9609375,0
15.05626,2,0,0,0.0,36.70912899997347,0.741887999993196,36.73059499988085,0.012048192771084376,249,0,0,32,0.96484375,0
15.0932,2,0,0,0.0,36.89525399977356,0.7320049999179901,36.920904999988124,0.01200000000000001,250,0,0,32,0.96875,0
15.13006,2,0,0,0.0,36.83483699978751,0.7850960000723717,36.85894099999132,0.01195219123505975,251,0,0,32,0.97265625,0
15.16699,2,0,0,0.0,36.898298999858525,0.7583990000057383,36.91904400011481,0.011904761904761862,252,0,0,32,0.9765625,0
15.20368,2,0,0,0.0,36.65389499974481,0.7437839999511198,36.6755310001281,0.011857707509881465,253,0,0,32,0.98046875,0
15.24049,2,0,0,0.0,36.78543099977105,0.7257709999066719,36.80723000024955,0.011811023622047223,254,0,0,32,0.984375,0
15.27777,2,0,0,0.0,37.25072799988993,0.7651209998584818,37.27401799960717,0.0117647058823529,255,0,0,32,0.98828125,0
15.31606,2,0,0,0.0,38.26020699989385,0.9079070000552747,38.289921000341565,0.01171875,256,0,0,33,0.9621212121212122,0
15.35285,2,0,0,0.0,36.75576599971464,0.7643879998795455,36.77730600020368,0.011673151750972721,257,0,0,33,0.9659090909090909,0
15.3894,2,0,0,0.0,36.518153000088205,0.768889000028139,36.54234000032375,0.011627906976744207,258,0,0,33,0.9696969696969697,0
15.42621,2,0,0,0.0,36.78489999992962,0.7753549998597009,36.81101400025,0.01158301158301156,259,0,0,33,0.9734848484848485,0
15.46303,2,0,0,0.0,36.77867000033075,0.7827560002624523,36.800951000259374,0.011538461538461497,260,0,0,33,0.9772727272727273,0
15.49977,2,0,0,0.0,36.71029999986786,0.7609440003761847,36.736163000114175,0.011494252873563204,261,0,0,33,0.9810606060606061,0
15.53656,2,0,0,0.0,36.756162000074255,0.7603230001222983,36.78486499984501,0.011450381679389277,262,0,0,34,0.9558823529411765,0
15.57244,2,0,0,0.0,35.852406000230985,0.7611910000377975,35.875570000371226,0.011406844106463865,263,0,0,34,0.9595588235294118,0
15.60889,2,0,0,0.0,36.41335699967385,0.7662630000595527,36.43544099986684,0.011363636363636354,264,0,0,34,0.9632352941176471,0
15.64543,2,0,0,0.0,36.51287100001355,0.7653029997527483,36.5340120001747,0.01132075471698113,265,0,0,34,0.9669117647058824,0
15.6821,2,0,0,0.0,36.64836899997681,0.7619660000273143,36.67080500008524,0.011278195488721776,266,0,0,34,0.9705882352941176,0
15.71944,2,0,0,0.0,37.30789700011883,1.189263000014762,37.33095100005812,0.011235955056179803,267,0,0,34,0.9742647058823529,0
15.75628,2,0,0,0.0,36.810093999974924,0.7557939998150687,36.830330999691796,0.011194029850746245,268,0,0,34,0.9779411764705882,0
15.79353,2,0,0,0.0,37.228976000278635,0.7737969999652705,37.25092400009089,0.01115241635687736,269,0,0,34,0.9816176470588235,0
15.83082,2,0,0,0.0,37.25329799999599,0.7532760000685812,37.2771840002315,0.011111111111111072,270,0,0,34,0.9852941176470589,0
15.86638,2,0,0,0.0,35.535377000087465,0.7529869999416405,35.55567300008988,0.011070110701106972,271,0,0,34,0.9889705882352942,0
15.90222,2,0,0,0.0,35.80817300007766,0.7493539997085463,35.832778999974835,0.011029411764705843,272,0,0,35,0.9642857142857143,0
15.93818,2,0,0,0.0,35.93509600023026,0.7995020000635122,35.95786899995801,0.01098901098901095,273,0,0,35,0.9678571428571429,0
15.97419,2,0,0,0.0,35.98083699989729,0.7757230000606796,36.00214700009019,0.010948905109489093,274,0,0,35,0.9714285714285714,0
16.00997,2,0,0,0.0,35.750657000335195,0.7586259998788591,35.77267899981962,0.010909090909090868,275,0,0,35,0.975,0
16.04596,2,0,0,0.0,35.95740300033867,0.7460719998562126,35.978051999791205,0.010869565217391353,276,0,0,35,0.9785714285714285,0
16.08162,2,0,0,0.0,35.63892300007865,0.7503249998990213,35.659567000038805,0.010830324909747335,277,0,0,35,0.9821428571428571,0
16.11754,2,0,0,0.0,35.874181000053795,0.7172499999796855,35.90250599972933,0.010791366906474864,278,0,0,36,0.9583333333333334,0
16.15301,2,0,0,0.0,35.43842899989613,0.762269999995624,35.45987600000444,0.010752688172043001,279,0,0,36,0.9618055555555556,0
16.18898,2,0,0,0.0,35.937619999913295,0.7607140000800428,35.96046800021213,0.010714285714285676,280,0,0,36,0.9652777777777778,0
16.22493,2,0,0,0.0,35.92316200001733,0.7606090002809651,35.946044999946025,0.010676156583629859,281,0,0,36,0.96875,0
16.26089,2,0,0,0.0,35.93349799984935,0.7479089999833377,35.95538599984138,0.010638297872340385,282,0,0,36,0.9722222222222222,0
16.30023,2,0,0,0.0,39.30495400027212,0.7815079998181318,39.329927999915526,0.010600706713780883,283,0,0,36,0.9756944444444444,0
16.33707,2,0,0,0.0,36.80541199992149,0.7742799998595729,36.831290000009176,0.010563380281690127,284,0,0,36,0.9791666666666666,0
16.37351,2,0,0,0.0,36.403334999704384,0.7868520001466095,36.430846999792266,0.010526315789473717,285,0,0,36,0.9826388888888888,0
16.40943,2,0,0,0.0,35.892113000045356,0.7422019998557516,35.91358699986813,0.010489510489510523,286,0,0,36,0.9861111111111112,0
16.44479,2,0,0,0.0,35.3405500000008,0.7578229997307062,35.36099000029935,0.010452961672473893,287,0,0,36,0.9895833333333334,0
16.48077,2,0,0,0.0,35.93970000019908,0.7668020002711273,35.96746300036102,0.01041666666666663,288,0,0,37,0.9662162162162162,0
16.51804,2,0,0,0.0,37.23168999977133,0.7597980002174154,37.263366999923164,0.01038062283737029,289,0,0,19,0.9539473684210527,0
16.55177,1,0,0,0.0,33.69791300019642,0.6884549998176226,33.71970499983945,0.0,290,0,0,19,0.9572368421052632,0
16.58468,1,0,0,0.0,32.887663999645156,0.696611999956076,32.91227900035665,0.0,291,0,0,19,0.9605263157894737,0
16.61712,1,0,0,0.0,32.40989300002184,0.6833930001448607,32.43455099982384,0.0,292,0,0,19,0.9638157894736842,0
16.64952,1,0,0,0.0,32.354713000131596,0.689754000177345,32.38450900016687,0.0,293,0,0,19,0.9671052631578947,0
16.68168,1,0,0,0.0,32.13013399999909,0.6748880000486679,32.15274100011811,0.0,294,0,0,19,0.9703947368421053,0
16.71379,1,0,0,0.0,32.08387000040602,0.6373689998326881,32.10762499975317,0.0,295,0,0,19,0.9736842105263158,0
16.74593,1,0,0,0.0,32.1138230001452,0.6309460000011313,32.133414999862,0.0,296,0,0,19,0.9769736842105263,0
16.77809,1,0,0,0.0,32.12864399984028,0.6411529998331389,32.14854899988495,0.0,297,0,0,19,0.9802631578947368,0
16.81014,1,0,0,0.0,32.02988000020923,0.6667350003226602,32.05063300038091,0.0,298,0,0,19,0.9835526315789473,0
16.84295,1,0,0,0.0,32.78408000005584,0.6579300002158561,32.80432999963523,0.0,299,0,0,19,0.9868421052631579,0
16.87533,1,0,0,0.0,32.34914399990885,0.6699819996356382,32.36967500015453,0.0,300,0,0,19,0.9901315789473685,0
16.90775,1,0,0,0.0,32.39211299978706,0.6613720001951151,32.41317700030777,0.0,301,0,0,19,0.993421052631579,0
16.94019,1,0,0,0.0,32.41524800023399,0.6487450000349781,32.43647299996155,0.0,302,0,0,19,0.9967105263157895,0
16.97275,1,0,0,0.0,32.52681699996174,0.6822210002610518,32.545511000080296,0.0,303,0,0,19,1.0,0
17.00512,1,0,0,0.0,32.3496759997397,0.6367780001710344,32.371638000313396,0.0,304,0,0,20,0.953125,0
17.0375,1,0,0,0.0,32.35373299958155,0.6719560001329228,32.37285500017606,0.0,305,0,0,20,0.95625,0
17.06999,1,0,0,0.0,32.451321000280586,0.6533859996125102,32.47828899975502,0.0,306,0,0,20,0.959375,0
17.10236,1,0,0,0.0,32.350554000004195,0.6532570000672422,32.37046999993254,0.0,307,0,0,20,0.9625,0
17.13483,1,0,0,0.0,32.44272200026899,0.7026879998193181,32.464436999816826,0.0,308,0,0,20,0.965625,0
17.16806,1,0,0,0.0,33.20176499983063,0.6748279997736972,33.22126800003389,0.0,309,0,0,20,0.96875,0
17.20149,1,0,0,0.0,33.40651899998193,0.6888049997542112,33.4266380000372,0.0,310,0,0,20,0.971875,0
17.23436,1,0,0,0.0,32.84327200026382,0.675633999890124,32.86255100010749,0.0,311,0,0,20,0.975,0
17.2674,1,0,0,0.0,33.00363300013487,0.6941980000192416,33.025394000105734,0.0,312,0,0,20,0.978125,0
17.30426,1,0,0,0.0,36.83456600037971,0.7645310001862526,36.85639900004389,0.0,313,0,0,20,0.98125,0
17.33708,1,0,0,0.0,32.79841099993064,0.695830000040587,32.820721000007325,0.0,314,0,0,20,0.984375,0
17.37016,1,0,0,0.0,33.053311000003305,0.6853830000181915,33.07254699984696,0.0,315,0,0,20,0.9875,0
17.40274,1,0,0,0.0,32.54358300000604,0.6748790001438465,32.56493099979707,0.0,316,0,0,20,0.990625,0
17.43495,1,0,0,0.0,32.18866099996376,0.6470299999818963,32.20978200033642,0.0,317,0,0,20,0.99375,0
17.50372,2,1,125,32.359524999719724,36.365480000313255,0.744064000173239,68.76798799976314,0.30345911949685533,318,0,0,28,0.9933035714285714,0
17.57135,3,1,74,32.06883499979085,35.50912800028527,0.828438999633363,67.61788999983764,0.457680250783699,319,0,0,33,0.9886363636363636,0
17.60768,3,0,0,0.0,36.291612000241,0.8610940003563883,36.32018399957815,0.45625000000000004,320,0,0,34,0.9650735294117647,0
17.64401,3,0,0,0.0,36.28990300012447,0.8483299998260918,36.32216100004371,0.4548286604361371,321,0,0,35,0.9428571428571428,0
17.71376,4,1,92,32.550738000281854,37.14651399968716,1.0027620000983006,69.74174100014352,0.5186335403726707,322,0,0,41,0.9512195121951219,0
17.7508,4,0,0,0.0,37.01354100030585,0.9615540002414491,37.03670499999134,0.5170278637770898,323,0,0,41,0.9573170731707317,0
17.82019,5,1,75,32.06864699996004,37.2726989999137,1.0957710001093801,69.38471900002696,0.5660493827160493,324,0,0,46,0.9619565217391305,0
17.85803,5,0,0,0.0,37.796465999690554,1.155111999651126,37.82381299970439,0.5643076923076923,325,0,0,47,0.9481382978723404,0
17.89565,5,0,0,0.0,37.57104899978003,1.1274590001448814,37.615467999785324,0.5625766871165645,326,0,0,48,0.9348958333333334,0
17.93268,5,0,0,0.0,36.995856999965326,1.1319660002300225,37.02186000009533,0.5608562691131498,327,0,0,48,0.94140625,0
17.97043,5,0,0,0.0,37.722366000252805,1.1431109996919986,37.748207000277034,0.5591463414634146,328,0,0,48,0.9479166666666666,0
18.00833,5,0,0,0.0,37.86164399980407,1.1793979997491988,37.89027399989209,0.5574468085106383,329,0,0,49,0.9349489795918368,0
18.04612,5,0,0,0.0,37.757840000267606,1.1666880000120727,37.78285899988987,0.5557575757575758,330,0,0,49,0.9413265306122449,0
18.08367,5,0,0,0.0,37.52139099970009,1.1545230004230689,37.548786999650474,0.5540785498489427,331,0,0,49,0.9477040816326531,0
18.12127,5,0,0,0.0,37.56059000033929,1.136510000378621,37.58799300021565,0.5524096385542169,332,0,0,49,0.9540816326530612,0
18.1598,5,0,0,0.0,38.49863099958384,1.163933000043471,38.52302699988286,0.5507507507507508,333,0,0,49,0.9604591836734694,0
18.19719,5,0,0,0.0,37.35613500020918,1.158576000307221,37.37995999972554,0.5491017964071856,334,0,0,49,0.9668367346938775,0
18.23367,5,0,0,0.0,36.44925000025978,1.1621520002336183,36.47534899982929,0.5474626865671641,335,0,0,49,0.9732142857142857,0
18.27124,5,0,0,0.0,37.530607000007876,1.1297029996057972,37.56006100002196,0.5458333333333334,336,0,0,50,0.96,0
18.31091,5,0,0,0.0,39.63656700034335,1.2172939996162313,39.663607999955275,0.5442136498516321,337,0,0,51,0.9473039215686274,0
18.34929,5,0,0,0.0,38.35754400006408,1.1324749998493644,38.37999699999273,0.5426035502958579,338,0,0,51,0.9534313725490197,0
18.42152,6,1,98,33.55819599983079,38.61890300004234,1.6607269999440177,72.22104800030138,0.5693215339233038,339,0,0,58,0.9504310344827587,0
18.45921,6,0,0,0.0,37.659370000255876,1.3049989997853118,37.68297100032214,0.5676470588235294,340,0,0,58,0.9568965517241379,0
18.4971,6,0,0,0.0,37.853407000056905,1.3096090001454286,37.883885000155715,0.565982404692082,341,0,0,59,0.9470338983050848,0
18.53541,6,0,0,0.0,38.276587999916956,1.6972359999272157,38.306548000036855,0.564327485380117,342,0,0,60,0.9375,0
18.57236,6,0,0,0.0,36.90757399999711,1.343466999969678,36.93073099975663,0.5626822157434402,343,0,0,60,0.94375,0
18.61001,6,0,0,0.0,37.624341000082495,1.3295700000526267,37.6475829998526,0.561046511627907,344,0,0,60,0.95,0
18.64807,6,0,0,0.0,38.02752000001419,1.3041229999544157,38.05397099995389,0.5594202898550724,345,0,0,61,0.9405737704918032,0
18.68586,6,0,0,0.0,37.761796999802755,1.3525039998967259,37.78640299969993,0.5578034682080926,346,0,0,61,0.9467213114754098,0
18.7235,6,0,0,0.0,37.59347699997306,1.3069400001768372,37.62619500002984,0.5561959654178674,347,0,0,61,0.9528688524590164,0
18.7616,6,0,0,0.0,38.075557999945886,1.6625260000182607,38.098422000075516,0.5545977011494253,348,0,0,61,0.9590163934426229,0
18.79929,6,0,0,0.0,37.656906000393064,1.3227190001998679,37.68001500020546,0.5530085959885387,349,0,0,61,0.9651639344262295,0
18.83697,6,0,0,0.0,37.651718000233814,1.345638000202598,37.677883000014845,0.5514285714285714,350,0,0,61,0.9713114754098361,0
18.87398,6,0,0,0.0,36.98496399965734,1.3318820001586573,37.00638500004061,0.5498575498575499,351,0,0,61,0.9774590163934426,0
18.91175,6,0,0,0.0,37.73124500003178,1.3252779999675113,37.758593000035034,0.5482954545454546,352,0,0,62,0.967741935483871,0
18.94956,6,0,0,0.0,37.77884500004802,1.337141000021802,37.805349999871396,0.546742209631728,353,0,0,64,0.943359375,0
18.98783,6,0,0,0.0,38.23989300008179,1.6814989999147656,38.266451000254165,0.5451977401129944,354,0,0,64,0.94921875,0
19.02563,6,0,0,0.0,37.76494400017327,1.3424389999272535,37.80297899993457,0.5436619718309859,355,0,0,64,0.955078125,0
19.06347,6,0,0,0.0,37.79282100003911,1.342634000138787,37.814849999904254,0.5421348314606742,356,0,0,64,0.9609375,0
19.101,6,0,0,0.0,37.48753599984411,1.347974000054819,37.52364199999647,0.5406162464985995,357,0,0,65,0.9519230769230769,0
19.13877,6,0,0,0.0,37.73396999986289,1.3559320000240405,37.76926699993055,0.5391061452513967,358,0,0,43,0.9258720930232558,0
19.17621,5,0,0,0.0,37.40839400006735,0.8492659999319585,37.43119699993258,0.23253012048192767,166,0,0,43,0.9331395348837209,0
19.21301,5,0,0,0.0,36.76735499993811,0.9034800000335963,36.79097899976114,0.2311377245508982,167,0,0,43,0.940406976744186,0
19.25021,5,0,0,0.0,37.174221999976,0.8655100000396487,37.19911799998954,0.22976190476190472,168,0,0,44,0.9261363636363636,0
19.29084,5,0,0,0.0,40.59608199986542,0.8850359999996726,40.6213849996675,0.22840236686390536,169,0,0,44,0.9332386363636364,0
19.32836,5,0,0,0.0,37.48792399983358,0.88193700003103,37.51301100010096,0.22705882352941176,170,0,0,44,0.9403409090909091,0
19.36586,5,0,0,0.0,37.46815400018022,0.8957620002547628,37.49057000004541,0.22573099415204678,171,0,0,44,0.9474431818181818,0
19.40313,5,0,0,0.0,37.241881000227295,0.8585160003349301,37.2644300000502,0.2244186046511628,172,0,0,44,0.9545454545454546,0
19.44044,5,0,0,0.0,37.28437199970358,0.8964899998318288,37.30696499997066,0.22312138728323705,173,0,0,44,0.9616477272727273,0
19.47779,5,0,0,0.0,37.319579999802954,0.8914019999792799,37.340854999911244,0.22183908045977008,174,0,0,44,0.96875,0
19.5144,5,0,0,0.0,36.58346099973642,0.878221999755624,36.60703099967577,0.22057142857142853,175,0,0,44,0.9758522727272727,0
19.55209,5,0,0,0.0,37.657290999959514,0.9165679998659471,37.68317599997317,0.21931818181818186,176,0,0,46,0.9402173913043478,0
19.58956,5,0,0,0.0,37.418867999804206,0.8887240001058672,37.451689999670634,0.2180790960451977,177,0,0,34,0.9540441176470589,0
19.6268,4,0,0,0.0,37.205918000381644,0.7833419999769831,37.229962999845156,0.07978723404255317,141,0,0,34,0.9613970588235294,0
19.66419,4,0,0,0.0,37.35504199994466,0.7684269999117532,37.378045999957976,0.079225352112676,142,0,0,34,0.96875,0
19.70067,4,0,0,0.0,36.44439000026978,0.8060059999479563,36.471148999680736,0.07867132867132864,143,0,0,35,0.9482142857142857,0
19.73794,4,0,0,0.0,37.236368999856495,0.7738599997537676,37.2641549997752,0.078125,144,0,0,36,0.9288194444444444,0
19.77525,4,0,0,0.0,37.27976899972418,0.7825130001037905,37.301825000213285,0.07758620689655171,145,0,0,36,0.9357638888888888,0
19.81274,4,0,0,0.0,37.465204000000085,0.8041259998208261,37.48966500006645,0.07705479452054798,146,0,0,36,0.9427083333333334,0
19.85019,4,0,0,0.0,37.40996199985602,0.7876100003159081,37.43794700039871,0.07653061224489799,147,0,0,37,0.9239864864864865,0
19.88742,4,0,0,0.0,37.207662999662716,0.8481619997837697,37.230507000003854,0.07601351351351349,148,0,0,37,0.9307432432432432,0
19.92484,4,0,0,0.0,37.38228699967294,0.7947459998831619,37.40729699984513,0.07550335570469802,149,0,0,37,0.9375,0
19.96263,4,0,0,0.0,37.75817799987635,0.8120819998111983,37.798620000103256,0.07499999999999996,150,0,0,37,0.9442567567567568,0
19.99921,4,0,0,0.0,36.53966900037631,0.8191540000552777,36.563938000199414,0.07450331125827814,151,0,0,37,0.9510135135135135,0
20.03643,4,0,0,0.0,37.18187100002979,0.8089109996944899,37.20487000009598,0.07401315789473684,152,0,0,37,0.9577702702702703,0
20.07369,4,0,0,0.0,37.234217999866814,0.8140899999489193,37.255115999869304,0.07352941176470584,153,0,0,37,0.964527027027027,0
20.11106,4,0,0,0.0,37.338050000016665,0.7812700000613404,37.36036000009335,0.07305194805194803,154,0,0,37,0.9712837837837838,0
20.14829,4,0,0,0.0,37.20166000039171,0.8016589999897406,37.2284549998767,0.07258064516129037,155,0,0,38,0.9523026315789473,0
20.18568,4,0,0,0.0,37.35707799978627,0.8029980003811943,37.38184900021224,0.07211538461538458,156,0,0,38,0.9588815789473685,0
20.22311,4,0,0,0.0,37.399401999664406,0.7927239998934965,37.427453999953286,0.07165605095541405,157,0,0,38,0.9654605263157895,0
20.29632,5,1,223,33.221896000213746,39.92839100010315,0.9948679999070009,73.19656900017435,0.273542600896861,223,0,0,52,0.9795673076923077,0
20.33381,5,0,0,0.0,37.446070999976655,1.0167969999201887,37.483787999917695,0.2723214285714286,224,0,0,44,0.9588068181818182,0
20.37122,4,0,0,0.0,37.37882199993692,0.8707140000296931,37.40299099990807,0.25,225,0,0,45,0.9430555555555555,0
20.40841,4,0,0,0.0,37.15708200024892,0.89569500005382,37.17859700009285,0.24889380530973448,226,0,0,45,0.9486111111111111,0
20.44549,4,0,0,0.0,37.052073999802815,0.8860839998305892,37.08096599984856,0.24779735682819382,227,0,0,45,0.9541666666666667,0
20.48259,4,0,0,0.0,37.06220100002611,0.8731509997232934,37.08542399999715,0.2467105263157895,228,0,0,46,0.938858695652174,0
20.51979,4,0,0,0.0,37.17053699983808,0.8782569998402323,37.193706999914866,0.24563318777292575,229,0,0,46,0.9442934782608695,0
20.55711,4,0,0,0.0,37.2923909999372,0.8734689999982947,37.314353000056144,0.24456521739130432,230,0,0,46,0.9497282608695652,0
20.59371,4,0,0,0.0,36.57206600018981,0.8873559995663527,36.59381100032988,0.24350649350649356,231,0,0,46,0.9551630434782609,0
20.63174,4,0,0,0.0,38.003119000222796,0.8792960002210748,38.03071499987709,0.2424568965517241,232,0,0,46,0.9605978260869565,0
20.66946,4,0,0,0.0,37.686815000142815,0.8979909998743096,37.709854999775416,0.24141630901287559,233,0,0,46,0.9660326086956522,0
20.70716,4,0,0,0.0,37.669800000003306,0.9065569997801504,37.69523899973137,0.24038461538461542,234,0,0,46,0.9714673913043478,0
20.74485,4,0,0,0.0,37.65510500033997,0.9215770000992052,37.67947099959201,0.23936170212765961,235,0,0,46,0.9769021739130435,0
20.78262,4,0,0,0.0,37.73694799974692,0.8907769997676951,37.761774999580666,0.23834745762711862,236,0,0,47,0.961436170212766,0
20.82004,4,0,0,0.0,37.38334499985285,0.8931929996833787,37.40561799986608,0.23734177215189878,237,0,0,47,0.9667553191489362,0
20.85767,4,0,0,0.0,37.600342000132514,0.9025509998537018,37.621684999976424,0.2363445378151261,238,0,0,47,0.9720744680851063,0
20.89425,4,0,0,0.0,36.549901999933354,0.9036700002980069,36.57446999977765,0.2353556485355649,239,0,0,47,0.9773936170212766,0
20.93184,4,0,0,0.0,37.5567780001802,0.9242179999091604,37.585957999908715,0.234375,240,0,0,48,0.9622395833333334,0
20.96954,4,0,0,0.0,37.660163000055036,0.931323000258999,37.68827199974112,0.23340248962655596,241,0,0,49,0.9477040816326531,0
21.0071,4,0,0,0.0,37.52465099978508,0.9230370001205301,37.555007000264595,0.2324380165289256,242,0,0,37,0.9611486486486487,0
21.04353,3,0,0,0.0,36.399059999894234,0.8004019996405987,36.422202000267134,0.21947873799725648,243,0,0,37,0.9662162162162162,0
21.08008,3,0,0,0.0,36.517136999918876,0.8026850000533159,36.54074800033413,0.21857923497267762,244,0,0,38,0.9457236842105263,0
21.11653,3,0,0,0.0,36.423923000256764,0.7978349999575585,36.44506399996317,0.217687074829932,245,0,0,38,0.9506578947368421,0
21.1529,3,0,0,0.0,36.34441499980312,0.7998659998520452,36.365817999922,0.21680216802168017,246,0,0,38,0.9555921052631579,0
21.18869,3,0,0,0.0,35.7589239997651,0.7845260001886345,35.78128600020136,0.21592442645074228,247,0,0,38,0.9605263157894737,0
21.22525,3,0,0,0.0,36.53327700021691,0.7959849999679136,36.55742199998713,0.21505376344086025,248,0,0,38,0.9654605263157895,0
21.26195,3,0,0,0.0,36.673894000159635,0.8289379998132063,36.69475200013039,0.214190093708166,249,0,0,38,0.9703947368421053,0
21.30191,3,0,0,0.0,39.93015100013508,0.8165460003510816,39.955909000127576,0.21333333333333337,250,0,0,38,0.975328947368421,0
21.33903,3,0,0,0.0,37.084373999732634,0.8625420000498707,37.11240199982058,0.21248339973439578,251,0,0,38,0.9802631578947368,0
21.37619,3,0,0,0.0,37.12146899988511,0.8254240001406288,37.146732000110205,0.21164021164021163,252,0,0,39,0.9599358974358975,0
21.41305,3,0,0,0.0,36.831442000220704,0.8330820000992389,36.853533999874344,0.2108036890645586,253,0,0,39,0.9647435897435898,0
21.44982,3,0,0,0.0,36.744238999744994,0.8063069999479922,36.76785499965263,0.2099737532808399,254,0,0,39,0.969551282051282,0
21.48598,3,0,0,0.0,36.12148699994577,0.7960770003592188,36.14304999973683,0.20915032679738566,255,0,0,39,0.9743589743589743,0
21.52252,3,0,0,0.0,36.50200899983247,0.7922560002953105,36.536391000026924,0.20833333333333337,256,0,0,28,0.9598214285714286,0
21.55906,2,0,0,0.0,36.51476499999262,0.7222599997476209,36.5350900001431,0.16342412451361865,257,0,0,28,0.9642857142857143,0
21.59554,2,0,0,0.0,36.44682999993165,0.7334570000239182,36.474323000220465,0.16279069767441856,258,0,0,28,0.96875,0
21.63211,2,0,0,0.0,36.53735099987898,0.7431859999087465,36.5614879997338,0.16216216216216217,259,0,0,28,0.9732142857142857,0
21.66868,2,0,0,0.0,36.536215000069205,0.7347430000663735,36.560525000368216,0.16153846153846152,260,0,0,29,0.9439655172413793,0
21.70508,2,0,0,0.0,36.37690200002908,0.714434000201436,36.40014600023278,0.16091954022988508,261,0,0,29,0.9482758620689655,0
21.74173,2,0,0,0.0,36.616158000015275,0.7446600002367632,36.63973599987003,0.16030534351145043,262,0,0,29,0.9525862068965517,0
21.81065,3,1,216,33.11961899999005,35.73742900016441,0.8219520000238845,68.91279100000247,0.1660329531051965,263,0,0,43,0.9607558139534884,0
21.84696,3,0,0,0.0,36.28212900002836,0.8189870000023802,36.30596999983027,0.16540404040404044,264,0,0,43,0.9651162790697675,0
21.88349,3,0,0,0.0,36.49392599982093,0.8220409999921685,36.52439899997262,0.16477987421383644,265,0,0,43,0.9694767441860465,0
21.92009,3,0,0,0.0,36.56499399994573,0.8461669999633159,36.59109199998056,0.16416040100250628,266,0,0,43,0.9738372093023255,0
21.95686,3,0,0,0.0,36.74244500007262,0.8394850001423038,36.76407200009635,0.16354556803995002,267,0,0,43,0.9781976744186046,0
21.99343,3,0,0,0.0,36.546283999996376,0.845478999963234,36.56968999985111,0.16293532338308458,268,0,0,43,0.9825581395348837,0
22.03006,3,0,0,0.0,36.598703999970894,0.8636509996904351,36.62131600003704,0.16232961586121442,269,0,0,43,0.9869186046511628,0
22.06669,3,0,0,0.0,36.60028700005569,0.8357429996976862,36.621285999899555,0.16172839506172842,270,0,0,43,0.9912790697674418,0
22.10237,3,0,0,0.0,35.64726200011137,0.8388100000047416,35.670126999775675,0.1611316113161132,271,0,0,44,0.9730113636363636,0
22.13876,3,0,0,0.0,36.36633199994321,0.8816969998406421,36.389194000093994,0.1605392156862745,272,0,0,45,0.9555555555555556,0
22.1752,3,0,0,0.0,36.41425800014986,0.8272370000668161,36.432990999855974,0.15995115995115994,273,0,0,45,0.9597222222222223,0
22.21154,3,0,0,0.0,36.30512300014743,0.8470889997624909,36.33063300003414,0.15936739659367394,274,0,0,33,0.9526515151515151,0
22.24754,2,0,0,0.0,35.973127000033855,0.7133530002647603,35.99263600017366,0.08545454545454545,275,0,0,33,0.9564393939393939,0
22.28703,2,0,0,0.0,39.470021999932214,0.7146560001274338,39.49243400029445,0.08514492753623193,276,0,0,33,0.9602272727272727,0
22.32374,2,0,0,0.0,36.6527149999456,0.7555809997938923,36.678152999684244,0.08483754512635377,277,0,0,33,0.9640151515151515,0
22.36039,2,0,0,0.0,36.61850700018476,0.7489669997085002,36.641349000092305,0.08453237410071945,278,0,0,33,0.9678030303030303,0
22.39623,2,0,0,0.0,35.81243299959169,0.7894260002103692,35.837030000038794,0.08422939068100355,279,0,0,33,0.9715909090909091,0
22.43286,2,0,0,0.0,36.604848000024504,0.7796529998813639,36.63139799982673,0.08392857142857146,280,0,0,33,0.9753787878787878,0
22.46956,2,0,0,0.0,36.66225000006307,0.7809119997546077,36.684417000287795,0.08362989323843417,281,0,0,33,0.9791666666666666,0
22.50599,2,0,0,0.0,36.399658000391355,0.742534999972122,36.42368499959048,0.08333333333333337,282,0,0,33,0.9829545454545454,0
22.54253,2,0,0,0.0,36.51309199995012,0.765909999699943,36.536020999847096,0.08303886925795056,283,0,0,33,0.9867424242424242,0
22.61221,3,1,159,32.99914599983822,36.62831399969946,0.8545870000489231,69.67090499983897,0.2018779342723005,284,0,0,43,0.9927325581395349,0
22.64905,3,0,0,0.0,36.80445000009058,0.8955200000855257,36.835601000348106,0.2011695906432749,285,0,0,44,0.9744318181818182,0
22.68586,3,0,0,0.0,36.77353800003402,0.8775379997132404,36.79677999980413,0.20046620046620045,286,0,0,44,0.9786931818181818,0
22.72187,3,0,0,0.0,35.98220699996091,0.8605899997746747,36.012808999657864,0.19976771196283394,287,0,0,45,0.9611111111111111,0
22.75874,3,0,0,0.0,36.83277299978727,0.865475999944465,36.86271900005522,0.19907407407407407,288,0,0,46,0.9442934782608695,0
22.79589,3,0,0,0.0,37.11058899989439,1.0145870000997093,37.13780399993993,0.19838523644752015,289,0,0,46,0.9483695652173914,0
22.83417,3,0,0,0.0,38.24289400017733,0.8773929998824315,38.27115200010667,0.19770114942528738,290,0,0,46,0.9524456521739131,0
22.87216,3,0,0,0.0,37.96102600017548,0.9335449999525736,37.98553999968135,0.19702176403207328,291,0,0,46,0.9565217391304348,0
22.90923,3,0,0,0.0,37.035801999991236,0.9098570003516215,37.06304800016369,0.19634703196347036,292,0,0,46,0.9605978260869565,0
22.94622,3,0,0,0.0,36.9536739999603,0.9182839999084536,36.98003400040761,0.19567690557451645,293,0,0,46,0.9646739130434783,0
22.98326,3,0,0,0.0,37.004066000008606,0.9054510001078597,37.02831900000092,0.19501133786848068,294,0,0,46,0.96875,0
23.01959,3,0,0,0.0,36.29218800006129,0.9152400002676586,36.320140000043466,0.1943502824858757,295,0,0,46,0.9728260869565217,0
23.05661,3,0,0,0.0,36.98744799976339,0.9072769998965668,37.015163999967626,0.1936936936936937,296,0,0,46,0.9769021739130435,0
23.09375,3,0,0,0.0,37.10935499975676,0.8993789997475687,37.136159999590745,0.19304152637485972,297,0,0,46,0.9809782608695652,0
23.13069,3,0,0,0.0,36.903139999594714,0.8896859999367734,36.9292929999574,0.1923937360178971,298,0,0,46,0.9850543478260869,0
23.16775,3,0,0,0.0,37.02544099996885,0.8881649996510532,37.0491779999611,0.1917502787068004,299,0,0,46,0.9891304347826086,0
23.20465,3,0,0,0.0,36.85843399989608,0.8812729997771385,36.90142300001753,0.19111111111111112,300,0,0,46,0.9932065217391305,0
23.24162,3,0,0,0.0,36.922883999977785,0.8856110002852802,36.978664999878674,0.19047619047619047,301,0,0,28,0.9642857142857143,0
23.27961,2,0,0,0.0,37.93705499992939,0.7654040000488749,37.96053499991103,0.15294117647058825,255,0,0,28,0.96875,0
23.31762,2,0,0,0.0,37.96798600023976,0.8496129999002733,38.023565000003146,0.15234375,256,0,0,29,0.9396551724137931,0
23.35439,2,0,0,0.0,36.71733900000618,0.7484849998036225,36.7425499998717,0.15175097276264593,257,0,0,29,0.9439655172413793,0
23.39119,2,0,0,0.0,36.76589499991678,0.7564699999420554,36.78807300002518,0.15116279069767447,258,0,0,29,0.9482758620689655,0
23.42819,2,0,0,0.0,36.975556000015786,0.7526909998887277,37.00364799988165,0.1505791505791506,259,0,0,29,0.9525862068965517,0
23.46566,2,0,0,0.0,37.41528599994126,0.820185000065976,37.45421100029489,0.15000000000000002,260,0,0,29,0.9568965517241379,0
23.50223,2,0,0,0.0,36.536632999741414,0.7591999997202947,36.56421499999851,0.14942528735632188,261,0,0,29,0.9612068965517241,0
23.53883,2,0,0,0.0,36.568522000379744,0.7980830000633432,36.59488799985411,0.14885496183206104,262,0,0,29,0.9655172413793104,0
23.57445,2,0,0,0.0,35.58190600006128,0.7392989996333199,35.60460900007456,0.14828897338403046,263,0,0,29,0.9698275862068966,0
23.61086,2,0,0,0.0,36.38807200013616,0.7470319997082697,36.41470299999128,0.1477272727272727,264,0,0,29,0.9741379310344828,0
23.64732,2,0,0,0.0,36.42252100007681,0.770979999742849,36.44912099980502,0.14716981132075468,265,0,0,29,0.978448275862069,0
23.71696,3,1,104,32.934546999968006,36.64484299997639,0.8502670002599189,69.63291799957005,0.3007518796992481,266,0,0,19,0.9671052631578947,0
23.75325,2,0,0,0.0,36.25814199995148,0.7100610000634333,36.28441199998633,0.2222222222222222,189,0,0,19,0.9736842105263158,0
23.78985,2,0,0,0.0,36.56008100006147,0.7026190000942734,36.588107999705244,0.2210526315789474,190,0,0,19,0.9802631578947368,0
23.826,2,0,0,0.0,36.119095999765705,0.7008180000411812,36.14434000019173,0.2198952879581152,191,0,0,19,0.9868421052631579,0
23.86318,2,0,0,0.0,37.14258599984532,0.7171499996729835,37.16659700012315,0.21875,192,0,0,20,0.94375,0
23.90012,2,0,0,0.0,36.91756899979737,0.7194920003712468,36.94063800003278,0.21761658031088082,193,0,0,20,0.95,0
23.93647,2,0,0,0.0,36.310050999873056,0.695291999818437,36.33502299999236,0.21649484536082475,194,0,0,20,0.95625,0
23.97341,2,0,0,0.0,36.91266700025153,0.68906100023014,36.93527399991581,0.2153846153846154,195,0,0,20,0.9625,0
24.01037,2,0,0,0.0,36.92551399990407,0.7192289999693458,36.95610599970678,0.2142857142857143,196,0,0,21,0.9226190476190477,0
24.04742,2,0,0,0.0,37.015570999756164,0.7381300001725322,37.04279400017185,0.21319796954314718,197,0,0,21,0.9285714285714286,0
24.08456,2,0,0,0.0,37.105591999988974,0.7559199998468102,37.12996700005533,0.21212121212121215,198,0,0,21,0.9345238095238095,0
24.12073,2,0,0,0.0,36.1421400002655,0.7235839998429583,36.16850799971871,0.21105527638190957,199,0,0,21,0.9404761904761905,0
24.15794,2,0,0,0.0,37.167565999880026,0.7094200000210549,37.19570100020064,0.20999999999999996,200,0,0,21,0.9464285714285714,0
24.19528,2,0,0,0.0,37.307364999833226,0.7473870000467286,37.33275300010064,0.20895522388059706,201,0,0,21,0.9523809523809523,0
24.23249,2,0,0,0.0,37.17387599999711,0.7556219998150482,37.20814899998004,0.20792079207920788,202,0,0,21,0.9583333333333334,0
24.27004,2,0,0,0.0,37.51369400015392,0.7252049999806331,37.53777100018851,0.2068965517241379,203,0,0,21,0.9642857142857143,0
24.31004,2,0,0,0.0,39.96657499965295,0.8569999999963329,39.99171700024817,0.20588235294117652,204,0,0,21,0.9702380952380952,0
24.35115,2,0,0,0.0,41.07866899994406,0.7415000000037253,41.10559899982036,0.20487804878048776,205,0,0,21,0.9761904761904762,0
24.38826,2,0,0,0.0,37.0734159996573,0.7617989999744168,37.09699699993507,0.2038834951456311,206,0,0,21,0.9821428571428571,0
24.42451,2,0,0,0.0,36.22373500002141,0.7761509996271343,36.24991600008798,0.2028985507246377,207,0,0,21,0.9880952380952381,0
24.46145,2,0,0,0.0,36.89722599983725,0.7345500002884364,36.92769200006296,0.20192307692307687,208,0,0,22,0.9488636363636364,0
24.49852,2,0,0,0.0,37.038833999758936,0.7428079998135217,37.065965000238066,0.2009569377990431,209,0,0,22,0.9545454545454546,0
24.53543,2,0,0,0.0,36.86918300036268,0.7418370000777941,36.89727799974207,0.19999999999999996,210,0,0,22,0.9602272727272727,0
24.57237,2,0,0,0.0,36.90407099975346,0.733115999992151,36.92626799966092,0.19905213270142175,211,0,0,22,0.9659090909090909,0
24.60912,2,0,0,0.0,36.7169669998475,0.7366610002463858,36.746676999882766,0.19811320754716977,212,0,0,23,0.9293478260869565,0
24.67942,3,1,230,33.00185199987027,37.24409400001605,0.8375299998988339,70.29187399984949,0.17101449275362324,230,0,0,38,0.9457236842105263,0
24.71578,3,0,0,0.0,36.327071000414435,0.8390819998567167,36.35422200022731,0.17027417027417024,231,0,0,38,0.9506578947368421,0
24.75328,3,0,0,0.0,37.46477100003176,0.8356570001524233,37.492269999802375,0.16954022988505746,232,0,0,38,0.9555921052631579,0
24.79037,3,0,0,0.0,37.05986800014216,0.8300989998133446,37.08307999977478,0.1688125894134478,233,0,0,38,0.9605263157894737,0
24.82738,3,0,0,0.0,36.98003699992114,0.8394319997933053,37.0063539999137,0.16809116809116809,234,0,0,38,0.9654605263157895,0
24.86414,3,0,0,0.0,36.72353199999634,0.842654000280163,36.74894999994649,0.16737588652482271,235,0,0,38,0.9703947368421053,0
24.90102,3,0,0,0.0,36.84994500008543,0.8203900001717557,36.87373699995078,0.16666666666666663,236,0,0,38,0.975328947368421,0
24.93794,3,0,0,0.0,36.881519999951706,0.8100199997898017,36.907562999658694,0.16596343178621664,237,0,0,38,0.9802631578947368,0
24.97531,3,0,0,0.0,37.33781699975225,0.8398920003855892,37.36071599996649,0.165266106442577,238,0,0,38,0.9851973684210527,0
25.01175,3,0,0,0.0,36.40693999977884,0.852675999794883,36.43306699996174,0.16457461645746163,239,0,0,38,0.9901315789473685,0
25.04878,3,0,0,0.0,36.996252999870194,0.8279799999399984,37.026209000032395,0.16388888888888886,240,0,0,39,0.969551282051282,0
25.08571,3,0,0,0.0,36.896186000376474,0.8407459999943967,36.921995999819046,0.16320885200553248,241,0,0,40,0.95,0
25.12245,3,0,0,0.0,36.70923700019557,0.8075499999904423,36.734517000240885,0.16253443526170797,242,0,0,40,0.9546875,0
25.15922,3,0,0,0.0,36.7411440001888,0.8319670000673796,36.766155999885086,0.16186556927297668,243,0,0,40,0.959375,0
25.19622,3,0,0,0.0,36.964179999813496,0.84635499979413,36.98803899987979,0.16120218579234968,244,0,0,40,0.9640625,0
25.23312,3,0,0,0.0,36.86256699984369,0.8475829999952111,36.89111200037587,0.16054421768707483,245,0,0,41,0.9451219512195121,0
25.27128,3,0,0,0.0,38.1323610004074,0.8271500000773813,38.156570000410284,0.15989159891598914,246,0,0,41,0.9496951219512195,0
25.31154,3,0,0,0.0,40.22406200010664,1.0514929999771994,40.25063600010981,0.15924426450742235,247,0,0,41,0.9542682926829268,0
25.35139,3,0,0,0.0,39.82224399987899,0.8657050002511824,39.84761799983971,0.15860215053763438,248,0,0,41,0.9588414634146342,0
25.388,3,0,0,0.0,36.55464399980701,0.8440350002274499,36.57740600010584,0.1579651941097724,249,0,0,41,0.9634146341463414,0
25.42403,3,0,0,0.0,36.00581199998487,0.820548999854509,36.026500000389206,0.15733333333333333,250,0,0,41,0.9679878048780488,0
25.4599,3,0,0,0.0,35.84063500011325,0.7968509999045637,35.86304200007362,0.15670650730411684,251,0,0,41,0.9725609756097561,0
25.49603,3,0,0,0.0,36.097014999995736,0.8000350003385392,36.11830799991367,0.15608465608465605,252,0,0,41,0.9771341463414634,0
25.53197,3,0,0,0.0,35.91682199976276,0.8164070000020729,35.93634299977566,0.15546772068511194,253,0,0,41,0.9817073170731707,0
25.56806,3,0,0,0.0,36.06255199974839,0.8049279999795544,36.08354000016334,0.1548556430446194,254,0,0,41,0.9862804878048781,0
25.60313,3,0,0,0.0,35.03911699999662,0.8125350000227627,35.06003199981933,0.1542483660130719,255,0,0,41,0.9908536585365854,0
25.63901,3,0,0,0.0,35.853993999808154,0.8097489999272511,35.87932699974772,0.15364583333333337,256,0,0,42,0.9717261904761905,0
25.67491,3,0,0,0.0,35.870329000317724,0.8056689998738875,35.89227100019343,0.15304798962386512,257,0,0,43,0.9534883720930233,0
25.71096,3,0,0,0.0,36.023098999976355,0.8010120000108145,36.0464239997782,0.15245478036175708,258,0,0,43,0.9578488372093024,0
25.74723,3,0,0,0.0,36.23451300018132,0.8246559996223368,36.25835799994093,0.15186615186615182,259,0,0,43,0.9622093023255814,0
25.81686,4,1,149,32.588550000127725,36.98754899960477,0.9247329999197973,69.61981199992806,0.2201923076923077,260,0,0,53,0.9610849056603774,0
25.85478,4,0,0,0.0,37.895442999797524,0.94449700009136,37.92352199980087,0.21934865900383138,261,0,0,54,0.9479166666666666,0
25.89249,4,0,0,0.0,37.66840299977048,0.9553270001561032,37.700563999806036,0.2185114503816794,262,0,0,43,0.9607558139534884,0
25.92794,3,0,0,0.0,35.41275299994595,0.8411519997935102,35.445921999780694,0.16223067173637518,263,0,0,43,0.9651162790697675,0
25.96394,3,0,0,0.0,35.96630099991671,0.8157499996741535,35.99042200039548,0.16161616161616166,264,0,0,43,0.9694767441860465,0
26.00017,3,0,0,0.0,36.200320000261854,0.8315979998769762,36.22092799969323,0.16100628930817606,265,0,0,43,0.9738372093023255,0
26.03628,3,0,0,0.0,36.08147300019482,0.8508459995937301,36.106349999954546,0.16040100250626566,266,0,0,43,0.9781976744186046,0
26.07253,3,0,0,0.0,36.217747000137024,0.8620609996796702,36.240557999917655,0.15980024968789008,267,0,0,43,0.9825581395348837,0
26.10878,3,0,0,0.0,36.20963899993512,0.8586589997321425,36.241138000150386,0.15920398009950254,268,0,0,27,0.9884259259259259,0
26.1447,2,0,0,0.0,35.89299500026755,0.7211290003397153,35.91764399970998,0.20631970260223054,269,0,0,27,0.9930555555555556,0
26.18075,2,0,0,0.0,36.0186809998595,0.7062720001158596,36.040634000073624,0.2055555555555556,270,0,0,27,0.9976851851851852,0
26.21601,2,0,0,0.0,35.22194099969056,0.712676000148349,35.25028000012753,0.2047970479704797,271,0,0,28,0.9665178571428571,0
26.25189,2,0,0,0.0,35.84787800036793,0.736692999907973,35.87510800025484,0.20404411764705888,272,0,0,29,0.9375,0
26.29143,2,0,0,0.0,39.503489999788144,0.7458579998456116,39.52905999994982,0.20329670329670335,273,0,0,29,0.9418103448275862,0
26.32763,2,0,0,0.0,36.17193699983545,0.7667810000384634,36.214521000147215,0.20255474452554745,274,0,0,29,0.9461206896551724,0
26.39644,3,1,82,32.428446000267286,36.311027000010654,0.806598000053782,68.78218200017727,0.3684848484848485,275,0,0,35,0.9357142857142857,0
26.43259,3,0,0,0.0,36.122080000041024,0.8347350003532483,36.1465819996738,0.36714975845410625,276,0,0,35,0.9410714285714286,0
26.46868,3,0,0,0.0,36.056390999874566,0.8113339999908931,36.084493000089424,0.36582430806257527,277,0,0,35,0.9464285714285714,0
26.50488,3,0,0,0.0,36.15883100019346,0.8000120001270261,36.18163800001639,0.36450839328537166,278,0,0,35,0.9517857142857142,0
26.54,3,0,0,0.0,35.09943900007784,0.7948390002638916,35.12139299982664,0.3632019115890084,279,0,0,35,0.9571428571428572,0
26.57587,3,0,0,0.0,35.83542500018666,0.787248000051477,35.85625400000936,0.36190476190476195,280,0,0,35,0.9625,0
26.61169,3,0,0,0.0,35.792584999853716,0.7931159998406656,35.81449499961309,0.3606168446026097,281,0,0,35,0.9678571428571429,0
26.6475,3,0,0,0.0,35.78687799972613,0.7997200000318117,35.8172280002691,0.359338061465721,282,0,0,35,0.9732142857142857,0
26.68349,3,0,0,0.0,35.9431219999351,0.8106540003609553,35.969269999895914,0.3580683156654888,283,0,0,17,0.9705882352941176,0
26.71898,2,0,0,0.0,35.46484899970892,0.6499299997813068,35.48654299993359,0.23699421965317924,173,0,0,17,0.9779411764705882,0
26.75456,2,0,0,0.0,35.55130399990958,0.6675609997728316,35.573677999764186,0.23563218390804597,174,0,0,17,0.9852941176470589,0
26.78957,2,0,0,0.0,34.984292999979516,0.6613059999835968,35.00317499992889,0.23428571428571432,175,0,0,17,0.9926470588235294,0
26.82512,2,0,0,0.0,35.51981999999043,0.6569150000359514,35.54230700001426,0.23295454545454541,176,0,0,18,0.9444444444444444,0
26.89336,3,1,250,32.327063999673555,35.86715000028562,0.7820439996066852,68.23374800023885,0.30400000000000005,250,0,0,34,0.9650735294117647,0
26.92912,3,0,0,0.0,35.737274999974034,0.7898750000094878,35.76155100017786,0.3027888446215139,251,0,0,35,0.9428571428571428,0
26.96489,3,0,0,0.0,35.73774300002697,0.7752329997856577,35.76596499988227,0.3015873015873016,252,0,0,35,0.9482142857142857,0
27.00078,3,0,0,0.0,35.85569500000929,0.786350999987917,35.87755799981096,0.3003952569169961,253,0,0,35,0.9535714285714286,0
27.03645,3,0,0,0.0,35.644435999984125,0.7662050002181786,35.66381500013449,0.2992125984251969,254,0,0,35,0.9589285714285715,0
27.10449,4,1,203,32.24421300001268,35.747383999932936,0.9035730004143261,68.02883199998178,0.27450980392156865,255,0,0,48,0.96875,0
27.14111,4,0,0,0.0,36.5785189997041,0.9110890000556537,36.611092000384815,0.2734375,256,0,0,49,0.9540816326530612,0
27.17763,4,0,0,0.0,36.49662999987413,0.9147539999503351,36.52947299997322,0.27237354085603116,257,0,0,49,0.9591836734693877,0
27.21412,4,0,0,0.0,36.451916999794776,0.9084469998015265,36.47437600011472,0.2713178294573644,258,0,0,49,0.9642857142857143,0
27.25065,4,0,0,0.0,36.4863710001373,0.9344379996036878,36.524053000448475,0.2702702702702703,259,0,0,49,0.9693877551020408,0
27.29103,4,0,0,0.0,40.347397000005,0.917176999791991,40.3733650000504,0.2692307692307693,260,0,0,50,0.955,0
27.32832,4,0,0,0.0,37.252524999985326,0.9393159998580813,37.276959999871906,0.26819923371647514,261,0,0,50,0.96,0
27.36498,4,0,0,0.0,36.6359569998167,0.9563660000821983,36.657996000030835,0.26717557251908397,262,0,0,50,0.965,0
27.40086,4,0,0,0.0,35.85251200001949,0.9249350000573031,35.87527600029716,0.26615969581749055,263,0,0,50,0.97,0
27.47012,5,1,220,32.44437900002595,36.75852800006396,1.1163170001964318,69.24567199985177,0.24545454545454548,264,0,0,64,0.9775390625,0
27.50714,5,0,0,0.0,36.9875889996365,1.117334999889863,37.01396999986173,0.24452830188679242,265,0,0,65,0.9673076923076923,0
27.54386,5,0,0,0.0,36.68863800021427,1.1232050001126481,36.712466000153654,0.24360902255639094,266,0,0,65,0.9721153846153846,0
27.58061,5,0,0,0.0,36.72150500005955,1.0994559997925535,36.7459509998298,0.24269662921348312,267,0,0,66,0.9621212121212122,0
27.61819,5,0,0,0.0,37.548131000221474,1.106357000026037,37.57435699981215,0.24179104477611946,268,0,0,67,0.9524253731343284,0
27.65499,5,0,0,0.0,36.77000900006533,1.1252300000705873,36.79157499982466,0.24089219330855016,269,0,0,67,0.957089552238806,0
27.69183,5,0,0,0.0,36.811157999636634,1.1215109998374828,36.83196800011501,0.24,270,0,0,67,0.9617537313432836,0
27.7278,5,0,0,0.0,35.94285999997737,1.104245000078663,35.96564800000124,0.23911439114391142,271,0,0,67,0.9664179104477612,0
27.76452,5,0,0,0.0,36.691677999897365,1.1028670000996499,36.71901600000638,0.2382352941176471,272,0,0,68,0.9568014705882353,0
27.80153,5,0,0,0.0,36.9736269999521,1.1381109998183092,36.996215999806736,0.2373626373626374,273,0,0,68,0.9613970588235294,0
27.83954,5,0,0,0.0,37.98594799991406,1.1380589999134827,38.01042099985352,0.23649635036496353,274,0,0,68,0.9659926470588235,0
27.87731,5,0,0,0.0,37.733938000201306,1.1533730003066012,37.755197000024054,0.23563636363636364,275,0,0,68,0.9705882352941176,0
27.91417,5,0,0,0.0,36.83575300010489,1.1535790004018054,36.86307599991778,0.23478260869565215,276,0,0,69,0.9610507246376812,0
27.95108,5,0,0,0.0,36.874870999781706,1.1560130001271318,36.90037999967899,0.2339350180505415,277,0,0,69,0.9655797101449275,0
27.988,5,0,0,0.0,36.88361600006829,1.1585110000851273,36.90582400031417,0.23309352517985615,278,0,0,69,0.970108695652174,0
28.02394,5,0,0,0.0,35.91658200002712,1.136171000325703,35.939305999818316,0.23225806451612907,279,0,0,69,0.9746376811594203,0
28.0605,5,0,0,0.0,36.5317440000581,1.131847000124253,36.5523469999971,0.23142857142857143,280,0,0,69,0.9791666666666666,0
28.09739,5,0,0,0.0,36.8550929997582,1.144470999861369,36.88015799980349,0.23060498220640568,281,0,0,70,0.9696428571428571,0
28.13423,5,0,0,0.0,36.80714300026011,1.1806629995589901,36.828604000220366,0.2297872340425532,282,0,0,70,0.9741071428571428,0
28.17112,5,0,0,0.0,36.85849400017105,1.1614929999268497,36.884998000005,0.22897526501766785,283,0,0,71,0.9647887323943662,0
28.20839,5,0,0,0.0,37.23471900002551,1.1891700000887795,37.264928000240616,0.22816901408450707,284,0,0,72,0.9557291666666666,0
28.24541,5,0,0,0.0,36.98339400034456,1.2190980000923446,37.01004100003047,0.22736842105263155,285,0,0,72,0.9600694444444444,0
28.28609,5,0,0,0.0,40.640640999754396,1.208831999974791,40.67135799959942,0.2265734265734266,286,0,0,72,0.9644097222222222,0
28.32304,5,0,0,0.0,36.91069900014554,1.243327999873145,36.939582000286464,0.22578397212543555,287,0,0,72,0.96875,0
28.36019,5,0,0,0.0,37.120241000138776,1.2135910001234151,37.148952999814355,0.22499999999999998,288,0,0,73,0.9597602739726028,0
28.39741,5,0,0,0.0,37.18816800028435,1.2010740001642262,37.21369100003358,0.22422145328719723,289,0,0,73,0.964041095890411,0
28.43456,5,0,0,0.0,37.1176049998212,1.227116999871214,37.14417000037429,0.22344827586206895,290,0,0,73,0.9683219178082192,0
28.47169,5,0,0,0.0,37.0907769997757,1.2094409999008349,37.11622500031808,0.222680412371134,291,0,0,73,0.9726027397260274,0
28.50934,5,0,0,0.0,37.61720000011337,1.1823519998870324,37.64476600008493,0.22191780821917806,292,0,0,74,0.9636824324324325,0
28.54637,5,0,0,0.0,36.99443699997573,1.2154450000707584,37.029367000286584,0.221160409556314,293,0,0,55,0.9681818181818181,0
28.58342,4,0,0,0.0,37.020429000222066,0.956624000082229,37.042184000256384,0.14800000000000002,250,0,0,55,0.9727272727272728,0
28.62042,4,0,0,0.0,36.96560699972906,0.9678450001047167,36.98776800001724,0.14741035856573703,251,0,0,55,0.9772727272727273,0
28.65745,4,0,0,0.0,36.99955800038879,0.9626880000723759,37.02271800011658,0.14682539682539686,252,0,0,55,0.9818181818181818,0
28.69422,4,0,0,0.0,36.74180999996679,0.9696550000626303,36.76625399975819,0.1462450592885376,253,0,0,56,0.96875,0
28.73102,4,0,0,0.0,36.76901100016039,0.9693920001154765,36.79108600044856,0.14566929133858264,254,0,0,56,0.9732142857142857,0
28.76688,4,0,0,0.0,35.81305399984558,0.9416640000381449,35.8389109997006,0.14509803921568631,255,0,0,57,0.9605263157894737,0
28.80391,4,0,0,0.0,36.99870299988106,0.9512790002190741,37.025473000085185,0.14453125,256,0,0,58,0.9482758620689655,0
28.87283,5,1,227,31.992334999813465,36.88251299990952,1.121033999879728,68.91994299985527,0.13852140077821007,257,0,0,73,0.952054794520548,0
28.90967,5,0,0,0.0,36.80080399999497,1.1189769998054544,36.82635499990283,0.13798449612403096,258,0,0,73,0.9563356164383562,0
28.94662,5,0,0,0.0,36.92448500032697,1.1425520001466793,36.96392299980289,0.13745173745173744,259,0,0,73,0.9606164383561644,0
28.98361,5,0,0,0.0,36.935395000000426,1.1360470002728107,36.9578449999608,0.13692307692307693,260,0,0,73,0.9648972602739726,0
29.02034,5,0,0,0.0,36.706993999814586,1.133153999944625,36.72940700016625,0.13639846743295014,261,0,0,73,0.9691780821917808,0
29.05687,5,0,0,0.0,36.49228400036009,1.1485869999887655,36.52457299995149,0.1358778625954199,262,0,0,56,0.9754464285714286,0
29.0929,4,0,0,0.0,35.99972100028026,0.9461179997742875,36.020711999753985,0.14313725490196083,255,0,0,56,0.9799107142857143,0
29.12981,4,0,0,0.0,36.88458599981459,0.9554470002512971,36.91276400013521,0.142578125,256,0,0,57,0.9671052631578947,0
29.16658,4,0,0,0.0,36.729794000166294,0.9613689999241615,36.75267000016902,0.142023346303502,257,0,0,57,0.9714912280701754,0
29.20349,4,0,0,0.0,36.885948999952234,0.9860400000434311,36.90815200025099,0.1414728682170543,258,0,0,57,0.9758771929824561,0
29.24024,4,0,0,0.0,36.70925999995234,0.9925770000336342,36.74243499972363,0.14092664092664098,259,0,0,57,0.9802631578947368,0
29.27939,4,0,0,0.0,39.12070099977427,1.0086409997711598,39.14738100002069,0.14038461538461533,260,0,0,57,0.9846491228070176,0
29.31785,4,0,0,0.0,38.41636400011339,1.1340800001562457,38.44621799999004,0.13984674329501912,261,0,0,58,0.9719827586206896,0
29.35462,4,0,0,0.0,36.73373099991295,0.9676419999777863,36.76190800024415,0.13931297709923662,262,0,0,59,0.9597457627118644,0
29.39082,4,0,0,0.0,36.153097999886086,0.9829939999690396,36.17893199998434,0.1387832699619772,263,0,0,60,0.9479166666666666,0
29.42766,4,0,0,0.0,36.81742099979601,0.9759489998941717,36.84239799986244,0.1382575757575758,264,0,0,60,0.9520833333333333,0
29.46456,4,0,0,0.0,36.864181000055396,0.9813449996727286,36.892065000301955,0.13773584905660374,265,0,0,60,0.95625,0
29.50187,4,0,0,0.0,37.27743899980851,1.0074629999508034,37.30232399993838,0.1372180451127819,266,0,0,60,0.9604166666666667,0
29.53899,4,0,0,0.0,37.08559899996544,0.9952089999387681,37.111243000254035,0.13670411985018727,267,0,0,60,0.9645833333333333,0
29.57599,4,0,0,0.0,36.961635000352544,1.003429000320466,36.988636999922164,0.13619402985074625,268,0,0,60,0.96875,0
29.61293,4,0,0,0.0,36.91057800006092,1.0093129999404482,36.93460900012724,0.13568773234200748,269,0,0,60,0.9729166666666667,0
29.6497,4,0,0,0.0,36.74176300000909,0.9798210003282293,36.765312000170525,0.13518518518518519,270,0,0,60,0.9770833333333333,0
29.71811,5,1,159,32.27297300009013,36.089575000005425,1.1579980000533396,68.4024289998888,0.19040590405904056,271,0,0,70,0.9839285714285714,0
29.75506,5,0,0,0.0,36.91099000025133,1.1550039998837747,36.938370000370924,0.18970588235294117,272,0,0,72,0.9609375,0
29.79201,5,0,0,0.0,36.9272330003696,1.1584090002543235,36.949112999991485,0.189010989010989,273,0,0,72,0.9652777777777778,0
29.82909,5,0,0,0.0,37.04340600006617,1.1565959998733888,37.06954400013274,0.18832116788321163,274,0,0,72,0.9696180555555556,0
29.86632,5,0,0,0.0,37.198781999904895,1.1902090000148746,37.224102999971365,0.1876363636363636,275,0,0,72,0.9739583333333334,0
29.90334,5,0,0,0.0,36.989064999943366,1.1761179998757143,37.01220099992497,0.18695652173913047,276,0,0,72,0.9782986111111112,0
29.94037,5,0,0,0.0,36.99822399994446,1.1832989998765697,37.028554000244185,0.1862815884476534,277,0,0,73,0.9691780821917808,0
29.97743,5,0,0,0.0,37.01759300020058,1.206241000090813,37.046153000119375,0.18561151079136695,278,0,0,74,0.9603040540540541,0
30.01355,5,0,0,0.0,36.08466200012117,1.1936690002585237,36.1088220001875,0.18494623655913978,279,0,0,75,0.9516666666666667,0
30.05018,5,0,0,0.0,36.611830000310874,1.1662140000225918,36.631565000334376,0.18428571428571427,280,0,0,75,0.9558333333333333,0
30.08701,5,0,0,0.0,36.7963530002271,1.172611000129109,36.816039999848726,0.18362989323843415,281,0,0,75,0.96,0
30.12485,5,0,0,0.0,37.820090999957756,1.1706580003192357,37.83966699984376,0.18297872340425536,282,0,0,75,0.9641666666666666,0
30.16234,5,0,0,0.0,37.46290399976715,1.1745560000235855,37.48239700007616,0.18233215547703185,283,0,0,75,0.9683333333333334,0
30.19914,5,0,0,0.0,36.77823599991825,1.1943150002480252,36.796785000206,0.1816901408450704,284,0,0,75,0.9725,0
30.23585,5,0,0,0.0,36.68173000005481,1.1776559999816527,36.7006839996975,0.18105263157894735,285,0,0,75,0.9766666666666667,0
30.27678,5,0,0,0.0,40.912082999966515,1.1515800001689058,40.93273200032854,0.1804195804195804,286,0,0,75,0.9808333333333333,0
30.31295,5,0,0,0.0,36.13560599978882,1.1696689998643706,36.15487400020356,0.17979094076655056,287,0,0,75,0.985,0
30.35084,5,0,0,0.0,37.8609399999732,1.1637620000328752,37.89321300018855,0.1791666666666667,288,0,0,48,0.9544270833333334,0
30.38752,3,0,0,0.0,36.6545589999987,0.8505699997840566,36.67252600007487,0.15455594002306805,289,0,0,48,0.9583333333333334,0
30.4242,3,0,0,0.0,36.655147000146826,0.8598620001976087,36.6743510003289,0.15402298850574714,290,0,0,48,0.9622395833333334,0
30.46032,3,0,0,0.0,36.09070499987865,0.8824470000945439,36.109447999933764,0.15349369988545247,291,0,0,48,0.9661458333333334,0
30.49632,3,0,0,0.0,35.97603500020341,0.8730969998396176,35.99568200024805,0.15296803652968038,292,0,0,48,0.9700520833333334,0
30.53235,3,0,0,0.0,36.00995800024975,0.8839349998197576,36.02951800030496,0.15244596131968147,293,0,0,48,0.9739583333333334,0
30.568,3,0,0,0.0,35.617987999557954,0.8738880001146754,35.63917900009983,0.15192743764172334,294,0,0,49,0.9579081632653061,0
30.60297,3,0,0,0.0,34.94632499996442,0.8514080000168178,34.96377300007225,0.15141242937853105,295,0,0,49,0.9617346938775511,0
30.63848,3,0,0,0.0,35.488740999880974,0.8394789997510088,35.506599999735045,0.15090090090090091,296,0,0,49,0.9655612244897959,0
30.67407,3,0,0,0.0,35.56568400017568,0.8659029999762424,35.58323400011432,0.1503928170594837,297,0,0,49,0.9693877551020408,0
30.70982,3,0,0,0.0,35.728650000237394,0.8477819997096958,35.746216000006825,0.14988814317673382,298,0,0,49,0.9732142857142857,0
30.7453,3,0,0,0.0,35.45547200019428,0.8570249997319479,35.47218699986843,0.149386845039019,299,0,0,49,0.9770408163265306,0
30.78097,3,0,0,0.0,35.644989000047644,0.877569999829575,35.66249000004973,0.14888888888888885,300,0,0,49,0.9808673469387755,0
30.8166,3,0,0,0.0,35.60755999978937,0.8518610002283822,35.624561999611615,0.14839424141749724,301,0,0,49,0.9846938775510204,0
30.85358,3,0,0,0.0,36.958376000256976,0.8695259998603433,36.978220000037254,0.14790286975717437,302,0,0,49,0.9885204081632653,0
30.88959,3,0,0,0.0,35.99004900024738,0.899420000223472,36.00972699996419,0.14741474147414746,303,0,0,49,0.9923469387755102,0
30.92574,3,0,0,0.0,36.11648600008266,0.8924059998207667,36.138624000159325,0.14692982456140347,304,0,0,51,0.9571078431372549,0
30.96177,3,0,0,0.0,36.00703199981581,0.89127199998984,36.02665300013541,0.14644808743169402,305,0,0,51,0.9607843137254902,0
30.99783,3,0,0,0.0,36.03913100005229,0.8765110001149878,36.05663600001208,0.14596949891067534,306,0,0,51,0.9644607843137255,0
31.03378,3,0,0,0.0,35.92091500013339,0.8731069997338636,35.938734999945154,0.14549402823018454,307,0,0,51,0.9681372549019608,0
31.06958,3,0,0,0.0,35.77605299960851,0.8711939999557217,35.802512999907776,0.14502164502164505,308,0,0,51,0.9718137254901961,0
31.10545,3,0,0,0.0,35.849090999818145,0.8915459998206643,35.865843999999925,0.14455231930960089,309,0,0,51,0.9754901960784313,0
31.14119,3,0,0,0.0,35.70853300016097,0.89303499999005,35.73446100017463,0.1440860215053763,310,0,0,32,0.953125,0
31.17662,2,0,0,0.0,35.40779700006169,0.698694000220712,35.42400500009535,0.1557093425605537,289,0,0,32,0.95703125,0
31.21221,2,0,0,0.0,35.55534899987833,0.6883880000714271,35.58474900000874,0.15517241379310343,290,0,0,32,0.9609375,0
31.24758,2,0,0,0.0,35.34091900019121,0.7033530000626342,35.36638800005676,0.15463917525773196,291,0,0,32,0.96484375,0
31.28677,2,0,0,0.0,39.16520300026605,0.697374000083073,39.18198100018344,0.15410958904109584,292,0,0,32,0.96875,0
31.3232,2,0,0,0.0,36.4137930000652,0.7011779998720158,36.431192999771156,0.15358361774744023,293,0,0,32,0.97265625,0
31.35892,2,0,0,0.0,35.69615900005374,0.7284479997906601,35.71333600029902,0.15306122448979587,294,0,0,32,0.9765625,0
31.39424,2,0,0,0.0,35.29017600021689,0.7038799999463663,35.30732299986994,0.15254237288135597,295,0,0,32,0.98046875,0
31.42978,2,0,0,0.0,35.524204000012105,0.7139169997572026,35.54083700009869,0.15202702702702697,296,0,0,32,0.984375,0
31.4652,2,0,0,0.0,35.39131399975304,0.692552999680629,35.4082149997339,0.1515151515151515,297,0,0,32,0.98828125,0
31.50095,2,0,0,0.0,35.73281000035422,0.7135299997571565,35.75343500006056,0.15100671140939592,298,0,0,33,0.9621212121212122,0
31.53683,2,0,0,0.0,35.854605000167794,0.7358379998549935,35.873210999852745,0.1505016722408027,299,0,0,33,0.9659090909090909,0
31.57278,2,0,0,0.0,35.924154999975144,0.7235130001390644,35.94324100004087,0.15000000000000002,300,0,0,33,0.9696969696969697,0
31.64109,3,1,197,32.521438999992824,35.748215000239725,0.8738619999348884,68.30315599972892,0.21483942414174972,301,0,0,46,0.967391304347826,0
31.67703,3,0,0,0.0,35.9190630001649,0.8403999995607592,35.93717900002957,0.21412803532008828,302,0,0,46,0.9714673913043478,0
31.71217,3,0,0,0.0,35.1157489999423,0.8492960000694438,35.133789999690634,0.21342134213421338,303,0,0,46,0.9755434782608695,0
31.74807,3,0,0,0.0,35.8656289999999,0.8729900000616908,35.89279900006659,0.21271929824561409,304,0,0,33,0.9583333333333334,0
31.78451,2,0,0,0.0,36.4168700002665,0.7123169998521917,36.43484600024749,0.17049180327868851,305,0,0,33,0.9621212121212122,0
31.82068,2,0,0,0.0,36.142326000117464,0.7423750002999441,36.15894799986563,0.16993464052287577,306,0,0,33,0.9659090909090909,0
31.85655,2,0,0,0.0,35.85531299995637,0.7025990003057814,35.871866999968915,0.16938110749185664,307,0,0,33,0.9696969696969697,0
31.89258,2,0,0,0.0,36.00724400030231,0.7227119999697607,36.02436600021974,0.16883116883116878,308,0,0,33,0.9734848484848485,0
31.92861,2,0,0,0.0,36.00543800030209,0.7297289998859924,36.02407400012453,0.16828478964401294,309,0,0,33,0.9772727272727273,0
31.96459,2,0,0,0.0,35.957902999598446,0.721746000181156,35.976246999780415,0.16774193548387095,310,0,0,33,0.9810606060606061,0
32.00013,2,0,0,0.0,35.506160000295495,0.7293559997378907,35.526897000181634,0.16720257234726688,311,0,0,33,0.9848484848484849,0
32.03656,2,0,0,0.0,36.402045999693655,0.7840940002097341,36.42615399985516,0.16666666666666663,312,0,0,34,0.9595588235294118,0
32.0729,2,0,0,0.0,36.31580000001122,0.7603129997733049,36.33787200033112,0.16613418530351443,313,0,0,34,0.9632352941176471,0
32.10924,2,0,0,0.0,36.30673699990439,0.7599280002068554,36.326342999927874,0.16560509554140124,314,0,0,34,0.9669117647058824,0
32.14544,2,0,0,0.0,36.17804000032265,0.7567419997940306,36.198073999912594,0.16507936507936505,315,0,0,34,0.9705882352941176,0
32.18188,2,0,0,0.0,36.41600599985395,0.7607729999108415,36.43797999984599,0.16455696202531644,316,0,0,34,0.9742647058823529,0
32.21909,2,0,0,0.0,37.18114900038927,0.8346390000042447,37.20208599997932,0.16403785488958988,317,0,0,34,0.9779411764705882,0
32.25555,2,0,0,0.0,36.42965900007766,0.7665889997952036,36.45039899993208,0.16352201257861632,318,0,0,34,0.9816176470588235,0
32.29454,2,0,0,0.0,38.96144500004084,0.7487729999411386,38.98038999977871,0.1630094043887147,319,0,0,34,0.9852941176470589,0
32.36314,3,1,182,32.3926159999246,36.166543000035745,0.8583100002397259,68.6000900000181,0.2520833333333333,320,0,0,47,0.9587765957446809,0
32.39936,3,0,0,0.0,36.19036899999628,0.8775670003160485,36.208589999660035,0.25129802699896153,321,0,0,47,0.9627659574468085,0
32.4354,3,0,0,0.0,36.01457499962635,0.8851340003275254,36.03345700003047,0.25051759834368525,322,0,0,47,0.9667553191489362,0
32.47138,3,0,0,0.0,35.96231600022293,0.8915840003282938,35.979659000076936,0.24974200206398345,323,0,0,47,0.9707446808510638,0
32.50755,3,0,0,0.0,36.14624700003333,0.8864309997989039,36.16438100016239,0.2489711934156379,324,0,0,47,0.9747340425531915,0
32.54365,3,0,0,0.0,36.04274700001042,0.8733219997338892,36.074720000215166,0.2482051282051282,325,0,0,47,0.9787234042553191,0
32.57985,3,0,0,0.0,36.17997599985756,0.8764069998505875,36.1982839999655,0.24744376278118607,326,0,0,47,0.9827127659574468,0
32.61526,3,0,0,0.0,35.38482899966766,0.8791109999037872,35.402018999775464,0.2466870540265036,327,0,0,47,0.9867021276595744,0
32.65111,3,0,0,0.0,35.83084599995345,0.8945520003180718,35.85092200000872,0.24593495934959353,328,0,0,48,0.9700520833333334,0
32.72045,4,1,249,32.4504289997094,36.84728400003223,1.0655099999894446,69.3307339997773,0.24468085106382975,329,0,0,64,0.974609375,0
32.75736,4,0,0,0.0,36.881104999793024,1.0791219997372536,36.90227200013396,0.2439393939393939,330,0,0,65,0.9634615384615385,0
32.79417,4,0,0,0.0,36.78647600008844,1.0761550001916476,36.804671000027156,0.24320241691842903,331,0,0,65,0.9673076923076923,0
32.83108,4,0,0,0.0,36.882278000121005,1.0840160002771881,36.90898000013476,0.2424698795180723,332,0,0,50,0.97625,0
32.86719,3,0,0,0.0,36.081237999951554,0.9007900002870883,36.098477999985334,0.21821821821821819,333,0,0,50,0.98,0
32.90351,3,0,0,0.0,36.28806999995504,0.9092069999496744,36.31464899990533,0.217564870259481,334,0,0,50,0.98375,0
32.93901,3,0,0,0.0,35.48369300006016,0.8993569999802276,35.50489999997808,0.21691542288557208,335,0,0,50,0.9875,0
32.97531,3,0,0,0.0,36.2618209996981,0.8992779999061895,36.28520599977492,0.21626984126984128,336,0,0,52,0.953125,0
33.01173,3,0,0,0.0,36.400852000042505,0.9214349997819227,36.42068299996026,0.21562809099901092,337,0,0,52,0.9567307692307693,0
33.04787,3,0,0,0.0,36.10718600020846,0.8922900001380185,36.126564999904076,0.21499013806706113,338,0,0,52,0.9603365384615384,0
33.08386,3,0,0,0.0,35.96709199973702,0.9028230001604243,35.98580600009882,0.21435594886922316,339,0,0,52,0.9639423076923077,0
33.12013,3,0,0,0.0,36.251646999971854,0.8978569999271713,36.26971699986825,0.21372549019607845,340,0,0,52,0.9675480769230769,0
33.15626,3,0,0,0.0,36.10170499996457,0.9167869998236711,36.119493000114744,0.21309872922776152,341,0,0,52,0.9711538461538461,0
33.19224,3,0,0,0.0,35.9538889997566,0.917265999760275,35.97798800001328,0.21247563352826515,342,0,0,30,0.975,0
33.22712,2,0,0,0.0,34.85702099987975,0.7008739999037061,34.87389299971255,0.11026615969581754,263,0,0,30,0.9791666666666666,0
33.26278,2,0,0,0.0,35.637341999972705,0.6959620000088762,35.65310200019667,0.10984848484848486,264,0,0,30,0.9833333333333333,0
33.30187,2,0,0,0.0,39.070093000191264,0.6663379999736208,39.08739300004527,0.10943396226415092,265,0,0,30,0.9875,0
33.33773,2,0,0,0.0,35.836738999933004,0.724485000318964,35.85635999979786,0.10902255639097747,266,0,0,31,0.9596774193548387,0
33.37345,2,0,0,0.0,35.69659799995861,0.6826550002188014,35.71335700007694,0.10861423220973787,267,0,0,31,0.9637096774193549,0
33.40907,2,0,0,0.0,35.59202699989328,0.7060340003590682,35.60873400010678,0.10820895522388063,268,0,0,31,0.967741935483871,0
33.44459,2,0,0,0.0,35.50736000033794,0.7049279997772828,35.52358799970534,0.10780669144981414,269,0,0,31,0.9717741935483871,0
33.48158,2,0,0,0.0,36.96130299977085,0.6918079998285975,36.983664000217686,0.1074074074074074,270,0,0,17,0.9963235294117647,0
33.51396,1,0,0,0.0,32.35850200007917,0.6097380000937846,32.37357499983773,0.0,271,0,0,17,1.0,0
33.54597,1,0,0,0.0,31.983177000256546,0.6007150000186812,32.001918999867485,0.0,272,0,0,18,0.9479166666666666,0
33.57783,1,0,0,0.0,31.845518999944034,0.5955619999440387,31.861622000178613,0.0,273,0,0,18,0.9513888888888888,0
33.6101,1,0,0,0.0,32.241505999991205,0.5900510000174108,32.256966999739234,0.0,274,0,0,18,0.9548611111111112,0
33.64202,1,0,0,0.0,31.89766600007715,0.6242710001060914,31.913450000047305,0.0,275,0,0,18,0.9583333333333334,0
33.67403,1,0,0,0.0,31.998885999655613,0.6217699997250747,32.014181000249664,0.0,276,0,0,18,0.9618055555555556,0
33.70663,1,0,0,0.0,32.57229099972392,0.6186049999996612,32.600706000266655,0.0,277,0,0,18,0.9652777777777778,0
33.73904,1,0,0,0.0,32.37762099979591,0.5992440001136856,32.394507999924826,0.0,278,0,0,18,0.96875,0
33.8071,2,1,168,32.80053600019528,35.216454999954294,0.6756820002919994,68.04990599994198,0.19892473118279574,279,0,0,29,0.9676724137931034,0
33.84291,2,0,0,0.0,35.79392900019229,0.6989510002313182,35.81057899964435,0.19821428571428568,280,0,0,29,0.9719827586206896,0
33.87872,2,0,0,0.0,35.78250800001115,0.6741470001543348,35.79929799980164,0.197508896797153,281,0,0,29,0.9762931034482759,0
33.91475,2,0,0,0.0,36.01028899993253,0.6713960001434316,36.02994299990314,0.19680851063829785,282,0,0,29,0.9806034482758621,0
33.95085,2,0,0,0.0,36.077448000014556,0.6884649997118686,36.09749799989004,0.19611307420494695,283,0,0,29,0.9849137931034483,0
33.98686,2,0,0,0.0,35.98094200015112,0.7087520002642123,35.999066999920615,0.19542253521126762,284,0,0,29,0.9892241379310345,0
34.02298,2,0,0,0.0,36.10096900001736,0.6902590002937359,36.11796399991363,0.1947368421052632,285,0,0,29,0.9935344827586207,0
34.0589,2,0,0,0.0,35.89079799985484,0.7044290000521869,35.910286999751406,0.19405594405594406,286,0,0,29,0.9978448275862069,0
34.09417,2,0,0,0.0,35.24606399969343,0.7027209999250772,35.266422999939095,0.19337979094076652,287,0,0,30,0.96875,0
34.12997,2,0,0,0.0,35.78092799989463,0.7110030001058476,35.800493999886385,0.19270833333333337,288,0,0,31,0.9415322580645161,0
34.16597,2,0,0,0.0,35.975921000044764,0.6994969999141176,35.99313399990933,0.19204152249134943,289,0,0,31,0.9455645161290323,0
34.20181,2,0,0,0.0,35.813159000099404,0.6958899998608103,35.83352699979514,0.19137931034482758,290,0,0,31,0.9495967741935484,0
34.2376,2,0,0,0.0,35.76436100001956,0.7315200000448385,35.78118199993696,0.19072164948453607,291,0,0,31,0.9536290322580645,0
34.2746,2,0,0,0.0,36.97549899970909,0.699276999966969,36.99271099958423,0.19006849315068497,292,0,0,31,0.9576612903225806,0
34.31267,2,0,0,0.0,38.052959000197006,0.8289639999929932,38.07009299998754,0.18941979522184305,293,0,0,31,0.9616935483870968,0
34.34865,2,0,0,0.0,35.9431179999774,0.6888820003041474,35.97410400016088,0.18877551020408168,294,0,0,31,0.9657258064516129,0
34.38357,2,0,0,0.0,34.900186999948346,0.6880659998387273,34.91755400000329,0.18813559322033901,295,0,0,31,0.969758064516129,0
34.41937,2,0,0,0.0,35.77599099980944,0.6993629999669793,35.79284600027677,0.1875,296,0,0,31,0.9737903225806451,0
34.45513,2,0,0,0.0,35.73840199987899,0.7141320002119755,35.75518099978581,0.18686868686868685,297,0,0,31,0.9778225806451613,0
34.49082,2,0,0,0.0,35.663397000007535,0.701862999903824,35.68022999979803,0.18624161073825507,298,0,0,31,0.9818548387096774,0
34.52682,2,0,0,0.0,35.9752539998226,0.6910920001246268,35.99252499998329,0.18561872909698995,299,0,0,31,0.9858870967741935,0
34.56268,2,0,0,0.0,35.839484999996785,0.6943869998394803,35.85682099992482,0.18500000000000005,300,0,0,31,0.9899193548387096,0
34.59857,2,0,0,0.0,35.87347199982105,0.689569999849482,35.89046299975962,0.1843853820598007,301,0,0,31,0.9939516129032258,0
34.63454,2,0,0,0.0,35.94287500027349,0.7181089999903634,35.9617240001171,0.1837748344370861,302,0,0,31,0.9979838709677419,0
34.66957,2,0,0,0.0,35.00539599963304,0.7212400000753405,35.026623999783624,0.18316831683168322,303,0,0,32,0.970703125,0
34.70548,2,0,0,0.0,35.88002400010737,0.7170690000748436,35.89894800006732,0.18256578947368418,304,0,0,33,0.9450757575757576,0
34.74115,2,0,0,0.0,35.64224499996271,0.7107189999260299,35.658823999710876,0.18196721311475406,305,0,0,33,0.9488636363636364,0
34.7769,2,0,0,0.0,35.728326000025845,0.7063709999783896,35.74473700018643,0.18137254901960786,306,0,0,33,0.9526515151515151,0
34.81274,2,0,0,0.0,35.82226600019567,0.6985550003264507,35.838556999806315,0.1807817589576547,307,0,0,33,0.9564393939393939,0
34.84842,2,0,0,0.0,35.650439000164624,0.6971520001570752,35.667432000082044,0.18019480519480524,308,0,0,33,0.9602272727272727,0
34.88416,2,0,0,0.0,35.7255490002899,0.7207160001598822,35.74239199997464,0.17961165048543692,309,0,0,33,0.9640151515151515,0
34.9201,2,0,0,0.0,35.91390200017486,0.7117420000213315,35.93122900019807,0.17903225806451617,310,0,0,33,0.9678030303030303,0
34.95511,2,0,0,0.0,34.98773899991647,0.7111340000847122,35.00532699990799,0.17845659163987138,311,0,0,33,0.9715909090909091,0
34.99097,2,0,0,0.0,35.83460100026059,0.7190649998847221,35.85345600004075,0.17788461538461542,312,0,0,33,0.9753787878787878,0
35.02703,2,0,0,0.0,36.041710000063176,0.7168170000113605,36.057769000308326,0.1773162939297125,313,0,0,33,0.9791666666666666,0
35.06277,2,0,0,0.0,35.71590299998206,0.7174659999691357,35.73280899991005,0.17675159235668791,314,0,0,33,0.9829545454545454,0
35.0987,2,0,0,0.0,35.912908999762294,0.7064660003379686,35.929848000250786,0.17619047619047623,315,0,0,33,0.9867424242424242,0
35.13478,2,0,0,0.0,36.051856000085536,0.715584999852581,36.068710000108695,0.1756329113924051,316,0,0,33,0.990530303030303,0
35.17074,2,0,0,0.0,35.93772000022,0.7122730003175093,35.95547299983082,0.17507886435331232,317,0,0,33,0.9943181818181818,0
35.20682,2,0,0,0.0,36.05957399986437,0.7112830003279669,36.07654899997215,0.17452830188679247,318,0,0,33,0.9981060606060606,0
35.24181,2,0,0,0.0,34.96976899987203,0.7094540001162386,34.988640999927156,0.1739811912225705,319,0,0,34,0.9724264705882353,0
35.27957,2,0,0,0.0,37.735710999641014,0.7159529995988123,37.75644300003478,0.17343750000000002,320,0,0,35,0.9482142857142857,0
35.31672,2,0,0,0.0,37.12838500041471,0.8914929999264132,37.14524899987737,0.1728971962616822,321,0,0,35,0.9517857142857142,0
35.3532,2,0,0,0.0,36.453010000059294,0.7187219998741057,36.47177599987117,0.172360248447205,322,0,0,35,0.9553571428571429,0
35.39202,2,0,0,0.0,38.794984000105615,0.7606340000165801,38.81799000009778,0.1718266253869969,323,0,0,35,0.9589285714285715,0
35.43103,2,0,0,0.0,38.97307199986244,0.8244310001828126,38.99452299992845,0.17129629629629628,324,0,0,35,0.9625,0
35.46841,2,0,0,0.0,37.357111999881454,0.7881760002419469,37.37900899977831,0.17076923076923078,325,0,0,35,0.9660714285714286,0
35.50569,2,0,0,0.0,37.252363999868976,0.8092479997685587,37.27761299978738,0.17024539877300615,326,0,0,35,0.9696428571428571,0
35.54194,2,0,0,0.0,36.2149299999146,0.7632589999957418,36.2355270003718,0.16972477064220182,327,0,0,35,0.9732142857142857,0
35.57923,2,0,0,0.0,37.2635009998703,0.7875030000832339,37.28420100014773,0.16920731707317072,328,0,0,35,0.9767857142857143,0
35.61603,2,0,0,0.0,36.77622499981226,0.7659249999960593,36.79498700012118,0.16869300911854102,329,0,0,35,0.9803571428571428,0
35.65265,2,0,0,0.0,36.584910999863496,0.7546860001639288,36.617692000163515,0.1681818181818182,330,0,0,35,0.9839285714285714,0
35.68919,2,0,0,0.0,36.50916599963239,0.7439019996127172,36.52816300018458,0.16767371601208458,331,0,0,35,0.9875,0
35.72577,2,0,0,0.0,36.55494400027237,0.753911000174412,36.57384800044383,0.16716867469879515,332,0,0,35,0.9910714285714286,0
35.76237,2,0,0,0.0,36.58435699981055,0.7349019997491268,36.60311700014063,0.16666666666666663,333,0,0,35,0.9946428571428572,0
35.79863,2,0,0,0.0,36.232182000276225,0.7751400003144227,36.26267299978281,0.1661676646706587,334,0,0,35,0.9982142857142857,0
35.83408,2,0,0,0.0,35.41279899991423,0.7404560001305072,35.435156999938044,0.16567164179104477,335,0,0,36,0.9739583333333334,0
35.87028,2,0,0,0.0,36.175178999656055,0.747506000152498,36.195748999944044,0.1651785714285714,336,0,0,37,0.9510135135135135,0
35.90662,2,0,0,0.0,36.312530000031984,0.7643489998372388,36.33021200039366,0.16468842729970323,337,0,0,37,0.9543918918918919,0
35.94268,2,0,0,0.0,36.01895000019795,0.7380039996860432,36.05156399999032,0.16420118343195267,338,0,0,37,0.9577702702702703,0
35.97871,2,0,0,0.0,36.012317999848165,0.7390259997919202,36.032073000114906,0.16371681415929207,339,0,0,37,0.9611486486486487,0
36.01579,2,0,0,0.0,37.04914900026779,0.755300999571773,37.06756099973063,0.16323529411764703,340,0,0,37,0.964527027027027,0
36.0523,2,0,0,0.0,36.48644799977774,0.7467880000149307,36.50389499989615,0.16275659824046917,341,0,0,37,0.9679054054054054,0
36.08871,2,0,0,0.0,36.389723999946,0.7686310000281082,36.408099999789556,0.16228070175438591,342,0,0,37,0.9712837837837838,0
36.12407,2,0,0,0.0,35.3389890001381,0.758065999889368,35.35696800008736,0.16180758017492713,343,0,0,37,0.9746621621621622,0
36.15993,2,0,0,0.0,35.82838800002719,0.7504720001634269,35.84697299993422,0.16133720930232553,344,0,0,37,0.9780405405405406,0
36.19616,2,0,0,0.0,36.199430000124266,0.7494270003007841,36.23086700008571,0.16086956521739126,345,0,0,22,0.9829545454545454,0
36.22896,1,0,0,0.0,32.77225500005443,0.7197530003395514,32.79114199995092,0.0,346,0,0,22,0.9857954545454546,0
36.26154,1,0,0,0.0,32.55892000015592,0.6794949999857636,32.57817799976692,0.0,347,0,0,22,0.9886363636363636,0
36.29666,1,0,0,0.0,35.07069099987348,0.6691110002066125,35.11465700012195,0.0,348,0,0,0,0.0,0
37.3012,1,1,147,34.08805000026405,35.28647599978285,0.6156550002742733,69.42952700001115,0.0,147,0,0,10,0.925,0
37.334,1,0,0,0.0,32.774042999790254,0.629258000117261,32.79799700021613,0.0,148,0,0,10,0.93125,0
37.36674,1,0,0,0.0,32.702382000024954,0.6388480001078278,32.725647000006575,0.0,149,0,0,10,0.9375,0
37.39915,1,0,0,0.0,32.37298800013377,0.6309929999588348,32.40166000023237,0.0,150,0,0,10,0.94375,0
37.43197,1,0,0,0.0,32.7965999999833,0.6074890002309985,32.81463899975279,0.0,151,0,0,10,0.95,0
37.46396,1,0,0,0.0,31.9666780001171,0.5760750000263215,31.983406000108516,0.0,152,0,0,10,0.95625,0
37.49626,1,0,0,0.0,32.27303599987863,0.569952000205376,32.293456999923364,0.0,153,0,0,10,0.9625,0
37.52893,1,0,0,0.0,32.64601499995479,0.6425859996852523,32.66460400027427,0.0,154,0,0,10,0.96875,0
37.56121,1,0,0,0.0,32.240445999832446,0.5892200001653691,32.26075200018386,0.0,155,0,0,10,0.975,0
37.59451,1,0,0,0.0,33.27282100008233,0.6280829998104309,33.294891999958054,0.0,156,0,0,10,0.98125,0
37.62716,1,0,0,0.0,32.621250999909535,0.6501610000668734,32.64184500039846,0.0,157,0,0,10,0.9875,0
37.65979,1,0,0,0.0,32.60744199997134,0.6376569999702042,32.63090900009047,0.0,158,0,0,10,0.99375,0
37.69243,1,0,0,0.0,32.60777800005599,0.62382299984165,32.631296000090515,0.0,159,0,0,10,1.0,0
37.72519,1,0,0,0.0,32.72995500037723,0.6399629996849399,32.75422500018976,0.0,160,0,0,11,0.9147727272727273,0
37.7577,1,0,0,0.0,32.48113000017838,0.6540409999615804,32.50425400028689,0.0,161,0,0,11,0.9204545454545454,0
37.79012,1,0,0,0.0,32.38884099982897,0.6002249997436593,32.411057999979676,0.0,162,0,0,11,0.9261363636363636,0
37.82277,1,0,0,0.0,32.61847299972942,0.6239560002541111,32.63874799995392,0.0,163,0,0,11,0.9318181818181818,0
37.85512,1,0,0,0.0,32.32824499991693,0.5974790001346264,32.34739300023648,0.0,164,0,0,11,0.9375,0
37.88751,1,0,0,0.0,32.357245000184776,0.6188010002006195,32.3777409998911,0.0,165,0,0,11,0.9431818181818182,0
37.92007,1,0,0,0.0,32.53634199973021,0.6164060000628524,32.55606299990177,0.0,166,0,0,11,0.9488636363636364,0
37.95245,1,0,0,0.0,32.35912699983601,0.6208149998201407,32.377246000123705,0.0,167,0,0,11,0.9545454545454546,0
37.98456,1,0,0,0.0,32.087177999983396,0.607801000114705,32.10378700032379,0.0,168,0,0,11,0.9602272727272727,0
38.0166,1,0,0,0.0,32.01300899991111,0.5935350000072503,32.0297869998285,0.0,169,0,0,11,0.9659090909090909,0
38.04875,1,0,0,0.0,32.1261650001361,0.6122280001363833,32.14657900025486,0.0,170,0,0,11,0.9715909090909091,0
38.08095,1,0,0,0.0,32.17583400009971,0.5930709999120154,32.195904000218434,0.0,171,0,0,11,0.9772727272727273,0
38.11304,1,0,0,0.0,32.060518999969645,0.594052999986161,32.078482000088115,0.0,172,0,0,11,0.9829545454545454,0
38.14493,1,0,0,0.0,31.871080999735568,0.6054969999240711,31.88986500026658,0.0,173,0,0,11,0.9886363636363636,0
38.17688,1,0,0,0.0,31.926466999721015,0.5750489999627462,31.944947999818396,0.0,174,0,0,11,0.9943181818181818,0
38.20892,1,0,0,0.0,32.012140000006184,0.5844860002071073,32.0307040001353,0.0,175,0,0,11,1.0,0
38.27726,2,1,227,31.93560099998649,36.34778599962374,0.6581739999091951,68.34026800015636,0.11233480176211452,227,0,0,27,0.9375,0
38.31455,2,0,0,0.0,37.25610500032417,0.7716889999755949,37.27506599989283,0.11184210526315785,228,0,0,27,0.9421296296296297,0
38.35062,2,0,0,0.0,36.05049100042379,0.7172710002123495,36.07151000005615,0.111353711790393,229,0,0,27,0.9467592592592593,0
38.38679,2,0,0,0.0,36.11881500000891,0.6987669999034551,36.14042600020184,0.11086956521739133,230,0,0,27,0.9513888888888888,0
38.42224,2,0,0,0.0,35.423916000127065,0.69087399970158,35.44391399964297,0.11038961038961037,231,0,0,27,0.9560185185185185,0
38.4582,2,0,0,0.0,35.93194899985974,0.7603290000588458,35.95239700007369,0.10991379310344829,232,0,0,27,0.9606481481481481,0
38.49409,2,0,0,0.0,35.86085000006278,0.7108939998943242,35.88160900017101,0.1094420600858369,233,0,0,27,0.9652777777777778,0
38.53001,2,0,0,0.0,35.89061599996057,0.7136099998206191,35.910317999878316,0.10897435897435892,234,0,0,27,0.9699074074074074,0
38.56587,2,0,0,0.0,35.8382550002716,0.7083300001795578,35.85947200008377,0.10851063829787233,235,0,0,27,0.9745370370370371,0
38.60162,2,0,0,0.0,35.714892000214604,0.6979489999139332,35.73656899970956,0.10805084745762716,236,0,0,27,0.9791666666666666,0
38.63763,2,0,0,0.0,35.96462599989536,0.686262999806786,36.02508400035731,0.10759493670886078,237,0,0,27,0.9837962962962963,0
38.6736,2,0,0,0.0,35.92126700004883,0.6895930000609951,35.94152000005124,0.1071428571428571,238,0,0,27,0.9884259259259259,0
38.70853,2,0,0,0.0,34.908857999653264,0.7130440003493277,34.92720799977178,0.10669456066945604,239,0,0,27,0.9930555555555556,0
38.74424,2,0,0,0.0,35.68020200009414,0.7002120000834111,35.70297499982189,0.10624999999999996,240,0,0,28,0.9620535714285714,0
38.78014,2,0,0,0.0,35.873221999736415,0.7177699999374454,35.89231199975984,0.10580912863070535,241,0,0,28,0.9665178571428571,0
38.81595,2,0,0,0.0,35.78731899960985,0.7000309997238219,35.810709999623214,0.10537190082644632,242,0,0,16,0.94921875,0
38.84791,1,0,0,0.0,31.93081200015513,0.6003359999340319,31.94771199969182,0.0,243,0,0,16,0.953125,0
38.87968,1,0,0,0.0,31.746845999805373,0.5863250003130815,31.763983000018925,0.0,244,0,0,16,0.95703125,0
38.91171,1,0,0,0.0,32.01272700016489,0.585396000133187,32.0293119998496,0.0,245,0,0,16,0.9609375,0
38.94354,1,0,0,0.0,31.808550000278046,0.6006159997014038,31.826516999899468,0.0,246,0,0,16,0.96484375,0
38.97528,1,0,0,0.0,31.71827400001348,0.614270000369288,31.73449099995196,0.0,247,0,0,16,0.96875,0
39.00712,1,0,0,0.0,31.812354999601666,0.6108490001679456,31.8281750001006,0.0,248,0,0,16,0.97265625,0
39.03899,1,0,0,0.0,31.85179000001881,0.5977539999548753,31.868831999872782,0.0,249,0,0,16,0.9765625,0
39.07084,1,0,0,0.0,31.823152000015398,0.5852459999005077,31.84332799992262,0.0,250,0,0,16,0.98046875,0
39.10281,1,0,0,0.0,31.95085500010464,0.5951750003987399,31.968829999641457,0.0,251,0,0,16,0.984375,0
39.13488,1,0,0,0.0,32.04471199978798,0.5941919998804224,32.06195499979003,0.0,252,0,0,16,0.98828125,0
39.16683,1,0,0,0.0,31.922883999868645,0.5927259999225498,31.940327000029356,0.0,253,0,0,16,0.9921875,0
39.19889,1,0,0,0.0,32.037471999956324,0.6026609999025823,32.05696599980001,0.0,254,0,0,16,0.99609375,0
39.23103,1,0,0,0.0,32.11796799996591,0.6088969998927496,32.13539899979878,0.0,255,0,0,16,1.0,0
39.30053,2,1,228,31.680778999998438,37.777367000217055,0.6797600003665139,69.49836499961748,0.0546875,256,0,0,32,0.94921875,0
39.33622,2,0,0,0.0,35.660476999964885,0.7171910001488868,35.678278999967006,0.054474708171206254,257,0,0,32,0.953125,0
39.37175,2,0,0,0.0,35.510449999947014,0.7174620000114373,35.527807000107714,0.054263565891472854,258,0,0,32,0.95703125,0
39.40715,2,0,0,0.0,35.37163100008911,0.6830039997112181,35.38867499992193,0.05405405405405406,259,0,0,32,0.9609375,0
39.44255,2,0,0,0.0,35.37637400040694,0.703495999914594,35.39256899966858,0.05384615384615388,260,0,0,32,0.96484375,0
39.47796,2,0,0,0.0,35.39138899986938,0.7012920000306622,35.408598000230995,0.05363984674329503,261,0,0,32,0.96875,0
39.51383,2,0,0,0.0,35.84688799992364,0.7043660002636898,35.86466399974597,0.05343511450381677,262,0,0,32,0.97265625,0
39.54855,2,0,0,0.0,34.70285999992484,0.6880470000396599,34.72078499999043,0.05323193916349811,263,0,0,32,0.9765625,0
39.61637,3,1,153,32.14300799982084,35.630201999993005,0.7896049996816146,67.80680199972267,0.1755050505050505,264,0,0,42,0.9761904761904762,0
39.65198,3,0,0,0.0,35.59223699994618,0.8220269996854768,35.60997900012808,0.17484276729559745,265,0,0,42,0.9806547619047619,0
39.6875,3,0,0,0.0,35.496096999850124,0.7903989999249461,35.51370400009546,0.1741854636591479,266,0,0,42,0.9851190476190477,0
39.72317,3,0,0,0.0,35.648494999804825,0.8251340000242635,35.6666130001031,0.17353308364544318,267,0,0,42,0.9895833333333334,0
39.75912,3,0,0,0.0,35.92065900011221,0.8010400001694506,35.94583299991427,0.17288557213930345,268,0,0,43,0.9709302325581395,0
39.79512,3,0,0,0.0,35.96720899986394,0.8217169997806195,35.98742599979232,0.17224287484510536,269,0,0,43,0.9752906976744186,0
39.83105,3,0,0,0.0,35.9079070003645,0.8040070001698041,35.92755699992267,0.17160493827160495,270,0,0,43,0.9796511627906976,0
39.8661,3,0,0,0.0,35.01297399998293,0.8138529997268051,35.03928200007067,0.1709717097170972,271,0,0,44,0.9616477272727273,0
39.90179,3,0,0,0.0,35.66529699992316,0.8070820003922563,35.685122000359115,0.1703431372549019,272,0,0,45,0.9444444444444444,0
39.93774,3,0,0,0.0,35.92334999984814,0.8538550000594114,35.94363899992459,0.16971916971916967,273,0,0,45,0.9486111111111111,0
39.97355,3,0,0,0.0,35.785952000424004,0.821296000140137,35.80443100008779,0.16909975669099753,274,0,0,45,0.9527777777777777,0
40.00937,3,0,0,0.0,35.802998000235675,0.8415870001954318,35.82108499995229,0.16848484848484846,275,0,0,45,0.9569444444444445,0
40.04517,3,0,0,0.0,35.775572000147804,0.837139999930514,35.79427800013946,0.16787439613526567,276,0,0,45,0.9611111111111111,0
40.08081,3,0,0,0.0,35.61332000026596,0.8137489999171521,35.630971000045975,0.16726835138387486,277,0,0,45,0.9652777777777778,0
40.11672,3,0,0,0.0,35.88003799995931,0.8232300001509429,35.89860400006728,0.16666666666666663,278,0,0,45,0.9694444444444444,0
40.18469,4,1,89,32.13212300033774,35.79291400001239,0.9312260003753181,67.96591499960414,0.2948028673835126,279,0,0,51,0.9693627450980392,0
40.22139,4,0,0,0.0,36.671768999894994,0.9420219998901302,36.69379800021488,0.29374999999999996,280,0,0,51,0.9742647058823529,0
40.258,4,0,0,0.0,36.5844120001384,0.9641609999562206,36.6055139998025,0.29270462633451955,281,0,0,51,0.9791666666666666,0
40.2968,4,0,0,0.0,38.76969900011318,0.9325109999736014,38.79100899985133,0.29166666666666663,282,0,0,51,0.9840686274509803,0
40.33346,4,0,0,0.0,36.6419480001241,0.9458499998800107,36.66045699992537,0.2906360424028268,283,0,0,51,0.9889705882352942,0
40.37016,4,0,0,0.0,36.66910099991583,0.9635090000301716,36.69134200026747,0.289612676056338,284,0,0,52,0.9747596153846154,0
40.4068,4,0,0,0.0,36.61234399987734,0.9754399998200824,36.63371199991161,0.2885964912280702,285,0,0,52,0.9795673076923077,0
40.44354,4,0,0,0.0,36.71596000003774,0.9516240002085397,36.7386479997549,0.2875874125874126,286,0,0,53,0.9658018867924528,0
40.47935,4,0,0,0.0,35.774455000137095,0.9728549998726521,35.798120999970706,0.28658536585365857,287,0,0,54,0.9525462962962963,0
40.51624,4,0,0,0.0,36.8677880001087,0.9739330002958013,36.88988700014306,0.2855902777777778,288,0,0,55,0.9397727272727273,0
40.55302,4,0,0,0.0,36.752625000190164,0.9939470000972506,36.77489500023512,0.28460207612456745,289,0,0,55,0.9443181818181818,0
40.59013,4,0,0,0.0,37.08259099994393,0.9712739997667086,37.104634000115766,0.2836206896551724,290,0,0,55,0.9488636363636364,0
40.62697,4,0,0,0.0,36.80886000029204,0.9976620003726566,36.82909799999834,0.28264604810996563,291,0,0,55,0.9534090909090909,0
40.66367,4,0,0,0.0,36.67499199991653,0.9746010000526439,36.69750100016245,0.2816780821917808,292,0,0,55,0.9579545454545455,0
40.70027,4,0,0,0.0,36.571739000009984,0.9749390001161373,36.593068999991374,0.28071672354948807,293,0,0,55,0.9625,0
40.73708,4,0,0,0.0,36.784531000193965,1.0068229998978495,36.80403699991075,0.27976190476190477,294,0,0,55,0.9670454545454545,0
40.77311,4,0,0,0.0,36.006032999921445,0.9848479999163828,36.028530999828945,0.2788135593220339,295,0,0,55,0.9715909090909091,0
40.81037,4,0,0,0.0,37.230683999951,1.0052089996861469,37.25182100015445,0.2778716216216216,296,0,0,55,0.9761363636363637,0
40.84739,4,0,0,0.0,36.98674800034496,1.023018000068987,37.00758900004075,0.2769360269360269,297,0,0,55,0.9806818181818182,0
40.88411,4,0,0,0.0,36.69818200023656,1.0121459999936633,36.7211220000172,0.2760067114093959,298,0,0,55,0.9852272727272727,0
40.92128,4,0,0,0.0,37.13480599981267,1.0124560003532679,37.15722199967786,0.27508361204013376,299,0,0,55,0.9897727272727272,0
40.95834,4,0,0,0.0,37.028490000011516,1.040030999774899,37.0531859998664,0.27416666666666667,300,0,0,56,0.9765625,0
40.99531,4,0,0,0.0,36.939512999651924,1.0308219998478307,36.96224000032089,0.2732558139534884,301,0,0,56,0.9810267857142857,0
41.03237,4,0,0,0.0,37.03191800013883,1.0389239996584365,37.05507899985605,0.2723509933774835,302,0,0,57,0.9682017543859649,0
41.06861,4,0,0,0.0,36.21216900000945,1.0362580001128663,36.236731999906624,0.27145214521452143,303,0,0,58,0.9558189655172413,0
41.10561,4,0,0,0.0,36.97151300002588,1.0164129998884164,36.99533400003929,0.2705592105263158,304,0,0,59,0.9438559322033898,0
41.14278,4,0,0,0.0,37.141450999570225,1.0145480000574025,37.16336100023909,0.26967213114754096,305,0,0,59,0.948093220338983,0
41.17979,4,0,0,0.0,36.97889800014309,1.0242289999951026,37.00380399959613,0.26879084967320266,306,0,0,59,0.9523305084745762,0
41.21685,4,0,0,0.0,37.03414099982183,1.0263129997838405,37.05587900003593,0.2679153094462541,307,0,0,59,0.9565677966101694,0
41.25404,4,0,0,0.0,37.158123000153864,1.0274320002281456,37.18426399973396,0.2670454545454546,308,0,0,59,0.9608050847457628,0
41.29372,4,0,0,0.0,39.64206899991041,1.0714249997363368,39.67130899991389,0.2661812297734628,309,0,0,59,0.965042372881356,0
41.33138,4,0,0,0.0,37.626158999955805,1.0690170001907973,37.650970999948186,0.26532258064516134,310,0,0,59,0.9692796610169492,0
41.36819,4,0,0,0.0,36.779783999918436,1.1004100001628103,36.80791299984776,0.26446945337620575,311,0,0,59,0.9735169491525424,0
41.40538,4,0,0,0.0,37.15048200001547,1.091264000024239,37.17260299981717,0.2636217948717948,312,0,0,59,0.9777542372881356,0
41.44225,4,0,0,0.0,36.85049599971535,1.0550749998401443,36.86964899998202,0.262779552715655,313,0,0,59,0.9819915254237288,0
41.47884,4,0,0,0.0,36.56498100008321,1.0613179997562838,36.584105000201816,0.26194267515923564,314,0,0,59,0.986228813559322,0
41.51556,4,0,0,0.0,36.69183200008774,1.0160790002373687,36.71141299992087,0.26111111111111107,315,0,0,59,0.9904661016949152,0
41.55214,4,0,0,0.0,36.54624799992234,1.0611830002744682,36.56920999992508,0.26028481012658233,316,0,0,60,0.978125,0
41.58875,4,0,0,0.0,36.59129600009692,1.0447310000927246,36.60968900021544,0.2594637223974764,317,0,0,60,0.9822916666666667,0
41.62536,4,0,0,0.0,36.58110199967268,1.0212680003860442,36.60216300022512,0.2586477987421384,318,0,0,61,0.9702868852459017,0
41.66103,4,0,0,0.0,35.64422699992065,1.0424299998703646,35.664784999880794,0.25783699059561127,319,0,0,62,0.9586693548387096,0
41.69745,4,0,0,0.0,36.39658200017948,1.021344000037061,36.41672899993864,0.25703125000000004,320,0,0,63,0.9474206349206349,0
41.73401,4,0,0,0.0,36.53749199975209,1.0534960001677973,36.55484399996567,0.2562305295950156,321,0,0,63,0.9513888888888888,0
41.77039,4,0,0,0.0,36.36093100021753,1.0265460000482562,36.37934000016685,0.2554347826086957,322,0,0,63,0.9553571428571429,0
41.80702,4,0,0,0.0,36.60487200022544,1.074834000064584,36.62481799983652,0.25464396284829727,323,0,0,63,0.9593253968253969,0
41.84372,4,0,0,0.0,36.6704079997362,1.0476739998921403,36.688488999971014,0.253858024691358,324,0,0,63,0.9632936507936508,0
41.88029,4,0,0,0.0,36.55213499996535,1.0424870001770614,36.57051600021077,0.2530769230769231,325,0,0,63,0.9672619047619048,0
41.91697,4,0,0,0.0,36.65500999977667,1.0713679998843872,36.67395899992698,0.25230061349693256,326,0,0,63,0.9712301587301587,0
41.95278,4,0,0,0.0,35.77515000006315,1.0479550001036841,35.80247599984432,0.25152905198776754,327,0,0,44,0.9701704545454546,0
41.98832,3,0,0,0.0,35.52046599997993,0.8521260001543851,35.5390830000033,0.30589430894308944,328,0,0,44,0.9744318181818182,0
42.02415,3,0,0,0.0,35.80163500009803,0.9127749999606749,35.8250119998047,0.3049645390070922,329,0,0,30,0.9791666666666666,0
42.05974,2,0,0,0.0,35.56461700009095,0.7041509998089168,35.58160400007182,0.28787878787878785,330,0,0,30,0.9833333333333333,0
42.09505,2,0,0,0.0,35.28908600037539,0.6967889999032195,35.305579000123544,0.2870090634441088,331,0,0,30,0.9875,0
42.1626,3,1,224,31.661285999689426,35.85074900001928,0.8461779998469865,67.54648900005122,0.2991967871485943,332,0,0,45,0.9736111111111111,0
42.19855,3,0,0,0.0,35.92352299983759,0.8773200001996884,35.94352600021011,0.29829829829829835,333,0,0,45,0.9777777777777777,0
42.23452,3,0,0,0.0,35.92573200012339,0.8814520001578785,35.94656399991436,0.29740518962075846,334,0,0,46,0.9605978260869565,0
42.27003,3,0,0,0.0,35.492526999860274,0.8827019996715535,35.51678499979971,0.2965174129353234,335,0,0,46,0.9646739130434783,0
42.30844,3,0,0,0.0,38.36447699995915,0.9397459998581326,38.40135900009045,0.2956349206349206,336,0,0,25,0.94,0
42.34473,2,0,0,0.0,36.251901000014186,0.7625139996889629,36.27389800021774,0.17903930131004364,229,0,0,25,0.945,0
42.38084,2,0,0,0.0,36.09155000003739,0.6987749998188519,36.11382000008234,0.17826086956521736,230,0,0,25,0.95,0
42.41616,2,0,0,0.0,35.28581499995198,0.6919820002622146,35.30514099975335,0.17748917748917747,231,0,0,25,0.955,0
42.45209,2,0,0,0.0,35.9117520001746,0.7166119999055809,35.93123100017692,0.17672413793103448,232,0,0,25,0.96,0
42.48788,2,0,0,0.0,35.76406999991377,0.703351000083785,35.78419199993732,0.1759656652360515,233,0,0,25,0.965,0
42.5237,2,0,0,0.0,35.792938000213326,0.6744990000697726,35.81177299975025,0.17521367521367526,234,0,0,25,0.97,0
42.55936,2,0,0,0.0,35.635644999729266,0.6701550000798306,35.65522600001714,0.174468085106383,235,0,0,25,0.975,0
42.6276,3,1,197,32.45992500023931,35.731068999666604,0.7843049997973139,68.22631299974091,0.17090395480225984,236,0,0,38,0.9703947368421053,0
42.6632,3,0,0,0.0,35.577385000124195,0.789703999998892,35.5975459997353,0.170182841068917,237,0,0,38,0.975328947368421,0
42.73183,4,1,228,31.920204000016383,36.66797900041274,0.9147020000455086,68.62460399997872,0.13760504201680668,238,0,0,53,0.972877358490566,0
42.76786,4,0,0,0.0,36.001825999846915,0.9176270000352815,36.022641000272415,0.13702928870292885,239,0,0,53,0.9775943396226415,0
42.80441,4,0,0,0.0,36.521465000078024,0.902860999758559,36.543055000038294,0.13645833333333335,240,0,0,54,0.9641203703703703,0
42.84111,4,0,0,0.0,36.67298399977881,0.9289149998039647,36.693708000257175,0.13589211618257258,241,0,0,54,0.96875,0
42.87806,4,0,0,0.0,36.918028999934904,0.9399849996043486,36.94116899987421,0.13533057851239672,242,0,0,55,0.9556818181818182,0
42.91476,4,0,0,0.0,36.68039600006523,0.9121520001826866,36.70082100006766,0.1347736625514403,243,0,0,55,0.9602272727272727,0
42.95172,4,0,0,0.0,36.927533999914885,0.918470999749843,36.94688099994892,0.13422131147540983,244,0,0,55,0.9647727272727272,0
42.98837,4,0,0,0.0,36.633993000123155,0.9145159997387964,36.65235600010419,0.13367346938775515,245,0,0,55,0.9693181818181819,0
43.02517,4,0,0,0.0,36.77192900022419,0.9358059996884549,36.789684999803285,0.13313008130081305,246,0,0,55,0.9738636363636364,0
43.06127,4,0,0,0.0,36.076124000373966,0.9338100003333238,36.09723999989001,0.1325910931174089,247,0,0,56,0.9609375,0
43.09771,4,0,0,0.0,36.41783800003395,0.9414650003236602,36.43646499995157,0.13205645161290325,248,0,0,56,0.9654017857142857,0
43.13462,4,0,0,0.0,36.88241400004699,0.9236939999937022,36.89979199998561,0.13152610441767065,249,0,0,56,0.9698660714285714,0
43.17156,4,0,0,0.0,36.88842700012174,0.921000999824173,36.93297000017992,0.131,250,0,0,57,0.9572368421052632,0
43.20858,4,0,0,0.0,36.99311799982752,0.9584249996805738,37.016689000211045,0.13047808764940239,251,0,0,57,0.9616228070175439,0
43.24585,4,0,0,0.0,37.239265000152955,0.9744829999362992,37.26712100024088,0.12996031746031744,252,0,0,46,0.9646739130434783,0
43.28361,3,0,0,0.0,37.728444000094896,0.8209480001823977,37.74915499980125,0.06455862977602111,253,0,0,46,0.96875,0
43.31983,3,0,0,0.0,36.19582700002866,0.8893260001059389,36.21547900002042,0.06430446194225725,254,0,0,46,0.9728260869565217,0
43.35507,3,0,0,0.0,35.21161900016523,0.8317000001625274,35.232688000178314,0.06405228758169934,255,0,0,46,0.9769021739130435,0
43.3908,3,0,0,0.0,35.7011779997265,0.8153710000442516,35.72396299978209,0.06380208333333337,256,0,0,47,0.9601063829787234,0
43.42668,3,0,0,0.0,35.8571970000412,0.8290390001093328,35.87621399992713,0.06355382619974059,257,0,0,47,0.964095744680851,0
43.46255,3,0,0,0.0,35.84509499978594,0.8179779997590231,35.86606699991535,0.06330749354005172,258,0,0,47,0.9680851063829787,0
43.49867,3,0,0,0.0,36.08666299987817,0.8567310001126316,36.10958600029335,0.06306306306306309,259,0,0,47,0.9720744680851063,0
43.53489,3,0,0,0.0,36.18922400028168,0.8420630001637619,36.21008800018899,0.06282051282051282,260,0,0,47,0.976063829787234,0
43.57091,3,0,0,0.0,35.990449999644625,0.8446379997621989,36.01195600003848,0.06257982120051087,261,0,0,47,0.9800531914893617,0
43.60693,3,0,0,0.0,35.9936340000786,0.8316729999933159,36.015149999911955,0.06234096692111957,262,0,0,47,0.9840425531914894,0
43.64221,3,0,0,0.0,35.2559680000013,0.8407159998569114,35.27884000004633,0.06210392902408113,263,0,0,48,0.9674479166666666,0
43.67812,3,0,0,0.0,35.87632499966276,0.87455700031569,35.897274000035395,0.06186868686868685,264,0,0,48,0.9713541666666666,0
43.71394,3,0,0,0.0,35.793005999948946,0.8427960001426982,35.81292699982441,0.06163522012578615,265,0,0,48,0.9752604166666666,0
43.74978,3,0,0,0.0,35.82023400031176,0.8279770004264719,35.84184000010282,0.06140350877192979,266,0,0,49,0.9591836734693877,0
43.78562,3,0,0,0.0,35.81591899956038,0.8461639999950421,35.85746899989317,0.06117353308364548,267,0,0,49,0.9630102040816326,0
43.82157,3,0,0,0.0,35.8945049997601,0.8498580000377842,35.913617000005615,0.06094527363184077,268,0,0,49,0.9668367346938775,0
43.85737,3,0,0,0.0,35.776752999936434,0.8603079995737062,35.795743000107905,0.060718711276332105,269,0,0,49,0.9706632653061225,0
43.92655,4,1,142,32.35767600017425,36.775500000203465,0.9484070001235523,69.17017799969472,0.16388888888888886,270,0,0,58,0.9773706896551724,0
43.96244,4,0,0,0.0,35.87105199994767,0.9918540004036913,35.890534999907686,0.16328413284132837,271,0,0,58,0.9816810344827587,0
43.99899,4,0,0,0.0,36.5243289998034,0.9775110002010479,36.545950999880006,0.1626838235294118,272,0,0,60,0.953125,0
44.03547,4,0,0,0.0,36.44876599992131,0.9489880003457074,36.46616600008201,0.16208791208791207,273,0,0,60,0.9572916666666667,0
44.072,4,0,0,0.0,36.50960499999201,0.9886080001706432,36.527506000311405,0.16149635036496346,274,0,0,60,0.9614583333333333,0
44.10848,4,0,0,0.0,36.45977900032449,0.957975000346778,36.47747699960746,0.1609090909090909,275,0,0,60,0.965625,0
44.17776,5,1,200,32.39711800006262,36.83612199984054,1.1137310002595768,69.27025300001333,0.18333333333333335,276,0,0,73,0.9691780821917808,0
44.21448,5,0,0,0.0,36.69766499979232,1.1250119996475405,36.72050300019691,0.18267148014440437,277,0,0,73,0.973458904109589,0
44.25146,5,0,0,0.0,36.94686900007582,1.1622230003922596,36.966155000300205,0.1820143884892086,278,0,0,73,0.9777397260273972,0
44.28961,5,0,0,0.0,38.12373500022659,1.1703320001288375,38.14638899984857,0.18136200716845874,279,0,0,74,0.96875,0
44.32663,5,0,0,0.0,36.99312800017651,1.1392420001357095,37.03450300008626,0.18071428571428572,280,0,0,74,0.972972972972973,0
44.36372,5,0,0,0.0,37.044238000362384,1.15038200010531,37.06456400004754,0.1800711743772242,281,0,0,74,0.9771959459459459,0
44.40053,5,0,0,0.0,36.78213000011965,1.1479890004011395,36.80448500017519,0.17943262411347516,282,0,0,75,0.9683333333333334,0
44.46982,6,1,84,32.3136560000421,36.93305600017993,1.2550110000120185,69.2843079996237,0.2661955241460542,283,0,0,81,0.9660493827160493,0
44.53989,7,1,115,32.12935900000957,37.88874100018802,1.5075649998834706,70.06434899994929,0.312374245472837,284,0,0,90,0.9541666666666667,0
44.57719,7,0,0,0.0,37.265182999817625,1.4315099997475045,37.28916899990509,0.3112781954887218,285,0,0,90,0.9590277777777778,0
44.6146,7,0,0,0.0,37.379678999968746,1.4651060000687721,37.40317900019363,0.3101898101898102,286,0,0,90,0.9638888888888889,0
44.65123,7,0,0,0.0,36.59984900014024,1.425620999725652,36.622545999762224,0.30910900945744146,287,0,0,90,0.96875,0
44.68871,7,0,0,0.0,37.452648999988014,1.460389999920153,37.478366999948776,0.3080357142857143,288,0,0,92,0.9524456521739131,0
44.72619,7,0,0,0.0,37.452559000030305,1.4330310000332247,37.47308699985297,0.30696984676223427,289,0,0,92,0.9572010869565217,0
44.76351,7,0,0,0.0,37.28393600022173,1.4686479998999857,37.31490900008794,0.3059113300492611,290,0,0,74,0.9586148648648649,0
44.8007,6,0,0,0.0,37.162447000355314,1.2813700000151584,37.18518099958601,0.349942726231386,291,0,0,74,0.9636824324324325,0
44.83796,6,0,0,0.0,37.22641800004567,1.274063999971986,37.24652100027015,0.34874429223744297,292,0,0,74,0.96875,0
44.87507,6,0,0,0.0,37.08786400011377,1.267221000034624,37.10926199983078,0.34755403868031853,293,0,0,74,0.9738175675675675,0
44.91253,6,0,0,0.0,37.429254000016954,1.2984510003661853,37.4536510003054,0.34637188208616776,294,0,0,74,0.9788851351351351,0
44.94922,6,0,0,0.0,36.655002999850694,1.314928000283544,36.683015000107844,0.3451977401129943,295,0,0,76,0.9580592105263158,0
44.98635,6,0,0,0.0,37.10578299978806,1.3275940000312403,37.12951199986492,0.34403153153153154,296,0,0,76,0.9629934210526315,0
45.02357,6,0,0,0.0,37.182132999987516,1.3249529997665377,37.206169000000955,0.3428731762065096,297,0,0,77,0.9553571428571429,0
45.06075,6,0,0,0.0,37.16188999987935,1.317213000220363,37.182478999966406,0.34172259507829983,298,0,0,77,0.9602272727272727,0
45.09783,6,0,0,0.0,37.05084400007763,1.2942830003339623,37.07272799965722,0.3405797101449275,299,0,0,77,0.9650974025974026,0
45.13501,6,0,0,0.0,37.14750800008915,1.297772999805602,37.170370999774605,0.33944444444444444,300,0,0,78,0.9575320512820513,0
45.17192,6,0,0,0.0,36.88779100002648,1.3096669999868027,36.907256999711535,0.3383167220376523,301,0,0,78,0.9623397435897436,0
45.20874,6,0,0,0.0,36.789327999940724,1.289611000174773,36.809947000165266,0.33719646799117,302,0,0,78,0.9671474358974359,0
45.24483,6,0,0,0.0,36.06617400009782,1.295708000270679,36.08623099989927,0.33608360836083606,303,0,0,78,0.9719551282051282,0
45.28354,6,0,0,0.0,38.67708500001754,1.2994400003663031,38.70177699991473,0.33497807017543857,304,0,0,80,0.95234375,0
45.35339,7,1,242,32.385803000124724,37.42527699978382,1.490801999807445,69.85093799994502,0.3156908665105387,305,0,0,96,0.9557291666666666,0
45.3906,7,0,0,0.0,37.17236200009211,1.5153539998209453,37.19596900009492,0.3146591970121382,306,0,0,96,0.9602864583333334,0
45.42796,7,0,0,0.0,37.33145499973034,1.5042840000205615,37.353594999785855,0.31363424848766863,307,0,0,96,0.96484375,0
45.46496,7,0,0,0.0,36.974884000301245,1.5116449999368342,36.99433399970076,0.3126159554730983,308,0,0,96,0.9694010416666666,0
45.50243,7,0,0,0.0,37.45202999971298,1.8439929999658489,37.47413000019151,0.3116042533518262,309,0,0,96,0.9739583333333334,0
45.53971,7,0,0,0.0,37.246177999804786,1.5507409998463118,37.26731599999766,0.31059907834101386,310,0,0,96,0.978515625,0
45.57595,7,0,0,0.0,36.2111439999353,1.495306999913737,36.23616699997001,0.309600367478181,311,0,0,98,0.9630102040816326,0
45.61298,7,0,0,0.0,37.001761000283295,1.5359290000560577,37.02234899992618,0.3086080586080586,312,0,0,98,0.9674744897959183,0
45.65017,7,0,0,0.0,37.16385799998534,1.5247040000758716,37.185553000199434,0.30762209036969423,313,0,0,99,0.9621212121212122,0
45.68758,7,0,0,0.0,37.3856699998214,1.8562559998827055,37.405697999929544,0.30664240218380345,314,0,0,99,0.9665404040404041,0
45.7247,7,0,0,0.0,37.09845499997755,1.5415009997923335,37.118147000001045,0.3056689342403628,315,0,0,99,0.9709595959595959,0
45.76182,7,0,0,0.0,37.08867299974372,1.5586710001116444,37.11117500006367,0.3047016274864376,316,0,0,100,0.965625,0
45.79895,7,0,0,0.0,37.10354399981952,1.523466999969969,37.124968000171066,0.3037404236142407,317,0,0,100,0.97,0
45.8364,7,0,0,0.0,37.424929999815504,1.558145000217337,37.44443699997646,0.30278526504941594,318,0,0,100,0.974375,0
45.87303,7,0,0,0.0,36.591466999652766,1.8743840000752243,36.62147699969864,0.3018360949395432,319,0,0,93,0.9711021505376344,0
45.91002,6,0,0,0.0,36.95814899992911,1.4160860000629327,36.98926900005972,0.24739583333333337,320,0,0,74,0.9543918918918919,0
45.94709,5,0,0,0.0,37.039478000224335,1.1711010001818067,37.06113299995195,0.1985815602836879,282,0,0,74,0.9586148648648649,0
45.98378,5,0,0,0.0,36.660015000052226,1.167555999927572,36.6859169998861,0.19787985865724378,283,0,0,56,0.9553571428571429,0
46.05247,5,1,104,31.91187299989906,36.74022799987142,1.0640119999152375,68.68713699986984,0.2615384615384615,260,0,0,63,0.9573412698412699,0
46.08897,5,0,0,0.0,36.47553200016773,1.07557999990604,36.49782200000118,0.26053639846743293,261,0,0,63,0.9623015873015873,0
46.12559,5,0,0,0.0,36.58579800003281,1.0703290004130395,36.60762599974987,0.2595419847328244,262,0,0,63,0.9672619047619048,0
46.16171,5,0,0,0.0,36.086114999761776,1.1092230001850112,36.111290999997436,0.2585551330798479,263,0,0,63,0.9722222222222222,0
46.1985,5,0,0,0.0,36.76665900002263,1.0858149998966837,36.791835999792966,0.25757575757575757,264,0,0,63,0.9771825396825397,0
46.23543,5,0,0,0.0,36.89201999986835,1.1205410000911797,36.91303300001891,0.2566037735849057,265,0,0,63,0.9821428571428571,0
46.27275,5,0,0,0.0,37.29120800016972,1.0989980000886135,37.31921799999327,0.2556390977443609,266,0,0,64,0.9716796875,0
46.31114,5,0,0,0.0,38.35753199973624,1.1559380000107922,38.38333199973931,0.25468164794007486,267,0,0,64,0.9765625,0
46.34815,5,0,0,0.0,36.9775250001112,1.123213000028045,37.00254900013533,0.25373134328358204,268,0,0,65,0.9663461538461539,0
46.38511,5,0,0,0.0,36.92364200014708,1.1169519998475153,36.95032999985415,0.25278810408921937,269,0,0,66,0.9564393939393939,0
46.42196,5,0,0,0.0,36.82439400017756,1.1246900003243354,36.84693800005334,0.2518518518518519,270,0,0,66,0.9611742424242424,0
46.45793,5,0,0,0.0,35.941814000125305,1.1040809999940393,35.96174999984214,0.2509225092250923,271,0,0,66,0.9659090909090909,0
46.49447,5,0,0,0.0,36.512786999992386,1.0781839996525378,36.53485400036516,0.25,272,0,0,67,0.9561567164179104,0
46.53111,5,0,0,0.0,36.61097999975027,1.114498999868374,36.63179699969987,0.2490842490842491,273,0,0,68,0.9466911764705882,0
46.56748,5,0,0,0.0,36.35109900005773,1.1064850000366278,36.370155999975395,0.24817518248175185,274,0,0,68,0.9512867647058824,0
46.60387,5,0,0,0.0,36.35517000020627,1.1102890002803179,36.38149899961718,0.2472727272727273,275,0,0,57,0.9539473684210527,0
46.64014,4,0,0,0.0,36.25079399989772,0.9463910000704345,36.26805699968827,0.2119565217391305,276,0,0,57,0.9583333333333334,0
46.67635,4,0,0,0.0,36.183418999826245,0.9568689997649926,36.200905999976385,0.2111913357400722,277,0,0,57,0.9627192982456141,0
46.71256,4,0,0,0.0,36.18981099998564,0.9726550001687428,36.20691199967041,0.21043165467625902,278,0,0,57,0.9671052631578947,0
46.74819,4,0,0,0.0,35.607372999947984,0.9634630000618927,35.62454199982312,0.20967741935483875,279,0,0,57,0.9714912280701754,0
46.78438,4,0,0,0.0,36.16564899994046,0.9657000000515836,36.18422500039742,0.20892857142857146,280,0,0,57,0.9758771929824561,0
46.82057,4,0,0,0.0,36.171427000226686,0.9857820000434003,36.18837399972108,0.20818505338078297,281,0,0,57,0.9802631578947368,0
46.85682,4,0,0,0.0,36.22631200005344,0.9695029998511018,36.243216000002576,0.20744680851063835,282,0,0,57,0.9846491228070176,0
46.89295,4,0,0,0.0,36.107616999743186,0.9509040000921232,36.12458699990384,0.20671378091872794,283,0,0,57,0.9890350877192983,0
46.96146,5,1,228,31.43397099984213,37.028129999725934,1.1534760001268296,68.50179999992179,0.204225352112676,284,0,0,73,0.9717465753424658,0
46.99814,5,0,0,0.0,36.649468000177876,1.1704379999173398,36.67247999965184,0.20350877192982453,285,0,0,74,0.9628378378378378,0
47.03488,5,0,0,0.0,36.71678700038683,1.1638770001809462,36.73680800011425,0.2027972027972028,286,0,0,74,0.9670608108108109,0
47.07078,5,0,0,0.0,35.877776999768685,1.1457059999884223,35.8970459997181,0.20209059233449478,287,0,0,74,0.9712837837837838,0
47.10737,5,0,0,0.0,36.55973200011431,1.1437739999564656,36.58019600015905,0.20138888888888884,288,0,0,75,0.9625,0
47.14387,5,0,0,0.0,36.482654999872466,1.173366999864811,36.50216000005457,0.20069204152249132,289,0,0,76,0.9539473684210527,0
47.1803,5,0,0,0.0,36.40257600000041,1.1426529999880586,36.42061200025637,0.19999999999999996,290,0,0,76,0.9580592105263158,0
47.21686,5,0,0,0.0,36.52797999984614,1.1680359998536005,36.5521879998596,0.19931271477663226,291,0,0,61,0.9661885245901639,0
47.25327,4,0,0,0.0,36.388123000051564,0.9786360001271532,36.405258999820944,0.19263698630136983,292,0,0,61,0.9702868852459017,0
47.29194,4,0,0,0.0,38.65491100032159,1.001626999823202,38.67432100014412,0.19197952218430037,293,0,0,61,0.9743852459016393,0
47.32863,4,0,0,0.0,36.659361999682005,0.9979619999285205,36.70249800006786,0.19132653061224492,294,0,0,61,0.9784836065573771,0
47.36456,4,0,0,0.0,35.88435699975889,1.0031429997070518,35.9029979999832,0.19067796610169496,295,0,0,61,0.9825819672131147,0
47.40098,4,0,0,0.0,36.3919370001895,1.0193490002166072,36.41334199983248,0.19003378378378377,296,0,0,62,0.9707661290322581,0
47.43767,4,0,0,0.0,36.663299999872834,0.994260000425129,36.68212100001256,0.18939393939393945,297,0,0,62,0.9747983870967742,0
47.47398,4,0,0,0.0,36.28849300002912,1.0040729998763709,36.30660799990437,0.18875838926174493,298,0,0,62,0.9788306451612904,0
47.51052,4,0,0,0.0,36.519157999919116,0.9874479997051822,36.538154000027134,0.18812709030100339,299,0,0,62,0.9828629032258065,0
47.54713,4,0,0,0.0,36.57788700002129,1.0333420000279148,36.59844100002374,0.1875,300,0,0,63,0.9712301587301587,0
47.58337,4,0,0,0.0,36.22425599996859,1.0222569999314146,36.244029000044975,0.18687707641196016,301,0,0,64,0.9599609375,0
47.61966,4,0,0,0.0,36.264981999920565,1.02844200000618,36.28435900009208,0.1862582781456954,302,0,0,64,0.9638671875,0
47.65559,4,0,0,0.0,35.902758999782236,1.0117339998032548,35.9244139999646,0.1856435643564357,303,0,0,64,0.9677734375,0
47.69229,4,0,0,0.0,36.666089999926044,1.0481000003892404,36.691233000055945,0.18503289473684215,304,0,0,65,0.9567307692307693,0
47.7294,4,0,0,0.0,37.078864999784855,1.0527440003897937,37.11024099993665,0.18442622950819676,305,0,0,45,0.9625,0
47.76544,3,0,0,0.0,36.004959999900166,0.8929989999160171,36.026712999955635,0.21160409556313997,293,0,0,45,0.9666666666666667,0
47.80131,3,0,0,0.0,35.8378839996476,0.8510480001859833,35.859919999893464,0.2108843537414966,294,0,0,45,0.9708333333333333,0
47.83813,3,0,0,0.0,36.78871000010986,0.8793570000307227,36.80806800002756,0.21016949152542375,295,0,0,45,0.975,0
47.87406,3,0,0,0.0,35.902888999771676,0.8376309997402132,35.92208500003835,0.20945945945945943,296,0,0,45,0.9791666666666666,0
47.91004,3,0,0,0.0,35.954449999735516,0.8503170001858962,35.97705199990742,0.2087542087542088,297,0,0,45,0.9833333333333333,0
47.94783,3,0,0,0.0,37.75764000010895,0.8583599997109559,37.78266600011193,0.20805369127516782,298,0,0,45,0.9875,0
47.98635,3,0,0,0.0,38.482392000332766,0.9061239998118253,38.5144910001145,0.20735785953177255,299,0,0,46,0.970108695652174,0
48.02362,3,0,0,0.0,37.23719599975084,0.9376760003760864,37.28012099963962,0.20666666666666667,300,0,0,46,0.9741847826086957,0
48.06197,3,0,0,0.0,38.29462799967587,0.9093300000131421,38.31838499991136,0.20598006644518274,301,0,0,46,0.9782608695652174,0
48.10061,3,0,0,0.0,38.61390800011577,0.9158089997072238,38.639676999991934,0.20529801324503316,302,0,0,46,0.9823369565217391,0
48.13695,3,0,0,0.0,36.27156499987905,0.9164799998870876,36.32450400027665,0.20462046204620465,303,0,0,30,0.96875,0
48.17313,2,0,0,0.0,36.15269200008697,0.7505480002691911,36.17954899982578,0.23519736842105265,304,0,0,31,0.9415322580645161,0
48.2093,2,0,0,0.0,36.14082200010671,0.7553979999102012,36.16423599987684,0.2344262295081967,305,0,0,31,0.9455645161290323,0
48.24559,2,0,0,0.0,36.25651799984553,0.7565460000478197,36.27794599970002,0.2336601307189542,306,0,0,31,0.9495967741935484,0
48.28355,2,0,0,0.0,37.93270300002405,0.7324870002776152,37.95484300007956,0.23289902280130292,307,0,0,31,0.9536290322580645,0
48.31995,2,0,0,0.0,36.36895599993295,0.789239999903657,36.39616600003137,0.2321428571428571,308,0,0,31,0.9576612903225806,0
48.35758,2,0,0,0.0,37.60063500021715,0.833515000067564,37.624362999849836,0.23139158576051777,309,0,0,31,0.9616935483870968,0
48.39389,2,0,0,0.0,36.281872000017756,0.7576939997306908,36.30526599999939,0.23064516129032253,310,0,0,31,0.9657258064516129,0
48.43012,2,0,0,0.0,36.19320699999662,0.7558910001534969,36.216948999935994,0.229903536977492,311,0,0,31,0.969758064516129,0
48.46677,2,0,0,0.0,36.624973000016325,0.765103000048839,36.64687399987088,0.22916666666666663,312,0,0,31,0.9737903225806451,0
48.5033,2,0,0,0.0,36.50070000003325,0.7292469999811146,36.52459400018415,0.2284345047923323,313,0,0,31,0.9778225806451613,0
48.53991,2,0,0,0.0,36.58021799992639,0.7638080001015624,36.600659000214364,0.22770700636942676,314,0,0,31,0.9818548387096774,0
48.57622,2,0,0,0.0,36.27660099982677,0.7392019997496391,36.298728000019764,0.22698412698412695,315,0,0,31,0.9858870967741935,0
48.61254,2,0,0,0.0,36.29909700021017,0.7467929999620537,36.32979899975908,0.2262658227848101,316,0,0,31,0.9899193548387096,0
48.64902,2,0,0,0.0,36.436097000205336,0.7314129998121643,36.46280899965859,0.22555205047318616,317,0,0,11,0.9943181818181818,0
48.68174,1,0,0,0.0,32.69490200000291,0.6161360001897265,32.71708700003728,0.0,175,0,0,11,1.0,0
48.71456,1,0,0,0.0,32.77153899989571,0.6127369997557253,32.80770699984714,0.0,176,0,0,12,0.921875,0
48.74841,1,0,0,0.0,33.82327899998927,0.6467289999818604,33.84651999976995,0.0,177,0,0,12,0.9270833333333334,0
48.78181,1,0,0,0.0,33.369256000241876,0.6668480000371346,33.392917000128364,0.0,178,0,0,12,0.9322916666666666,0
48.81482,1,0,0,0.0,32.977944999856845,0.6632660001741897,33.00447099991288,0.0,179,0,0,12,0.9375,0
48.84889,1,0,0,0.0,34.0347199999087,0.6333730002552329,34.05956400001742,0.0,180,0,0,12,0.9427083333333334,0
48.88225,1,0,0,0.0,33.32236699998248,0.6596960001843399,33.34678999999596,0.0,181,0,0,12,0.9479166666666666,0
48.91497,1,0,0,0.0,32.69314999988637,0.6723460001012427,32.7179050000268,0.0,182,0,0,12,0.953125,0
48.94791,1,0,0,0.0,32.903878999604785,0.6426859999919543,32.925173999956314,0.0,183,0,0,12,0.9583333333333334,0
48.98067,1,0,0,0.0,32.73560300021927,0.6213179999576823,32.75792400017963,0.0,184,0,0,12,0.9635416666666666,0
49.01384,1,0,0,0.0,33.135012999991886,0.6044669999027974,33.15898200025913,0.0,185,0,0,12,0.96875,0
49.04654,1,0,0,0.0,32.676634000381455,0.6140999998933694,32.70557799987728,0.0,186,0,0,12,0.9739583333333334,0
49.07892,1,0,0,0.0,32.342269999844575,0.6311590000223077,32.36099900004774,0.0,187,0,0,12,0.9791666666666666,0
49.11136,1,0,0,0.0,32.420176999949035,0.5882560003556137,32.438923999961844,0.0,188,0,0,12,0.984375,0
49.14388,1,0,0,0.0,32.49304300015865,0.6182729998727154,32.51232699994944,0.0,189,0,0,12,0.9895833333333334,0
49.17636,1,0,0,0.0,32.45270600018557,0.5928680002398323,32.471767000060936,0.0,190,0,0,12,0.9947916666666666,0
49.20879,1,0,0,0.0,32.40237799991519,0.6331109998427564,32.42252399968493,0.0,191,0,0,12,1.0,0
49.24121,1,0,0,0.0,32.39660899998853,0.5855250001332024,32.41718200024479,0.0,192,0,0,13,0.9278846153846154,0
49.27421,1,0,0,0.0,32.97110800031078,0.6111780003266176,32.99004900009095,0.0,193,0,0,13,0.9326923076923077,0
49.30844,1,0,0,0.0,34.206120000362716,0.701030000072933,34.22722499999509,0.0,194,0,0,13,0.9375,0
49.34111,1,0,0,0.0,32.64421499989112,0.6420170002456871,32.662365000305726,0.0,195,0,0,13,0.9423076923076923,0
49.37362,1,0,0,0.0,32.482808000168006,0.6237410002540855,32.50274499987427,0.0,196,0,0,13,0.9471153846153846,0
49.40611,1,0,0,0.0,32.45202899961441,0.6061819999558793,32.47202600005039,0.0,197,0,0,13,0.9519230769230769,0
49.43877,1,0,0,0.0,32.626962999984244,0.6275300002016593,32.64588799993362,0.0,198,0,0,13,0.9567307692307693,0
49.47168,1,0,0,0.0,32.88348300020516,0.6164669998725003,32.907258000250295,0.0,199,0,0,13,0.9615384615384616,0
49.50481,1,0,0,0.0,33.099125000262575,0.636748000033549,33.124858000064705,0.0,200,0,0,13,0.9663461538461539,0
49.53784,1,0,0,0.0,32.9964210000071,0.6441189998440677,33.017708000443236,0.0,201,0,0,13,0.9711538461538461,0
49.60731,2,1,144,33.00821299990275,36.41680000009728,0.6799850002607855,69.46905699987838,0.14356435643564358,202,0,0,23,0.9456521739130435,0
49.64399,2,0,0,0.0,36.6503290001674,0.7297060001292266,36.67339100002209,0.1428571428571429,203,0,0,23,0.9510869565217391,0
49.68036,2,0,0,0.0,36.33508799975971,0.7119279998732964,36.35872099994231,0.1421568627450981,204,0,0,23,0.9565217391304348,0
49.7166,2,0,0,0.0,36.209408000104304,0.7173599997258862,36.2307730001703,0.14146341463414636,205,0,0,23,0.9619565217391305,0
49.75336,2,0,0,0.0,36.73691799986045,0.6980580001254566,36.757721999947535,0.14077669902912626,206,0,0,23,0.967391304347826,0
49.78921,2,0,0,0.0,35.81817499980389,0.7205420001810126,35.843824000039604,0.14009661835748788,207,0,0,23,0.9728260869565217,0
49.82612,2,0,0,0.0,36.87840199972925,0.747830000364047,36.90501300025062,0.13942307692307687,208,0,0,24,0.9375,0
49.86254,2,0,0,0.0,36.38733199977651,0.7072100002005755,36.41597699970589,0.13875598086124397,209,0,0,24,0.9427083333333334,0
49.89879,2,0,0,0.0,36.21338499988269,0.6968839998080512,36.23528600019199,0.13809523809523805,210,0,0,24,0.9479166666666666,0
49.9352,2,0,0,0.0,36.37713099988105,0.6680129999949713,36.401979999936884,0.13744075829383884,211,0,0,24,0.953125,0
50.00479,3,1,155,32.94025500008502,36.598228000002564,0.7753439999760303,69.58841000005123,0.1808176100628931,212,0,0,20,0.971875,0
50.04106,2,0,0,0.0,36.23987199989642,0.6456959999923129,36.26296899983572,0.0032051282051281937,156,0,0,20,0.978125,0
50.07751,2,0,0,0.0,36.418794999917736,0.7040919999781181,36.43982999983564,0.0031847133757961776,157,0,0,20,0.984375,0
50.11371,2,0,0,0.0,36.1682159996235,0.6931430002623529,36.19098799981657,0.0031645569620253333,158,0,0,20,0.990625,0
50.14989,2,0,0,0.0,36.14904400001251,0.6755300000804709,36.16999499990925,0.0031446540880503138,159,0,0,20,0.996875,0
50.1861,2,0,0,0.0,36.18215799997415,0.6813420000071346,36.209385999882215,0.0031250000000000444,160,0,0,21,0.9553571428571429,0
50.22252,2,0,0,0.0,36.38655500026289,0.7117270001799625,36.41257700019196,0.0031055900621117516,161,0,0,22,0.9176136363636364,0
50.25901,2,0,0,0.0,36.45944099980625,0.6830069996794919,36.4807999999357,0.0030864197530864335,162,0,0,22,0.9232954545454546,0
50.29753,2,0,0,0.0,38.48993200017503,0.6893539998600318,38.51443499979723,0.0030674846625766694,163,0,0,22,0.9289772727272727,0
50.33412,2,0,0,0.0,36.55173199967976,0.7194650002020353,36.58548399971551,0.0030487804878048808,164,0,0,22,0.9346590909090909,0
50.3708,2,0,0,0.0,36.645942000177456,0.7220409997898969,36.66867699985232,0.00303030303030305,165,0,0,22,0.9403409090909091,0
50.40777,2,0,0,0.0,36.94073499991646,0.692758000241156,36.966535999908956,0.003012048192771122,166,0,0,22,0.9460227272727273,0
50.44382,2,0,0,0.0,36.013599000398244,0.715545000275597,36.037169999872276,0.0029940119760478723,167,0,0,22,0.9517045454545454,0
50.48053,2,0,0,0.0,36.68134100007592,0.7053809999888472,36.7067419997511,0.0029761904761904656,168,0,0,22,0.9573863636363636,0
50.5171,2,0,0,0.0,36.53355000005831,0.7177020002018253,36.56848800028456,0.00295857988165682,169,0,0,22,0.9630681818181818,0
50.55357,2,0,0,0.0,36.43213800023659,0.7241969997267006,36.45500099992205,0.002941176470588225,170,0,0,22,0.96875,0
50.58951,2,0,0,0.0,35.918845999731275,0.6883669998387631,35.94265699985044,0.0029239766081871066,171,0,0,22,0.9744318181818182,0
50.62547,2,0,0,0.0,35.928138999679504,0.6876799998281058,35.950477000369574,0.0029069767441860517,172,0,0,22,0.9801136363636364,0
50.6617,2,0,0,0.0,36.19389200002843,0.7044389999464329,36.21892000001026,0.0028901734104046506,173,0,0,22,0.9857954545454546,0
50.69791,2,0,0,0.0,36.18019599980471,0.702160999935586,36.205102000167244,0.002873563218390829,174,0,0,22,0.9914772727272727,0
50.73336,2,0,0,0.0,35.423407000052975,0.7191790000433684,35.44680499999231,0.0028571428571428914,175,0,0,22,0.9971590909090909,0
50.76987,2,0,0,0.0,36.46838399981789,0.7167670000853832,36.49535900012779,0.0028409090909090606,176,0,0,23,0.9592391304347826,0
50.80607,2,0,0,0.0,36.17405900013182,0.701597999977821,36.200497000209,0.0028248587570621764,177,0,0,24,0.9244791666666666,0
50.84236,2,0,0,0.0,36.25026000008802,0.7046230002742959,36.27147299994249,0.002808988764044895,178,0,0,24,0.9296875,0
50.87857,2,0,0,0.0,36.18120600003749,0.7393659998342628,36.205641999913496,0.0027932960893854997,179,0,0,24,0.9348958333333334,0
50.91483,2,0,0,0.0,36.23398899981112,0.6952700000510958,36.25940600022659,0.002777777777777768,180,0,0,24,0.9401041666666666,0
50.95116,2,0,0,0.0,36.30094299978737,0.7019949998721131,36.321877999853314,0.002762430939226568,181,0,0,24,0.9453125,0
50.98746,2,0,0,0.0,36.265139000079216,0.7161630001064623,36.28908400014552,0.0027472527472527375,182,0,0,24,0.9505208333333334,0
51.02279,2,0,0,0.0,35.30735499998627,0.7326600002670602,35.33008600015819,0.002732240437158473,183,0,0,24,0.9557291666666666,0
51.05907,2,0,0,0.0,36.25014899989765,0.6723950000377954,36.27201899962529,0.0027173913043477826,184,0,0,24,0.9609375,0
51.09528,2,0,0,0.0,36.178343999836216,0.7121849998839025,36.20040499981769,0.002702702702702675,185,0,0,24,0.9661458333333334,0
51.13136,2,0,0,0.0,36.05360799974733,0.7032479998088093,36.075075999633555,0.0026881720430107503,186,0,0,24,0.9713541666666666,0
51.16753,2,0,0,0.0,36.14205800022319,0.7100070001797576,36.16259000000355,0.002673796791443861,187,0,0,24,0.9765625,0
51.2036,2,0,0,0.0,36.02714099997684,0.6979859999773907,36.04936399960934,0.0026595744680850686,188,0,0,24,0.9817708333333334,0
51.2397,2,0,0,0.0,36.075386999982584,0.7061719998091576,36.09703100028128,0.002645502645502673,189,0,0,24,0.9869791666666666,0
51.27684,2,0,0,0.0,37.1067790001689,0.6853899999441637,37.128939000012906,0.0026315789473684292,190,0,0,24,0.9921875,0
51.313,2,0,0,0.0,36.1372739998842,0.7899160000306438,36.15826899977037,0.002617801047120394,191,0,0,24,0.9973958333333334,0
51.34912,2,0,0,0.0,36.09171400012201,0.7014630000412581,36.113357999965956,0.0026041666666666297,192,0,0,25,0.9625,0
51.38517,2,0,0,0.0,36.01610800023991,0.7022659997346636,36.041239999576646,0.002590673575129543,193,0,0,26,0.9302884615384616,0
51.42117,2,0,0,0.0,35.97516900026676,0.7046179998724256,35.996988000079,0.002577319587628857,194,0,0,26,0.9350961538461539,0
51.45726,2,0,0,0.0,36.0591310000018,0.7057869997879607,36.078789999919536,0.002564102564102555,195,0,0,26,0.9399038461538461,0
51.49332,2,0,0,0.0,36.03929699966102,0.6996570000410429,36.06146300035107,0.0025510204081632404,196,0,0,26,0.9447115384615384,0
51.52962,2,0,0,0.0,36.268859000301745,0.7155260000217822,36.29361899993455,0.0025380710659898,197,0,0,26,0.9495192307692307,0
51.56584,2,0,0,0.0,36.16942200005724,0.6977650000408175,36.1917860000176,0.002525252525252486,198,0,0,26,0.9543269230769231,0
51.60113,2,0,0,0.0,35.264716999790835,0.6950140000299143,35.28553900014231,0.002512562814070307,199,0,0,26,0.9591346153846154,0
51.63712,2,0,0,0.0,35.966519999874436,0.7062009999572183,35.9882809998453,0.0024999999999999467,200,0,0,26,0.9639423076923077,0
51.67333,2,0,0,0.0,36.18290199983676,0.7111349996193894,36.202771000262146,0.0024875621890547706,201,0,0,26,0.96875,0
51.7094,2,0,0,0.0,36.03871799987246,0.7214190000013332,36.05905300037193,0.0024752475247524774,202,0,0,26,0.9735576923076923,0
51.77799,3,1,177,32.317962999968586,36.22417699989455,0.8318219997818233,68.58028700025898,0.044334975369458074,203,0,0,38,0.962171052631579,0
51.81422,3,0,0,0.0,36.20488199976535,0.7781150002301729,36.22605999998996,0.044117647058823484,204,0,0,38,0.9671052631578947,0
51.85059,3,0,0,0.0,36.3424600000144,0.7750419999865699,36.363839999921765,0.04390243902439028,205,0,0,38,0.9720394736842105,0
51.88682,3,0,0,0.0,36.20645799992417,0.7714379999015364,36.22821199996906,0.043689320388349495,206,0,0,38,0.9769736842105263,0
51.92225,3,0,0,0.0,35.39756500003932,0.7555240003966901,35.41998299988336,0.04347826086956519,207,0,0,38,0.9819078947368421,0
51.95876,3,0,0,0.0,36.47529299996677,0.8015490002435399,36.49892500015994,0.043269230769230727,208,0,0,39,0.9615384615384616,0
51.99504,3,0,0,0.0,36.25692600007824,0.7679330001337803,36.280429999806074,0.0430622009569378,209,0,0,40,0.9421875,0
52.03123,3,0,0,0.0,36.15603000025658,0.7769359999656444,36.17695899993123,0.042857142857142816,210,0,0,40,0.946875,0
52.06742,3,0,0,0.0,36.166449999655015,0.7808089999343792,36.185512999963976,0.042654028436018954,211,0,0,40,0.9515625,0
52.13704,4,1,147,32.4301480000031,37.14362999971854,0.8567859999857319,69.61615000000165,0.10849056603773588,212,0,0,50,0.95,0
52.1742,4,0,0,0.0,37.125480999748106,0.8792240000730089,37.14784999965559,0.107981220657277,213,0,0,50,0.955,0
52.21134,4,0,0,0.0,37.11795599974721,0.893790999725752,37.14125899978171,0.10747663551401865,214,0,0,50,0.96,0
52.24775,4,0,0,0.0,36.37312999990172,0.8933720000641188,36.39401899999939,0.10697674418604652,215,0,0,50,0.965,0
52.28692,4,0,0,0.0,39.14796800017939,0.8757700002206548,39.17221800020343,0.10648148148148151,216,0,0,50,0.97,0
52.32403,4,0,0,0.0,37.07027600012225,0.8897379998416,37.093714000093314,0.10599078341013823,217,0,0,50,0.975,0
52.36128,4,0,0,0.0,37.22376299992902,0.8869639996191836,37.24697300003754,0.10550458715596334,218,0,0,51,0.9607843137254902,0
52.39843,4,0,0,0.0,37.11744700012787,0.9158629995908996,37.139418000151636,0.10502283105022836,219,0,0,51,0.9656862745098039,0
52.43563,4,0,0,0.0,37.17085199969006,0.9148440003627911,37.2072019999905,0.1045454545454545,220,0,0,51,0.9705882352941176,0
52.47308,4,0,0,0.0,37.41515199999412,0.8993900000859867,37.43618099997548,0.10407239819004521,221,0,0,51,0.9754901960784313,0
52.51046,4,0,0,0.0,37.3490550000497,0.902653000139253,37.37160299988318,0.10360360360360366,222,0,0,51,0.9803921568627451,0
52.54737,4,0,0,0.0,36.880068000300525,0.9346019996883115,36.90193199963687,0.10313901345291476,223,0,0,51,0.9852941176470589,0
52.58489,4,0,0,0.0,37.479364999853715,0.9477190001234703,37.518242000260216,0.1026785714285714,224,0,0,38,0.9605263157894737,0
52.62154,3,0,0,0.0,36.61232400008885,0.8167909995790978,36.64719999960653,0.13481481481481483,225,0,0,39,0.9407051282051282,0
52.65771,3,0,0,0.0,36.130327000137186,0.7863209998504317,36.149564000425016,0.13421828908554567,226,0,0,39,0.9455128205128205,0
52.69376,3,0,0,0.0,36.023474000103306,0.7695240001339698,36.04256600010558,0.1336270190895742,227,0,0,39,0.9503205128205128,0
52.7296,3,0,0,0.0,35.81992099998388,0.7660109999960696,35.839009000028454,0.13304093567251463,228,0,0,39,0.9551282051282052,0
52.7654,3,0,0,0.0,35.7680629999777,0.769223000133934,35.78689400001167,0.1324599708879185,229,0,0,39,0.9599358974358975,0
52.80108,3,0,0,0.0,35.657122999964486,0.7799950003573031,35.6752120001147,0.13188405797101455,230,0,0,39,0.9647435897435898,0
52.83589,3,0,0,0.0,34.79023699992467,0.7568820001324639,34.808443000201805,0.13131313131313127,231,0,0,39,0.969551282051282,0
52.87151,3,0,0,0.0,35.59962200006339,0.7550929999524669,35.617022999758774,0.13074712643678166,232,0,0,39,0.9743589743589743,0
52.90716,3,0,0,0.0,35.623527000097965,0.7877879997977288,35.640739999962534,0.1301859799713877,233,0,0,39,0.9791666666666666,0
52.94295,3,0,0,0.0,35.76762900001995,0.7738859999335546,35.7887740001388,0.12962962962962965,234,0,0,40,0.959375,0
52.97913,3,0,0,0.0,36.14849099994899,0.7608579999214271,36.173770999994304,0.12907801418439713,235,0,0,40,0.9640625,0
53.01556,3,0,0,0.0,36.39354899996761,0.8127019996209128,36.42674899992926,0.12853107344632764,236,0,0,40,0.96875,0
53.05189,3,0,0,0.0,36.29864300000918,0.8141729999806557,36.31970200012802,0.12798874824191275,237,0,0,40,0.9734375,0
53.08847,3,0,0,0.0,36.54721899965807,0.7780470000398054,36.5656429999035,0.12745098039215685,238,0,0,40,0.978125,0
53.12368,3,0,0,0.0,35.18381899993983,0.8014169998205034,35.20434199981537,0.12691771269177132,239,0,0,40,0.9828125,0
53.15995,3,0,0,0.0,36.24586999967505,0.7873509998717054,36.26709699983621,0.12638888888888888,240,0,0,41,0.9634146341463414,0
53.1959,3,0,0,0.0,35.91915200013318,0.7953280000947416,35.94086600014634,0.12586445366528354,241,0,0,42,0.9449404761904762,0
53.23167,3,0,0,0.0,35.7493000001341,0.7867429999350861,35.76778300021033,0.12534435261707988,242,0,0,42,0.9494047619047619,0
53.26748,3,0,0,0.0,35.784008000064205,0.7933860001685389,35.801154999717255,0.1248285322359396,243,0,0,42,0.9538690476190477,0
53.30594,3,0,0,0.0,38.43914400022186,0.8413860000473505,38.458279999758815,0.12431693989071035,244,0,0,42,0.9583333333333334,0
53.34176,3,0,0,0.0,35.79382899988559,0.7919949998722586,35.81235299998298,0.12380952380952381,245,0,0,42,0.9627976190476191,0
53.37786,3,0,0,0.0,36.074192999876686,0.7913080003163486,36.09192600015376,0.12330623306233057,246,0,0,42,0.9672619047619048,0
53.41303,3,0,0,0.0,35.15096899991477,0.806961999842315,35.17095300003348,0.1228070175438597,247,0,0,42,0.9717261904761905,0
53.44936,3,0,0,0.0,36.29582699977618,0.7975570001690357,36.31672699975752,0.12231182795698925,248,0,0,42,0.9761904761904762,0
53.48587,3,0,0,0.0,36.473843999829114,0.838688999920123,36.50080099987463,0.12182061579651937,249,0,0,42,0.9806547619047619,0
53.52237,3,0,0,0.0,36.47038600001906,0.8389509998778522,36.499552999885054,0.1213333333333333,250,0,0,43,0.9622093023255814,0
53.55912,3,0,0,0.0,36.70946800002639,0.8646589999443677,36.73242200011373,0.12084993359893759,251,0,0,43,0.9665697674418605,0
53.59574,3,0,0,0.0,36.59797000000253,0.8337829999618407,36.62432800001625,0.12037037037037035,252,0,0,43,0.9709302325581395,0
53.66711,4,1,162,33.179007999933674,38.11616800021511,0.9485460000178136,71.34990700023991,0.17984189723320154,253,0,0,38,0.9539473684210527,0
53.70399,3,0,0,0.0,36.830812000062,0.8101940002234187,36.8574079998325,0.15204678362573099,228,0,0,38,0.9588815789473685,0
53.7408,3,0,0,0.0,36.77390400025615,0.8169919997271791,36.80134900014309,0.15138282387190682,229,0,0,38,0.9638157894736842,0
53.77779,3,0,0,0.0,36.96346500009895,0.8282439998765767,36.986565999995946,0.1507246376811594,230,0,0,38,0.96875,0
53.81384,3,0,0,0.0,36.007632999826455,0.8205710000765976,36.03648699981932,0.15007215007215002,231,0,0,39,0.9487179487179487,0
53.85074,3,0,0,0.0,36.870621999696596,0.8141670000441081,36.89542700021775,0.14942528735632188,232,0,0,39,0.9535256410256411,0
53.92166,4,1,77,32.605973000045196,38.239872000303876,0.9105320000344364,70.91135900009249,0.27896995708154504,233,0,0,29,0.9525862068965517,0
53.9584,3,0,0,0.0,36.71078100023806,0.7351829999606707,36.73376599999756,0.24444444444444446,195,0,0,29,0.959051724137931,0
53.99499,3,0,0,0.0,36.56301800037909,0.76432100013335,36.58906000009665,0.24319727891156462,196,0,0,29,0.9655172413793104,0
54.03151,3,0,0,0.0,36.4697029999661,0.7585410003230209,36.50499300010779,0.2419627749576988,197,0,0,30,0.9395833333333333,0
54.06788,3,0,0,0.0,36.34699099984573,0.7353429996328487,36.36556300034499,0.2407407407407407,198,0,0,30,0.9458333333333333,0
54.10318,3,0,0,0.0,35.26876399973844,0.7089959999575512,35.287004000110755,0.23953098827470687,199,0,0,30,0.9520833333333333,0
54.13927,3,0,0,0.0,36.06406300013987,0.7146220000322501,36.08219599982476,0.23833333333333329,200,0,0,30,0.9583333333333334,0
54.17548,3,0,0,0.0,36.18936400016537,0.7249549998959992,36.208129999977245,0.2371475953565506,201,0,0,30,0.9645833333333333,0
54.21146,3,0,0,0.0,35.95031499980905,0.7206570003290835,35.97972499983371,0.235973597359736,202,0,0,31,0.9395161290322581,0
54.24738,3,0,0,0.0,35.88842299996031,0.7268700001077377,35.90609200000472,0.23481116584564865,203,0,0,31,0.9455645161290323,0
54.28668,3,0,0,0.0,39.279697999972996,0.7257570000547275,39.30023499970048,0.2336601307189542,204,0,0,31,0.9516129032258065,0
54.32316,3,0,0,0.0,36.45551199997499,0.7318660000237287,36.47520999993503,0.23252032520325205,205,0,0,31,0.9576612903225806,0
54.39304,4,1,237,32.633923000048526,37.20060499972533,0.8583489998272853,69.8690849999366,0.24894514767932485,237,0,0,46,0.9728260869565217,0
54.43034,4,0,0,0.0,37.28080999962913,0.8716970000932633,37.29884699987451,0.24789915966386555,238,0,0,46,0.9782608695652174,0
54.46672,4,0,0,0.0,36.35441999995237,0.8907949995773379,36.37543499962703,0.2468619246861925,239,0,0,47,0.9627659574468085,0
54.50401,4,0,0,0.0,37.26643900017734,0.8651130001453566,37.290699999630306,0.24583333333333335,240,0,0,48,0.9479166666666666,0
54.54066,4,0,0,0.0,36.616211000364274,0.8927330000005895,36.637623000387975,0.24481327800829877,241,0,0,48,0.953125,0
54.57721,4,0,0,0.0,36.51891599974988,0.8806340001683566,36.53705699980492,0.24380165289256195,242,0,0,48,0.9583333333333334,0
54.61361,4,0,0,0.0,36.383987000135676,0.9001110001918278,36.403319999863015,0.24279835390946503,243,0,0,48,0.9635416666666666,0
54.64998,4,0,0,0.0,36.33673700005602,0.8795629996711796,36.358133999783604,0.24180327868852458,244,0,0,49,0.9489795918367347,0
54.71684,5,1,67,30.79967299981945,36.0219680001137,0.9774099999049213,66.8564040001911,0.33795918367346944,245,0,0,54,0.9444444444444444,0
54.75311,5,0,0,0.0,36.23796600004425,0.9786880000319798,36.26332799967713,0.3365853658536585,246,0,0,40,0.9453125,0
54.82057,5,1,141,31.89276000011887,35.53494700008741,0.9515729998383904,67.46060900013617,0.39595141700404857,247,0,0,49,0.9579081632653061,0
54.85735,5,0,0,0.0,36.75008899972454,1.0072540003420727,36.767752000287146,0.39435483870967747,248,0,0,49,0.9642857142857143,0
54.8946,5,0,0,0.0,37.22447500013004,1.0032980003416014,37.245321000227705,0.3927710843373494,249,0,0,50,0.95125,0
54.93176,5,0,0,0.0,37.13443600008759,0.9945850001713552,37.15506500020638,0.3912,250,0,0,51,0.9387254901960784,0
54.96901,5,0,0,0.0,37.228000999675714,1.0006910001720826,37.24584400015374,0.38964143426294817,251,0,0,51,0.9448529411764706,0
55.00623,5,0,0,0.0,37.19366700033788,0.985960999969393,37.21119500005443,0.38809523809523805,252,0,0,51,0.9509803921568627,0
55.04245,5,0,0,0.0,36.19785999990199,1.0107319999406172,36.215039000126126,0.3865612648221344,253,0,0,51,0.9571078431372549,0
55.07869,5,0,0,0.0,36.2233779997041,1.008389000162424,36.24011800002336,0.3850393700787401,254,0,0,51,0.9632352941176471,0
55.11403,5,0,0,0.0,35.32085500000903,0.9843399998317182,35.33755900025426,0.3835294117647059,255,0,0,51,0.9693627450980392,0
55.15024,5,0,0,0.0,36.184833999868715,0.9865299998637056,36.20398100019884,0.38203125000000004,256,0,0,52,0.9567307692307693,0
55.18668,5,0,0,0.0,36.40831700022318,1.0156230000575306,36.429814000257466,0.38054474708171204,257,0,0,52,0.9627403846153846,0
55.22305,5,0,0,0.0,36.34313500015196,1.008697000088432,36.366208999879746,0.3790697674418605,258,0,0,53,0.9504716981132075,0
55.25938,5,0,0,0.0,36.31072899997889,1.0079040002892725,36.329724000097485,0.37760617760617765,259,0,0,53,0.9563679245283019,0
55.30095,5,0,0,0.0,41.53243899963854,1.0275409999849217,41.55869599981088,0.37615384615384617,260,0,0,54,0.9444444444444444,0
55.34004,5,0,0,0.0,39.06674600011684,1.0690270000850433,39.09176599972852,0.37471264367816093,261,0,0,54,0.9502314814814815,0
55.37709,5,0,0,0.0,37.02121000014813,1.0453479999341653,37.041801000214036,0.37328244274809164,262,0,0,54,0.9560185185185185,0
55.41306,5,0,0,0.0,35.93571999999767,1.0774140000648913,35.955883999577054,0.37186311787072246,263,0,0,54,0.9618055555555556,0
55.44972,5,0,0,0.0,36.641705999954866,1.0298040001543995,36.66081699975621,0.3704545454545455,264,0,0,54,0.9675925925925926,0
55.48634,5,0,0,0.0,36.59044599999106,1.027864000207046,36.61246399997253,0.36905660377358496,265,0,0,55,0.9556818181818182,0
55.52319,5,0,0,0.0,36.8200429998069,1.0622340000736585,36.84401999998954,0.3676691729323308,266,0,0,56,0.9441964285714286,0
55.59209,6,1,134,32.31377100019017,36.549002999890945,1.1742480000975775,68.89979500010668,0.3882646691635455,267,0,0,65,0.948076923076923,0
55.62868,6,0,0,0.0,36.561252000410605,1.1771520003094338,36.582787999577704,0.38681592039800994,268,0,0,65,0.9538461538461539,0
55.66558,6,0,0,0.0,36.866983999971126,1.1700270001711033,36.887766999825544,0.3853779429987608,269,0,0,65,0.9596153846153846,0
55.7021,6,0,0,0.0,36.49405900023339,1.1925610001526366,36.513598000055936,0.38395061728395063,270,0,0,65,0.9653846153846154,0
55.7379,6,0,0,0.0,35.776284000348824,1.220624999859865,35.79531400009728,0.3825338253382534,271,0,0,65,0.9711538461538461,0
55.77584,6,0,0,0.0,37.91324599978907,1.161412999863387,37.934301999939635,0.38112745098039214,272,0,0,66,0.9621212121212122,0
55.8124,6,0,0,0.0,36.53906499994264,1.1665819997688232,36.55729199999769,0.3797313797313797,273,0,0,66,0.9678030303030303,0
55.84886,6,0,0,0.0,36.44025799985684,1.2018459997307218,36.46062799998617,0.378345498783455,274,0,0,67,0.9589552238805971,0
55.88539,6,0,0,0.0,36.49720500015974,1.1635639998530678,36.51542400029939,0.37696969696969695,275,0,0,67,0.9645522388059702,0
55.92214,6,0,0,0.0,36.729817999912484,1.200560000143014,36.75050199990437,0.3756038647342995,276,0,0,68,0.9558823529411765,0
55.95882,6,0,0,0.0,36.64988999980778,1.2168540001766814,36.67130099984206,0.3742478941034898,277,0,0,69,0.947463768115942,0
55.99529,6,0,0,0.0,36.44173200018486,1.1822389997178107,36.46934800008239,0.37290167865707435,278,0,0,62,0.9586693548387096,0
56.03141,5,0,0,0.0,36.09559500000614,1.0940779998236394,36.11497099973349,0.3182795698924731,279,0,0,62,0.9637096774193549,0
56.06787,5,0,0,0.0,36.43771600036416,1.0942939998130896,36.455895000017335,0.31714285714285717,280,0,0,62,0.96875,0
56.10434,5,0,0,0.0,36.44555000028049,1.0688229999686882,36.465502999817545,0.3160142348754449,281,0,0,63,0.9583333333333334,0
56.14067,5,0,0,0.0,36.29921599986119,1.1084960001426225,36.31984300000113,0.3148936170212766,282,0,0,64,0.9482421875,0
56.20981,6,1,143,32.34131499993964,36.756592000074306,1.2230950001139718,69.13437900038844,0.34393404004711425,283,0,0,73,0.958904109589041,0
56.24658,6,0,0,0.0,36.746387999755825,1.2320160003582714,36.76964099986435,0.34272300469483563,284,0,0,74,0.9510135135135135,0
56.28711,6,0,0,0.0,40.50616499989701,1.2505760000749433,40.52748599997358,0.34152046783625734,285,0,0,74,0.956081081081081,0
56.32441,6,0,0,0.0,37.268091999976605,1.2795419997928548,37.28758500028562,0.34032634032634035,286,0,0,74,0.9611486486486487,0
56.36038,6,0,0,0.0,35.94686299993555,1.2507520000326622,35.967460999927425,0.33914053426248547,287,0,0,74,0.9662162162162162,0
56.39761,6,0,0,0.0,37.19765200003167,1.282318999983545,37.2378789998038,0.3379629629629629,288,0,0,75,0.9583333333333334,0
56.43496,6,0,0,0.0,37.29322500021226,1.2896849998469406,37.31811799980278,0.33679354094579006,289,0,0,75,0.9633333333333334,0
56.47252,6,0,0,0.0,37.53356100014571,1.3050770003246726,37.556100000074366,0.33563218390804594,290,0,0,75,0.9683333333333334,0
56.50993,6,0,0,0.0,37.37818099989454,1.3064770000710269,37.40055499974915,0.33447880870561286,291,0,0,75,0.9733333333333334,0
56.54728,6,0,0,0.0,37.31855799969708,1.2840389999837498,37.3445229997742,0.33333333333333337,292,0,0,76,0.9654605263157895,0
56.58449,6,0,0,0.0,37.18021199983923,1.3330319998203777,37.20404599971516,0.3321956769055745,293,0,0,77,0.9577922077922078,0
56.62144,6,0,0,0.0,36.92820100013705,1.3126840003678808,36.94848599980105,0.3310657596371882,294,0,0,77,0.9626623376623377,0
56.65765,6,0,0,0.0,36.15584099998159,1.3048030000391009,36.19799199987028,0.32994350282485874,295,0,0,77,0.9675324675324676,0
56.69457,6,0,0,0.0,36.90150300008099,1.286607000110962,36.92155599992475,0.3288288288288288,296,0,0,77,0.9724025974025974,0
56.73184,6,0,0,0.0,37.236341000152606,1.3071429998490203,37.259318999986135,0.32772166105499434,297,0,0,78,0.9647435897435898,0
56.76993,6,0,0,0.0,38.06561099963801,1.3138610001988127,38.087060999714595,0.3266219239373602,298,0,0,79,0.9572784810126582,0
56.80768,6,0,0,0.0,37.72954899977776,1.2999519999539189,37.74894700018194,0.32552954292084724,299,0,0,79,0.9620253164556962,0
56.84549,6,0,0,0.0,37.783194000439835,1.2971969999853172,37.80613100025221,0.3244444444444444,300,0,0,80,0.9546875,0
56.88281,6,0,0,0.0,37.28892400022232,1.32820700036973,37.30841800006601,0.32336655592469543,301,0,0,80,0.959375,0
56.91955,6,0,0,0.0,36.713384999984555,1.3027429999965534,36.73213699994449,0.32229580573951433,302,0,0,80,0.9640625,0
56.9555,6,0,0,0.0,35.92952500002866,1.3158950000615732,35.95637299986265,0.3212321232123212,303,0,0,80,0.96875,0
56.99218,6,0,0,0.0,36.64126600006057,1.3664260000041395,36.66332000011607,0.3201754385964912,304,0,0,81,0.9614197530864198,0
57.02894,6,0,0,0.0,36.74583399970288,1.3308620000316296,36.764461000075244,0.31912568306010924,305,0,0,81,0.9660493827160493,0
57.06568,6,0,0,0.0,36.71533799979443,1.311924000219733,36.73370399974374,0.318082788671024,306,0,0,81,0.970679012345679,0
57.10224,6,0,0,0.0,36.538483000185806,1.3098310000714264,36.55705900018802,0.3170466883821933,307,0,0,81,0.9753086419753086,0
57.13901,6,0,0,0.0,36.73689500010369,1.3768500002697692,36.75816099985241,0.316017316017316,308,0,0,82,0.9679878048780488,0
57.17577,6,0,0,0.0,36.73731399976532,1.3396979998105962,36.76001099984205,0.31499460625674214,309,0,0,83,0.9608433734939759,0
57.21253,6,0,0,0.0,36.72892300028252,1.3154959997336846,36.74951399989368,0.3139784946236559,310,0,0,83,0.9653614457831325,0
57.24866,6,0,0,0.0,36.08920000033322,1.3501349999387458,36.12628399969253,0.31296891747052524,311,0,0,83,0.9698795180722891,0
57.28947,6,0,0,0.0,40.790281999761646,1.3359569998101506,40.813512000113406,0.31196581196581197,312,0,0,83,0.9743975903614458,0
57.3277,6,0,0,0.0,38.18995499977973,1.3992199997119315,38.22496800012232,0.31096911608093714,313,0,0,73,0.9708904109589042,0
57.36486,5,0,0,0.0,37.12799400000222,1.2060379999638826,37.15117100000498,0.2777070063694268,314,0,0,74,0.9619932432432432,0
57.40162,5,0,0,0.0,36.73496800001885,1.1805680001089058,36.75477100023272,0.27682539682539686,315,0,0,74,0.9662162162162162,0
57.43836,5,0,0,0.0,36.69636999984505,1.1811409999609168,36.720089000027656,0.2759493670886076,316,0,0,75,0.9575,0
57.47515,5,0,0,0.0,36.76894299997002,1.2126969995733816,36.78763100015203,0.2750788643533123,317,0,0,75,0.9616666666666667,0
57.51199,5,0,0,0.0,36.81850199973269,1.209757000196987,36.83834000003117,0.27421383647798747,318,0,0,75,0.9658333333333333,0
57.54788,5,0,0,0.0,35.86425699995743,1.21868899987021,35.88404200036166,0.2733542319749216,319,0,0,75,0.97,0
57.58476,5,0,0,0.0,36.84825299978911,1.205485000355111,36.87220599977081,0.27249999999999996,320,0,0,76,0.9613486842105263,0
57.62166,5,0,0,0.0,36.87451299992972,1.2017410003863915,36.8983059997845,0.2716510903426791,321,0,0,76,0.9654605263157895,0
57.65855,5,0,0,0.0,36.85325600008582,1.2153190000390168,36.87495700023646,0.2708074534161491,322,0,0,76,0.9695723684210527,0
57.69549,5,0,0,0.0,36.91350100007185,1.2348019999990356,36.93822800005364,0.269969040247678,323,0,0,76,0.9736842105263158,0
57.73252,5,0,0,0.0,36.99978299982831,1.2451409997993323,37.031198000022414,0.2691358024691358,324,0,0,76,0.977796052631579,0
57.77105,5,0,0,0.0,38.493362000281195,1.2361799999780487,38.52618100017935,0.26830769230769236,325,0,0,77,0.9691558441558441,0
57.8097,5,0,0,0.0,38.6141169997245,1.326039999639761,38.63810299981196,0.2674846625766871,326,0,0,77,0.9732142857142857,0
57.84579,5,0,0,0.0,36.06016499998077,1.2344390001999272,36.08711699962441,0.2666666666666667,327,0,0,60,0.971875,0
57.88266,4,0,0,0.0,36.815035000017815,1.0358859999541892,36.85440099980042,0.28887195121951215,328,0,0,39,0.9743589743589743,0
57.91777,3,0,0,0.0,35.087567000118725,0.7667830000173126,35.10923700014246,0.09118086696562033,223,0,0,39,0.9791666666666666,0
57.95352,3,0,0,0.0,35.722001000067394,0.7610960001329659,35.74411899990082,0.09077380952380953,224,0,0,40,0.959375,0
57.98927,3,0,0,0.0,35.724586000014824,0.7781100002830499,35.74316300000646,0.09037037037037032,225,0,0,40,0.9640625,0
58.0249,3,0,0,0.0,35.60382200021195,0.7865970001148526,35.62397299992881,0.08997050147492625,226,0,0,41,0.9451219512195121,0
58.06032,3,0,0,0.0,35.39917600028275,0.7554869998784852,35.41657899995698,0.08957415565345084,227,0,0,41,0.9496951219512195,0
58.0957,3,0,0,0.0,35.358532999907766,0.7797250000294298,35.37649699956091,0.08918128654970758,228,0,0,41,0.9542682926829268,0
58.131,3,0,0,0.0,35.27816399991934,0.7626049996360962,35.29540799991082,0.08879184861717615,229,0,0,41,0.9588414634146342,0
58.16636,3,0,0,0.0,35.32992100008414,0.7584179998048057,35.34755900000164,0.08840579710144925,230,0,0,41,0.9634146341463414,0
58.20089,3,0,0,0.0,34.50811099992279,0.7900519999566313,34.525334000136354,0.088023088023088,231,0,0,41,0.9679878048780488,0
58.23602,3,0,0,0.0,35.108851000131835,0.7578139998258848,35.12588399962624,0.08764367816091956,232,0,0,41,0.9725609756097561,0
58.27242,3,0,0,0.0,36.38510900009351,0.7693389998166822,36.40215100040223,0.0872675250357654,233,0,0,41,0.9771341463414634,0
58.31158,3,0,0,0.0,39.13424100028351,0.9284410002692312,39.15257800008476,0.08689458689458684,234,0,0,41,0.9817073170731707,0
58.34794,3,0,0,0.0,36.32970299986482,0.8199089998015552,36.35003699992012,0.08652482269503547,235,0,0,42,0.9627976190476191,0
58.38327,3,0,0,0.0,35.31196599988107,0.7709489996159391,35.32905200017922,0.08615819209039544,236,0,0,42,0.9672619047619048,0
58.41858,3,0,0,0.0,35.289323999677435,0.8043630000429403,35.30717000012373,0.0857946554149086,237,0,0,42,0.9717261904761905,0
58.45381,3,0,0,0.0,35.201816000153485,0.787700999808294,35.21885600002861,0.08543417366946782,238,0,0,42,0.9761904761904762,0
58.48848,3,0,0,0.0,34.65361899998243,0.7756640002298809,34.670474999984435,0.0850767085076709,239,0,0,42,0.9806547619047619,0
58.5238,3,0,0,0.0,35.2975159999005,0.7953700001053221,35.31636600018828,0.08472222222222225,240,0,0,43,0.9622093023255814,0
58.55907,3,0,0,0.0,35.24162999974578,0.7779940001455543,35.25884999999107,0.08437067773167362,241,0,0,43,0.9665697674418605,0
58.59442,3,0,0,0.0,35.329590999936045,0.7770509996589681,35.351361999801156,0.08402203856749313,242,0,0,44,0.9488636363636364,0
58.63004,3,0,0,0.0,35.596446999988984,0.8226899999499437,35.61539700012872,0.08367626886145407,243,0,0,44,0.953125,0
58.66558,3,0,0,0.0,35.51249200017992,0.7889629996498115,35.5311950002033,0.08333333333333337,244,0,0,44,0.9573863636363636,0
58.70122,3,0,0,0.0,35.610272999747394,0.8116180001707107,35.63355100004628,0.08299319727891152,245,0,0,44,0.9616477272727273,0
58.73711,3,0,0,0.0,35.86210299999948,0.8306109998557076,35.88812499992855,0.08265582655826553,246,0,0,44,0.9659090909090909,0
58.77253,3,0,0,0.0,35.38453400005892,0.8347070001946122,35.40797300001941,0.08232118758434548,247,0,0,44,0.9701704545454546,0
58.80869,3,0,0,0.0,36.133498000253894,0.8409050001318974,36.158533999696374,0.081989247311828,248,0,0,44,0.9744318181818182,0
58.84553,3,0,0,0.0,36.75979599984203,0.8318879999933415,36.833600999671035,0.0816599732262383,249,0,0,44,0.9786931818181818,0
58.883,3,0,0,0.0,37.440004000018234,0.8747209999455663,37.46416500007399,0.08133333333333337,250,0,0,44,0.9829545454545454,0
58.92063,3,0,0,0.0,37.588288000279135,0.8521669997207937,37.62920799999847,0.08100929614873842,251,0,0,45,0.9652777777777778,0
58.95704,3,0,0,0.0,36.36289799987935,0.8443299998361908,36.38878099991416,0.0806878306878307,252,0,0,45,0.9694444444444444,0
58.99318,3,0,0,0.0,36.10836600000766,0.8287310001833248,36.1370010000428,0.08036890645586303,253,0,0,29,0.9633620689655172,0
59.02905,2,0,0,0.0,35.84088099978544,0.707918999978574,35.8592390002741,0.01541850220264318,227,0,0,29,0.9676724137931034,0
59.06473,2,0,0,0.0,35.658831000091595,0.7021399997029221,35.677004999797646,0.015350877192982448,228,0,0,29,0.9719827586206896,0
59.10033,2,0,0,0.0,35.577753000325174,0.6679880002593563,35.59589999986201,0.015283842794759805,229,0,0,29,0.9762931034482759,0
59.13581,2,0,0,0.0,35.45686300003581,0.6981450001148914,35.47529099978419,0.01521739130434785,230,0,0,29,0.9806034482758621,0
59.17063,2,0,0,0.0,34.79109900035837,0.6750279999323539,34.810755000307836,0.015151515151515138,231,0,0,30,0.9520833333333333,0
59.20599,2,0,0,0.0,35.326333999819326,0.671280000005936,35.343145999831904,0.015086206896551713,232,0,0,30,0.95625,0
59.24139,2,0,0,0.0,35.379160000047705,0.687354000092455,35.39887299984912,0.015021459227467782,233,0,0,30,0.9604166666666667,0
59.28169,2,0,0,0.0,40.27312200014421,0.6933959998605133,40.29428800004098,0.014957264957264904,234,0,0,30,0.9645833333333333,0
59.31797,2,0,0,0.0,36.254251999707776,0.7122769998204603,36.277654000059556,0.014893617021276562,235,0,0,30,0.96875,0
59.35408,2,0,0,0.0,36.079235000215704,0.7372019999820623,36.10299199999645,0.014830508474576232,236,0,0,30,0.9729166666666667,0
59.39031,2,0,0,0.0,36.194889999933366,0.7506209999519342,36.21881399976701,0.014767932489451518,237,0,0,30,0.9770833333333333,0
59.42625,2,0,0,0.0,35.91363599980468,0.7459010003003641,35.93402100023013,0.014705882352941124,238,0,0,30,0.98125,0
59.46107,2,0,0,0.0,34.80420099958792,0.7202060000963684,34.821814999759226,0.014644351464435101,239,0,0,30,0.9854166666666667,0
59.4968,2,0,0,0.0,35.69663299958847,0.6945770001038909,35.71835100001408,0.014583333333333282,240,0,0,31,0.9576612903225806,0
59.53247,2,0,0,0.0,35.65041999991081,0.6853400000181864,35.66897299970151,0.014522821576763434,241,0,0,31,0.9616935483870968,0
59.56827,2,0,0,0.0,35.77415000017936,0.7004210001468891,35.79200400008631,0.01446280991735538,242,0,0,31,0.9657258064516129,0
59.60384,2,0,0,0.0,35.553638999772375,0.7123210002646374,35.57098999999653,0.014403292181069949,243,0,0,31,0.969758064516129,0
59.63942,2,0,0,0.0,35.556282000015926,0.673745999847597,35.577000000103,0.014344262295082011,244,0,0,31,0.9737903225806451,0
59.67529,2,0,0,0.0,35.845658000198455,0.7131359998311382,35.863863000031415,0.014285714285714235,245,0,0,31,0.9778225806451613,0
59.71103,2,0,0,0.0,35.71015899979102,0.7099750000634231,35.72845000007874,0.014227642276422814,246,0,0,31,0.9818548387096774,0
59.74591,2,0,0,0.0,34.856831999604765,0.7033219999357243,34.87965299973439,0.014170040485829927,247,0,0,32,0.955078125,0
59.78236,2,0,0,0.0,36.41564300005484,0.8620409998911782,36.43747399974018,0.014112903225806495,248,0,0,32,0.958984375,0
59.81839,2,0,0,0.0,36.006194000037794,0.7704039999225643,36.026370000399766,0.014056224899598346,249,0,0,32,0.962890625,0
59.85443,2,0,0,0.0,36.01037900034498,0.7453719999830355,36.03298399957566,0.014000000000000012,250,0,0,32,0.966796875,0
59.89151,2,0,0,0.0,37.05860899981417,0.774067999827821,37.0822270001554,0.013944223107569709,251,0,0,32,0.970703125,0
59.92825,2,0,0,0.0,36.70393399988825,0.7779139996273443,36.73103400024047,0.01388888888888884,252,0,0,32,0.974609375,0
59.96481,2,0,0,0.0,36.53009799973006,0.7971549998728733,36.553165999976045,0.013833992094861691,253,0,0,32,0.978515625,0
60.00137,2,0,0,0.0,36.52831599993078,0.7425999997394683,36.55352999976458,0.013779527559055094,254,0,0,32,0.982421875,0
60.03683,2,0,0,0.0,35.430006999831676,0.7721409997429873,35.45270799986611,0.013725490196078383,255,0,0,32,0.986328125,0
60.07307,2,0,0,0.0,36.19595100008155,0.741359999665292,36.227091000000655,0.013671875,256,0,0,17,0.9448529411764706,0
60.10561,1,0,0,0.0,32.51822499987611,0.6454549998125003,32.53778499993132,0.0,257,0,0,17,0.9485294117647058,0
60.13768,1,0,0,0.0,32.04570700017939,0.6285940003181167,32.06459399962114,0.0,258,0,0,17,0.9522058823529411,0
60.16968,1,0,0,0.0,31.968876000064483,0.6139179999991029,31.992478000120173,0.0,259,0,0,0,0.0,0
