t_s,batch,n_prefill,prefill_tokens,prefill_ms,decode_ms,gather_ms,iteration_ms,padding_waste,context_max,waiting,preempted,kv_blocks_used,kv_slot_utilization,wasted_decode_tokens
0.06925,1,1,154,36.29488499973377,32.91167099996528,0.6437009997171117,69.24313199988319,0.0,154,0,0,10,0.96875,0
0.10163,1,0,0,0.0,32.35090099997251,0.5762050000157615,32.3713160000807,0.0,155,0,0,10,0.975,0
0.1346,1,0,0,0.0,32.94692200006466,0.5998470001031819,32.96545100010917,0.0,156,0,0,10,0.98125,0
0.16718,1,0,0,0.0,32.55691399999705,0.5968049999864888,32.57668200012631,0.0,157,0,0,10,0.9875,0
0.1997,1,0,0,0.0,32.48963599980925,0.5879579998691042,32.51014600027702,0.0,158,0,0,10,0.99375,0
0.23222,1,0,0,0.0,32.49203999985184,0.6103309997342876,32.5113720000445,0.0,159,0,0,10,1.0,0
0.26439,1,0,0,0.0,32.140121000338695,0.587412999720982,32.162055000299006,0.0,160,0,0,11,0.9147727272727273,0
0.29631,1,0,0,0.0,31.902273000014247,0.5748700000367535,31.91930500042872,0.0,161,0,0,11,0.9204545454545454,0
0.32825,1,0,0,0.0,31.91662399967754,0.5545109997910913,31.93286000032458,0.0,162,0,0,11,0.9261363636363636,0
0.39751,2,1,240,33.17140399985874,36.05167700015954,0.6902889999764739,69.25862900016,0.16041666666666665,240,0,0,27,0.9375,0
0.43324,2,0,0,0.0,35.69963900008588,0.6831850000708073,35.717578000003414,0.15975103734439833,241,0,0,27,0.9421296296296297,0
0.46901,2,0,0,0.0,35.74599200010198,0.6479290000243054,35.76482300013595,0.15909090909090906,242,0,0,27,0.9467592592592593,0
0.50753,2,0,0,0.0,38.49255700015419,0.6693380000797333,38.51094599986027,0.15843621399176955,243,0,0,27,0.9513888888888888,0
0.54359,2,0,0,0.0,36.0373870003059,0.6867150000289257,36.0550149998744,0.15778688524590168,244,0,0,27,0.9560185185185185,0
0.57944,2,0,0,0.0,35.831955000048765,0.6872180001664674,35.851100999934715,0.15714285714285714,245,0,0,27,0.9606481481481481,0
0.61538,2,0,0,0.0,35.91510300020673,0.6901520000610617,35.9337139998388,0.1565040650406504,246,0,0,27,0.9652777777777778,0
0.65064,2,0,0,0.0,35.2321270001994,0.6708249998155225,35.25048699975741,0.15587044534412953,247,0,0,27,0.9699074074074074,0
0.68631,2,0,0,0.0,35.645944999942,0.6809690003137803,35.663709999880666,0.155241935483871,248,0,0,27,0.9745370370370371,0
0.72228,2,0,0,0.0,35.9533470000315,0.6623780000154511,35.971638999853894,0.15461847389558236,249,0,0,27,0.9791666666666666,0
0.7582,2,0,0,0.0,35.89068200017209,0.6749519998265896,35.908481999740616,0.15400000000000003,250,0,0,27,0.9837962962962963,0
0.79421,2,0,0,0.0,35.98694799984514,0.6620780000048399,36.00452000000587,0.1533864541832669,251,0,0,27,0.9884259259259259,0
0.83024,2,0,0,0.0,36.00134399994204,0.6664669999736361,36.02237600034641,0.1527777777777778,252,0,0,27,0.9930555555555556,0
0.86649,2,0,0,0.0,36.22715700021217,0.6815589999860094,36.24998300028892,0.15217391304347827,253,0,0,28,0.9620535714285714,0
0.90289,2,0,0,0.0,36.37134700011302,0.7100519997038646,36.39064800017877,0.15157480314960625,254,0,0,28,0.9665178571428571,0
0.93793,2,0,0,0.0,35.02044200013188,0.7122299998627568,35.038345999964804,0.15098039215686276,255,0,0,28,0.9709821428571429,0
0.97466,2,0,0,0.0,36.69996700000411,0.6859700001768942,36.719845999868994,0.150390625,256,0,0,29,0.9418103448275862,0
1.01032,2,0,0,0.0,35.63775300017369,0.6962410002415709,35.65413499973147,0.14980544747081714,257,0,0,29,0.9461206896551724,0
1.04608,2,0,0,0.0,35.74322100030258,0.6699340001432574,35.759712000071886,0.14922480620155043,258,0,0,29,0.9504310344827587,0
1.08232,2,0,0,0.0,36.21955600010551,0.6610760001422022,36.23685699994894,0.14864864864864868,259,0,0,29,0.9547413793103449,0
1.11854,2,0,0,0.0,36.192164000112825,0.6891250000080618,36.209884000072634,0.1480769230769231,260,0,0,29,0.959051724137931,0
1.15451,2,0,0,0.0,35.946382000020094,0.6997430000410532,35.964354000043386,0.14750957854406133,261,0,0,29,0.9633620689655172,0
1.19034,2,0,0,0.0,35.80963600006726,0.7011150000835187,35.83459399987987,0.14694656488549618,262,0,0,29,0.9676724137931034,0
1.22542,2,0,0,0.0,35.03993399999672,0.7410790003632428,35.06323700003122,0.14638783269961975,263,0,0,29,0.9719827586206896,0
1.26097,2,0,0,0.0,35.52787199987506,0.7137689999581198,35.54747899988797,0.14583333333333337,264,0,0,29,0.9762931034482759,0
1.2964,2,0,0,0.0,35.39481899997554,0.6956859997444553,35.423627000000124,0.1452830188679245,265,0,0,29,0.9806034482758621,0
1.33175,2,0,0,0.0,35.31856499967034,0.7304269997803203,35.33760600021196,0.14473684210526316,266,0,0,29,0.9849137931034483,0
1.36714,2,0,0,0.0,35.37250499994116,0.7026170001154242,35.39207699986946,0.14419475655430714,267,0,0,29,0.9892241379310345,0
1.40239,2,0,0,0.0,35.2247650002937,0.6682200000796001,35.244455999873026,0.14365671641791045,268,0,0,29,0.9935344827586207,0
1.43779,2,0,0,0.0,35.37107500005732,0.6831209998381382,35.39314600038779,0.1431226765799256,269,0,0,30,0.9645833333333333,0
1.47295,2,0,0,0.0,35.12982099982764,0.6986930002312874,35.14815899961832,0.1425925925925926,270,0,0,30,0.96875,0
1.50808,2,0,0,0.0,35.11036600002626,0.6952690000616712,35.13103199975376,0.1420664206642066,271,0,0,30,0.9729166666666667,0
1.54537,2,0,0,0.0,37.25962999988042,0.7484709999516781,37.28006200026357,0.14154411764705888,272,0,0,31,0.9455645161290323,0
1.5805,2,0,0,0.0,35.10609800014208,0.6783500002711662,35.124469000038516,0.14102564102564108,273,0,0,31,0.9495967741935484,0
1.61562,2,0,0,0.0,35.10177599991948,0.6878540002617228,35.1196980000168,0.1405109489051095,274,0,0,31,0.9536290322580645,0
1.65084,2,0,0,0.0,35.197684000195295,0.6873369998174894,35.21446900003866,0.14,275,0,0,31,0.9576612903225806,0
1.68607,2,0,0,0.0,35.20322299982581,0.6920810001247446,35.22047499973269,0.13949275362318836,276,0,0,31,0.9616935483870968,0
1.72141,2,0,0,0.0,35.31400700012455,0.6816830000389018,35.33283200022197,0.13898916967509023,277,0,0,31,0.9657258064516129,0
1.75697,2,0,0,0.0,35.527497999737534,0.7220790002975264,35.559757000100944,0.13848920863309355,278,0,0,31,0.969758064516129,0
1.79169,2,0,0,0.0,34.68783299967981,0.7093749995874532,34.70783000011579,0.13799283154121866,279,0,0,31,0.9737903225806451,0
1.8274,2,0,0,0.0,35.687464000147884,0.7224510000014561,35.70994300025632,0.13749999999999996,280,0,0,31,0.9778225806451613,0
1.86331,2,0,0,0.0,35.87121999998999,0.749293999888323,35.90111200037427,0.13701067615658358,281,0,0,18,0.9791666666666666,0
1.8955,1,0,0,0.0,32.161013999939314,0.6650429995715967,32.183312000142905,0.0,282,0,0,18,0.9826388888888888,0
1.92757,1,0,0,0.0,32.04410699981963,0.644937000288337,32.06561199976932,0.0,283,0,0,18,0.9861111111111112,0
1.95971,1,0,0,0.0,32.110241999816935,0.6412249999812047,32.13013499998851,0.0,284,0,0,18,0.9895833333333334,0
1.99164,1,0,0,0.0,31.90705999986676,0.6481420000454818,31.925610000143934,0.0,285,0,0,18,0.9930555555555556,0
2.02346,1,0,0,0.0,31.79509700021299,0.6299229999058298,31.81337399973927,0.0,286,0,0,18,0.9965277777777778,0
2.05535,1,0,0,0.0,31.86624900035895,0.6072820001463697,31.883313999969687,0.0,287,0,0,18,1.0,0
2.08704,1,0,0,0.0,31.67242100016665,0.5908120001549833,31.693526999788446,0.0,288,0,0,19,0.9506578947368421,0
2.11863,1,0,0,0.0,31.567686000016693,0.6188710003698361,31.583955999849422,0.0,289,0,0,19,0.9539473684210527,0
2.15043,1,0,0,0.0,31.77599199989345,0.6142849997559097,31.792706000032922,0.0,290,0,0,19,0.9572368421052632,0
2.18231,1,0,0,0.0,31.853687999955582,0.5981399999654968,31.87053999999989,0.0,291,0,0,19,0.9605263157894737,0
2.2139,1,0,0,0.0,31.575443999827257,0.5929490002927196,31.59313000014663,0.0,292,0,0,19,0.9638157894736842,0
2.24573,1,0,0,0.0,31.79788199986433,0.6372620000547613,31.814162000046053,0.0,293,0,0,19,0.9671052631578947,0
2.2772,1,0,0,0.0,31.454491000204143,0.6417999998120649,31.47148100015329,0.0,294,0,0,19,0.9703947368421053,0
2.30874,1,0,0,0.0,31.51123900033781,0.5997169996589946,31.527956999980233,0.0,295,0,0,19,0.9736842105263158,0
2.34019,1,0,0,0.0,31.4331120002862,0.6271040001593065,31.448116999854392,0.0,296,0,0,19,0.9769736842105263,0
2.37153,1,0,0,0.0,31.322732000262477,0.598599999648286,31.337316000190185,0.0,297,0,0,19,0.9802631578947368,0
2.40282,1,0,0,0.0,31.264073999864195,0.6036630002199672,31.279349000215007,0.0,298,0,0,19,0.9835526315789473,0
2.43435,1,0,0,0.0,31.51524499980951,0.6197550001161289,31.534165000266512,0.0,299,0,0,19,0.9868421052631579,0
2.46786,1,0,0,0.0,33.48090999998021,0.6375990001288301,33.50049500022578,0.0,300,0,0,19,0.9901315789473685,0
2.50146,1,0,0,0.0,33.57010599984278,0.6950909996703558,33.592235000014625,0.0,301,0,0,19,0.993421052631579,0
2.53687,1,0,0,0.0,35.380827999688336,0.6938789997548156,35.40081499977532,0.0,302,0,0,19,0.9967105263157895,0
2.56898,1,0,0,0.0,32.09194099963497,0.7179790000009234,32.12033799991332,0.0,303,0,0,19,1.0,0
2.60092,1,0,0,0.0,31.893792000118992,0.6534379999720841,31.91485199977251,0.0,304,0,0,20,0.953125,0
2.63267,1,0,0,0.0,31.73006399993028,0.6413840001187054,31.746653000027436,0.0,305,0,0,20,0.95625,0
2.66457,1,0,0,0.0,31.881350000276143,0.6441790001190384,31.897054000182834,0.0,306,0,0,20,0.959375,0
2.69608,1,0,0,0.0,31.492967000303906,0.6293759997788584,31.50905300026352,0.0,307,0,0,20,0.9625,0
2.72789,1,0,0,0.0,31.782321999799024,0.5985709999549726,31.799578000118345,0.0,308,0,0,20,0.965625,0
2.75968,1,0,0,0.0,31.76620100020955,0.6402770000022429,31.78211900012684,0.0,309,0,0,20,0.96875,0
2.79124,1,0,0,0.0,31.543616000362817,0.6285909998950956,31.55981600002633,0.0,310,0,0,20,0.971875,0
2.82279,1,0,0,0.0,31.525645999863627,0.5973809998067736,31.541390999791474,0.0,311,0,0,20,0.975,0
2.85435,1,0,0,0.0,31.544665999717836,0.630751000244345,31.55935299992052,0.0,312,0,0,20,0.978125,0
2.88596,1,0,0,0.0,31.580857999870204,0.5884240003979357,31.59926299986182,0.0,313,0,0,20,0.98125,0
2.91775,1,0,0,0.0,31.76921800013588,0.6450720002249,31.786528999873553,0.0,314,0,0,20,0.984375,0
2.94953,1,0,0,0.0,31.75702699991234,0.6362940002873074,31.773347999660473,0.0,315,0,0,20,0.9875,0
2.98128,1,0,0,0.0,31.72521400028927,0.6282370000008086,31.741538000005676,0.0,316,0,0,20,0.990625,0
3.01289,1,0,0,0.0,31.590952999977162,0.5945560001237027,31.60684999966179,0.0,317,0,0,20,0.99375,0
3.04506,1,0,0,0.0,32.15087999979005,0.6208690001585637,32.1662850001303,0.0,318,0,0,20,0.996875,0
3.07644,1,0,0,0.0,31.357610000213754,0.6194679999680375,31.378480000057607,0.0,319,0,0,0,0.0,0
5.75188,1,1,215,34.919849000289105,32.88931099996262,0.6860819999019441,67.85948000015196,0.0,215,0,0,14,0.9642857142857143,0
5.78416,1,0,0,0.0,32.25683900018339,0.6354449997161282,32.27612099999533,0.0,216,0,0,14,0.96875,0
5.8162,1,0,0,0.0,32.015932999911456,0.6066329997338471,32.033464000051026,0.0,217,0,0,14,0.9732142857142857,0
5.84835,1,0,0,0.0,32.121292000283574,0.5986699998175027,32.13834700000007,0.0,218,0,0,14,0.9776785714285714,0
5.88044,1,0,0,0.0,32.06868500001292,0.5854710002495267,32.086533999972744,0.0,219,0,0,14,0.9821428571428571,0
5.91338,1,0,0,0.0,32.90997000021889,0.594178000028478,32.929295000030834,0.0,220,0,0,14,0.9866071428571429,0
5.94576,1,0,0,0.0,32.35954399997354,0.6045270001777681,32.37599800013413,0.0,221,0,0,14,0.9910714285714286,0
5.97789,1,0,0,0.0,32.10505800007013,0.6854479997855378,32.12225999959628,0.0,222,0,0,14,0.9955357142857143,0
6.00989,1,0,0,0.0,31.98065200012934,0.6015809999553312,31.997566999962146,0.0,223,0,0,14,1.0,0
6.0419,1,0,0,0.0,31.9914480000989,0.5981029999020393,32.01103299988972,0.0,224,0,0,15,0.9375,0
6.07413,1,0,0,0.0,32.18736100006936,0.605030999849987,32.21736800014696,0.0,225,0,0,15,0.9416666666666667,0
6.1423,2,1,132,32.180143000005046,35.95461900022201,0.6407509999917238,68.16828099999839,0.2079646017699115,226,0,0,24,0.9375,0
6.1788,2,0,0,0.0,36.47703199976604,0.6644889999734005,36.496144000011554,0.2070484581497798,227,0,0,24,0.9427083333333334,0
6.24857,3,1,90,32.258247999834566,37.46666799997911,0.7301770001504337,69.76007000002937,0.3391812865497076,228,0,0,30,0.9479166666666666,0
6.28436,3,0,0,0.0,35.766099999818834,0.7152789999054221,35.78496699992684,0.3377001455604076,229,0,0,30,0.9541666666666667,0
6.32045,3,0,0,0.0,36.062513000160834,0.7186479997471906,36.08159099985642,0.336231884057971,230,0,0,30,0.9604166666666667,0
6.35624,3,0,0,0.0,35.76872299981915,0.72828100019251,35.786029000064445,0.3347763347763347,231,0,0,30,0.9666666666666667,0
6.39244,3,0,0,0.0,36.17744399980438,0.7278029997905833,36.19634100004987,0.33333333333333337,232,0,0,30,0.9729166666666667,0
6.42866,3,0,0,0.0,36.19865699965885,0.7339049998336122,36.21732900001007,0.33190271816881256,233,0,0,30,0.9791666666666666,0
6.46467,3,0,0,0.0,35.977716999695986,0.7178960004239343,35.99855399988883,0.33048433048433046,234,0,0,31,0.9536290322580645,0
6.50038,3,0,0,0.0,35.680492000210506,0.7053399999676913,35.69786199977898,0.3290780141843972,235,0,0,31,0.9596774193548387,0
6.53907,3,0,0,0.0,38.66271800006871,0.7255979999172268,38.686475999838876,0.327683615819209,236,0,0,31,0.9657258064516129,0
6.57549,3,0,0,0.0,36.38905200023146,0.7595409997520619,36.40912099990601,0.3263009845288326,237,0,0,31,0.9717741935483871,0
6.61138,3,0,0,0.0,35.85228500014637,0.7351769995693758,35.874419000265334,0.3249299719887955,238,0,0,32,0.947265625,0
6.6464,3,0,0,0.0,35.00209200001336,0.7369529998868529,35.01968799992028,0.3235704323570432,239,0,0,32,0.953125,0
6.68222,3,0,0,0.0,35.79416100001254,0.7331479996537382,35.81444099972941,0.3222222222222222,240,0,0,33,0.9299242424242424,0
6.71787,3,0,0,0.0,35.62830600003508,0.7440909998877032,35.645803999614145,0.3208852005532503,241,0,0,33,0.9356060606060606,0
6.75408,3,0,0,0.0,36.18497500019657,0.7536640000580519,36.204972000177804,0.31955922865013775,242,0,0,33,0.9412878787878788,0
6.79009,3,0,0,0.0,35.983195999961026,0.7582929997624888,36.00178099986806,0.3182441700960219,243,0,0,33,0.946969696969697,0
6.82593,3,0,0,0.0,35.812192000321375,0.756251999973756,35.83044800006974,0.31693989071038253,244,0,0,33,0.9526515151515151,0
6.86178,3,0,0,0.0,35.83055599983709,0.7557909998467949,35.84791299999779,0.31564625850340133,245,0,0,33,0.9583333333333334,0
6.89752,3,0,0,0.0,35.72049300009894,0.7518449997405696,35.737168999730784,0.31436314363143636,246,0,0,33,0.9640151515151515,0
6.93245,3,0,0,0.0,34.90436900028726,0.7396830001198396,34.921736999876885,0.3130904183535762,247,0,0,33,0.9696969696969697,0
6.96844,3,0,0,0.0,35.969265999938216,0.7466629999726138,35.98685100041621,0.31182795698924726,248,0,0,33,0.9753787878787878,0
7.00453,3,0,0,0.0,36.06069799980105,0.7507609998356202,36.080523999771685,0.31057563587684067,249,0,0,33,0.9810606060606061,0
7.04044,3,0,0,0.0,35.87903399966308,0.7539030002590152,35.90485499989882,0.30933333333333335,250,0,0,18,0.9375,0
7.07639,2,0,0,0.0,35.925727000176266,0.7161609996728657,35.94233500007249,0.14012738853503182,157,0,0,18,0.9444444444444444,0
7.11198,2,0,0,0.0,35.5762419999337,0.6394820002242341,35.59191600015765,0.1392405063291139,158,0,0,18,0.9513888888888888,0
7.14683,2,0,0,0.0,34.825769000235596,0.6310549997579074,34.84172700018462,0.1383647798742138,159,0,0,18,0.9583333333333334,0
7.18262,2,0,0,0.0,35.761523000019224,0.620854999851872,35.78263000008519,0.13749999999999996,160,0,0,19,0.9144736842105263,0
7.21845,2,0,0,0.0,35.79121100028715,0.6363259999488946,35.80887199996141,0.1366459627329193,161,0,0,19,0.9210526315789473,0
7.25425,2,0,0,0.0,35.77847499991549,0.6255240000427875,35.794810999959736,0.13580246913580252,162,0,0,19,0.9276315789473685,0
7.28986,2,0,0,0.0,35.58636900015699,0.6209000002854737,35.60330200025419,0.13496932515337423,163,0,0,19,0.9342105263157895,0
7.32555,2,0,0,0.0,35.67145099987101,0.6345369997688977,35.68961199971454,0.13414634146341464,164,0,0,19,0.9407894736842105,0
7.36161,2,0,0,0.0,36.04107199998907,0.6381480002346507,36.058620999938285,0.1333333333333333,165,0,0,19,0.9473684210526315,0
7.39784,2,0,0,0.0,36.206938000304945,0.6754130004082981,36.22437500007436,0.1325301204819277,166,0,0,19,0.9539473684210527,0
7.43306,2,0,0,0.0,35.194152999793005,0.6519020002997422,35.21096500026033,0.13173652694610782,167,0,0,19,0.9605263157894737,0
7.46907,2,0,0,0.0,35.990975000004255,0.6473000003097695,36.007839999911084,0.13095238095238093,168,0,0,19,0.9671052631578947,0
7.50516,2,0,0,0.0,36.06353199984369,0.6546000004163943,36.0809750000044,0.1301775147928994,169,0,0,19,0.9736842105263158,0
7.54296,2,0,0,0.0,37.779977999889525,0.6887800000185962,37.798266999743646,0.12941176470588234,170,0,0,19,0.9802631578947368,0
7.57885,2,0,0,0.0,35.861380000369536,0.6556349999300437,35.880931000065175,0.1286549707602339,171,0,0,19,0.9868421052631579,0
7.61459,2,0,0,0.0,35.71720800027833,0.6619989999308018,35.737406000407645,0.12790697674418605,172,0,0,20,0.94375,0
7.65041,2,0,0,0.0,35.79722899985427,0.6420760000764858,35.8171670000047,0.12716763005780352,173,0,0,20,0.95,0
7.6864,2,0,0,0.0,35.95802200015896,0.7719980003457749,35.97802200010847,0.12643678160919536,174,0,0,20,0.95625,0
7.72175,2,0,0,0.0,35.32652900003086,0.6425759997910063,35.348346999853675,0.12571428571428567,175,0,0,20,0.9625,0
7.75847,2,0,0,0.0,36.68585700006588,0.6909189996804344,36.707121999825176,0.125,176,0,0,21,0.9226190476190477,0
7.7949,2,0,0,0.0,36.40476400005355,0.6635550003011303,36.42314700027782,0.12429378531073443,177,0,0,21,0.9285714285714286,0
7.83091,2,0,0,0.0,35.98961799980316,0.6752680001227418,36.0089959999641,0.1235955056179775,178,0,0,21,0.9345238095238095,0
7.86684,2,0,0,0.0,35.905193999951734,0.6617300000471005,35.923459000059665,0.12290502793296088,179,0,0,21,0.9404761904761905,0
7.9025,2,0,0,0.0,35.64186799985691,0.6572359998244792,35.659299999679206,0.12222222222222223,180,0,0,21,0.9464285714285714,0
7.93837,2,0,0,0.0,35.83070000013322,0.63596600011806,35.8497349998288,0.12154696132596687,181,0,0,21,0.9523809523809523,0
7.97401,2,0,0,0.0,35.61162100004367,0.6327259998215595,35.62804300008793,0.1208791208791209,182,0,0,21,0.9583333333333334,0
8.04052,3,1,67,31.303639999805455,35.16502299999047,0.6748699997842778,66.50510299959933,0.29143897996357016,183,0,0,26,0.9423076923076923,0
8.07641,3,0,0,0.0,35.870221000095626,0.6979790000514186,35.88858400007666,0.28985507246376807,184,0,0,26,0.9495192307692307,0
8.11234,3,0,0,0.0,35.90774500025873,0.7033889996819198,35.92525099975319,0.28828828828828834,185,0,0,26,0.9567307692307693,0
8.1478,3,0,0,0.0,35.438441000223975,0.6650999998782936,35.455254999760655,0.28673835125448033,186,0,0,26,0.9639423076923077,0
8.18396,3,0,0,0.0,36.1303049999151,0.6959530001040548,36.14836300039315,0.285204991087344,187,0,0,26,0.9711538461538461,0
8.21954,3,0,0,0.0,35.5590359999951,0.6967969998186163,35.57832799970129,0.2836879432624113,188,0,0,27,0.9421296296296297,0
8.25502,3,0,0,0.0,35.4599600000256,0.6778560000384459,35.4769440000382,0.2821869488536155,189,0,0,27,0.9490740740740741,0
8.29049,3,0,0,0.0,35.446348000277794,0.6923710002411099,35.46423700026935,0.2807017543859649,190,0,0,27,0.9560185185185185,0
8.32525,3,0,0,0.0,34.732630000235076,0.690649999796733,34.75008400027946,0.2792321116928447,191,0,0,27,0.9629629629629629,0
8.36089,3,0,0,0.0,35.62380099992879,0.6703489998471923,35.64316600022721,0.2777777777777778,192,0,0,28,0.9352678571428571,0
8.39718,3,0,0,0.0,36.265059000015754,0.7383040001514019,36.28664100006063,0.27633851468048354,193,0,0,28,0.9419642857142857,0
8.43319,3,0,0,0.0,35.9804909999184,0.6963870000618044,36.00034099963523,0.27491408934707906,194,0,0,28,0.9486607142857143,0
8.46893,3,0,0,0.0,35.714775000087684,0.6888419998176687,35.73266400007924,0.27350427350427353,195,0,0,28,0.9553571428571429,0
8.54015,4,1,100,32.05454499993721,39.120811999964644,0.7838260003154573,71.21550600004412,0.326530612244898,196,0,0,36,0.9236111111111112,0
8.57691,4,0,0,0.0,36.73041699994428,0.7756469999549154,36.75090899969291,0.3248730964467005,197,0,0,36,0.9305555555555556,0
8.61358,4,0,0,0.0,36.65068700001939,0.823408000087511,36.670639000021765,0.3232323232323232,198,0,0,36,0.9375,0
8.64937,4,0,0,0.0,35.76194399965971,0.7736359998489206,35.78274000028614,0.321608040201005,199,0,0,36,0.9444444444444444,0
8.68614,4,0,0,0.0,36.737678999998025,0.7814400000825117,36.757375999968644,0.31999999999999995,200,0,0,36,0.9513888888888888,0
8.72273,4,0,0,0.0,36.571945999639865,0.7800580001458002,36.593044999790436,0.31840796019900497,201,0,0,36,0.9583333333333334,0
8.75955,4,0,0,0.0,36.787464000099135,0.8231689998865477,36.80593199987925,0.3168316831683168,202,0,0,36,0.9652777777777778,0
8.79603,4,0,0,0.0,36.45667399996455,0.7818669996595418,36.476119000326435,0.3152709359605911,203,0,0,36,0.9722222222222222,0
8.83252,4,0,0,0.0,36.46606799975416,0.8188510000763927,36.486859999968146,0.3137254901960784,204,0,0,37,0.9527027027027027,0
8.86908,4,0,0,0.0,36.52396899997257,0.7708250000177941,36.54183600019678,0.31219512195121957,205,0,0,37,0.9594594594594594,0
8.9055,4,0,0,0.0,36.399586999777966,0.7987949998096155,36.418310000044585,0.3106796116504854,206,0,0,37,0.9662162162162162,0
8.94135,4,0,0,0.0,35.82102299969847,0.7895719995758554,35.8387049996054,0.3091787439613527,207,0,0,37,0.972972972972973,0
8.97803,4,0,0,0.0,36.651430999881995,0.7935869998618728,36.675602000286744,0.3076923076923077,208,0,0,39,0.9294871794871795,0
9.01535,4,0,0,0.0,37.29825400023401,0.8314050000990392,37.321699999665725,0.30622009569377995,209,0,0,39,0.9358974358974359,0
9.05274,4,0,0,0.0,37.3571200002516,0.8237550000558258,37.382988999979716,0.3047619047619048,210,0,0,39,0.9423076923076923,0
9.13001,6,2,262,39.570653999817296,37.63541799980885,1.0436829998070607,77.25767900001301,0.3285939968404423,211,0,0,56,0.9553571428571429,0
9.16738,6,0,0,0.0,37.33456200006913,1.074982000318414,37.36105799998768,0.32704402515723274,212,0,0,57,0.9451754385964912,0
9.20435,6,0,0,0.0,36.945746000128565,1.0512100002415536,36.96809099983511,0.3255086071987481,213,0,0,57,0.9517543859649122,0
9.24121,6,0,0,0.0,36.82264300005045,1.2640310001188482,36.847821999799635,0.32398753894081,214,0,0,58,0.9418103448275862,0
9.27695,6,0,0,0.0,35.71544299984453,1.0508130003472615,35.74922300003891,0.32248062015503876,215,0,0,58,0.9482758620689655,0
9.31334,6,0,0,0.0,36.34514300028968,1.0715110001910944,36.365539000144054,0.32098765432098764,216,0,0,58,0.9547413793103449,0
9.3498,6,0,0,0.0,36.43712900020546,1.0488610000720655,36.455991999901016,0.3195084485407066,217,0,0,58,0.9612068965517241,0
9.38608,6,0,0,0.0,36.25164599998243,1.0750209999059734,36.27438000012262,0.31804281345565755,218,0,0,59,0.951271186440678,0
9.42309,6,0,0,0.0,36.990473000059865,1.0707629999160417,37.01681100028509,0.3165905631659056,219,0,0,59,0.9576271186440678,0
9.46015,6,0,0,0.0,37.00031499965917,1.2855350000791077,37.026609999884386,0.3151515151515152,220,0,0,60,0.9479166666666666,0
9.49794,6,0,0,0.0,37.767202999930305,1.068185000349331,37.78729900022881,0.3137254901960784,221,0,0,60,0.9541666666666667,0
9.53807,6,0,0,0.0,40.08939899995312,1.0913810001511592,40.12306399999943,0.31231231231231227,222,0,0,60,0.9604166666666667,0
9.57489,6,0,0,0.0,36.79231600017374,1.1017250003533263,36.81326599962631,0.3109118086696562,223,0,0,60,0.9666666666666667,0
9.61209,6,0,0,0.0,37.168246999954135,1.1087989996667602,37.19348699996772,0.30952380952380953,224,0,0,62,0.9415322580645161,0
9.64871,6,0,0,0.0,36.601060000066354,1.0785500003294146,36.62181700019573,0.30814814814814817,225,0,0,62,0.9475806451612904,0
9.68563,6,0,0,0.0,36.88827799987848,1.2678410002990859,36.90817300002891,0.30678466076696165,226,0,0,62,0.9536290322580645,0
9.72215,6,0,0,0.0,36.49138700029653,1.1003570002685592,36.511549000351806,0.30543318649045526,227,0,0,62,0.9596774193548387,0
9.75895,6,0,0,0.0,36.780161000024236,1.0854150000341178,36.802220000026864,0.30409356725146197,228,0,0,63,0.9503968253968254,0
9.79568,6,0,0,0.0,36.700316999940696,1.0965720002786838,36.725132999890775,0.30276564774381365,229,0,0,63,0.9563492063492064,0
9.83246,6,0,0,0.0,36.741093000273395,1.1283560002084414,36.768363999726716,0.3014492753623188,230,0,0,64,0.947265625,0
9.90285,7,1,249,32.579533999978594,37.7601790000881,1.6367950001949794,70.38597900009336,0.3006310958118187,249,0,0,80,0.9578125,0
9.94138,7,0,0,0.0,38.49197599993204,1.3548310002988728,38.51948600004107,0.2994285714285714,250,0,0,80,0.96328125,0
9.98006,7,0,0,0.0,38.63787499994942,1.66954899987104,38.66089099983583,0.29823562891291977,251,0,0,80,0.96875,0
10.01786,7,0,0,0.0,37.76802999982465,1.330815000073926,37.79259299972182,0.2970521541950113,252,0,0,81,0.9621913580246914,0
10.05559,7,0,0,0.0,37.696336999943014,1.3421329999800946,37.71785100025227,0.29587803500846976,253,0,0,81,0.9675925925925926,0
10.09364,7,0,0,0.0,38.025319000098534,1.3559859999077162,38.05076900016502,0.2947131608548932,254,0,0,82,0.9611280487804879,0
10.12977,7,0,0,0.0,36.102133999975194,1.3505449996955576,36.121902000104456,0.29355742296918763,255,0,0,82,0.9664634146341463,0
10.16691,7,0,0,0.0,37.111023000306886,1.347252999948978,37.13592699978108,0.2924107142857143,256,0,0,83,0.9600903614457831,0
10.20474,7,0,0,0.0,37.80451200009338,1.7411260000699258,37.826021000000765,0.2912729294052251,257,0,0,83,0.9653614457831325,0
10.24171,7,0,0,0.0,36.933730999862746,1.3513809999494697,36.958535999929154,0.2901439645625692,258,0,0,85,0.9477941176470588,0
10.27891,7,0,0,0.0,37.172801999986405,1.3666550003108568,37.192729999787844,0.2890237175951461,259,0,0,85,0.9529411764705882,0
10.31584,7,0,0,0.0,36.905564999869966,1.360454999939975,36.92520399999921,0.2879120879120879,260,0,0,85,0.9580882352941177,0
10.35267,7,0,0,0.0,36.80701899975247,1.3607599998977093,36.8264150001778,0.2868089764641488,261,0,0,85,0.9632352941176471,0
10.39002,7,0,0,0.0,37.32657199998357,1.6841159999785305,37.34953100001803,0.2857142857142857,262,0,0,86,0.9571220930232558,0
10.4262,7,0,0,0.0,36.149734999980865,1.3607600003524567,36.178039999867906,0.2846279196089082,263,0,0,73,0.9606164383561644,0
10.46357,6,0,0,0.0,37.33269900021696,1.1989460003860586,37.35490600001867,0.29166666666666663,264,0,0,74,0.9527027027027027,0
10.50008,6,0,0,0.0,36.48783300013747,1.220670999828144,36.506546000055096,0.2905660377358491,265,0,0,74,0.9577702702702703,0
10.53916,6,0,0,0.0,39.05374699979802,1.2071040000591893,39.07395099986388,0.2894736842105263,266,0,0,74,0.9628378378378378,0
10.57665,6,0,0,0.0,37.47149300033925,1.1988460000793566,37.49130999995032,0.28838951310861427,267,0,0,74,0.9679054054054054,0
10.61427,6,0,0,0.0,37.58969000000434,1.2439239999366691,37.61202999976376,0.2873134328358209,268,0,0,75,0.96,0
10.65104,6,0,0,0.0,36.74919000013688,1.2050750001435517,36.77136199985398,0.28624535315985133,269,0,0,75,0.965,0
10.68785,6,0,0,0.0,36.78105600010895,1.2366710002424952,36.80287499992119,0.2851851851851852,270,0,0,75,0.97,0
10.72407,6,0,0,0.0,36.187204999805545,1.2411060001795704,36.21222499987198,0.2841328413284133,271,0,0,75,0.975,0
10.76118,6,0,0,0.0,37.07168199980515,1.2467630003811792,37.10407800008397,0.28308823529411764,272,0,0,60,0.959375,0
10.79786,5,0,0,0.0,36.64406000007148,1.0648279999259103,36.667314999704104,0.32527472527472523,273,0,0,60,0.9645833333333333,0
10.83445,5,0,0,0.0,36.56497100018896,1.1018370000783761,36.58966400007557,0.32408759124087594,274,0,0,61,0.9538934426229508,0
10.87095,5,0,0,0.0,36.47487399985039,1.0738310002125218,36.495014000138326,0.3229090909090909,275,0,0,61,0.9590163934426229,0
10.93997,6,1,204,32.09274800019557,36.87199599971791,1.2186560002191982,69.02122799965582,0.3115942028985508,276,0,0,74,0.9679054054054054,0
10.97697,6,0,0,0.0,36.946119999811344,1.2393359997986408,36.989877999985765,0.31046931407942235,277,0,0,74,0.972972972972973,0
11.01376,6,0,0,0.0,36.755384000116464,1.2444840003809077,36.781182999675366,0.3093525179856115,278,0,0,75,0.965,0
11.05,6,0,0,0.0,36.21079899994584,1.2549779999062594,36.234318999959214,0.30824372759856633,279,0,0,75,0.97,0
11.08836,6,0,0,0.0,38.319817000228795,1.258131000213325,38.347151999914786,0.30714285714285716,280,0,0,77,0.9496753246753247,0
11.15887,7,1,248,32.673383000201284,37.79211299979579,1.7960889999812935,70.51288200000272,0.27910523640061,281,0,0,93,0.9576612903225806,0
11.19634,7,0,0,0.0,37.42400400005863,1.4932470003259368,37.45664999996734,0.27811550151975684,282,0,0,75,0.9575,0
11.23324,6,0,0,0.0,36.84212500002104,1.1939549999624433,36.87275899983433,0.23399999999999999,250,0,0,64,0.9560546875,0
11.27017,5,0,0,0.0,36.90625600029307,1.0632630001055077,36.929410999618995,0.21992031872509965,251,0,0,64,0.9609375,0
11.30688,5,0,0,0.0,36.6745669998636,1.0645520001162367,36.69778999983464,0.21904761904761905,252,0,0,64,0.9658203125,0
11.34339,5,0,0,0.0,36.48077200023181,1.0827740002241626,36.501387000043906,0.21818181818181814,253,0,0,64,0.970703125,0
11.37986,5,0,0,0.0,36.442572999931144,1.0442600000715174,36.468073000378354,0.21732283464566926,254,0,0,54,0.9780092592592593,0
11.4157,4,0,0,0.0,35.81775299971923,0.9428220000700094,35.836876000303164,0.17156862745098034,255,0,0,54,0.9826388888888888,0
11.45218,4,0,0,0.0,36.453712999900745,0.945711999975174,36.47624999985055,0.1708984375,256,0,0,55,0.9693181818181819,0
11.48929,4,0,0,0.0,37.07873399980599,0.9227450000253157,37.101546000030794,0.1702334630350194,257,0,0,56,0.9564732142857143,0
11.52809,4,0,0,0.0,38.77373000022999,0.9364420002384577,38.7921470000947,0.16957364341085268,258,0,0,56,0.9609375,0
11.56537,4,0,0,0.0,37.25577300019722,0.9349540000584966,37.27524900023127,0.16891891891891897,259,0,0,56,0.9654017857142857,0
11.60206,4,0,0,0.0,36.66692700016938,0.9197379999932309,36.68530999993891,0.16826923076923073,260,0,0,56,0.9698660714285714,0
11.63856,4,0,0,0.0,36.4733790001992,0.9383219999108405,36.49138999981005,0.1676245210727969,261,0,0,56,0.9743303571428571,0
11.6751,4,0,0,0.0,36.5221140000358,0.9278630000153498,36.54089000019667,0.1669847328244275,262,0,0,56,0.9787946428571429,0
11.71104,4,0,0,0.0,35.89058700026726,0.9350649997941218,35.91901199979475,0.1663498098859315,263,0,0,44,0.9545454545454546,0
11.74726,3,0,0,0.0,36.199813000166614,0.8208799999920302,36.21915900021122,0.1515151515151515,264,0,0,44,0.9588068181818182,0
11.78335,3,0,0,0.0,36.06290199968498,0.8086829998319445,36.081053000089014,0.15094339622641506,265,0,0,44,0.9630681818181818,0
11.81933,3,0,0,0.0,35.95360199960851,0.8093550000012328,35.97128599994903,0.15037593984962405,266,0,0,44,0.9673295454545454,0
11.85516,3,0,0,0.0,35.813572999813914,0.8055109997258114,35.83168500017564,0.14981273408239704,267,0,0,44,0.9715909090909091,0
11.89117,3,0,0,0.0,35.98004500008756,0.8096999999906984,35.99867200000517,0.14925373134328357,268,0,0,44,0.9758522727272727,0
11.92709,3,0,0,0.0,35.89776699982394,0.8128350000333739,35.91587499977322,0.14869888475836435,269,0,0,44,0.9801136363636364,0
11.96319,3,0,0,0.0,36.074068999823794,0.8088360000328976,36.09221700025955,0.14814814814814814,270,0,0,44,0.984375,0
11.99831,3,0,0,0.0,35.09485099993981,0.8172309999281424,35.11387199978344,0.14760147601476015,271,0,0,44,0.9886363636363636,0
12.03415,3,0,0,0.0,35.8210079998571,0.8097069999166706,35.842115999912494,0.1470588235294118,272,0,0,45,0.9708333333333333,0
12.07022,3,0,0,0.0,36.04066199977751,0.8188709998648847,36.060845000065456,0.14652014652014655,273,0,0,46,0.9538043478260869,0
12.10635,3,0,0,0.0,36.105617999965034,0.8214960002987937,36.12791399973503,0.14598540145985406,274,0,0,46,0.9578804347826086,0
12.14293,3,0,0,0.0,36.55345100014529,0.8472280001114996,36.57983500033879,0.1454545454545455,275,0,0,46,0.9619565217391305,0
12.17986,3,0,0,0.0,36.89321799993195,0.879525999607722,36.91579199994521,0.14492753623188404,276,0,0,46,0.9660326086956522,0
12.21668,3,0,0,0.0,36.793543999920075,0.8934570000747044,36.81797599983838,0.14440433212996395,277,0,0,46,0.970108695652174,0
12.25271,3,0,0,0.0,36.000188999878446,0.8991949998744531,36.02338600012445,0.14388489208633093,278,0,0,46,0.9741847826086957,0
12.28829,3,0,0,0.0,35.538701000405126,0.8730439999453665,35.56781999986924,0.14336917562724016,279,0,0,47,0.9574468085106383,0
12.32437,3,0,0,0.0,36.05028400033916,0.8780339999248099,36.07557299983455,0.1428571428571429,280,0,0,47,0.961436170212766,0
12.3602,3,0,0,0.0,35.79751799998121,0.853541999731533,35.81835000022693,0.14234875444839856,281,0,0,47,0.9654255319148937,0
12.3963,3,0,0,0.0,36.07515300018349,0.837623999814241,36.094692000006035,0.14184397163120566,282,0,0,47,0.9694148936170213,0
12.4327,3,0,0,0.0,36.37133200027165,0.8557219998692744,36.39301400016848,0.1413427561837456,283,0,0,47,0.973404255319149,0
12.46904,3,0,0,0.0,36.314816000412975,0.896034000106738,36.33447200036244,0.14084507042253525,284,0,0,47,0.9773936170212766,0
12.5056,3,0,0,0.0,36.538663000101224,0.8626270000604563,36.56117699983952,0.14035087719298245,285,0,0,47,0.9813829787234043,0
12.54402,3,0,0,0.0,38.3736809999391,0.938698000027216,38.397048999740946,0.1398601398601399,286,0,0,47,0.9853723404255319,0
12.57953,3,0,0,0.0,35.4792829998587,0.8676600000399048,35.49986400003036,0.13937282229965153,287,0,0,47,0.9893617021276596,0
12.61586,3,0,0,0.0,36.29959599993526,0.8660749999762629,36.323190000075556,0.13888888888888884,288,0,0,48,0.97265625,0
12.65213,3,0,0,0.0,36.22417699989455,0.8769039995968342,36.260679000406526,0.1384083044982699,289,0,0,49,0.9566326530612245,0
12.6884,3,0,0,0.0,36.25123399979202,0.8542689997739217,36.270768999656866,0.13793103448275867,290,0,0,49,0.9604591836734694,0
12.72465,3,0,0,0.0,36.21403900024234,0.8566740002606821,36.235583999769005,0.13745704467353947,291,0,0,49,0.9642857142857143,0
12.76098,3,0,0,0.0,36.3094699996509,0.8879100000740436,36.33110000009765,0.136986301369863,292,0,0,49,0.9681122448979592,0
12.83022,4,1,109,32.40784600029656,36.78058100013004,0.96681000013632,69.22562999989168,0.2593856655290102,293,0,0,56,0.9732142857142857,0
12.86703,4,0,0,0.0,36.79106200024762,0.9735479998198571,36.81070699985867,0.25850340136054417,294,0,0,56,0.9776785714285714,0
12.90299,4,0,0,0.0,35.92398399996455,0.9932269999808341,35.95307499972478,0.25762711864406784,295,0,0,43,0.9665697674418605,0
12.93908,3,0,0,0.0,36.05915099979029,0.8385439996345667,36.08349499972974,0.25112612612612617,296,0,0,44,0.9488636363636364,0
12.97577,3,0,0,0.0,36.659495999629144,0.8569309998165409,36.679961000118055,0.2502805836139169,297,0,0,44,0.953125,0
13.04566,4,1,224,32.5724369999989,37.27618799985066,0.9981510002035066,69.89408999970692,0.24916107382550334,298,0,0,59,0.9523305084745762,0
13.08305,4,0,0,0.0,37.350315999901795,1.0385200002929196,37.37402299975656,0.24832775919732442,299,0,0,59,0.9565677966101694,0
13.12001,4,0,0,0.0,36.934029000349256,1.0479669999767793,36.956382999960624,0.24750000000000005,300,0,0,59,0.9608050847457628,0
13.15713,4,0,0,0.0,37.07953399998587,1.0184360003222537,37.11621899992679,0.24667774086378735,301,0,0,59,0.965042372881356,0
13.19466,4,0,0,0.0,37.5019439998141,1.0243699998682132,37.523395999869535,0.2458609271523179,302,0,0,59,0.9692796610169492,0
13.23108,4,0,0,0.0,36.394365999967704,1.0505390000616899,36.41609399983281,0.24504950495049505,303,0,0,59,0.9735169491525424,0
13.26831,4,0,0,0.0,37.194019999788,1.0112509999089525,37.21814500022447,0.24424342105263153,304,0,0,60,0.9614583333333333,0
13.30549,4,0,0,0.0,37.15314499959277,1.0213069999736035,37.178092999965884,0.24344262295081964,305,0,0,60,0.965625,0
13.34281,4,0,0,0.0,37.292687999979535,1.0318620002180978,37.31699300033142,0.24264705882352944,306,0,0,60,0.9697916666666667,0
13.3806,4,0,0,0.0,37.75010300023496,1.0529189999033406,37.774070000068605,0.24185667752442996,307,0,0,60,0.9739583333333334,0
13.41828,4,0,0,0.0,37.65265299989551,1.0837400000127673,37.67619000018385,0.2410714285714286,308,0,0,60,0.978125,0
13.45577,4,0,0,0.0,37.4596050000946,1.0406090000287804,37.48248200008675,0.24029126213592233,309,0,0,60,0.9822916666666667,0
13.4934,4,0,0,0.0,37.603430000217486,1.0711660002016288,37.62596900014614,0.23951612903225805,310,0,0,60,0.9864583333333333,0
13.53368,4,0,0,0.0,40.249485000003915,1.0399819998383464,40.277368999795726,0.2387459807073955,311,0,0,61,0.9743852459016393,0
13.57142,4,0,0,0.0,37.69802000033451,1.0947450000458048,37.72485300032713,0.23798076923076927,312,0,0,62,0.9627016129032258,0
13.60918,4,0,0,0.0,37.73597000008522,1.0462410000400268,37.758798000140814,0.237220447284345,313,0,0,62,0.9667338709677419,0
13.64656,4,0,0,0.0,37.34454100003859,1.0498169999664242,37.36907200027417,0.23646496815286622,314,0,0,63,0.9553571428571429,0
13.68397,4,0,0,0.0,37.38709100025517,1.0598600001685554,37.406443999771,0.23571428571428577,315,0,0,63,0.9593253968253969,0
13.72118,4,0,0,0.0,37.1750230001453,1.0609729997668182,37.20346099999006,0.23496835443037978,316,0,0,43,0.9505813953488372,0
13.75768,3,0,0,0.0,36.475416000030236,0.8197110000764951,36.49587500012785,0.2158273381294964,278,0,0,43,0.9549418604651163,0
13.82689,4,1,209,32.84355799996774,36.32713099977991,0.9563410003465833,69.20824000007997,0.22401433691756267,279,0,0,57,0.9539473684210527,0
13.86389,4,0,0,0.0,36.971367000205646,0.9784249996300787,36.99038600007043,0.2232142857142857,280,0,0,57,0.9583333333333334,0
13.901,4,0,0,0.0,37.085127999944234,0.977881999915553,37.10398000021087,0.22241992882562278,281,0,0,57,0.9627192982456141,0
13.97051,5,1,170,32.27583299985781,37.185514999691804,1.1045960000046762,69.50649899999917,0.2567375886524823,282,0,0,68,0.9678308823529411,0
14.00758,5,0,0,0.0,37.04076699978032,1.118008000048576,37.06023799986724,0.25583038869257946,283,0,0,68,0.9724264705882353,0
14.04468,5,0,0,0.0,37.06902199974138,1.1402740001358325,37.089115000071615,0.2549295774647887,284,0,0,68,0.9770220588235294,0
14.0818,5,0,0,0.0,37.098080000305345,1.1506290002216701,37.1173710000221,0.2540350877192983,285,0,0,68,0.9816176470588235,0
14.11898,5,0,0,0.0,37.16124899983697,1.1628909996943548,37.18105999996624,0.25314685314685315,286,0,0,68,0.9862132352941176,0
14.1555,5,0,0,0.0,36.48786699977791,1.1510260001159622,36.5101689999392,0.2522648083623693,287,0,0,68,0.9908088235294118,0
14.19324,5,0,0,0.0,37.71023100034654,1.1649909997686336,37.73569699978907,0.2513888888888889,288,0,0,70,0.9669642857142857,0
14.23084,5,0,0,0.0,37.56921499962118,1.1531710001690954,37.59248000005755,0.25051903114186846,289,0,0,71,0.9577464788732394,0
14.26823,5,0,0,0.0,37.36505099959686,1.1737690001609735,37.38497599988477,0.2496551724137931,290,0,0,71,0.9621478873239436,0
14.30561,5,0,0,0.0,37.34435600017605,1.2571359998219123,37.37304900005256,0.24879725085910653,291,0,0,53,0.9504716981132075,0
14.34261,4,0,0,0.0,36.96883100019477,0.9340309998151497,36.98976199984827,0.21595330739299612,257,0,0,53,0.9551886792452831,0
14.38014,4,0,0,0.0,37.5097299997833,0.9725439999783703,37.53144099982819,0.2151162790697675,258,0,0,53,0.9599056603773585,0
14.41743,4,0,0,0.0,37.259782000091946,0.9259630000997277,37.28447800040158,0.2142857142857143,259,0,0,54,0.9467592592592593,0
14.45484,4,0,0,0.0,37.37685499982035,0.9425299999747949,37.396362999970734,0.21346153846153848,260,0,0,54,0.9513888888888888,0
14.49129,4,0,0,0.0,36.4249210001617,0.9448169998904632,36.44321499996295,0.21264367816091956,261,0,0,54,0.9560185185185185,0
14.53081,4,0,0,0.0,39.50047499984066,0.914617000034923,39.51968299998043,0.21183206106870234,262,0,0,54,0.9606481481481481,0
14.56721,4,0,0,0.0,36.370185000123456,0.9544919998916157,36.39366199968208,0.21102661596958172,263,0,0,54,0.9652777777777778,0
14.60466,4,0,0,0.0,37.420198999825516,0.946014999954059,37.43935299962686,0.2102272727272727,264,0,0,54,0.9699074074074074,0
14.64192,4,0,0,0.0,37.242390000301384,0.9612589997232135,37.26119500015557,0.2094339622641509,265,0,0,54,0.9745370370370371,0
14.6792,4,0,0,0.0,37.25705299984838,0.9696170000097482,37.27714900014689,0.2086466165413534,266,0,0,54,0.9791666666666666,0
14.71639,4,0,0,0.0,37.15973899988967,0.9346730003017001,37.17987399977574,0.2078651685393258,267,0,0,54,0.9837962962962963,0
14.75294,4,0,0,0.0,36.52031999990868,0.9344400000372843,36.542644999826734,0.20708955223880599,268,0,0,54,0.9884259259259259,0
14.78955,4,0,0,0.0,36.58530199982124,0.9812879998207791,36.608707000141294,0.20631970260223054,269,0,0,55,0.975,0
14.82588,4,0,0,0.0,36.29647300022043,0.956314999712049,36.31834899988462,0.2055555555555556,270,0,0,56,0.9620535714285714,0
14.89358,5,1,150,31.917725000312203,35.7397700004185,1.0972840000249562,67.69412699986788,0.25313653136531367,271,0,0,66,0.9630681818181818,0
14.92994,5,0,0,0.0,36.33702600018296,1.1023000001841865,36.35832100007974,0.25220588235294117,272,0,0,67,0.9533582089552238,0
14.96636,5,0,0,0.0,36.389807000432484,1.1116420000689686,36.40774399991642,0.2512820512820513,273,0,0,67,0.9580223880597015,0
15.00307,5,0,0,0.0,36.685990000023594,1.0932320001302287,36.711757000375655,0.2503649635036497,274,0,0,67,0.9626865671641791,0
15.04216,5,0,0,0.0,39.05513499967128,1.4505399999507063,39.08398700014004,0.24945454545454548,275,0,0,68,0.953125,0
15.08024,5,0,0,0.0,38.04395299994212,1.1272409997218347,38.06722000035734,0.24855072463768113,276,0,0,68,0.9577205882352942,0
15.11768,5,0,0,0.0,37.41334799997276,1.1331590003464953,37.4391549999018,0.24765342960288805,277,0,0,68,0.9623161764705882,0
15.15507,5,0,0,0.0,37.356277000071714,1.1596249996728147,37.37949300011678,0.24676258992805755,278,0,0,68,0.9669117647058824,0
15.19182,5,0,0,0.0,36.720931000218116,1.1483580001367955,36.74555899988263,0.24587813620071686,279,0,0,68,0.9715073529411765,0
15.22927,5,0,0,0.0,37.4219099999209,1.1766100001295854,37.44620300039969,0.245,280,0,0,68,0.9761029411764706,0
15.26652,5,0,0,0.0,37.212212000213185,1.1350839999977325,37.237677999655716,0.24412811387900357,281,0,0,69,0.9664855072463768,0
15.30376,5,0,0,0.0,37.219762000404444,1.1540789996615786,37.240433000079065,0.2432624113475177,282,0,0,69,0.9710144927536232,0
15.37472,6,1,173,32.99428899981649,37.91328399984195,1.3274750003802183,70.95191200005502,0.2667844522968198,283,0,0,69,0.9755434782608695,0
15.41223,5,0,0,0.0,37.47482200014929,1.156342999820481,37.49774200014144,0.2415492957746479,284,0,0,69,0.980072463768116,0
15.44993,5,0,0,0.0,37.669551000362844,1.1396849999982805,37.69713700012289,0.24070175438596486,285,0,0,70,0.9705357142857143,0
15.48778,5,0,0,0.0,37.81685400008428,1.1822460000985302,37.840979000066,0.23986013986013988,286,0,0,71,0.9612676056338029,0
15.52807,5,0,0,0.0,40.264542999921105,1.1778840002989455,40.28776099994502,0.23902439024390243,287,0,0,71,0.965669014084507,0
15.56571,5,0,0,0.0,37.609827000324,1.1739679998754582,37.63583499994638,0.2381944444444445,288,0,0,72,0.9565972222222222,0
15.60333,5,0,0,0.0,37.59061400023711,1.1845419999190199,37.61234899957344,0.23737024221453285,289,0,0,72,0.9609375,0
15.64104,5,0,0,0.0,37.68099799981428,1.1518749997776467,37.70460399982767,0.23655172413793102,290,0,0,72,0.9652777777777778,0
15.67894,5,0,0,0.0,37.86117999970884,1.1884820000886975,37.885737999658886,0.23573883161512033,291,0,0,73,0.9563356164383562,0
15.7164,5,0,0,0.0,37.434857999869564,1.1963889996877697,37.45690300002025,0.23493150684931507,292,0,0,73,0.9606164383561644,0
15.75425,5,0,0,0.0,37.81920000028549,1.1772910002036951,37.84381500008749,0.23412969283276452,293,0,0,73,0.9648972602739726,0
15.79221,5,0,0,0.0,37.92686599990702,1.2509019998105941,37.95112700026948,0.23333333333333328,294,0,0,73,0.9691780821917808,0
15.82917,5,0,0,0.0,36.92495599989343,1.1858389998451457,36.95971899969663,0.23254237288135593,295,0,0,54,0.9733796296296297,0
15.86677,4,0,0,0.0,37.5705809997271,0.9704220001367503,37.59594399980415,0.19444444444444442,261,0,0,54,0.9780092592592593,0
15.90457,4,0,0,0.0,37.765070000205014,0.9837330003392708,37.79118400007064,0.19370229007633588,262,0,0,55,0.9647727272727272,0
15.94219,4,0,0,0.0,37.58703099992999,0.9769479997885355,37.61489900034576,0.19296577946768056,263,0,0,55,0.9693181818181819,0
15.98044,4,0,0,0.0,38.21666900012133,0.9817100003601809,38.240927000060765,0.1922348484848485,264,0,0,55,0.9738636363636364,0
16.05144,5,1,255,33.484461000170995,37.46821899994757,1.1509340001794044,70.99741899992296,0.16075471698113208,265,0,0,71,0.983274647887324,0
16.0901,5,0,0,0.0,38.618380000116304,1.1399730001357966,38.64741100005631,0.1601503759398496,266,0,0,73,0.9606164383561644,0
16.12801,5,0,0,0.0,37.860101999740436,1.1530560000210244,37.88899000028323,0.15955056179775284,267,0,0,74,0.9518581081081081,0
16.16517,5,0,0,0.0,37.12513600021339,1.155837000169413,37.15239999974074,0.15895522388059702,268,0,0,74,0.956081081081081,0
16.20262,5,0,0,0.0,37.42009699999471,1.1552080000001297,37.44404000008217,0.15836431226765801,269,0,0,74,0.9603040540540541,0
16.23988,5,0,0,0.0,37.22712800026784,1.1723630000233243,37.25415899998552,0.1577777777777778,270,0,0,74,0.964527027027027,0
16.27627,5,0,0,0.0,36.36273199981588,1.1788209999394894,36.38410699977612,0.15719557195571954,271,0,0,74,0.96875,0
16.31411,5,0,0,0.0,37.80569700029446,1.1321649999445071,37.84860399991885,0.15661764705882353,272,0,0,75,0.96,0
16.35203,5,0,0,0.0,37.87311999985832,1.1487659999147581,37.8945269999349,0.15604395604395604,273,0,0,75,0.9641666666666666,0
16.39013,5,0,0,0.0,38.05705200011289,1.167676000022766,38.096285999927204,0.15547445255474457,274,0,0,75,0.9683333333333334,0
16.42802,5,0,0,0.0,37.86406100016393,1.1647940000329982,37.88801800010333,0.15490909090909089,275,0,0,75,0.9725,0
16.46578,5,0,0,0.0,37.72531799995704,1.1677060001602513,37.74739500022406,0.15434782608695652,276,0,0,75,0.9766666666666667,0
16.50387,5,0,0,0.0,38.065920999997616,1.1824959997284168,38.08773299988388,0.15379061371841152,277,0,0,75,0.9808333333333333,0
16.54398,5,0,0,0.0,40.08479300000545,1.2930339999002172,40.10859500021979,0.15323741007194247,278,0,0,76,0.9720394736842105,0
16.5805,5,0,0,0.0,36.48845400039136,1.1765389999709441,36.50831499999185,0.15268817204301077,279,0,0,76,0.9761513157894737,0
16.61771,5,0,0,0.0,37.17352600006052,1.1736890000975109,37.20458800034976,0.15214285714285714,280,0,0,63,0.9890873015873016,0
16.65487,4,0,0,0.0,37.13440000001356,1.036703999943711,37.15508999994199,0.11298932384341642,281,0,0,63,0.9930555555555556,0
16.69194,4,0,0,0.0,37.04441500030953,1.0262209998472827,37.066724999931466,0.11258865248226946,282,0,0,65,0.9663461538461539,0
16.72895,4,0,0,0.0,36.984209999900486,1.0063949998766475,37.00662899973395,0.11219081272084808,283,0,0,66,0.9554924242424242,0
16.76616,4,0,0,0.0,37.17205700013437,1.0244760001114628,37.19230400020024,0.11179577464788737,284,0,0,66,0.959280303030303,0
16.80329,4,0,0,0.0,37.10781399968255,1.0105480000675016,37.12864199997057,0.11140350877192984,285,0,0,66,0.9630681818181818,0
16.84056,4,0,0,0.0,37.238966999666445,1.0147259999939706,37.26290300028268,0.11101398601398604,286,0,0,66,0.9668560606060606,0
16.87772,4,0,0,0.0,37.1261959999174,1.0589420003270789,37.14851599988833,0.11062717770034847,287,0,0,66,0.9706439393939394,0
16.91557,4,0,0,0.0,37.819772999682755,1.0545999998612388,37.84544299969639,0.11024305555555558,288,0,0,67,0.9598880597014925,0
16.95342,4,0,0,0.0,37.81845699995756,1.0733770000115328,37.840582999706385,0.10986159169550169,289,0,0,67,0.9636194029850746,0
16.99127,4,0,0,0.0,37.82336399990527,1.0413700001663528,37.844610000320245,0.10948275862068968,290,0,0,67,0.9673507462686567,0
17.02921,4,0,0,0.0,37.91633800028649,1.0477040000296256,37.9389690001517,0.10910652920962194,291,0,0,67,0.9710820895522388,0
17.06694,4,0,0,0.0,37.700269000197295,1.039075999869965,37.722362999829784,0.10873287671232879,292,0,0,67,0.9748134328358209,0
17.10413,4,0,0,0.0,37.1444249999513,1.0575880000942561,37.17888099981792,0.1083617747440273,293,0,0,67,0.9785447761194029,0
17.14119,4,0,0,0.0,37.037872999917454,1.0484719996384229,37.057650000406284,0.10799319727891155,294,0,0,67,0.9822761194029851,0
17.17788,4,0,0,0.0,36.660113999914756,1.051510000252165,36.6821309999068,0.10762711864406782,295,0,0,67,0.9860074626865671,0
17.21573,4,0,0,0.0,37.82029700005296,1.086419000330352,37.84539400021458,0.10726351351351349,296,0,0,67,0.9897388059701493,0
17.25323,4,0,0,0.0,37.47591299998021,1.0775259997899411,37.50141199998325,0.10690235690235694,297,0,0,67,0.9934701492537313,0
17.29154,4,0,0,0.0,38.27375600030791,1.0776330000226153,38.301484000385244,0.10654362416107388,298,0,0,69,0.9682971014492754,0
17.32928,4,0,0,0.0,37.70065100025022,1.0969520003527578,37.72563399979845,0.10618729096989965,299,0,0,70,0.9580357142857143,0
17.36666,4,0,0,0.0,37.35735200007184,1.056381000125839,37.38007400033894,0.10583333333333333,300,0,0,70,0.9616071428571429,0
17.4042,4,0,0,0.0,37.50829899991004,1.0804439998537418,37.531281000156014,0.10548172757475083,301,0,0,70,0.9651785714285714,0
17.44165,4,0,0,0.0,37.42323400001624,1.0715590001382225,37.44746199981819,0.10513245033112584,302,0,0,70,0.96875,0
17.47847,4,0,0,0.0,36.78716900003565,1.0908989997915342,36.808462999943,0.1047854785478548,303,0,0,70,0.9723214285714286,0
17.51805,4,0,0,0.0,39.543233000131295,1.070025999979407,39.57397200019841,0.10444078947368418,304,0,0,71,0.9621478873239436,0
17.55674,4,0,0,0.0,38.6587929997404,1.222921000135102,38.68569099995511,0.10409836065573774,305,0,0,71,0.965669014084507,0
17.59455,4,0,0,0.0,37.77756199997384,1.1305110001558205,37.80006100032551,0.10375816993464049,306,0,0,71,0.9691901408450704,0
17.63198,4,0,0,0.0,37.39806400017187,1.0864450000553916,37.42027299995243,0.10342019543973946,307,0,0,71,0.9727112676056338,0
17.66945,4,0,0,0.0,37.43567800029268,1.0984159998770338,37.465220000285626,0.10308441558441561,308,0,0,52,0.9735576923076923,0
17.70617,3,0,0,0.0,36.69209600002432,0.8931299998948816,36.71219799980463,0.12621359223300976,309,0,0,52,0.9771634615384616,0
17.74274,3,0,0,0.0,36.54865099997551,0.9005980000438285,36.57078599962915,0.12580645161290327,310,0,0,52,0.9807692307692307,0
17.77849,3,0,0,0.0,35.72355200003585,0.9264269997402153,35.74314399975265,0.12540192926045013,311,0,0,52,0.984375,0
17.81499,3,0,0,0.0,36.46754100009275,1.0260250001010718,36.4855009997882,0.125,312,0,0,52,0.9879807692307693,0
17.85167,3,0,0,0.0,36.662247000094794,0.900002999969729,36.68563600012931,0.12460063897763574,313,0,0,52,0.9915865384615384,0
17.88845,3,0,0,0.0,36.743693000062194,0.920598999982758,36.76643300013893,0.12420382165605093,314,0,0,53,0.9764150943396226,0
17.92496,3,0,0,0.0,36.48226199993587,0.9332770000582968,36.505087000023195,0.12380952380952381,315,0,0,54,0.9618055555555556,0
17.96143,3,0,0,0.0,36.44743399991057,0.9039020001182507,36.46692799975426,0.12341772151898733,316,0,0,54,0.9652777777777778,0
17.99791,3,0,0,0.0,36.44945199994254,0.9070400001292,36.46759499997643,0.12302839116719244,317,0,0,54,0.96875,0
18.03439,3,0,0,0.0,36.46323900011339,0.9009380000861711,36.48080700031642,0.12264150943396224,318,0,0,54,0.9722222222222222,0
18.06968,3,0,0,0.0,35.253234000265365,0.895914000011544,35.27909800004636,0.12225705329153602,319,0,0,36,0.9809027777777778,0
18.10599,2,0,0,0.0,36.28639099997599,0.7102370000211522,36.305025999809004,0.1171875,320,0,0,37,0.9577702702702703,0
18.14206,2,0,0,0.0,36.048861000381294,0.7422480002787779,36.06562599998142,0.11682242990654201,321,0,0,37,0.9611486486486487,0
18.1783,2,0,0,0.0,36.22095599985187,0.7369569998445513,36.23888399988573,0.11645962732919257,322,0,0,37,0.964527027027027,0
18.21476,2,0,0,0.0,36.43414099997244,0.734187999569258,36.45128200014369,0.11609907120743035,323,0,0,37,0.9679054054054054,0
18.25107,2,0,0,0.0,36.29077400000824,0.7441009997819492,36.30859099985173,0.1157407407407407,324,0,0,37,0.9712837837837838,0
18.28751,2,0,0,0.0,36.414654000054725,0.7494400001633039,36.443770000005316,0.11538461538461542,325,0,0,37,0.9746621621621622,0
18.3237,2,0,0,0.0,36.14604199992755,0.7369659997493727,36.17350800004715,0.11503067484662577,326,0,0,0,0.0,0
18.67336,1,1,202,34.913324999706674,33.017843999914476,0.6299259998741036,67.97982700027205,0.0,202,0,0,13,0.9759615384615384,0
18.70645,1,0,0,0.0,33.057105999887426,0.6240560001060658,33.07589599990024,0.0,203,0,0,13,0.9807692307692307,0
18.7391,1,0,0,0.0,32.621772999846144,0.6002059999445919,32.64095800022915,0.0,204,0,0,13,0.9855769230769231,0
18.77159,1,0,0,0.0,32.454036999752134,0.5983269998068863,32.485349999660684,0.0,205,0,0,13,0.9903846153846154,0
18.80427,1,0,0,0.0,32.65646599993488,0.6123649995970482,32.67333699977826,0.0,206,0,0,13,0.9951923076923077,0
18.83566,1,0,0,0.0,31.376077000004443,0.5729320000682492,31.392230999699677,0.0,207,0,0,13,1.0,0
18.86706,1,0,0,0.0,31.376266999814106,0.5912490000810067,31.39485900010186,0.0,208,0,0,14,0.9330357142857143,0
18.89855,1,0,0,0.0,31.4629149997927,0.5878189999748429,31.47895000029166,0.0,209,0,0,14,0.9375,0
18.93,1,0,0,0.0,31.435537000106706,0.5906959995627403,31.45215399990775,0.0,210,0,0,14,0.9419642857142857,0
18.96179,1,0,0,0.0,31.762897000135126,0.587089999953605,31.779250999989017,0.0,211,0,0,14,0.9464285714285714,0
18.99333,1,0,0,0.0,31.517852999968454,0.6067969998184708,31.53374499970596,0.0,212,0,0,14,0.9508928571428571,0
19.02491,1,0,0,0.0,31.564264000280673,0.5663560000357393,31.579913000314264,0.0,213,0,0,14,0.9553571428571429,0
19.05682,1,0,0,0.0,31.887539000308607,0.5989490000501974,31.904912999834778,0.0,214,0,0,14,0.9598214285714286,0
19.08876,1,0,0,0.0,31.91736500002662,0.7033309998405457,31.934026000271842,0.0,215,0,0,14,0.9642857142857143,0
19.12027,1,0,0,0.0,31.48095899996406,0.6068030002097657,31.49721399995542,0.0,216,0,0,14,0.96875,0
19.15169,1,0,0,0.0,31.399778999912087,0.5632450001940015,31.416204999914044,0.0,217,0,0,14,0.9732142857142857,0
19.18348,1,0,0,0.0,31.77504899986161,0.5984449999232311,31.791136999800074,0.0,218,0,0,14,0.9776785714285714,0
19.21514,1,0,0,0.0,31.63987999960227,0.586005000059231,31.656664999900386,0.0,219,0,0,14,0.9821428571428571,0
19.24683,1,0,0,0.0,31.666357000176504,0.5828349999319471,31.6832409998824,0.0,220,0,0,14,0.9866071428571429,0
19.27851,1,0,0,0.0,31.656855999699474,0.6076480003684992,31.673295000018697,0.0,221,0,0,14,0.9910714285714286,0
19.31066,1,0,0,0.0,32.12802600000941,0.5930219999754627,32.14905799995904,0.0,222,0,0,14,0.9955357142857143,0
19.34273,1,0,0,0.0,32.04487799985145,0.6463790000452718,32.06431499984319,0.0,223,0,0,14,1.0,0
19.37457,1,0,0,0.0,31.808760999865626,0.61758700030623,31.82778900008998,0.0,224,0,0,15,0.9375,0
19.4063,1,0,0,0.0,31.708194999737316,0.5985620000501513,31.72449500016228,0.0,225,0,0,15,0.9416666666666667,0
19.43782,1,0,0,0.0,31.50333999974464,0.5706659999304975,31.52031599984184,0.0,226,0,0,15,0.9458333333333333,0
19.46927,1,0,0,0.0,31.427756000084628,0.6003240000609367,31.443127000329696,0.0,227,0,0,15,0.95,0
19.50074,1,0,0,0.0,31.444489000023168,0.5677059998561163,31.459851000363415,0.0,228,0,0,15,0.9541666666666667,0
19.53549,1,0,0,0.0,34.72537100014961,0.5903499995838501,34.74104699989766,0.0,229,0,0,15,0.9583333333333334,0
19.56764,1,0,0,0.0,32.1360050002113,0.5807470001855108,32.15273900013926,0.0,230,0,0,15,0.9625,0
19.60006,1,0,0,0.0,32.39190199974473,0.6071560001146281,32.4075459998312,0.0,231,0,0,15,0.9666666666666667,0
19.63222,1,0,0,0.0,32.14211700014857,0.6019180000294,32.15797199982262,0.0,232,0,0,15,0.9708333333333333,0
19.66428,1,0,0,0.0,32.034971000030055,0.5878480001229036,32.0506629996089,0.0,233,0,0,15,0.975,0
19.69664,1,0,0,0.0,32.33835200035173,0.5817100000058417,32.355537000057666,0.0,234,0,0,15,0.9791666666666666,0
19.72934,1,0,0,0.0,32.68439400017087,0.6627200000366429,32.70329499991931,0.0,235,0,0,15,0.9833333333333333,0
19.7984,2,1,189,32.69636200002424,36.317048000000796,0.7088290003594011,69.04852899970138,0.09957627118644063,236,0,0,27,0.9884259259259259,0
19.8345,2,0,0,0.0,36.07466499988732,0.6749320000380976,36.093476000132796,0.09915611814345993,237,0,0,27,0.9930555555555556,0
19.87045,2,0,0,0.0,35.927589000039006,0.7013089998508804,35.94487400005164,0.09873949579831931,238,0,0,27,0.9976851851851852,0
19.90589,2,0,0,0.0,35.41693999977724,0.6924160002199642,35.43675199989593,0.09832635983263593,239,0,0,28,0.9665178571428571,0
19.9421,2,0,0,0.0,36.16520000014134,0.6883070000185398,36.18670299965743,0.09791666666666665,240,0,0,29,0.9375,0
19.9781,2,0,0,0.0,35.95654899982037,0.6898950000504556,35.97309199994925,0.09751037344398339,241,0,0,29,0.9418103448275862,0
20.0146,2,0,0,0.0,36.470324999754666,0.675419999879523,36.502386999927694,0.09710743801652888,242,0,0,29,0.9461206896551724,0
20.0504,2,0,0,0.0,35.77489300005254,0.6954890000088199,35.79089999993812,0.0967078189300411,243,0,0,29,0.9504310344827587,0
20.0861,2,0,0,0.0,35.67915800022092,0.6659900000158814,35.695669000233465,0.09631147540983609,244,0,0,29,0.9547413793103449,0
20.12169,2,0,0,0.0,35.55524700004753,0.6622639998568047,35.57173099989086,0.09591836734693882,245,0,0,29,0.959051724137931,0
20.15733,2,0,0,0.0,35.618531000181974,0.6909020003149635,35.63537299987729,0.0955284552845529,246,0,0,29,0.9633620689655172,0
20.19196,2,0,0,0.0,34.6093939997445,0.6703129997731594,34.625590999894484,0.09514170040485825,247,0,0,29,0.9676724137931034,0
20.22725,2,0,0,0.0,35.27372799999284,0.6787429997530126,35.29040500006886,0.094758064516129,248,0,0,29,0.9719827586206896,0
20.26241,2,0,0,0.0,35.13332099964828,0.652507999802765,35.14857899972412,0.0943775100401606,249,0,0,29,0.9762931034482759,0
20.29775,2,0,0,0.0,35.32488800010469,0.6660990002274048,35.340460000043095,0.09399999999999997,250,0,0,29,0.9806034482758621,0
20.33304,2,0,0,0.0,35.267539999949804,0.6869610001558613,35.28385899971909,0.09362549800796816,251,0,0,29,0.9849137931034483,0
20.3684,2,0,0,0.0,35.33410999989428,0.6715019999319338,35.350792999906844,0.09325396825396826,252,0,0,29,0.9892241379310345,0
20.40361,2,0,0,0.0,35.19142000004649,0.6669199997304531,35.20802800039746,0.09288537549407117,253,0,0,29,0.9935344827586207,0
20.4389,2,0,0,0.0,35.26897099982307,0.6757850001122279,35.2862049999203,0.09251968503937003,254,0,0,29,0.9978448275862069,0
20.47316,2,0,0,0.0,34.2288759998155,0.6891719999657653,34.25388200002999,0.09215686274509804,255,0,0,14,0.9330357142857143,0
20.50517,1,0,0,0.0,31.989584999791987,0.5591389999608509,32.00518999983615,0.0,209,0,0,14,0.9375,0
20.53922,1,0,0,0.0,34.03363500001433,0.6600520000574761,34.04897400014306,0.0,210,0,0,14,0.9419642857142857,0
20.57141,1,0,0,0.0,32.1694170002047,0.5597230001512798,32.18579400027011,0.0,211,0,0,14,0.9464285714285714,0
20.60393,1,0,0,0.0,32.49094699958732,0.5814019996250863,32.50656600039292,0.0,212,0,0,14,0.9508928571428571,0
20.6358,1,0,0,0.0,31.853921999754675,0.5934860000706976,31.86906300015835,0.0,213,0,0,14,0.9553571428571429,0
20.70296,2,1,72,31.601029000285052,35.52531100012857,0.6118309997873439,67.15668900005767,0.3317757009345794,214,0,0,19,0.9473684210526315,0
20.73799,2,0,0,0.0,34.99433500019222,0.6386230002135562,35.01390800010995,0.3302325581395349,215,0,0,19,0.9539473684210527,0
20.77384,2,0,0,0.0,35.83089799985828,0.662888000078965,35.849178999797005,0.3287037037037037,216,0,0,19,0.9605263157894737,0
20.80965,2,0,0,0.0,35.78091500003211,0.6518440000036207,35.797976999674574,0.3271889400921659,217,0,0,19,0.9671052631578947,0
20.84539,2,0,0,0.0,35.72257099995113,0.6452779998653568,35.73922199984736,0.32568807339449546,218,0,0,19,0.9736842105263158,0
20.88106,2,0,0,0.0,35.64629700031219,0.6270819999372179,35.66267400037759,0.32420091324200917,219,0,0,19,0.9802631578947368,0
20.91677,2,0,0,0.0,35.68990699977803,0.6389459999809333,35.70698800012906,0.32272727272727275,220,0,0,19,0.9868421052631579,0
20.95242,2,0,0,0.0,35.62165699986508,0.6673069997304992,35.64003999963461,0.3212669683257918,221,0,0,19,0.993421052631579,0
20.9882,2,0,0,0.0,35.75949300011416,0.6405680001080327,35.78030500011664,0.3198198198198198,222,0,0,20,0.95,0
21.02307,2,0,0,0.0,34.84500900003695,0.6206139996720594,34.861886000271625,0.3183856502242153,223,0,0,20,0.95625,0
21.0585,2,0,0,0.0,35.410642999977426,0.6361989999277284,35.42876899973635,0.3169642857142857,224,0,0,21,0.9166666666666666,0
21.09408,2,0,0,0.0,35.549825000089186,0.6388000001606997,35.566109999763285,0.3155555555555556,225,0,0,21,0.9226190476190477,0
21.13033,2,0,0,0.0,36.23193000021274,0.6361610003295937,36.24935000016194,0.3141592920353983,226,0,0,21,0.9285714285714286,0
21.16644,2,0,0,0.0,36.09147199995277,0.6358960004035907,36.109039000166376,0.31277533039647576,227,0,0,21,0.9345238095238095,0
21.2026,2,0,0,0.0,36.12997299978815,0.6596910002372169,36.14685399998052,0.3114035087719298,228,0,0,21,0.9404761904761905,0
21.23875,2,0,0,0.0,36.134880000190606,0.6673709999631683,36.1516660000234,0.3100436681222707,229,0,0,21,0.9464285714285714,0
21.27479,2,0,0,0.0,36.01613799992265,0.6544240000039281,36.03373300029489,0.30869565217391304,230,0,0,21,0.9523809523809523,0
21.31063,2,0,0,0.0,35.813029000109964,0.6585780001842068,35.83183299997472,0.3073593073593074,231,0,0,21,0.9583333333333334,0
21.34727,2,0,0,0.0,36.61984299969845,0.707137000063085,36.64224199974342,0.30603448275862066,232,0,0,21,0.9642857142857143,0
21.38408,2,0,0,0.0,36.77964799999245,0.6865250002192624,36.80347299996356,0.3047210300429185,233,0,0,21,0.9702380952380952,0
21.42034,2,0,0,0.0,36.22811100012768,0.6688700000268,36.248466999950324,0.30341880341880345,234,0,0,21,0.9761904761904762,0
21.45636,2,0,0,0.0,35.990522999782115,0.6669310000688711,36.01226199998564,0.3021276595744681,235,0,0,21,0.9821428571428571,0
21.49248,2,0,0,0.0,36.09241399999519,0.6782820000807988,36.11120300001858,0.3008474576271186,236,0,0,21,0.9880952380952381,0
21.53119,2,0,0,0.0,38.693095999860816,0.6652879997091077,38.71242200011693,0.29957805907172996,237,0,0,21,0.9940476190476191,0
21.56731,2,0,0,0.0,36.09376200029146,0.6711339997309551,36.115789000177756,0.2983193277310925,238,0,0,22,0.9545454545454546,0
21.60238,2,0,0,0.0,35.036260999731894,0.6498820002889261,35.05521499982933,0.297071129707113,239,0,0,22,0.9602272727272727,0
21.63822,2,0,0,0.0,35.818274000121164,0.6405499998436426,35.837868000271556,0.2958333333333333,240,0,0,23,0.9239130434782609,0
21.67395,2,0,0,0.0,35.711400999844045,0.6307829999059322,35.72803099996236,0.29460580912863066,241,0,0,23,0.9293478260869565,0
21.70964,2,0,0,0.0,35.66490999992311,0.6543489998875884,35.68127700009427,0.29338842975206614,242,0,0,23,0.9347826086956522,0
21.74584,2,0,0,0.0,36.17139500011035,0.6500760000562877,36.19346999994377,0.29218106995884774,243,0,0,23,0.9402173913043478,0
21.78218,2,0,0,0.0,36.317216999577795,0.7143430002543028,36.338172999876406,0.2909836065573771,244,0,0,23,0.9456521739130435,0
21.81831,2,0,0,0.0,36.1058530002083,0.6593950001843041,36.12576900013664,0.28979591836734697,245,0,0,23,0.9510869565217391,0
21.85431,2,0,0,0.0,35.972085999674164,0.6677430001218454,35.99242600012076,0.28861788617886175,246,0,0,23,0.9565217391304348,0
21.88959,2,0,0,0.0,35.252146999937395,0.6718470003761468,35.27729999996154,0.28744939271255066,247,0,0,23,0.9619565217391305,0
21.9254,2,0,0,0.0,35.77198800030601,0.6852389997220598,35.79295400004412,0.28629032258064513,248,0,0,23,0.967391304347826,0
21.96134,2,0,0,0.0,35.917011000037746,0.6551400001626462,35.93845599971246,0.285140562248996,249,0,0,23,0.9728260869565217,0
21.99751,2,0,0,0.0,36.14395899967349,0.6869590001770121,36.16396799998256,0.28400000000000003,250,0,0,23,0.9782608695652174,0
22.03351,2,0,0,0.0,35.977101999833394,0.6823549997534428,35.99387400026899,0.2828685258964143,251,0,0,23,0.9836956521739131,0
22.06952,2,0,0,0.0,35.985954999887326,0.6715879999319441,36.00482699994245,0.28174603174603174,252,0,0,23,0.9891304347826086,0
22.10564,2,0,0,0.0,36.09216299992113,0.6889829996907793,36.11127400017722,0.2806324110671937,253,0,0,23,0.9945652173913043,0
22.142,2,0,0,0.0,36.3335210004152,0.7029810003587045,36.35812500033353,0.27952755905511806,254,0,0,24,0.9583333333333334,0
22.17745,2,0,0,0.0,35.41569900016839,0.702490000094258,35.437952000393125,0.2784313725490196,255,0,0,24,0.9635416666666666,0
22.21361,2,0,0,0.0,36.129442999936145,0.7087389999469451,36.15267199984373,0.27734375,256,0,0,25,0.93,0
22.24995,2,0,0,0.0,36.29119700008232,0.7027540000308363,36.31367300022248,0.27626459143968873,257,0,0,25,0.935,0
22.28602,2,0,0,0.0,36.05098099978932,0.7064450001053046,36.07218700017256,0.27519379844961245,258,0,0,25,0.94,0
22.32222,2,0,0,0.0,36.167578999993566,0.6917109999449167,36.18676800033427,0.27413127413127414,259,0,0,25,0.945,0
22.35808,2,0,0,0.0,35.83791900018696,0.6726980000166805,35.855578999871796,0.2730769230769231,260,0,0,25,0.95,0
22.39405,2,0,0,0.0,35.945162999723834,0.6760759997632704,35.96430500010683,0.27203065134099613,261,0,0,25,0.955,0
22.43005,2,0,0,0.0,35.97921899972789,0.6899429999975837,35.99950199986779,0.2709923664122137,262,0,0,25,0.96,0
22.46518,2,0,0,0.0,35.09768100002475,0.6930889999239298,35.11848900006953,0.26996197718631176,263,0,0,25,0.965,0
22.50101,2,0,0,0.0,35.80679000015152,0.6630590000895609,35.8260389998577,0.2689393939393939,264,0,0,25,0.97,0
22.53954,2,0,0,0.0,38.500672000282066,0.6792089998270967,38.52053199989314,0.26792452830188684,265,0,0,25,0.975,0
22.57548,2,0,0,0.0,35.91391100007968,0.691497000389063,35.93664700019872,0.26691729323308266,266,0,0,25,0.98,0
22.61146,2,0,0,0.0,35.953239999798825,0.7107359997462481,35.97243400008665,0.26591760299625467,267,0,0,25,0.985,0
22.64731,2,0,0,0.0,35.82580100010091,0.6905120003466436,35.84353499991266,0.2649253731343284,268,0,0,25,0.99,0
22.68308,2,0,0,0.0,35.74308099996415,0.6717599999319646,35.762202000114485,0.2639405204460966,269,0,0,25,0.995,0
22.71897,2,0,0,0.0,35.86519500004215,0.6768769999325741,35.89511800009859,0.26296296296296295,270,0,0,26,0.9615384615384616,0
22.75422,2,0,0,0.0,35.2196929998172,0.7030320002741064,35.24398800027484,0.26199261992619927,271,0,0,26,0.9663461538461539,0
22.79057,2,0,0,0.0,36.3069859999996,0.7225260001177958,36.334084999907645,0.26102941176470584,272,0,0,27,0.9351851851851852,0
22.82683,2,0,0,0.0,36.237165000329696,0.7269109996741463,36.25793099990915,0.26007326007326004,273,0,0,27,0.9398148148148148,0
22.86274,2,0,0,0.0,35.88114800004405,0.7082299998728558,35.90004499983479,0.25912408759124084,274,0,0,27,0.9444444444444444,0
22.89853,2,0,0,0.0,35.767401000157406,0.6922699999449833,35.7858010002019,0.2581818181818182,275,0,0,27,0.9490740740740741,0
22.93423,2,0,0,0.0,35.67477400019925,0.6829330000073242,35.69336400005341,0.25724637681159424,276,0,0,27,0.9537037037037037,0
22.97019,2,0,0,0.0,35.93777800006137,0.6601989998671343,35.95771499976763,0.2563176895306859,277,0,0,27,0.9583333333333334,0
23.00644,2,0,0,0.0,36.21633100010513,0.6717600003867119,36.23683300020275,0.2553956834532374,278,0,0,27,0.9629629629629629,0
23.0418,2,0,0,0.0,35.33070799994675,0.7330449998335098,35.35229800036177,0.2544802867383512,279,0,0,27,0.9675925925925926,0
23.07783,2,0,0,0.0,36.0032090002278,0.7322179999391665,36.03246000011495,0.25357142857142856,280,0,0,9,0.9652777777777778,0
23.1102,1,0,0,0.0,32.33490799993888,0.5997969997224573,32.35451499995179,0.0,139,0,0,9,0.9722222222222222,0
23.14249,1,0,0,0.0,32.26912799982529,0.5706850001843122,32.28908599976421,0.0,140,0,0,9,0.9791666666666666,0
23.17488,1,0,0,0.0,32.36247899985756,0.570358999993914,32.380612999986624,0.0,141,0,0,9,0.9861111111111112,0
23.207,1,0,0,0.0,32.09730299977309,0.5873710001651489,32.114903000092454,0.0,142,0,0,9,0.9930555555555556,0
23.23924,1,0,0,0.0,32.21633299972382,0.5722639998566592,32.23556200009625,0.0,143,0,0,9,1.0,0
23.27149,1,0,0,0.0,32.22402099981991,0.5768170003648265,32.24691900004473,0.0,144,0,0,10,0.90625,0
23.30407,1,0,0,0.0,32.55086900026072,0.6111459997555357,32.570421999935206,0.0,145,0,0,10,0.9125,0
23.33639,1,0,0,0.0,32.29680000004009,0.5983929995636572,32.318914999905246,0.0,146,0,0,10,0.91875,0
23.369,1,0,0,0.0,32.579976999841165,0.629770000159624,32.60314399994968,0.0,147,0,0,10,0.925,0
23.40184,1,0,0,0.0,32.80959999983679,0.6050689999028691,32.82961800005069,0.0,148,0,0,10,0.93125,0
23.43425,1,0,0,0.0,32.384885999817925,0.611870000284398,32.40735700001096,0.0,149,0,0,10,0.9375,0
23.46661,1,0,0,0.0,32.325566000054096,0.5990029999338731,32.34847100020488,0.0,150,0,0,10,0.94375,0
23.53762,2,1,121,32.45418400001654,38.51092600007178,0.6368619997374481,71.00532100002965,0.09933774834437081,151,0,0,18,0.9513888888888888,0
23.57382,2,0,0,0.0,36.170989999845915,0.6784259999221831,36.19404199980636,0.09868421052631582,152,0,0,18,0.9583333333333334,0
23.60996,2,0,0,0.0,36.10997799978577,0.6815750002715504,36.131056000158424,0.0980392156862745,153,0,0,18,0.9652777777777778,0
23.64579,2,0,0,0.0,35.79323099984322,0.6494730000667914,35.81372600001487,0.09740259740259738,154,0,0,18,0.9722222222222222,0
23.68161,2,0,0,0.0,35.791892999895936,0.6616989999201905,35.81176400030017,0.09677419354838712,155,0,0,18,0.9791666666666666,0
23.71758,2,0,0,0.0,35.949889999756124,0.6562879998455173,35.96950700011803,0.09615384615384615,156,0,0,18,0.9861111111111112,0
23.75356,2,0,0,0.0,35.95272800021121,0.6603400001949922,35.97263799974826,0.09554140127388533,157,0,0,18,0.9930555555555556,0
23.78926,2,0,0,0.0,35.6762329997764,0.6482290000349167,35.69895600003292,0.09493670886075944,158,0,0,19,0.9473684210526315,0
23.82446,2,0,0,0.0,35.17359100032991,0.6281339997258328,35.192552999887994,0.09433962264150941,159,0,0,19,0.9539473684210527,0
23.86027,2,0,0,0.0,35.77887899973575,0.6548229998770694,35.79940000008719,0.09375,160,0,0,20,0.9125,0
23.89595,2,0,0,0.0,35.65776999994341,0.6199660001584562,35.67544900033681,0.09316770186335399,161,0,0,20,0.91875,0
23.93157,2,0,0,0.0,35.59097800007294,0.6344980001813383,35.60829799971543,0.09259259259259256,162,0,0,20,0.925,0
23.96723,2,0,0,0.0,35.638616000142065,0.6381660000442935,35.65596699991147,0.09202453987730064,163,0,0,20,0.93125,0
24.00326,2,0,0,0.0,36.01475300001766,0.687750999986747,36.0314350000408,0.09146341463414631,164,0,0,20,0.9375,0
24.03892,2,0,0,0.0,35.63183799997205,0.6293030000961153,35.64908699991065,0.09090909090909094,165,0,0,20,0.94375,0
24.07447,2,0,0,0.0,35.52823200016064,0.6456930000240391,35.54480299999341,0.09036144578313254,166,0,0,20,0.95,0
24.10947,2,0,0,0.0,34.98220100027538,0.639078999938647,34.999512000013056,0.08982035928143717,167,0,0,20,0.95625,0
24.14524,2,0,0,0.0,35.74568600015482,0.6496209998658742,35.76321100035784,0.0892857142857143,168,0,0,20,0.9625,0
24.18108,2,0,0,0.0,35.81341000017346,0.6247510000321199,35.832797000239225,0.08875739644970415,169,0,0,20,0.96875,0
24.21705,2,0,0,0.0,35.945482999977685,0.653663000321103,35.966468999959034,0.08823529411764708,170,0,0,20,0.975,0
24.2528,2,0,0,0.0,35.72821499983547,0.6851250000181608,35.746597000070324,0.08771929824561409,171,0,0,20,0.98125,0
24.28839,2,0,0,0.0,35.56088599998475,0.6620369999836839,35.578866000378184,0.08720930232558144,172,0,0,20,0.9875,0
24.32386,2,0,0,0.0,35.452578000331414,0.6323749998955464,35.469299999931536,0.08670520231213874,173,0,0,20,0.99375,0
24.3592,2,0,0,0.0,35.31159900012426,0.6493770001725352,35.32991800011587,0.08620689655172409,174,0,0,21,0.9523809523809523,0
24.39371,2,0,0,0.0,34.49435800030187,0.6215980001798016,34.51102200006062,0.08571428571428574,175,0,0,21,0.9583333333333334,0
24.42932,2,0,0,0.0,35.57896400025129,0.6514480000987533,35.59833200006324,0.08522727272727271,176,0,0,22,0.9204545454545454,0
24.46502,2,0,0,0.0,35.67815899987181,0.6438350001189974,35.69824499982133,0.0847457627118644,177,0,0,22,0.9261363636363636,0
24.50091,2,0,0,0.0,35.86560900021141,0.6541759998981433,35.883352999917406,0.0842696629213483,178,0,0,22,0.9318181818181818,0
24.54009,2,0,0,0.0,39.16158699985317,0.668624999889289,39.179756000066845,0.08379888268156421,179,0,0,22,0.9375,0
24.57559,2,0,0,0.0,35.4778119999537,0.6268279998948856,35.49594599962802,0.08333333333333337,180,0,0,22,0.9431818181818182,0
24.6112,2,0,0,0.0,35.5819760002305,0.6495550001091033,35.59904100029598,0.08287292817679559,181,0,0,22,0.9488636363636364,0
24.64672,2,0,0,0.0,35.504163000041444,0.6247900000744266,35.52071200010687,0.08241758241758246,182,0,0,22,0.9545454545454546,0
24.6815,2,0,0,0.0,34.7553430001426,0.6596260000151233,34.77168600011282,0.08196721311475408,183,0,0,22,0.9602272727272727,0
24.71724,2,0,0,0.0,35.71606299965424,0.6507779999083141,35.733847000301466,0.08152173913043481,184,0,0,22,0.9659090909090909,0
24.75318,2,0,0,0.0,35.91809299996385,0.6395999998858315,35.938084999997955,0.08108108108108103,185,0,0,22,0.9715909090909091,0
24.78913,2,0,0,0.0,35.910808999688015,0.6633490002059261,35.94574599992484,0.08064516129032262,186,0,0,22,0.9772727272727273,0
24.82506,2,0,0,0.0,35.880760999589256,0.6346380000650242,35.900500000025204,0.0802139037433155,187,0,0,22,0.9829545454545454,0
24.86107,2,0,0,0.0,35.988062999877,0.6601449999834585,36.0063920002176,0.07978723404255317,188,0,0,22,0.9886363636363636,0
24.89685,2,0,0,0.0,35.75439200039909,0.6735259999004484,35.77858100015874,0.07936507936507942,189,0,0,12,0.9895833333333334,0
24.92896,1,0,0,0.0,32.085190000088915,0.6198740002218983,32.10123500002737,0.0,190,0,0,12,0.9947916666666666,0
24.96104,1,0,0,0.0,32.04632000006313,0.5843720000484609,32.07710200013025,0.0,191,0,0,0,0.0,0
25.55798,1,1,142,35.96793999986403,32.457765999879484,0.5838279998897633,68.48296799989839,0.0,142,0,0,9,0.9930555555555556,0
25.5901,1,0,0,0.0,32.100839000122505,0.5966530002297077,32.143262999852595,0.0,143,0,0,9,1.0,0
25.62219,1,0,0,0.0,32.0386610001151,0.5711190001420619,32.05933200024447,0.0,144,0,0,10,0.90625,0
25.65397,1,0,0,0.0,31.753836999996565,0.557007000224985,31.770720000167785,0.0,145,0,0,10,0.9125,0
25.68561,1,0,0,0.0,31.61696100005429,0.5764679999629152,31.633028000214836,0.0,146,0,0,10,0.91875,0
25.71744,1,0,0,0.0,31.8142229998557,0.5678640000041923,31.831088999751955,0.0,147,0,0,10,0.925,0
25.74917,1,0,0,0.0,31.705749000138894,0.5491820002134773,31.722180000087974,0.0,148,0,0,10,0.93125,0
25.78086,1,0,0,0.0,31.670213999859698,0.5498599998645659,31.68702499988285,0.0,149,0,0,10,0.9375,0
25.81257,1,0,0,0.0,31.686111999988498,0.5761540001003596,31.702439000127924,0.0,150,0,0,10,0.94375,0
25.84434,1,0,0,0.0,31.74411100008001,0.5669830002261733,31.76043599978584,0.0,151,0,0,10,0.95,0
25.87617,1,0,0,0.0,31.809361999876273,0.5575979998866387,31.827365000026475,0.0,152,0,0,10,0.95625,0
25.90824,1,0,0,0.0,32.05155300020124,0.5695790000572742,32.067864000055124,0.0,153,0,0,10,0.9625,0
25.94013,1,0,0,0.0,31.847240999923088,0.5650729999615578,31.88618599961046,0.0,154,0,0,10,0.96875,0
25.97186,1,0,0,0.0,31.702838000001066,0.5613829998765141,31.72049099975993,0.0,155,0,0,10,0.975,0
26.00403,1,0,0,0.0,32.15257500005464,0.5860250003024703,32.169610999972065,0.0,156,0,0,10,0.98125,0
26.03564,1,0,0,0.0,31.58377299996573,0.5869299998266797,31.599070000083884,0.0,157,0,0,10,0.9875,0
26.0675,1,0,0,0.0,31.842143000176293,0.5711120002160897,31.859910000093805,0.0,158,0,0,10,0.99375,0
26.09923,1,0,0,0.0,31.70516599993789,0.5653309999615885,31.724095000299712,0.0,159,0,0,10,1.0,0
26.13106,1,0,0,0.0,31.80585499967492,0.5690079997293651,31.825568999920506,0.0,160,0,0,11,0.9147727272727273,0
26.16283,1,0,0,0.0,31.748344000334328,0.5943700002717378,31.76634400006151,0.0,161,0,0,11,0.9204545454545454,0
26.1946,1,0,0,0.0,31.746728000143776,0.5995320002512017,31.76363800002946,0.0,162,0,0,11,0.9261363636363636,0
26.22639,1,0,0,0.0,31.765694999648986,0.5778630002168939,31.78195999998934,0.0,163,0,0,11,0.9318181818181818,0
26.25826,1,0,0,0.0,31.850340999881155,0.556019999748969,31.869247000031464,0.0,164,0,0,11,0.9375,0
26.29019,1,0,0,0.0,31.902138000077684,0.5905279999751656,31.922057999963727,0.0,165,0,0,11,0.9431818181818182,0
26.32254,1,0,0,0.0,32.31999399986307,0.5953269997007737,32.34018900002411,0.0,166,0,0,11,0.9488636363636364,0
26.35479,1,0,0,0.0,32.23044300011679,0.6202839999787102,32.24999600024603,0.0,167,0,0,11,0.9545454545454546,0
26.38694,1,0,0,0.0,32.122439999966446,0.6081159999666852,32.1414109998841,0.0,168,0,0,11,0.9602272727272727,0
26.41914,1,0,0,0.0,32.17477699990923,0.599960999807081,32.19454600002791,0.0,169,0,0,11,0.9659090909090909,0
26.45113,1,0,0,0.0,31.941024999923684,0.5955599999651895,31.981169999653503,0.0,170,0,0,11,0.9715909090909091,0
26.48301,1,0,0,0.0,31.85375299972293,0.5983199998809141,31.871881999904872,0.0,171,0,0,11,0.9772727272727273,0
26.51767,1,0,0,0.0,34.63606100012839,0.6105669999669772,34.654565999971965,0.0,172,0,0,11,0.9829545454545454,0
26.55042,1,0,0,0.0,32.718399000259524,0.7101370001691976,32.736845999806974,0.0,173,0,0,11,0.9886363636363636,0
26.58237,1,0,0,0.0,31.934430000092107,0.581572000101005,31.952080000337446,0.0,174,0,0,11,0.9943181818181818,0
26.61426,1,0,0,0.0,31.860082000093826,0.5688530000043102,31.87800200021229,0.0,175,0,0,11,1.0,0
26.64595,1,0,0,0.0,31.670390000272164,0.5828599996675621,31.68948799975624,0.0,176,0,0,12,0.921875,0
26.67754,1,0,0,0.0,31.562074000248685,0.5846270000802178,31.57829200017659,0.0,177,0,0,12,0.9270833333333334,0
26.74532,2,1,121,31.920380999963527,35.8171709999624,0.6340820000332315,67.77967900006843,0.1601123595505618,178,0,0,20,0.940625,0
26.78122,2,0,0,0.0,35.8684349998839,0.6726169999637932,35.89071199985483,0.15921787709497204,179,0,0,20,0.946875,0
26.81685,2,0,0,0.0,35.60491700000057,0.6575970000994857,35.62522299989723,0.15833333333333333,180,0,0,20,0.953125,0
26.8523,2,0,0,0.0,35.430603999884624,0.696811000125308,35.44853499988676,0.1574585635359116,181,0,0,20,0.959375,0
26.88784,2,0,0,0.0,35.51309900012711,0.6278910000219184,35.531989999981306,0.1565934065934066,182,0,0,20,0.965625,0
26.92263,2,0,0,0.0,34.76901600015481,0.6721889999425912,34.786711000379,0.15573770491803274,183,0,0,20,0.971875,0
26.95801,2,0,0,0.0,35.347988000012265,0.6489490001513332,35.36555499977112,0.15489130434782605,184,0,0,20,0.978125,0
26.99409,2,0,0,0.0,36.06263300025603,0.6549499998982355,36.084403000131715,0.15405405405405403,185,0,0,21,0.9375,0
27.06272,3,1,83,32.597359999726905,35.97545299999183,0.7147239998630539,68.6227979999785,0.28673835125448033,186,0,0,27,0.9282407407407407,0
27.09898,3,0,0,0.0,36.23238800037143,0.7108429999789223,36.25462099989818,0.285204991087344,187,0,0,27,0.9351851851851852,0
27.13525,3,0,0,0.0,36.23639199986428,0.7184169999163714,36.256122999930085,0.2836879432624113,188,0,0,27,0.9421296296296297,0
27.17146,3,0,0,0.0,36.18575399968904,0.7017299999461102,36.20764700008294,0.2821869488536155,189,0,0,27,0.9490740740740741,0
27.20787,3,0,0,0.0,36.382077999860485,0.7305129997803306,36.40288900032829,0.2807017543859649,190,0,0,27,0.9560185185185185,0
27.24327,3,0,0,0.0,35.380113999963214,0.7359820001511252,35.401586999796564,0.2792321116928447,191,0,0,27,0.9629629629629629,0
27.27938,3,0,0,0.0,36.07094800008781,0.7172860000537185,36.0950369999955,0.2777777777777778,192,0,0,28,0.9352678571428571,0
27.31552,3,0,0,0.0,36.12228000019968,0.6976309996389318,36.14156100002219,0.27633851468048354,193,0,0,28,0.9419642857142857,0
27.35149,3,0,0,0.0,35.94509899994591,0.7213429998955689,35.963840000022174,0.27491408934707906,194,0,0,28,0.9486607142857143,0
27.38739,3,0,0,0.0,35.87539399995876,0.7151760000851937,35.893314000077226,0.27350427350427353,195,0,0,28,0.9553571428571429,0
27.42349,3,0,0,0.0,36.07284899999286,0.7034579998617119,36.091019000195956,0.27210884353741494,196,0,0,28,0.9620535714285714,0
27.45941,3,0,0,0.0,35.89465699997163,0.7035339999674761,35.914270999910514,0.2707275803722504,197,0,0,28,0.96875,0
27.4956,3,0,0,0.0,36.169977999634284,0.7105459999365848,36.19121499968969,0.26936026936026936,198,0,0,28,0.9754464285714286,0
27.53529,3,0,0,0.0,39.65235599980588,0.7482999999410822,39.680049999788025,0.26800670016750416,199,0,0,29,0.9482758620689655,0
27.57258,3,0,0,0.0,37.25497899995389,0.7492509998883179,37.28259099989373,0.2666666666666667,200,0,0,29,0.9547413793103449,0
27.61135,3,0,0,0.0,38.73117100010859,0.7929869998406502,38.75926000000618,0.26533996683250416,201,0,0,30,0.9291666666666667,0
27.64933,3,0,0,0.0,37.9564989998471,0.8032759997149697,37.98113199991349,0.264026402640264,202,0,0,30,0.9354166666666667,0
27.68631,3,0,0,0.0,36.94837299963183,0.7831080001778901,36.972725999930844,0.2627257799671593,203,0,0,30,0.9416666666666667,0
27.72328,3,0,0,0.0,36.93920700015951,0.7512369998039503,36.96139300018331,0.261437908496732,204,0,0,30,0.9479166666666666,0
27.76016,3,0,0,0.0,36.84595400000035,0.7515140000577958,36.86894000020402,0.26016260162601623,205,0,0,30,0.9541666666666667,0
27.79684,3,0,0,0.0,36.64879200005089,0.7433800001308555,36.670110000159184,0.25889967637540456,206,0,0,30,0.9604166666666667,0
27.83258,3,0,0,0.0,35.718703999918944,0.7642820000910433,35.73786100014331,0.25764895330112725,207,0,0,30,0.9666666666666667,0
27.869,3,0,0,0.0,36.38705299999856,0.7266979996529699,36.40853999968385,0.2564102564102564,208,0,0,31,0.9415322580645161,0
27.9055,3,0,0,0.0,36.4751699999033,0.7445560004271101,36.49400800031799,0.25518341307814996,209,0,0,31,0.9475806451612904,0
27.94193,3,0,0,0.0,36.407942999630905,0.7346150000557827,36.427930999707314,0.25396825396825395,210,0,0,31,0.9536290322580645,0
27.97822,3,0,0,0.0,36.25564599997233,0.7403120002891228,36.283197999637196,0.2527646129541864,211,0,0,21,0.9553571428571429,0
28.01449,2,0,0,0.0,36.24601399997118,0.6570270002157486,36.26497300001574,0.24292452830188682,212,0,0,21,0.9613095238095238,0
28.05064,2,0,0,0.0,36.126554000020406,0.6759910002074321,36.14436800035037,0.2417840375586855,213,0,0,21,0.9672619047619048,0
28.08696,2,0,0,0.0,36.292724999839265,0.6697339999846008,36.31275199995798,0.24065420560747663,214,0,0,21,0.9732142857142857,0
28.1227,2,0,0,0.0,35.71428300028856,0.6811169996581157,35.73730899961447,0.23953488372093024,215,0,0,22,0.9346590909090909,0
28.15941,2,0,0,0.0,36.68541800016101,0.6900759999552974,36.7094400003225,0.23842592592592593,216,0,0,22,0.9403409090909091,0
28.19596,2,0,0,0.0,36.50081299974772,0.6889979999868956,36.52131700027894,0.2373271889400922,217,0,0,22,0.9460227272727273,0
28.23251,2,0,0,0.0,36.52197300016269,0.6866690000606468,36.540694999985135,0.23623853211009171,218,0,0,22,0.9517045454545454,0
28.2689,2,0,0,0.0,36.36641499997495,0.6726530000378261,36.384494000230916,0.2351598173515982,219,0,0,22,0.9573863636363636,0
28.30517,2,0,0,0.0,36.24466300016138,0.6793149996155989,36.26350100012132,0.23409090909090913,220,0,0,22,0.9630681818181818,0
28.34142,2,0,0,0.0,36.22852900025464,0.6625519999943208,36.24771200020405,0.23303167420814475,221,0,0,22,0.96875,0
28.37781,2,0,0,0.0,36.36699100024998,0.6588870000996394,36.386964000030275,0.23198198198198194,222,0,0,22,0.9744318181818182,0
28.41369,2,0,0,0.0,35.852809000061825,0.7039829997665947,35.87237500005358,0.23094170403587444,223,0,0,22,0.9801136363636364,0
28.4501,2,0,0,0.0,36.380953999923804,0.6882540001242887,36.40418899976794,0.2299107142857143,224,0,0,23,0.9429347826086957,0
28.52404,3,1,172,32.798491999983526,41.077720999965095,0.7815830003892188,73.9156190002177,0.23111111111111116,225,0,0,34,0.9595588235294118,0
28.56151,3,0,0,0.0,37.43890099985947,0.800038000306813,37.46387599994705,0.23008849557522126,226,0,0,34,0.9650735294117647,0
28.59847,3,0,0,0.0,36.934897000264755,0.7827699996596493,36.95863100028873,0.2290748898678414,227,0,0,34,0.9705882352941176,0
28.66708,4,1,255,32.58171100014806,35.97761399987576,0.9066299999176408,68.59946099984882,0.23235294117647054,255,0,0,50,0.98375,0
28.70418,4,0,0,0.0,37.061408999761625,0.9220319998348714,37.09090300026219,0.2314453125,256,0,0,52,0.9507211538461539,0
28.74217,4,0,0,0.0,37.95795999985785,0.9500490000391437,37.98302599989256,0.23054474708171202,257,0,0,52,0.9555288461538461,0
28.77944,4,0,0,0.0,37.23649299990939,0.9466060000704601,37.26440199989156,0.22965116279069764,258,0,0,53,0.9422169811320755,0
28.81668,4,0,0,0.0,37.212493999959406,0.9352950000902638,37.23292299991954,0.2287644787644788,259,0,0,53,0.9469339622641509,0
28.85437,4,0,0,0.0,37.64934399987396,0.9651049999774841,37.677189000078215,0.22788461538461535,260,0,0,38,0.9424342105263158,0
28.89069,3,0,0,0.0,36.29716000023109,0.7815379999556171,36.3179570003922,0.26819923371647514,261,0,0,38,0.9473684210526315,0
28.92701,3,0,0,0.0,36.28838099984932,0.8004649998838431,36.30922199999986,0.26717557251908397,262,0,0,38,0.9523026315789473,0
28.96272,3,0,0,0.0,35.68334800002049,0.8107299995572248,35.70511699990675,0.26615969581749055,263,0,0,38,0.9572368421052632,0
28.99896,3,0,0,0.0,36.21580900016852,0.8266059999186837,36.23595800036128,0.26515151515151514,264,0,0,38,0.962171052631579,0
29.03517,3,0,0,0.0,36.174804999973276,0.808724999842525,36.193918000208214,0.26415094339622647,265,0,0,38,0.9671052631578947,0
29.07114,3,0,0,0.0,35.94450099990354,0.7896600000094622,35.963599999831786,0.26315789473684215,266,0,0,38,0.9720394736842105,0
29.10723,3,0,0,0.0,36.06749899972783,0.7973830001901661,36.087260999920545,0.26217228464419473,267,0,0,38,0.9769736842105263,0
29.14344,3,0,0,0.0,36.185470999953395,0.7949300002110249,36.20550200002981,0.26119402985074625,268,0,0,38,0.9819078947368421,0
29.17994,3,0,0,0.0,36.47141000010379,0.80031199968289,36.49479300020175,0.2602230483271375,269,0,0,38,0.9868421052631579,0
29.2163,3,0,0,0.0,36.32800400009728,0.8241760001510556,36.34736599997268,0.2592592592592593,270,0,0,38,0.9917763157894737,0
29.25186,3,0,0,0.0,35.54169200015167,0.805717000275763,35.56091800010108,0.2583025830258303,271,0,0,38,0.9967105263157895,0
29.28865,3,0,0,0.0,36.756023000179994,0.8299099999931059,36.77984700016168,0.25735294117647056,272,0,0,40,0.9515625,0
29.32494,3,0,0,0.0,36.27124600006937,0.8100240002022474,36.290258999997604,0.2564102564102564,273,0,0,40,0.95625,0
29.36118,3,0,0,0.0,36.20777599962821,0.8157789998222142,36.2293690000115,0.25547445255474455,274,0,0,41,0.9375,0
29.39748,3,0,0,0.0,36.2774579998586,0.807170999905793,36.299159999998665,0.2545454545454545,275,0,0,41,0.9420731707317073,0
29.4341,3,0,0,0.0,36.58899499987456,0.8036880003601254,36.610766999729094,0.2536231884057971,276,0,0,41,0.9466463414634146,0
29.47061,3,0,0,0.0,36.465517999658914,0.836278999940987,36.48921600006361,0.25270758122743686,277,0,0,41,0.9512195121951219,0
29.50729,3,0,0,0.0,36.64862300001914,0.8271629999399011,36.67401500024425,0.2517985611510791,278,0,0,41,0.9557926829268293,0
29.54523,3,0,0,0.0,37.91326999999001,0.8915049997995084,37.937551999675634,0.2508960573476703,279,0,0,41,0.9603658536585366,0
29.58185,3,0,0,0.0,36.58482099990579,0.8274990000245452,36.61034299966559,0.25,280,0,0,41,0.9649390243902439,0
29.61854,3,0,0,0.0,36.66170799988322,0.8568789999117143,36.684036000224296,0.24911032028469748,281,0,0,41,0.9695121951219512,0
29.65481,3,0,0,0.0,36.23621799988541,0.8259420001195394,36.25910199980353,0.24822695035460995,282,0,0,41,0.9740853658536586,0
29.69119,3,0,0,0.0,36.35802199960381,0.8366000001842622,36.38011800012464,0.24734982332155475,283,0,0,41,0.9786585365853658,0
29.72795,3,0,0,0.0,36.726493000060145,0.8266340000773198,36.74867700010509,0.24647887323943662,284,0,0,41,0.9832317073170732,0
29.76445,3,0,0,0.0,36.465716999828146,0.8596669999860751,36.50002099993799,0.24561403508771928,285,0,0,23,0.9836956521739131,0
29.80206,2,0,0,0.0,37.563399000191566,0.703923999935796,37.59665799998402,0.12135922330097082,206,0,0,23,0.9891304347826086,0
29.83802,2,0,0,0.0,35.929503999796,0.7300369998120004,35.95210399998905,0.12077294685990336,207,0,0,23,0.9945652173913043,0
29.87462,2,0,0,0.0,36.57286399993609,0.7143959996938065,36.6001980000874,0.12019230769230771,208,0,0,24,0.9583333333333334,0
29.91102,2,0,0,0.0,36.36632899997494,0.7155859998420055,36.388846000136255,0.11961722488038273,209,0,0,24,0.9635416666666666,0
29.9474,2,0,0,0.0,36.34299499981353,0.7906169998932455,36.36720399981641,0.11904761904761907,210,0,0,25,0.93,0
29.98399,2,0,0,0.0,36.56871699968178,0.6975589999456133,36.592591000044195,0.11848341232227488,211,0,0,25,0.935,0
30.02047,2,0,0,0.0,36.444830000164075,0.7436780001626175,36.473252000178036,0.11792452830188682,212,0,0,25,0.94,0
30.05672,2,0,0,0.0,36.218517999714095,0.6987619999563321,36.23938900000212,0.11737089201877937,213,0,0,25,0.945,0
30.09323,2,0,0,0.0,36.47770599991418,0.7361049997598457,36.50260200038247,0.11682242990654201,214,0,0,25,0.95,0
30.12925,2,0,0,0.0,35.98806700028945,0.7220160000542819,36.01117100015472,0.11627906976744184,215,0,0,25,0.955,0
30.16578,2,0,0,0.0,36.500955000065005,0.704671000221424,36.526878000131546,0.1157407407407407,216,0,0,25,0.96,0
30.20251,2,0,0,0.0,36.70131600028981,0.7557359999736946,36.727047999647766,0.11520737327188935,217,0,0,25,0.965,0
30.23912,2,0,0,0.0,36.56493900007263,0.7210029998532264,36.602443999981915,0.11467889908256879,218,0,0,25,0.97,0
30.27556,2,0,0,0.0,36.403195000275446,0.714658000106283,36.42638200017245,0.11415525114155256,219,0,0,25,0.975,0
30.31184,2,0,0,0.0,36.25423600033173,0.7045620000099007,36.27574399979494,0.11363636363636365,220,0,0,25,0.98,0
30.34816,2,0,0,0.0,36.291523999807396,0.7121779999579303,36.3133559999369,0.1131221719457014,221,0,0,25,0.985,0
30.3861,2,0,0,0.0,37.917069000286574,0.7219069998427585,37.957329000164464,0.11261261261261257,222,0,0,25,0.99,0
30.42198,2,0,0,0.0,35.82860099959362,0.7215859995994833,35.84909399978642,0.11210762331838564,223,0,0,25,0.995,0
30.4581,2,0,0,0.0,36.0905009997623,0.7113890001164691,36.113039999690955,0.1116071428571429,224,0,0,26,0.9615384615384616,0
30.49406,2,0,0,0.0,35.92087499964691,0.6806470000810805,35.94043800012514,0.11111111111111116,225,0,0,26,0.9663461538461539,0
30.53305,2,0,0,0.0,38.96204900001976,0.6975920000513725,38.98492600001191,0.11061946902654862,226,0,0,27,0.9351851851851852,0
30.56908,2,0,0,0.0,36.007447999963915,0.7062119998408889,36.02655099984986,0.11013215859030834,227,0,0,27,0.9398148148148148,0
30.60513,2,0,0,0.0,36.00754599983702,0.6893300001138414,36.04323999979897,0.10964912280701755,228,0,0,27,0.9444444444444444,0
30.64126,2,0,0,0.0,36.103677000028256,0.7041119997666101,36.12321700029497,0.10917030567685593,229,0,0,27,0.9490740740740741,0
30.67725,2,0,0,0.0,35.96283400020184,0.6831290002082824,35.98205300022528,0.10869565217391308,230,0,0,27,0.9537037037037037,0
30.7123,2,0,0,0.0,35.02751599990006,0.6961389999560197,35.046316999796545,0.10822510822510822,231,0,0,27,0.9583333333333334,0
30.74843,2,0,0,0.0,36.10554899978524,0.6729229999109521,36.12506099989332,0.10775862068965514,232,0,0,27,0.9629629629629629,0
30.78438,2,0,0,0.0,35.91941600006976,0.6923719997757871,35.93806000026234,0.10729613733905574,233,0,0,27,0.9675925925925926,0
30.82043,2,0,0,0.0,36.0273880000932,0.672949000090739,36.044468999989476,0.10683760683760679,234,0,0,27,0.9722222222222222,0
30.85628,2,0,0,0.0,35.83004499978415,0.679686999774276,35.847159000240936,0.1063829787234043,235,0,0,27,0.9768518518518519,0
30.89233,2,0,0,0.0,36.023124999701395,0.6993729998612253,36.04005600027449,0.10593220338983056,236,0,0,27,0.9814814814814815,0
30.92817,2,0,0,0.0,35.81823400008943,0.6704990000798716,35.83582600003865,0.10548523206751059,237,0,0,27,0.9861111111111112,0
30.96418,2,0,0,0.0,35.995511999772134,0.671693000185769,36.01392499967915,0.10504201680672265,238,0,0,27,0.9907407407407407,0
30.9995,2,0,0,0.0,35.287490999962756,0.6758090003131656,35.307797999848844,0.10460251046025104,239,0,0,27,0.9953703703703703,0
31.03593,2,0,0,0.0,36.40220399984173,0.7149499997467501,36.423496999759664,0.10416666666666663,240,0,0,28,0.9642857142857143,0
31.07202,2,0,0,0.0,36.06636599988633,0.725077999959467,36.08631900033288,0.10373443983402486,241,0,0,28,0.96875,0
31.1081,2,0,0,0.0,36.049631999958365,0.71005099971444,36.07066299991857,0.10330578512396693,242,0,0,29,0.9396551724137931,0
31.14418,2,0,0,0.0,36.04730200004269,0.6858349997855839,36.08007100001487,0.10288065843621397,243,0,0,29,0.9439655172413793,0
31.18022,2,0,0,0.0,36.01571299986972,0.6867970000712376,36.03424399989308,0.10245901639344257,244,0,0,29,0.9482758620689655,0
31.21618,2,0,0,0.0,35.929312000007485,0.6815750002715504,35.94839500010494,0.10204081632653061,245,0,0,29,0.9525862068965517,0
31.25215,2,0,0,0.0,35.94806199998857,0.6971170000724669,35.96800900004382,0.10162601626016265,246,0,0,29,0.9568965517241379,0
31.28734,2,0,0,0.0,35.163476999969134,0.6833819998064428,35.181302999717445,0.10121457489878538,247,0,0,29,0.9612068965517241,0
31.32313,2,0,0,0.0,35.75352899997597,0.6776969999009452,35.791605999747844,0.10080645161290325,248,0,0,13,0.9567307692307693,0
31.35536,1,0,0,0.0,32.20385700024053,0.5870469999535999,32.21984900028474,0.0,199,0,0,13,0.9615384615384616,0
31.38736,1,0,0,0.0,31.985628999791516,0.5721150000681519,32.00137400017411,0.0,200,0,0,13,0.9663461538461539,0
31.41949,1,0,0,0.0,32.09009700003662,0.569154000004346,32.119077000061225,0.0,201,0,0,0,0.0,0
37.06815,1,1,151,35.551797000152874,33.20445000008476,0.6674770002064179,68.8124550001703,0.0,151,0,0,10,0.95,0
37.10099,1,0,0,0.0,32.81392400003824,0.5799149998892972,32.83211500001926,0.0,152,0,0,10,0.95625,0
37.13327,1,0,0,0.0,32.26078200032134,0.5798600000161969,32.27691000029154,0.0,153,0,0,10,0.9625,0
37.16564,1,0,0,0.0,32.34187399993971,0.5524799998966046,32.36150799966708,0.0,154,0,0,10,0.96875,0
37.19809,1,0,0,0.0,32.4224249998224,0.6194180000420602,32.44072999996206,0.0,155,0,0,10,0.975,0
37.23047,1,0,0,0.0,32.35897300010038,0.5712209999728657,32.37647400010246,0.0,156,0,0,10,0.98125,0
37.26295,1,0,0,0.0,32.46079299970006,0.5793919999632635,32.47747100022025,0.0,157,0,0,10,0.9875,0
37.3333,2,1,225,34.139001999847096,36.155627999960416,0.6884940003146767,70.33787099999245,0.14888888888888885,225,0,0,25,0.9625,0
37.36903,2,0,0,0.0,35.71270799966442,0.6577259996447538,35.730288999729964,0.14823008849557517,226,0,0,25,0.9675,0
37.40524,2,0,0,0.0,36.180974999751925,0.6672139998045168,36.2015750001774,0.14757709251101325,227,0,0,26,0.9350961538461539,0
37.44119,2,0,0,0.0,35.93283200007136,0.6549899999299669,35.94962699980897,0.14692982456140347,228,0,0,26,0.9399038461538461,0
37.477,2,0,0,0.0,35.78306600002179,0.6549250001626206,35.800038000161294,0.14628820960698685,229,0,0,26,0.9447115384615384,0
37.51428,2,0,0,0.0,37.25379400020756,0.6621780003115418,37.27070100012497,0.14565217391304353,230,0,0,26,0.9495192307692307,0
37.55045,2,0,0,0.0,36.15102599997044,0.7395480001832766,36.1680470000465,0.14502164502164505,231,0,0,26,0.9543269230769231,0
37.58606,2,0,0,0.0,35.587967000083154,0.6649489996561897,35.60470799993709,0.1443965517241379,232,0,0,26,0.9591346153846154,0
37.62169,2,0,0,0.0,35.60714900004314,0.657911999951466,35.62280799997097,0.14377682403433478,233,0,0,26,0.9639423076923077,0
37.65746,2,0,0,0.0,35.75588500007143,0.6823840003562509,35.7715800000733,0.1431623931623932,234,0,0,26,0.96875,0
37.69299,2,0,0,0.0,35.50476100008382,0.6659539999418485,35.52112399984253,0.14255319148936174,235,0,0,26,0.9735576923076923,0
37.72864,2,0,0,0.0,35.62998200004586,0.6578460001946951,35.646760999952676,0.14194915254237284,236,0,0,26,0.9783653846153846,0
37.76451,2,0,0,0.0,35.84894899995561,0.678717000027973,35.86498999993637,0.14135021097046419,237,0,0,26,0.9831730769230769,0
37.8011,2,0,0,0.0,36.571875999925396,0.6699609998577216,36.60406300014074,0.14075630252100846,238,0,0,26,0.9879807692307693,0
37.83667,2,0,0,0.0,35.52855299994917,0.6795170002078521,35.54629800009934,0.14016736401673635,239,0,0,26,0.9927884615384616,0
37.87287,2,0,0,0.0,36.16851600008886,0.6974409998292685,36.187495999911334,0.13958333333333328,240,0,0,27,0.9606481481481481,0
37.90899,2,0,0,0.0,36.106729000039195,0.6843930000286491,36.12326700022095,0.1390041493775933,241,0,0,27,0.9652777777777778,0
37.94522,2,0,0,0.0,36.21026399969196,0.6677629999103374,36.22585499988418,0.13842975206611574,242,0,0,27,0.9699074074074074,0
37.98141,2,0,0,0.0,36.16632400007802,0.6568859998878906,36.184678000154236,0.13786008230452673,243,0,0,28,0.9397321428571429,0
38.01777,2,0,0,0.0,36.332722999759426,0.6602240000574966,36.34957399981431,0.13729508196721307,244,0,0,28,0.9441964285714286,0
38.0536,2,0,0,0.0,35.80658500004574,0.6848479997643153,35.8223159996669,0.136734693877551,245,0,0,28,0.9486607142857143,0
38.08935,2,0,0,0.0,35.72865100022682,0.673177999942709,35.744489999615325,0.13617886178861793,246,0,0,28,0.953125,0
38.12417,2,0,0,0.0,34.80413799979942,0.6575759998668218,34.81955199958975,0.13562753036437247,247,0,0,28,0.9575892857142857,0
38.15988,2,0,0,0.0,35.68661200006318,0.6443810002565442,35.70273399964208,0.13508064516129037,248,0,0,28,0.9620535714285714,0
38.19594,2,0,0,0.0,36.042405999978655,0.682707000123628,36.06105500011836,0.13453815261044177,249,0,0,28,0.9665178571428571,0
38.23208,2,0,0,0.0,36.11062400023002,0.707137000063085,36.128271999587014,0.134,250,0,0,28,0.9709821428571429,0
38.26822,2,0,0,0.0,36.123963999671105,0.7829010000932612,36.14084200034995,0.13346613545816732,251,0,0,28,0.9754464285714286,0
38.30421,2,0,0,0.0,35.96255899992684,0.6682570001430577,35.97895199982304,0.1329365079365079,252,0,0,28,0.9799107142857143,0
38.34021,2,0,0,0.0,35.98178799984453,0.6645650000791647,35.998193999603245,0.1324110671936759,253,0,0,28,0.984375,0
38.376,2,0,0,0.0,35.769210000125895,0.6602900002690149,35.78600599985293,0.13188976377952755,254,0,0,28,0.9888392857142857,0
38.41083,2,0,0,0.0,34.80873899979997,0.6787389997953142,34.82569000016156,0.13137254901960782,255,0,0,28,0.9933035714285714,0
38.44672,2,0,0,0.0,35.86380500019004,0.7064430001264554,35.88304300001255,0.130859375,256,0,0,29,0.9633620689655172,0
38.48245,2,0,0,0.0,35.705273999610654,0.7004629997027223,35.72127999996155,0.13035019455252916,257,0,0,29,0.9676724137931034,0
38.52099,2,0,0,0.0,38.518990999818925,0.6840780001766689,38.53722999974707,0.1298449612403101,258,0,0,29,0.9719827586206896,0
38.5572,2,0,0,0.0,36.18300299967814,0.775763000092411,36.2034620002305,0.1293436293436293,259,0,0,30,0.94375,0
38.59321,2,0,0,0.0,35.98556999986613,0.678373000027932,36.002420999921014,0.12884615384615383,260,0,0,30,0.9479166666666666,0
38.62899,2,0,0,0.0,35.75761899992358,0.6691250000585569,35.77428399967175,0.1283524904214559,261,0,0,30,0.9520833333333333,0
38.66469,2,0,0,0.0,35.67787300016789,0.6845860002613335,35.693807000370725,0.12786259541984735,262,0,0,30,0.95625,0
38.69936,2,0,0,0.0,34.65659900030005,0.6916339998497278,34.67282800011162,0.12737642585551334,263,0,0,30,0.9604166666666667,0
38.73502,2,0,0,0.0,35.636052999961976,0.6704970001010224,35.653502000059234,0.12689393939393945,264,0,0,30,0.9645833333333333,0
38.77079,2,0,0,0.0,35.74915599983797,0.6906359999447886,35.76562099988223,0.1264150943396226,265,0,0,30,0.96875,0
38.8065,2,0,0,0.0,35.68410100024266,0.6978649998927722,35.70066300017061,0.12593984962406013,266,0,0,30,0.9729166666666667,0
38.84234,2,0,0,0.0,35.81530399969779,0.6916850002198771,35.83164700012276,0.12546816479400746,267,0,0,30,0.9770833333333333,0
38.87824,2,0,0,0.0,35.877027999958955,0.6892660003359197,35.89625800032081,0.125,268,0,0,30,0.98125,0
38.91406,2,0,0,0.0,35.804365999865695,0.6916970000929723,35.822427999846695,0.12453531598513012,269,0,0,30,0.9854166666666667,0
38.9498,2,0,0,0.0,35.71332000001348,0.702047000231687,35.73025600007895,0.12407407407407411,270,0,0,30,0.9895833333333334,0
38.98489,2,0,0,0.0,35.071956000138016,0.7117209997886675,35.089262000383314,0.12361623616236161,271,0,0,30,0.99375,0
39.02071,2,0,0,0.0,35.787498999980016,0.7113900001058937,35.80811699976039,0.12316176470588236,272,0,0,31,0.9657258064516129,0
39.05655,2,0,0,0.0,35.822286999973585,0.7123969999156543,35.838747000070725,0.12271062271062272,273,0,0,31,0.969758064516129,0
39.09227,2,0,0,0.0,35.69455900014873,0.7207560001916136,35.71160299998155,0.12226277372262773,274,0,0,31,0.9737903225806451,0
39.12827,2,0,0,0.0,35.97876000003453,0.6916560000718164,35.997939000026236,0.12181818181818183,275,0,0,32,0.947265625,0
39.16427,2,0,0,0.0,35.981600000013714,0.6986659996073286,35.999444000026415,0.12137681159420288,276,0,0,32,0.951171875,0
39.20016,2,0,0,0.0,35.86385100015832,0.7001980002314667,35.8831469998222,0.12093862815884482,277,0,0,32,0.955078125,0
39.23621,2,0,0,0.0,36.0246680002092,0.6983120001677889,36.04341300024316,0.12050359712230219,278,0,0,32,0.958984375,0
39.27149,2,0,0,0.0,35.25488800005405,0.734143000045151,35.27276799968604,0.12007168458781359,279,0,0,32,0.962890625,0
39.3074,2,0,0,0.0,35.88078700022379,0.7149459997890517,35.89994200001456,0.11964285714285716,280,0,0,32,0.966796875,0
39.34358,2,0,0,0.0,36.16168999997171,0.7205409997368406,36.179292000269925,0.11921708185053381,281,0,0,32,0.970703125,0
39.37943,2,0,0,0.0,35.82366699993145,0.714559000243753,35.84132199966916,0.11879432624113473,282,0,0,32,0.974609375,0
39.41531,2,0,0,0.0,35.86228199992547,0.7088870002007752,35.88058000013916,0.11837455830388688,283,0,0,32,0.978515625,0
39.45142,2,0,0,0.0,36.08363900002587,0.698863999787136,36.102049000419356,0.11795774647887325,284,0,0,32,0.982421875,0
39.4875,2,0,0,0.0,36.05423300041366,0.7282040000973211,36.07276000002457,0.11754385964912284,285,0,0,32,0.986328125,0
39.52629,2,0,0,0.0,38.765955999679136,0.7273979999808944,38.78583999994589,0.11713286713286708,286,0,0,32,0.990234375,0
39.56161,2,0,0,0.0,35.28840200033301,0.7188639997366408,35.30715799979589,0.11672473867595823,287,0,0,32,0.994140625,0
39.59748,2,0,0,0.0,35.84979500010377,0.7323169998016965,35.870597000212,0.11631944444444442,288,0,0,33,0.9678030303030303,0
39.63322,2,0,0,0.0,35.71316200032015,0.7163860000218847,35.73077500004729,0.11591695501730104,289,0,0,33,0.9715909090909091,0
39.66898,2,0,0,0.0,35.74204300002748,0.6989749999775086,35.75992799960659,0.1155172413793103,290,0,0,33,0.9753787878787878,0
39.70466,2,0,0,0.0,35.65086300022813,0.7153799997468013,35.669983999923716,0.11512027491408938,291,0,0,34,0.9503676470588235,0
39.74095,2,0,0,0.0,36.26321000001553,0.7130770000003395,36.28467399994406,0.11472602739726023,292,0,0,34,0.9540441176470589,0
39.81067,3,1,99,33.03404100006446,36.62753000025987,0.8717339997019735,69.70713500004422,0.29692832764505117,293,0,0,41,0.9466463414634146,0
39.84719,3,0,0,0.0,36.48825900017982,0.8563979999962612,36.509581999780494,0.29591836734693877,294,0,0,41,0.9512195121951219,0
39.88277,3,0,0,0.0,35.55141500009995,0.8434899996245804,35.57168899988028,0.29491525423728815,295,0,0,41,0.9557926829268293,0
39.91892,3,0,0,0.0,36.12646900000982,0.8465349997095473,36.14563500013901,0.29391891891891897,296,0,0,41,0.9603658536585366,0
39.95515,3,0,0,0.0,36.204733999966265,0.8496290001858142,36.22368099968298,0.29292929292929293,297,0,0,41,0.9649390243902439,0
39.99116,3,0,0,0.0,35.99122800005716,0.8150109997586696,36.011215999678825,0.2919463087248322,298,0,0,41,0.9695121951219512,0
40.02739,3,0,0,0.0,36.202775000219845,0.831506999929843,36.22215799987316,0.29096989966555187,299,0,0,41,0.9740853658536586,0
40.06348,3,0,0,0.0,36.06941599991842,0.8191310002985119,36.087616000259004,0.29000000000000004,300,0,0,41,0.9786585365853658,0
40.09949,3,0,0,0.0,35.98385099985535,0.828603000172734,36.00157999971998,0.28903654485049834,301,0,0,41,0.9832317073170732,0
40.13595,3,0,0,0.0,36.432556999898225,0.8209590000660683,36.454481999953714,0.2880794701986755,302,0,0,41,0.9878048780487805,0
40.17367,3,0,0,0.0,37.67827699994086,0.9010939998006506,37.70420099999683,0.28712871287128716,303,0,0,41,0.9923780487804879,0
40.21086,3,0,0,0.0,37.15354299993123,0.891596000201389,37.18039299974407,0.2861842105263158,304,0,0,42,0.9732142857142857,0
40.24759,3,0,0,0.0,36.71044900011111,0.8849519999785116,36.730903000261605,0.28524590163934427,305,0,0,42,0.9776785714285714,0
40.28419,3,0,0,0.0,36.565691999840055,0.8601130002716673,36.59108599958927,0.28431372549019607,306,0,0,43,0.9593023255813954,0
40.32079,3,0,0,0.0,36.57115099986186,0.8599980001235963,36.596279999685066,0.28338762214983715,307,0,0,44,0.9417613636363636,0
40.35756,3,0,0,0.0,36.735427000166965,0.8858830001372553,36.75652000038099,0.2824675324675324,308,0,0,44,0.9460227272727273,0
40.3942,3,0,0,0.0,36.616551999941294,0.8628350001345098,36.63924300008148,0.2815533980582524,309,0,0,44,0.9502840909090909,0
40.43102,3,0,0,0.0,36.786231999940355,0.8588699997744698,36.81217299981654,0.2806451612903226,310,0,0,44,0.9545454545454546,0
40.46724,3,0,0,0.0,36.18893800012302,0.9030250002979301,36.21474600004149,0.2797427652733119,311,0,0,44,0.9588068181818182,0
40.50417,3,0,0,0.0,36.89298100016458,0.8778559999882418,36.91738599991368,0.27884615384615385,312,0,0,44,0.9630681818181818,0
40.5434,3,0,0,0.0,39.20183199988969,0.944023000101879,39.2249520000405,0.27795527156549515,313,0,0,44,0.9673295454545454,0
40.58025,3,0,0,0.0,36.82188499988115,0.8626290000393055,36.84894600019106,0.27707006369426757,314,0,0,44,0.9715909090909091,0
40.61703,3,0,0,0.0,36.74185199997737,0.8878109997567663,36.766016999990825,0.2761904761904762,315,0,0,44,0.9758522727272727,0
40.65384,3,0,0,0.0,36.78049899963298,0.8899919998839323,36.80105600005845,0.27531645569620256,316,0,0,44,0.9801136363636364,0
40.69045,3,0,0,0.0,36.589094000191835,0.8872450002854748,36.60994300025777,0.27444794952681384,317,0,0,44,0.984375,0
40.72722,3,0,0,0.0,36.734542999965925,0.855489000059606,36.758132000159094,0.2735849056603774,318,0,0,44,0.9886363636363636,0
40.76309,3,0,0,0.0,35.84738500012463,0.8825710001474363,35.86775599978864,0.2727272727272727,319,0,0,44,0.9928977272727273,0
40.79952,3,0,0,0.0,36.38486499994542,0.8574060002501938,36.424682999950164,0.271875,320,0,0,45,0.975,0
40.83599,3,0,0,0.0,36.447283000143216,0.8647340000607073,36.46701999969082,0.2710280373831776,321,0,0,45,0.9791666666666666,0
40.87272,3,0,0,0.0,36.69989199988777,0.8792470002845221,36.72323000000688,0.2701863354037267,322,0,0,46,0.9619565217391305,0
40.90941,3,0,0,0.0,36.64914000000863,0.9040429999913613,36.68099300011818,0.2693498452012384,323,0,0,30,0.9458333333333333,0
40.94607,2,0,0,0.0,36.635119000038685,0.7230510000226786,36.6560180000306,0.2993827160493827,324,0,0,30,0.95,0
40.9825,2,0,0,0.0,36.4039490000323,0.7384710002042993,36.42514500006655,0.29846153846153844,325,0,0,30,0.9541666666666667,0
41.01898,2,0,0,0.0,36.43893999969805,0.7528920000368089,36.468173999764986,0.2975460122699386,326,0,0,30,0.9583333333333334,0
41.05464,2,0,0,0.0,35.64119699967705,0.7333900002777227,35.660833999827446,0.29663608562691135,327,0,0,30,0.9625,0
41.09081,2,0,0,0.0,36.1375920001592,0.7354839999607066,36.15625500015085,0.2957317073170732,328,0,0,30,0.9666666666666667,0
41.12719,2,0,0,0.0,36.35279599984642,0.7284230000550451,36.37386400032483,0.2948328267477204,329,0,0,30,0.9708333333333333,0
41.16367,2,0,0,0.0,36.45631300014429,0.7196980000117037,36.476675999892905,0.29393939393939394,330,0,0,30,0.975,0
41.20008,2,0,0,0.0,36.383128000125,0.7406229997286573,36.403189999873575,0.2930513595166163,331,0,0,30,0.9791666666666666,0
41.23639,2,0,0,0.0,36.282221999954345,0.7195970001703245,36.30344299972421,0.29216867469879515,332,0,0,30,0.9833333333333333,0
41.27297,2,0,0,0.0,36.5480719997322,0.7344649998231034,36.578067999926134,0.2912912912912913,333,0,0,30,0.9875,0
41.30947,2,0,0,0.0,36.46686199999749,0.7454790002157097,36.490188000243506,0.2904191616766467,334,0,0,30,0.9916666666666667,0
41.34545,2,0,0,0.0,35.954847000084555,0.7485870000891737,35.97519000004468,0.28955223880597014,335,0,0,30,0.9958333333333333,0
41.38235,2,0,0,0.0,36.871937999876536,0.7577259998470254,36.89845600001718,0.28869047619047616,336,0,0,31,0.967741935483871,0
41.41917,2,0,0,0.0,36.78414599971802,0.758842999857734,36.80726800030243,0.287833827893175,337,0,0,31,0.9717741935483871,0
41.45594,2,0,0,0.0,36.73940499993478,0.7325000001401349,36.763044000053924,0.2869822485207101,338,0,0,32,0.9453125,0
41.49253,2,0,0,0.0,36.55906799986042,0.761925999995583,36.58380399974703,0.28613569321533927,339,0,0,32,0.94921875,0
41.53191,2,0,0,0.0,39.35516399997141,0.7621620002282725,39.378360000227985,0.2852941176470588,340,0,0,32,0.953125,0
41.56855,2,0,0,0.0,36.610135000046284,0.7630350000908948,36.62949599993226,0.28445747800586507,341,0,0,32,0.95703125,0
41.60488,2,0,0,0.0,36.30558899976677,0.7375170002887899,36.32713500019236,0.283625730994152,342,0,0,32,0.9609375,0
41.64047,2,0,0,0.0,35.55705700000544,0.7674379999116354,35.57740699989154,0.282798833819242,343,0,0,32,0.96484375,0
41.7097,3,1,71,32.551752000017586,36.63838100010253,0.8749079997869558,69.23249700002998,0.45251937984496127,344,0,0,37,0.9594594594594594,0
41.7465,3,0,0,0.0,36.766644999715936,0.883033000263822,36.789793000025384,0.451207729468599,345,0,0,37,0.964527027027027,0
41.78337,3,0,0,0.0,36.82435099972281,0.8592310000494763,36.857338000118034,0.44990366088631983,346,0,0,15,0.9458333333333333,0
41.82008,2,0,0,0.0,36.677332000181195,0.6717569999636908,36.701613000332145,0.25816993464052285,153,0,0,15,0.9541666666666667,0
41.85652,2,0,0,0.0,36.41929000013988,0.6680849996882898,36.439495000195166,0.25649350649350644,154,0,0,15,0.9625,0
41.8926,2,0,0,0.0,36.048755000138044,0.6708870000693423,36.06809099983366,0.2548387096774194,155,0,0,15,0.9708333333333333,0
41.92883,2,0,0,0.0,36.20204399976501,0.656004000120447,36.22316300015882,0.2532051282051282,156,0,0,15,0.9791666666666666,0
41.96521,2,0,0,0.0,36.354422999920644,0.6632140002693632,36.37411299996529,0.25159235668789814,157,0,0,15,0.9875,0
42.03494,3,1,128,32.58997900002214,37.09769600027357,0.7074739996824064,69.7303329998249,0.22995780590717296,158,0,0,24,0.9583333333333334,0
42.07126,3,0,0,0.0,36.28333200003908,0.7293700000445824,36.30659600003128,0.22851153039832284,159,0,0,25,0.9275,0
42.10808,3,0,0,0.0,36.786828999993304,0.6962140000723593,36.80962099997487,0.2270833333333333,160,0,0,26,0.8990384615384616,0
42.14421,3,0,0,0.0,36.09884800016516,0.6847729996479757,36.11840499979735,0.2256728778467909,161,0,0,26,0.90625,0
42.18061,3,0,0,0.0,36.3765889997012,0.68821399963781,36.39547100010532,0.22427983539094654,162,0,0,26,0.9134615384615384,0
42.21743,3,0,0,0.0,36.79885000019567,0.7151820000217413,36.817286999848875,0.2229038854805726,163,0,0,26,0.9206730769230769,0
42.25447,3,0,0,0.0,37.010801999713294,0.7062180002321838,37.03254999982164,0.22154471544715448,164,0,0,26,0.9278846153846154,0
42.29157,3,0,0,0.0,37.07117700014351,0.7351509998443362,37.0937360003154,0.22020202020202018,165,0,0,26,0.9350961538461539,0
42.32888,3,0,0,0.0,37.27777999984028,0.7458539998879132,37.30308900003365,0.21887550200803207,166,0,0,26,0.9423076923076923,0
42.36723,3,0,0,0.0,38.320254999689496,0.8002330000635993,38.34364700014703,0.217564870259481,167,0,0,26,0.9495192307692307,0
42.40346,3,0,0,0.0,36.20268299982854,0.7201680000434862,36.22524299998986,0.21626984126984128,168,0,0,26,0.9567307692307693,0
42.43954,3,0,0,0.0,36.05047399969408,0.7231960003082349,36.07409500000358,0.21499013806706113,169,0,0,26,0.9639423076923077,0
42.47559,3,0,0,0.0,36.0180269999546,0.7193760002337513,36.039791999883164,0.21372549019607845,170,0,0,26,0.9711538461538461,0
42.51281,3,0,0,0.0,37.191226000231836,0.7211049996840302,37.213726000118186,0.21247563352826515,171,0,0,26,0.9783653846153846,0
42.55193,3,0,0,0.0,39.09720699994068,0.8834680002109963,39.11837400028162,0.21124031007751942,172,0,0,26,0.9855769230769231,0
42.58816,3,0,0,0.0,36.19380500003899,0.7548670000687707,36.21776999989379,0.21001926782273606,173,0,0,26,0.9927884615384616,0
42.62422,3,0,0,0.0,36.0321890002524,0.7196370002020558,36.0590130003402,0.20881226053639845,174,0,0,27,0.9629629629629629,0
42.66029,3,0,0,0.0,36.03248199988229,0.7294120000551629,36.058963000414224,0.2076190476190476,175,0,0,28,0.9352678571428571,0
42.69722,3,0,0,0.0,36.899673999869265,0.7344030000240309,36.924236999766435,0.20643939393939392,176,0,0,29,0.9094827586206896,0
42.73405,3,0,0,0.0,36.802694000016345,0.7174859997576277,36.823655999796756,0.20527306967984937,177,0,0,29,0.915948275862069,0
42.77048,3,0,0,0.0,36.40208699971481,0.7227729997794086,36.421951000193076,0.20411985018726597,178,0,0,29,0.9224137931034483,0
42.80659,3,0,0,0.0,36.087650999888865,0.7240879999699246,36.10614400031409,0.2029795158286778,179,0,0,29,0.9288793103448276,0
42.84264,3,0,0,0.0,36.02281699977539,0.7129529999474471,36.041464999925665,0.20185185185185184,180,0,0,29,0.9353448275862069,0
42.87864,3,0,0,0.0,35.97891199979131,0.7098890000634128,35.99750800003676,0.20073664825046045,181,0,0,29,0.9418103448275862,0
42.91452,3,0,0,0.0,35.852161000093474,0.7199960000434658,35.86991300016962,0.1996336996336996,182,0,0,29,0.9482758620689655,0
42.94987,3,0,0,0.0,35.32999099979861,0.725186999716243,35.34887700016043,0.19854280510018218,183,0,0,29,0.9547413793103449,0
42.98611,3,0,0,0.0,36.21052400012559,0.7289209997907165,36.24461600020368,0.19746376811594202,184,0,0,29,0.9612068965517241,0
43.02236,3,0,0,0.0,36.21879199999967,0.703854999756004,36.23916400010785,0.1963963963963964,185,0,0,29,0.9676724137931034,0
43.05847,3,0,0,0.0,36.076252999919234,0.7093959998201171,36.09445600022809,0.1953405017921147,186,0,0,29,0.9741379310344828,0
43.09434,3,0,0,0.0,35.853874999702384,0.715784000021813,35.872420000032434,0.19429590017825316,187,0,0,29,0.9806034482758621,0
43.13032,3,0,0,0.0,35.953811000126734,0.6979649997447268,35.97256900002321,0.19326241134751776,188,0,0,29,0.9870689655172413,0
43.16631,3,0,0,0.0,35.96651499992731,0.7002070001362881,35.984594999717956,0.19223985890652562,189,0,0,29,0.9935344827586207,0
43.20239,3,0,0,0.0,36.05091299959895,0.7211380002445367,36.07348600007754,0.19122807017543864,190,0,0,30,0.9666666666666667,0
43.23771,3,0,0,0.0,35.29065399970932,0.73239499988631,35.31225100005031,0.1902268760907504,191,0,0,31,0.9415322580645161,0
43.27383,3,0,0,0.0,36.09152400031235,0.723428999663156,36.11132500009262,0.18923611111111116,192,0,0,32,0.91796875,0
43.30993,3,0,0,0.0,36.08454200002598,0.7448739997926168,36.103982999975415,0.1882556131260794,193,0,0,32,0.923828125,0
43.34627,3,0,0,0.0,36.314658999799576,0.7230850001178624,36.333969999759574,0.1872852233676976,194,0,0,32,0.9296875,0
43.38252,3,0,0,0.0,36.21713799975623,0.7741859999441658,36.23641600006522,0.18632478632478633,195,0,0,32,0.935546875,0
43.41932,3,0,0,0.0,36.77414399999179,0.7300020001821395,36.79434700006823,0.18537414965986398,196,0,0,32,0.94140625,0
43.45591,3,0,0,0.0,36.57141700023203,0.7205899996733933,36.58998699984295,0.18443316412859556,197,0,0,32,0.947265625,0
43.49246,3,0,0,0.0,36.52352599965525,0.7356989999607322,36.54133700001694,0.1835016835016835,198,0,0,32,0.953125,0
43.53257,3,0,0,0.0,40.08429899977273,0.7315070001823187,40.1041019999866,0.18257956448911228,199,0,0,32,0.958984375,0
43.56936,3,0,0,0.0,36.76173099984226,0.7402219998766668,36.78196300006675,0.18166666666666664,200,0,0,32,0.96484375,0
43.60599,3,0,0,0.0,36.612317000162875,0.75624200007951,36.63209900014408,0.1807628524046434,201,0,0,32,0.970703125,0
43.64283,3,0,0,0.0,36.81347299971094,0.7371729998340015,36.83337299980849,0.17986798679867988,202,0,0,32,0.9765625,0
43.67905,3,0,0,0.0,36.18654299998525,0.7582780003758671,36.205550000431685,0.17898193760262726,203,0,0,32,0.982421875,0
43.71556,3,0,0,0.0,36.488169000222115,0.7328540000344219,36.514084999907936,0.17810457516339873,204,0,0,32,0.98828125,0
43.75237,3,0,0,0.0,36.7783439996856,0.7866959999773826,36.798300000100426,0.1772357723577236,205,0,0,32,0.994140625,0
43.82246,4,1,81,32.67184800006362,37.36659800006237,0.8335460001944739,70.08109800017337,0.28398058252427183,206,0,0,39,0.9519230769230769,0
43.89224,5,1,222,32.82381999997597,36.90536800013433,0.952475999838498,69.7684520000621,0.2648648648648648,222,0,0,54,0.9502314814814815,0
43.92841,5,0,0,0.0,36.14883000000191,0.9601880001355312,36.172899000121106,0.26367713004484306,223,0,0,55,0.9386363636363636,0
43.9657,5,0,0,0.0,37.260232000335236,0.9697489999780373,37.28295099972456,0.26249999999999996,224,0,0,56,0.9274553571428571,0
44.00286,5,0,0,0.0,37.11788000009619,1.0068540000247594,37.14776000015263,0.2613333333333333,225,0,0,47,0.9361702127659575,0
44.04009,4,0,0,0.0,37.20952799994848,0.8943159996306349,37.22983099987687,0.22123893805309736,226,0,0,47,0.9414893617021277,0
44.07721,4,0,0,0.0,37.07770700020774,0.8673709999129642,37.10980200003178,0.2202643171806168,227,0,0,47,0.9468085106382979,0
44.11434,4,0,0,0.0,37.104991000433074,0.8932860000641085,37.12465699982204,0.2192982456140351,228,0,0,47,0.9521276595744681,0
44.15166,4,0,0,0.0,37.296419000085734,0.8696190002410731,37.315967999802524,0.21834061135371174,229,0,0,47,0.9574468085106383,0
44.18893,4,0,0,0.0,37.242315000185044,0.8971550000751449,37.26391200007129,0.21739130434782605,230,0,0,47,0.9627659574468085,0
44.22561,4,0,0,0.0,36.64837099995566,0.8946550001383002,36.670944999968924,0.21645021645021645,231,0,0,47,0.9680851063829787,0
44.26321,4,0,0,0.0,37.56251999993765,0.9094019997064606,37.58986899993033,0.2155172413793104,232,0,0,33,0.9734848484848485,0
44.29969,3,0,0,0.0,36.452934999942954,0.762767000196618,36.476373999903444,0.2646638054363376,233,0,0,33,0.9791666666666666,0
44.33634,3,0,0,0.0,36.62106599995241,0.798006999957579,36.642571999891516,0.26353276353276356,234,0,0,33,0.9848484848484849,0
44.373,3,0,0,0.0,36.63523799968971,0.780951999786339,36.659167999914644,0.26241134751773054,235,0,0,33,0.990530303030303,0
44.40953,3,0,0,0.0,36.49252600007458,0.7938710000416904,36.51724499968623,0.2612994350282486,236,0,0,34,0.9669117647058824,0
44.44589,3,0,0,0.0,36.33340099986526,0.7767920001242601,36.35746800000561,0.260196905766526,237,0,0,35,0.9446428571428571,0
44.48227,3,0,0,0.0,36.350739000226895,0.7996809999895049,36.37109999999666,0.2591036414565826,238,0,0,35,0.95,0
44.52153,3,0,0,0.0,39.2359999996188,0.7674660000702715,39.26022700034082,0.25801952580195253,239,0,0,35,0.9553571428571429,0
44.55916,3,0,0,0.0,37.59547100025884,0.9033500000441563,37.6185400000395,0.2569444444444444,240,0,0,36,0.9340277777777778,0
44.5954,3,0,0,0.0,36.21171399981904,0.7837820003260276,36.231556000075216,0.25587828492392806,241,0,0,36,0.9392361111111112,0
44.63259,3,0,0,0.0,37.16376400006993,0.7592520000798686,37.191090999840526,0.2548209366391184,242,0,0,36,0.9444444444444444,0
44.66948,3,0,0,0.0,36.8581129996528,0.8324069999616768,36.87999299972944,0.25377229080932784,243,0,0,36,0.9496527777777778,0
44.70616,3,0,0,0.0,36.65383799989286,0.7816979996277951,36.67589399992721,0.2527322404371585,244,0,0,36,0.9548611111111112,0
44.74269,3,0,0,0.0,36.497039000096265,0.7734989999335085,36.51834900028916,0.2517006802721088,245,0,0,36,0.9600694444444444,0
44.77928,3,0,0,0.0,36.564022000220575,0.7963570001265907,36.582421000275644,0.2506775067750677,246,0,0,36,0.9652777777777778,0
44.81473,3,0,0,0.0,35.42406499991557,0.7702670000071521,35.44359899979099,0.24966261808367074,247,0,0,36,0.9704861111111112,0
44.85105,3,0,0,0.0,36.295558999881905,0.8000389998414903,36.31461200029662,0.24865591397849462,248,0,0,36,0.9756944444444444,0
44.8871,3,0,0,0.0,36.028354999871226,0.7920709999780229,36.04670699996859,0.2476572958500669,249,0,0,36,0.9809027777777778,0
44.9232,3,0,0,0.0,36.04742100014846,0.7701409999754105,36.06500599971696,0.2466666666666667,250,0,0,36,0.9861111111111112,0
44.95932,3,0,0,0.0,36.08210599986705,0.7524800003011478,36.10043399976348,0.2456839309428951,251,0,0,36,0.9913194444444444,0
44.99557,3,0,0,0.0,36.21450899981937,0.7738879999124038,36.24006800009738,0.24470899470899465,252,0,0,37,0.9695945945945946,0
45.032,3,0,0,0.0,36.39082200015764,0.8081930000116699,36.421662000066135,0.24374176548089588,253,0,0,24,0.9583333333333334,0
45.06842,2,0,0,0.0,36.399815999629936,0.6879259999550413,36.4182289999917,0.2755905511811023,254,0,0,24,0.9635416666666666,0
45.10349,2,0,0,0.0,35.04423200001838,0.6769189999431546,35.06197499973496,0.27450980392156865,255,0,0,24,0.96875,0
45.13934,2,0,0,0.0,35.82363000032274,0.6762940001863171,35.84320400022989,0.2734375,256,0,0,25,0.935,0
45.1757,2,0,0,0.0,36.333839999770134,0.6454990002566774,36.363012999572675,0.27237354085603116,257,0,0,25,0.94,0
45.24478,3,1,118,32.83900499991432,36.188460999710514,0.7596369996463181,69.06507900021097,0.36175710594315247,258,0,0,33,0.9412878787878788,0
45.28091,3,0,0,0.0,36.10857100011344,0.788479000220832,36.12601900022128,0.36036036036036034,259,0,0,33,0.946969696969697,0
45.31699,3,0,0,0.0,36.05107700013832,0.7754250000289176,36.06838299992887,0.3589743589743589,260,0,0,33,0.9526515151515151,0
45.35298,3,0,0,0.0,35.97195400016062,0.7735799999863957,35.98931799979255,0.3575989782886334,261,0,0,33,0.9583333333333334,0
45.38899,3,0,0,0.0,35.98576700005651,0.7770909996906994,36.00462199983667,0.3562340966921119,262,0,0,33,0.9640151515151515,0
45.42443,3,0,0,0.0,35.41542999982994,0.7843420003155188,35.435008999684214,0.3548795944233206,263,0,0,33,0.9696969696969697,0
45.46071,3,0,0,0.0,36.25605999968684,0.7628000003023772,36.27395599960437,0.3535353535353535,264,0,0,33,0.9753787878787878,0
45.49704,3,0,0,0.0,36.304533000020456,0.7869700002629543,36.324024999885296,0.35220125786163525,265,0,0,33,0.9810606060606061,0
45.53776,3,0,0,0.0,40.692714999750024,0.7905910001682059,40.7129810000697,0.3508771929824561,266,0,0,33,0.9867424242424242,0
45.57422,3,0,0,0.0,36.440593999941484,0.8085270001174649,36.4587929998379,0.34956304619225964,267,0,0,33,0.9924242424242424,0
45.61052,3,0,0,0.0,36.26422600018486,0.7771049999973911,36.28765499979636,0.34825870646766166,268,0,0,35,0.9410714285714286,0
45.64693,3,0,0,0.0,36.39158399982989,0.7885099998929945,36.41208299995924,0.34696406443618344,269,0,0,35,0.9464285714285714,0
45.68338,3,0,0,0.0,36.4180619999388,0.8103370000753785,36.43724099993051,0.345679012345679,270,0,0,35,0.9517857142857142,0
45.71879,3,0,0,0.0,35.38802200000646,0.7806629996593983,35.40659300006155,0.34440344403444034,271,0,0,35,0.9571428571428572,0
45.75525,3,0,0,0.0,36.432749000141484,0.8052870002757118,36.45400699997481,0.3431372549019608,272,0,0,36,0.9357638888888888,0
45.79136,3,0,0,0.0,36.08501600001546,0.7932869998512615,36.103125999943586,0.3418803418803419,273,0,0,36,0.9409722222222222,0
45.82739,3,0,0,0.0,36.00724199986871,0.773879999997007,36.02475099978619,0.34063260340632606,274,0,0,36,0.9461805555555556,0
45.86344,3,0,0,0.0,36.02692900039983,0.7782279999446473,36.04500699975688,0.33939393939393936,275,0,0,36,0.9513888888888888,0
45.89946,3,0,0,0.0,35.99875600002633,0.7754540001769783,36.01644199989096,0.3381642512077294,276,0,0,36,0.9565972222222222,0
45.93562,3,0,0,0.0,36.13562200007436,0.7748080001874769,36.15757699981259,0.3369434416365824,277,0,0,36,0.9618055555555556,0
45.97226,3,0,0,0.0,36.61094299968681,0.8145679998960986,36.63170999971044,0.33573141486810554,278,0,0,36,0.9670138888888888,0
46.0082,3,0,0,0.0,35.910048999994615,0.8085069998742256,35.93303699972239,0.3345280764635603,279,0,0,36,0.9722222222222222,0
46.04475,3,0,0,0.0,36.51890599985563,0.8043590000852419,36.54290999975274,0.33333333333333337,280,0,0,36,0.9774305555555556,0
46.08144,3,0,0,0.0,36.65844599981938,0.8409960000790306,36.67994300030841,0.33214709371293005,281,0,0,36,0.9826388888888888,0
46.11801,3,0,0,0.0,36.539243000333954,0.810124000054202,36.576248000073974,0.33096926713947994,282,0,0,27,0.9861111111111112,0
46.15446,2,0,0,0.0,36.40960099983204,0.7170849999056372,36.43052899997201,0.24734982332155475,283,0,0,27,0.9907407407407407,0
46.19122,2,0,0,0.0,36.73373099991295,0.7385530002466112,36.75861300007455,0.24647887323943662,284,0,0,28,0.9598214285714286,0
46.22758,2,0,0,0.0,36.326560999896174,0.71222199994736,36.3466110002264,0.24561403508771928,285,0,0,28,0.9642857142857143,0
46.26403,2,0,0,0.0,36.42166500003441,0.7238789999064466,36.449088000154006,0.2447552447552448,286,0,0,28,0.96875,0
46.29947,2,0,0,0.0,35.413693000009516,0.6980759999350994,35.43271399985315,0.24390243902439024,287,0,0,28,0.9732142857142857,0
46.33572,2,0,0,0.0,36.22348399994735,0.726501999906759,36.244550999981584,0.24305555555555558,288,0,0,29,0.9439655172413793,0
46.37229,2,0,0,0.0,36.542757999995956,0.719214999662654,36.562129000230925,0.24221453287197237,289,0,0,29,0.9482758620689655,0
46.44153,3,1,114,32.499157000074774,36.69923999996172,0.8231710003201442,69.23871700018935,0.3632183908045977,290,0,0,37,0.9408783783783784,0
46.51318,4,1,225,32.586206999894785,39.01338699961343,0.9600009998393944,71.63964100027442,0.32817869415807566,291,0,0,52,0.9447115384615384,0
46.55309,4,0,0,0.0,39.87787500000195,1.0374790003879752,39.899723999951675,0.327054794520548,292,0,0,52,0.9495192307692307,0
46.59035,4,0,0,0.0,37.23655100020551,0.9653400002207491,37.25547599970014,0.325938566552901,293,0,0,52,0.9543269230769231,0
46.62741,4,0,0,0.0,37.03681900014999,0.9596270001566154,37.0556170000782,0.3248299319727891,294,0,0,52,0.9591346153846154,0
46.66388,4,0,0,0.0,36.4438589999736,0.9573199999977078,36.464106000039465,0.32372881355932204,295,0,0,52,0.9639423076923077,0
46.70103,4,0,0,0.0,37.11253300025419,0.9870249996311031,37.14020799998252,0.3226351351351351,296,0,0,52,0.96875,0
46.73851,4,0,0,0.0,37.45330299989291,0.9764950000317185,37.47848700004397,0.3215488215488216,297,0,0,52,0.9735576923076923,0
46.77614,4,0,0,0.0,37.60475299986865,1.007513000331528,37.62637599993468,0.3204697986577181,298,0,0,52,0.9783653846153846,0
46.81364,4,0,0,0.0,37.4659359999896,0.9854509999058791,37.490187999992486,0.3193979933110368,299,0,0,52,0.9831730769230769,0
46.85131,4,0,0,0.0,37.63420399991446,1.0236970001642476,37.663064999833296,0.31833333333333336,300,0,0,53,0.9693396226415094,0
46.88913,4,0,0,0.0,37.781558000006044,1.0033329999714624,37.81762599965077,0.31727574750830567,301,0,0,53,0.9740566037735849,0
46.92662,4,0,0,0.0,37.45871000000989,0.9988150000026508,37.48156499977995,0.3162251655629139,302,0,0,53,0.9787735849056604,0
46.96341,4,0,0,0.0,36.7635220000011,1.018558999930974,36.78449300014108,0.31518151815181517,303,0,0,53,0.9834905660377359,0
47.00063,4,0,0,0.0,37.18798199997764,0.9857700001703051,37.211164999916946,0.3141447368421053,304,0,0,55,0.9522727272727273,0
47.03796,4,0,0,0.0,37.30834299994967,1.0415719998491113,37.33053900032246,0.31311475409836065,305,0,0,55,0.9568181818181818,0
47.07547,4,0,0,0.0,37.476331000107166,1.0308560003977618,37.49937399970804,0.31209150326797386,306,0,0,56,0.9441964285714286,0
47.1132,4,0,0,0.0,37.70667200024036,0.9974939998755872,37.72821200027465,0.31107491856677527,307,0,0,56,0.9486607142857143,0
47.15092,4,0,0,0.0,37.69343900012245,1.0009249999711756,37.7141090002624,0.31006493506493504,308,0,0,56,0.953125,0
47.18827,4,0,0,0.0,37.32360799995149,1.0275939998791728,37.34510699996463,0.3090614886731392,309,0,0,56,0.9575892857142857,0
47.22566,4,0,0,0.0,37.35866100032581,1.0085130002153164,37.381659999937256,0.3080645161290323,310,0,0,56,0.9620535714285714,0
47.2622,4,0,0,0.0,36.501676000170846,1.0403109999970184,36.52913699988858,0.30707395498392287,311,0,0,45,0.9638888888888889,0
47.29837,3,0,0,0.0,36.145125000075495,0.8466140002383327,36.16420299977108,0.2585470085470085,312,0,0,45,0.9680555555555556,0
47.33471,3,0,0,0.0,36.313306000010925,0.8589469998696586,36.332459000277595,0.2577209797657082,313,0,0,45,0.9722222222222222,0
47.37098,3,0,0,0.0,36.242410999875574,0.8775689998401504,36.26984699985769,0.2569002123142251,314,0,0,45,0.9763888888888889,0
47.40714,3,0,0,0.0,36.13220899978842,0.8710570000403095,36.157816000013554,0.25608465608465614,315,0,0,25,0.975,0
47.44313,2,0,0,0.0,35.9657869998955,0.6568389999301871,35.9852020001199,0.21999999999999997,250,0,0,25,0.98,0
47.47928,2,0,0,0.0,36.119234999659966,0.6684999998469721,36.138190000201575,0.21912350597609564,251,0,0,25,0.985,0
47.51861,2,0,0,0.0,39.30493400002888,0.678473000334634,39.32396799973503,0.21825396825396826,252,0,0,25,0.99,0
47.58916,3,1,106,34.12967599979311,36.37703899994449,0.8075969999481458,70.54733899985877,0.33860342555994727,253,0,0,32,0.986328125,0
47.62523,3,0,0,0.0,36.03353900007278,0.7613020002281701,36.05587400033983,0.3372703412073491,254,0,0,33,0.9621212121212122,0
47.66065,3,0,0,0.0,35.40221200000815,0.7660239998585894,35.423226000148134,0.3359477124183007,255,0,0,33,0.9678030303030303,0
47.697,3,0,0,0.0,36.31140300012703,0.8051299996623129,36.337416999685956,0.33463541666666663,256,0,0,34,0.9448529411764706,0
47.73338,3,0,0,0.0,36.357393999878695,0.7917289999568311,36.379838999891945,0.33333333333333337,257,0,0,34,0.9503676470588235,0
47.76988,3,0,0,0.0,36.46966500036797,0.7725199998276366,36.49056800031758,0.33204134366925064,258,0,0,34,0.9558823529411765,0
47.8062,3,0,0,0.0,36.29078199992364,0.8055329999479,36.31479799969384,0.3307593307593307,259,0,0,35,0.9339285714285714,0
47.84246,3,0,0,0.0,36.22970600008557,0.7783289997860265,36.25108699998236,0.32948717948717954,260,0,0,35,0.9392857142857143,0
47.87872,3,0,0,0.0,36.228912999831664,0.7742739999230253,36.24895799976002,0.3282247765006385,261,0,0,35,0.9446428571428571,0
47.91493,3,0,0,0.0,36.18959899995389,0.795327000105317,36.209678999966854,0.32697201017811706,262,0,0,35,0.95,0
47.95041,3,0,0,0.0,35.4448770003728,0.8096289998320572,35.475930999837146,0.3257287705956907,263,0,0,18,0.9409722222222222,0
47.98666,2,0,0,0.0,36.218391000147676,0.6777939997846261,36.241561000224465,0.12012987012987009,154,0,0,18,0.9479166666666666,0
48.02347,2,0,0,0.0,36.783766000098694,0.6920320001881919,36.806137000439776,0.11935483870967745,155,0,0,18,0.9548611111111112,0
48.05961,2,0,0,0.0,36.1091579998174,0.6847320000815671,36.1330010000529,0.11858974358974361,156,0,0,18,0.9618055555555556,0
48.09602,2,0,0,0.0,36.371529000007286,0.7833820000087144,36.395015999914904,0.11783439490445857,157,0,0,18,0.96875,0
48.13218,2,0,0,0.0,36.13524699994741,0.6809850001445739,36.15757700026734,0.11708860759493667,158,0,0,18,0.9756944444444444,0
48.16782,2,0,0,0.0,35.60548999985258,0.6475509999290807,35.6263769999714,0.11635220125786161,159,0,0,18,0.9826388888888888,0
48.2042,2,0,0,0.0,36.35379700017438,0.6997069999670202,36.380473999997776,0.11562499999999998,160,0,0,19,0.9375,0
48.2405,2,0,0,0.0,36.26010200014207,0.6633600000895967,36.28946699973312,0.1149068322981367,161,0,0,8,0.9765625,0
48.27306,1,0,0,0.0,32.53208500018445,0.6102050001572934,32.55174400010219,0.0,125,0,0,8,0.984375,0
48.305,1,0,0,0.0,31.914667999899393,0.5950330000814574,31.933302000197727,0.0,126,0,0,8,0.9921875,0
48.33708,1,0,0,0.0,32.05369099987365,0.5673890000252868,32.07070000007661,0.0,127,0,0,8,1.0,0
48.36907,1,0,0,0.0,31.96961999992709,0.5683089998456126,31.987810999908106,0.0,128,0,0,9,0.8958333333333334,0
48.40103,1,0,0,0.0,31.939197000156128,0.5699959997400583,31.954772000062803,0.0,129,0,0,9,0.9027777777777778,0
48.43291,1,0,0,0.0,31.855724999786617,0.5616510002255382,31.87124300029609,0.0,130,0,0,9,0.9097222222222222,0
48.46498,1,0,0,0.0,32.04200600021068,0.5723549998037925,32.06614600003377,0.0,131,0,0,9,0.9166666666666666,0
48.49705,1,0,0,0.0,32.04581199997847,0.5695740001101512,32.064183999864326,0.0,132,0,0,9,0.9236111111111112,0
48.53371,1,0,0,0.0,36.63772100026108,0.5879320001440647,36.65608900018924,0.0,133,0,0,9,0.9305555555555556,0
48.56601,1,0,0,0.0,32.28017399987948,0.5997709999974177,32.297628999913286,0.0,134,0,0,9,0.9375,0
48.59822,1,0,0,0.0,32.18633699998463,0.5896400002711744,32.20306000002893,0.0,135,0,0,9,0.9444444444444444,0
48.63024,1,0,0,0.0,31.997626000247692,0.5595699999503267,32.01382099996408,0.0,136,0,0,9,0.9513888888888888,0
48.66236,1,0,0,0.0,32.094965999931446,0.552213999981177,32.11118300032467,0.0,137,0,0,9,0.9583333333333334,0
48.69423,1,0,0,0.0,31.851604000166844,0.5501689997799986,31.867966999925557,0.0,138,0,0,9,0.9652777777777778,0
48.7266,1,0,0,0.0,32.349623999834876,0.552897000034136,32.36991099993247,0.0,139,0,0,9,0.9722222222222222,0
48.75912,1,0,0,0.0,32.48029700034749,0.6313270000646298,32.511120999970444,0.0,140,0,0,9,0.9791666666666666,0
48.79121,1,0,0,0.0,32.06817999989653,0.5669080001098337,32.085014000131196,0.0,141,0,0,9,0.9861111111111112,0
48.82321,1,0,0,0.0,31.97242299984282,0.557578999632824,31.988576000003377,0.0,142,0,0,9,0.9930555555555556,0
48.85525,1,0,0,0.0,32.02358799990179,0.5517449999388191,32.039784000062355,0.0,143,0,0,9,1.0,0
48.88734,1,0,0,0.0,32.067301999632036,0.5550549999497889,32.085179000205244,0.0,144,0,0,10,0.90625,0
48.91925,1,0,0,0.0,31.88188700005412,0.5449909999697411,31.897453000055975,0.0,145,0,0,10,0.9125,0
48.95114,1,0,0,0.0,31.870133000211354,0.5429600000752544,31.886330999896018,0.0,146,0,0,10,0.91875,0
48.98315,1,0,0,0.0,31.99305100042693,0.5568329997913679,32.00889400022788,0.0,147,0,0,10,0.925,0
49.01518,1,0,0,0.0,32.00353600004746,0.5549140000766783,32.0190359998378,0.0,148,0,0,10,0.93125,0
49.04722,1,0,0,0.0,32.01860699982717,0.5523519998860138,32.03589299982923,0.0,149,0,0,10,0.9375,0
49.07925,1,0,0,0.0,32.01637399979518,0.5693389998668863,32.03265599995575,0.0,150,0,0,10,0.94375,0
49.11135,1,0,0,0.0,32.075446999897395,0.5611830001726048,32.09399900015342,0.0,151,0,0,10,0.95,0
49.14348,1,0,0,0.0,32.10806100014452,0.5761639999946055,32.127375999607466,0.0,152,0,0,10,0.95625,0
49.17607,1,0,0,0.0,32.561881999754405,0.5848559999321878,32.5792490002641,0.0,153,0,0,10,0.9625,0
49.20862,1,0,0,0.0,32.52599699999337,0.5935660001341603,32.545471000048565,0.0,154,0,0,10,0.96875,0
49.24072,1,0,0,0.0,32.07955400011997,0.5889130002287857,32.095894000121916,0.0,155,0,0,10,0.975,0
49.27308,1,0,0,0.0,32.33643800012942,0.587647999964247,32.353472000067995,0.0,156,0,0,10,0.98125,0
49.30517,1,0,0,0.0,32.06247699972664,0.5814500000269618,32.07899800008818,0.0,157,0,0,10,0.9875,0
49.33714,1,0,0,0.0,31.953592999798275,0.5538509999496455,31.969436000053975,0.0,158,0,0,10,0.99375,0
49.36913,1,0,0,0.0,31.95041399976617,0.5543849997593497,31.97950399999172,0.0,159,0,0,10,1.0,0
49.401,1,0,0,0.0,31.853610000325716,0.5559040000662208,31.87227599983089,0.0,160,0,0,11,0.9147727272727273,0
49.43302,1,0,0,0.0,31.992197999898053,0.5680459998984588,32.008614000005764,0.0,161,0,0,11,0.9204545454545454,0
49.46496,1,0,0,0.0,31.92560500019681,0.5719870000575611,31.94193199988149,0.0,162,0,0,11,0.9261363636363636,0
49.49713,1,0,0,0.0,32.117001000187884,0.5802289997518528,32.149498000308085,0.0,163,0,0,11,0.9318181818181818,0
49.53425,1,0,0,0.0,37.10283500004152,0.5787850000160688,37.12206699992748,0.0,164,0,0,11,0.9375,0
49.56669,1,0,0,0.0,32.41597699980048,0.5917169996791927,32.43266900017261,0.0,165,0,0,11,0.9431818181818182,0
49.59892,1,0,0,0.0,32.192498999847885,0.5842659998052113,32.20965799982878,0.0,166,0,0,11,0.9488636363636364,0
49.63107,1,0,0,0.0,32.13296200010518,0.6035760002305324,32.149276999916765,0.0,167,0,0,11,0.9545454545454546,0
49.66317,1,0,0,0.0,32.07168799963256,0.5799679997835483,32.087481999951706,0.0,168,0,0,11,0.9602272727272727,0
49.6954,1,0,0,0.0,32.21247599958588,0.5672349998349091,32.22869899991565,0.0,169,0,0,11,0.9659090909090909,0
49.72755,1,0,0,0.0,32.124300000305084,0.5705639996449463,32.14481200029695,0.0,170,0,0,11,0.9715909090909091,0
49.75993,1,0,0,0.0,32.359729999825504,0.6102249999457854,32.378233000144974,0.0,171,0,0,11,0.9772727272727273,0
49.79205,1,0,0,0.0,32.09669899979417,0.6050500001038017,32.11240100017676,0.0,172,0,0,11,0.9829545454545454,0
49.82393,1,0,0,0.0,31.853392000357417,0.5785070002275461,31.870047000211343,0.0,173,0,0,11,0.9886363636363636,0
49.85583,1,0,0,0.0,31.875253000180237,0.5878189999748429,31.891010999970604,0.0,174,0,0,11,0.9943181818181818,0
49.88774,1,0,0,0.0,31.894451999960438,0.5846170001859718,31.910198999867134,0.0,175,0,0,11,1.0,0
49.91959,1,0,0,0.0,31.829144999846903,0.577168999825517,31.84695300024032,0.0,176,0,0,12,0.921875,0
49.95127,1,0,0,0.0,31.653006999931677,0.5730079997192661,31.667939000271872,0.0,177,0,0,12,0.9270833333333334,0
49.98316,1,0,0,0.0,31.87435599966193,0.5507470000338799,31.889250999938668,0.0,178,0,0,12,0.9322916666666666,0
50.01504,1,0,0,0.0,31.860592999692017,0.5543929996747465,31.876187000307254,0.0,179,0,0,12,0.9375,0
50.04705,1,0,0,0.0,31.986128999960783,0.5717819999517815,32.00166399983573,0.0,180,0,0,12,0.9427083333333334,0
50.07908,1,0,0,0.0,32.01463400000648,0.5787440004496602,32.029753000188066,0.0,181,0,0,12,0.9479166666666666,0
50.11102,1,0,0,0.0,31.916275000185124,0.5786750002698682,31.933317000039096,0.0,182,0,0,12,0.953125,0
50.14336,1,0,0,0.0,32.315595999989455,0.5816650000269874,32.335898999917845,0.0,183,0,0,12,0.9583333333333334,0
50.17609,1,0,0,0.0,32.704145000025164,0.6188509996718494,32.72231399978409,0.0,184,0,0,12,0.9635416666666666,0
50.20838,1,0,0,0.0,32.266456999877846,0.5913700001656252,32.28443600028186,0.0,185,0,0,12,0.96875,0
50.24037,1,0,0,0.0,31.97423899973728,0.5889159997423121,31.990498000141088,0.0,186,0,0,12,0.9739583333333334,0
50.2726,1,0,0,0.0,32.20280499999717,0.5673470000147063,32.22042299967143,0.0,187,0,0,12,0.9791666666666666,0
50.30487,1,0,0,0.0,32.242287999906694,0.6211340000845667,32.26085799997236,0.0,188,0,0,12,0.984375,0
50.3377,1,0,0,0.0,32.804011999814975,0.6057349996808625,32.821511999827635,0.0,189,0,0,12,0.9895833333333334,0
50.37008,1,0,0,0.0,32.3639089997414,0.598954999986745,32.380061999901955,0.0,190,0,0,12,0.9947916666666666,0
50.40224,1,0,0,0.0,32.141122999746585,0.6036230001882359,32.15731799991772,0.0,191,0,0,12,1.0,0
50.43438,1,0,0,0.0,32.11661799969079,0.5723239996768825,32.13782800003173,0.0,192,0,0,13,0.9278846153846154,0
50.46721,1,0,0,0.0,32.79787600013151,0.5916760001127841,32.81504899996435,0.0,193,0,0,13,0.9326923076923077,0
50.49931,1,0,0,0.0,32.08444599977156,0.5979450002087106,32.10214499995345,0.0,194,0,0,13,0.9375,0
50.53397,1,0,0,0.0,34.62972699981037,0.5852199997207208,34.647151000172016,0.0,195,0,0,13,0.9423076923076923,0
50.56629,1,0,0,0.0,32.3013710003579,0.615505000041594,32.31843499997922,0.0,196,0,0,13,0.9471153846153846,0
50.59846,1,0,0,0.0,32.149163000212866,0.6574610001734982,32.16541999972833,0.0,197,0,0,13,0.9519230769230769,0
50.63041,1,0,0,0.0,31.917290999899706,0.5697970000255737,31.932146000144712,0.0,198,0,0,13,0.9567307692307693,0
50.66251,1,0,0,0.0,32.084693999877345,0.5734390001634893,32.09999199998492,0.0,199,0,0,13,0.9615384615384616,0
50.69471,1,0,0,0.0,32.180602999687835,0.5552899997383065,32.19592899995405,0.0,200,0,0,13,0.9663461538461539,0
50.72697,1,0,0,0.0,32.23150799976793,0.576615999761998,32.24821999992855,0.0,201,0,0,13,0.9711538461538461,0
50.75941,1,0,0,0.0,32.42183199972715,0.6079370000406925,32.44253000002573,0.0,202,0,0,13,0.9759615384615384,0
50.79209,1,0,0,0.0,32.650253000156226,0.6125489999249112,32.66814800008433,0.0,203,0,0,13,0.9807692307692307,0
50.82448,1,0,0,0.0,32.3646000001645,0.6079570002839318,32.391687000199454,0.0,204,0,0,13,0.9855769230769231,0
50.85686,1,0,0,0.0,32.35268099979294,0.6176289998620632,32.36992400024974,0.0,205,0,0,13,0.9903846153846154,0
50.88899,1,0,0,0.0,32.1117769999546,0.6262100000640203,32.127910000326665,0.0,206,0,0,13,0.9951923076923077,0
50.92118,1,0,0,0.0,32.16032499994981,0.605699000061577,32.17668099978255,0.0,207,0,0,13,1.0,0
50.95333,1,0,0,0.0,32.129103999977815,0.5922240002291801,32.149480000043695,0.0,208,0,0,14,0.9330357142857143,0
50.98569,1,0,0,0.0,32.33471700013979,0.5943119999756163,32.350673000109964,0.0,209,0,0,14,0.9375,0
51.01804,1,0,0,0.0,32.330129999991186,0.6004459996802325,32.34613599988734,0.0,210,0,0,14,0.9419642857142857,0
51.05034,1,0,0,0.0,32.280128999900626,0.6095419998928264,32.296062000114034,0.0,211,0,0,14,0.9464285714285714,0
51.0825,1,0,0,0.0,32.137616999989405,0.5814279998048733,32.153247999758605,0.0,212,0,0,14,0.9508928571428571,0
51.11462,1,0,0,0.0,32.10384200019689,0.5696769999303797,32.1190130002833,0.0,213,0,0,14,0.9553571428571429,0
51.14684,1,0,0,0.0,32.196993000070506,0.5874530002074607,32.214700000167795,0.0,214,0,0,14,0.9598214285714286,0
51.17936,1,0,0,0.0,32.50071000002208,0.6222110000635439,32.51752400001351,0.0,215,0,0,14,0.9642857142857143,0
51.21157,1,0,0,0.0,32.18759599985788,0.5985889997646154,32.20515600014551,0.0,216,0,0,14,0.96875,0
51.24419,1,0,0,0.0,32.59525200019198,0.599835999764764,32.611905000067054,0.0,217,0,0,14,0.9732142857142857,0
51.27593,1,0,0,0.0,31.721337999897514,0.5766250001215667,31.73671500007913,0.0,218,0,0,14,0.9776785714285714,0
51.34372,2,1,244,32.120125999881566,35.62286599981235,0.6756409998160962,67.77913299993088,0.05122950819672134,244,0,0,16,0.95703125,0
51.37566,1,0,0,0.0,31.923812000059115,0.6023900000400317,31.940028999997594,0.0,245,0,0,16,0.9609375,0
51.40737,1,0,0,0.0,31.685017999734555,0.6100579998928879,31.70016800004305,0.0,246,0,0,16,0.96484375,0
51.43901,1,0,0,0.0,31.620522000139317,0.5697800002053555,31.635917000130576,0.0,247,0,0,16,0.96875,0
51.47078,1,0,0,0.0,31.75204000035592,0.5980030000500847,31.767545000093378,0.0,248,0,0,16,0.97265625,0
51.50276,1,0,0,0.0,31.93196199981685,0.614992999999231,31.97594500034029,0.0,249,0,0,16,0.9765625,0
51.53688,1,0,0,0.0,34.09117499995773,0.675036000302498,34.10736000023462,0.0,250,0,0,16,0.98046875,0
51.56974,1,0,0,0.0,32.83923400022104,0.6319750000329805,32.85634699977891,0.0,251,0,0,16,0.984375,0
51.60188,1,0,0,0.0,32.12180899981831,0.6524529999296647,32.13896399984151,0.0,252,0,0,16,0.98828125,0
51.63381,1,0,0,0.0,31.90142499988724,0.6205969998518412,31.917517999772826,0.0,253,0,0,16,0.9921875,0
51.66555,1,0,0,0.0,31.723909999982425,0.6148470001789974,31.739382000068872,0.0,254,0,0,16,0.99609375,0
51.69727,1,0,0,0.0,31.69797999998991,0.6012659996486036,31.71345000009751,0.0,255,0,0,16,1.0,0
51.72904,1,0,0,0.0,31.74457600016467,0.5823749997944105,31.764186000145855,0.0,256,0,0,17,0.9448529411764706,0
51.76113,1,0,0,0.0,32.04809099997874,0.6112770001891477,32.08647600013137,0.0,257,0,0,17,0.9485294117647058,0
51.79317,1,0,0,0.0,32.01772300008088,0.6112790001679969,32.03537800027334,0.0,258,0,0,17,0.9522058823529411,0
51.82517,1,0,0,0.0,31.97387400041407,0.6265709998842794,31.991717999972025,0.0,259,0,0,17,0.9558823529411765,0
51.85695,1,0,0,0.0,31.75817500004996,0.6093830002100731,31.789218000085384,0.0,260,0,0,17,0.9595588235294118,0
51.88869,1,0,0,0.0,31.697731999884127,0.6260019999899669,31.714001999716857,0.0,261,0,0,17,0.9632352941176471,0
51.92047,1,0,0,0.0,31.758358999923075,0.6030989998180303,31.775744000242412,0.0,262,0,0,17,0.9669117647058824,0
51.95214,1,0,0,0.0,31.627786999706586,0.5972349999865401,31.66539899984855,0.0,263,0,0,17,0.9705882352941176,0
51.98389,1,0,0,0.0,31.731691000004503,0.5919000000176311,31.7473830000381,0.0,264,0,0,17,0.9742647058823529,0
52.01553,1,0,0,0.0,31.620946999737498,0.6174719997034117,31.6362459998345,0.0,265,0,0,17,0.9779411764705882,0
52.04726,1,0,0,0.0,31.70597300004374,0.6184439998833113,31.72240999992937,0.0,266,0,0,17,0.9816176470588235,0
52.07953,1,0,0,0.0,32.25426500011963,0.5902170000808837,32.270657000026404,0.0,267,0,0,17,0.9852941176470589,0
52.14808,2,1,169,32.39410600008341,36.10814100011339,0.6816169998273836,68.53829599958772,0.18470149253731338,268,0,0,28,0.9799107142857143,0
52.18372,2,0,0,0.0,35.61361599986412,0.6906879998496152,35.632117000204744,0.18401486988847582,269,0,0,28,0.984375,0
52.21923,2,0,0,0.0,35.48640899998645,0.7126530003915832,35.50538699983008,0.18333333333333335,270,0,0,28,0.9888392857142857,0
52.25376,2,0,0,0.0,34.508872000060364,0.6729480001013144,34.52699799981929,0.18265682656826565,271,0,0,28,0.9933035714285714,0
52.28931,2,0,0,0.0,35.51826100010658,0.6986059997871052,35.53754100039441,0.18198529411764708,272,0,0,29,0.9633620689655172,0
52.32459,2,0,0,0.0,35.25747000003321,0.6789799999751267,35.275463000289164,0.18131868131868134,273,0,0,29,0.9676724137931034,0
52.35982,2,0,0,0.0,35.210879999795,0.6860650000817259,35.22771699999794,0.18065693430656937,274,0,0,29,0.9719827586206896,0
52.39514,2,0,0,0.0,35.30089700007011,0.6874400000924652,35.318996000114566,0.18000000000000005,275,0,0,30,0.94375,0
52.43166,2,0,0,0.0,36.496870999599196,0.6619590003538178,36.51455899989742,0.17934782608695654,276,0,0,30,0.9479166666666666,0
52.46797,2,0,0,0.0,36.27437000022837,0.7054249999782769,36.30436399998871,0.1787003610108303,277,0,0,30,0.9520833333333333,0
52.50465,2,0,0,0.0,36.652285999934975,0.6942149998394598,36.66997900018032,0.17805755395683454,278,0,0,30,0.95625,0
52.54267,2,0,0,0.0,38.00162800007456,0.7773309998810873,38.01957199993922,0.17741935483870963,279,0,0,30,0.9604166666666667,0
52.57924,2,0,0,0.0,36.549834000197734,0.70667299996785,36.56858200019997,0.17678571428571432,280,0,0,30,0.9645833333333333,0
52.61594,2,0,0,0.0,36.670494000190956,0.7006809996710217,36.68912700004512,0.17615658362989328,281,0,0,30,0.96875,0
52.65187,2,0,0,0.0,35.90429199994105,0.7055279997985053,35.92222399993261,0.17553191489361697,282,0,0,30,0.9729166666666667,0
52.72202,3,1,67,31.625173000065843,38.4843799997725,0.78300900031536,70.15107600000192,0.3710247349823321,283,0,0,35,0.9589285714285715,0
52.76003,3,0,0,0.0,37.97898999982863,0.8560040000702429,38.00589300044521,0.3697183098591549,284,0,0,35,0.9642857142857143,0
52.79692,3,0,0,0.0,36.85706099986419,0.8366070001102344,36.87991700007842,0.368421052631579,285,0,0,35,0.9696428571428571,0
52.83376,3,0,0,0.0,36.80686000006972,0.8382700002584897,36.82995799999844,0.3671328671328671,286,0,0,35,0.975,0
52.86966,3,0,0,0.0,35.86537799992584,0.8400579999943147,35.88812099997085,0.36585365853658536,287,0,0,35,0.9803571428571428,0
52.90763,3,0,0,0.0,37.947152000015194,0.8269820000350592,37.97003099998619,0.36458333333333337,288,0,0,36,0.9583333333333334,0
52.94401,3,0,0,0.0,36.35036800005764,0.8115440000437957,36.37012599983791,0.3633217993079585,289,0,0,36,0.9635416666666666,0
52.98025,3,0,0,0.0,36.21745700002066,0.8157459997164551,36.23588699974789,0.3620689655172413,290,0,0,36,0.96875,0
53.01649,3,0,0,0.0,36.21122000004107,0.7937000000310945,36.233302999789885,0.3608247422680413,291,0,0,37,0.9476351351351351,0
53.05275,3,0,0,0.0,36.23506999974779,0.7926799999040668,36.25340100006724,0.3595890410958904,292,0,0,37,0.9527027027027027,0
53.08958,3,0,0,0.0,36.80104700015363,0.8262370001830277,36.819560000367346,0.3583617747440273,293,0,0,37,0.9577702702702703,0
53.12627,3,0,0,0.0,36.6721380000854,0.7939830002214876,36.69045900005585,0.3571428571428571,294,0,0,37,0.9628378378378378,0
53.16185,3,0,0,0.0,35.550577999856614,0.803959000222676,35.571027000059985,0.35593220338983056,295,0,0,37,0.9679054054054054,0
53.19822,3,0,0,0.0,36.337455000193586,0.8332980000886892,36.360120000153984,0.3547297297297297,296,0,0,38,0.9473684210526315,0
53.23473,3,0,0,0.0,36.4886329998626,0.8073349999904167,36.51100800016138,0.3535353535353535,297,0,0,38,0.9523026315789473,0
53.30469,4,1,189,32.64206499989086,37.271081999733724,0.9479520003878861,69.95036199987226,0.3557046979865772,298,0,0,50,0.965,0
53.34179,4,0,0,0.0,37.074388999826624,0.982769000074768,37.094796000019414,0.35451505016722407,299,0,0,50,0.97,0
53.379,4,0,0,0.0,37.184394000178145,0.9897800000544521,37.20357000020158,0.3533333333333334,300,0,0,50,0.975,0
53.41685,4,0,0,0.0,37.815550999766856,0.978564999968512,37.8392940001504,0.3521594684385382,301,0,0,51,0.9607843137254902,0
53.45487,4,0,0,0.0,38.001087000338885,1.493557000230794,38.02013699987583,0.3509933774834437,302,0,0,51,0.9656862745098039,0
53.49166,4,0,0,0.0,36.756982000042626,0.9956150001926289,36.776536000161286,0.34983498349834985,303,0,0,51,0.9705882352941176,0
53.53273,4,0,0,0.0,41.047783000067284,0.9937600002558611,41.072135000376875,0.3486842105263158,304,0,0,52,0.9567307692307693,0
53.5707,4,0,0,0.0,37.93259499980195,1.0157639999306411,37.95654399982595,0.3475409836065574,305,0,0,52,0.9615384615384616,0
53.60872,4,0,0,0.0,37.995075000253564,1.028353000037896,38.01951499963252,0.3464052287581699,306,0,0,52,0.9663461538461539,0
53.6467,4,0,0,0.0,37.945648999993864,1.0296690002178366,37.97248899991246,0.3452768729641694,307,0,0,53,0.9528301886792453,0
53.68437,4,0,0,0.0,37.64008400003149,1.0219920000054117,37.66091200031951,0.3441558441558441,308,0,0,53,0.9575471698113207,0
53.72188,4,0,0,0.0,37.476737999895704,0.9900929999275832,37.49878999997236,0.34304207119741104,309,0,0,53,0.9622641509433962,0
53.75927,4,0,0,0.0,37.364639999850624,1.031994000186387,37.385883000297326,0.3419354838709677,310,0,0,53,0.9669811320754716,0
53.79581,4,0,0,0.0,36.51334300002418,0.9949499999493128,36.53507199987871,0.34083601286173637,311,0,0,53,0.9716981132075472,0
53.8331,4,0,0,0.0,37.26475300027232,1.0168659996452334,37.30527399966377,0.33974358974358976,312,0,0,54,0.9583333333333334,0
53.87053,4,0,0,0.0,37.3756119997779,0.9988769998017233,37.40602800007764,0.3386581469648562,313,0,0,34,0.9522058823529411,0
53.90635,3,0,0,0.0,35.795122000308766,0.7505769999625045,35.814352999750554,0.1968992248062016,215,0,0,34,0.9577205882352942,0
53.94257,3,0,0,0.0,36.19335399980628,0.7422620001307223,36.21270499979801,0.19598765432098764,216,0,0,34,0.9632352941176471,0
53.97869,3,0,0,0.0,36.09206999999515,0.7307200003197067,36.10973900003955,0.19508448540706602,217,0,0,34,0.96875,0
54.01474,3,0,0,0.0,36.02897299970209,0.7375790000878624,36.04939800015927,0.1941896024464832,218,0,0,35,0.9464285714285714,0
54.05103,3,0,0,0.0,36.265413999899465,0.7582009998259309,36.28487200012387,0.19330289193302896,219,0,0,35,0.9517857142857142,0
54.08759,3,0,0,0.0,36.52694499987774,0.7515070001318236,36.54665900012333,0.1924242424242424,220,0,0,35,0.9571428571428572,0
54.12429,3,0,0,0.0,36.67445199971553,0.7551380003860686,36.69401800016203,0.19155354449472095,221,0,0,35,0.9625,0
54.16129,3,0,0,0.0,36.976761000005354,0.7480179997401137,37.00024399995527,0.19069069069069067,222,0,0,35,0.9678571428571429,0
54.19778,3,0,0,0.0,36.45774500000698,0.8005250001588138,36.478557999998884,0.18983557548579966,223,0,0,35,0.9732142857142857,0
54.23499,3,0,0,0.0,37.18676000016785,0.7896500001152162,37.21208100023432,0.18898809523809523,224,0,0,36,0.9513888888888888,0
54.27197,3,0,0,0.0,36.949458999970375,0.7983390000845247,36.971782999899006,0.18814814814814818,225,0,0,36,0.9565972222222222,0
54.30873,3,0,0,0.0,36.72870799982775,0.7898730000306387,36.74793300024248,0.18731563421828912,226,0,0,36,0.9618055555555556,0
54.34632,3,0,0,0.0,37.562302999958774,0.7858659996600181,37.58179100032066,0.18649045521292218,227,0,0,36,0.9670138888888888,0
54.38309,3,0,0,0.0,36.7481170001156,0.7497700003114005,36.766117999832204,0.185672514619883,228,0,0,36,0.9722222222222222,0
54.41952,3,0,0,0.0,36.40052500031743,0.7644930001333705,36.42193900031998,0.18486171761280934,229,0,0,37,0.9510135135135135,0
54.48949,4,1,194,32.717752999815275,37.212076999821875,0.8659730001454591,69.96520199982115,0.1771739130434783,230,0,0,50,0.95125,0
54.52878,4,0,0,0.0,39.26963899994007,0.8659439999973984,39.29390599978433,0.17640692640692646,231,0,0,50,0.95625,0
54.56723,4,0,0,0.0,38.41060400009155,0.9347860000161745,38.43843499998911,0.1756465517241379,232,0,0,50,0.96125,0
54.60522,4,0,0,0.0,37.96236200014391,0.9178280001833627,37.98691300016799,0.17489270386266098,233,0,0,50,0.96625,0
54.6429,4,0,0,0.0,37.6396889996613,0.9240089998456824,37.66704600002413,0.1741452991452992,234,0,0,51,0.9522058823529411,0
54.68063,4,0,0,0.0,37.700271000176144,0.9363399999529065,37.72238700003072,0.17340425531914894,235,0,0,51,0.9571078431372549,0
54.71846,4,0,0,0.0,37.79049300010229,0.9247279999726743,37.81638500004192,0.17266949152542377,236,0,0,51,0.9620098039215687,0
54.756,4,0,0,0.0,37.50170300008904,0.9233700002369005,37.52428699999655,0.17194092827004215,237,0,0,51,0.9669117647058824,0
54.79359,4,0,0,0.0,37.560086999747,0.9479300001657975,37.588387000141665,0.17121848739495793,238,0,0,36,0.9618055555555556,0
54.83002,3,0,0,0.0,36.396276999767,0.7756239997434022,36.41856200010807,0.19359534206695783,229,0,0,36,0.9670138888888888,0
54.86677,3,0,0,0.0,36.72405899988007,0.7876059999034624,36.748654999883,0.19275362318840583,230,0,0,36,0.9722222222222222,0
54.90315,3,0,0,0.0,36.34303699982411,0.8302450000883255,36.36877700000696,0.19191919191919193,231,0,0,36,0.9774305555555556,0
54.93984,3,0,0,0.0,36.66497799986246,0.8154759998433292,36.690034000002925,0.1910919540229885,232,0,0,36,0.9826388888888888,0
55.011,4,1,214,33.24698999995235,37.85052800003541,0.9032050002133474,71.14424699966548,0.16309012875536477,233,0,0,50,0.98,0
55.04876,4,0,0,0.0,37.72529299976668,0.9434290000172041,37.752145000013115,0.16239316239316237,234,0,0,51,0.9656862745098039,0
55.0865,4,0,0,0.0,37.70542400025079,0.9517199996480485,37.730910000391304,0.16170212765957448,235,0,0,52,0.9519230769230769,0
55.12418,4,0,0,0.0,37.65636900016034,0.9236339997187315,37.678478000088944,0.1610169491525424,236,0,0,52,0.9567307692307693,0
55.16204,4,0,0,0.0,37.828355000328884,0.9149339998657524,37.85191199995097,0.16033755274261607,237,0,0,52,0.9615384615384616,0
55.19982,4,0,0,0.0,37.749384000107966,0.9432209999431507,37.770630000068195,0.15966386554621848,238,0,0,52,0.9663461538461539,0
55.26942,5,1,106,32.88939300000493,36.669394000000466,1.060047000009945,69.59950000009485,0.2384937238493724,239,0,0,59,0.9692796610169492,0
55.30664,5,0,0,0.0,37.18840100009402,1.041441000324994,37.21168099991701,0.23750000000000004,240,0,0,60,0.9583333333333334,0
55.34416,5,0,0,0.0,37.48824600006628,1.0489320002307068,37.509840999973676,0.2365145228215768,241,0,0,60,0.9635416666666666,0
55.38222,5,0,0,0.0,38.037716999951954,1.0427309998704004,38.057735999700526,0.23553719008264462,242,0,0,60,0.96875,0
55.41995,5,0,0,0.0,37.704156000017974,1.03386099999625,37.72561299956578,0.23456790123456794,243,0,0,61,0.9579918032786885,0
55.45713,5,0,0,0.0,37.128291000044555,1.048855000135518,37.17257200014501,0.23360655737704916,244,0,0,61,0.9631147540983607,0
55.49455,5,0,0,0.0,37.3848510002972,1.0560989999248704,37.40832199991928,0.2326530612244898,245,0,0,62,0.9526209677419355,0
55.53433,5,0,0,0.0,39.74972900005014,1.0779889998957515,39.772333999735565,0.23170731707317072,246,0,0,62,0.9576612903225806,0
55.57074,5,0,0,0.0,36.385140999755095,1.0598700000628014,36.408742999810784,0.23076923076923073,247,0,0,62,0.9627016129032258,0
55.6082,5,0,0,0.0,37.433547000091494,1.0733179997259867,37.456271999872115,0.22983870967741937,248,0,0,62,0.967741935483871,0
55.64545,5,0,0,0.0,37.20747800025492,1.0625279996929748,37.23371399973985,0.22891566265060237,249,0,0,53,0.9693396226415094,0
55.68301,4,0,0,0.0,37.54107099985049,0.9123499999077467,37.56299599990598,0.17800000000000005,250,0,0,54,0.9560185185185185,0
55.72054,4,0,0,0.0,37.49644100025762,0.9545490001983126,37.520085999858566,0.1772908366533864,251,0,0,54,0.9606481481481481,0
55.75824,4,0,0,0.0,37.67457899994042,0.9419240000170248,37.69851100014421,0.17658730158730163,252,0,0,54,0.9652777777777778,0
55.79563,4,0,0,0.0,37.361712999882,0.9423870001228352,37.3835670002336,0.1758893280632411,253,0,0,54,0.9699074074074074,0
55.83304,4,0,0,0.0,37.37383399993632,0.9618549997867376,37.395994999769755,0.1751968503937008,254,0,0,54,0.9745370370370371,0
55.86955,4,0,0,0.0,36.48843999962992,0.9583339997334406,36.51058200011903,0.17450980392156867,255,0,0,54,0.9791666666666666,0
55.90699,4,0,0,0.0,37.39288099995974,0.9486549997745897,37.42875299985826,0.173828125,256,0,0,55,0.9659090909090909,0
55.94424,4,0,0,0.0,37.22213799983365,0.9592709998287319,37.24583800021719,0.1731517509727627,257,0,0,55,0.9704545454545455,0
55.9812,4,0,0,0.0,36.93456800010608,0.9321390002696717,36.955053999918164,0.17248062015503873,258,0,0,55,0.975,0
56.01828,4,0,0,0.0,37.04437800024607,0.9355199999845354,37.066115000016,0.1718146718146718,259,0,0,56,0.9620535714285714,0
56.05519,4,0,0,0.0,36.887449999994715,0.9386950000589422,36.90715699985958,0.1711538461538461,260,0,0,56,0.9665178571428571,0
56.09216,4,0,0,0.0,36.94547400027659,0.9417420001227583,36.967489999824465,0.17049808429118773,261,0,0,57,0.9539473684210527,0
56.12902,4,0,0,0.0,36.831400000210124,0.9389880001435813,36.85312500010696,0.16984732824427484,262,0,0,57,0.9583333333333334,0
56.16534,4,0,0,0.0,36.29614500005118,0.959847000103764,36.31664200020168,0.16920152091254748,263,0,0,57,0.9627192982456141,0
56.20239,4,0,0,0.0,37.0161430000735,0.9518249999018735,37.03569800018158,0.16856060606060608,264,0,0,57,0.9671052631578947,0
56.23922,4,0,0,0.0,36.81119199973182,0.9414060000381141,36.83175600008326,0.16792452830188676,265,0,0,57,0.9714912280701754,0
56.30866,5,1,190,32.304747000125644,37.082700000155455,1.1257099999966158,69.42805099970428,0.19097744360902258,266,0,0,70,0.9651785714285714,0
56.34563,5,0,0,0.0,36.94725500008644,1.13185500003965,36.96799999988798,0.19026217228464415,267,0,0,70,0.9696428571428571,0
56.38258,5,0,0,0.0,36.92439099995681,1.1340480000399111,36.94750299973748,0.18955223880597016,268,0,0,71,0.960387323943662,0
56.41965,5,0,0,0.0,37.04375699999218,1.12916399984897,37.062628000057884,0.1888475836431227,269,0,0,71,0.9647887323943662,0
56.45644,5,0,0,0.0,36.75320499996815,1.130288000240398,36.778594000224984,0.18814814814814818,270,0,0,54,0.9606481481481481,0
56.49336,4,0,0,0.0,36.896824999985256,0.9012020000227494,36.91465999963839,0.17658730158730163,252,0,0,54,0.9652777777777778,0
56.5323,4,0,0,0.0,38.92142499989859,0.9086690001822717,38.93980000020747,0.1758893280632411,253,0,0,54,0.9699074074074074,0
56.56907,4,0,0,0.0,36.743431000104465,0.9140940001088893,36.76287300004333,0.1751968503937008,254,0,0,54,0.9745370370370371,0
56.60516,4,0,0,0.0,36.06754299971726,0.9334910000688978,36.08579899992037,0.17450980392156867,255,0,0,54,0.9791666666666666,0
56.64185,4,0,0,0.0,36.66214900022169,0.9162440001091454,36.68220600002314,0.173828125,256,0,0,55,0.9659090909090909,0
56.67842,4,0,0,0.0,36.54402599977402,0.9431610001229274,36.56123099972319,0.1731517509727627,257,0,0,55,0.9704545454545455,0
56.7152,4,0,0,0.0,36.75255999996807,0.9133860003203154,36.774877999960154,0.17248062015503873,258,0,0,56,0.9575892857142857,0
56.75199,4,0,0,0.0,36.77159400012897,0.9365310002067417,36.79224000006798,0.1718146718146718,259,0,0,56,0.9620535714285714,0
56.78899,4,0,0,0.0,36.95991099993989,0.9593869999662274,36.98947299972133,0.1711538461538461,260,0,0,56,0.9665178571428571,0
56.82585,4,0,0,0.0,36.839999000221724,0.9670409999671392,36.859148999610625,0.17049808429118773,261,0,0,56,0.9709821428571429,0
56.86259,4,0,0,0.0,36.70525600000474,0.9623889995964419,36.729673000081675,0.16984732824427484,262,0,0,40,0.965625,0
56.89779,3,0,0,0.0,35.177482000108284,0.8006220000424946,35.19452499995168,0.21673003802281365,263,0,0,40,0.9703125,0
56.93363,3,0,0,0.0,35.814396999739984,0.8092429998214357,35.83262199981618,0.21590909090909094,264,0,0,40,0.975,0
56.96955,3,0,0,0.0,35.89441500025714,0.8056000001488428,35.915466000005836,0.21509433962264146,265,0,0,41,0.9557926829268293,0
57.00606,3,0,0,0.0,36.494791000222904,0.7992939999894588,36.51267300028849,0.2142857142857143,266,0,0,41,0.9603658536585366,0
57.04204,3,0,0,0.0,35.94911399977718,0.8210610003516194,35.9658910001599,0.2134831460674157,267,0,0,41,0.9649390243902439,0
57.07795,3,0,0,0.0,35.89627399969686,0.8057380000536796,35.913516000164236,0.2126865671641791,268,0,0,41,0.9695121951219512,0
57.1139,3,0,0,0.0,35.92950599977485,0.8182629999282653,35.94577099966045,0.21189591078066916,269,0,0,41,0.9740853658536586,0
57.1498,3,0,0,0.0,35.8715749998737,0.8246900001722679,35.888505000002624,0.21111111111111114,270,0,0,41,0.9786585365853658,0
57.18509,3,0,0,0.0,35.26952099991831,0.8325580001837807,35.286767999878066,0.21033210332103325,271,0,0,41,0.9832317073170732,0
57.22105,3,0,0,0.0,35.93867199970191,0.7993089998308278,35.958322000169574,0.2095588235294118,272,0,0,42,0.9642857142857143,0
57.2569,3,0,0,0.0,35.82801699985794,0.820226000087132,35.84462600019833,0.20879120879120883,273,0,0,42,0.96875,0
57.29313,3,0,0,0.0,36.187546999826736,0.8353800003533252,36.222351000105846,0.208029197080292,274,0,0,43,0.9505813953488372,0
57.32968,3,0,0,0.0,36.527119999846036,0.8235020000029181,36.54714699996475,0.20727272727272728,275,0,0,43,0.9549418604651163,0
57.36631,3,0,0,0.0,36.60743799991906,0.8411520002482575,36.62601799987897,0.2065217391304348,276,0,0,43,0.9593023255813954,0
57.40289,3,0,0,0.0,36.55743599983907,0.8282879998660064,36.574971999925765,0.2057761732851986,277,0,0,43,0.9636627906976745,0
57.43938,3,0,0,0.0,36.46401700007118,0.8390610000788001,36.48153399990406,0.20503597122302153,278,0,0,43,0.9680232558139535,0
57.47517,3,0,0,0.0,35.75673400018786,0.8167230002982251,35.781648000011046,0.20430107526881724,279,0,0,25,0.9725,0
57.51159,2,0,0,0.0,36.40410299976793,0.6550359998982458,36.4203849999285,0.12780269058295968,223,0,0,25,0.9775,0
57.54883,2,0,0,0.0,37.21703599967441,0.7591059998048877,37.236559000120906,0.1272321428571429,224,0,0,26,0.9447115384615384,0
57.58478,2,0,0,0.0,35.92232499977399,0.6758250001439592,35.938980000082665,0.1266666666666667,225,0,0,26,0.9495192307692307,0
57.6209,2,0,0,0.0,36.098825999943074,0.6862559998808138,36.11578499976531,0.12610619469026552,226,0,0,26,0.9543269230769231,0
57.65675,2,0,0,0.0,35.83156400009102,0.67768500002785,35.84795799997664,0.12555066079295152,227,0,0,26,0.9591346153846154,0
57.6926,2,0,0,0.0,35.82780199985791,0.7011720003902155,35.843677000229945,0.125,228,0,0,26,0.9639423076923077,0
57.76142,3,1,135,32.470267999997304,36.30751699984103,0.7641490001333295,68.81534500007547,0.2197962154294032,229,0,0,35,0.9625,0
57.79756,3,0,0,0.0,36.120432000188885,0.7521319998886611,36.13900299978923,0.21884057971014492,230,0,0,35,0.9678571428571429,0
57.83266,3,0,0,0.0,35.0763710002866,0.7547159998466668,35.09428799998204,0.21789321789321792,231,0,0,35,0.9732142857142857,0
57.86861,3,0,0,0.0,35.92000199978429,0.7524849997935235,35.93848500031527,0.21695402298850575,232,0,0,35,0.9785714285714285,0
57.90461,3,0,0,0.0,35.97842299996046,0.7632350002495514,35.99804099985704,0.2160228898426323,233,0,0,36,0.9565972222222222,0
57.94054,3,0,0,0.0,35.910920000333135,0.7524600000579085,35.9281980004198,0.21509971509971515,234,0,0,36,0.9618055555555556,0
57.9765,3,0,0,0.0,35.92953800034593,0.7468389999303326,35.94743599978756,0.21418439716312054,235,0,0,36,0.9670138888888888,0
58.01252,3,0,0,0.0,36.001917000248795,0.7632589999957418,36.01879600000757,0.21327683615819204,236,0,0,36,0.9722222222222222,0
58.04841,3,0,0,0.0,35.867510000116454,0.7487490001949482,35.883993999959785,0.21237693389592127,237,0,0,36,0.9774305555555556,0
58.08439,3,0,0,0.0,35.9532349998517,0.7450460002473847,35.97421799986478,0.21148459383753504,238,0,0,37,0.956081081081081,0
58.11964,3,0,0,0.0,35.22599699999773,0.7605030000377155,35.24446600022202,0.21059972105997216,239,0,0,37,0.9611486486486487,0
58.15517,3,0,0,0.0,35.500935000072786,0.7649469998796121,35.52211800024452,0.20972222222222225,240,0,0,38,0.9407894736842105,0
58.19083,3,0,0,0.0,35.642244000428036,0.7613349998791819,35.65887200011275,0.2088520055325035,241,0,0,38,0.9457236842105263,0
58.22619,3,0,0,0.0,35.33369100023265,0.7822160000614531,35.3509930000655,0.2079889807162535,242,0,0,38,0.9506578947368421,0
58.2616,3,0,0,0.0,35.39175500009151,0.7609130002492748,35.40981299966006,0.20713305898491086,243,0,0,38,0.9555921052631579,0
58.29765,3,0,0,0.0,36.02295300015612,0.7784550002725155,36.045378999915556,0.20628415300546443,244,0,0,38,0.9605263157894737,0
58.33404,3,0,0,0.0,36.3559229999737,0.831850999929884,36.38009199994485,0.20544217687074828,245,0,0,38,0.9654605263157895,0
58.37056,3,0,0,0.0,36.48861300007411,0.8272519999081851,36.51374599985502,0.20460704607046065,246,0,0,38,0.9703947368421053,0
58.40618,3,0,0,0.0,35.592202999851,0.8199300000342191,35.615158999917185,0.20377867746288802,247,0,0,38,0.975328947368421,0
58.44251,3,0,0,0.0,36.29312800012485,0.8026880000215897,36.31931500012797,0.20295698924731187,248,0,0,38,0.9802631578947368,0
58.47877,3,0,0,0.0,36.221886000021186,0.8230089997596224,36.25072100021498,0.20214190093708162,249,0,0,39,0.9599358974358975,0
58.55079,4,1,115,33.57699900016087,38.39246399957119,0.966520999554632,72.01308799994877,0.28600000000000003,250,0,0,47,0.9547872340425532,0
58.58894,4,0,0,0.0,38.12161299993022,0.948028000038903,38.14594899995427,0.28486055776892427,251,0,0,47,0.9601063829787234,0
58.62667,4,0,0,0.0,37.686763999772666,0.9270049999940966,37.71786300012536,0.2837301587301587,252,0,0,47,0.9654255319148937,0
58.66401,4,0,0,0.0,37.3160789999929,0.9458119998271286,37.338632000228245,0.28260869565217395,253,0,0,47,0.9707446808510638,0
58.70126,4,0,0,0.0,37.216457999875274,0.9273800001210475,37.239255999793386,0.28149606299212604,254,0,0,48,0.9557291666666666,0
58.73786,4,0,0,0.0,36.574063999978534,0.9010720000333095,36.59865400004492,0.2803921568627451,255,0,0,48,0.9609375,0
58.77544,4,0,0,0.0,37.54788100013684,0.9623100004318985,37.575853999896935,0.279296875,256,0,0,49,0.9464285714285714,0
58.81261,4,0,0,0.0,37.138137000056304,0.9141239997916273,37.16072599991094,0.2782101167315175,257,0,0,49,0.951530612244898,0
58.84951,4,0,0,0.0,36.86494600015067,0.9350919999633334,36.886452000089776,0.2771317829457365,258,0,0,49,0.9566326530612245,0
58.88635,4,0,0,0.0,36.816647999785346,0.9151740000561404,36.83661100012614,0.27606177606177607,259,0,0,49,0.9617346938775511,0
58.92344,4,0,0,0.0,37.06904699993174,0.9116940000239993,37.08989000006113,0.275,260,0,0,49,0.9668367346938775,0
58.96022,4,0,0,0.0,36.74955599990426,0.9089489999496436,36.76904700023442,0.2739463601532567,261,0,0,49,0.9719387755102041,0
58.99737,4,0,0,0.0,37.11903800012806,0.9107610003411537,37.142783000035706,0.27290076335877866,262,0,0,49,0.9770408163265306,0
59.03406,4,0,0,0.0,36.663748000137275,0.9425670000382524,36.69470100021499,0.2718631178707225,263,0,0,50,0.9625,0
59.0715,4,0,0,0.0,37.404528000024584,0.9678429996711202,37.43084200004887,0.27083333333333337,264,0,0,50,0.9675,0
59.10935,4,0,0,0.0,37.80821000009382,0.9561560000292957,37.83813000018199,0.26981132075471703,265,0,0,51,0.9534313725490197,0
59.14738,4,0,0,0.0,37.99752999975681,0.9587939998709771,38.02824400008831,0.26879699248120303,266,0,0,51,0.9583333333333334,0
59.18505,4,0,0,0.0,37.62810999978683,0.965061999977479,37.665439000193146,0.26779026217228463,267,0,0,34,0.9522058823529411,0
59.22208,3,0,0,0.0,36.986481999974785,0.80052200019054,37.01050000017858,0.1816745655608215,211,0,0,34,0.9577205882352942,0
59.25877,3,0,0,0.0,36.665018999883614,0.7712020001235942,36.691577000055986,0.1808176100628931,212,0,0,34,0.9632352941176471,0
59.29551,3,0,0,0.0,36.706276000131766,0.8001239998520759,36.73128699983863,0.1799687010954617,213,0,0,35,0.9410714285714286,0
59.33204,3,0,0,0.0,36.49310099990544,0.7732130002295889,36.51912200029983,0.17912772585669778,214,0,0,35,0.9464285714285714,0
59.36785,3,0,0,0.0,35.777880000296136,0.7749050000711577,35.802026000055776,0.17829457364341084,215,0,0,35,0.9517857142857142,0
59.40453,3,0,0,0.0,36.65662899993549,0.791979000041465,36.679064000054495,0.17746913580246915,216,0,0,35,0.9571428571428572,0
59.44157,3,0,0,0.0,37.00411600038933,0.7754499997645325,37.0279879998634,0.1766513056835638,217,0,0,35,0.9625,0
59.47883,3,0,0,0.0,37.23020799998267,0.790882999808673,37.25483500011251,0.1758409785932722,218,0,0,35,0.9678571428571429,0
59.51834,3,0,0,0.0,39.482170999690425,0.8851580000737158,39.50770499977807,0.17503805175038056,219,0,0,35,0.9732142857142857,0
59.55576,3,0,0,0.0,37.372056000094744,0.8448280000266095,37.41546799983553,0.1742424242424242,220,0,0,35,0.9785714285714285,0
59.59256,3,0,0,0.0,36.7654740002763,0.8131760000651411,36.79206700007853,0.1734539969834088,221,0,0,35,0.9839285714285714,0
59.6294,3,0,0,0.0,36.80002600003718,0.9037449999595992,36.82516400021996,0.17267267267267272,222,0,0,36,0.9618055555555556,0
59.66545,3,0,0,0.0,36.022897999828274,0.7761159999972733,36.04763000021194,0.171898355754858,223,0,0,36,0.9670138888888888,0
59.70271,3,0,0,0.0,37.22430199968585,0.8135440002661198,37.248960999932024,0.17113095238095233,224,0,0,37,0.9459459459459459,0
59.73954,3,0,0,0.0,36.79493800018463,0.8291369999824383,36.81946599999719,0.1703703703703704,225,0,0,37,0.9510135135135135,0
59.77618,3,0,0,0.0,36.614870999983395,0.7922740001049533,36.64088300001822,0.1696165191740413,226,0,0,37,0.956081081081081,0
59.81303,3,0,0,0.0,36.812850999922375,0.8050030000958941,36.83488300021054,0.16886930983847281,227,0,0,37,0.9611486486486487,0
59.84962,3,0,0,0.0,36.56371799979752,0.7925900004011055,36.59033999974781,0.16812865497076024,228,0,0,37,0.9662162162162162,0
59.88608,3,0,0,0.0,36.427083000035054,0.818124000034004,36.45502600011241,0.16739446870451236,229,0,0,38,0.9457236842105263,0
59.92279,3,0,0,0.0,36.67036399974677,0.7781519998388831,36.70048799995129,0.16666666666666663,230,0,0,23,0.9429347826086957,0
59.95908,2,0,0,0.0,36.259958000300685,0.7039150000309746,36.28243299999667,0.10567010309278346,194,0,0,23,0.9483695652173914,0
59.99537,2,0,0,0.0,36.25907300011022,0.6704440002067713,36.28051999976378,0.10512820512820509,195,0,0,23,0.9538043478260869,0
60.03209,2,0,0,0.0,36.684792000414745,0.6966769997234223,36.716204000185826,0.10459183673469385,196,0,0,10,0.975,0
60.06498,1,0,0,0.0,32.83929700000954,0.6248619997677451,32.882751999750326,0.0,156,0,0,10,0.98125,0
60.09766,1,0,0,0.0,32.654099999945174,0.6202320000738837,32.674710000264895,0.0,157,0,0,10,0.9875,0
60.13029,1,0,0,0.0,32.59551300016028,0.6395860000338871,32.61691299985614,0.0,158,0,0,10,0.99375,0
60.16354,1,0,0,0.0,33.22871299997132,0.6063770001674129,33.25140300012208,0.0,159,0,0,10,1.0,0
60.19672,1,0,0,0.0,33.150204999856214,0.628619999588409,33.173804999933054,0.0,160,0,0,11,0.9147727272727273,0
60.23008,1,0,0,0.0,33.322777999728714,0.6861510000817361,33.346511000218015,0.0,161,0,0,11,0.9204545454545454,0
60.26316,1,0,0,0.0,33.050971000193385,0.6164129999888246,33.07276399982584,0.0,162,0,0,11,0.9261363636363636,0
60.29628,1,0,0,0.0,33.0906369999866,0.6045919999451144,33.111247999841,0.0,163,0,0,11,0.9318181818181818,0
60.32909,1,0,0,0.0,32.78791000002457,0.5976639999971667,32.809925000037765,0.0,164,0,0,11,0.9375,0
60.36201,1,0,0,0.0,32.895186000132526,0.6181170001582359,32.91771099975449,0.0,165,0,0,11,0.9431818181818182,0
60.39578,1,0,0,0.0,33.73460199964029,0.6441659998017712,33.75601900006586,0.0,166,0,0,11,0.9488636363636364,0
60.42885,1,0,0,0.0,33.038815000054456,0.6545769997501338,33.06283399979293,0.0,167,0,0,11,0.9545454545454546,0
60.46183,1,0,0,0.0,32.95035099972665,0.6548599999405269,32.97348499972941,0.0,168,0,0,11,0.9602272727272727,0
60.49461,1,0,0,0.0,32.751746000030835,0.6358389996421465,32.77419500000178,0.0,169,0,0,11,0.9659090909090909,0
60.53045,1,0,0,0.0,35.81142499979251,0.6098580001889786,35.835890999806,0.0,170,0,0,11,0.9715909090909091,0
60.56337,1,0,0,0.0,32.88685200004693,0.6378980001500167,32.909925999774714,0.0,171,0,0,11,0.9772727272727273,0
60.59638,1,0,0,0.0,32.98128999995242,0.6321880000541569,33.0021059999126,0.0,172,0,0,11,0.9829545454545454,0
60.62914,1,0,0,0.0,32.73726700035695,0.6464920002144936,32.75708599994687,0.0,173,0,0,11,0.9886363636363636,0
60.66158,1,0,0,0.0,32.416586999715946,0.607789999776287,32.436020000204735,0.0,174,0,0,11,0.9943181818181818,0
60.69389,1,0,0,0.0,32.26595100022678,0.5838170000060927,32.28374799982703,0.0,175,0,0,11,1.0,0
60.72644,1,0,0,0.0,32.5262489996021,0.5959960003565357,32.54606000018612,0.0,176,0,0,12,0.921875,0
60.79548,2,1,196,32.80268200023784,36.188986000070145,0.6540559998029494,69.03673899978457,0.04846938775510201,196,0,0,25,0.9375,0
60.83213,2,0,0,0.0,36.601502999928925,0.6877129999338649,36.6396290000921,0.048223350253807085,197,0,0,25,0.9425,0
60.86847,2,0,0,0.0,36.312549999820476,0.6889299997965281,36.340780000045925,0.04797979797979801,198,0,0,25,0.9475,0
60.93619,3,1,65,32.28137999985847,35.384187000090606,0.7444029997714097,67.70812500008105,0.2562814070351759,199,0,0,18,0.9236111111111112,0
60.97216,2,0,0,0.0,35.947771000337525,0.6242279996513389,35.96542699960992,0.33499999999999996,200,0,0,18,0.9305555555555556,0
61.00815,2,0,0,0.0,35.96015499988425,0.6222380002327554,35.978317000171955,0.33333333333333337,201,0,0,18,0.9375,0
61.04436,2,0,0,0.0,36.18520999998509,0.6376920000548125,36.20630599971264,0.33168316831683164,202,0,0,18,0.9444444444444444,0
61.08072,2,0,0,0.0,36.33101600007649,0.6585050000467163,36.35512099981497,0.3300492610837439,203,0,0,18,0.9513888888888888,0
61.11724,2,0,0,0.0,36.487402000147995,0.676614999974845,36.50743600019268,0.32843137254901966,204,0,0,18,0.9583333333333334,0
61.15337,2,0,0,0.0,36.10247400001754,0.6498819998341787,36.12654600010501,0.3268292682926829,205,0,0,18,0.9652777777777778,0
61.18996,2,0,0,0.0,36.562119999871356,0.6766830001652124,36.58899499987456,0.3252427184466019,206,0,0,18,0.9722222222222222,0
61.22583,2,0,0,0.0,35.836416999700305,0.7225750000543485,35.85899499967127,0.32367149758454106,207,0,0,18,0.9791666666666666,0
61.29465,3,1,190,32.41822999962096,36.34867800019492,0.72847899991757,68.81467800030805,0.2435897435897436,208,0,0,31,0.9576612903225806,0
61.3312,3,0,0,0.0,36.518922000141174,0.751078000121197,36.5410360000169,0.24242424242424243,209,0,0,31,0.9637096774193549,0
61.36782,3,0,0,0.0,36.58950699991692,0.7284729999810224,36.61519599972962,0.2412698412698413,210,0,0,32,0.939453125,0
61.45375,5,2,451,48.19945400004144,37.66715200026738,1.089351000246097,85.91509200005021,0.2632411067193676,253,0,0,61,0.9600409836065574,0
61.49107,5,0,0,0.0,37.29757000019163,1.0804730000018026,37.322021999898425,0.26220472440944886,254,0,0,61,0.9651639344262295,0
61.5308,5,0,0,0.0,39.69728699985353,1.0787770002025354,39.7342880000906,0.26117647058823534,255,0,0,61,0.9702868852459017,0
61.56848,5,0,0,0.0,37.627963999966596,1.1006439999619033,37.65798599988557,0.26015625,256,0,0,63,0.9444444444444444,0
61.60613,5,0,0,0.0,37.60403900014353,1.112001000365126,37.64015900014783,0.2591439688715953,257,0,0,63,0.9494047619047619,0
61.64353,5,0,0,0.0,37.374069999714266,1.0880979998546536,37.39956199979133,0.2581395348837209,258,0,0,63,0.9543650793650794,0
61.68098,5,0,0,0.0,37.41372999957093,1.1010049997821625,37.43835900013437,0.2571428571428571,259,0,0,63,0.9593253968253969,0
61.71858,5,0,0,0.0,37.57326799996008,1.110263000100531,37.59540200007905,0.2561538461538462,260,0,0,63,0.9642857142857143,0
61.75626,5,0,0,0.0,37.65064499975779,1.1345660000188218,37.67660199991951,0.2551724137931034,261,0,0,63,0.9692460317460317,0
61.79394,5,0,0,0.0,37.64108099994701,1.1183090000486118,37.66775999974925,0.2541984732824427,262,0,0,63,0.9742063492063492,0
61.83096,5,0,0,0.0,36.98283900030219,1.1166409999532334,37.01349499988282,0.25323193916349807,263,0,0,64,0.9638671875,0
61.86892,5,0,0,0.0,37.92881999970632,1.1311499997646024,37.95463899996321,0.2522727272727273,264,0,0,64,0.96875,0
61.90714,5,0,0,0.0,38.18976999991719,1.1323740000079852,38.21381800025847,0.2513207547169811,265,0,0,64,0.9736328125,0
61.94492,5,0,0,0.0,37.746358000276814,1.1082159999205032,37.77174900005775,0.25037593984962403,266,0,0,65,0.9634615384615385,0
61.98251,5,0,0,0.0,37.559523999789235,1.114659999984724,37.58140300033119,0.24943820224719104,267,0,0,65,0.9682692307692308,0
62.05319,6,1,111,32.83542600001965,37.79434099988066,1.2110869997741247,70.67302899986316,0.30472636815920395,268,0,0,73,0.9623287671232876,0
62.09072,6,0,0,0.0,37.50117900017358,1.2147649999860732,37.529666000409634,0.3035935563816605,269,0,0,74,0.9543918918918919,0
62.12799,6,0,0,0.0,37.23408199994083,1.2543069997263956,37.26335099963762,0.30246913580246915,270,0,0,74,0.9594594594594594,0
62.16415,6,0,0,0.0,36.12591099999918,1.245479000317573,36.148359999970126,0.3013530135301353,271,0,0,74,0.964527027027027,0
62.20203,6,0,0,0.0,37.85041799983446,1.2215540000397596,37.8781929998695,0.30024509803921573,272,0,0,76,0.944078947368421,0
62.23964,6,0,0,0.0,37.57386500001303,1.2644939997699112,37.59853400015345,0.2991452991452992,273,0,0,76,0.9490131578947368,0
62.27736,6,0,0,0.0,37.69530500039764,1.2675219995799125,37.71751900012532,0.2980535279805353,274,0,0,76,0.9539473684210527,0
62.31472,6,0,0,0.0,37.33309300014298,1.2471660002120188,37.3544160001984,0.296969696969697,275,0,0,76,0.9588815789473685,0
62.35248,6,0,0,0.0,37.73139499980971,1.267240999823116,37.7550460002567,0.29589371980676327,276,0,0,76,0.9638157894736842,0
62.39008,6,0,0,0.0,37.56743899975845,1.2893140001324355,37.59062700009963,0.29482551143200963,277,0,0,76,0.96875,0
62.42756,6,0,0,0.0,37.44605000019874,1.2462589997994655,37.46709000006376,0.2937649880095923,278,0,0,76,0.9736842105263158,0
62.46414,6,0,0,0.0,36.55918799995561,1.2689700001828896,36.586025999895355,0.29271206690561524,279,0,0,77,0.9659090909090909,0
62.50158,6,0,0,0.0,37.40410199998223,1.2592699999913748,37.42557499981558,0.29166666666666663,280,0,0,77,0.9707792207792207,0
62.54219,6,0,0,0.0,40.58020899992698,1.3255929998194915,40.60456899969722,0.2906287069988137,281,0,0,77,0.9756493506493507,0
62.57971,6,0,0,0.0,37.49354499996116,1.2722989999929268,37.520395000228746,0.28959810874704495,282,0,0,78,0.967948717948718,0
62.61726,6,0,0,0.0,37.52042699989033,1.306791999923007,37.541417999818805,0.2885747938751473,283,0,0,78,0.9727564102564102,0
62.65467,6,0,0,0.0,37.37731799992616,1.2714240001514554,37.40519100028905,0.2875586854460094,284,0,0,79,0.9651898734177216,0
62.69216,6,0,0,0.0,37.44705899998735,1.3125730001775082,37.47482200014929,0.2865497076023392,285,0,0,80,0.9578125,0
62.72991,6,0,0,0.0,37.72548799997821,1.2888520000160497,37.74968200013973,0.2855477855477856,286,0,0,80,0.9625,0
62.76693,6,0,0,0.0,36.98456800020722,1.318852999702358,37.01125400039018,0.2845528455284553,287,0,0,80,0.9671875,0
62.80467,6,0,0,0.0,37.70508900015557,1.3196949998928176,37.730990999989444,0.28356481481481477,288,0,0,82,0.948170731707317,0
62.8423,6,0,0,0.0,37.60412700012239,1.3262360002954665,37.62977399992451,0.28258362168396767,289,0,0,82,0.9527439024390244,0
62.88023,6,0,0,0.0,37.898077000136254,1.3277510001898918,37.92549199988571,0.2816091954022989,290,0,0,82,0.9573170731707317,0
62.9513,7,1,166,33.124860000043554,37.883183999838366,1.4816009997957735,71.05304399965462,0.30191458026509577,291,0,0,93,0.9603494623655914,0
62.98936,7,0,0,0.0,38.028759000098944,1.4742370003659744,38.05670299971098,0.300880626223092,292,0,0,93,0.9650537634408602,0
63.02759,7,0,0,0.0,38.19503900012933,1.5095839999048621,38.219062000280246,0.29985372988785963,293,0,0,93,0.969758064516129,0
63.06551,7,0,0,0.0,37.8946860000724,1.5149360001487366,37.91920800040316,0.2988338192419825,294,0,0,93,0.9744623655913979,0
63.10271,7,0,0,0.0,37.1668600000703,1.5093690003595839,37.19595900020067,0.29782082324455206,295,0,0,94,0.96875,0
63.14118,7,0,0,0.0,38.43261600013648,1.689098000042577,38.46023200003401,0.2968146718146718,296,0,0,94,0.973404255319149,0
63.17961,7,0,0,0.0,38.39769600017462,1.5265289998751541,38.42522800005099,0.29581529581529586,297,0,0,94,0.9780585106382979,0
63.21813,7,0,0,0.0,38.4677219999503,1.5828750001674052,38.50939899984951,0.29482262703739215,298,0,0,95,0.9723684210526315,0
63.25635,7,0,0,0.0,38.1863290003821,1.5242989998114354,38.21383600006811,0.2938365981844243,299,0,0,95,0.9769736842105263,0
63.29441,7,0,0,0.0,38.023850999707065,1.557510000111506,38.05292700008067,0.2928571428571428,300,0,0,96,0.9713541666666666,0
63.33237,7,0,0,0.0,37.925832999917475,1.5259050001077412,37.95071000013195,0.2918841955386806,301,0,0,98,0.9559948979591837,0
63.37023,7,0,0,0.0,37.831308000022545,1.5308550000554533,37.853776999781985,0.2909176915799432,302,0,0,98,0.9604591836734694,0
63.40747,7,0,0,0.0,37.216985000213754,1.5132990001802682,37.23788599972977,0.28995756718529,303,0,0,98,0.9649234693877551,0
63.44524,7,0,0,0.0,37.73762499986333,1.5296090000447293,37.764997000067524,0.2890037593984962,304,0,0,100,0.95,0
63.48301,7,0,0,0.0,37.7441750001708,1.524926999991294,37.76815599985639,0.28805620608899296,305,0,0,100,0.954375,0
63.52437,7,0,0,0.0,41.32961000004798,1.53179100016132,41.35547000032602,0.28711484593837533,306,0,0,100,0.95875,0
63.5631,7,0,0,0.0,38.6924250001357,1.5725609996479761,38.71824599991669,0.28617961842717543,307,0,0,100,0.963125,0
63.60173,7,0,0,0.0,38.583410999763146,1.543264999781968,38.60837700040065,0.28525046382189234,308,0,0,100,0.9675,0
63.63953,7,0,0,0.0,37.77664899962474,1.5760639998916304,37.79907299986007,0.2843273231622746,309,0,0,100,0.971875,0
63.677,7,0,0,0.0,37.43805500016606,1.5656680002393841,37.46240899999975,0.283410138248848,310,0,0,100,0.97625,0
63.71373,7,0,0,0.0,36.6939249997813,1.566025000101945,36.719292999805475,0.28249885163068444,311,0,0,101,0.9709158415841584,0
63.75134,7,0,0,0.0,37.58276400003524,1.584078000178124,37.607930000376655,0.2815934065934066,312,0,0,101,0.9752475247524752,0
63.78876,7,0,0,0.0,37.38731299972642,1.5833599995858094,37.41284999978234,0.28069374714742124,313,0,0,101,0.9795792079207921,0
63.82653,7,0,0,0.0,37.736709999990126,1.5842940001675743,37.76204899986624,0.27979981801637854,314,0,0,102,0.9742647058823529,0
63.86403,7,0,0,0.0,37.46639199971469,1.5858750002735178,37.49067299986564,0.2789115646258503,315,0,0,102,0.9785539215686274,0
63.90139,7,0,0,0.0,37.3302920002061,1.5778910001245094,37.35738899968055,0.2780289330922242,316,0,0,103,0.9733009708737864,0
63.93927,7,0,0,0.0,37.84421000000293,1.5907870001683477,37.87027100042906,0.2771518702118071,317,0,0,105,0.9589285714285715,0
63.97657,7,0,0,0.0,37.27247400001943,1.5835049998713657,37.29612100005397,0.27628032345013476,318,0,0,105,0.9630952380952381,0
64.01331,7,0,0,0.0,36.71180199989976,1.612715000192111,36.73392499968031,0.27541424093148226,319,0,0,105,0.9672619047619048,0
64.05069,7,0,0,0.0,37.3467989998062,1.599424999767507,37.374163000094995,0.2745535714285714,320,0,0,107,0.9532710280373832,0
64.08845,7,0,0,0.0,37.725632000274345,1.6108959998746286,37.75035100034074,0.2736982643524699,321,0,0,107,0.9573598130841121,0
64.12609,7,0,0,0.0,37.606916000186175,1.6154929999174783,37.631762999808416,0.2728482697426797,322,0,0,107,0.9614485981308412,0
64.16368,7,0,0,0.0,37.56411299991669,1.6099889999168226,37.588693000088824,0.2720035382574082,323,0,0,107,0.9655373831775701,0
64.20109,7,0,0,0.0,37.378720000106114,1.6231839999818476,37.402563000341615,0.27116402116402116,324,0,0,107,0.969626168224299,0
64.23853,7,0,0,0.0,37.40332100005617,1.59515499990448,37.432446999901,0.27032967032967037,325,0,0,89,0.9712078651685393,0
64.27555,6,0,0,0.0,36.996402999648126,1.437164999970264,37.01850300012666,0.2929447852760736,326,0,0,89,0.9754213483146067,0
64.31183,6,0,0,0.0,36.242308000055345,1.4345109998430416,36.26670399989962,0.2920489296636085,327,0,0,90,0.96875,0
64.34869,6,0,0,0.0,36.839892999978474,1.4291950001279474,36.861327000224264,0.29115853658536583,328,0,0,90,0.9729166666666667,0
64.38552,6,0,0,0.0,36.80191000012201,1.4304330002232746,36.82479600001898,0.29027355623100304,329,0,0,90,0.9770833333333333,0
64.42254,6,0,0,0.0,36.98719900012293,1.449143999707303,37.00836000007257,0.2893939393939394,330,0,0,90,0.98125,0
64.45951,6,0,0,0.0,36.944127999959164,1.4452260002144612,36.96588299999348,0.28851963746223563,331,0,0,90,0.9854166666666667,0
64.49638,6,0,0,0.0,36.83631300009438,1.4417550000871415,36.869371000193496,0.2876506024096386,332,0,0,80,0.97578125,0
64.53626,5,0,0,0.0,39.84454600004028,1.26789900014046,39.86998000027597,0.24984984984984981,333,0,0,81,0.9675925925925926,0
64.57338,5,0,0,0.0,37.08777600013491,1.2986299998374307,37.113245999989886,0.24910179640718566,334,0,0,81,0.9714506172839507,0
64.6096,5,0,0,0.0,36.18672799984779,1.2812539998776629,36.20856799989269,0.24835820895522387,335,0,0,81,0.9753086419753086,0
64.64668,5,0,0,0.0,37.04995699990832,1.2926379999953497,37.07951300020795,0.24761904761904763,336,0,0,83,0.9555722891566265,0
64.684,5,0,0,0.0,37.28164399990419,1.3122889999976906,37.31708100031028,0.24688427299703264,337,0,0,83,0.9593373493975904,0
64.72125,5,0,0,0.0,37.21746200017151,1.3103840001349454,37.23916199987798,0.24615384615384617,338,0,0,83,0.9631024096385542,0
64.75842,5,0,0,0.0,37.13341799993941,1.2918980000904412,37.15841199982606,0.24542772861356932,339,0,0,83,0.9668674698795181,0
64.7955,5,0,0,0.0,37.050008999813144,1.3018919999012724,37.073281000175484,0.24470588235294122,340,0,0,83,0.9706325301204819,0
64.83274,5,0,0,0.0,37.21122300021307,1.30855999987034,37.235517999761214,0.24398826979472144,341,0,0,83,0.9743975903614458,0
64.87002,5,0,0,0.0,37.24826600000597,1.350545000150305,37.272167000082845,0.24327485380116964,342,0,0,83,0.9781626506024096,0
64.90628,5,0,0,0.0,36.22689200028617,1.3104390000080457,36.25993900004687,0.24256559766763852,343,0,0,73,0.9726027397260274,0
64.94346,4,0,0,0.0,37.149165000300854,1.1395350002203486,37.172185000144964,0.17441860465116277,344,0,0,73,0.976027397260274,0
64.98032,4,0,0,0.0,36.826210000072024,1.1451909999777854,36.84950900014883,0.17391304347826086,345,0,0,73,0.9794520547945206,0
65.04966,5,1,70,31.886685000245052,37.398381999992125,1.285471000301186,69.33242400009476,0.2982658959537572,346,0,0,78,0.9767628205128205,0
65.08758,5,0,0,0.0,37.89012900006128,1.3401169999269769,37.91664700020192,0.2974063400576369,347,0,0,78,0.9807692307692307,0
65.12605,5,0,0,0.0,38.42969300012555,1.3494510003511095,38.45835199990688,0.29655172413793107,348,0,0,79,0.9723101265822784,0
65.16461,5,0,0,0.0,38.526547999936156,1.3336279998839018,38.557774999844696,0.2957020057306591,349,0,0,80,0.9640625,0
65.20295,5,0,0,0.0,38.30489800020587,1.3754120000157855,38.332727999659255,0.2948571428571428,350,0,0,80,0.96796875,0
65.24056,5,0,0,0.0,37.57790300005581,1.3750869998148119,37.60261700017509,0.29401709401709397,351,0,0,80,0.971875,0
65.28121,5,0,0,0.0,40.60820600034276,1.3614690001304552,40.64147999997658,0.2931818181818182,352,0,0,81,0.9637345679012346,0
65.32097,5,0,0,0.0,39.72155200017369,1.349537999885797,39.74842599973272,0.2923512747875354,353,0,0,81,0.9675925925925926,0
65.35952,5,0,0,0.0,38.51878499972372,1.4072040003156872,38.544093999917095,0.2915254237288135,354,0,0,81,0.9714506172839507,0
65.39794,5,0,0,0.0,38.38409999980286,1.366181000321376,38.408990999869275,0.2907042253521127,355,0,0,81,0.9753086419753086,0
65.43638,5,0,0,0.0,38.41302799992263,1.3539550000132294,38.441131000126916,0.28988764044943816,356,0,0,82,0.9672256097560976,0
65.47471,5,0,0,0.0,38.29170000017257,1.406741999744554,38.317966000249726,0.2890756302521008,357,0,0,82,0.9710365853658537,0
65.51468,5,0,0,0.0,39.940272999956505,1.3812520001010853,39.96460999996998,0.28826815642458103,358,0,0,82,0.9748475609756098,0
65.55308,5,0,0,0.0,38.36019900018073,1.4736179996361898,38.39013500009969,0.28746518105849583,359,0,0,83,0.9668674698795181,0
65.59142,5,0,0,0.0,38.305963999846426,1.364454999929876,38.332445999913034,0.2866666666666666,360,0,0,83,0.9706325301204819,0
65.62984,5,0,0,0.0,38.37541600023542,1.3673979997292918,38.40920299990103,0.28587257617728534,361,0,0,63,0.9791666666666666,0
65.6679,4,0,0,0.0,38.029260999792314,1.174250999611104,38.05531099988002,0.3183701657458563,362,0,0,63,0.9831349206349206,0
65.73944,5,1,124,33.05950699996174,38.42092300010336,1.3224879999143013,71.52479600017614,0.3856749311294766,363,0,0,71,0.9859154929577465,0
65.77796,5,0,0,0.0,38.485436999962985,1.3344570002118417,38.514855000357784,0.3846153846153846,364,0,0,72,0.9765625,0
65.81618,5,0,0,0.0,38.18825400003334,1.3404300002548553,38.2139680000364,0.3835616438356164,365,0,0,73,0.9674657534246576,0
65.85443,5,0,0,0.0,38.217515999804164,1.3122749996909988,38.24394899993422,0.3825136612021858,366,0,0,73,0.9717465753424658,0
65.89182,5,0,0,0.0,37.345663999985845,1.3495509997483168,37.378351999905135,0.38147138964577654,367,0,0,74,0.9628378378378378,0
65.975,7,2,322,44.46129699999801,38.659587999973155,1.6553870000279858,83.17756299993562,0.4324534161490683,368,0,0,97,0.946520618556701,0
66.01338,7,0,0,0.0,38.337776999924245,1.6441419998045603,38.36161099980018,0.4312814556716996,369,0,0,97,0.9510309278350515,0
66.05173,7,0,0,0.0,38.32147899993288,1.6593059999649995,38.3463110001685,0.4301158301158301,370,0,0,97,0.9555412371134021,0
66.09056,7,0,0,0.0,38.795877000211476,1.6606079998382484,38.82457300005626,0.42895648825567967,371,0,0,97,0.9600515463917526,0
66.1292,7,0,0,0.0,38.60344399981841,1.7052980001608375,38.6298580001494,0.42780337941628266,372,0,0,98,0.954719387755102,0
66.16753,7,0,0,0.0,38.30127800029004,1.6749639999034116,38.32711699988067,0.4266564534661049,373,0,0,98,0.9591836734693877,0
66.24065,8,1,85,32.98199500022747,40.067514999918785,2.171007000015379,73.10184900006789,0.4689171122994652,374,0,0,84,0.9538690476190477,0
66.27807,7,0,0,0.0,37.38563199976852,1.6037159998631978,37.41972599982546,0.5116190476190476,375,0,0,68,0.9540441176470589,0
66.31615,6,0,0,0.0,38.04154799991011,1.4199490001374215,38.07252900014646,0.5398936170212766,376,0,0,44,0.9474431818181818,0
66.35341,5,0,0,0.0,37.22764899976028,0.9447960001125466,37.25310899972101,0.3880733944954129,218,0,0,44,0.9545454545454546,0
66.39067,5,0,0,0.0,37.226706000183185,0.9317589997408504,37.2490069999003,0.38630136986301367,219,0,0,44,0.9616477272727273,0
66.42806,5,0,0,0.0,37.365809999755584,0.9847169999375183,37.38627800021277,0.3845454545454545,220,0,0,44,0.96875,0
66.46516,5,0,0,0.0,37.06929700001638,0.9535760000289883,37.0904410001458,0.38280542986425337,221,0,0,44,0.9758522727272727,0
66.50218,5,0,0,0.0,36.99524100011331,0.9420629999112862,37.016396000126406,0.3810810810810811,222,0,0,44,0.9829545454545454,0
66.54127,5,0,0,0.0,39.0628220002327,0.9878370001388248,39.08432599973821,0.37937219730941707,223,0,0,44,0.9900568181818182,0
66.57872,5,0,0,0.0,37.415043999772024,0.9404810002706654,37.4431490004099,0.3776785714285714,224,0,0,47,0.9335106382978723,0
66.61621,5,0,0,0.0,37.45424299995648,0.9901230000650685,37.47695799984285,0.376,225,0,0,47,0.9401595744680851,0
66.65353,5,0,0,0.0,37.292197000169836,0.9556260001772898,37.31723300006706,0.37433628318584067,226,0,0,48,0.9270833333333334,0
66.69063,5,0,0,0.0,37.06877500007977,0.9496440002294548,37.090448000071774,0.3726872246696036,227,0,0,48,0.93359375,0
66.76047,6,1,125,32.5149010000132,37.280921999808925,1.062889999957406,69.83609200005958,0.38450292397660824,228,0,0,56,0.9464285714285714,0
66.79771,6,0,0,0.0,37.212346999695,1.080975999684597,37.23810700012109,0.3828238719068413,229,0,0,57,0.9364035087719298,0
66.83498,6,0,0,0.0,37.232961999961844,1.1036159999093798,37.254778999795235,0.38115942028985506,230,0,0,57,0.9429824561403509,0
66.87187,6,0,0,0.0,36.86038000023473,1.104651999867201,36.888638000164065,0.37950937950937946,231,0,0,58,0.9331896551724138,0
66.90918,6,0,0,0.0,37.28090399999928,1.1248589999013348,37.305167999875266,0.37787356321839083,232,0,0,58,0.9396551724137931,0
66.94676,6,0,0,0.0,37.54790500033778,1.0872820002987282,37.57000900031926,0.37625178826895567,233,0,0,58,0.9461206896551724,0
66.98428,6,0,0,0.0,37.49409600004583,1.1202460000276915,37.520783000218216,0.3746438746438746,234,0,0,58,0.9525862068965517,0
67.02189,6,0,0,0.0,37.57257799998115,1.1120269996354182,37.595860000237735,0.3730496453900709,235,0,0,58,0.959051724137931,0
67.05968,6,0,0,0.0,37.76774600009958,1.1268990001553902,37.79262799980643,0.37146892655367236,236,0,0,58,0.9655172413793104,0
67.09733,6,0,0,0.0,37.61906599993381,1.1314509997646383,37.64508499989461,0.36990154711673695,237,0,0,58,0.9719827586206896,0
67.13522,6,0,0,0.0,37.85415100037426,1.116388000355073,37.878537000324286,0.36834733893557425,238,0,0,58,0.978448275862069,0
67.17179,6,0,0,0.0,36.542300000292016,1.1228289999962726,36.56772100021044,0.3668061366806137,239,0,0,58,0.9849137931034483,0
67.20898,6,0,0,0.0,37.147342000025674,1.1717970000972855,37.18461500011472,0.3652777777777778,240,0,0,61,0.9426229508196722,0
67.24635,6,0,0,0.0,37.331853000068804,1.1318209999444662,37.35672299990256,0.363762102351314,241,0,0,61,0.9487704918032787,0
67.28347,6,0,0,0.0,37.090752000040084,1.1269999999967695,37.118233000001055,0.36225895316804413,242,0,0,62,0.9395161290322581,0
67.32048,6,0,0,0.0,36.978653999995004,1.123525999901176,36.999652000304195,0.36076817558299035,243,0,0,62,0.9455645161290323,0
67.35715,6,0,0,0.0,36.64425499982826,1.1149980000482174,36.66635399986262,0.3592896174863388,244,0,0,62,0.9516129032258065,0
67.3939,6,0,0,0.0,36.71373900033359,1.1120469998786575,36.740650000410824,0.3578231292517007,245,0,0,63,0.9424603174603174,0
67.4311,6,0,0,0.0,37.170045000038954,1.147080000009737,37.19474499985154,0.35636856368563685,246,0,0,63,0.9484126984126984,0
67.46772,6,0,0,0.0,36.57376399996792,1.1501299995870795,36.60400699982347,0.3549257759784076,247,0,0,64,0.939453125,0
67.50657,6,0,0,0.0,38.81936800007679,1.2050619998262846,38.8454650001222,0.353494623655914,248,0,0,64,0.9453125,0
67.54599,6,0,0,0.0,39.372975999867776,1.2044539998896653,39.40797399991425,0.3520749665327979,249,0,0,64,0.951171875,0
67.58457,6,0,0,0.0,38.550321999991866,1.172046999727172,38.579719000154,0.3506666666666667,250,0,0,64,0.95703125,0
67.62325,6,0,0,0.0,38.63739300004454,1.2009639999632782,38.66420600024867,0.34926958831341304,251,0,0,64,0.962890625,0
67.66175,6,0,0,0.0,38.47394800004622,1.1831829997390741,38.501521999933175,0.3478835978835979,252,0,0,64,0.96875,0
67.70019,6,0,0,0.0,38.398947000132466,1.2013299997306603,38.42508400020961,0.3465085638998683,253,0,0,64,0.974609375,0
67.73834,6,0,0,0.0,38.11513599976024,1.179269999738608,38.1407439999748,0.3451443569553806,254,0,0,64,0.98046875,0
67.77532,6,0,0,0.0,36.950370999875304,1.181017999897449,36.97895799996331,0.3437908496732026,255,0,0,64,0.986328125,0
67.81314,6,0,0,0.0,37.78329200031294,1.177448999897024,37.81337199961854,0.34244791666666663,256,0,0,67,0.9477611940298507,0
67.85079,6,0,0,0.0,37.593603000004805,1.1532270000316203,37.61684399978549,0.3411154345006485,257,0,0,67,0.9533582089552238,0
67.88834,6,0,0,0.0,37.52280500020788,1.201654999931634,37.54970999989382,0.3397932816537468,258,0,0,68,0.9448529411764706,0
67.92616,6,0,0,0.0,37.786381999922014,1.1865400001624948,37.809220000326604,0.33848133848133843,259,0,0,68,0.9503676470588235,0
67.99653,7,1,197,32.812316000217834,37.515532999805146,1.343654999800492,70.36943599996448,0.3236263736263736,260,0,0,81,0.9552469135802469,0
68.0345,7,0,0,0.0,37.93096599974888,1.3729790002798836,37.9583819999425,0.3223864258347017,261,0,0,82,0.9489329268292683,0
68.07215,7,0,0,0.0,37.62256599975444,1.3801929999317508,37.646031999884144,0.32115594329334785,262,0,0,82,0.9542682926829268,0
68.10887,7,0,0,0.0,36.68290599989632,1.340099000117334,36.70861899990996,0.3199348180336774,263,0,0,83,0.9480421686746988,0
68.14679,7,0,0,0.0,37.89957000026334,1.3734959998146223,37.921724999705475,0.31872294372294374,264,0,0,83,0.9533132530120482,0
68.1839,7,0,0,0.0,37.075723000270955,1.3902729997425922,37.09748200026297,0.31752021563342314,265,0,0,83,0.9585843373493976,0
68.25362,8,1,137,32.27975699974195,37.3926960000972,1.4662639996458893,69.71669699987615,0.33740601503759393,266,0,0,92,0.9633152173913043,0
68.29092,8,0,0,0.0,37.26167800004987,1.5271259999281028,37.2890799999368,0.33614232209737827,267,0,0,92,0.96875,0
68.32847,8,0,0,0.0,37.52121300021827,1.5214400000331807,37.54597899978762,0.3348880597014925,268,0,0,92,0.9741847826086957,0
68.36615,8,0,0,0.0,37.64364300013767,1.5289770003619196,37.67214499976035,0.3336431226765799,269,0,0,92,0.9796195652173914,0
68.40399,8,0,0,0.0,37.81248700033757,1.537821000056283,37.8424890000133,0.3324074074074074,270,0,0,92,0.9850543478260869,0
68.44116,8,0,0,0.0,37.12967999990724,1.5518949999204779,37.159657000302104,0.3311808118081181,271,0,0,93,0.9798387096774194,0
68.47877,8,0,0,0.0,37.56936899981156,1.5338929997597006,37.60209899974143,0.32996323529411764,272,0,0,96,0.9544270833333334,0
68.51857,8,0,0,0.0,39.75767499969152,1.5609249999215535,39.79119899986472,0.3287545787545788,273,0,0,97,0.9497422680412371,0
68.55685,8,0,0,0.0,38.22524999986854,1.655867999943439,38.27006999972582,0.32755474452554745,274,0,0,86,0.9469476744186046,0
68.59475,7,0,0,0.0,37.87273900024957,1.4567250000254717,37.90173099969252,0.32311688311688314,275,0,0,86,0.9520348837209303,0
68.6327,7,0,0,0.0,37.91200800014849,1.4396599999599857,37.939079999887326,0.32194616977225676,276,0,0,86,0.9571220930232558,0
68.67059,7,0,0,0.0,37.847219000013865,1.445722999960708,37.88037599997551,0.32078390923156264,277,0,0,87,0.9511494252873564,0
68.70845,7,0,0,0.0,37.8329160002977,1.4508300000670715,37.86207200028002,0.31963001027749227,278,0,0,87,0.9561781609195402,0
68.74576,7,0,0,0.0,37.26084100026128,1.4523490003739425,37.30235900002299,0.3184843830005121,279,0,0,78,0.9519230769230769,0
68.78339,6,0,0,0.0,37.58743100024731,1.3323379998837481,37.61549099999684,0.2928571428571428,280,0,0,78,0.9567307692307693,0
68.82087,6,0,0,0.0,37.449747000209754,1.2781959999301762,37.47543700001188,0.29181494661921703,281,0,0,78,0.9615384615384616,0
68.85907,6,0,0,0.0,38.16769400009434,1.3052589997641917,38.19724999993923,0.2907801418439716,282,0,0,78,0.9663461538461539,0
68.89708,6,0,0,0.0,37.97499499978585,1.2932710001223313,38.00295400014875,0.2897526501766784,283,0,0,78,0.9711538461538461,0
68.93496,6,0,0,0.0,37.8398439997909,1.2751579997711815,37.864517999878444,0.28873239436619713,284,0,0,78,0.9759615384615384,0
68.97274,6,0,0,0.0,37.752046000150585,1.3170909996915725,37.77846100001625,0.28771929824561404,285,0,0,78,0.9807692307692307,0
69.01105,6,0,0,0.0,38.27485100009653,1.3125820000823296,38.30332500001532,0.28671328671328666,286,0,0,78,0.9855769230769231,0
69.04925,6,0,0,0.0,38.16579200019987,1.3306189998729678,38.19793899992874,0.2857142857142857,287,0,0,79,0.9778481012658228,0
69.08807,6,0,0,0.0,38.77773599970169,1.3318789997356362,38.80936399991697,0.2847222222222222,288,0,0,81,0.9583333333333334,0
69.12709,6,0,0,0.0,38.98160199969425,1.3202589998400072,39.01166200012085,0.2837370242214533,289,0,0,82,0.9512195121951219,0
69.16576,6,0,0,0.0,38.6212059997888,1.3371030004236673,38.66686499986827,0.2827586206896552,290,0,0,82,0.9557926829268293,0
69.20422,6,0,0,0.0,38.42458600001919,1.3769410002169025,38.455585000065184,0.281786941580756,291,0,0,82,0.9603658536585366,0
69.24287,6,0,0,0.0,38.60981800016816,1.3417589998425683,38.63614500005497,0.2808219178082192,292,0,0,82,0.9649390243902439,0
69.28073,6,0,0,0.0,37.82710999985284,1.363834000130737,37.85867899978257,0.2798634812286689,293,0,0,83,0.9578313253012049,0
69.31855,6,0,0,0.0,37.78123299980507,1.3831709998157748,37.8108049999355,0.2789115646258503,294,0,0,83,0.9623493975903614,0
69.35566,6,0,0,0.0,37.069239000175,1.3645190001625451,37.09749700010434,0.2779661016949152,295,0,0,84,0.9553571428571429,0
69.39348,6,0,0,0.0,37.78896900030304,1.3740869999310235,37.815866000073584,0.277027027027027,296,0,0,84,0.9598214285714286,0
69.43125,6,0,0,0.0,37.73918800015963,1.3791090000268014,37.762949999887496,0.27609427609427606,297,0,0,84,0.9642857142857143,0
69.46871,6,0,0,0.0,37.43094699984795,1.354234000245924,37.45737799999915,0.2751677852348994,298,0,0,84,0.96875,0
69.50679,6,0,0,0.0,38.04683899988959,1.3790069997412502,38.073558999712986,0.274247491638796,299,0,0,84,0.9732142857142857,0
69.54638,6,0,0,0.0,39.55249399996319,1.470297999730974,39.57687999991322,0.2733333333333333,300,0,0,84,0.9776785714285714,0
69.58479,6,0,0,0.0,38.38567200000398,1.362169999993057,38.40826699979516,0.2724252491694352,301,0,0,84,0.9821428571428571,0
69.62299,6,0,0,0.0,38.17278800033819,1.37585200036483,38.19570700034092,0.2715231788079471,302,0,0,84,0.9866071428571429,0
69.66047,6,0,0,0.0,37.43895199977487,1.3732129996242293,37.47495200013873,0.2706270627062707,303,0,0,73,0.9803082191780822,0
69.6984,5,0,0,0.0,37.88994400019874,1.2293979998503346,37.925818000076106,0.2467105263157895,304,0,0,55,0.9602272727272727,0
69.73649,4,0,0,0.0,38.045045000217215,0.9216849998665566,38.07764800012592,0.1270661157024794,242,0,0,40,0.946875,0
69.77344,3,0,0,0.0,36.923632999787515,0.8311910000884382,36.946727999747964,0.10619469026548678,226,0,0,40,0.9515625,0
69.80989,3,0,0,0.0,36.42064499990738,0.7872999999563035,36.441577000005054,0.10572687224669608,227,0,0,40,0.95625,0
69.8462,3,0,0,0.0,36.283292999996775,0.8028239999475772,36.30231599981926,0.10526315789473684,228,0,0,40,0.9609375,0
69.88263,3,0,0,0.0,36.40317600002163,0.784344000294368,36.42718399987643,0.10480349344978168,229,0,0,40,0.965625,0
69.9193,3,0,0,0.0,36.6364380001869,0.8133979999911389,36.6609369998514,0.10434782608695647,230,0,0,40,0.9703125,0
69.955,3,0,0,0.0,35.674603000188654,0.795455999650585,35.697302000244235,0.10389610389610393,231,0,0,41,0.9512195121951219,0
69.99136,3,0,0,0.0,36.325390999991214,0.7962380000208213,36.34777200022654,0.10344827586206895,232,0,0,41,0.9557926829268293,0
70.02791,3,0,0,0.0,36.52959300006842,0.8051739996517426,36.55011800037755,0.10300429184549353,233,0,0,41,0.9603658536585366,0
70.06441,3,0,0,0.0,36.47215299997697,0.8265980000032869,36.49427999971522,0.10256410256410253,234,0,0,41,0.9649390243902439,0
70.10101,3,0,0,0.0,36.567443999956595,0.8124639998641214,36.59137600016038,0.10212765957446812,235,0,0,41,0.9695121951219512,0
70.13754,3,0,0,0.0,36.492444000032265,0.8253040000454348,36.519670999950904,0.10169491525423724,236,0,0,26,0.9663461538461539,0
70.17368,2,0,0,0.0,36.11605800006146,0.699630999861256,36.13655699973606,0.06074766355140182,214,0,0,26,0.9711538461538461,0
70.20909,2,0,0,0.0,35.38363200004824,0.7093499998518382,35.404060000018944,0.06046511627906981,215,0,0,26,0.9759615384615384,0
70.24532,2,0,0,0.0,36.2074209997445,0.6759650000276451,36.2247739999475,0.06018518518518523,216,0,0,26,0.9807692307692307,0
70.28126,2,0,0,0.0,35.91033000020616,0.6811890002609289,35.92831700007082,0.05990783410138245,217,0,0,26,0.9855769230769231,0
70.31739,2,0,0,0.0,36.110320999796386,0.6668940000054135,36.133505999714544,0.059633027522935755,218,0,0,27,0.9537037037037037,0
70.35375,2,0,0,0.0,36.335185000098136,0.7171629999902507,36.35433999988891,0.05936073059360736,219,0,0,27,0.9583333333333334,0
70.39,2,0,0,0.0,36.22183700008463,0.7105049999154289,36.239790999843535,0.05909090909090908,220,0,0,27,0.9629629629629629,0
70.42618,2,0,0,0.0,36.15483600015068,0.6924410004103265,36.17329500002597,0.05882352941176472,221,0,0,27,0.9675925925925926,0
70.46217,2,0,0,0.0,35.96903800007567,0.6706099998154968,35.98760799968659,0.058558558558558516,222,0,0,27,0.9722222222222222,0
70.49727,2,0,0,0.0,35.07907899984275,0.6680840001536126,35.09696900027848,0.058295964125560484,223,0,0,27,0.9768518518518519,0
70.5366,2,0,0,0.0,39.29612499996438,0.6736810000802507,39.32222299999921,0.0580357142857143,224,0,0,13,0.9567307692307693,0
70.56913,1,0,0,0.0,32.50809900009699,0.6274210004448832,32.52582400000392,0.0,199,0,0,13,0.9615384615384616,0
70.60143,1,0,0,0.0,32.27700500019637,0.5989639998915663,32.29382700010319,0.0,200,0,0,13,0.9663461538461539,0
70.63397,1,0,0,0.0,32.51403600006597,0.5829039996569918,32.53261700001531,0.0,201,0,0,13,0.9711538461538461,0
70.66665,1,0,0,0.0,32.65376199988168,0.6284309997681703,32.67575500012754,0.0,202,0,0,13,0.9759615384615384,0
70.6997,1,0,0,0.0,33.02008599985129,0.6410260002667201,33.04138400017109,0.0,203,0,0,13,0.9807692307692307,0
70.73261,1,0,0,0.0,32.88900299958186,0.6486190000032366,32.90864699965823,0.0,204,0,0,13,0.9855769230769231,0
70.76525,1,0,0,0.0,32.60581400036244,0.6369920001816354,32.6276499999949,0.0,205,0,0,13,0.9903846153846154,0
70.79775,1,0,0,0.0,32.476060000135476,0.6256749998101441,32.497446999968815,0.0,206,0,0,13,0.9951923076923077,0
70.83039,1,0,0,0.0,32.615073999750166,0.6333210003504064,32.635016000313044,0.0,207,0,0,13,1.0,0
70.86281,1,0,0,0.0,32.393568999850686,0.6220169998414349,32.41795500025546,0.0,208,0,0,14,0.9330357142857143,0
70.89518,1,0,0,0.0,32.34380000003512,0.6339870001283998,32.36231199980466,0.0,209,0,0,14,0.9375,0
70.92786,1,0,0,0.0,32.64932599995518,0.6157149996397493,32.66819200007376,0.0,210,0,0,14,0.9419642857142857,0
70.96043,1,0,0,0.0,32.5532479996582,0.631793000138714,32.57174899999882,0.0,211,0,0,14,0.9464285714285714,0
70.99299,1,0,0,0.0,32.5308970000151,0.6023740002092381,32.55005000028177,0.0,212,0,0,14,0.9508928571428571,0
71.02545,1,0,0,0.0,32.434104999993,0.6216589999894495,32.45263700000578,0.0,213,0,0,14,0.9553571428571429,0
71.05802,1,0,0,0.0,32.53532999997333,0.6610979999095434,32.56096399991293,0.0,214,0,0,14,0.9598214285714286,0
71.09062,1,0,0,0.0,32.58559400001104,0.6200369998623501,32.60540100018261,0.0,215,0,0,14,0.9642857142857143,0
71.1233,1,0,0,0.0,32.65157400028329,0.6315409996204835,32.67196800015881,0.0,216,0,0,14,0.96875,0
71.15582,1,0,0,0.0,32.487906999904226,0.617951000094763,32.50632899971606,0.0,217,0,0,14,0.9732142857142857,0
71.18828,1,0,0,0.0,32.43776599992998,0.6345450001390418,32.45546400012245,0.0,218,0,0,14,0.9776785714285714,0
71.22055,1,0,0,0.0,32.25240599977042,0.6013889997120714,32.27044000004753,0.0,219,0,0,14,0.9821428571428571,0
71.25301,1,0,0,0.0,32.43672999997216,0.6060200003048521,32.45358300000589,0.0,220,0,0,14,0.9866071428571429,0
71.2853,1,0,0,0.0,32.264077000036195,0.6159750000733766,32.28051800033427,0.0,221,0,0,14,0.9910714285714286,0
71.31755,1,0,0,0.0,32.235858000149165,0.594411999827571,32.25229899999249,0.0,222,0,0,14,0.9955357142857143,0
71.35005,1,0,0,0.0,32.476624000082666,0.6048599998393911,32.49358800030677,0.0,223,0,0,14,1.0,0
71.38243,1,0,0,0.0,32.355121999898984,0.6241549999685958,32.37368800000695,0.0,224,0,0,15,0.9375,0
71.41472,1,0,0,0.0,32.26943100025892,0.5919969999013119,32.28740499980631,0.0,225,0,0,15,0.9416666666666667,0
71.4475,1,0,0,0.0,32.756485999925644,0.6153650001579081,32.77593099983278,0.0,226,0,0,15,0.9458333333333333,0
71.48002,1,0,0,0.0,32.493371999862575,0.6266959999265964,32.51344999989669,0.0,227,0,0,15,0.95,0
71.51395,1,0,0,0.0,33.90676200024245,0.6394409997483308,33.926479000001564,0.0,228,0,0,15,0.9541666666666667,0
71.5481,1,0,0,0.0,34.12242500007778,0.709612999798992,34.15684900028282,0.0,229,0,0,15,0.9583333333333334,0
71.58106,1,0,0,0.0,32.91124599991235,0.6549499998982355,32.93316999997842,0.0,230,0,0,15,0.9625,0
71.61386,1,0,0,0.0,32.77115499986394,0.6607780001104402,32.799735000025976,0.0,231,0,0,0,0.0,0
