kernel,dram__bytes_read.sum,dram__bytes_write.sum,gpu__time_duration.sum,dram__throughput.avg.pct_of_peak_sustained_elapsed,sm__throughput.avg.pct_of_peak_sustained_elapsed
"void at::<unnamed>::CatArrayBatchedCopy<at::<unnamed>::OpaqueType<2>, unsigned int, 4, 64, 64>(T1 *, at::<unnamed>::CatArrInputTensorMetadata<T1, T2, T4, T5>, at::<unnamed>::TensorSizeStride<T2, 4>, int, T2)",2104064.0,0.0,13600.0,9.99,40.88
"void at::<unnamed>::CatArrayBatchedCopy<at::<unnamed>::OpaqueType<2>, unsigned int, 4, 64, 64>(T1 *, at::<unnamed>::CatArrInputTensorMetadata<T1, T2, T4, T5>, at::<unnamed>::TensorSizeStride<T2, 4>, int, T2)",2104192.0,0.0,13440.0,10.1,41.36
"void at::<unnamed>::CatArrayBatchedCopy<at::<unnamed>::OpaqueType<2>, unsigned int, 4, 64, 64>(T1 *, at::<unnamed>::CatArrInputTensorMetadata<T1, T2, T4, T5>, at::<unnamed>::TensorSizeStride<T2, 4>, int, T2)",2104192.0,0.0,13856.0,9.78,40.09
"void at::<unnamed>::CatArrayBatchedCopy<at::<unnamed>::OpaqueType<2>, unsigned int, 4, 64, 64>(T1 *, at::<unnamed>::CatArrInputTensorMetadata<T1, T2, T4, T5>, at::<unnamed>::TensorSizeStride<T2, 4>, int, T2)",2104064.0,0.0,13600.0,9.96,40.75
"void at::<unnamed>::CatArrayBatchedCopy<at::<unnamed>::OpaqueType<2>, unsigned int, 4, 64, 64>(T1 *, at::<unnamed>::CatArrInputTensorMetadata<T1, T2, T4, T5>, at::<unnamed>::TensorSizeStride<T2, 4>, int, T2)",2104064.0,0.0,13568.0,10.01,41.03
"void at::<unnamed>::CatArrayBatchedCopy<at::<unnamed>::OpaqueType<2>, unsigned int, 4, 64, 64>(T1 *, at::<unnamed>::CatArrInputTensorMetadata<T1, T2, T4, T5>, at::<unnamed>::TensorSizeStride<T2, 4>, int, T2)",2104064.0,0.0,13760.0,9.87,40.36
"void at::<unnamed>::CatArrayBatchedCopy<at::<unnamed>::OpaqueType<2>, unsigned int, 4, 64, 64>(T1 *, at::<unnamed>::CatArrInputTensorMetadata<T1, T2, T4, T5>, at::<unnamed>::TensorSizeStride<T2, 4>, int, T2)",2104192.0,0.0,13728.0,9.89,40.51
"void at::<unnamed>::CatArrayBatchedCopy<at::<unnamed>::OpaqueType<2>, unsigned int, 4, 64, 64>(T1 *, at::<unnamed>::CatArrInputTensorMetadata<T1, T2, T4, T5>, at::<unnamed>::TensorSizeStride<T2, 4>, int, T2)",2104064.0,0.0,13632.0,9.96,40.89
"void at::<unnamed>::CatArrayBatchedCopy<at::<unnamed>::OpaqueType<2>, unsigned int, 4, 64, 64>(T1 *, at::<unnamed>::CatArrInputTensorMetadata<T1, T2, T4, T5>, at::<unnamed>::TensorSizeStride<T2, 4>, int, T2)",2104064.0,0.0,13728.0,9.9,40.56
"void at::<unnamed>::CatArrayBatchedCopy<at::<unnamed>::OpaqueType<2>, unsigned int, 4, 64, 64>(T1 *, at::<unnamed>::CatArrInputTensorMetadata<T1, T2, T4, T5>, at::<unnamed>::TensorSizeStride<T2, 4>, int, T2)",2104064.0,0.0,13440.0,10.09,41.38
"void at::<unnamed>::CatArrayBatchedCopy<at::<unnamed>::OpaqueType<2>, unsigned int, 4, 64, 64>(T1 *, at::<unnamed>::CatArrInputTensorMetadata<T1, T2, T4, T5>, at::<unnamed>::TensorSizeStride<T2, 4>, int, T2)",2104192.0,0.0,13696.0,9.89,40.54
"void at::<unnamed>::CatArrayBatchedCopy<at::<unnamed>::OpaqueType<2>, unsigned int, 4, 64, 64>(T1 *, at::<unnamed>::CatArrInputTensorMetadata<T1, T2, T4, T5>, at::<unnamed>::TensorSizeStride<T2, 4>, int, T2)",2104064.0,0.0,13408.0,10.11,41.45
"void at::<unnamed>::CatArrayBatchedCopy<at::<unnamed>::OpaqueType<2>, unsigned int, 4, 64, 64>(T1 *, at::<unnamed>::CatArrInputTensorMetadata<T1, T2, T4, T5>, at::<unnamed>::TensorSizeStride<T2, 4>, int, T2)",2104064.0,0.0,13632.0,9.96,40.81
"void at::<unnamed>::CatArrayBatchedCopy<at::<unnamed>::OpaqueType<2>, unsigned int, 4, 64, 64>(T1 *, at::<unnamed>::CatArrInputTensorMetadata<T1, T2, T4, T5>, at::<unnamed>::TensorSizeStride<T2, 4>, int, T2)",2104064.0,0.0,13632.0,9.96,40.88
"void at::<unnamed>::CatArrayBatchedCopy<at::<unnamed>::OpaqueType<2>, unsigned int, 4, 64, 64>(T1 *, at::<unnamed>::CatArrInputTensorMetadata<T1, T2, T4, T5>, at::<unnamed>::TensorSizeStride<T2, 4>, int, T2)",2104192.0,0.0,13632.0,9.96,40.77
"void at::<unnamed>::CatArrayBatchedCopy<at::<unnamed>::OpaqueType<2>, unsigned int, 4, 64, 64>(T1 *, at::<unnamed>::CatArrInputTensorMetadata<T1, T2, T4, T5>, at::<unnamed>::TensorSizeStride<T2, 4>, int, T2)",2104192.0,0.0,13728.0,9.9,40.52
"void at::<unnamed>::CatArrayBatchedCopy<at::<unnamed>::OpaqueType<2>, unsigned int, 4, 64, 64>(T1 *, at::<unnamed>::CatArrInputTensorMetadata<T1, T2, T4, T5>, at::<unnamed>::TensorSizeStride<T2, 4>, int, T2)",2104064.0,0.0,13376.0,10.13,41.48
"void at::<unnamed>::CatArrayBatchedCopy<at::<unnamed>::OpaqueType<2>, unsigned int, 4, 64, 64>(T1 *, at::<unnamed>::CatArrInputTensorMetadata<T1, T2, T4, T5>, at::<unnamed>::TensorSizeStride<T2, 4>, int, T2)",2104064.0,0.0,13568.0,10.0,40.91
"void at::<unnamed>::CatArrayBatchedCopy<at::<unnamed>::OpaqueType<2>, unsigned int, 4, 64, 64>(T1 *, at::<unnamed>::CatArrInputTensorMetadata<T1, T2, T4, T5>, at::<unnamed>::TensorSizeStride<T2, 4>, int, T2)",2104064.0,0.0,13472.0,10.07,41.25
"void at::<unnamed>::CatArrayBatchedCopy<at::<unnamed>::OpaqueType<2>, unsigned int, 4, 64, 64>(T1 *, at::<unnamed>::CatArrInputTensorMetadata<T1, T2, T4, T5>, at::<unnamed>::TensorSizeStride<T2, 4>, int, T2)",2104192.0,0.0,13504.0,10.03,41.05
"void at::<unnamed>::CatArrayBatchedCopy<at::<unnamed>::OpaqueType<2>, unsigned int, 4, 64, 64>(T1 *, at::<unnamed>::CatArrInputTensorMetadata<T1, T2, T4, T5>, at::<unnamed>::TensorSizeStride<T2, 4>, int, T2)",2104192.0,0.0,13664.0,9.92,40.69
"void at::<unnamed>::CatArrayBatchedCopy<at::<unnamed>::OpaqueType<2>, unsigned int, 4, 64, 64>(T1 *, at::<unnamed>::CatArrInputTensorMetadata<T1, T2, T4, T5>, at::<unnamed>::TensorSizeStride<T2, 4>, int, T2)",2104064.0,0.0,13440.0,10.1,41.37
"void at::<unnamed>::CatArrayBatchedCopy<at::<unnamed>::OpaqueType<2>, unsigned int, 4, 64, 64>(T1 *, at::<unnamed>::CatArrInputTensorMetadata<T1, T2, T4, T5>, at::<unnamed>::TensorSizeStride<T2, 4>, int, T2)",2104192.0,0.0,13696.0,9.9,40.55
"void at::<unnamed>::CatArrayBatchedCopy<at::<unnamed>::OpaqueType<2>, unsigned int, 4, 64, 64>(T1 *, at::<unnamed>::CatArrInputTensorMetadata<T1, T2, T4, T5>, at::<unnamed>::TensorSizeStride<T2, 4>, int, T2)",2104064.0,0.0,13952.0,9.72,39.79
"void at::<unnamed>::CatArrayBatchedCopy<at::<unnamed>::OpaqueType<2>, unsigned int, 4, 64, 64>(T1 *, at::<unnamed>::CatArrInputTensorMetadata<T1, T2, T4, T5>, at::<unnamed>::TensorSizeStride<T2, 4>, int, T2)",2104064.0,0.0,13536.0,10.03,41.15
"void at::<unnamed>::CatArrayBatchedCopy<at::<unnamed>::OpaqueType<2>, unsigned int, 4, 64, 64>(T1 *, at::<unnamed>::CatArrInputTensorMetadata<T1, T2, T4, T5>, at::<unnamed>::TensorSizeStride<T2, 4>, int, T2)",2104064.0,0.0,13632.0,9.96,40.75
"void at::<unnamed>::CatArrayBatchedCopy<at::<unnamed>::OpaqueType<2>, unsigned int, 4, 64, 64>(T1 *, at::<unnamed>::CatArrInputTensorMetadata<T1, T2, T4, T5>, at::<unnamed>::TensorSizeStride<T2, 4>, int, T2)",2104192.0,0.0,13312.0,10.17,41.71
"void at::<unnamed>::CatArrayBatchedCopy<at::<unnamed>::OpaqueType<2>, unsigned int, 4, 64, 64>(T1 *, at::<unnamed>::CatArrInputTensorMetadata<T1, T2, T4, T5>, at::<unnamed>::TensorSizeStride<T2, 4>, int, T2)",2104064.0,0.0,13504.0,10.06,41.21
"void at::<unnamed>::CatArrayBatchedCopy<at::<unnamed>::OpaqueType<2>, unsigned int, 4, 64, 64>(T1 *, at::<unnamed>::CatArrInputTensorMetadata<T1, T2, T4, T5>, at::<unnamed>::TensorSizeStride<T2, 4>, int, T2)",2104192.0,0.0,13600.0,10.0,40.89
"void at::<unnamed>::CatArrayBatchedCopy<at::<unnamed>::OpaqueType<2>, unsigned int, 4, 64, 64>(T1 *, at::<unnamed>::CatArrInputTensorMetadata<T1, T2, T4, T5>, at::<unnamed>::TensorSizeStride<T2, 4>, int, T2)",2104192.0,0.0,13664.0,9.93,40.64
"void at::<unnamed>::CatArrayBatchedCopy<at::<unnamed>::OpaqueType<2>, unsigned int, 4, 64, 64>(T1 *, at::<unnamed>::CatArrInputTensorMetadata<T1, T2, T4, T5>, at::<unnamed>::TensorSizeStride<T2, 4>, int, T2)",2104064.0,0.0,13760.0,9.88,40.45
"void at::<unnamed>::CatArrayBatchedCopy<at::<unnamed>::OpaqueType<2>, unsigned int, 4, 64, 64>(T1 *, at::<unnamed>::CatArrInputTensorMetadata<T1, T2, T4, T5>, at::<unnamed>::TensorSizeStride<T2, 4>, int, T2)",2104064.0,0.0,13536.0,10.01,40.97
"void at::<unnamed>::CatArrayBatchedCopy<at::<unnamed>::OpaqueType<2>, unsigned int, 4, 64, 64>(T1 *, at::<unnamed>::CatArrInputTensorMetadata<T1, T2, T4, T5>, at::<unnamed>::TensorSizeStride<T2, 4>, int, T2)",2104192.0,0.0,13536.0,10.02,41.09
"void at::<unnamed>::CatArrayBatchedCopy<at::<unnamed>::OpaqueType<2>, unsigned int, 4, 64, 64>(T1 *, at::<unnamed>::CatArrInputTensorMetadata<T1, T2, T4, T5>, at::<unnamed>::TensorSizeStride<T2, 4>, int, T2)",2104192.0,0.0,13440.0,10.09,41.37
"void at::<unnamed>::CatArrayBatchedCopy<at::<unnamed>::OpaqueType<2>, unsigned int, 4, 64, 64>(T1 *, at::<unnamed>::CatArrInputTensorMetadata<T1, T2, T4, T5>, at::<unnamed>::TensorSizeStride<T2, 4>, int, T2)",2104064.0,0.0,13696.0,9.93,40.62
"void at::<unnamed>::CatArrayBatchedCopy<at::<unnamed>::OpaqueType<2>, unsigned int, 4, 64, 64>(T1 *, at::<unnamed>::CatArrInputTensorMetadata<T1, T2, T4, T5>, at::<unnamed>::TensorSizeStride<T2, 4>, int, T2)",2104064.0,0.0,13472.0,10.06,41.21
"void at::<unnamed>::CatArrayBatchedCopy<at::<unnamed>::OpaqueType<2>, unsigned int, 4, 64, 64>(T1 *, at::<unnamed>::CatArrInputTensorMetadata<T1, T2, T4, T5>, at::<unnamed>::TensorSizeStride<T2, 4>, int, T2)",2104192.0,0.0,13536.0,10.05,41.11
"void at::<unnamed>::CatArrayBatchedCopy<at::<unnamed>::OpaqueType<2>, unsigned int, 4, 64, 64>(T1 *, at::<unnamed>::CatArrInputTensorMetadata<T1, T2, T4, T5>, at::<unnamed>::TensorSizeStride<T2, 4>, int, T2)",2104064.0,0.0,13536.0,10.03,41.06
"void at::<unnamed>::CatArrayBatchedCopy<at::<unnamed>::OpaqueType<2>, unsigned int, 4, 64, 64>(T1 *, at::<unnamed>::CatArrInputTensorMetadata<T1, T2, T4, T5>, at::<unnamed>::TensorSizeStride<T2, 4>, int, T2)",2104064.0,0.0,13600.0,9.97,40.91
"void at::<unnamed>::CatArrayBatchedCopy<at::<unnamed>::OpaqueType<2>, unsigned int, 4, 64, 64>(T1 *, at::<unnamed>::CatArrInputTensorMetadata<T1, T2, T4, T5>, at::<unnamed>::TensorSizeStride<T2, 4>, int, T2)",2104192.0,0.0,13632.0,9.96,40.76
"void at::<unnamed>::CatArrayBatchedCopy<at::<unnamed>::OpaqueType<2>, unsigned int, 4, 64, 64>(T1 *, at::<unnamed>::CatArrInputTensorMetadata<T1, T2, T4, T5>, at::<unnamed>::TensorSizeStride<T2, 4>, int, T2)",2104192.0,0.0,13600.0,9.99,40.91
"void at::<unnamed>::CatArrayBatchedCopy<at::<unnamed>::OpaqueType<2>, unsigned int, 4, 64, 64>(T1 *, at::<unnamed>::CatArrInputTensorMetadata<T1, T2, T4, T5>, at::<unnamed>::TensorSizeStride<T2, 4>, int, T2)",2104064.0,0.0,13536.0,10.01,41.03
"void at::<unnamed>::CatArrayBatchedCopy<at::<unnamed>::OpaqueType<2>, unsigned int, 4, 64, 64>(T1 *, at::<unnamed>::CatArrInputTensorMetadata<T1, T2, T4, T5>, at::<unnamed>::TensorSizeStride<T2, 4>, int, T2)",2104064.0,0.0,13600.0,9.98,40.93
"void at::<unnamed>::CatArrayBatchedCopy<at::<unnamed>::OpaqueType<2>, unsigned int, 4, 64, 64>(T1 *, at::<unnamed>::CatArrInputTensorMetadata<T1, T2, T4, T5>, at::<unnamed>::TensorSizeStride<T2, 4>, int, T2)",2104192.0,0.0,13536.0,10.03,41.16
"void at::<unnamed>::CatArrayBatchedCopy<at::<unnamed>::OpaqueType<2>, unsigned int, 4, 64, 64>(T1 *, at::<unnamed>::CatArrInputTensorMetadata<T1, T2, T4, T5>, at::<unnamed>::TensorSizeStride<T2, 4>, int, T2)",2104192.0,0.0,13952.0,9.72,39.78
"void at::<unnamed>::CatArrayBatchedCopy<at::<unnamed>::OpaqueType<2>, unsigned int, 4, 64, 64>(T1 *, at::<unnamed>::CatArrInputTensorMetadata<T1, T2, T4, T5>, at::<unnamed>::TensorSizeStride<T2, 4>, int, T2)",2104064.0,0.0,13472.0,10.06,41.18
"void at::<unnamed>::CatArrayBatchedCopy<at::<unnamed>::OpaqueType<2>, unsigned int, 4, 64, 64>(T1 *, at::<unnamed>::CatArrInputTensorMetadata<T1, T2, T4, T5>, at::<unnamed>::TensorSizeStride<T2, 4>, int, T2)",2104064.0,0.0,13696.0,9.91,40.54
"void at::<unnamed>::CatArrayBatchedCopy<at::<unnamed>::OpaqueType<2>, unsigned int, 4, 64, 64>(T1 *, at::<unnamed>::CatArrInputTensorMetadata<T1, T2, T4, T5>, at::<unnamed>::TensorSizeStride<T2, 4>, int, T2)",2104192.0,0.0,13536.0,10.03,41.03
"void at::<unnamed>::CatArrayBatchedCopy<at::<unnamed>::OpaqueType<2>, unsigned int, 4, 64, 64>(T1 *, at::<unnamed>::CatArrInputTensorMetadata<T1, T2, T4, T5>, at::<unnamed>::TensorSizeStride<T2, 4>, int, T2)",2104192.0,0.0,13760.0,9.85,40.34
"void at::<unnamed>::CatArrayBatchedCopy<at::<unnamed>::OpaqueType<2>, unsigned int, 4, 64, 64>(T1 *, at::<unnamed>::CatArrInputTensorMetadata<T1, T2, T4, T5>, at::<unnamed>::TensorSizeStride<T2, 4>, int, T2)",2104192.0,0.0,13472.0,10.07,41.24
"void at::<unnamed>::CatArrayBatchedCopy<at::<unnamed>::OpaqueType<2>, unsigned int, 4, 64, 64>(T1 *, at::<unnamed>::CatArrInputTensorMetadata<T1, T2, T4, T5>, at::<unnamed>::TensorSizeStride<T2, 4>, int, T2)",2104064.0,0.0,13664.0,9.92,40.72
"void at::<unnamed>::CatArrayBatchedCopy<at::<unnamed>::OpaqueType<2>, unsigned int, 4, 64, 64>(T1 *, at::<unnamed>::CatArrInputTensorMetadata<T1, T2, T4, T5>, at::<unnamed>::TensorSizeStride<T2, 4>, int, T2)",2104192.0,0.0,13440.0,10.09,41.34
"void at::<unnamed>::CatArrayBatchedCopy<at::<unnamed>::OpaqueType<2>, unsigned int, 4, 64, 64>(T1 *, at::<unnamed>::CatArrInputTensorMetadata<T1, T2, T4, T5>, at::<unnamed>::TensorSizeStride<T2, 4>, int, T2)",2104192.0,0.0,13408.0,10.12,41.4
"void at::<unnamed>::CatArrayBatchedCopy<at::<unnamed>::OpaqueType<2>, unsigned int, 4, 64, 64>(T1 *, at::<unnamed>::CatArrInputTensorMetadata<T1, T2, T4, T5>, at::<unnamed>::TensorSizeStride<T2, 4>, int, T2)",2104192.0,0.0,13504.0,10.05,41.17
"void at::<unnamed>::CatArrayBatchedCopy<at::<unnamed>::OpaqueType<2>, unsigned int, 4, 64, 64>(T1 *, at::<unnamed>::CatArrInputTensorMetadata<T1, T2, T4, T5>, at::<unnamed>::TensorSizeStride<T2, 4>, int, T2)",2104064.0,0.0,13632.0,9.94,40.71
"void at::<unnamed>::CatArrayBatchedCopy<at::<unnamed>::OpaqueType<2>, unsigned int, 4, 64, 64>(T1 *, at::<unnamed>::CatArrInputTensorMetadata<T1, T2, T4, T5>, at::<unnamed>::TensorSizeStride<T2, 4>, int, T2)",2104064.0,0.0,13376.0,10.14,41.42
"void at::<unnamed>::indexSelectSmallIndex<c10::Half, long, unsigned int, 2, 2, (int)-2>(cuda::TensorInfo<T1, T3>, cuda::TensorInfo<const T1, T3>, cuda::TensorInfo<const T2, T3>, int, int, T3, long)",11648.0,0.0,4288.0,0.18,0.56
"void at::unrolled_elementwise_kernel<at::direct_copy_kernel_cuda(at::TensorIteratorBase &)::[lambda() (instance 3)]::operator ()() const::[lambda() (instance 11)]::operator ()() const::[lambda(bool) (instance 1)], std::array<char *, 2>, 4, TrivialOffsetCalculator<1, unsigned int>, TrivialOffsetCalculator<1, unsigned int>, memory::LoadWithCast<1>, memory::StoreWithCast<1>>(int, T1, T2, T4, T5, T6, T7)",50304.0,0.0,5984.0,0.54,0.1
"void at::unrolled_elementwise_kernel<at::direct_copy_kernel_cuda(at::TensorIteratorBase &)::[lambda() (instance 3)]::operator ()() const::[lambda() (instance 4)]::operator ()() const::[lambda(long) (instance 1)], std::array<char *, 2>, 4, TrivialOffsetCalculator<1, unsigned int>, TrivialOffsetCalculator<1, unsigned int>, memory::LoadWithCast<1>, memory::StoreWithCast<1>>(int, T1, T2, T4, T5, T6, T7)",35328.0,0.0,5984.0,0.38,0.1
"void at::reduce_kernel<512, 1, at::ReduceOp<long, at::func_wrapper_t<long, at::sum_functor<long, long, long>::operator ()(at::TensorIterator &)::[lambda(long, long) (instance 1)]>, unsigned int, long, 4, 4>>(T3)",68352.0,0.0,5632.0,0.78,0.11
"void at::vectorized_elementwise_kernel<4, at::AUnaryFunctor<long, long, bool, at::<unnamed>::CompareEqFunctor<long>>, std::array<char *, 2>>(int, T2, T3)",6528.0,0.0,3040.0,0.14,0.03
"void at::unrolled_elementwise_kernel<at::direct_copy_kernel_cuda(at::TensorIteratorBase &)::[lambda() (instance 3)]::operator ()() const::[lambda() (instance 7)]::operator ()() const::[lambda(float) (instance 1)], std::array<char *, 2>, 4, TrivialOffsetCalculator<1, unsigned int>, TrivialOffsetCalculator<1, unsigned int>, memory::LoadWithCast<1>, memory::StoreWithCast<1>>(int, T1, T2, T4, T5, T6, T7)",32256.0,0.0,3648.0,0.58,0.01
"void gemmk1_kernel<int, float, 256, 5, 1, 0, 0, 0, cublasGemvTensorStridedBatched<const float>, cublasGemvTensorStridedBatched<const float>, cublasGemvTensorStridedBatched<float>, float, 0>(cublasGemmk1Params<T2, T9, T10, T11, T12, biasType<T11::value_type, T12>::type>)",6144.0,0.0,2976.0,0.13,0.06
"void at::<unnamed>::CatArrayBatchedCopy_vectorized<at::<unnamed>::OpaqueType<4>, unsigned int, 3, 128, 1, 16, 4>(char *, at::<unnamed>::CatArrInputTensorMetadata<T1, T2, T4, T5>, at::<unnamed>::TensorSizeStride<T2, 4>, int, T2)",4224.0,0.0,4128.0,0.07,0.01
"void at::vectorized_elementwise_kernel<4, at::cos_kernel_cuda(at::TensorIteratorBase &)::[lambda() (instance 2)]::operator ()() const::[lambda() (instance 2)]::operator ()() const::[lambda(float) (instance 1)], std::array<char *, 2>>(int, T2, T3)",40448.0,0.0,4192.0,0.63,0.02
"void at::vectorized_elementwise_kernel<4, at::AUnaryFunctor<float, float, float, binary_internal::MulFunctor<float>>, std::array<char *, 2>>(int, T2, T3)",5248.0,0.0,2944.0,0.12,0.02
"void at::vectorized_elementwise_kernel<4, at::sin_kernel_cuda(at::TensorIteratorBase &)::[lambda() (instance 2)]::operator ()() const::[lambda() (instance 2)]::operator ()() const::[lambda(float) (instance 1)], std::array<char *, 2>>(int, T2, T3)",40064.0,0.0,4000.0,0.65,0.03
"void at::vectorized_elementwise_kernel<4, at::AUnaryFunctor<float, float, float, binary_internal::MulFunctor<float>>, std::array<char *, 2>>(int, T2, T3)",5248.0,0.0,2752.0,0.12,0.02
"void at::vectorized_elementwise_kernel<4, at::float16_copy_kernel_cuda(at::TensorIteratorBase &)::[lambda(float) (instance 1)], std::array<char *, 2>>(int, T2, T3)",5504.0,0.0,2720.0,0.13,0.03
"void at::vectorized_elementwise_kernel<4, at::float16_copy_kernel_cuda(at::TensorIteratorBase &)::[lambda(float) (instance 1)], std::array<char *, 2>>(int, T2, T3)",5504.0,0.0,2912.0,0.12,0.02
"void at::unrolled_elementwise_kernel<at::direct_copy_kernel_cuda(at::TensorIteratorBase &)::[lambda() (instance 3)]::operator ()() const::[lambda() (instance 7)]::operator ()() const::[lambda(float) (instance 1)], std::array<char *, 2>, 4, TrivialOffsetCalculator<1, unsigned int>, TrivialOffsetCalculator<1, unsigned int>, memory::LoadWithCast<1>, memory::StoreWithCast<1>>(int, T1, T2, T4, T5, T6, T7)",39296.0,0.0,5888.0,0.43,0.16
"void at::vectorized_elementwise_kernel<4, void at::<unnamed>::pow_tensor_scalar_kernel_impl<float, float>(at::TensorIteratorBase &, T2)::[lambda(float) (instance 1)], std::array<char *, 2>>(int, T2, T3)",19072.0,0.0,2912.0,0.43,0.05
"void at::reduce_kernel<512, 1, at::ReduceOp<float, at::MeanOps<float, float, float, float>, unsigned int, float, 4, 4>>(T3)",65408.0,0.0,5824.0,0.73,0.1
"void at::vectorized_elementwise_kernel<4, at::CUDAFunctorOnSelf_add<float>, std::array<char *, 2>>(int, T2, T3)",4864.0,0.0,2656.0,0.12,0.02
"void at::vectorized_elementwise_kernel<4, at::rsqrt_kernel_cuda(at::TensorIteratorBase &)::[lambda() (instance 2)]::operator ()() const::[lambda() (instance 2)]::operator ()() const::[lambda(float) (instance 1)], std::array<char *, 2>>(int, T2, T3)",6400.0,0.0,2880.0,0.15,0.04
"void at::elementwise_kernel<128, 2, void at::gpu_kernel_impl_nocast<at::BinaryFunctor<float, float, float, binary_internal::MulFunctor<float>>>(at::TensorIteratorBase &, const T1 &)::[lambda(int) (instance 1)]>(int, T3)",25472.0,0.0,4064.0,0.4,0.18
"void at::vectorized_elementwise_kernel<4, at::float16_copy_kernel_cuda(at::TensorIteratorBase &)::[lambda(float) (instance 1)], std::array<char *, 2>>(int, T2, T3)",19328.0,0.0,2848.0,0.45,0.05
"void at::vectorized_elementwise_kernel<4, at::BinaryFunctor<c10::Half, c10::Half, c10::Half, binary_internal::MulFunctor<float>>, std::array<char *, 3>>(int, T2, T3)",20608.0,0.0,3008.0,0.44,0.08
ampere_fp16_s16816gemm_fp16_64x64_sliced1x2_ldg8_relu_f2f_stages_64x6_tn,25720192.0,1222912.0,28256.0,61.45,18.77
"void gemv2T_kernel_val<int, int, __half, float, float, float, 128, 16, 4, 4, 0, 1, cublasGemvParamsEx<int, cublasGemvTensorStridedBatched<const __half>, cublasGemvTensorStridedBatched<const float>, cublasGemvTensorStridedBatched<float>, float>>(T13, T6, T6)",3686144.0,0.0,10656.0,22.34,20.59
"void cublasLt::splitKreduce_kernel<32, 16, int, float, __half, float, __half, 0, __half, __half, __half, 1, 0, 0>(cublasLt::cublasSplitKParams<T6>, const T4 *, const T10 *, T9 *, T5 *, const T6 *, const T6 *, const T11 *, const T4 *, T11 *, void *, long, T6 *, int *, T6 *, T6 *, const T6 *, const T6 *, const T6 *, const T6 *, const T6 *)",40704.0,0.0,3776.0,0.7,3.49
"void epilogue::globalKernel<8, 32, __half, __half, float, 1, 1, 1>(int, int, long, T3 *, cublasLtEpilogue_t, int, T4 *, long, void *, long, long, long, T5 *, long, int *)",7808.0,0.0,3424.0,0.15,1.19
"void gemv2T_kernel_val<int, int, __half, float, float, float, 128, 16, 4, 4, 0, 1, cublasGemvParamsEx<int, cublasGemvTensorStridedBatched<const __half>, cublasGemvTensorStridedBatched<const float>, cublasGemvTensorStridedBatched<float>, float>>(T13, T6, T6)",3686144.0,256.0,10624.0,22.39,20.59
"void cublasLt::splitKreduce_kernel<32, 16, int, float, __half, float, __half, 0, __half, __half, __half, 1, 0, 0>(cublasLt::cublasSplitKParams<T6>, const T4 *, const T10 *, T9 *, T5 *, const T6 *, const T6 *, const T11 *, const T4 *, T11 *, void *, long, T6 *, int *, T6 *, T6 *, const T6 *, const T6 *, const T6 *, const T6 *, const T6 *)",40704.0,0.0,3680.0,0.72,3.59
"void epilogue::globalKernel<8, 32, __half, __half, float, 1, 1, 1>(int, int, long, T3 *, cublasLtEpilogue_t, int, T4 *, long, void *, long, long, long, T5 *, long, int *)",7808.0,0.0,3328.0,0.15,1.24
"void at::elementwise_kernel<128, 4, void at::gpu_kernel_impl_nocast<at::BinaryFunctor<c10::Half, c10::Half, c10::Half, binary_internal::MulFunctor<float>>>(at::TensorIteratorBase &, const T1 &)::[lambda(int) (instance 1)]>(int, T3)",27264.0,0.0,5344.0,0.33,0.17
"void at::elementwise_kernel<128, 4, void at::gpu_kernel_impl_nocast<at::neg_kernel_cuda(at::TensorIteratorBase &)::[lambda() (instance 2)]::operator ()() const::[lambda() (instance 8)]::operator ()() const::[lambda(c10::Half) (instance 1)]>(at::TensorIteratorBase &, const T1 &)::[lambda(int) (instance 1)]>(int, T3)",21376.0,0.0,5440.0,0.26,0.07
"void at::<unnamed>::CatArrayBatchedCopy<at::<unnamed>::OpaqueType<2>, unsigned int, 4, 64, 64>(T1 *, at::<unnamed>::CatArrInputTensorMetadata<T1, T2, T4, T5>, at::<unnamed>::TensorSizeStride<T2, 4>, int, T2)",14208.0,0.0,6720.0,0.14,3.67
"void at::elementwise_kernel<128, 4, void at::gpu_kernel_impl_nocast<at::BinaryFunctor<c10::Half, c10::Half, c10::Half, binary_internal::MulFunctor<float>>>(at::TensorIteratorBase &, const T1 &)::[lambda(int) (instance 1)]>(int, T3)",27136.0,0.0,5440.0,0.32,0.17
"void at::vectorized_elementwise_kernel<4, at::CUDAFunctor_add<c10::Half>, std::array<char *, 3>>(int, T2, T3)",20608.0,0.0,3040.0,0.44,0.08
"void at::elementwise_kernel<128, 4, void at::gpu_kernel_impl_nocast<at::BinaryFunctor<c10::Half, c10::Half, c10::Half, binary_internal::MulFunctor<float>>>(at::TensorIteratorBase &, const T1 &)::[lambda(int) (instance 1)]>(int, T3)",20992.0,0.0,5024.0,0.27,0.03
"void at::elementwise_kernel<128, 4, void at::gpu_kernel_impl_nocast<at::neg_kernel_cuda(at::TensorIteratorBase &)::[lambda() (instance 2)]::operator ()() const::[lambda() (instance 8)]::operator ()() const::[lambda(c10::Half) (instance 1)]>(at::TensorIteratorBase &, const T1 &)::[lambda(int) (instance 1)]>(int, T3)",18304.0,0.0,3936.0,0.3,0.02
"void at::<unnamed>::CatArrayBatchedCopy<at::<unnamed>::OpaqueType<2>, unsigned int, 4, 64, 64>(T1 *, at::<unnamed>::CatArrInputTensorMetadata<T1, T2, T4, T5>, at::<unnamed>::TensorSizeStride<T2, 4>, int, T2)",8064.0,0.0,5408.0,0.1,3.97
"void at::elementwise_kernel<128, 4, void at::gpu_kernel_impl_nocast<at::BinaryFunctor<c10::Half, c10::Half, c10::Half, binary_internal::MulFunctor<float>>>(at::TensorIteratorBase &, const T1 &)::[lambda(int) (instance 1)]>(int, T3)",20992.0,0.0,5536.0,0.25,0.02
"void at::vectorized_elementwise_kernel<4, at::CUDAFunctor_add<c10::Half>, std::array<char *, 3>>(int, T2, T3)",8320.0,0.0,3200.0,0.17,0.04
"void at::<unnamed>::CatArrayBatchedCopy_vectorized<at::<unnamed>::OpaqueType<2>, unsigned int, 3, 128, 1, 16, 8>(char *, at::<unnamed>::CatArrInputTensorMetadata<T1, T2, T4, T5>, at::<unnamed>::TensorSizeStride<T2, 4>, int, T2)",2102144.0,0.0,5984.0,22.81,11.27
"void at::<unnamed>::CatArrayBatchedCopy_vectorized<at::<unnamed>::OpaqueType<2>, unsigned int, 3, 128, 1, 16, 8>(char *, at::<unnamed>::CatArrInputTensorMetadata<T1, T2, T4, T5>, at::<unnamed>::TensorSizeStride<T2, 4>, int, T2)",2102272.0,0.0,5888.0,23.2,11.46
"void pytorch_flash::flash_fwd_splitkv_kernel<Flash_fwd_kernel_traits<128, 64, 128, 4, 0, 0, cutlass::half_t, Flash_kernel_traits<128, 64, 128, 4, cutlass::half_t>>, 0, 0, 0, 0, 1, 0, 1, 0>(pytorch_flash::Flash_fwd_params)",4261888.0,0.0,10464.0,26.32,8.86
"void pytorch_flash::flash_fwd_splitkv_combine_kernel<Flash_fwd_kernel_traits<128, 64, 128, 4, 0, 0, cutlass::half_t, Flash_kernel_traits<128, 64, 128, 4, cutlass::half_t>>, 4, 5, 1>(pytorch_flash::Flash_fwd_params)",268416.0,0.0,13120.0,1.32,0.28
ampere_fp16_s16816gemm_fp16_64x64_sliced1x2_ldg8_f2f_stages_64x6_tn,25712256.0,1090304.0,26880.0,64.18,19.7
"void at::vectorized_elementwise_kernel<4, at::CUDAFunctor_add<c10::Half>, std::array<char *, 3>>(int, T2, T3)",20608.0,0.0,3008.0,0.45,0.08
"void at::unrolled_elementwise_kernel<at::direct_copy_kernel_cuda(at::TensorIteratorBase &)::[lambda() (instance 3)]::operator ()() const::[lambda() (instance 7)]::operator ()() const::[lambda(float) (instance 1)], std::array<char *, 2>, 4, TrivialOffsetCalculator<1, unsigned int>, TrivialOffsetCalculator<1, unsigned int>, memory::LoadWithCast<1>, memory::StoreWithCast<1>>(int, T1, T2, T4, T5, T6, T7)",39296.0,0.0,5920.0,0.43,0.16
"void at::vectorized_elementwise_kernel<4, void at::<unnamed>::pow_tensor_scalar_kernel_impl<float, float>(at::TensorIteratorBase &, T2)::[lambda(float) (instance 1)], std::array<char *, 2>>(int, T2, T3)",19072.0,0.0,2816.0,0.44,0.05
"void at::reduce_kernel<512, 1, at::ReduceOp<float, at::MeanOps<float, float, float, float>, unsigned int, float, 4, 4>>(T3)",65408.0,0.0,5792.0,0.73,0.1
"void at::vectorized_elementwise_kernel<4, at::CUDAFunctorOnSelf_add<float>, std::array<char *, 2>>(int, T2, T3)",4864.0,0.0,2720.0,0.12,0.02
"void at::vectorized_elementwise_kernel<4, at::rsqrt_kernel_cuda(at::TensorIteratorBase &)::[lambda() (instance 2)]::operator ()() const::[lambda() (instance 2)]::operator ()() const::[lambda(float) (instance 1)], std::array<char *, 2>>(int, T2, T3)",6400.0,0.0,2848.0,0.15,0.04
"void at::elementwise_kernel<128, 2, void at::gpu_kernel_impl_nocast<at::BinaryFunctor<float, float, float, binary_internal::MulFunctor<float>>>(at::TensorIteratorBase &, const T1 &)::[lambda(int) (instance 1)]>(int, T3)",25344.0,0.0,4064.0,0.4,0.18
"void at::vectorized_elementwise_kernel<4, at::float16_copy_kernel_cuda(at::TensorIteratorBase &)::[lambda(float) (instance 1)], std::array<char *, 2>>(int, T2, T3)",19328.0,0.0,2784.0,0.45,0.05
"void at::vectorized_elementwise_kernel<4, at::BinaryFunctor<c10::Half, c10::Half, c10::Half, binary_internal::MulFunctor<float>>, std::array<char *, 3>>(int, T2, T3)",20608.0,0.0,3008.0,0.44,0.08
ampere_fp16_s16816gemm_fp16_128x64_ldg8_f2f_stages_32x6_tn,135814400.0,2441728.0,109856.0,80.95,25.45
"void cublasLt::splitKreduce_kernel<32, 16, int, __half, __half, float, __half, 0, __half, __half, __half, 1, 0, 0>(cublasLt::cublasSplitKParams<T6>, const T4 *, const T10 *, T9 *, T5 *, const T6 *, const T6 *, const T11 *, const T4 *, T11 *, void *, long, T6 *, int *, T6 *, T6 *, const T6 *, const T6 *, const T6 *, const T6 *, const T6 *)",160000.0,0.0,4608.0,2.25,14.0
"void at::vectorized_elementwise_kernel<4, at::<unnamed>::silu_kernel(at::TensorIteratorBase &)::[lambda() (instance 1)]::operator ()() const::[lambda() (instance 5)]::operator ()() const::[lambda(c10::Half) (instance 1)], std::array<char *, 2>>(int, T2, T3)",51200.0,0.0,3712.0,0.9,0.68
ampere_fp16_s16816gemm_fp16_128x64_ldg8_f2f_stages_32x6_tn,135820800.0,2446592.0,110464.0,80.52,25.3
"void cublasLt::splitKreduce_kernel<32, 16, int, __half, __half, float, __half, 0, __half, __half, __half, 1, 0, 0>(cublasLt::cublasSplitKParams<T6>, const T4 *, const T10 *, T9 *, T5 *, const T6 *, const T6 *, const T11 *, const T4 *, T11 *, void *, long, T6 *, int *, T6 *, T6 *, const T6 *, const T6 *, const T6 *, const T6 *, const T6 *)",160000.0,0.0,4544.0,2.28,14.24
"void at::vectorized_elementwise_kernel<4, at::BinaryFunctor<c10::Half, c10::Half, c10::Half, binary_internal::MulFunctor<float>>, std::array<char *, 3>>(int, T2, T3)",82048.0,0.0,3264.0,1.64,0.24
ampere_fp16_s16816gemm_fp16_64x64_sliced1x2_ldg8_f2f_stages_64x6_tn,135844352.0,2408320.0,110304.0,80.63,25.33
"void cublasLt::splitKreduce_kernel<32, 16, int, __half, __half, float, __half, 0, __half, __half, __half, 1, 0, 0>(cublasLt::cublasSplitKParams<T6>, const T4 *, const T10 *, T9 *, T5 *, const T6 *, const T6 *, const T11 *, const T4 *, T11 *, void *, long, T6 *, int *, T6 *, T6 *, const T6 *, const T6 *, const T6 *, const T6 *, const T6 *)",72960.0,0.0,4064.0,1.17,3.42
"void at::vectorized_elementwise_kernel<4, at::CUDAFunctor_add<c10::Half>, std::array<char *, 3>>(int, T2, T3)",20608.0,0.0,3136.0,0.43,0.07
"void at::unrolled_elementwise_kernel<at::direct_copy_kernel_cuda(at::TensorIteratorBase &)::[lambda() (instance 3)]::operator ()() const::[lambda() (instance 7)]::operator ()() const::[lambda(float) (instance 1)], std::array<char *, 2>, 4, TrivialOffsetCalculator<1, unsigned int>, TrivialOffsetCalculator<1, unsigned int>, memory::LoadWithCast<1>, memory::StoreWithCast<1>>(int, T1, T2, T4, T5, T6, T7)",39296.0,0.0,5856.0,0.43,0.16
"void at::vectorized_elementwise_kernel<4, void at::<unnamed>::pow_tensor_scalar_kernel_impl<float, float>(at::TensorIteratorBase &, T2)::[lambda(float) (instance 1)], std::array<char *, 2>>(int, T2, T3)",19072.0,0.0,3168.0,0.4,0.04
"void at::reduce_kernel<512, 1, at::ReduceOp<float, at::MeanOps<float, float, float, float>, unsigned int, float, 4, 4>>(T3)",65408.0,0.0,5856.0,0.72,0.1
"void at::vectorized_elementwise_kernel<4, at::CUDAFunctorOnSelf_add<float>, std::array<char *, 2>>(int, T2, T3)",4736.0,0.0,2688.0,0.11,0.02
"void at::vectorized_elementwise_kernel<4, at::rsqrt_kernel_cuda(at::TensorIteratorBase &)::[lambda() (instance 2)]::operator ()() const::[lambda() (instance 2)]::operator ()() const::[lambda(float) (instance 1)], std::array<char *, 2>>(int, T2, T3)",6400.0,0.0,2848.0,0.15,0.04
"void at::elementwise_kernel<128, 2, void at::gpu_kernel_impl_nocast<at::BinaryFunctor<float, float, float, binary_internal::MulFunctor<float>>>(at::TensorIteratorBase &, const T1 &)::[lambda(int) (instance 1)]>(int, T3)",25472.0,0.0,4128.0,0.4,0.18
"void at::vectorized_elementwise_kernel<4, at::float16_copy_kernel_cuda(at::TensorIteratorBase &)::[lambda(float) (instance 1)], std::array<char *, 2>>(int, T2, T3)",19456.0,0.0,2944.0,0.43,0.05
"void at::vectorized_elementwise_kernel<4, at::BinaryFunctor<c10::Half, c10::Half, c10::Half, binary_internal::MulFunctor<float>>, std::array<char *, 3>>(int, T2, T3)",20608.0,0.0,3264.0,0.42,0.07
ampere_fp16_s16816gemm_fp16_64x64_sliced1x2_ldg8_relu_f2f_stages_64x6_tn,25720448.0,595456.0,27264.0,62.11,19.42
"void gemv2T_kernel_val<int, int, __half, float, float, float, 128, 16, 4, 4, 0, 1, cublasGemvParamsEx<int, cublasGemvTensorStridedBatched<const __half>, cublasGemvTensorStridedBatched<const float>, cublasGemvTensorStridedBatched<float>, float>>(T13, T6, T6)",3686144.0,384.0,10464.0,22.77,20.98
"void cublasLt::splitKreduce_kernel<32, 16, int, float, __half, float, __half, 0, __half, __half, __half, 1, 0, 0>(cublasLt::cublasSplitKParams<T6>, const T4 *, const T10 *, T9 *, T5 *, const T6 *, const T6 *, const T11 *, const T4 *, T11 *, void *, long, T6 *, int *, T6 *, T6 *, const T6 *, const T6 *, const T6 *, const T6 *, const T6 *)",40704.0,0.0,3840.0,0.69,3.43
"void epilogue::globalKernel<8, 32, __half, __half, float, 1, 1, 1>(int, int, long, T3 *, cublasLtEpilogue_t, int, T4 *, long, void *, long, long, long, T5 *, long, int *)",7808.0,0.0,3360.0,0.15,1.23
"void gemv2T_kernel_val<int, int, __half, float, float, float, 128, 16, 4, 4, 0, 1, cublasGemvParamsEx<int, cublasGemvTensorStridedBatched<const __half>, cublasGemvTensorStridedBatched<const float>, cublasGemvTensorStridedBatched<float>, float>>(T13, T6, T6)",3686144.0,128.0,10592.0,22.43,20.73
"void cublasLt::splitKreduce_kernel<32, 16, int, float, __half, float, __half, 0, __half, __half, __half, 1, 0, 0>(cublasLt::cublasSplitKParams<T6>, const T4 *, const T10 *, T9 *, T5 *, const T6 *, const T6 *, const T11 *, const T4 *, T11 *, void *, long, T6 *, int *, T6 *, T6 *, const T6 *, const T6 *, const T6 *, const T6 *, const T6 *)",40704.0,0.0,3808.0,0.7,3.46
"void epilogue::globalKernel<8, 32, __half, __half, float, 1, 1, 1>(int, int, long, T3 *, cublasLtEpilogue_t, int, T4 *, long, void *, long, long, long, T5 *, long, int *)",7808.0,0.0,3392.0,0.15,1.22
"void at::elementwise_kernel<128, 4, void at::gpu_kernel_impl_nocast<at::BinaryFunctor<c10::Half, c10::Half, c10::Half, binary_internal::MulFunctor<float>>>(at::TensorIteratorBase &, const T1 &)::[lambda(int) (instance 1)]>(int, T3)",27264.0,0.0,5504.0,0.32,0.16
"void at::elementwise_kernel<128, 4, void at::gpu_kernel_impl_nocast<at::neg_kernel_cuda(at::TensorIteratorBase &)::[lambda() (instance 2)]::operator ()() const::[lambda() (instance 8)]::operator ()() const::[lambda(c10::Half) (instance 1)]>(at::TensorIteratorBase &, const T1 &)::[lambda(int) (instance 1)]>(int, T3)",21376.0,0.0,5376.0,0.26,0.07
"void at::<unnamed>::CatArrayBatchedCopy<at::<unnamed>::OpaqueType<2>, unsigned int, 4, 64, 64>(T1 *, at::<unnamed>::CatArrInputTensorMetadata<T1, T2, T4, T5>, at::<unnamed>::TensorSizeStride<T2, 4>, int, T2)",14208.0,0.0,6592.0,0.14,3.72
"void at::elementwise_kernel<128, 4, void at::gpu_kernel_impl_nocast<at::BinaryFunctor<c10::Half, c10::Half, c10::Half, binary_internal::MulFunctor<float>>>(at::TensorIteratorBase &, const T1 &)::[lambda(int) (instance 1)]>(int, T3)",27264.0,0.0,5216.0,0.34,0.17
"void at::vectorized_elementwise_kernel<4, at::CUDAFunctor_add<c10::Half>, std::array<char *, 3>>(int, T2, T3)",20608.0,0.0,2848.0,0.47,0.08
"void at::elementwise_kernel<128, 4, void at::gpu_kernel_impl_nocast<at::BinaryFunctor<c10::Half, c10::Half, c10::Half, binary_internal::MulFunctor<float>>>(at::TensorIteratorBase &, const T1 &)::[lambda(int) (instance 1)]>(int, T3)",20992.0,0.0,4960.0,0.27,0.03
"void at::elementwise_kernel<128, 4, void at::gpu_kernel_impl_nocast<at::neg_kernel_cuda(at::TensorIteratorBase &)::[lambda() (instance 2)]::operator ()() const::[lambda() (instance 8)]::operator ()() const::[lambda(c10::Half) (instance 1)]>(at::TensorIteratorBase &, const T1 &)::[lambda(int) (instance 1)]>(int, T3)",18304.0,0.0,4000.0,0.3,0.02
"void at::<unnamed>::CatArrayBatchedCopy<at::<unnamed>::OpaqueType<2>, unsigned int, 4, 64, 64>(T1 *, at::<unnamed>::CatArrInputTensorMetadata<T1, T2, T4, T5>, at::<unnamed>::TensorSizeStride<T2, 4>, int, T2)",8448.0,0.0,5344.0,0.1,4.01
"void at::elementwise_kernel<128, 4, void at::gpu_kernel_impl_nocast<at::BinaryFunctor<c10::Half, c10::Half, c10::Half, binary_internal::MulFunctor<float>>>(at::TensorIteratorBase &, const T1 &)::[lambda(int) (instance 1)]>(int, T3)",20992.0,0.0,5024.0,0.27,0.03
"void at::vectorized_elementwise_kernel<4, at::CUDAFunctor_add<c10::Half>, std::array<char *, 3>>(int, T2, T3)",8320.0,0.0,3104.0,0.17,0.04
"void at::<unnamed>::CatArrayBatchedCopy_vectorized<at::<unnamed>::OpaqueType<2>, unsigned int, 3, 128, 1, 16, 8>(char *, at::<unnamed>::CatArrInputTensorMetadata<T1, T2, T4, T5>, at::<unnamed>::TensorSizeStride<T2, 4>, int, T2)",2102272.0,0.0,5952.0,22.87,11.36
"void at::<unnamed>::CatArrayBatchedCopy_vectorized<at::<unnamed>::OpaqueType<2>, unsigned int, 3, 128, 1, 16, 8>(char *, at::<unnamed>::CatArrInputTensorMetadata<T1, T2, T4, T5>, at::<unnamed>::TensorSizeStride<T2, 4>, int, T2)",2102272.0,0.0,6048.0,22.51,11.11
"void pytorch_flash::flash_fwd_splitkv_kernel<Flash_fwd_kernel_traits<128, 64, 128, 4, 0, 0, cutlass::half_t, Flash_kernel_traits<128, 64, 128, 4, cutlass::half_t>>, 0, 0, 0, 0, 1, 0, 1, 0>(pytorch_flash::Flash_fwd_params)",4261760.0,0.0,10368.0,26.49,8.92
"void pytorch_flash::flash_fwd_splitkv_combine_kernel<Flash_fwd_kernel_traits<128, 64, 128, 4, 0, 0, cutlass::half_t, Flash_kernel_traits<128, 64, 128, 4, cutlass::half_t>>, 4, 5, 1>(pytorch_flash::Flash_fwd_params)",268416.0,0.0,13344.0,1.3,0.28
ampere_fp16_s16816gemm_fp16_64x64_sliced1x2_ldg8_f2f_stages_64x6_tn,25712384.0,1174016.0,27168.0,63.78,19.51
"void at::vectorized_elementwise_kernel<4, at::CUDAFunctor_add<c10::Half>, std::array<char *, 3>>(int, T2, T3)",20608.0,0.0,3040.0,0.44,0.08
"void at::unrolled_elementwise_kernel<at::direct_copy_kernel_cuda(at::TensorIteratorBase &)::[lambda() (instance 3)]::operator ()() const::[lambda() (instance 7)]::operator ()() const::[lambda(float) (instance 1)], std::array<char *, 2>, 4, TrivialOffsetCalculator<1, unsigned int>, TrivialOffsetCalculator<1, unsigned int>, memory::LoadWithCast<1>, memory::StoreWithCast<1>>(int, T1, T2, T4, T5, T6, T7)",40576.0,0.0,5888.0,0.45,0.16
"void at::vectorized_elementwise_kernel<4, void at::<unnamed>::pow_tensor_scalar_kernel_impl<float, float>(at::TensorIteratorBase &, T2)::[lambda(float) (instance 1)], std::array<char *, 2>>(int, T2, T3)",19072.0,0.0,3040.0,0.41,0.05
"void at::reduce_kernel<512, 1, at::ReduceOp<float, at::MeanOps<float, float, float, float>, unsigned int, float, 4, 4>>(T3)",65536.0,0.0,5632.0,0.75,0.1
"void at::vectorized_elementwise_kernel<4, at::CUDAFunctorOnSelf_add<float>, std::array<char *, 2>>(int, T2, T3)",4736.0,0.0,2688.0,0.12,0.02
"void at::vectorized_elementwise_kernel<4, at::rsqrt_kernel_cuda(at::TensorIteratorBase &)::[lambda() (instance 2)]::operator ()() const::[lambda() (instance 2)]::operator ()() const::[lambda(float) (instance 1)], std::array<char *, 2>>(int, T2, T3)",6272.0,0.0,2848.0,0.14,0.04
"void at::elementwise_kernel<128, 2, void at::gpu_kernel_impl_nocast<at::BinaryFunctor<float, float, float, binary_internal::MulFunctor<float>>>(at::TensorIteratorBase &, const T1 &)::[lambda(int) (instance 1)]>(int, T3)",25344.0,0.0,4064.0,0.4,0.18
"void at::vectorized_elementwise_kernel<4, at::float16_copy_kernel_cuda(at::TensorIteratorBase &)::[lambda(float) (instance 1)], std::array<char *, 2>>(int, T2, T3)",19328.0,0.0,3008.0,0.42,0.05
"void at::vectorized_elementwise_kernel<4, at::BinaryFunctor<c10::Half, c10::Half, c10::Half, binary_internal::MulFunctor<float>>, std::array<char *, 3>>(int, T2, T3)",20608.0,0.0,3008.0,0.44,0.08
ampere_fp16_s16816gemm_fp16_128x64_ldg8_f2f_stages_32x6_tn,135813888.0,2450816.0,110496.0,80.49,25.28
"void cublasLt::splitKreduce_kernel<32, 16, int, __half, __half, float, __half, 0, __half, __half, __half, 1, 0, 0>(cublasLt::cublasSplitKParams<T6>, const T4 *, const T10 *, T9 *, T5 *, const T6 *, const T6 *, const T11 *, const T4 *, T11 *, void *, long, T6 *, int *, T6 *, T6 *, const T6 *, const T6 *, const T6 *, const T6 *, const T6 *)",160000.0,0.0,4576.0,2.26,14.11
"void at::vectorized_elementwise_kernel<4, at::<unnamed>::silu_kernel(at::TensorIteratorBase &)::[lambda() (instance 1)]::operator ()() const::[lambda() (instance 5)]::operator ()() const::[lambda(c10::Half) (instance 1)], std::array<char *, 2>>(int, T2, T3)",51072.0,0.0,3616.0,0.92,0.7
ampere_fp16_s16816gemm_fp16_128x64_ldg8_f2f_stages_32x6_tn,135813376.0,2421248.0,110144.0,80.72,25.37
"void cublasLt::splitKreduce_kernel<32, 16, int, __half, __half, float, __half, 0, __half, __half, __half, 1, 0, 0>(cublasLt::cublasSplitKParams<T6>, const T4 *, const T10 *, T9 *, T5 *, const T6 *, const T6 *, const T11 *, const T4 *, T11 *, void *, long, T6 *, int *, T6 *, T6 *, const T6 *, const T6 *, const T6 *, const T6 *, const T6 *)",160000.0,0.0,4576.0,2.26,14.08
"void at::vectorized_elementwise_kernel<4, at::BinaryFunctor<c10::Half, c10::Half, c10::Half, binary_internal::MulFunctor<float>>, std::array<char *, 3>>(int, T2, T3)",82048.0,0.0,3136.0,1.71,0.25
ampere_fp16_s16816gemm_fp16_64x64_sliced1x2_ldg8_f2f_stages_64x6_tn,135843584.0,2367616.0,109472.0,81.21,25.52
"void cublasLt::splitKreduce_kernel<32, 16, int, __half, __half, float, __half, 0, __half, __half, __half, 1, 0, 0>(cublasLt::cublasSplitKParams<T6>, const T4 *, const T10 *, T9 *, T5 *, const T6 *, const T6 *, const T11 *, const T4 *, T11 *, void *, long, T6 *, int *, T6 *, T6 *, const T6 *, const T6 *, const T6 *, const T6 *, const T6 *)",72960.0,0.0,3904.0,1.22,3.57
"void at::vectorized_elementwise_kernel<4, at::CUDAFunctor_add<c10::Half>, std::array<char *, 3>>(int, T2, T3)",20608.0,0.0,3040.0,0.45,0.08
"void at::unrolled_elementwise_kernel<at::direct_copy_kernel_cuda(at::TensorIteratorBase &)::[lambda() (instance 3)]::operator ()() const::[lambda() (instance 7)]::operator ()() const::[lambda(float) (instance 1)], std::array<char *, 2>, 4, TrivialOffsetCalculator<1, unsigned int>, TrivialOffsetCalculator<1, unsigned int>, memory::LoadWithCast<1>, memory::StoreWithCast<1>>(int, T1, T2, T4, T5, T6, T7)",39296.0,0.0,5888.0,0.43,0.16
"void at::vectorized_elementwise_kernel<4, void at::<unnamed>::pow_tensor_scalar_kernel_impl<float, float>(at::TensorIteratorBase &, T2)::[lambda(float) (instance 1)], std::array<char *, 2>>(int, T2, T3)",19072.0,0.0,2976.0,0.42,0.05
"void at::reduce_kernel<512, 1, at::ReduceOp<float, at::MeanOps<float, float, float, float>, unsigned int, float, 4, 4>>(T3)",65408.0,0.0,5632.0,0.75,0.1
"void at::vectorized_elementwise_kernel<4, at::CUDAFunctorOnSelf_add<float>, std::array<char *, 2>>(int, T2, T3)",4864.0,0.0,2688.0,0.12,0.02
"void at::vectorized_elementwise_kernel<4, at::rsqrt_kernel_cuda(at::TensorIteratorBase &)::[lambda() (instance 2)]::operator ()() const::[lambda() (instance 2)]::operator ()() const::[lambda(float) (instance 1)], std::array<char *, 2>>(int, T2, T3)",6400.0,0.0,3008.0,0.14,0.04
"void at::elementwise_kernel<128, 2, void at::gpu_kernel_impl_nocast<at::BinaryFunctor<float, float, float, binary_internal::MulFunctor<float>>>(at::TensorIteratorBase &, const T1 &)::[lambda(int) (instance 1)]>(int, T3)",25472.0,0.0,4160.0,0.4,0.18
"void at::vectorized_elementwise_kernel<4, at::float16_copy_kernel_cuda(at::TensorIteratorBase &)::[lambda(float) (instance 1)], std::array<char *, 2>>(int, T2, T3)",19328.0,0.0,2912.0,0.43,0.05
"void at::vectorized_elementwise_kernel<4, at::BinaryFunctor<c10::Half, c10::Half, c10::Half, binary_internal::MulFunctor<float>>, std::array<char *, 3>>(int, T2, T3)",20608.0,0.0,3040.0,0.44,0.08
ampere_fp16_s16816gemm_fp16_64x64_sliced1x2_ldg8_relu_f2f_stages_64x6_tn,25720192.0,750848.0,28032.0,60.85,18.92
"void gemv2T_kernel_val<int, int, __half, float, float, float, 128, 16, 4, 4, 0, 1, cublasGemvParamsEx<int, cublasGemvTensorStridedBatched<const __half>, cublasGemvTensorStridedBatched<const float>, cublasGemvTensorStridedBatched<float>, float>>(T13, T6, T6)",3686144.0,0.0,10560.0,22.51,20.74
"void cublasLt::splitKreduce_kernel<32, 16, int, float, __half, float, __half, 0, __half, __half, __half, 1, 0, 0>(cublasLt::cublasSplitKParams<T6>, const T4 *, const T10 *, T9 *, T5 *, const T6 *, const T6 *, const T11 *, const T4 *, T11 *, void *, long, T6 *, int *, T6 *, T6 *, const T6 *, const T6 *, const T6 *, const T6 *, const T6 *)",40704.0,0.0,3712.0,0.72,3.56
"void epilogue::globalKernel<8, 32, __half, __half, float, 1, 1, 1>(int, int, long, T3 *, cublasLtEpilogue_t, int, T4 *, long, void *, long, long, long, T5 *, long, int *)",7808.0,0.0,3424.0,0.15,1.21
"void gemv2T_kernel_val<int, int, __half, float, float, float, 128, 16, 4, 4, 0, 1, cublasGemvParamsEx<int, cublasGemvTensorStridedBatched<const __half>, cublasGemvTensorStridedBatched<const float>, cublasGemvTensorStridedBatched<float>, float>>(T13, T6, T6)",3686144.0,128.0,10816.0,22.04,20.3
"void cublasLt::splitKreduce_kernel<32, 16, int, float, __half, float, __half, 0, __half, __half, __half, 1, 0, 0>(cublasLt::cublasSplitKParams<T6>, const T4 *, const T10 *, T9 *, T5 *, const T6 *, const T6 *, const T11 *, const T4 *, T11 *, void *, long, T6 *, int *, T6 *, T6 *, const T6 *, const T6 *, const T6 *, const T6 *, const T6 *)",40704.0,0.0,3840.0,0.69,3.41
"void epilogue::globalKernel<8, 32, __half, __half, float, 1, 1, 1>(int, int, long, T3 *, cublasLtEpilogue_t, int, T4 *, long, void *, long, long, long, T5 *, long, int *)",7680.0,0.0,3488.0,0.14,1.19
"void at::elementwise_kernel<128, 4, void at::gpu_kernel_impl_nocast<at::BinaryFunctor<c10::Half, c10::Half, c10::Half, binary_internal::MulFunctor<float>>>(at::TensorIteratorBase &, const T1 &)::[lambda(int) (instance 1)]>(int, T3)",27136.0,0.0,5376.0,0.33,0.17
"void at::elementwise_kernel<128, 4, void at::gpu_kernel_impl_nocast<at::neg_kernel_cuda(at::TensorIteratorBase &)::[lambda() (instance 2)]::operator ()() const::[lambda() (instance 8)]::operator ()() const::[lambda(c10::Half) (instance 1)]>(at::TensorIteratorBase &, const T1 &)::[lambda(int) (instance 1)]>(int, T3)",21376.0,0.0,5152.0,0.27,0.07
"void at::<unnamed>::CatArrayBatchedCopy<at::<unnamed>::OpaqueType<2>, unsigned int, 4, 64, 64>(T1 *, at::<unnamed>::CatArrInputTensorMetadata<T1, T2, T4, T5>, at::<unnamed>::TensorSizeStride<T2, 4>, int, T2)",14208.0,0.0,6688.0,0.14,3.66
"void at::elementwise_kernel<128, 4, void at::gpu_kernel_impl_nocast<at::BinaryFunctor<c10::Half, c10::Half, c10::Half, binary_internal::MulFunctor<float>>>(at::TensorIteratorBase &, const T1 &)::[lambda(int) (instance 1)]>(int, T3)",27264.0,0.0,5088.0,0.35,0.18
"void at::vectorized_elementwise_kernel<4, at::CUDAFunctor_add<c10::Half>, std::array<char *, 3>>(int, T2, T3)",20736.0,0.0,3008.0,0.45,0.08
"void at::elementwise_kernel<128, 4, void at::gpu_kernel_impl_nocast<at::BinaryFunctor<c10::Half, c10::Half, c10::Half, binary_internal::MulFunctor<float>>>(at::TensorIteratorBase &, const T1 &)::[lambda(int) (instance 1)]>(int, T3)",21120.0,0.0,5120.0,0.27,0.03
"void at::elementwise_kernel<128, 4, void at::gpu_kernel_impl_nocast<at::neg_kernel_cuda(at::TensorIteratorBase &)::[lambda() (instance 2)]::operator ()() const::[lambda() (instance 8)]::operator ()() const::[lambda(c10::Half) (instance 1)]>(at::TensorIteratorBase &, const T1 &)::[lambda(int) (instance 1)]>(int, T3)",18304.0,0.0,3904.0,0.3,0.02
"void at::<unnamed>::CatArrayBatchedCopy<at::<unnamed>::OpaqueType<2>, unsigned int, 4, 64, 64>(T1 *, at::<unnamed>::CatArrInputTensorMetadata<T1, T2, T4, T5>, at::<unnamed>::TensorSizeStride<T2, 4>, int, T2)",8064.0,0.0,5408.0,0.1,3.96
"void at::elementwise_kernel<128, 4, void at::gpu_kernel_impl_nocast<at::BinaryFunctor<c10::Half, c10::Half, c10::Half, binary_internal::MulFunctor<float>>>(at::TensorIteratorBase &, const T1 &)::[lambda(int) (instance 1)]>(int, T3)",20992.0,0.0,5440.0,0.25,0.02
"void at::vectorized_elementwise_kernel<4, at::CUDAFunctor_add<c10::Half>, std::array<char *, 3>>(int, T2, T3)",8320.0,0.0,3168.0,0.17,0.04
"void at::<unnamed>::CatArrayBatchedCopy_vectorized<at::<unnamed>::OpaqueType<2>, unsigned int, 3, 128, 1, 16, 8>(char *, at::<unnamed>::CatArrInputTensorMetadata<T1, T2, T4, T5>, at::<unnamed>::TensorSizeStride<T2, 4>, int, T2)",2102912.0,0.0,6016.0,22.64,11.21
"void at::<unnamed>::CatArrayBatchedCopy_vectorized<at::<unnamed>::OpaqueType<2>, unsigned int, 3, 128, 1, 16, 8>(char *, at::<unnamed>::CatArrInputTensorMetadata<T1, T2, T4, T5>, at::<unnamed>::TensorSizeStride<T2, 4>, int, T2)",2102528.0,0.0,6080.0,22.4,11.08
"void pytorch_flash::flash_fwd_splitkv_kernel<Flash_fwd_kernel_traits<128, 64, 128, 4, 0, 0, cutlass::half_t, Flash_kernel_traits<128, 64, 128, 4, cutlass::half_t>>, 0, 0, 0, 0, 1, 0, 1, 0>(pytorch_flash::Flash_fwd_params)",4261888.0,0.0,10560.0,26.09,8.78
"void pytorch_flash::flash_fwd_splitkv_combine_kernel<Flash_fwd_kernel_traits<128, 64, 128, 4, 0, 0, cutlass::half_t, Flash_kernel_traits<128, 64, 128, 4, cutlass::half_t>>, 4, 5, 1>(pytorch_flash::Flash_fwd_params)",268416.0,0.0,13248.0,1.31,0.28
ampere_fp16_s16816gemm_fp16_64x64_sliced1x2_ldg8_f2f_stages_64x6_tn,25712896.0,1035392.0,26752.0,64.4,19.81
"void at::vectorized_elementwise_kernel<4, at::CUDAFunctor_add<c10::Half>, std::array<char *, 3>>(int, T2, T3)",20608.0,0.0,3168.0,0.43,0.07
"void at::unrolled_elementwise_kernel<at::direct_copy_kernel_cuda(at::TensorIteratorBase &)::[lambda() (instance 3)]::operator ()() const::[lambda() (instance 7)]::operator ()() const::[lambda(float) (instance 1)], std::array<char *, 2>, 4, TrivialOffsetCalculator<1, unsigned int>, TrivialOffsetCalculator<1, unsigned int>, memory::LoadWithCast<1>, memory::StoreWithCast<1>>(int, T1, T2, T4, T5, T6, T7)",39296.0,0.0,6016.0,0.42,0.15
"void at::vectorized_elementwise_kernel<4, void at::<unnamed>::pow_tensor_scalar_kernel_impl<float, float>(at::TensorIteratorBase &, T2)::[lambda(float) (instance 1)], std::array<char *, 2>>(int, T2, T3)",19072.0,0.0,2976.0,0.42,0.05
"void at::reduce_kernel<512, 1, at::ReduceOp<float, at::MeanOps<float, float, float, float>, unsigned int, float, 4, 4>>(T3)",65408.0,0.0,5760.0,0.74,0.1
"void at::vectorized_elementwise_kernel<4, at::CUDAFunctorOnSelf_add<float>, std::array<char *, 2>>(int, T2, T3)",4736.0,0.0,2688.0,0.11,0.02
"void at::vectorized_elementwise_kernel<4, at::rsqrt_kernel_cuda(at::TensorIteratorBase &)::[lambda() (instance 2)]::operator ()() const::[lambda() (instance 2)]::operator ()() const::[lambda(float) (instance 1)], std::array<char *, 2>>(int, T2, T3)",6400.0,0.0,2848.0,0.15,0.04
"void at::elementwise_kernel<128, 2, void at::gpu_kernel_impl_nocast<at::BinaryFunctor<float, float, float, binary_internal::MulFunctor<float>>>(at::TensorIteratorBase &, const T1 &)::[lambda(int) (instance 1)]>(int, T3)",25600.0,0.0,4064.0,0.41,0.18
"void at::vectorized_elementwise_kernel<4, at::float16_copy_kernel_cuda(at::TensorIteratorBase &)::[lambda(float) (instance 1)], std::array<char *, 2>>(int, T2, T3)",19328.0,0.0,2912.0,0.43,0.05
"void at::vectorized_elementwise_kernel<4, at::BinaryFunctor<c10::Half, c10::Half, c10::Half, binary_internal::MulFunctor<float>>, std::array<char *, 3>>(int, T2, T3)",20608.0,0.0,3136.0,0.43,0.07
ampere_fp16_s16816gemm_fp16_128x64_ldg8_f2f_stages_32x6_tn,135814144.0,2423552.0,111712.0,79.6,25.02
"void cublasLt::splitKreduce_kernel<32, 16, int, __half, __half, float, __half, 0, __half, __half, __half, 1, 0, 0>(cublasLt::cublasSplitKParams<T6>, const T4 *, const T10 *, T9 *, T5 *, const T6 *, const T6 *, const T11 *, const T4 *, T11 *, void *, long, T6 *, int *, T6 *, T6 *, const T6 *, const T6 *, const T6 *, const T6 *, const T6 *)",160000.0,0.0,4704.0,2.19,13.67
"void at::vectorized_elementwise_kernel<4, at::<unnamed>::silu_kernel(at::TensorIteratorBase &)::[lambda() (instance 1)]::operator ()() const::[lambda() (instance 5)]::operator ()() const::[lambda(c10::Half) (instance 1)], std::array<char *, 2>>(int, T2, T3)",51072.0,0.0,3712.0,0.9,0.68
ampere_fp16_s16816gemm_fp16_128x64_ldg8_f2f_stages_32x6_tn,135813760.0,2440192.0,109408.0,81.27,25.53
"void cublasLt::splitKreduce_kernel<32, 16, int, __half, __half, float, __half, 0, __half, __half, __half, 1, 0, 0>(cublasLt::cublasSplitKParams<T6>, const T4 *, const T10 *, T9 *, T5 *, const T6 *, const T6 *, const T11 *, const T4 *, T11 *, void *, long, T6 *, int *, T6 *, T6 *, const T6 *, const T6 *, const T6 *, const T6 *, const T6 *)",160000.0,0.0,4608.0,2.26,14.15
"void at::vectorized_elementwise_kernel<4, at::BinaryFunctor<c10::Half, c10::Half, c10::Half, binary_internal::MulFunctor<float>>, std::array<char *, 3>>(int, T2, T3)",82048.0,0.0,3168.0,1.69,0.25
ampere_fp16_s16816gemm_fp16_64x64_sliced1x2_ldg8_f2f_stages_64x6_tn,135844224.0,2394112.0,110464.0,80.49,25.29
"void cublasLt::splitKreduce_kernel<32, 16, int, __half, __half, float, __half, 0, __half, __half, __half, 1, 0, 0>(cublasLt::cublasSplitKParams<T6>, const T4 *, const T10 *, T9 *, T5 *, const T6 *, const T6 *, const T11 *, const T4 *, T11 *, void *, long, T6 *, int *, T6 *, T6 *, const T6 *, const T6 *, const T6 *, const T6 *, const T6 *)",72960.0,0.0,4000.0,1.19,3.49
"void at::vectorized_elementwise_kernel<4, at::CUDAFunctor_add<c10::Half>, std::array<char *, 3>>(int, T2, T3)",20608.0,0.0,3008.0,0.45,0.08
"void at::unrolled_elementwise_kernel<at::direct_copy_kernel_cuda(at::TensorIteratorBase &)::[lambda() (instance 3)]::operator ()() const::[lambda() (instance 7)]::operator ()() const::[lambda(float) (instance 1)], std::array<char *, 2>, 4, TrivialOffsetCalculator<1, unsigned int>, TrivialOffsetCalculator<1, unsigned int>, memory::LoadWithCast<1>, memory::StoreWithCast<1>>(int, T1, T2, T4, T5, T6, T7)",39296.0,0.0,5856.0,0.44,0.16
"void at::vectorized_elementwise_kernel<4, void at::<unnamed>::pow_tensor_scalar_kernel_impl<float, float>(at::TensorIteratorBase &, T2)::[lambda(float) (instance 1)], std::array<char *, 2>>(int, T2, T3)",19072.0,0.0,3104.0,0.4,0.04
"void at::reduce_kernel<512, 1, at::ReduceOp<float, at::MeanOps<float, float, float, float>, unsigned int, float, 4, 4>>(T3)",65408.0,0.0,5696.0,0.75,0.1
"void at::vectorized_elementwise_kernel<4, at::CUDAFunctorOnSelf_add<float>, std::array<char *, 2>>(int, T2, T3)",4736.0,0.0,2656.0,0.12,0.02
"void at::vectorized_elementwise_kernel<4, at::rsqrt_kernel_cuda(at::TensorIteratorBase &)::[lambda() (instance 2)]::operator ()() const::[lambda() (instance 2)]::operator ()() const::[lambda(float) (instance 1)], std::array<char *, 2>>(int, T2, T3)",6528.0,0.0,2944.0,0.14,0.04
"void at::elementwise_kernel<128, 2, void at::gpu_kernel_impl_nocast<at::BinaryFunctor<float, float, float, binary_internal::MulFunctor<float>>>(at::TensorIteratorBase &, const T1 &)::[lambda(int) (instance 1)]>(int, T3)",25600.0,0.0,4256.0,0.39,0.18
"void at::vectorized_elementwise_kernel<4, at::float16_copy_kernel_cuda(at::TensorIteratorBase &)::[lambda(float) (instance 1)], std::array<char *, 2>>(int, T2, T3)",19328.0,0.0,3008.0,0.42,0.05
"void at::vectorized_elementwise_kernel<4, at::BinaryFunctor<c10::Half, c10::Half, c10::Half, binary_internal::MulFunctor<float>>, std::array<char *, 3>>(int, T2, T3)",20608.0,0.0,2912.0,0.46,0.08
ampere_fp16_s16816gemm_fp16_64x64_sliced1x2_ldg8_relu_f2f_stages_64x6_tn,25720448.0,611072.0,26816.0,63.25,19.77
"void gemv2T_kernel_val<int, int, __half, float, float, float, 128, 16, 4, 4, 0, 1, cublasGemvParamsEx<int, cublasGemvTensorStridedBatched<const __half>, cublasGemvTensorStridedBatched<const float>, cublasGemvTensorStridedBatched<float>, float>>(T13, T6, T6)",3686528.0,1408.0,10688.0,22.29,20.5
"void cublasLt::splitKreduce_kernel<32, 16, int, float, __half, float, __half, 0, __half, __half, __half, 1, 0, 0>(cublasLt::cublasSplitKParams<T6>, const T4 *, const T10 *, T9 *, T5 *, const T6 *, const T6 *, const T11 *, const T4 *, T11 *, void *, long, T6 *, int *, T6 *, T6 *, const T6 *, const T6 *, const T6 *, const T6 *, const T6 *)",40704.0,0.0,3744.0,0.71,3.52
"void epilogue::globalKernel<8, 32, __half, __half, float, 1, 1, 1>(int, int, long, T3 *, cublasLtEpilogue_t, int, T4 *, long, void *, long, long, long, T5 *, long, int *)",7680.0,0.0,3328.0,0.15,1.24
"void gemv2T_kernel_val<int, int, __half, float, float, float, 128, 16, 4, 4, 0, 1, cublasGemvParamsEx<int, cublasGemvTensorStridedBatched<const __half>, cublasGemvTensorStridedBatched<const float>, cublasGemvTensorStridedBatched<float>, float>>(T13, T6, T6)",3686144.0,0.0,10752.0,22.08,20.32
"void cublasLt::splitKreduce_kernel<32, 16, int, float, __half, float, __half, 0, __half, __half, __half, 1, 0, 0>(cublasLt::cublasSplitKParams<T6>, const T4 *, const T10 *, T9 *, T5 *, const T6 *, const T6 *, const T11 *, const T4 *, T11 *, void *, long, T6 *, int *, T6 *, T6 *, const T6 *, const T6 *, const T6 *, const T6 *, const T6 *)",40704.0,0.0,3712.0,0.71,3.56
"void epilogue::globalKernel<8, 32, __half, __half, float, 1, 1, 1>(int, int, long, T3 *, cublasLtEpilogue_t, int, T4 *, long, void *, long, long, long, T5 *, long, int *)",7808.0,0.0,3392.0,0.15,1.22
"void at::elementwise_kernel<128, 4, void at::gpu_kernel_impl_nocast<at::BinaryFunctor<c10::Half, c10::Half, c10::Half, binary_internal::MulFunctor<float>>>(at::TensorIteratorBase &, const T1 &)::[lambda(int) (instance 1)]>(int, T3)",27264.0,0.0,5536.0,0.32,0.16
"void at::elementwise_kernel<128, 4, void at::gpu_kernel_impl_nocast<at::neg_kernel_cuda(at::TensorIteratorBase &)::[lambda() (instance 2)]::operator ()() const::[lambda() (instance 8)]::operator ()() const::[lambda(c10::Half) (instance 1)]>(at::TensorIteratorBase &, const T1 &)::[lambda(int) (instance 1)]>(int, T3)",21376.0,0.0,5216.0,0.26,0.07
"void at::<unnamed>::CatArrayBatchedCopy<at::<unnamed>::OpaqueType<2>, unsigned int, 4, 64, 64>(T1 *, at::<unnamed>::CatArrInputTensorMetadata<T1, T2, T4, T5>, at::<unnamed>::TensorSizeStride<T2, 4>, int, T2)",14592.0,0.0,6688.0,0.14,3.68
"void at::elementwise_kernel<128, 4, void at::gpu_kernel_impl_nocast<at::BinaryFunctor<c10::Half, c10::Half, c10::Half, binary_internal::MulFunctor<float>>>(at::TensorIteratorBase &, const T1 &)::[lambda(int) (instance 1)]>(int, T3)",27264.0,0.0,5088.0,0.35,0.18
"void at::vectorized_elementwise_kernel<4, at::CUDAFunctor_add<c10::Half>, std::array<char *, 3>>(int, T2, T3)",20608.0,0.0,3072.0,0.44,0.08
"void at::elementwise_kernel<128, 4, void at::gpu_kernel_impl_nocast<at::BinaryFunctor<c10::Half, c10::Half, c10::Half, binary_internal::MulFunctor<float>>>(at::TensorIteratorBase &, const T1 &)::[lambda(int) (instance 1)]>(int, T3)",20992.0,0.0,4864.0,0.28,0.03
"void at::elementwise_kernel<128, 4, void at::gpu_kernel_impl_nocast<at::neg_kernel_cuda(at::TensorIteratorBase &)::[lambda() (instance 2)]::operator ()() const::[lambda() (instance 8)]::operator ()() const::[lambda(c10::Half) (instance 1)]>(at::TensorIteratorBase &, const T1 &)::[lambda(int) (instance 1)]>(int, T3)",18304.0,0.0,3904.0,0.31,0.02
"void at::<unnamed>::CatArrayBatchedCopy<at::<unnamed>::OpaqueType<2>, unsigned int, 4, 64, 64>(T1 *, at::<unnamed>::CatArrInputTensorMetadata<T1, T2, T4, T5>, at::<unnamed>::TensorSizeStride<T2, 4>, int, T2)",7936.0,0.0,5408.0,0.1,4.0
"void at::elementwise_kernel<128, 4, void at::gpu_kernel_impl_nocast<at::BinaryFunctor<c10::Half, c10::Half, c10::Half, binary_internal::MulFunctor<float>>>(at::TensorIteratorBase &, const T1 &)::[lambda(int) (instance 1)]>(int, T3)",21120.0,0.0,4928.0,0.28,0.03
"void at::vectorized_elementwise_kernel<4, at::CUDAFunctor_add<c10::Half>, std::array<char *, 3>>(int, T2, T3)",8320.0,0.0,2944.0,0.18,0.04
"void at::<unnamed>::CatArrayBatchedCopy_vectorized<at::<unnamed>::OpaqueType<2>, unsigned int, 3, 128, 1, 16, 8>(char *, at::<unnamed>::CatArrInputTensorMetadata<T1, T2, T4, T5>, at::<unnamed>::TensorSizeStride<T2, 4>, int, T2)",2103040.0,0.0,5952.0,22.84,11.34
"void at::<unnamed>::CatArrayBatchedCopy_vectorized<at::<unnamed>::OpaqueType<2>, unsigned int, 3, 128, 1, 16, 8>(char *, at::<unnamed>::CatArrInputTensorMetadata<T1, T2, T4, T5>, at::<unnamed>::TensorSizeStride<T2, 4>, int, T2)",2102272.0,0.0,5984.0,22.59,11.26
"void pytorch_flash::flash_fwd_splitkv_kernel<Flash_fwd_kernel_traits<128, 64, 128, 4, 0, 0, cutlass::half_t, Flash_kernel_traits<128, 64, 128, 4, cutlass::half_t>>, 0, 0, 0, 0, 1, 0, 1, 0>(pytorch_flash::Flash_fwd_params)",4261760.0,0.0,10432.0,26.42,8.9
"void pytorch_flash::flash_fwd_splitkv_combine_kernel<Flash_fwd_kernel_traits<128, 64, 128, 4, 0, 0, cutlass::half_t, Flash_kernel_traits<128, 64, 128, 4, cutlass::half_t>>, 4, 5, 1>(pytorch_flash::Flash_fwd_params)",268288.0,0.0,13216.0,1.31,0.28
ampere_fp16_s16816gemm_fp16_64x64_sliced1x2_ldg8_f2f_stages_64x6_tn,25712128.0,1024512.0,26848.0,64.1,19.75
"void at::vectorized_elementwise_kernel<4, at::CUDAFunctor_add<c10::Half>, std::array<char *, 3>>(int, T2, T3)",20608.0,0.0,3040.0,0.44,0.08
"void at::unrolled_elementwise_kernel<at::direct_copy_kernel_cuda(at::TensorIteratorBase &)::[lambda() (instance 3)]::operator ()() const::[lambda() (instance 7)]::operator ()() const::[lambda(float) (instance 1)], std::array<char *, 2>, 4, TrivialOffsetCalculator<1, unsigned int>, TrivialOffsetCalculator<1, unsigned int>, memory::LoadWithCast<1>, memory::StoreWithCast<1>>(int, T1, T2, T4, T5, T6, T7)",39296.0,0.0,6048.0,0.42,0.15
"void at::vectorized_elementwise_kernel<4, void at::<unnamed>::pow_tensor_scalar_kernel_impl<float, float>(at::TensorIteratorBase &, T2)::[lambda(float) (instance 1)], std::array<char *, 2>>(int, T2, T3)",19072.0,0.0,2912.0,0.43,0.05
"void at::reduce_kernel<512, 1, at::ReduceOp<float, at::MeanOps<float, float, float, float>, unsigned int, float, 4, 4>>(T3)",66176.0,0.0,5792.0,0.74,0.1
"void at::vectorized_elementwise_kernel<4, at::CUDAFunctorOnSelf_add<float>, std::array<char *, 2>>(int, T2, T3)",4864.0,0.0,2688.0,0.12,0.02
"void at::vectorized_elementwise_kernel<4, at::rsqrt_kernel_cuda(at::TensorIteratorBase &)::[lambda() (instance 2)]::operator ()() const::[lambda() (instance 2)]::operator ()() const::[lambda(float) (instance 1)], std::array<char *, 2>>(int, T2, T3)",6400.0,0.0,2848.0,0.15,0.04
"void at::elementwise_kernel<128, 2, void at::gpu_kernel_impl_nocast<at::BinaryFunctor<float, float, float, binary_internal::MulFunctor<float>>>(at::TensorIteratorBase &, const T1 &)::[lambda(int) (instance 1)]>(int, T3)",25344.0,0.0,4160.0,0.4,0.18
"void at::vectorized_elementwise_kernel<4, at::float16_copy_kernel_cuda(at::TensorIteratorBase &)::[lambda(float) (instance 1)], std::array<char *, 2>>(int, T2, T3)",19328.0,0.0,3008.0,0.42,0.05
"void at::vectorized_elementwise_kernel<4, at::BinaryFunctor<c10::Half, c10::Half, c10::Half, binary_internal::MulFunctor<float>>, std::array<char *, 3>>(int, T2, T3)",20608.0,0.0,3168.0,0.42,0.07
ampere_fp16_s16816gemm_fp16_128x64_ldg8_f2f_stages_32x6_tn,135812864.0,2452480.0,110144.0,80.74,25.36
"void cublasLt::splitKreduce_kernel<32, 16, int, __half, __half, float, __half, 0, __half, __half, __half, 1, 0, 0>(cublasLt::cublasSplitKParams<T6>, const T4 *, const T10 *, T9 *, T5 *, const T6 *, const T6 *, const T11 *, const T4 *, T11 *, void *, long, T6 *, int *, T6 *, T6 *, const T6 *, const T6 *, const T6 *, const T6 *, const T6 *)",160000.0,0.0,4576.0,2.29,14.26
"void at::vectorized_elementwise_kernel<4, at::<unnamed>::silu_kernel(at::TensorIteratorBase &)::[lambda() (instance 1)]::operator ()() const::[lambda() (instance 5)]::operator ()() const::[lambda(c10::Half) (instance 1)], std::array<char *, 2>>(int, T2, T3)",51200.0,0.0,3648.0,0.92,0.69
ampere_fp16_s16816gemm_fp16_128x64_ldg8_f2f_stages_32x6_tn,135813632.0,2444032.0,112000.0,79.38,24.94
"void cublasLt::splitKreduce_kernel<32, 16, int, __half, __half, float, __half, 0, __half, __half, __half, 1, 0, 0>(cublasLt::cublasSplitKParams<T6>, const T4 *, const T10 *, T9 *, T5 *, const T6 *, const T6 *, const T11 *, const T4 *, T11 *, void *, long, T6 *, int *, T6 *, T6 *, const T6 *, const T6 *, const T6 *, const T6 *, const T6 *)",160000.0,0.0,4544.0,2.28,14.23
"void at::vectorized_elementwise_kernel<4, at::BinaryFunctor<c10::Half, c10::Half, c10::Half, binary_internal::MulFunctor<float>>, std::array<char *, 3>>(int, T2, T3)",82048.0,0.0,3104.0,1.72,0.25
ampere_fp16_s16816gemm_fp16_64x64_sliced1x2_ldg8_f2f_stages_64x6_tn,135851264.0,2369152.0,111168.0,80.0,25.14
"void cublasLt::splitKreduce_kernel<32, 16, int, __half, __half, float, __half, 0, __half, __half, __half, 1, 0, 0>(cublasLt::cublasSplitKParams<T6>, const T4 *, const T10 *, T9 *, T5 *, const T6 *, const T6 *, const T11 *, const T4 *, T11 *, void *, long, T6 *, int *, T6 *, T6 *, const T6 *, const T6 *, const T6 *, const T6 *, const T6 *)",72960.0,0.0,3968.0,1.2,3.52
"void at::vectorized_elementwise_kernel<4, at::CUDAFunctor_add<c10::Half>, std::array<char *, 3>>(int, T2, T3)",20608.0,0.0,3232.0,0.42,0.07
"void at::unrolled_elementwise_kernel<at::direct_copy_kernel_cuda(at::TensorIteratorBase &)::[lambda() (instance 3)]::operator ()() const::[lambda() (instance 7)]::operator ()() const::[lambda(float) (instance 1)], std::array<char *, 2>, 4, TrivialOffsetCalculator<1, unsigned int>, TrivialOffsetCalculator<1, unsigned int>, memory::LoadWithCast<1>, memory::StoreWithCast<1>>(int, T1, T2, T4, T5, T6, T7)",39296.0,0.0,5888.0,0.43,0.16
"void at::vectorized_elementwise_kernel<4, void at::<unnamed>::pow_tensor_scalar_kernel_impl<float, float>(at::TensorIteratorBase &, T2)::[lambda(float) (instance 1)], std::array<char *, 2>>(int, T2, T3)",19072.0,0.0,2912.0,0.42,0.05
"void at::reduce_kernel<512, 1, at::ReduceOp<float, at::MeanOps<float, float, float, float>, unsigned int, float, 4, 4>>(T3)",65408.0,0.0,6016.0,0.7,0.1
"void at::vectorized_elementwise_kernel<4, at::CUDAFunctorOnSelf_add<float>, std::array<char *, 2>>(int, T2, T3)",4864.0,0.0,3200.0,0.1,0.02
"void at::vectorized_elementwise_kernel<4, at::rsqrt_kernel_cuda(at::TensorIteratorBase &)::[lambda() (instance 2)]::operator ()() const::[lambda() (instance 2)]::operator ()() const::[lambda(float) (instance 1)], std::array<char *, 2>>(int, T2, T3)",6272.0,0.0,2912.0,0.14,0.04
"void at::elementwise_kernel<128, 2, void at::gpu_kernel_impl_nocast<at::BinaryFunctor<float, float, float, binary_internal::MulFunctor<float>>>(at::TensorIteratorBase &, const T1 &)::[lambda(int) (instance 1)]>(int, T3)",25344.0,0.0,4064.0,0.41,0.18
"void at::vectorized_elementwise_kernel<4, at::float16_copy_kernel_cuda(at::TensorIteratorBase &)::[lambda(float) (instance 1)], std::array<char *, 2>>(int, T2, T3)",19328.0,0.0,2880.0,0.44,0.05
"void at::vectorized_elementwise_kernel<4, at::BinaryFunctor<c10::Half, c10::Half, c10::Half, binary_internal::MulFunctor<float>>, std::array<char *, 3>>(int, T2, T3)",20608.0,0.0,3008.0,0.45,0.08
ampere_fp16_s16816gemm_fp16_64x64_sliced1x2_ldg8_relu_f2f_stages_64x6_tn,25720576.0,874880.0,28096.0,60.91,18.84
"void gemv2T_kernel_val<int, int, __half, float, float, float, 128, 16, 4, 4, 0, 1, cublasGemvParamsEx<int, cublasGemvTensorStridedBatched<const __half>, cublasGemvTensorStridedBatched<const float>, cublasGemvTensorStridedBatched<float>, float>>(T13, T6, T6)",3686144.0,0.0,10688.0,22.21,20.45
"void cublasLt::splitKreduce_kernel<32, 16, int, float, __half, float, __half, 0, __half, __half, __half, 1, 0, 0>(cublasLt::cublasSplitKParams<T6>, const T4 *, const T10 *, T9 *, T5 *, const T6 *, const T6 *, const T11 *, const T4 *, T11 *, void *, long, T6 *, int *, T6 *, T6 *, const T6 *, const T6 *, const T6 *, const T6 *, const T6 *)",40832.0,0.0,3776.0,0.71,3.5
"void epilogue::globalKernel<8, 32, __half, __half, float, 1, 1, 1>(int, int, long, T3 *, cublasLtEpilogue_t, int, T4 *, long, void *, long, long, long, T5 *, long, int *)",7808.0,0.0,3360.0,0.15,1.24
"void gemv2T_kernel_val<int, int, __half, float, float, float, 128, 16, 4, 4, 0, 1, cublasGemvParamsEx<int, cublasGemvTensorStridedBatched<const __half>, cublasGemvTensorStridedBatched<const float>, cublasGemvTensorStridedBatched<float>, float>>(T13, T6, T6)",3686144.0,0.0,10496.0,22.68,20.93
"void cublasLt::splitKreduce_kernel<32, 16, int, float, __half, float, __half, 0, __half, __half, __half, 1, 0, 0>(cublasLt::cublasSplitKParams<T6>, const T4 *, const T10 *, T9 *, T5 *, const T6 *, const T6 *, const T11 *, const T4 *, T11 *, void *, long, T6 *, int *, T6 *, T6 *, const T6 *, const T6 *, const T6 *, const T6 *, const T6 *)",40704.0,0.0,3776.0,0.7,3.47
"void epilogue::globalKernel<8, 32, __half, __half, float, 1, 1, 1>(int, int, long, T3 *, cublasLtEpilogue_t, int, T4 *, long, void *, long, long, long, T5 *, long, int *)",7808.0,0.0,3328.0,0.15,1.25
"void at::elementwise_kernel<128, 4, void at::gpu_kernel_impl_nocast<at::BinaryFunctor<c10::Half, c10::Half, c10::Half, binary_internal::MulFunctor<float>>>(at::TensorIteratorBase &, const T1 &)::[lambda(int) (instance 1)]>(int, T3)",27264.0,0.0,5376.0,0.33,0.17
"void at::elementwise_kernel<128, 4, void at::gpu_kernel_impl_nocast<at::neg_kernel_cuda(at::TensorIteratorBase &)::[lambda() (instance 2)]::operator ()() const::[lambda() (instance 8)]::operator ()() const::[lambda(c10::Half) (instance 1)]>(at::TensorIteratorBase &, const T1 &)::[lambda(int) (instance 1)]>(int, T3)",21376.0,0.0,5440.0,0.25,0.07
"void at::<unnamed>::CatArrayBatchedCopy<at::<unnamed>::OpaqueType<2>, unsigned int, 4, 64, 64>(T1 *, at::<unnamed>::CatArrInputTensorMetadata<T1, T2, T4, T5>, at::<unnamed>::TensorSizeStride<T2, 4>, int, T2)",14208.0,0.0,6528.0,0.14,3.76
"void at::elementwise_kernel<128, 4, void at::gpu_kernel_impl_nocast<at::BinaryFunctor<c10::Half, c10::Half, c10::Half, binary_internal::MulFunctor<float>>>(at::TensorIteratorBase &, const T1 &)::[lambda(int) (instance 1)]>(int, T3)",27264.0,0.0,5120.0,0.34,0.17
"void at::vectorized_elementwise_kernel<4, at::CUDAFunctor_add<c10::Half>, std::array<char *, 3>>(int, T2, T3)",20608.0,0.0,3008.0,0.45,0.08
"void at::elementwise_kernel<128, 4, void at::gpu_kernel_impl_nocast<at::BinaryFunctor<c10::Half, c10::Half, c10::Half, binary_internal::MulFunctor<float>>>(at::TensorIteratorBase &, const T1 &)::[lambda(int) (instance 1)]>(int, T3)",20992.0,0.0,4992.0,0.27,0.03
"void at::elementwise_kernel<128, 4, void at::gpu_kernel_impl_nocast<at::neg_kernel_cuda(at::TensorIteratorBase &)::[lambda() (instance 2)]::operator ()() const::[lambda() (instance 8)]::operator ()() const::[lambda(c10::Half) (instance 1)]>(at::TensorIteratorBase &, const T1 &)::[lambda(int) (instance 1)]>(int, T3)",18304.0,0.0,4032.0,0.3,0.02
"void at::<unnamed>::CatArrayBatchedCopy<at::<unnamed>::OpaqueType<2>, unsigned int, 4, 64, 64>(T1 *, at::<unnamed>::CatArrInputTensorMetadata<T1, T2, T4, T5>, at::<unnamed>::TensorSizeStride<T2, 4>, int, T2)",7936.0,0.0,5600.0,0.09,3.86
"void at::elementwise_kernel<128, 4, void at::gpu_kernel_impl_nocast<at::BinaryFunctor<c10::Half, c10::Half, c10::Half, binary_internal::MulFunctor<float>>>(at::TensorIteratorBase &, const T1 &)::[lambda(int) (instance 1)]>(int, T3)",20992.0,0.0,5408.0,0.25,0.02
"void at::vectorized_elementwise_kernel<4, at::CUDAFunctor_add<c10::Half>, std::array<char *, 3>>(int, T2, T3)",8320.0,0.0,3136.0,0.17,0.04
"void at::<unnamed>::CatArrayBatchedCopy_vectorized<at::<unnamed>::OpaqueType<2>, unsigned int, 3, 128, 1, 16, 8>(char *, at::<unnamed>::CatArrInputTensorMetadata<T1, T2, T4, T5>, at::<unnamed>::TensorSizeStride<T2, 4>, int, T2)",2102144.0,0.0,5920.0,22.95,11.38
"void at::<unnamed>::CatArrayBatchedCopy_vectorized<at::<unnamed>::OpaqueType<2>, unsigned int, 3, 128, 1, 16, 8>(char *, at::<unnamed>::CatArrInputTensorMetadata<T1, T2, T4, T5>, at::<unnamed>::TensorSizeStride<T2, 4>, int, T2)",2102784.0,0.0,5952.0,22.88,11.35
"void pytorch_flash::flash_fwd_splitkv_kernel<Flash_fwd_kernel_traits<128, 64, 128, 4, 0, 0, cutlass::half_t, Flash_kernel_traits<128, 64, 128, 4, cutlass::half_t>>, 0, 0, 0, 0, 1, 0, 1, 0>(pytorch_flash::Flash_fwd_params)",4261888.0,0.0,10368.0,26.54,8.9
"void pytorch_flash::flash_fwd_splitkv_combine_kernel<Flash_fwd_kernel_traits<128, 64, 128, 4, 0, 0, cutlass::half_t, Flash_kernel_traits<128, 64, 128, 4, cutlass::half_t>>, 4, 5, 1>(pytorch_flash::Flash_fwd_params)",268416.0,0.0,13472.0,1.28,0.28
ampere_fp16_s16816gemm_fp16_64x64_sliced1x2_ldg8_f2f_stages_64x6_tn,25712128.0,761088.0,26656.0,63.94,19.87
"void at::vectorized_elementwise_kernel<4, at::CUDAFunctor_add<c10::Half>, std::array<char *, 3>>(int, T2, T3)",20608.0,0.0,3104.0,0.43,0.07
"void at::unrolled_elementwise_kernel<at::direct_copy_kernel_cuda(at::TensorIteratorBase &)::[lambda() (instance 3)]::operator ()() const::[lambda() (instance 7)]::operator ()() const::[lambda(float) (instance 1)], std::array<char *, 2>, 4, TrivialOffsetCalculator<1, unsigned int>, TrivialOffsetCalculator<1, unsigned int>, memory::LoadWithCast<1>, memory::StoreWithCast<1>>(int, T1, T2, T4, T5, T6, T7)",39296.0,0.0,5984.0,0.43,0.16
"void at::vectorized_elementwise_kernel<4, void at::<unnamed>::pow_tensor_scalar_kernel_impl<float, float>(at::TensorIteratorBase &, T2)::[lambda(float) (instance 1)], std::array<char *, 2>>(int, T2, T3)",19072.0,0.0,2944.0,0.42,0.05
"void at::reduce_kernel<512, 1, at::ReduceOp<float, at::MeanOps<float, float, float, float>, unsigned int, float, 4, 4>>(T3)",65536.0,0.0,5728.0,0.74,0.1
"void at::vectorized_elementwise_kernel<4, at::CUDAFunctorOnSelf_add<float>, std::array<char *, 2>>(int, T2, T3)",4864.0,0.0,2688.0,0.12,0.02
"void at::vectorized_elementwise_kernel<4, at::rsqrt_kernel_cuda(at::TensorIteratorBase &)::[lambda() (instance 2)]::operator ()() const::[lambda() (instance 2)]::operator ()() const::[lambda(float) (instance 1)], std::array<char *, 2>>(int, T2, T3)",6400.0,0.0,2880.0,0.14,0.04
"void at::elementwise_kernel<128, 2, void at::gpu_kernel_impl_nocast<at::BinaryFunctor<float, float, float, binary_internal::MulFunctor<float>>>(at::TensorIteratorBase &, const T1 &)::[lambda(int) (instance 1)]>(int, T3)",25344.0,0.0,4064.0,0.41,0.18
"void at::vectorized_elementwise_kernel<4, at::float16_copy_kernel_cuda(at::TensorIteratorBase &)::[lambda(float) (instance 1)], std::array<char *, 2>>(int, T2, T3)",19328.0,0.0,2912.0,0.43,0.05
"void at::vectorized_elementwise_kernel<4, at::BinaryFunctor<c10::Half, c10::Half, c10::Half, binary_internal::MulFunctor<float>>, std::array<char *, 3>>(int, T2, T3)",20608.0,0.0,3008.0,0.45,0.08
ampere_fp16_s16816gemm_fp16_128x64_ldg8_f2f_stages_32x6_tn,135813888.0,2425216.0,110080.0,80.78,25.38
"void cublasLt::splitKreduce_kernel<32, 16, int, __half, __half, float, __half, 0, __half, __half, __half, 1, 0, 0>(cublasLt::cublasSplitKParams<T6>, const T4 *, const T10 *, T9 *, T5 *, const T6 *, const T6 *, const T11 *, const T4 *, T11 *, void *, long, T6 *, int *, T6 *, T6 *, const T6 *, const T6 *, const T6 *, const T6 *, const T6 *)",160000.0,0.0,4576.0,2.28,14.18
"void at::vectorized_elementwise_kernel<4, at::<unnamed>::silu_kernel(at::TensorIteratorBase &)::[lambda() (instance 1)]::operator ()() const::[lambda() (instance 5)]::operator ()() const::[lambda(c10::Half) (instance 1)], std::array<char *, 2>>(int, T2, T3)",51072.0,0.0,3584.0,0.93,0.71
ampere_fp16_s16816gemm_fp16_128x64_ldg8_f2f_stages_32x6_tn,135813376.0,2443904.0,109792.0,81.01,25.45
"void cublasLt::splitKreduce_kernel<32, 16, int, __half, __half, float, __half, 0, __half, __half, __half, 1, 0, 0>(cublasLt::cublasSplitKParams<T6>, const T4 *, const T10 *, T9 *, T5 *, const T6 *, const T6 *, const T11 *, const T4 *, T11 *, void *, long, T6 *, int *, T6 *, T6 *, const T6 *, const T6 *, const T6 *, const T6 *, const T6 *)",160000.0,0.0,4640.0,2.24,13.98
"void at::vectorized_elementwise_kernel<4, at::BinaryFunctor<c10::Half, c10::Half, c10::Half, binary_internal::MulFunctor<float>>, std::array<char *, 3>>(int, T2, T3)",82048.0,0.0,3104.0,1.72,0.26
ampere_fp16_s16816gemm_fp16_64x64_sliced1x2_ldg8_f2f_stages_64x6_tn,135848704.0,2367872.0,109856.0,80.92,25.43
"void cublasLt::splitKreduce_kernel<32, 16, int, __half, __half, float, __half, 0, __half, __half, __half, 1, 0, 0>(cublasLt::cublasSplitKParams<T6>, const T4 *, const T10 *, T9 *, T5 *, const T6 *, const T6 *, const T11 *, const T4 *, T11 *, void *, long, T6 *, int *, T6 *, T6 *, const T6 *, const T6 *, const T6 *, const T6 *, const T6 *)",72960.0,0.0,4096.0,1.15,3.38
"void at::vectorized_elementwise_kernel<4, at::CUDAFunctor_add<c10::Half>, std::array<char *, 3>>(int, T2, T3)",20608.0,0.0,2976.0,0.45,0.08
"void at::unrolled_elementwise_kernel<at::direct_copy_kernel_cuda(at::TensorIteratorBase &)::[lambda() (instance 3)]::operator ()() const::[lambda() (instance 7)]::operator ()() const::[lambda(float) (instance 1)], std::array<char *, 2>, 4, TrivialOffsetCalculator<1, unsigned int>, TrivialOffsetCalculator<1, unsigned int>, memory::LoadWithCast<1>, memory::StoreWithCast<1>>(int, T1, T2, T4, T5, T6, T7)",39296.0,0.0,5888.0,0.43,0.16
"void at::vectorized_elementwise_kernel<4, void at::<unnamed>::pow_tensor_scalar_kernel_impl<float, float>(at::TensorIteratorBase &, T2)::[lambda(float) (instance 1)], std::array<char *, 2>>(int, T2, T3)",19072.0,0.0,2976.0,0.42,0.05
"void at::reduce_kernel<512, 1, at::ReduceOp<float, at::MeanOps<float, float, float, float>, unsigned int, float, 4, 4>>(T3)",66304.0,0.0,5664.0,0.76,0.1
"void at::vectorized_elementwise_kernel<4, at::CUDAFunctorOnSelf_add<float>, std::array<char *, 2>>(int, T2, T3)",4736.0,0.0,2688.0,0.11,0.02
"void at::vectorized_elementwise_kernel<4, at::rsqrt_kernel_cuda(at::TensorIteratorBase &)::[lambda() (instance 2)]::operator ()() const::[lambda() (instance 2)]::operator ()() const::[lambda(float) (instance 1)], std::array<char *, 2>>(int, T2, T3)",6272.0,0.0,2880.0,0.14,0.04
"void at::elementwise_kernel<128, 2, void at::gpu_kernel_impl_nocast<at::BinaryFunctor<float, float, float, binary_internal::MulFunctor<float>>>(at::TensorIteratorBase &, const T1 &)::[lambda(int) (instance 1)]>(int, T3)",25472.0,0.0,4096.0,0.4,0.18
"void at::vectorized_elementwise_kernel<4, at::float16_copy_kernel_cuda(at::TensorIteratorBase &)::[lambda(float) (instance 1)], std::array<char *, 2>>(int, T2, T3)",19328.0,0.0,3072.0,0.41,0.05
"void at::vectorized_elementwise_kernel<4, at::BinaryFunctor<c10::Half, c10::Half, c10::Half, binary_internal::MulFunctor<float>>, std::array<char *, 3>>(int, T2, T3)",20864.0,0.0,2976.0,0.46,0.08
ampere_fp16_s16816gemm_fp16_64x64_sliced1x2_ldg8_relu_f2f_stages_64x6_tn,25720704.0,1013760.0,27424.0,62.78,19.31
"void gemv2T_kernel_val<int, int, __half, float, float, float, 128, 16, 4, 4, 0, 1, cublasGemvParamsEx<int, cublasGemvTensorStridedBatched<const __half>, cublasGemvTensorStridedBatched<const float>, cublasGemvTensorStridedBatched<float>, float>>(T13, T6, T6)",3686144.0,1408.0,10656.0,22.4,20.52
"void cublasLt::splitKreduce_kernel<32, 16, int, float, __half, float, __half, 0, __half, __half, __half, 1, 0, 0>(cublasLt::cublasSplitKParams<T6>, const T4 *, const T10 *, T9 *, T5 *, const T6 *, const T6 *, const T11 *, const T4 *, T11 *, void *, long, T6 *, int *, T6 *, T6 *, const T6 *, const T6 *, const T6 *, const T6 *, const T6 *)",40704.0,0.0,3840.0,0.69,3.44
"void epilogue::globalKernel<8, 32, __half, __half, float, 1, 1, 1>(int, int, long, T3 *, cublasLtEpilogue_t, int, T4 *, long, void *, long, long, long, T5 *, long, int *)",7680.0,0.0,3360.0,0.15,1.23
"void gemv2T_kernel_val<int, int, __half, float, float, float, 128, 16, 4, 4, 0, 1, cublasGemvParamsEx<int, cublasGemvTensorStridedBatched<const __half>, cublasGemvTensorStridedBatched<const float>, cublasGemvTensorStridedBatched<float>, float>>(T13, T6, T6)",3686144.0,256.0,10880.0,21.91,20.16
"void cublasLt::splitKreduce_kernel<32, 16, int, float, __half, float, __half, 0, __half, __half, __half, 1, 0, 0>(cublasLt::cublasSplitKParams<T6>, const T4 *, const T10 *, T9 *, T5 *, const T6 *, const T6 *, const T11 *, const T4 *, T11 *, void *, long, T6 *, int *, T6 *, T6 *, const T6 *, const T6 *, const T6 *, const T6 *, const T6 *)",40704.0,0.0,3712.0,0.71,3.55
"void epilogue::globalKernel<8, 32, __half, __half, float, 1, 1, 1>(int, int, long, T3 *, cublasLtEpilogue_t, int, T4 *, long, void *, long, long, long, T5 *, long, int *)",7680.0,0.0,3392.0,0.15,1.22
"void at::elementwise_kernel<128, 4, void at::gpu_kernel_impl_nocast<at::BinaryFunctor<c10::Half, c10::Half, c10::Half, binary_internal::MulFunctor<float>>>(at::TensorIteratorBase &, const T1 &)::[lambda(int) (instance 1)]>(int, T3)",27136.0,0.0,5344.0,0.33,0.17
"void at::elementwise_kernel<128, 4, void at::gpu_kernel_impl_nocast<at::neg_kernel_cuda(at::TensorIteratorBase &)::[lambda() (instance 2)]::operator ()() const::[lambda() (instance 8)]::operator ()() const::[lambda(c10::Half) (instance 1)]>(at::TensorIteratorBase &, const T1 &)::[lambda(int) (instance 1)]>(int, T3)",21376.0,0.0,5536.0,0.25,0.07
"void at::<unnamed>::CatArrayBatchedCopy<at::<unnamed>::OpaqueType<2>, unsigned int, 4, 64, 64>(T1 *, at::<unnamed>::CatArrInputTensorMetadata<T1, T2, T4, T5>, at::<unnamed>::TensorSizeStride<T2, 4>, int, T2)",14976.0,0.0,6624.0,0.15,3.7
"void at::elementwise_kernel<128, 4, void at::gpu_kernel_impl_nocast<at::BinaryFunctor<c10::Half, c10::Half, c10::Half, binary_internal::MulFunctor<float>>>(at::TensorIteratorBase &, const T1 &)::[lambda(int) (instance 1)]>(int, T3)",27136.0,0.0,5344.0,0.33,0.17
"void at::vectorized_elementwise_kernel<4, at::CUDAFunctor_add<c10::Half>, std::array<char *, 3>>(int, T2, T3)",20608.0,0.0,3008.0,0.45,0.08
"void at::elementwise_kernel<128, 4, void at::gpu_kernel_impl_nocast<at::BinaryFunctor<c10::Half, c10::Half, c10::Half, binary_internal::MulFunctor<float>>>(at::TensorIteratorBase &, const T1 &)::[lambda(int) (instance 1)]>(int, T3)",20992.0,0.0,4864.0,0.28,0.03
"void at::elementwise_kernel<128, 4, void at::gpu_kernel_impl_nocast<at::neg_kernel_cuda(at::TensorIteratorBase &)::[lambda() (instance 2)]::operator ()() const::[lambda() (instance 8)]::operator ()() const::[lambda(c10::Half) (instance 1)]>(at::TensorIteratorBase &, const T1 &)::[lambda(int) (instance 1)]>(int, T3)",18304.0,0.0,4224.0,0.28,0.01
"void at::<unnamed>::CatArrayBatchedCopy<at::<unnamed>::OpaqueType<2>, unsigned int, 4, 64, 64>(T1 *, at::<unnamed>::CatArrInputTensorMetadata<T1, T2, T4, T5>, at::<unnamed>::TensorSizeStride<T2, 4>, int, T2)",8064.0,0.0,5504.0,0.09,3.9
"void at::elementwise_kernel<128, 4, void at::gpu_kernel_impl_nocast<at::BinaryFunctor<c10::Half, c10::Half, c10::Half, binary_internal::MulFunctor<float>>>(at::TensorIteratorBase &, const T1 &)::[lambda(int) (instance 1)]>(int, T3)",21120.0,0.0,5312.0,0.26,0.02
"void at::vectorized_elementwise_kernel<4, at::CUDAFunctor_add<c10::Half>, std::array<char *, 3>>(int, T2, T3)",8320.0,0.0,2912.0,0.19,0.04
"void at::<unnamed>::CatArrayBatchedCopy_vectorized<at::<unnamed>::OpaqueType<2>, unsigned int, 3, 128, 1, 16, 8>(char *, at::<unnamed>::CatArrInputTensorMetadata<T1, T2, T4, T5>, at::<unnamed>::TensorSizeStride<T2, 4>, int, T2)",2103168.0,0.0,6176.0,22.09,10.96
"void at::<unnamed>::CatArrayBatchedCopy_vectorized<at::<unnamed>::OpaqueType<2>, unsigned int, 3, 128, 1, 16, 8>(char *, at::<unnamed>::CatArrInputTensorMetadata<T1, T2, T4, T5>, at::<unnamed>::TensorSizeStride<T2, 4>, int, T2)",2102272.0,0.0,5888.0,23.04,11.4
"void pytorch_flash::flash_fwd_splitkv_kernel<Flash_fwd_kernel_traits<128, 64, 128, 4, 0, 0, cutlass::half_t, Flash_kernel_traits<128, 64, 128, 4, cutlass::half_t>>, 0, 0, 0, 0, 1, 0, 1, 0>(pytorch_flash::Flash_fwd_params)",4261888.0,0.0,10400.0,26.41,8.9
"void pytorch_flash::flash_fwd_splitkv_combine_kernel<Flash_fwd_kernel_traits<128, 64, 128, 4, 0, 0, cutlass::half_t, Flash_kernel_traits<128, 64, 128, 4, cutlass::half_t>>, 4, 5, 1>(pytorch_flash::Flash_fwd_params)",268416.0,0.0,13280.0,1.3,0.28
ampere_fp16_s16816gemm_fp16_64x64_sliced1x2_ldg8_f2f_stages_64x6_tn,25713408.0,1249024.0,27072.0,64.16,19.57
"void at::vectorized_elementwise_kernel<4, at::CUDAFunctor_add<c10::Half>, std::array<char *, 3>>(int, T2, T3)",20608.0,0.0,3008.0,0.45,0.08
"void at::unrolled_elementwise_kernel<at::direct_copy_kernel_cuda(at::TensorIteratorBase &)::[lambda() (instance 3)]::operator ()() const::[lambda() (instance 7)]::operator ()() const::[lambda(float) (instance 1)], std::array<char *, 2>, 4, TrivialOffsetCalculator<1, unsigned int>, TrivialOffsetCalculator<1, unsigned int>, memory::LoadWithCast<1>, memory::StoreWithCast<1>>(int, T1, T2, T4, T5, T6, T7)",39296.0,0.0,5984.0,0.43,0.16
"void at::vectorized_elementwise_kernel<4, void at::<unnamed>::pow_tensor_scalar_kernel_impl<float, float>(at::TensorIteratorBase &, T2)::[lambda(float) (instance 1)], std::array<char *, 2>>(int, T2, T3)",19072.0,0.0,3008.0,0.41,0.05
"void at::reduce_kernel<512, 1, at::ReduceOp<float, at::MeanOps<float, float, float, float>, unsigned int, float, 4, 4>>(T3)",65408.0,0.0,5952.0,0.71,0.1
"void at::vectorized_elementwise_kernel<4, at::CUDAFunctorOnSelf_add<float>, std::array<char *, 2>>(int, T2, T3)",4736.0,0.0,2816.0,0.11,0.02
"void at::vectorized_elementwise_kernel<4, at::rsqrt_kernel_cuda(at::TensorIteratorBase &)::[lambda() (instance 2)]::operator ()() const::[lambda() (instance 2)]::operator ()() const::[lambda(float) (instance 1)], std::array<char *, 2>>(int, T2, T3)",6656.0,0.0,3072.0,0.14,0.03
"void at::elementwise_kernel<128, 2, void at::gpu_kernel_impl_nocast<at::BinaryFunctor<float, float, float, binary_internal::MulFunctor<float>>>(at::TensorIteratorBase &, const T1 &)::[lambda(int) (instance 1)]>(int, T3)",25344.0,0.0,4096.0,0.4,0.18
"void at::vectorized_elementwise_kernel<4, at::float16_copy_kernel_cuda(at::TensorIteratorBase &)::[lambda(float) (instance 1)], std::array<char *, 2>>(int, T2, T3)",19456.0,0.0,2912.0,0.44,0.05
"void at::vectorized_elementwise_kernel<4, at::BinaryFunctor<c10::Half, c10::Half, c10::Half, binary_internal::MulFunctor<float>>, std::array<char *, 3>>(int, T2, T3)",20608.0,0.0,3008.0,0.45,0.08
ampere_fp16_s16816gemm_fp16_128x64_ldg8_f2f_stages_32x6_tn,135819776.0,2435968.0,111520.0,79.75,25.06
"void cublasLt::splitKreduce_kernel<32, 16, int, __half, __half, float, __half, 0, __half, __half, __half, 1, 0, 0>(cublasLt::cublasSplitKParams<T6>, const T4 *, const T10 *, T9 *, T5 *, const T6 *, const T6 *, const T11 *, const T4 *, T11 *, void *, long, T6 *, int *, T6 *, T6 *, const T6 *, const T6 *, const T6 *, const T6 *, const T6 *)",160000.0,0.0,4672.0,2.22,13.86
"void at::vectorized_elementwise_kernel<4, at::<unnamed>::silu_kernel(at::TensorIteratorBase &)::[lambda() (instance 1)]::operator ()() const::[lambda() (instance 5)]::operator ()() const::[lambda(c10::Half) (instance 1)], std::array<char *, 2>>(int, T2, T3)",51072.0,0.0,3584.0,0.93,0.7
ampere_fp16_s16816gemm_fp16_128x64_ldg8_f2f_stages_32x6_tn,135813760.0,2446080.0,109664.0,81.12,25.48
"void cublasLt::splitKreduce_kernel<32, 16, int, __half, __half, float, __half, 0, __half, __half, __half, 1, 0, 0>(cublasLt::cublasSplitKParams<T6>, const T4 *, const T10 *, T9 *, T5 *, const T6 *, const T6 *, const T11 *, const T4 *, T11 *, void *, long, T6 *, int *, T6 *, T6 *, const T6 *, const T6 *, const T6 *, const T6 *, const T6 *)",160000.0,0.0,4608.0,2.27,14.16
"void at::vectorized_elementwise_kernel<4, at::BinaryFunctor<c10::Half, c10::Half, c10::Half, binary_internal::MulFunctor<float>>, std::array<char *, 3>>(int, T2, T3)",82048.0,0.0,3104.0,1.72,0.25
ampere_fp16_s16816gemm_fp16_64x64_sliced1x2_ldg8_f2f_stages_64x6_tn,135852544.0,2366464.0,110656.0,80.35,25.25
"void cublasLt::splitKreduce_kernel<32, 16, int, __half, __half, float, __half, 0, __half, __half, __half, 1, 0, 0>(cublasLt::cublasSplitKParams<T6>, const T4 *, const T10 *, T9 *, T5 *, const T6 *, const T6 *, const T11 *, const T4 *, T11 *, void *, long, T6 *, int *, T6 *, T6 *, const T6 *, const T6 *, const T6 *, const T6 *, const T6 *)",72960.0,0.0,3872.0,1.23,3.58
"void at::vectorized_elementwise_kernel<4, at::CUDAFunctor_add<c10::Half>, std::array<char *, 3>>(int, T2, T3)",20608.0,0.0,2976.0,0.45,0.08
"void at::unrolled_elementwise_kernel<at::direct_copy_kernel_cuda(at::TensorIteratorBase &)::[lambda() (instance 3)]::operator ()() const::[lambda() (instance 7)]::operator ()() const::[lambda(float) (instance 1)], std::array<char *, 2>, 4, TrivialOffsetCalculator<1, unsigned int>, TrivialOffsetCalculator<1, unsigned int>, memory::LoadWithCast<1>, memory::StoreWithCast<1>>(int, T1, T2, T4, T5, T6, T7)",39296.0,0.0,5920.0,0.43,0.16
"void at::vectorized_elementwise_kernel<4, void at::<unnamed>::pow_tensor_scalar_kernel_impl<float, float>(at::TensorIteratorBase &, T2)::[lambda(float) (instance 1)], std::array<char *, 2>>(int, T2, T3)",19072.0,0.0,3008.0,0.41,0.05
"void at::reduce_kernel<512, 1, at::ReduceOp<float, at::MeanOps<float, float, float, float>, unsigned int, float, 4, 4>>(T3)",65536.0,0.0,5664.0,0.75,0.1
"void at::vectorized_elementwise_kernel<4, at::CUDAFunctorOnSelf_add<float>, std::array<char *, 2>>(int, T2, T3)",4736.0,0.0,2688.0,0.11,0.02
"void at::vectorized_elementwise_kernel<4, at::rsqrt_kernel_cuda(at::TensorIteratorBase &)::[lambda() (instance 2)]::operator ()() const::[lambda() (instance 2)]::operator ()() const::[lambda(float) (instance 1)], std::array<char *, 2>>(int, T2, T3)",6400.0,0.0,2848.0,0.15,0.04
"void at::elementwise_kernel<128, 2, void at::gpu_kernel_impl_nocast<at::BinaryFunctor<float, float, float, binary_internal::MulFunctor<float>>>(at::TensorIteratorBase &, const T1 &)::[lambda(int) (instance 1)]>(int, T3)",25472.0,0.0,4064.0,0.41,0.18
"void at::vectorized_elementwise_kernel<4, at::float16_copy_kernel_cuda(at::TensorIteratorBase &)::[lambda(float) (instance 1)], std::array<char *, 2>>(int, T2, T3)",19712.0,0.0,2912.0,0.44,0.05
"void at::vectorized_elementwise_kernel<4, at::BinaryFunctor<c10::Half, c10::Half, c10::Half, binary_internal::MulFunctor<float>>, std::array<char *, 3>>(int, T2, T3)",20608.0,0.0,3008.0,0.44,0.08
ampere_fp16_s16816gemm_fp16_64x64_sliced1x2_ldg8_relu_f2f_stages_64x6_tn,25721856.0,1038976.0,27680.0,62.31,19.16
"void gemv2T_kernel_val<int, int, __half, float, float, float, 128, 16, 4, 4, 0, 1, cublasGemvParamsEx<int, cublasGemvTensorStridedBatched<const __half>, cublasGemvTensorStridedBatched<const float>, cublasGemvTensorStridedBatched<float>, float>>(T13, T6, T6)",3686272.0,0.0,10688.0,22.24,20.46
"void cublasLt::splitKreduce_kernel<32, 16, int, float, __half, float, __half, 0, __half, __half, __half, 1, 0, 0>(cublasLt::cublasSplitKParams<T6>, const T4 *, const T10 *, T9 *, T5 *, const T6 *, const T6 *, const T11 *, const T4 *, T11 *, void *, long, T6 *, int *, T6 *, T6 *, const T6 *, const T6 *, const T6 *, const T6 *, const T6 *)",41344.0,0.0,3808.0,0.71,3.46
"void epilogue::globalKernel<8, 32, __half, __half, float, 1, 1, 1>(int, int, long, T3 *, cublasLtEpilogue_t, int, T4 *, long, void *, long, long, long, T5 *, long, int *)",8192.0,0.0,3328.0,0.16,1.24
"void gemv2T_kernel_val<int, int, __half, float, float, float, 128, 16, 4, 4, 0, 1, cublasGemvParamsEx<int, cublasGemvTensorStridedBatched<const __half>, cublasGemvTensorStridedBatched<const float>, cublasGemvTensorStridedBatched<float>, float>>(T13, T6, T6)",3686144.0,384.0,10720.0,22.23,20.46
"void cublasLt::splitKreduce_kernel<32, 16, int, float, __half, float, __half, 0, __half, __half, __half, 1, 0, 0>(cublasLt::cublasSplitKParams<T6>, const T4 *, const T10 *, T9 *, T5 *, const T6 *, const T6 *, const T11 *, const T4 *, T11 *, void *, long, T6 *, int *, T6 *, T6 *, const T6 *, const T6 *, const T6 *, const T6 *, const T6 *)",40704.0,0.0,3840.0,0.69,3.44
"void epilogue::globalKernel<8, 32, __half, __half, float, 1, 1, 1>(int, int, long, T3 *, cublasLtEpilogue_t, int, T4 *, long, void *, long, long, long, T5 *, long, int *)",7680.0,0.0,3456.0,0.15,1.21
"void at::elementwise_kernel<128, 4, void at::gpu_kernel_impl_nocast<at::BinaryFunctor<c10::Half, c10::Half, c10::Half, binary_internal::MulFunctor<float>>>(at::TensorIteratorBase &, const T1 &)::[lambda(int) (instance 1)]>(int, T3)",27136.0,0.0,5312.0,0.33,0.17
"void at::elementwise_kernel<128, 4, void at::gpu_kernel_impl_nocast<at::neg_kernel_cuda(at::TensorIteratorBase &)::[lambda() (instance 2)]::operator ()() const::[lambda() (instance 8)]::operator ()() const::[lambda(c10::Half) (instance 1)]>(at::TensorIteratorBase &, const T1 &)::[lambda(int) (instance 1)]>(int, T3)",21376.0,0.0,5216.0,0.27,0.07
"void at::<unnamed>::CatArrayBatchedCopy<at::<unnamed>::OpaqueType<2>, unsigned int, 4, 64, 64>(T1 *, at::<unnamed>::CatArrInputTensorMetadata<T1, T2, T4, T5>, at::<unnamed>::TensorSizeStride<T2, 4>, int, T2)",14080.0,0.0,6752.0,0.13,3.62
"void at::elementwise_kernel<128, 4, void at::gpu_kernel_impl_nocast<at::BinaryFunctor<c10::Half, c10::Half, c10::Half, binary_internal::MulFunctor<float>>>(at::TensorIteratorBase &, const T1 &)::[lambda(int) (instance 1)]>(int, T3)",27904.0,0.0,5088.0,0.36,0.18
"void at::vectorized_elementwise_kernel<4, at::CUDAFunctor_add<c10::Half>, std::array<char *, 3>>(int, T2, T3)",20608.0,0.0,3040.0,0.44,0.08
"void at::elementwise_kernel<128, 4, void at::gpu_kernel_impl_nocast<at::BinaryFunctor<c10::Half, c10::Half, c10::Half, binary_internal::MulFunctor<float>>>(at::TensorIteratorBase &, const T1 &)::[lambda(int) (instance 1)]>(int, T3)",21760.0,0.0,5056.0,0.28,0.03
"void at::elementwise_kernel<128, 4, void at::gpu_kernel_impl_nocast<at::neg_kernel_cuda(at::TensorIteratorBase &)::[lambda() (instance 2)]::operator ()() const::[lambda() (instance 8)]::operator ()() const::[lambda(c10::Half) (instance 1)]>(at::TensorIteratorBase &, const T1 &)::[lambda(int) (instance 1)]>(int, T3)",18304.0,0.0,3968.0,0.3,0.02
"void at::<unnamed>::CatArrayBatchedCopy<at::<unnamed>::OpaqueType<2>, unsigned int, 4, 64, 64>(T1 *, at::<unnamed>::CatArrInputTensorMetadata<T1, T2, T4, T5>, at::<unnamed>::TensorSizeStride<T2, 4>, int, T2)",7936.0,0.0,5440.0,0.09,3.99
"void at::elementwise_kernel<128, 4, void at::gpu_kernel_impl_nocast<at::BinaryFunctor<c10::Half, c10::Half, c10::Half, binary_internal::MulFunctor<float>>>(at::TensorIteratorBase &, const T1 &)::[lambda(int) (instance 1)]>(int, T3)",20992.0,0.0,5600.0,0.24,0.02
"void at::vectorized_elementwise_kernel<4, at::CUDAFunctor_add<c10::Half>, std::array<char *, 3>>(int, T2, T3)",8320.0,0.0,3168.0,0.17,0.04
"void at::<unnamed>::CatArrayBatchedCopy_vectorized<at::<unnamed>::OpaqueType<2>, unsigned int, 3, 128, 1, 16, 8>(char *, at::<unnamed>::CatArrInputTensorMetadata<T1, T2, T4, T5>, at::<unnamed>::TensorSizeStride<T2, 4>, int, T2)",2102272.0,0.0,5952.0,22.87,11.32
"void at::<unnamed>::CatArrayBatchedCopy_vectorized<at::<unnamed>::OpaqueType<2>, unsigned int, 3, 128, 1, 16, 8>(char *, at::<unnamed>::CatArrInputTensorMetadata<T1, T2, T4, T5>, at::<unnamed>::TensorSizeStride<T2, 4>, int, T2)",2102272.0,0.0,6112.0,22.24,11.02
"void pytorch_flash::flash_fwd_splitkv_kernel<Flash_fwd_kernel_traits<128, 64, 128, 4, 0, 0, cutlass::half_t, Flash_kernel_traits<128, 64, 128, 4, cutlass::half_t>>, 0, 0, 0, 0, 1, 0, 1, 0>(pytorch_flash::Flash_fwd_params)",4261888.0,0.0,10496.0,26.25,8.82
"void pytorch_flash::flash_fwd_splitkv_combine_kernel<Flash_fwd_kernel_traits<128, 64, 128, 4, 0, 0, cutlass::half_t, Flash_kernel_traits<128, 64, 128, 4, cutlass::half_t>>, 4, 5, 1>(pytorch_flash::Flash_fwd_params)",268544.0,0.0,13312.0,1.3,0.28
ampere_fp16_s16816gemm_fp16_64x64_sliced1x2_ldg8_f2f_stages_64x6_tn,25712256.0,1255808.0,27200.0,63.87,19.49
"void at::vectorized_elementwise_kernel<4, at::CUDAFunctor_add<c10::Half>, std::array<char *, 3>>(int, T2, T3)",20608.0,0.0,3072.0,0.44,0.08
"void at::unrolled_elementwise_kernel<at::direct_copy_kernel_cuda(at::TensorIteratorBase &)::[lambda() (instance 3)]::operator ()() const::[lambda() (instance 7)]::operator ()() const::[lambda(float) (instance 1)], std::array<char *, 2>, 4, TrivialOffsetCalculator<1, unsigned int>, TrivialOffsetCalculator<1, unsigned int>, memory::LoadWithCast<1>, memory::StoreWithCast<1>>(int, T1, T2, T4, T5, T6, T7)",39296.0,0.0,5984.0,0.43,0.16
"void at::vectorized_elementwise_kernel<4, void at::<unnamed>::pow_tensor_scalar_kernel_impl<float, float>(at::TensorIteratorBase &, T2)::[lambda(float) (instance 1)], std::array<char *, 2>>(int, T2, T3)",19072.0,0.0,2816.0,0.44,0.05
"void at::reduce_kernel<512, 1, at::ReduceOp<float, at::MeanOps<float, float, float, float>, unsigned int, float, 4, 4>>(T3)",65408.0,0.0,5536.0,0.76,0.1
"void at::vectorized_elementwise_kernel<4, at::CUDAFunctorOnSelf_add<float>, std::array<char *, 2>>(int, T2, T3)",4864.0,0.0,2688.0,0.12,0.02
"void at::vectorized_elementwise_kernel<4, at::rsqrt_kernel_cuda(at::TensorIteratorBase &)::[lambda() (instance 2)]::operator ()() const::[lambda() (instance 2)]::operator ()() const::[lambda(float) (instance 1)], std::array<char *, 2>>(int, T2, T3)",6272.0,0.0,2912.0,0.14,0.04
"void at::elementwise_kernel<128, 2, void at::gpu_kernel_impl_nocast<at::BinaryFunctor<float, float, float, binary_internal::MulFunctor<float>>>(at::TensorIteratorBase &, const T1 &)::[lambda(int) (instance 1)]>(int, T3)",25600.0,0.0,4064.0,0.41,0.18
"void at::vectorized_elementwise_kernel<4, at::float16_copy_kernel_cuda(at::TensorIteratorBase &)::[lambda(float) (instance 1)], std::array<char *, 2>>(int, T2, T3)",19456.0,0.0,2912.0,0.43,0.05
"void at::vectorized_elementwise_kernel<4, at::BinaryFunctor<c10::Half, c10::Half, c10::Half, binary_internal::MulFunctor<float>>, std::array<char *, 3>>(int, T2, T3)",20608.0,0.0,3296.0,0.41,0.07
ampere_fp16_s16816gemm_fp16_128x64_ldg8_f2f_stages_32x6_tn,135817472.0,2424064.0,111136.0,80.02,25.15
"void cublasLt::splitKreduce_kernel<32, 16, int, __half, __half, float, __half, 0, __half, __half, __half, 1, 0, 0>(cublasLt::cublasSplitKParams<T6>, const T4 *, const T10 *, T9 *, T5 *, const T6 *, const T6 *, const T11 *, const T4 *, T11 *, void *, long, T6 *, int *, T6 *, T6 *, const T6 *, const T6 *, const T6 *, const T6 *, const T6 *)",160000.0,0.0,4576.0,2.27,14.18
"void at::vectorized_elementwise_kernel<4, at::<unnamed>::silu_kernel(at::TensorIteratorBase &)::[lambda() (instance 1)]::operator ()() const::[lambda() (instance 5)]::operator ()() const::[lambda(c10::Half) (instance 1)], std::array<char *, 2>>(int, T2, T3)",51200.0,0.0,3808.0,0.88,0.67
ampere_fp16_s16816gemm_fp16_128x64_ldg8_f2f_stages_32x6_tn,135816448.0,2446464.0,110848.0,80.24,25.21
"void cublasLt::splitKreduce_kernel<32, 16, int, __half, __half, float, __half, 0, __half, __half, __half, 1, 0, 0>(cublasLt::cublasSplitKParams<T6>, const T4 *, const T10 *, T9 *, T5 *, const T6 *, const T6 *, const T11 *, const T4 *, T11 *, void *, long, T6 *, int *, T6 *, T6 *, const T6 *, const T6 *, const T6 *, const T6 *, const T6 *)",160000.0,0.0,4608.0,2.26,14.02
"void at::vectorized_elementwise_kernel<4, at::BinaryFunctor<c10::Half, c10::Half, c10::Half, binary_internal::MulFunctor<float>>, std::array<char *, 3>>(int, T2, T3)",82048.0,0.0,3104.0,1.73,0.26
ampere_fp16_s16816gemm_fp16_64x64_sliced1x2_ldg8_f2f_stages_64x6_tn,135844096.0,2368896.0,108576.0,81.89,25.73
"void cublasLt::splitKreduce_kernel<32, 16, int, __half, __half, float, __half, 0, __half, __half, __half, 1, 0, 0>(cublasLt::cublasSplitKParams<T6>, const T4 *, const T10 *, T9 *, T5 *, const T6 *, const T6 *, const T11 *, const T4 *, T11 *, void *, long, T6 *, int *, T6 *, T6 *, const T6 *, const T6 *, const T6 *, const T6 *, const T6 *)",72960.0,0.0,4000.0,1.17,3.45
"void at::vectorized_elementwise_kernel<4, at::CUDAFunctor_add<c10::Half>, std::array<char *, 3>>(int, T2, T3)",20608.0,0.0,3008.0,0.45,0.08
"void at::unrolled_elementwise_kernel<at::direct_copy_kernel_cuda(at::TensorIteratorBase &)::[lambda() (instance 3)]::operator ()() const::[lambda() (instance 7)]::operator ()() const::[lambda(float) (instance 1)], std::array<char *, 2>, 4, TrivialOffsetCalculator<1, unsigned int>, TrivialOffsetCalculator<1, unsigned int>, memory::LoadWithCast<1>, memory::StoreWithCast<1>>(int, T1, T2, T4, T5, T6, T7)",39296.0,0.0,5952.0,0.43,0.16
"void at::vectorized_elementwise_kernel<4, void at::<unnamed>::pow_tensor_scalar_kernel_impl<float, float>(at::TensorIteratorBase &, T2)::[lambda(float) (instance 1)], std::array<char *, 2>>(int, T2, T3)",19072.0,0.0,3104.0,0.4,0.04
"void at::reduce_kernel<512, 1, at::ReduceOp<float, at::MeanOps<float, float, float, float>, unsigned int, float, 4, 4>>(T3)",66176.0,0.0,5696.0,0.75,0.1
"void at::vectorized_elementwise_kernel<4, at::CUDAFunctorOnSelf_add<float>, std::array<char *, 2>>(int, T2, T3)",4864.0,0.0,2720.0,0.12,0.02
"void at::vectorized_elementwise_kernel<4, at::rsqrt_kernel_cuda(at::TensorIteratorBase &)::[lambda() (instance 2)]::operator ()() const::[lambda() (instance 2)]::operator ()() const::[lambda(float) (instance 1)], std::array<char *, 2>>(int, T2, T3)",6400.0,0.0,2880.0,0.15,0.04
"void at::elementwise_kernel<128, 2, void at::gpu_kernel_impl_nocast<at::BinaryFunctor<float, float, float, binary_internal::MulFunctor<float>>>(at::TensorIteratorBase &, const T1 &)::[lambda(int) (instance 1)]>(int, T3)",25472.0,0.0,4064.0,0.41,0.18
"void at::vectorized_elementwise_kernel<4, at::float16_copy_kernel_cuda(at::TensorIteratorBase &)::[lambda(float) (instance 1)], std::array<char *, 2>>(int, T2, T3)",19456.0,0.0,2976.0,0.43,0.05
"void at::vectorized_elementwise_kernel<4, at::BinaryFunctor<c10::Half, c10::Half, c10::Half, binary_internal::MulFunctor<float>>, std::array<char *, 3>>(int, T2, T3)",20608.0,0.0,2976.0,0.45,0.08
ampere_fp16_s16816gemm_fp16_64x64_sliced1x2_ldg8_relu_f2f_stages_64x6_tn,25720320.0,1104768.0,27872.0,62.06,19.03
"void gemv2T_kernel_val<int, int, __half, float, float, float, 128, 16, 4, 4, 0, 1, cublasGemvParamsEx<int, cublasGemvTensorStridedBatched<const __half>, cublasGemvTensorStridedBatched<const float>, cublasGemvTensorStridedBatched<float>, float>>(T13, T6, T6)",3686144.0,640.0,10880.0,21.88,20.08
"void cublasLt::splitKreduce_kernel<32, 16, int, float, __half, float, __half, 0, __half, __half, __half, 1, 0, 0>(cublasLt::cublasSplitKParams<T6>, const T4 *, const T10 *, T9 *, T5 *, const T6 *, const T6 *, const T11 *, const T4 *, T11 *, void *, long, T6 *, int *, T6 *, T6 *, const T6 *, const T6 *, const T6 *, const T6 *, const T6 *)",40704.0,0.0,3744.0,0.71,3.53
"void epilogue::globalKernel<8, 32, __half, __half, float, 1, 1, 1>(int, int, long, T3 *, cublasLtEpilogue_t, int, T4 *, long, void *, long, long, long, T5 *, long, int *)",8192.0,0.0,3360.0,0.16,1.23
"void gemv2T_kernel_val<int, int, __half, float, float, float, 128, 16, 4, 4, 0, 1, cublasGemvParamsEx<int, cublasGemvTensorStridedBatched<const __half>, cublasGemvTensorStridedBatched<const float>, cublasGemvTensorStridedBatched<float>, float>>(T13, T6, T6)",3686144.0,0.0,11040.0,21.57,19.87
"void cublasLt::splitKreduce_kernel<32, 16, int, float, __half, float, __half, 0, __half, __half, __half, 1, 0, 0>(cublasLt::cublasSplitKParams<T6>, const T4 *, const T10 *, T9 *, T5 *, const T6 *, const T6 *, const T11 *, const T4 *, T11 *, void *, long, T6 *, int *, T6 *, T6 *, const T6 *, const T6 *, const T6 *, const T6 *, const T6 *)",40832.0,0.0,3840.0,0.69,3.42
"void epilogue::globalKernel<8, 32, __half, __half, float, 1, 1, 1>(int, int, long, T3 *, cublasLtEpilogue_t, int, T4 *, long, void *, long, long, long, T5 *, long, int *)",8192.0,0.0,3456.0,0.15,1.19
"void at::elementwise_kernel<128, 4, void at::gpu_kernel_impl_nocast<at::BinaryFunctor<c10::Half, c10::Half, c10::Half, binary_internal::MulFunctor<float>>>(at::TensorIteratorBase &, const T1 &)::[lambda(int) (instance 1)]>(int, T3)",27264.0,0.0,5408.0,0.33,0.17
"void at::elementwise_kernel<128, 4, void at::gpu_kernel_impl_nocast<at::neg_kernel_cuda(at::TensorIteratorBase &)::[lambda() (instance 2)]::operator ()() const::[lambda() (instance 8)]::operator ()() const::[lambda(c10::Half) (instance 1)]>(at::TensorIteratorBase &, const T1 &)::[lambda(int) (instance 1)]>(int, T3)",21376.0,0.0,5248.0,0.26,0.07
"void at::<unnamed>::CatArrayBatchedCopy<at::<unnamed>::OpaqueType<2>, unsigned int, 4, 64, 64>(T1 *, at::<unnamed>::CatArrInputTensorMetadata<T1, T2, T4, T5>, at::<unnamed>::TensorSizeStride<T2, 4>, int, T2)",14208.0,0.0,6560.0,0.14,3.72
"void at::elementwise_kernel<128, 4, void at::gpu_kernel_impl_nocast<at::BinaryFunctor<c10::Half, c10::Half, c10::Half, binary_internal::MulFunctor<float>>>(at::TensorIteratorBase &, const T1 &)::[lambda(int) (instance 1)]>(int, T3)",27776.0,0.0,5088.0,0.35,0.18
"void at::vectorized_elementwise_kernel<4, at::CUDAFunctor_add<c10::Half>, std::array<char *, 3>>(int, T2, T3)",20608.0,0.0,2912.0,0.47,0.08
"void at::elementwise_kernel<128, 4, void at::gpu_kernel_impl_nocast<at::BinaryFunctor<c10::Half, c10::Half, c10::Half, binary_internal::MulFunctor<float>>>(at::TensorIteratorBase &, const T1 &)::[lambda(int) (instance 1)]>(int, T3)",21248.0,0.0,4864.0,0.28,0.03
"void at::elementwise_kernel<128, 4, void at::gpu_kernel_impl_nocast<at::neg_kernel_cuda(at::TensorIteratorBase &)::[lambda() (instance 2)]::operator ()() const::[lambda() (instance 8)]::operator ()() const::[lambda(c10::Half) (instance 1)]>(at::TensorIteratorBase &, const T1 &)::[lambda(int) (instance 1)]>(int, T3)",18304.0,0.0,4192.0,0.28,0.02
"void at::<unnamed>::CatArrayBatchedCopy<at::<unnamed>::OpaqueType<2>, unsigned int, 4, 64, 64>(T1 *, at::<unnamed>::CatArrInputTensorMetadata<T1, T2, T4, T5>, at::<unnamed>::TensorSizeStride<T2, 4>, int, T2)",8064.0,0.0,5344.0,0.1,4.04
"void at::elementwise_kernel<128, 4, void at::gpu_kernel_impl_nocast<at::BinaryFunctor<c10::Half, c10::Half, c10::Half, binary_internal::MulFunctor<float>>>(at::TensorIteratorBase &, const T1 &)::[lambda(int) (instance 1)]>(int, T3)",21632.0,0.0,4928.0,0.28,0.03
"void at::vectorized_elementwise_kernel<4, at::CUDAFunctor_add<c10::Half>, std::array<char *, 3>>(int, T2, T3)",8320.0,0.0,2912.0,0.19,0.04
"void at::<unnamed>::CatArrayBatchedCopy_vectorized<at::<unnamed>::OpaqueType<2>, unsigned int, 3, 128, 1, 16, 8>(char *, at::<unnamed>::CatArrInputTensorMetadata<T1, T2, T4, T5>, at::<unnamed>::TensorSizeStride<T2, 4>, int, T2)",2102272.0,0.0,5984.0,22.71,11.22
"void at::<unnamed>::CatArrayBatchedCopy_vectorized<at::<unnamed>::OpaqueType<2>, unsigned int, 3, 128, 1, 16, 8>(char *, at::<unnamed>::CatArrInputTensorMetadata<T1, T2, T4, T5>, at::<unnamed>::TensorSizeStride<T2, 4>, int, T2)",2102272.0,0.0,6112.0,22.16,11.03
"void pytorch_flash::flash_fwd_splitkv_kernel<Flash_fwd_kernel_traits<128, 64, 128, 4, 0, 0, cutlass::half_t, Flash_kernel_traits<128, 64, 128, 4, cutlass::half_t>>, 0, 0, 0, 0, 1, 0, 1, 0>(pytorch_flash::Flash_fwd_params)",4261760.0,0.0,10496.0,26.22,8.81
"void pytorch_flash::flash_fwd_splitkv_combine_kernel<Flash_fwd_kernel_traits<128, 64, 128, 4, 0, 0, cutlass::half_t, Flash_kernel_traits<128, 64, 128, 4, cutlass::half_t>>, 4, 5, 1>(pytorch_flash::Flash_fwd_params)",268288.0,0.0,13536.0,1.28,0.28
ampere_fp16_s16816gemm_fp16_64x64_sliced1x2_ldg8_f2f_stages_64x6_tn,25712128.0,1049216.0,27584.0,62.46,19.21
"void at::vectorized_elementwise_kernel<4, at::CUDAFunctor_add<c10::Half>, std::array<char *, 3>>(int, T2, T3)",20608.0,0.0,3200.0,0.42,0.07
"void at::unrolled_elementwise_kernel<at::direct_copy_kernel_cuda(at::TensorIteratorBase &)::[lambda() (instance 3)]::operator ()() const::[lambda() (instance 7)]::operator ()() const::[lambda(float) (instance 1)], std::array<char *, 2>, 4, TrivialOffsetCalculator<1, unsigned int>, TrivialOffsetCalculator<1, unsigned int>, memory::LoadWithCast<1>, memory::StoreWithCast<1>>(int, T1, T2, T4, T5, T6, T7)",39296.0,0.0,6080.0,0.42,0.15
"void at::vectorized_elementwise_kernel<4, void at::<unnamed>::pow_tensor_scalar_kernel_impl<float, float>(at::TensorIteratorBase &, T2)::[lambda(float) (instance 1)], std::array<char *, 2>>(int, T2, T3)",19072.0,0.0,2976.0,0.42,0.05
"void at::reduce_kernel<512, 1, at::ReduceOp<float, at::MeanOps<float, float, float, float>, unsigned int, float, 4, 4>>(T3)",65408.0,0.0,5760.0,0.73,0.1
"void at::vectorized_elementwise_kernel<4, at::CUDAFunctorOnSelf_add<float>, std::array<char *, 2>>(int, T2, T3)",4736.0,0.0,2720.0,0.11,0.02
"void at::vectorized_elementwise_kernel<4, at::rsqrt_kernel_cuda(at::TensorIteratorBase &)::[lambda() (instance 2)]::operator ()() const::[lambda() (instance 2)]::operator ()() const::[lambda(float) (instance 1)], std::array<char *, 2>>(int, T2, T3)",6400.0,0.0,2880.0,0.14,0.04
"void at::elementwise_kernel<128, 2, void at::gpu_kernel_impl_nocast<at::BinaryFunctor<float, float, float, binary_internal::MulFunctor<float>>>(at::TensorIteratorBase &, const T1 &)::[lambda(int) (instance 1)]>(int, T3)",25472.0,0.0,4288.0,0.39,0.17
"void at::vectorized_elementwise_kernel<4, at::float16_copy_kernel_cuda(at::TensorIteratorBase &)::[lambda(float) (instance 1)], std::array<char *, 2>>(int, T2, T3)",19456.0,0.0,2976.0,0.43,0.05
"void at::vectorized_elementwise_kernel<4, at::BinaryFunctor<c10::Half, c10::Half, c10::Half, binary_internal::MulFunctor<float>>, std::array<char *, 3>>(int, T2, T3)",20608.0,0.0,2976.0,0.45,0.08
ampere_fp16_s16816gemm_fp16_128x64_ldg8_f2f_stages_32x6_tn,135814912.0,2427648.0,111104.0,80.03,25.14
"void cublasLt::splitKreduce_kernel<32, 16, int, __half, __half, float, __half, 0, __half, __half, __half, 1, 0, 0>(cublasLt::cublasSplitKParams<T6>, const T4 *, const T10 *, T9 *, T5 *, const T6 *, const T6 *, const T11 *, const T4 *, T11 *, void *, long, T6 *, int *, T6 *, T6 *, const T6 *, const T6 *, const T6 *, const T6 *, const T6 *)",160000.0,0.0,4576.0,2.28,14.25
"void at::vectorized_elementwise_kernel<4, at::<unnamed>::silu_kernel(at::TensorIteratorBase &)::[lambda() (instance 1)]::operator ()() const::[lambda() (instance 5)]::operator ()() const::[lambda(c10::Half) (instance 1)], std::array<char *, 2>>(int, T2, T3)",51072.0,0.0,3744.0,0.89,0.67
ampere_fp16_s16816gemm_fp16_128x64_ldg8_f2f_stages_32x6_tn,135813760.0,2449536.0,111136.0,80.05,25.15
"void cublasLt::splitKreduce_kernel<32, 16, int, __half, __half, float, __half, 0, __half, __half, __half, 1, 0, 0>(cublasLt::cublasSplitKParams<T6>, const T4 *, const T10 *, T9 *, T5 *, const T6 *, const T6 *, const T11 *, const T4 *, T11 *, void *, long, T6 *, int *, T6 *, T6 *, const T6 *, const T6 *, const T6 *, const T6 *, const T6 *)",160000.0,0.0,4608.0,2.27,14.07
"void at::vectorized_elementwise_kernel<4, at::BinaryFunctor<c10::Half, c10::Half, c10::Half, binary_internal::MulFunctor<float>>, std::array<char *, 3>>(int, T2, T3)",82048.0,0.0,3136.0,1.71,0.25
ampere_fp16_s16816gemm_fp16_64x64_sliced1x2_ldg8_f2f_stages_64x6_tn,135850368.0,2373376.0,108800.0,81.72,25.66
"void cublasLt::splitKreduce_kernel<32, 16, int, __half, __half, float, __half, 0, __half, __half, __half, 1, 0, 0>(cublasLt::cublasSplitKParams<T6>, const T4 *, const T10 *, T9 *, T5 *, const T6 *, const T6 *, const T11 *, const T4 *, T11 *, void *, long, T6 *, int *, T6 *, T6 *, const T6 *, const T6 *, const T6 *, const T6 *, const T6 *)",72960.0,0.0,4096.0,1.16,3.4
"void at::vectorized_elementwise_kernel<4, at::CUDAFunctor_add<c10::Half>, std::array<char *, 3>>(int, T2, T3)",20608.0,0.0,2976.0,0.45,0.08
"void at::unrolled_elementwise_kernel<at::direct_copy_kernel_cuda(at::TensorIteratorBase &)::[lambda() (instance 3)]::operator ()() const::[lambda() (instance 7)]::operator ()() const::[lambda(float) (instance 1)], std::array<char *, 2>, 4, TrivialOffsetCalculator<1, unsigned int>, TrivialOffsetCalculator<1, unsigned int>, memory::LoadWithCast<1>, memory::StoreWithCast<1>>(int, T1, T2, T4, T5, T6, T7)",39296.0,0.0,6048.0,0.42,0.15
"void at::vectorized_elementwise_kernel<4, void at::<unnamed>::pow_tensor_scalar_kernel_impl<float, float>(at::TensorIteratorBase &, T2)::[lambda(float) (instance 1)], std::array<char *, 2>>(int, T2, T3)",19072.0,0.0,2976.0,0.42,0.05
"void at::reduce_kernel<512, 1, at::ReduceOp<float, at::MeanOps<float, float, float, float>, unsigned int, float, 4, 4>>(T3)",65408.0,0.0,5632.0,0.75,0.1
"void at::vectorized_elementwise_kernel<4, at::CUDAFunctorOnSelf_add<float>, std::array<char *, 2>>(int, T2, T3)",4736.0,0.0,3328.0,0.09,0.02
"void at::vectorized_elementwise_kernel<4, at::rsqrt_kernel_cuda(at::TensorIteratorBase &)::[lambda() (instance 2)]::operator ()() const::[lambda() (instance 2)]::operator ()() const::[lambda(float) (instance 1)], std::array<char *, 2>>(int, T2, T3)",6912.0,0.0,3008.0,0.15,0.04
"void at::elementwise_kernel<128, 2, void at::gpu_kernel_impl_nocast<at::BinaryFunctor<float, float, float, binary_internal::MulFunctor<float>>>(at::TensorIteratorBase &, const T1 &)::[lambda(int) (instance 1)]>(int, T3)",25344.0,0.0,4096.0,0.4,0.18
"void at::vectorized_elementwise_kernel<4, at::float16_copy_kernel_cuda(at::TensorIteratorBase &)::[lambda(float) (instance 1)], std::array<char *, 2>>(int, T2, T3)",19328.0,0.0,2816.0,0.45,0.05
"void at::vectorized_elementwise_kernel<4, at::BinaryFunctor<c10::Half, c10::Half, c10::Half, binary_internal::MulFunctor<float>>, std::array<char *, 3>>(int, T2, T3)",20992.0,0.0,2976.0,0.46,0.08
ampere_fp16_s16816gemm_fp16_64x64_sliced1x2_ldg8_relu_f2f_stages_64x6_tn,25722368.0,1256832.0,27968.0,62.14,18.95
"void gemv2T_kernel_val<int, int, __half, float, float, float, 128, 16, 4, 4, 0, 1, cublasGemvParamsEx<int, cublasGemvTensorStridedBatched<const __half>, cublasGemvTensorStridedBatched<const float>, cublasGemvTensorStridedBatched<float>, float>>(T13, T6, T6)",3686144.0,128.0,10656.0,22.3,20.48
"void cublasLt::splitKreduce_kernel<32, 16, int, float, __half, float, __half, 0, __half, __half, __half, 1, 0, 0>(cublasLt::cublasSplitKParams<T6>, const T4 *, const T10 *, T9 *, T5 *, const T6 *, const T6 *, const T11 *, const T4 *, T11 *, void *, long, T6 *, int *, T6 *, T6 *, const T6 *, const T6 *, const T6 *, const T6 *, const T6 *)",40704.0,0.0,3840.0,0.69,3.45
"void epilogue::globalKernel<8, 32, __half, __half, float, 1, 1, 1>(int, int, long, T3 *, cublasLtEpilogue_t, int, T4 *, long, void *, long, long, long, T5 *, long, int *)",7680.0,0.0,3424.0,0.15,1.2
"void gemv2T_kernel_val<int, int, __half, float, float, float, 128, 16, 4, 4, 0, 1, cublasGemvParamsEx<int, cublasGemvTensorStridedBatched<const __half>, cublasGemvTensorStridedBatched<const float>, cublasGemvTensorStridedBatched<float>, float>>(T13, T6, T6)",3686144.0,0.0,10656.0,22.36,20.57
"void cublasLt::splitKreduce_kernel<32, 16, int, float, __half, float, __half, 0, __half, __half, __half, 1, 0, 0>(cublasLt::cublasSplitKParams<T6>, const T4 *, const T10 *, T9 *, T5 *, const T6 *, const T6 *, const T11 *, const T4 *, T11 *, void *, long, T6 *, int *, T6 *, T6 *, const T6 *, const T6 *, const T6 *, const T6 *, const T6 *)",40704.0,0.0,3680.0,0.72,3.57
"void epilogue::globalKernel<8, 32, __half, __half, float, 1, 1, 1>(int, int, long, T3 *, cublasLtEpilogue_t, int, T4 *, long, void *, long, long, long, T5 *, long, int *)",7808.0,0.0,3488.0,0.15,1.19
"void at::elementwise_kernel<128, 4, void at::gpu_kernel_impl_nocast<at::BinaryFunctor<c10::Half, c10::Half, c10::Half, binary_internal::MulFunctor<float>>>(at::TensorIteratorBase &, const T1 &)::[lambda(int) (instance 1)]>(int, T3)",27264.0,0.0,5280.0,0.33,0.17
"void at::elementwise_kernel<128, 4, void at::gpu_kernel_impl_nocast<at::neg_kernel_cuda(at::TensorIteratorBase &)::[lambda() (instance 2)]::operator ()() const::[lambda() (instance 8)]::operator ()() const::[lambda(c10::Half) (instance 1)]>(at::TensorIteratorBase &, const T1 &)::[lambda(int) (instance 1)]>(int, T3)",21376.0,0.0,5120.0,0.27,0.07
"void at::<unnamed>::CatArrayBatchedCopy<at::<unnamed>::OpaqueType<2>, unsigned int, 4, 64, 64>(T1 *, at::<unnamed>::CatArrInputTensorMetadata<T1, T2, T4, T5>, at::<unnamed>::TensorSizeStride<T2, 4>, int, T2)",14208.0,0.0,6624.0,0.14,3.7
"void at::elementwise_kernel<128, 4, void at::gpu_kernel_impl_nocast<at::BinaryFunctor<c10::Half, c10::Half, c10::Half, binary_internal::MulFunctor<float>>>(at::TensorIteratorBase &, const T1 &)::[lambda(int) (instance 1)]>(int, T3)",27136.0,0.0,5152.0,0.34,0.17
"void at::vectorized_elementwise_kernel<4, at::CUDAFunctor_add<c10::Half>, std::array<char *, 3>>(int, T2, T3)",20608.0,0.0,3008.0,0.44,0.08
"void at::elementwise_kernel<128, 4, void at::gpu_kernel_impl_nocast<at::BinaryFunctor<c10::Half, c10::Half, c10::Half, binary_internal::MulFunctor<float>>>(at::TensorIteratorBase &, const T1 &)::[lambda(int) (instance 1)]>(int, T3)",21632.0,0.0,4992.0,0.28,0.03
"void at::elementwise_kernel<128, 4, void at::gpu_kernel_impl_nocast<at::neg_kernel_cuda(at::TensorIteratorBase &)::[lambda() (instance 2)]::operator ()() const::[lambda() (instance 8)]::operator ()() const::[lambda(c10::Half) (instance 1)]>(at::TensorIteratorBase &, const T1 &)::[lambda(int) (instance 1)]>(int, T3)",18304.0,0.0,4224.0,0.28,0.02
"void at::<unnamed>::CatArrayBatchedCopy<at::<unnamed>::OpaqueType<2>, unsigned int, 4, 64, 64>(T1 *, at::<unnamed>::CatArrInputTensorMetadata<T1, T2, T4, T5>, at::<unnamed>::TensorSizeStride<T2, 4>, int, T2)",8064.0,0.0,5504.0,0.09,3.93
"void at::elementwise_kernel<128, 4, void at::gpu_kernel_impl_nocast<at::BinaryFunctor<c10::Half, c10::Half, c10::Half, binary_internal::MulFunctor<float>>>(at::TensorIteratorBase &, const T1 &)::[lambda(int) (instance 1)]>(int, T3)",21120.0,0.0,5472.0,0.25,0.02
"void at::vectorized_elementwise_kernel<4, at::CUDAFunctor_add<c10::Half>, std::array<char *, 3>>(int, T2, T3)",8320.0,0.0,3168.0,0.17,0.04
"void at::<unnamed>::CatArrayBatchedCopy_vectorized<at::<unnamed>::OpaqueType<2>, unsigned int, 3, 128, 1, 16, 8>(char *, at::<unnamed>::CatArrInputTensorMetadata<T1, T2, T4, T5>, at::<unnamed>::TensorSizeStride<T2, 4>, int, T2)",2102144.0,0.0,6048.0,22.51,11.13
"void at::<unnamed>::CatArrayBatchedCopy_vectorized<at::<unnamed>::OpaqueType<2>, unsigned int, 3, 128, 1, 16, 8>(char *, at::<unnamed>::CatArrInputTensorMetadata<T1, T2, T4, T5>, at::<unnamed>::TensorSizeStride<T2, 4>, int, T2)",2102272.0,0.0,6016.0,22.65,11.24
"void pytorch_flash::flash_fwd_splitkv_kernel<Flash_fwd_kernel_traits<128, 64, 128, 4, 0, 0, cutlass::half_t, Flash_kernel_traits<128, 64, 128, 4, cutlass::half_t>>, 0, 0, 0, 0, 1, 0, 1, 0>(pytorch_flash::Flash_fwd_params)",4261888.0,0.0,10560.0,26.04,8.73
"void pytorch_flash::flash_fwd_splitkv_combine_kernel<Flash_fwd_kernel_traits<128, 64, 128, 4, 0, 0, cutlass::half_t, Flash_kernel_traits<128, 64, 128, 4, cutlass::half_t>>, 4, 5, 1>(pytorch_flash::Flash_fwd_params)",268288.0,0.0,13280.0,1.3,0.28
ampere_fp16_s16816gemm_fp16_64x64_sliced1x2_ldg8_f2f_stages_64x6_tn,25712256.0,998144.0,26496.0,64.93,20.0
"void at::vectorized_elementwise_kernel<4, at::CUDAFunctor_add<c10::Half>, std::array<char *, 3>>(int, T2, T3)",20608.0,0.0,3008.0,0.45,0.08
"void at::unrolled_elementwise_kernel<at::direct_copy_kernel_cuda(at::TensorIteratorBase &)::[lambda() (instance 3)]::operator ()() const::[lambda() (instance 7)]::operator ()() const::[lambda(float) (instance 1)], std::array<char *, 2>, 4, TrivialOffsetCalculator<1, unsigned int>, TrivialOffsetCalculator<1, unsigned int>, memory::LoadWithCast<1>, memory::StoreWithCast<1>>(int, T1, T2, T4, T5, T6, T7)",39296.0,0.0,5856.0,0.43,0.16
"void at::vectorized_elementwise_kernel<4, void at::<unnamed>::pow_tensor_scalar_kernel_impl<float, float>(at::TensorIteratorBase &, T2)::[lambda(float) (instance 1)], std::array<char *, 2>>(int, T2, T3)",19072.0,0.0,2848.0,0.44,0.05
"void at::reduce_kernel<512, 1, at::ReduceOp<float, at::MeanOps<float, float, float, float>, unsigned int, float, 4, 4>>(T3)",65408.0,0.0,5600.0,0.76,0.1
"void at::vectorized_elementwise_kernel<4, at::CUDAFunctorOnSelf_add<float>, std::array<char *, 2>>(int, T2, T3)",4736.0,0.0,2816.0,0.11,0.02
"void at::vectorized_elementwise_kernel<4, at::rsqrt_kernel_cuda(at::TensorIteratorBase &)::[lambda() (instance 2)]::operator ()() const::[lambda() (instance 2)]::operator ()() const::[lambda(float) (instance 1)], std::array<char *, 2>>(int, T2, T3)",6272.0,0.0,2880.0,0.14,0.04
"void at::elementwise_kernel<128, 2, void at::gpu_kernel_impl_nocast<at::BinaryFunctor<float, float, float, binary_internal::MulFunctor<float>>>(at::TensorIteratorBase &, const T1 &)::[lambda(int) (instance 1)]>(int, T3)",25472.0,0.0,4128.0,0.4,0.18
"void at::vectorized_elementwise_kernel<4, at::float16_copy_kernel_cuda(at::TensorIteratorBase &)::[lambda(float) (instance 1)], std::array<char *, 2>>(int, T2, T3)",19328.0,0.0,2944.0,0.43,0.05
"void at::vectorized_elementwise_kernel<4, at::BinaryFunctor<c10::Half, c10::Half, c10::Half, binary_internal::MulFunctor<float>>, std::array<char *, 3>>(int, T2, T3)",20608.0,0.0,3168.0,0.42,0.07
ampere_fp16_s16816gemm_fp16_128x64_ldg8_f2f_stages_32x6_tn,135822464.0,2416128.0,109504.0,81.21,25.51
"void cublasLt::splitKreduce_kernel<32, 16, int, __half, __half, float, __half, 0, __half, __half, __half, 1, 0, 0>(cublasLt::cublasSplitKParams<T6>, const T4 *, const T10 *, T9 *, T5 *, const T6 *, const T6 *, const T11 *, const T4 *, T11 *, void *, long, T6 *, int *, T6 *, T6 *, const T6 *, const T6 *, const T6 *, const T6 *, const T6 *)",160000.0,0.0,4736.0,2.2,13.69
"void at::vectorized_elementwise_kernel<4, at::<unnamed>::silu_kernel(at::TensorIteratorBase &)::[lambda() (instance 1)]::operator ()() const::[lambda() (instance 5)]::operator ()() const::[lambda(c10::Half) (instance 1)], std::array<char *, 2>>(int, T2, T3)",51200.0,0.0,3584.0,0.93,0.7
ampere_fp16_s16816gemm_fp16_128x64_ldg8_f2f_stages_32x6_tn,135813760.0,2457088.0,108672.0,81.84,25.71
"void cublasLt::splitKreduce_kernel<32, 16, int, __half, __half, float, __half, 0, __half, __half, __half, 1, 0, 0>(cublasLt::cublasSplitKParams<T6>, const T4 *, const T10 *, T9 *, T5 *, const T6 *, const T6 *, const T11 *, const T4 *, T11 *, void *, long, T6 *, int *, T6 *, T6 *, const T6 *, const T6 *, const T6 *, const T6 *, const T6 *)",160000.0,0.0,4672.0,2.22,13.82
"void at::vectorized_elementwise_kernel<4, at::BinaryFunctor<c10::Half, c10::Half, c10::Half, binary_internal::MulFunctor<float>>, std::array<char *, 3>>(int, T2, T3)",82048.0,0.0,3104.0,1.73,0.26
ampere_fp16_s16816gemm_fp16_64x64_sliced1x2_ldg8_f2f_stages_64x6_tn,135850368.0,2384128.0,109440.0,81.22,25.52
"void cublasLt::splitKreduce_kernel<32, 16, int, __half, __half, float, __half, 0, __half, __half, __half, 1, 0, 0>(cublasLt::cublasSplitKParams<T6>, const T4 *, const T10 *, T9 *, T5 *, const T6 *, const T6 *, const T11 *, const T4 *, T11 *, void *, long, T6 *, int *, T6 *, T6 *, const T6 *, const T6 *, const T6 *, const T6 *, const T6 *)",72960.0,0.0,4064.0,1.16,3.41
"void at::vectorized_elementwise_kernel<4, at::CUDAFunctor_add<c10::Half>, std::array<char *, 3>>(int, T2, T3)",20608.0,0.0,2976.0,0.45,0.08
"void at::unrolled_elementwise_kernel<at::direct_copy_kernel_cuda(at::TensorIteratorBase &)::[lambda() (instance 3)]::operator ()() const::[lambda() (instance 7)]::operator ()() const::[lambda(float) (instance 1)], std::array<char *, 2>, 4, TrivialOffsetCalculator<1, unsigned int>, TrivialOffsetCalculator<1, unsigned int>, memory::LoadWithCast<1>, memory::StoreWithCast<1>>(int, T1, T2, T4, T5, T6, T7)",39296.0,0.0,6176.0,0.41,0.15
"void at::vectorized_elementwise_kernel<4, void at::<unnamed>::pow_tensor_scalar_kernel_impl<float, float>(at::TensorIteratorBase &, T2)::[lambda(float) (instance 1)], std::array<char *, 2>>(int, T2, T3)",19072.0,0.0,2976.0,0.42,0.05
"void at::reduce_kernel<512, 1, at::ReduceOp<float, at::MeanOps<float, float, float, float>, unsigned int, float, 4, 4>>(T3)",65408.0,0.0,5728.0,0.74,0.1
"void at::vectorized_elementwise_kernel<4, at::CUDAFunctorOnSelf_add<float>, std::array<char *, 2>>(int, T2, T3)",5120.0,0.0,2688.0,0.12,0.02
"void at::vectorized_elementwise_kernel<4, at::rsqrt_kernel_cuda(at::TensorIteratorBase &)::[lambda() (instance 2)]::operator ()() const::[lambda() (instance 2)]::operator ()() const::[lambda(float) (instance 1)], std::array<char *, 2>>(int, T2, T3)",6528.0,0.0,2848.0,0.15,0.04
"void at::elementwise_kernel<128, 2, void at::gpu_kernel_impl_nocast<at::BinaryFunctor<float, float, float, binary_internal::MulFunctor<float>>>(at::TensorIteratorBase &, const T1 &)::[lambda(int) (instance 1)]>(int, T3)",25344.0,0.0,4192.0,0.39,0.18
"void at::vectorized_elementwise_kernel<4, at::float16_copy_kernel_cuda(at::TensorIteratorBase &)::[lambda(float) (instance 1)], std::array<char *, 2>>(int, T2, T3)",19328.0,0.0,2944.0,0.43,0.05
"void at::vectorized_elementwise_kernel<4, at::BinaryFunctor<c10::Half, c10::Half, c10::Half, binary_internal::MulFunctor<float>>, std::array<char *, 3>>(int, T2, T3)",20992.0,0.0,2880.0,0.47,0.08
ampere_fp16_s16816gemm_fp16_64x64_sliced1x2_ldg8_relu_f2f_stages_64x6_tn,25720320.0,1154304.0,27904.0,62.02,18.98
"void gemv2T_kernel_val<int, int, __half, float, float, float, 128, 16, 4, 4, 0, 1, cublasGemvParamsEx<int, cublasGemvTensorStridedBatched<const __half>, cublasGemvTensorStridedBatched<const float>, cublasGemvTensorStridedBatched<float>, float>>(T13, T6, T6)",3686144.0,256.0,10848.0,22.0,20.24
"void cublasLt::splitKreduce_kernel<32, 16, int, float, __half, float, __half, 0, __half, __half, __half, 1, 0, 0>(cublasLt::cublasSplitKParams<T6>, const T4 *, const T10 *, T9 *, T5 *, const T6 *, const T6 *, const T11 *, const T4 *, T11 *, void *, long, T6 *, int *, T6 *, T6 *, const T6 *, const T6 *, const T6 *, const T6 *, const T6 *)",40704.0,0.0,3680.0,0.72,3.57
"void epilogue::globalKernel<8, 32, __half, __half, float, 1, 1, 1>(int, int, long, T3 *, cublasLtEpilogue_t, int, T4 *, long, void *, long, long, long, T5 *, long, int *)",7808.0,0.0,3328.0,0.15,1.24
"void gemv2T_kernel_val<int, int, __half, float, float, float, 128, 16, 4, 4, 0, 1, cublasGemvParamsEx<int, cublasGemvTensorStridedBatched<const __half>, cublasGemvTensorStridedBatched<const float>, cublasGemvTensorStridedBatched<float>, float>>(T13, T6, T6)",3687168.0,0.0,10688.0,22.28,20.46
"void cublasLt::splitKreduce_kernel<32, 16, int, float, __half, float, __half, 0, __half, __half, __half, 1, 0, 0>(cublasLt::cublasSplitKParams<T6>, const T4 *, const T10 *, T9 *, T5 *, const T6 *, const T6 *, const T11 *, const T4 *, T11 *, void *, long, T6 *, int *, T6 *, T6 *, const T6 *, const T6 *, const T6 *, const T6 *, const T6 *)",40704.0,0.0,3808.0,0.7,3.47
"void epilogue::globalKernel<8, 32, __half, __half, float, 1, 1, 1>(int, int, long, T3 *, cublasLtEpilogue_t, int, T4 *, long, void *, long, long, long, T5 *, long, int *)",7808.0,0.0,3520.0,0.14,1.18
"void at::elementwise_kernel<128, 4, void at::gpu_kernel_impl_nocast<at::BinaryFunctor<c10::Half, c10::Half, c10::Half, binary_internal::MulFunctor<float>>>(at::TensorIteratorBase &, const T1 &)::[lambda(int) (instance 1)]>(int, T3)",27392.0,0.0,5344.0,0.33,0.17
"void at::elementwise_kernel<128, 4, void at::gpu_kernel_impl_nocast<at::neg_kernel_cuda(at::TensorIteratorBase &)::[lambda() (instance 2)]::operator ()() const::[lambda() (instance 8)]::operator ()() const::[lambda(c10::Half) (instance 1)]>(at::TensorIteratorBase &, const T1 &)::[lambda(int) (instance 1)]>(int, T3)",21376.0,0.0,5344.0,0.26,0.07
"void at::<unnamed>::CatArrayBatchedCopy<at::<unnamed>::OpaqueType<2>, unsigned int, 4, 64, 64>(T1 *, at::<unnamed>::CatArrInputTensorMetadata<T1, T2, T4, T5>, at::<unnamed>::TensorSizeStride<T2, 4>, int, T2)",14080.0,0.0,6592.0,0.14,3.69
"void at::elementwise_kernel<128, 4, void at::gpu_kernel_impl_nocast<at::BinaryFunctor<c10::Half, c10::Half, c10::Half, binary_internal::MulFunctor<float>>>(at::TensorIteratorBase &, const T1 &)::[lambda(int) (instance 1)]>(int, T3)",27904.0,0.0,5088.0,0.36,0.18
"void at::vectorized_elementwise_kernel<4, at::CUDAFunctor_add<c10::Half>, std::array<char *, 3>>(int, T2, T3)",20608.0,0.0,3072.0,0.44,0.08
"void at::elementwise_kernel<128, 4, void at::gpu_kernel_impl_nocast<at::BinaryFunctor<c10::Half, c10::Half, c10::Half, binary_internal::MulFunctor<float>>>(at::TensorIteratorBase &, const T1 &)::[lambda(int) (instance 1)]>(int, T3)",21760.0,0.0,4864.0,0.29,0.03
"void at::elementwise_kernel<128, 4, void at::gpu_kernel_impl_nocast<at::neg_kernel_cuda(at::TensorIteratorBase &)::[lambda() (instance 2)]::operator ()() const::[lambda() (instance 8)]::operator ()() const::[lambda(c10::Half) (instance 1)]>(at::TensorIteratorBase &, const T1 &)::[lambda(int) (instance 1)]>(int, T3)",18304.0,0.0,3904.0,0.3,0.02
"void at::<unnamed>::CatArrayBatchedCopy<at::<unnamed>::OpaqueType<2>, unsigned int, 4, 64, 64>(T1 *, at::<unnamed>::CatArrInputTensorMetadata<T1, T2, T4, T5>, at::<unnamed>::TensorSizeStride<T2, 4>, int, T2)",9088.0,0.0,5440.0,0.11,3.96
"void at::elementwise_kernel<128, 4, void at::gpu_kernel_impl_nocast<at::BinaryFunctor<c10::Half, c10::Half, c10::Half, binary_internal::MulFunctor<float>>>(at::TensorIteratorBase &, const T1 &)::[lambda(int) (instance 1)]>(int, T3)",21120.0,0.0,4960.0,0.28,0.03
"void at::vectorized_elementwise_kernel<4, at::CUDAFunctor_add<c10::Half>, std::array<char *, 3>>(int, T2, T3)",8320.0,0.0,2912.0,0.19,0.04
"void at::<unnamed>::CatArrayBatchedCopy_vectorized<at::<unnamed>::OpaqueType<2>, unsigned int, 3, 128, 1, 16, 8>(char *, at::<unnamed>::CatArrInputTensorMetadata<T1, T2, T4, T5>, at::<unnamed>::TensorSizeStride<T2, 4>, int, T2)",2102272.0,0.0,6112.0,22.2,10.94
"void at::<unnamed>::CatArrayBatchedCopy_vectorized<at::<unnamed>::OpaqueType<2>, unsigned int, 3, 128, 1, 16, 8>(char *, at::<unnamed>::CatArrInputTensorMetadata<T1, T2, T4, T5>, at::<unnamed>::TensorSizeStride<T2, 4>, int, T2)",2103552.0,0.0,5920.0,23.05,11.39
"void pytorch_flash::flash_fwd_splitkv_kernel<Flash_fwd_kernel_traits<128, 64, 128, 4, 0, 0, cutlass::half_t, Flash_kernel_traits<128, 64, 128, 4, cutlass::half_t>>, 0, 0, 0, 0, 1, 0, 1, 0>(pytorch_flash::Flash_fwd_params)",4261888.0,0.0,10560.0,26.06,8.75
"void pytorch_flash::flash_fwd_splitkv_combine_kernel<Flash_fwd_kernel_traits<128, 64, 128, 4, 0, 0, cutlass::half_t, Flash_kernel_traits<128, 64, 128, 4, cutlass::half_t>>, 4, 5, 1>(pytorch_flash::Flash_fwd_params)",268288.0,0.0,13184.0,1.31,0.28
ampere_fp16_s16816gemm_fp16_64x64_sliced1x2_ldg8_f2f_stages_64x6_tn,25711872.0,1226112.0,27232.0,63.63,19.41
"void at::vectorized_elementwise_kernel<4, at::CUDAFunctor_add<c10::Half>, std::array<char *, 3>>(int, T2, T3)",20608.0,0.0,3008.0,0.45,0.08
"void at::unrolled_elementwise_kernel<at::direct_copy_kernel_cuda(at::TensorIteratorBase &)::[lambda() (instance 3)]::operator ()() const::[lambda() (instance 7)]::operator ()() const::[lambda(float) (instance 1)], std::array<char *, 2>, 4, TrivialOffsetCalculator<1, unsigned int>, TrivialOffsetCalculator<1, unsigned int>, memory::LoadWithCast<1>, memory::StoreWithCast<1>>(int, T1, T2, T4, T5, T6, T7)",39296.0,0.0,6048.0,0.42,0.15
"void at::vectorized_elementwise_kernel<4, void at::<unnamed>::pow_tensor_scalar_kernel_impl<float, float>(at::TensorIteratorBase &, T2)::[lambda(float) (instance 1)], std::array<char *, 2>>(int, T2, T3)",19072.0,0.0,2976.0,0.42,0.05
"void at::reduce_kernel<512, 1, at::ReduceOp<float, at::MeanOps<float, float, float, float>, unsigned int, float, 4, 4>>(T3)",65408.0,0.0,5824.0,0.72,0.1
"void at::vectorized_elementwise_kernel<4, at::CUDAFunctorOnSelf_add<float>, std::array<char *, 2>>(int, T2, T3)",4864.0,0.0,2816.0,0.11,0.02
"void at::vectorized_elementwise_kernel<4, at::rsqrt_kernel_cuda(at::TensorIteratorBase &)::[lambda() (instance 2)]::operator ()() const::[lambda() (instance 2)]::operator ()() const::[lambda(float) (instance 1)], std::array<char *, 2>>(int, T2, T3)",6400.0,0.0,3200.0,0.13,0.03
"void at::elementwise_kernel<128, 2, void at::gpu_kernel_impl_nocast<at::BinaryFunctor<float, float, float, binary_internal::MulFunctor<float>>>(at::TensorIteratorBase &, const T1 &)::[lambda(int) (instance 1)]>(int, T3)",25344.0,0.0,4160.0,0.4,0.18
"void at::vectorized_elementwise_kernel<4, at::float16_copy_kernel_cuda(at::TensorIteratorBase &)::[lambda(float) (instance 1)], std::array<char *, 2>>(int, T2, T3)",19456.0,0.0,2976.0,0.43,0.05
"void at::vectorized_elementwise_kernel<4, at::BinaryFunctor<c10::Half, c10::Half, c10::Half, binary_internal::MulFunctor<float>>, std::array<char *, 3>>(int, T2, T3)",20608.0,0.0,3040.0,0.44,0.08
ampere_fp16_s16816gemm_fp16_128x64_ldg8_f2f_stages_32x6_tn,135820672.0,2424576.0,111200.0,79.97,25.13
"void cublasLt::splitKreduce_kernel<32, 16, int, __half, __half, float, __half, 0, __half, __half, __half, 1, 0, 0>(cublasLt::cublasSplitKParams<T6>, const T4 *, const T10 *, T9 *, T5 *, const T6 *, const T6 *, const T11 *, const T4 *, T11 *, void *, long, T6 *, int *, T6 *, T6 *, const T6 *, const T6 *, const T6 *, const T6 *, const T6 *)",160000.0,0.0,4608.0,2.25,14.0
"void at::vectorized_elementwise_kernel<4, at::<unnamed>::silu_kernel(at::TensorIteratorBase &)::[lambda() (instance 1)]::operator ()() const::[lambda() (instance 5)]::operator ()() const::[lambda(c10::Half) (instance 1)], std::array<char *, 2>>(int, T2, T3)",51072.0,0.0,3808.0,0.87,0.66
ampere_fp16_s16816gemm_fp16_128x64_ldg8_f2f_stages_32x6_tn,135814400.0,2446208.0,110880.0,80.21,25.21
"void cublasLt::splitKreduce_kernel<32, 16, int, __half, __half, float, __half, 0, __half, __half, __half, 1, 0, 0>(cublasLt::cublasSplitKParams<T6>, const T4 *, const T10 *, T9 *, T5 *, const T6 *, const T6 *, const T11 *, const T4 *, T11 *, void *, long, T6 *, int *, T6 *, T6 *, const T6 *, const T6 *, const T6 *, const T6 *, const T6 *)",160000.0,0.0,4640.0,2.25,13.96
"void at::vectorized_elementwise_kernel<4, at::BinaryFunctor<c10::Half, c10::Half, c10::Half, binary_internal::MulFunctor<float>>, std::array<char *, 3>>(int, T2, T3)",82560.0,0.0,3136.0,1.73,0.25
ampere_fp16_s16816gemm_fp16_64x64_sliced1x2_ldg8_f2f_stages_64x6_tn,135843968.0,2407808.0,109664.0,81.1,25.48
"void cublasLt::splitKreduce_kernel<32, 16, int, __half, __half, float, __half, 0, __half, __half, __half, 1, 0, 0>(cublasLt::cublasSplitKParams<T6>, const T4 *, const T10 *, T9 *, T5 *, const T6 *, const T6 *, const T11 *, const T4 *, T11 *, void *, long, T6 *, int *, T6 *, T6 *, const T6 *, const T6 *, const T6 *, const T6 *, const T6 *)",72960.0,0.0,3936.0,1.21,3.53
"void at::vectorized_elementwise_kernel<4, at::CUDAFunctor_add<c10::Half>, std::array<char *, 3>>(int, T2, T3)",20608.0,0.0,3008.0,0.44,0.08
"void at::unrolled_elementwise_kernel<at::direct_copy_kernel_cuda(at::TensorIteratorBase &)::[lambda() (instance 3)]::operator ()() const::[lambda() (instance 7)]::operator ()() const::[lambda(float) (instance 1)], std::array<char *, 2>, 4, TrivialOffsetCalculator<1, unsigned int>, TrivialOffsetCalculator<1, unsigned int>, memory::LoadWithCast<1>, memory::StoreWithCast<1>>(int, T1, T2, T4, T5, T6, T7)",39296.0,0.0,5920.0,0.43,0.16
"void at::vectorized_elementwise_kernel<4, void at::<unnamed>::pow_tensor_scalar_kernel_impl<float, float>(at::TensorIteratorBase &, T2)::[lambda(float) (instance 1)], std::array<char *, 2>>(int, T2, T3)",19072.0,0.0,3232.0,0.38,0.04
"void at::reduce_kernel<512, 1, at::ReduceOp<float, at::MeanOps<float, float, float, float>, unsigned int, float, 4, 4>>(T3)",65408.0,0.0,5856.0,0.72,0.1
"void at::vectorized_elementwise_kernel<4, at::CUDAFunctorOnSelf_add<float>, std::array<char *, 2>>(int, T2, T3)",4864.0,0.0,2688.0,0.12,0.02
"void at::vectorized_elementwise_kernel<4, at::rsqrt_kernel_cuda(at::TensorIteratorBase &)::[lambda() (instance 2)]::operator ()() const::[lambda() (instance 2)]::operator ()() const::[lambda(float) (instance 1)], std::array<char *, 2>>(int, T2, T3)",6400.0,0.0,2848.0,0.15,0.04
"void at::elementwise_kernel<128, 2, void at::gpu_kernel_impl_nocast<at::BinaryFunctor<float, float, float, binary_internal::MulFunctor<float>>>(at::TensorIteratorBase &, const T1 &)::[lambda(int) (instance 1)]>(int, T3)",25472.0,0.0,4064.0,0.41,0.18
"void at::vectorized_elementwise_kernel<4, at::float16_copy_kernel_cuda(at::TensorIteratorBase &)::[lambda(float) (instance 1)], std::array<char *, 2>>(int, T2, T3)",20096.0,0.0,2912.0,0.45,0.05
"void at::vectorized_elementwise_kernel<4, at::BinaryFunctor<c10::Half, c10::Half, c10::Half, binary_internal::MulFunctor<float>>, std::array<char *, 3>>(int, T2, T3)",20608.0,0.0,3072.0,0.44,0.08
ampere_fp16_s16816gemm_fp16_64x64_sliced1x2_ldg8_relu_f2f_stages_64x6_tn,25722752.0,973568.0,27488.0,62.53,19.3
"void gemv2T_kernel_val<int, int, __half, float, float, float, 128, 16, 4, 4, 0, 1, cublasGemvParamsEx<int, cublasGemvTensorStridedBatched<const __half>, cublasGemvTensorStridedBatched<const float>, cublasGemvTensorStridedBatched<float>, float>>(T13, T6, T6)",3686144.0,640.0,10720.0,22.18,20.4
"void cublasLt::splitKreduce_kernel<32, 16, int, float, __half, float, __half, 0, __half, __half, __half, 1, 0, 0>(cublasLt::cublasSplitKParams<T6>, const T4 *, const T10 *, T9 *, T5 *, const T6 *, const T6 *, const T11 *, const T4 *, T11 *, void *, long, T6 *, int *, T6 *, T6 *, const T6 *, const T6 *, const T6 *, const T6 *, const T6 *)",40704.0,0.0,3648.0,0.72,3.6
"void epilogue::globalKernel<8, 32, __half, __half, float, 1, 1, 1>(int, int, long, T3 *, cublasLtEpilogue_t, int, T4 *, long, void *, long, long, long, T5 *, long, int *)",7680.0,0.0,3392.0,0.15,1.22
"void gemv2T_kernel_val<int, int, __half, float, float, float, 128, 16, 4, 4, 0, 1, cublasGemvParamsEx<int, cublasGemvTensorStridedBatched<const __half>, cublasGemvTensorStridedBatched<const float>, cublasGemvTensorStridedBatched<float>, float>>(T13, T6, T6)",3686144.0,128.0,10816.0,21.97,20.19
"void cublasLt::splitKreduce_kernel<32, 16, int, float, __half, float, __half, 0, __half, __half, __half, 1, 0, 0>(cublasLt::cublasSplitKParams<T6>, const T4 *, const T10 *, T9 *, T5 *, const T6 *, const T6 *, const T11 *, const T4 *, T11 *, void *, long, T6 *, int *, T6 *, T6 *, const T6 *, const T6 *, const T6 *, const T6 *, const T6 *)",40704.0,0.0,3872.0,0.69,3.42
"void epilogue::globalKernel<8, 32, __half, __half, float, 1, 1, 1>(int, int, long, T3 *, cublasLtEpilogue_t, int, T4 *, long, void *, long, long, long, T5 *, long, int *)",7680.0,0.0,3296.0,0.15,1.25
"void at::elementwise_kernel<128, 4, void at::gpu_kernel_impl_nocast<at::BinaryFunctor<c10::Half, c10::Half, c10::Half, binary_internal::MulFunctor<float>>>(at::TensorIteratorBase &, const T1 &)::[lambda(int) (instance 1)]>(int, T3)",27904.0,0.0,5248.0,0.34,0.17
"void at::elementwise_kernel<128, 4, void at::gpu_kernel_impl_nocast<at::neg_kernel_cuda(at::TensorIteratorBase &)::[lambda() (instance 2)]::operator ()() const::[lambda() (instance 8)]::operator ()() const::[lambda(c10::Half) (instance 1)]>(at::TensorIteratorBase &, const T1 &)::[lambda(int) (instance 1)]>(int, T3)",21376.0,0.0,5248.0,0.26,0.07
"void at::<unnamed>::CatArrayBatchedCopy<at::<unnamed>::OpaqueType<2>, unsigned int, 4, 64, 64>(T1 *, at::<unnamed>::CatArrInputTensorMetadata<T1, T2, T4, T5>, at::<unnamed>::TensorSizeStride<T2, 4>, int, T2)",14208.0,0.0,6624.0,0.14,3.67
"void at::elementwise_kernel<128, 4, void at::gpu_kernel_impl_nocast<at::BinaryFunctor<c10::Half, c10::Half, c10::Half, binary_internal::MulFunctor<float>>>(at::TensorIteratorBase &, const T1 &)::[lambda(int) (instance 1)]>(int, T3)",27136.0,0.0,5088.0,0.34,0.17
"void at::vectorized_elementwise_kernel<4, at::CUDAFunctor_add<c10::Half>, std::array<char *, 3>>(int, T2, T3)",20608.0,0.0,3040.0,0.44,0.08
"void at::elementwise_kernel<128, 4, void at::gpu_kernel_impl_nocast<at::BinaryFunctor<c10::Half, c10::Half, c10::Half, binary_internal::MulFunctor<float>>>(at::TensorIteratorBase &, const T1 &)::[lambda(int) (instance 1)]>(int, T3)",21760.0,0.0,4960.0,0.28,0.03
"void at::elementwise_kernel<128, 4, void at::gpu_kernel_impl_nocast<at::neg_kernel_cuda(at::TensorIteratorBase &)::[lambda() (instance 2)]::operator ()() const::[lambda() (instance 8)]::operator ()() const::[lambda(c10::Half) (instance 1)]>(at::TensorIteratorBase &, const T1 &)::[lambda(int) (instance 1)]>(int, T3)",18304.0,0.0,3968.0,0.3,0.02
"void at::<unnamed>::CatArrayBatchedCopy<at::<unnamed>::OpaqueType<2>, unsigned int, 4, 64, 64>(T1 *, at::<unnamed>::CatArrInputTensorMetadata<T1, T2, T4, T5>, at::<unnamed>::TensorSizeStride<T2, 4>, int, T2)",8064.0,0.0,5600.0,0.09,3.8
"void at::elementwise_kernel<128, 4, void at::gpu_kernel_impl_nocast<at::BinaryFunctor<c10::Half, c10::Half, c10::Half, binary_internal::MulFunctor<float>>>(at::TensorIteratorBase &, const T1 &)::[lambda(int) (instance 1)]>(int, T3)",20992.0,0.0,5472.0,0.25,0.02
"void at::vectorized_elementwise_kernel<4, at::CUDAFunctor_add<c10::Half>, std::array<char *, 3>>(int, T2, T3)",8320.0,0.0,3328.0,0.16,0.04
"void at::<unnamed>::CatArrayBatchedCopy_vectorized<at::<unnamed>::OpaqueType<2>, unsigned int, 3, 128, 1, 16, 8>(char *, at::<unnamed>::CatArrInputTensorMetadata<T1, T2, T4, T5>, at::<unnamed>::TensorSizeStride<T2, 4>, int, T2)",2102272.0,0.0,5952.0,22.83,11.24
"void at::<unnamed>::CatArrayBatchedCopy_vectorized<at::<unnamed>::OpaqueType<2>, unsigned int, 3, 128, 1, 16, 8>(char *, at::<unnamed>::CatArrInputTensorMetadata<T1, T2, T4, T5>, at::<unnamed>::TensorSizeStride<T2, 4>, int, T2)",2102400.0,0.0,5952.0,22.91,11.26
"void pytorch_flash::flash_fwd_splitkv_kernel<Flash_fwd_kernel_traits<128, 64, 128, 4, 0, 0, cutlass::half_t, Flash_kernel_traits<128, 64, 128, 4, cutlass::half_t>>, 0, 0, 0, 0, 1, 0, 1, 0>(pytorch_flash::Flash_fwd_params)",4261888.0,0.0,10688.0,25.77,8.66
"void pytorch_flash::flash_fwd_splitkv_combine_kernel<Flash_fwd_kernel_traits<128, 64, 128, 4, 0, 0, cutlass::half_t, Flash_kernel_traits<128, 64, 128, 4, cutlass::half_t>>, 4, 5, 1>(pytorch_flash::Flash_fwd_params)",269056.0,0.0,13440.0,1.29,0.28
ampere_fp16_s16816gemm_fp16_64x64_sliced1x2_ldg8_f2f_stages_64x6_tn,25712256.0,1151104.0,27264.0,63.4,19.43
"void at::vectorized_elementwise_kernel<4, at::CUDAFunctor_add<c10::Half>, std::array<char *, 3>>(int, T2, T3)",20608.0,0.0,3008.0,0.45,0.08
"void at::unrolled_elementwise_kernel<at::direct_copy_kernel_cuda(at::TensorIteratorBase &)::[lambda() (instance 3)]::operator ()() const::[lambda() (instance 7)]::operator ()() const::[lambda(float) (instance 1)], std::array<char *, 2>, 4, TrivialOffsetCalculator<1, unsigned int>, TrivialOffsetCalculator<1, unsigned int>, memory::LoadWithCast<1>, memory::StoreWithCast<1>>(int, T1, T2, T4, T5, T6, T7)",39296.0,0.0,5920.0,0.43,0.16
"void at::vectorized_elementwise_kernel<4, void at::<unnamed>::pow_tensor_scalar_kernel_impl<float, float>(at::TensorIteratorBase &, T2)::[lambda(float) (instance 1)], std::array<char *, 2>>(int, T2, T3)",19072.0,0.0,2848.0,0.43,0.05
"void at::reduce_kernel<512, 1, at::ReduceOp<float, at::MeanOps<float, float, float, float>, unsigned int, float, 4, 4>>(T3)",65408.0,0.0,5664.0,0.75,0.1
"void at::vectorized_elementwise_kernel<4, at::CUDAFunctorOnSelf_add<float>, std::array<char *, 2>>(int, T2, T3)",4864.0,0.0,3264.0,0.1,0.02
"void at::vectorized_elementwise_kernel<4, at::rsqrt_kernel_cuda(at::TensorIteratorBase &)::[lambda() (instance 2)]::operator ()() const::[lambda() (instance 2)]::operator ()() const::[lambda(float) (instance 1)], std::array<char *, 2>>(int, T2, T3)",6528.0,0.0,2912.0,0.15,0.04
"void at::elementwise_kernel<128, 2, void at::gpu_kernel_impl_nocast<at::BinaryFunctor<float, float, float, binary_internal::MulFunctor<float>>>(at::TensorIteratorBase &, const T1 &)::[lambda(int) (instance 1)]>(int, T3)",25344.0,0.0,4064.0,0.41,0.18
"void at::vectorized_elementwise_kernel<4, at::float16_copy_kernel_cuda(at::TensorIteratorBase &)::[lambda(float) (instance 1)], std::array<char *, 2>>(int, T2, T3)",19328.0,0.0,2944.0,0.43,0.05
"void at::vectorized_elementwise_kernel<4, at::BinaryFunctor<c10::Half, c10::Half, c10::Half, binary_internal::MulFunctor<float>>, std::array<char *, 3>>(int, T2, T3)",20608.0,0.0,3040.0,0.45,0.08
ampere_fp16_s16816gemm_fp16_128x64_ldg8_f2f_stages_32x6_tn,135813376.0,2439296.0,110560.0,80.43,25.27
"void cublasLt::splitKreduce_kernel<32, 16, int, __half, __half, float, __half, 0, __half, __half, __half, 1, 0, 0>(cublasLt::cublasSplitKParams<T6>, const T4 *, const T10 *, T9 *, T5 *, const T6 *, const T6 *, const T11 *, const T4 *, T11 *, void *, long, T6 *, int *, T6 *, T6 *, const T6 *, const T6 *, const T6 *, const T6 *, const T6 *)",160000.0,0.0,4640.0,2.24,13.93
"void at::vectorized_elementwise_kernel<4, at::<unnamed>::silu_kernel(at::TensorIteratorBase &)::[lambda() (instance 1)]::operator ()() const::[lambda() (instance 5)]::operator ()() const::[lambda(c10::Half) (instance 1)], std::array<char *, 2>>(int, T2, T3)",51072.0,0.0,3584.0,0.92,0.7
ampere_fp16_s16816gemm_fp16_128x64_ldg8_f2f_stages_32x6_tn,135813888.0,2440960.0,109376.0,81.32,25.55
"void cublasLt::splitKreduce_kernel<32, 16, int, __half, __half, float, __half, 0, __half, __half, __half, 1, 0, 0>(cublasLt::cublasSplitKParams<T6>, const T4 *, const T10 *, T9 *, T5 *, const T6 *, const T6 *, const T11 *, const T4 *, T11 *, void *, long, T6 *, int *, T6 *, T6 *, const T6 *, const T6 *, const T6 *, const T6 *, const T6 *)",160000.0,0.0,4800.0,2.15,13.52
"void at::vectorized_elementwise_kernel<4, at::BinaryFunctor<c10::Half, c10::Half, c10::Half, binary_internal::MulFunctor<float>>, std::array<char *, 3>>(int, T2, T3)",82048.0,0.0,3104.0,1.72,0.25
ampere_fp16_s16816gemm_fp16_64x64_sliced1x2_ldg8_f2f_stages_64x6_tn,135854208.0,2377472.0,110272.0,80.64,25.34
"void cublasLt::splitKreduce_kernel<32, 16, int, __half, __half, float, __half, 0, __half, __half, __half, 1, 0, 0>(cublasLt::cublasSplitKParams<T6>, const T4 *, const T10 *, T9 *, T5 *, const T6 *, const T6 *, const T11 *, const T4 *, T11 *, void *, long, T6 *, int *, T6 *, T6 *, const T6 *, const T6 *, const T6 *, const T6 *, const T6 *)",72960.0,0.0,3936.0,1.2,3.54
"void at::vectorized_elementwise_kernel<4, at::CUDAFunctor_add<c10::Half>, std::array<char *, 3>>(int, T2, T3)",20608.0,0.0,3008.0,0.45,0.08
"void at::unrolled_elementwise_kernel<at::direct_copy_kernel_cuda(at::TensorIteratorBase &)::[lambda() (instance 3)]::operator ()() const::[lambda() (instance 7)]::operator ()() const::[lambda(float) (instance 1)], std::array<char *, 2>, 4, TrivialOffsetCalculator<1, unsigned int>, TrivialOffsetCalculator<1, unsigned int>, memory::LoadWithCast<1>, memory::StoreWithCast<1>>(int, T1, T2, T4, T5, T6, T7)",39296.0,0.0,5952.0,0.43,0.16
"void at::vectorized_elementwise_kernel<4, void at::<unnamed>::pow_tensor_scalar_kernel_impl<float, float>(at::TensorIteratorBase &, T2)::[lambda(float) (instance 1)], std::array<char *, 2>>(int, T2, T3)",19072.0,0.0,2944.0,0.42,0.05
"void at::reduce_kernel<512, 1, at::ReduceOp<float, at::MeanOps<float, float, float, float>, unsigned int, float, 4, 4>>(T3)",65536.0,0.0,5632.0,0.75,0.1
"void at::vectorized_elementwise_kernel<4, at::CUDAFunctorOnSelf_add<float>, std::array<char *, 2>>(int, T2, T3)",4864.0,0.0,2688.0,0.12,0.02
"void at::vectorized_elementwise_kernel<4, at::rsqrt_kernel_cuda(at::TensorIteratorBase &)::[lambda() (instance 2)]::operator ()() const::[lambda() (instance 2)]::operator ()() const::[lambda(float) (instance 1)], std::array<char *, 2>>(int, T2, T3)",6272.0,0.0,2848.0,0.14,0.04
"void at::elementwise_kernel<128, 2, void at::gpu_kernel_impl_nocast<at::BinaryFunctor<float, float, float, binary_internal::MulFunctor<float>>>(at::TensorIteratorBase &, const T1 &)::[lambda(int) (instance 1)]>(int, T3)",25472.0,0.0,4096.0,0.4,0.18
"void at::vectorized_elementwise_kernel<4, at::float16_copy_kernel_cuda(at::TensorIteratorBase &)::[lambda(float) (instance 1)], std::array<char *, 2>>(int, T2, T3)",19328.0,0.0,2944.0,0.43,0.05
"void at::vectorized_elementwise_kernel<4, at::BinaryFunctor<c10::Half, c10::Half, c10::Half, binary_internal::MulFunctor<float>>, std::array<char *, 3>>(int, T2, T3)",20608.0,0.0,3168.0,0.42,0.07
ampere_fp16_s16816gemm_fp16_64x64_sliced1x2_ldg8_relu_f2f_stages_64x6_tn,25721728.0,948992.0,27264.0,62.95,19.41
"void gemv2T_kernel_val<int, int, __half, float, float, float, 128, 16, 4, 4, 0, 1, cublasGemvParamsEx<int, cublasGemvTensorStridedBatched<const __half>, cublasGemvTensorStridedBatched<const float>, cublasGemvTensorStridedBatched<float>, float>>(T13, T6, T6)",3686144.0,256.0,10624.0,22.43,20.67
"void cublasLt::splitKreduce_kernel<32, 16, int, float, __half, float, __half, 0, __half, __half, __half, 1, 0, 0>(cublasLt::cublasSplitKParams<T6>, const T4 *, const T10 *, T9 *, T5 *, const T6 *, const T6 *, const T11 *, const T4 *, T11 *, void *, long, T6 *, int *, T6 *, T6 *, const T6 *, const T6 *, const T6 *, const T6 *, const T6 *)",40704.0,0.0,3616.0,0.73,3.63
"void epilogue::globalKernel<8, 32, __half, __half, float, 1, 1, 1>(int, int, long, T3 *, cublasLtEpilogue_t, int, T4 *, long, void *, long, long, long, T5 *, long, int *)",7680.0,0.0,3328.0,0.15,1.24
"void gemv2T_kernel_val<int, int, __half, float, float, float, 128, 16, 4, 4, 0, 1, cublasGemvParamsEx<int, cublasGemvTensorStridedBatched<const __half>, cublasGemvTensorStridedBatched<const float>, cublasGemvTensorStridedBatched<float>, float>>(T13, T6, T6)",3686144.0,128.0,10592.0,22.41,20.66
"void cublasLt::splitKreduce_kernel<32, 16, int, float, __half, float, __half, 0, __half, __half, __half, 1, 0, 0>(cublasLt::cublasSplitKParams<T6>, const T4 *, const T10 *, T9 *, T5 *, const T6 *, const T6 *, const T11 *, const T4 *, T11 *, void *, long, T6 *, int *, T6 *, T6 *, const T6 *, const T6 *, const T6 *, const T6 *, const T6 *)",40704.0,0.0,3776.0,0.7,3.49
"void epilogue::globalKernel<8, 32, __half, __half, float, 1, 1, 1>(int, int, long, T3 *, cublasLtEpilogue_t, int, T4 *, long, void *, long, long, long, T5 *, long, int *)",7680.0,0.0,3552.0,0.14,1.16
"void at::elementwise_kernel<128, 4, void at::gpu_kernel_impl_nocast<at::BinaryFunctor<c10::Half, c10::Half, c10::Half, binary_internal::MulFunctor<float>>>(at::TensorIteratorBase &, const T1 &)::[lambda(int) (instance 1)]>(int, T3)",27136.0,0.0,5312.0,0.33,0.17
"void at::elementwise_kernel<128, 4, void at::gpu_kernel_impl_nocast<at::neg_kernel_cuda(at::TensorIteratorBase &)::[lambda() (instance 2)]::operator ()() const::[lambda() (instance 8)]::operator ()() const::[lambda(c10::Half) (instance 1)]>(at::TensorIteratorBase &, const T1 &)::[lambda(int) (instance 1)]>(int, T3)",21376.0,0.0,5344.0,0.26,0.07
"void at::<unnamed>::CatArrayBatchedCopy<at::<unnamed>::OpaqueType<2>, unsigned int, 4, 64, 64>(T1 *, at::<unnamed>::CatArrInputTensorMetadata<T1, T2, T4, T5>, at::<unnamed>::TensorSizeStride<T2, 4>, int, T2)",14208.0,0.0,6624.0,0.14,3.71
"void at::elementwise_kernel<128, 4, void at::gpu_kernel_impl_nocast<at::BinaryFunctor<c10::Half, c10::Half, c10::Half, binary_internal::MulFunctor<float>>>(at::TensorIteratorBase &, const T1 &)::[lambda(int) (instance 1)]>(int, T3)",27520.0,0.0,5248.0,0.34,0.17
"void at::vectorized_elementwise_kernel<4, at::CUDAFunctor_add<c10::Half>, std::array<char *, 3>>(int, T2, T3)",20608.0,0.0,3296.0,0.41,0.07
"void at::elementwise_kernel<128, 4, void at::gpu_kernel_impl_nocast<at::BinaryFunctor<c10::Half, c10::Half, c10::Half, binary_internal::MulFunctor<float>>>(at::TensorIteratorBase &, const T1 &)::[lambda(int) (instance 1)]>(int, T3)",21120.0,0.0,5120.0,0.27,0.03
"void at::elementwise_kernel<128, 4, void at::gpu_kernel_impl_nocast<at::neg_kernel_cuda(at::TensorIteratorBase &)::[lambda() (instance 2)]::operator ()() const::[lambda() (instance 8)]::operator ()() const::[lambda(c10::Half) (instance 1)]>(at::TensorIteratorBase &, const T1 &)::[lambda(int) (instance 1)]>(int, T3)",18304.0,0.0,4096.0,0.29,0.02
"void at::<unnamed>::CatArrayBatchedCopy<at::<unnamed>::OpaqueType<2>, unsigned int, 4, 64, 64>(T1 *, at::<unnamed>::CatArrInputTensorMetadata<T1, T2, T4, T5>, at::<unnamed>::TensorSizeStride<T2, 4>, int, T2)",7936.0,0.0,5344.0,0.1,4.03
"void at::elementwise_kernel<128, 4, void at::gpu_kernel_impl_nocast<at::BinaryFunctor<c10::Half, c10::Half, c10::Half, binary_internal::MulFunctor<float>>>(at::TensorIteratorBase &, const T1 &)::[lambda(int) (instance 1)]>(int, T3)",21376.0,0.0,4896.0,0.28,0.03
"void at::vectorized_elementwise_kernel<4, at::CUDAFunctor_add<c10::Half>, std::array<char *, 3>>(int, T2, T3)",8320.0,0.0,2944.0,0.18,0.04
"void at::<unnamed>::CatArrayBatchedCopy_vectorized<at::<unnamed>::OpaqueType<2>, unsigned int, 3, 128, 1, 16, 8>(char *, at::<unnamed>::CatArrInputTensorMetadata<T1, T2, T4, T5>, at::<unnamed>::TensorSizeStride<T2, 4>, int, T2)",2102400.0,0.0,6048.0,22.63,11.2
"void at::<unnamed>::CatArrayBatchedCopy_vectorized<at::<unnamed>::OpaqueType<2>, unsigned int, 3, 128, 1, 16, 8>(char *, at::<unnamed>::CatArrInputTensorMetadata<T1, T2, T4, T5>, at::<unnamed>::TensorSizeStride<T2, 4>, int, T2)",2102272.0,0.0,6016.0,22.59,11.26
"void pytorch_flash::flash_fwd_splitkv_kernel<Flash_fwd_kernel_traits<128, 64, 128, 4, 0, 0, cutlass::half_t, Flash_kernel_traits<128, 64, 128, 4, cutlass::half_t>>, 0, 0, 0, 0, 1, 0, 1, 0>(pytorch_flash::Flash_fwd_params)",4263296.0,0.0,10528.0,26.18,8.78
"void pytorch_flash::flash_fwd_splitkv_combine_kernel<Flash_fwd_kernel_traits<128, 64, 128, 4, 0, 0, cutlass::half_t, Flash_kernel_traits<128, 64, 128, 4, cutlass::half_t>>, 4, 5, 1>(pytorch_flash::Flash_fwd_params)",268416.0,0.0,13344.0,1.3,0.28
ampere_fp16_s16816gemm_fp16_64x64_sliced1x2_ldg8_f2f_stages_64x6_tn,25713024.0,1111936.0,26912.0,64.18,19.7
"void at::vectorized_elementwise_kernel<4, at::CUDAFunctor_add<c10::Half>, std::array<char *, 3>>(int, T2, T3)",20608.0,0.0,3008.0,0.44,0.08
"void at::unrolled_elementwise_kernel<at::direct_copy_kernel_cuda(at::TensorIteratorBase &)::[lambda() (instance 3)]::operator ()() const::[lambda() (instance 7)]::operator ()() const::[lambda(float) (instance 1)], std::array<char *, 2>, 4, TrivialOffsetCalculator<1, unsigned int>, TrivialOffsetCalculator<1, unsigned int>, memory::LoadWithCast<1>, memory::StoreWithCast<1>>(int, T1, T2, T4, T5, T6, T7)",39296.0,0.0,5920.0,0.43,0.16
"void at::vectorized_elementwise_kernel<4, void at::<unnamed>::pow_tensor_scalar_kernel_impl<float, float>(at::TensorIteratorBase &, T2)::[lambda(float) (instance 1)], std::array<char *, 2>>(int, T2, T3)",19072.0,0.0,2976.0,0.42,0.05
"void at::reduce_kernel<512, 1, at::ReduceOp<float, at::MeanOps<float, float, float, float>, unsigned int, float, 4, 4>>(T3)",65408.0,0.0,5888.0,0.72,0.1
"void at::vectorized_elementwise_kernel<4, at::CUDAFunctorOnSelf_add<float>, std::array<char *, 2>>(int, T2, T3)",4864.0,0.0,2912.0,0.11,0.02
"void at::vectorized_elementwise_kernel<4, at::rsqrt_kernel_cuda(at::TensorIteratorBase &)::[lambda() (instance 2)]::operator ()() const::[lambda() (instance 2)]::operator ()() const::[lambda(float) (instance 1)], std::array<char *, 2>>(int, T2, T3)",6400.0,0.0,2848.0,0.15,0.04
"void at::elementwise_kernel<128, 2, void at::gpu_kernel_impl_nocast<at::BinaryFunctor<float, float, float, binary_internal::MulFunctor<float>>>(at::TensorIteratorBase &, const T1 &)::[lambda(int) (instance 1)]>(int, T3)",25344.0,0.0,4032.0,0.41,0.18
"void at::vectorized_elementwise_kernel<4, at::float16_copy_kernel_cuda(at::TensorIteratorBase &)::[lambda(float) (instance 1)], std::array<char *, 2>>(int, T2, T3)",19456.0,0.0,2944.0,0.43,0.05
"void at::vectorized_elementwise_kernel<4, at::BinaryFunctor<c10::Half, c10::Half, c10::Half, binary_internal::MulFunctor<float>>, std::array<char *, 3>>(int, T2, T3)",20608.0,0.0,3008.0,0.44,0.08
ampere_fp16_s16816gemm_fp16_128x64_ldg8_f2f_stages_32x6_tn,135819904.0,2425088.0,109504.0,81.21,25.51
"void cublasLt::splitKreduce_kernel<32, 16, int, __half, __half, float, __half, 0, __half, __half, __half, 1, 0, 0>(cublasLt::cublasSplitKParams<T6>, const T4 *, const T10 *, T9 *, T5 *, const T6 *, const T6 *, const T11 *, const T4 *, T11 *, void *, long, T6 *, int *, T6 *, T6 *, const T6 *, const T6 *, const T6 *, const T6 *, const T6 *)",160000.0,0.0,4608.0,2.26,14.18
"void at::vectorized_elementwise_kernel<4, at::<unnamed>::silu_kernel(at::TensorIteratorBase &)::[lambda() (instance 1)]::operator ()() const::[lambda() (instance 5)]::operator ()() const::[lambda(c10::Half) (instance 1)], std::array<char *, 2>>(int, T2, T3)",51072.0,0.0,3552.0,0.93,0.71
ampere_fp16_s16816gemm_fp16_128x64_ldg8_f2f_stages_32x6_tn,135813504.0,2442112.0,111296.0,79.91,25.11
"void cublasLt::splitKreduce_kernel<32, 16, int, __half, __half, float, __half, 0, __half, __half, __half, 1, 0, 0>(cublasLt::cublasSplitKParams<T6>, const T4 *, const T10 *, T9 *, T5 *, const T6 *, const T6 *, const T11 *, const T4 *, T11 *, void *, long, T6 *, int *, T6 *, T6 *, const T6 *, const T6 *, const T6 *, const T6 *, const T6 *)",160000.0,0.0,4608.0,2.26,14.14
"void at::vectorized_elementwise_kernel<4, at::BinaryFunctor<c10::Half, c10::Half, c10::Half, binary_internal::MulFunctor<float>>, std::array<char *, 3>>(int, T2, T3)",82048.0,0.0,3136.0,1.71,0.25
ampere_fp16_s16816gemm_fp16_64x64_sliced1x2_ldg8_f2f_stages_64x6_tn,135853312.0,2376960.0,111296.0,79.91,25.1
"void cublasLt::splitKreduce_kernel<32, 16, int, __half, __half, float, __half, 0, __half, __half, __half, 1, 0, 0>(cublasLt::cublasSplitKParams<T6>, const T4 *, const T10 *, T9 *, T5 *, const T6 *, const T6 *, const T11 *, const T4 *, T11 *, void *, long, T6 *, int *, T6 *, T6 *, const T6 *, const T6 *, const T6 *, const T6 *, const T6 *)",72960.0,0.0,4096.0,1.15,3.38
"void at::vectorized_elementwise_kernel<4, at::CUDAFunctor_add<c10::Half>, std::array<char *, 3>>(int, T2, T3)",20608.0,0.0,3136.0,0.43,0.07
"void at::unrolled_elementwise_kernel<at::direct_copy_kernel_cuda(at::TensorIteratorBase &)::[lambda() (instance 3)]::operator ()() const::[lambda() (instance 7)]::operator ()() const::[lambda(float) (instance 1)], std::array<char *, 2>, 4, TrivialOffsetCalculator<1, unsigned int>, TrivialOffsetCalculator<1, unsigned int>, memory::LoadWithCast<1>, memory::StoreWithCast<1>>(int, T1, T2, T4, T5, T6, T7)",39296.0,0.0,5920.0,0.43,0.16
"void at::vectorized_elementwise_kernel<4, void at::<unnamed>::pow_tensor_scalar_kernel_impl<float, float>(at::TensorIteratorBase &, T2)::[lambda(float) (instance 1)], std::array<char *, 2>>(int, T2, T3)",19072.0,0.0,3104.0,0.4,0.04
"void at::reduce_kernel<512, 1, at::ReduceOp<float, at::MeanOps<float, float, float, float>, unsigned int, float, 4, 4>>(T3)",65408.0,0.0,5920.0,0.71,0.1
"void at::vectorized_elementwise_kernel<4, at::CUDAFunctorOnSelf_add<float>, std::array<char *, 2>>(int, T2, T3)",4736.0,0.0,2912.0,0.11,0.02
"void at::vectorized_elementwise_kernel<4, at::rsqrt_kernel_cuda(at::TensorIteratorBase &)::[lambda() (instance 2)]::operator ()() const::[lambda() (instance 2)]::operator ()() const::[lambda(float) (instance 1)], std::array<char *, 2>>(int, T2, T3)",6400.0,0.0,3008.0,0.14,0.04
"void at::elementwise_kernel<128, 2, void at::gpu_kernel_impl_nocast<at::BinaryFunctor<float, float, float, binary_internal::MulFunctor<float>>>(at::TensorIteratorBase &, const T1 &)::[lambda(int) (instance 1)]>(int, T3)",25472.0,0.0,4096.0,0.4,0.18
"void at::vectorized_elementwise_kernel<4, at::float16_copy_kernel_cuda(at::TensorIteratorBase &)::[lambda(float) (instance 1)], std::array<char *, 2>>(int, T2, T3)",19456.0,0.0,3168.0,0.4,0.05
"void at::vectorized_elementwise_kernel<4, at::BinaryFunctor<c10::Half, c10::Half, c10::Half, binary_internal::MulFunctor<float>>, std::array<char *, 3>>(int, T2, T3)",20608.0,0.0,3008.0,0.45,0.08
ampere_fp16_s16816gemm_fp16_64x64_sliced1x2_ldg8_relu_f2f_stages_64x6_tn,25720192.0,684928.0,27040.0,62.88,19.6
"void gemv2T_kernel_val<int, int, __half, float, float, float, 128, 16, 4, 4, 0, 1, cublasGemvParamsEx<int, cublasGemvTensorStridedBatched<const __half>, cublasGemvTensorStridedBatched<const float>, cublasGemvTensorStridedBatched<float>, float>>(T13, T6, T6)",3686144.0,768.0,10624.0,22.34,20.59
"void cublasLt::splitKreduce_kernel<32, 16, int, float, __half, float, __half, 0, __half, __half, __half, 1, 0, 0>(cublasLt::cublasSplitKParams<T6>, const T4 *, const T10 *, T9 *, T5 *, const T6 *, const T6 *, const T11 *, const T4 *, T11 *, void *, long, T6 *, int *, T6 *, T6 *, const T6 *, const T6 *, const T6 *, const T6 *, const T6 *)",40704.0,0.0,3776.0,0.7,3.49
"void epilogue::globalKernel<8, 32, __half, __half, float, 1, 1, 1>(int, int, long, T3 *, cublasLtEpilogue_t, int, T4 *, long, void *, long, long, long, T5 *, long, int *)",7808.0,0.0,3360.0,0.15,1.22
"void gemv2T_kernel_val<int, int, __half, float, float, float, 128, 16, 4, 4, 0, 1, cublasGemvParamsEx<int, cublasGemvTensorStridedBatched<const __half>, cublasGemvTensorStridedBatched<const float>, cublasGemvTensorStridedBatched<float>, float>>(T13, T6, T6)",3686144.0,128.0,10368.0,22.91,21.1
"void cublasLt::splitKreduce_kernel<32, 16, int, float, __half, float, __half, 0, __half, __half, __half, 1, 0, 0>(cublasLt::cublasSplitKParams<T6>, const T4 *, const T10 *, T9 *, T5 *, const T6 *, const T6 *, const T11 *, const T4 *, T11 *, void *, long, T6 *, int *, T6 *, T6 *, const T6 *, const T6 *, const T6 *, const T6 *, const T6 *)",40832.0,0.0,3680.0,0.72,3.56
"void epilogue::globalKernel<8, 32, __half, __half, float, 1, 1, 1>(int, int, long, T3 *, cublasLtEpilogue_t, int, T4 *, long, void *, long, long, long, T5 *, long, int *)",8192.0,0.0,3328.0,0.16,1.24
"void at::elementwise_kernel<128, 4, void at::gpu_kernel_impl_nocast<at::BinaryFunctor<c10::Half, c10::Half, c10::Half, binary_internal::MulFunctor<float>>>(at::TensorIteratorBase &, const T1 &)::[lambda(int) (instance 1)]>(int, T3)",27264.0,0.0,5248.0,0.34,0.17
"void at::elementwise_kernel<128, 4, void at::gpu_kernel_impl_nocast<at::neg_kernel_cuda(at::TensorIteratorBase &)::[lambda() (instance 2)]::operator ()() const::[lambda() (instance 8)]::operator ()() const::[lambda(c10::Half) (instance 1)]>(at::TensorIteratorBase &, const T1 &)::[lambda(int) (instance 1)]>(int, T3)",21376.0,0.0,5408.0,0.26,0.07
"void at::<unnamed>::CatArrayBatchedCopy<at::<unnamed>::OpaqueType<2>, unsigned int, 4, 64, 64>(T1 *, at::<unnamed>::CatArrInputTensorMetadata<T1, T2, T4, T5>, at::<unnamed>::TensorSizeStride<T2, 4>, int, T2)",15360.0,0.0,6624.0,0.15,3.72
"void at::elementwise_kernel<128, 4, void at::gpu_kernel_impl_nocast<at::BinaryFunctor<c10::Half, c10::Half, c10::Half, binary_internal::MulFunctor<float>>>(at::TensorIteratorBase &, const T1 &)::[lambda(int) (instance 1)]>(int, T3)",27264.0,0.0,5056.0,0.35,0.18
"void at::vectorized_elementwise_kernel<4, at::CUDAFunctor_add<c10::Half>, std::array<char *, 3>>(int, T2, T3)",20608.0,0.0,3200.0,0.42,0.07
"void at::elementwise_kernel<128, 4, void at::gpu_kernel_impl_nocast<at::BinaryFunctor<c10::Half, c10::Half, c10::Half, binary_internal::MulFunctor<float>>>(at::TensorIteratorBase &, const T1 &)::[lambda(int) (instance 1)]>(int, T3)",21120.0,0.0,4960.0,0.27,0.03
"void at::elementwise_kernel<128, 4, void at::gpu_kernel_impl_nocast<at::neg_kernel_cuda(at::TensorIteratorBase &)::[lambda() (instance 2)]::operator ()() const::[lambda() (instance 8)]::operator ()() const::[lambda(c10::Half) (instance 1)]>(at::TensorIteratorBase &, const T1 &)::[lambda(int) (instance 1)]>(int, T3)",18304.0,0.0,4192.0,0.28,0.02
"void at::<unnamed>::CatArrayBatchedCopy<at::<unnamed>::OpaqueType<2>, unsigned int, 4, 64, 64>(T1 *, at::<unnamed>::CatArrInputTensorMetadata<T1, T2, T4, T5>, at::<unnamed>::TensorSizeStride<T2, 4>, int, T2)",8576.0,0.0,5408.0,0.1,3.94
"void at::elementwise_kernel<128, 4, void at::gpu_kernel_impl_nocast<at::BinaryFunctor<c10::Half, c10::Half, c10::Half, binary_internal::MulFunctor<float>>>(at::TensorIteratorBase &, const T1 &)::[lambda(int) (instance 1)]>(int, T3)",20992.0,0.0,5504.0,0.25,0.02
"void at::vectorized_elementwise_kernel<4, at::CUDAFunctor_add<c10::Half>, std::array<char *, 3>>(int, T2, T3)",8320.0,0.0,3168.0,0.17,0.04
"void at::<unnamed>::CatArrayBatchedCopy_vectorized<at::<unnamed>::OpaqueType<2>, unsigned int, 3, 128, 1, 16, 8>(char *, at::<unnamed>::CatArrInputTensorMetadata<T1, T2, T4, T5>, at::<unnamed>::TensorSizeStride<T2, 4>, int, T2)",2103040.0,0.0,5920.0,22.92,11.33
"void at::<unnamed>::CatArrayBatchedCopy_vectorized<at::<unnamed>::OpaqueType<2>, unsigned int, 3, 128, 1, 16, 8>(char *, at::<unnamed>::CatArrInputTensorMetadata<T1, T2, T4, T5>, at::<unnamed>::TensorSizeStride<T2, 4>, int, T2)",2102272.0,0.0,5984.0,22.79,11.27
"void pytorch_flash::flash_fwd_splitkv_kernel<Flash_fwd_kernel_traits<128, 64, 128, 4, 0, 0, cutlass::half_t, Flash_kernel_traits<128, 64, 128, 4, cutlass::half_t>>, 0, 0, 0, 0, 1, 0, 1, 0>(pytorch_flash::Flash_fwd_params)",4261888.0,0.0,10528.0,26.06,8.76
"void pytorch_flash::flash_fwd_splitkv_combine_kernel<Flash_fwd_kernel_traits<128, 64, 128, 4, 0, 0, cutlass::half_t, Flash_kernel_traits<128, 64, 128, 4, cutlass::half_t>>, 4, 5, 1>(pytorch_flash::Flash_fwd_params)",268416.0,0.0,13376.0,1.29,0.28
ampere_fp16_s16816gemm_fp16_64x64_sliced1x2_ldg8_f2f_stages_64x6_tn,25712640.0,1112832.0,26784.0,64.47,19.77
"void at::vectorized_elementwise_kernel<4, at::CUDAFunctor_add<c10::Half>, std::array<char *, 3>>(int, T2, T3)",20608.0,0.0,3104.0,0.43,0.07
"void at::unrolled_elementwise_kernel<at::direct_copy_kernel_cuda(at::TensorIteratorBase &)::[lambda() (instance 3)]::operator ()() const::[lambda() (instance 7)]::operator ()() const::[lambda(float) (instance 1)], std::array<char *, 2>, 4, TrivialOffsetCalculator<1, unsigned int>, TrivialOffsetCalculator<1, unsigned int>, memory::LoadWithCast<1>, memory::StoreWithCast<1>>(int, T1, T2, T4, T5, T6, T7)",39296.0,0.0,5984.0,0.42,0.16
"void at::vectorized_elementwise_kernel<4, void at::<unnamed>::pow_tensor_scalar_kernel_impl<float, float>(at::TensorIteratorBase &, T2)::[lambda(float) (instance 1)], std::array<char *, 2>>(int, T2, T3)",19072.0,0.0,2912.0,0.42,0.05
"void at::reduce_kernel<512, 1, at::ReduceOp<float, at::MeanOps<float, float, float, float>, unsigned int, float, 4, 4>>(T3)",65536.0,0.0,5728.0,0.74,0.1
"void at::vectorized_elementwise_kernel<4, at::CUDAFunctorOnSelf_add<float>, std::array<char *, 2>>(int, T2, T3)",4736.0,0.0,2688.0,0.12,0.02
"void at::vectorized_elementwise_kernel<4, at::rsqrt_kernel_cuda(at::TensorIteratorBase &)::[lambda() (instance 2)]::operator ()() const::[lambda() (instance 2)]::operator ()() const::[lambda(float) (instance 1)], std::array<char *, 2>>(int, T2, T3)",6400.0,0.0,2848.0,0.15,0.04
"void at::elementwise_kernel<128, 2, void at::gpu_kernel_impl_nocast<at::BinaryFunctor<float, float, float, binary_internal::MulFunctor<float>>>(at::TensorIteratorBase &, const T1 &)::[lambda(int) (instance 1)]>(int, T3)",25472.0,0.0,4256.0,0.39,0.17
"void at::vectorized_elementwise_kernel<4, at::float16_copy_kernel_cuda(at::TensorIteratorBase &)::[lambda(float) (instance 1)], std::array<char *, 2>>(int, T2, T3)",19328.0,0.0,2976.0,0.43,0.05
"void at::vectorized_elementwise_kernel<4, at::BinaryFunctor<c10::Half, c10::Half, c10::Half, binary_internal::MulFunctor<float>>, std::array<char *, 3>>(int, T2, T3)",20608.0,0.0,3008.0,0.45,0.08
ampere_fp16_s16816gemm_fp16_128x64_ldg8_f2f_stages_32x6_tn,135820288.0,2413952.0,109120.0,81.49,25.59
"void cublasLt::splitKreduce_kernel<32, 16, int, __half, __half, float, __half, 0, __half, __half, __half, 1, 0, 0>(cublasLt::cublasSplitKParams<T6>, const T4 *, const T10 *, T9 *, T5 *, const T6 *, const T6 *, const T11 *, const T4 *, T11 *, void *, long, T6 *, int *, T6 *, T6 *, const T6 *, const T6 *, const T6 *, const T6 *, const T6 *)",160000.0,0.0,4640.0,2.23,13.95
"void at::vectorized_elementwise_kernel<4, at::<unnamed>::silu_kernel(at::TensorIteratorBase &)::[lambda() (instance 1)]::operator ()() const::[lambda() (instance 5)]::operator ()() const::[lambda(c10::Half) (instance 1)], std::array<char *, 2>>(int, T2, T3)",51072.0,0.0,3584.0,0.92,0.7
ampere_fp16_s16816gemm_fp16_128x64_ldg8_f2f_stages_32x6_tn,135821440.0,2442240.0,109088.0,81.52,25.6
"void cublasLt::splitKreduce_kernel<32, 16, int, __half, __half, float, __half, 0, __half, __half, __half, 1, 0, 0>(cublasLt::cublasSplitKParams<T6>, const T4 *, const T10 *, T9 *, T5 *, const T6 *, const T6 *, const T11 *, const T4 *, T11 *, void *, long, T6 *, int *, T6 *, T6 *, const T6 *, const T6 *, const T6 *, const T6 *, const T6 *)",160000.0,0.0,4576.0,2.26,14.08
"void at::vectorized_elementwise_kernel<4, at::BinaryFunctor<c10::Half, c10::Half, c10::Half, binary_internal::MulFunctor<float>>, std::array<char *, 3>>(int, T2, T3)",82048.0,0.0,3104.0,1.73,0.26
ampere_fp16_s16816gemm_fp16_64x64_sliced1x2_ldg8_f2f_stages_64x6_tn,135862272.0,2374784.0,109536.0,81.18,25.5
"void cublasLt::splitKreduce_kernel<32, 16, int, __half, __half, float, __half, 0, __half, __half, __half, 1, 0, 0>(cublasLt::cublasSplitKParams<T6>, const T4 *, const T10 *, T9 *, T5 *, const T6 *, const T6 *, const T11 *, const T4 *, T11 *, void *, long, T6 *, int *, T6 *, T6 *, const T6 *, const T6 *, const T6 *, const T6 *, const T6 *)",72960.0,0.0,4064.0,1.16,3.41
"void at::vectorized_elementwise_kernel<4, at::CUDAFunctor_add<c10::Half>, std::array<char *, 3>>(int, T2, T3)",20608.0,0.0,3040.0,0.44,0.08
"void at::unrolled_elementwise_kernel<at::direct_copy_kernel_cuda(at::TensorIteratorBase &)::[lambda() (instance 3)]::operator ()() const::[lambda() (instance 7)]::operator ()() const::[lambda(float) (instance 1)], std::array<char *, 2>, 4, TrivialOffsetCalculator<1, unsigned int>, TrivialOffsetCalculator<1, unsigned int>, memory::LoadWithCast<1>, memory::StoreWithCast<1>>(int, T1, T2, T4, T5, T6, T7)",39296.0,0.0,5984.0,0.43,0.16
"void at::vectorized_elementwise_kernel<4, void at::<unnamed>::pow_tensor_scalar_kernel_impl<float, float>(at::TensorIteratorBase &, T2)::[lambda(float) (instance 1)], std::array<char *, 2>>(int, T2, T3)",19072.0,0.0,2976.0,0.41,0.05
"void at::reduce_kernel<512, 1, at::ReduceOp<float, at::MeanOps<float, float, float, float>, unsigned int, float, 4, 4>>(T3)",65408.0,0.0,5664.0,0.75,0.1
"void at::vectorized_elementwise_kernel<4, at::CUDAFunctorOnSelf_add<float>, std::array<char *, 2>>(int, T2, T3)",5248.0,0.0,2752.0,0.12,0.02
"void at::vectorized_elementwise_kernel<4, at::rsqrt_kernel_cuda(at::TensorIteratorBase &)::[lambda() (instance 2)]::operator ()() const::[lambda() (instance 2)]::operator ()() const::[lambda(float) (instance 1)], std::array<char *, 2>>(int, T2, T3)",6400.0,0.0,2848.0,0.15,0.04
"void at::elementwise_kernel<128, 2, void at::gpu_kernel_impl_nocast<at::BinaryFunctor<float, float, float, binary_internal::MulFunctor<float>>>(at::TensorIteratorBase &, const T1 &)::[lambda(int) (instance 1)]>(int, T3)",26112.0,0.0,4064.0,0.42,0.18
"void at::vectorized_elementwise_kernel<4, at::float16_copy_kernel_cuda(at::TensorIteratorBase &)::[lambda(float) (instance 1)], std::array<char *, 2>>(int, T2, T3)",19328.0,0.0,2912.0,0.43,0.05
"void at::vectorized_elementwise_kernel<4, at::BinaryFunctor<c10::Half, c10::Half, c10::Half, binary_internal::MulFunctor<float>>, std::array<char *, 3>>(int, T2, T3)",20608.0,0.0,2976.0,0.45,0.08
ampere_fp16_s16816gemm_fp16_64x64_sliced1x2_ldg8_relu_f2f_stages_64x6_tn,25722112.0,1011840.0,27072.0,63.56,19.57
"void gemv2T_kernel_val<int, int, __half, float, float, float, 128, 16, 4, 4, 0, 1, cublasGemvParamsEx<int, cublasGemvTensorStridedBatched<const __half>, cublasGemvTensorStridedBatched<const float>, cublasGemvTensorStridedBatched<float>, float>>(T13, T6, T6)",3686144.0,1664.0,10848.0,21.9,20.16
"void cublasLt::splitKreduce_kernel<32, 16, int, float, __half, float, __half, 0, __half, __half, __half, 1, 0, 0>(cublasLt::cublasSplitKParams<T6>, const T4 *, const T10 *, T9 *, T5 *, const T6 *, const T6 *, const T11 *, const T4 *, T11 *, void *, long, T6 *, int *, T6 *, T6 *, const T6 *, const T6 *, const T6 *, const T6 *, const T6 *)",40704.0,0.0,3712.0,0.71,3.56
"void epilogue::globalKernel<8, 32, __half, __half, float, 1, 1, 1>(int, int, long, T3 *, cublasLtEpilogue_t, int, T4 *, long, void *, long, long, long, T5 *, long, int *)",7680.0,0.0,3296.0,0.15,1.25
"void gemv2T_kernel_val<int, int, __half, float, float, float, 128, 16, 4, 4, 0, 1, cublasGemvParamsEx<int, cublasGemvTensorStridedBatched<const __half>, cublasGemvTensorStridedBatched<const float>, cublasGemvTensorStridedBatched<float>, float>>(T13, T6, T6)",3686144.0,0.0,10976.0,21.64,19.89
"void cublasLt::splitKreduce_kernel<32, 16, int, float, __half, float, __half, 0, __half, __half, __half, 1, 0, 0>(cublasLt::cublasSplitKParams<T6>, const T4 *, const T10 *, T9 *, T5 *, const T6 *, const T6 *, const T11 *, const T4 *, T11 *, void *, long, T6 *, int *, T6 *, T6 *, const T6 *, const T6 *, const T6 *, const T6 *, const T6 *)",41216.0,0.0,3680.0,0.73,3.58
"void epilogue::globalKernel<8, 32, __half, __half, float, 1, 1, 1>(int, int, long, T3 *, cublasLtEpilogue_t, int, T4 *, long, void *, long, long, long, T5 *, long, int *)",7680.0,0.0,3296.0,0.15,1.25
"void at::elementwise_kernel<128, 4, void at::gpu_kernel_impl_nocast<at::BinaryFunctor<c10::Half, c10::Half, c10::Half, binary_internal::MulFunctor<float>>>(at::TensorIteratorBase &, const T1 &)::[lambda(int) (instance 1)]>(int, T3)",27136.0,0.0,5504.0,0.32,0.16
"void at::elementwise_kernel<128, 4, void at::gpu_kernel_impl_nocast<at::neg_kernel_cuda(at::TensorIteratorBase &)::[lambda() (instance 2)]::operator ()() const::[lambda() (instance 8)]::operator ()() const::[lambda(c10::Half) (instance 1)]>(at::TensorIteratorBase &, const T1 &)::[lambda(int) (instance 1)]>(int, T3)",21376.0,0.0,5472.0,0.25,0.07
"void at::<unnamed>::CatArrayBatchedCopy<at::<unnamed>::OpaqueType<2>, unsigned int, 4, 64, 64>(T1 *, at::<unnamed>::CatArrInputTensorMetadata<T1, T2, T4, T5>, at::<unnamed>::TensorSizeStride<T2, 4>, int, T2)",14592.0,0.0,6688.0,0.14,3.68
"void at::elementwise_kernel<128, 4, void at::gpu_kernel_impl_nocast<at::BinaryFunctor<c10::Half, c10::Half, c10::Half, binary_internal::MulFunctor<float>>>(at::TensorIteratorBase &, const T1 &)::[lambda(int) (instance 1)]>(int, T3)",27136.0,0.0,5056.0,0.35,0.18
"void at::vectorized_elementwise_kernel<4, at::CUDAFunctor_add<c10::Half>, std::array<char *, 3>>(int, T2, T3)",20608.0,0.0,2848.0,0.47,0.08
"void at::elementwise_kernel<128, 4, void at::gpu_kernel_impl_nocast<at::BinaryFunctor<c10::Half, c10::Half, c10::Half, binary_internal::MulFunctor<float>>>(at::TensorIteratorBase &, const T1 &)::[lambda(int) (instance 1)]>(int, T3)",20992.0,0.0,4928.0,0.28,0.03
"void at::elementwise_kernel<128, 4, void at::gpu_kernel_impl_nocast<at::neg_kernel_cuda(at::TensorIteratorBase &)::[lambda() (instance 2)]::operator ()() const::[lambda() (instance 8)]::operator ()() const::[lambda(c10::Half) (instance 1)]>(at::TensorIteratorBase &, const T1 &)::[lambda(int) (instance 1)]>(int, T3)",18304.0,0.0,3968.0,0.3,0.02
"void at::<unnamed>::CatArrayBatchedCopy<at::<unnamed>::OpaqueType<2>, unsigned int, 4, 64, 64>(T1 *, at::<unnamed>::CatArrInputTensorMetadata<T1, T2, T4, T5>, at::<unnamed>::TensorSizeStride<T2, 4>, int, T2)",8704.0,0.0,5440.0,0.1,3.96
"void at::elementwise_kernel<128, 4, void at::gpu_kernel_impl_nocast<at::BinaryFunctor<c10::Half, c10::Half, c10::Half, binary_internal::MulFunctor<float>>>(at::TensorIteratorBase &, const T1 &)::[lambda(int) (instance 1)]>(int, T3)",21504.0,0.0,5024.0,0.28,0.03
"void at::vectorized_elementwise_kernel<4, at::CUDAFunctor_add<c10::Half>, std::array<char *, 3>>(int, T2, T3)",8320.0,0.0,2976.0,0.18,0.04
"void at::<unnamed>::CatArrayBatchedCopy_vectorized<at::<unnamed>::OpaqueType<2>, unsigned int, 3, 128, 1, 16, 8>(char *, at::<unnamed>::CatArrInputTensorMetadata<T1, T2, T4, T5>, at::<unnamed>::TensorSizeStride<T2, 4>, int, T2)",2102272.0,0.0,5952.0,22.83,11.29
"void at::<unnamed>::CatArrayBatchedCopy_vectorized<at::<unnamed>::OpaqueType<2>, unsigned int, 3, 128, 1, 16, 8>(char *, at::<unnamed>::CatArrInputTensorMetadata<T1, T2, T4, T5>, at::<unnamed>::TensorSizeStride<T2, 4>, int, T2)",2102656.0,0.0,5856.0,23.25,11.46
"void pytorch_flash::flash_fwd_splitkv_kernel<Flash_fwd_kernel_traits<128, 64, 128, 4, 0, 0, cutlass::half_t, Flash_kernel_traits<128, 64, 128, 4, cutlass::half_t>>, 0, 0, 0, 0, 1, 0, 1, 0>(pytorch_flash::Flash_fwd_params)",4262016.0,0.0,10368.0,26.54,8.91
"void pytorch_flash::flash_fwd_splitkv_combine_kernel<Flash_fwd_kernel_traits<128, 64, 128, 4, 0, 0, cutlass::half_t, Flash_kernel_traits<128, 64, 128, 4, cutlass::half_t>>, 4, 5, 1>(pytorch_flash::Flash_fwd_params)",269440.0,0.0,13152.0,1.32,0.28
ampere_fp16_s16816gemm_fp16_64x64_sliced1x2_ldg8_f2f_stages_64x6_tn,25713792.0,1181440.0,27008.0,64.15,19.6
"void at::vectorized_elementwise_kernel<4, at::CUDAFunctor_add<c10::Half>, std::array<char *, 3>>(int, T2, T3)",20608.0,0.0,3040.0,0.44,0.08
"void at::unrolled_elementwise_kernel<at::direct_copy_kernel_cuda(at::TensorIteratorBase &)::[lambda() (instance 3)]::operator ()() const::[lambda() (instance 7)]::operator ()() const::[lambda(float) (instance 1)], std::array<char *, 2>, 4, TrivialOffsetCalculator<1, unsigned int>, TrivialOffsetCalculator<1, unsigned int>, memory::LoadWithCast<1>, memory::StoreWithCast<1>>(int, T1, T2, T4, T5, T6, T7)",39296.0,0.0,5984.0,0.42,0.16
"void at::vectorized_elementwise_kernel<4, void at::<unnamed>::pow_tensor_scalar_kernel_impl<float, float>(at::TensorIteratorBase &, T2)::[lambda(float) (instance 1)], std::array<char *, 2>>(int, T2, T3)",19072.0,0.0,2944.0,0.42,0.05
"void at::reduce_kernel<512, 1, at::ReduceOp<float, at::MeanOps<float, float, float, float>, unsigned int, float, 4, 4>>(T3)",65408.0,0.0,5760.0,0.74,0.1
"void at::vectorized_elementwise_kernel<4, at::CUDAFunctorOnSelf_add<float>, std::array<char *, 2>>(int, T2, T3)",4736.0,0.0,2688.0,0.12,0.02
"void at::vectorized_elementwise_kernel<4, at::rsqrt_kernel_cuda(at::TensorIteratorBase &)::[lambda() (instance 2)]::operator ()() const::[lambda() (instance 2)]::operator ()() const::[lambda(float) (instance 1)], std::array<char *, 2>>(int, T2, T3)",6784.0,0.0,3040.0,0.15,0.04
"void at::elementwise_kernel<128, 2, void at::gpu_kernel_impl_nocast<at::BinaryFunctor<float, float, float, binary_internal::MulFunctor<float>>>(at::TensorIteratorBase &, const T1 &)::[lambda(int) (instance 1)]>(int, T3)",25472.0,0.0,4032.0,0.41,0.18
"void at::vectorized_elementwise_kernel<4, at::float16_copy_kernel_cuda(at::TensorIteratorBase &)::[lambda(float) (instance 1)], std::array<char *, 2>>(int, T2, T3)",19328.0,0.0,2944.0,0.43,0.05
"void at::vectorized_elementwise_kernel<4, at::BinaryFunctor<c10::Half, c10::Half, c10::Half, binary_internal::MulFunctor<float>>, std::array<char *, 3>>(int, T2, T3)",20608.0,0.0,3008.0,0.45,0.08
ampere_fp16_s16816gemm_fp16_128x64_ldg8_f2f_stages_32x6_tn,135820928.0,2418176.0,109376.0,81.31,25.54
"void cublasLt::splitKreduce_kernel<32, 16, int, __half, __half, float, __half, 0, __half, __half, __half, 1, 0, 0>(cublasLt::cublasSplitKParams<T6>, const T4 *, const T10 *, T9 *, T5 *, const T6 *, const T6 *, const T11 *, const T4 *, T11 *, void *, long, T6 *, int *, T6 *, T6 *, const T6 *, const T6 *, const T6 *, const T6 *, const T6 *)",160000.0,0.0,4576.0,2.28,14.19
"void at::vectorized_elementwise_kernel<4, at::<unnamed>::silu_kernel(at::TensorIteratorBase &)::[lambda() (instance 1)]::operator ()() const::[lambda() (instance 5)]::operator ()() const::[lambda(c10::Half) (instance 1)], std::array<char *, 2>>(int, T2, T3)",51072.0,0.0,3744.0,0.88,0.67
ampere_fp16_s16816gemm_fp16_128x64_ldg8_f2f_stages_32x6_tn,135813760.0,2443136.0,109312.0,81.36,25.56
"void cublasLt::splitKreduce_kernel<32, 16, int, __half, __half, float, __half, 0, __half, __half, __half, 1, 0, 0>(cublasLt::cublasSplitKParams<T6>, const T4 *, const T10 *, T9 *, T5 *, const T6 *, const T6 *, const T11 *, const T4 *, T11 *, void *, long, T6 *, int *, T6 *, T6 *, const T6 *, const T6 *, const T6 *, const T6 *, const T6 *)",160000.0,0.0,4800.0,2.16,13.47
"void at::vectorized_elementwise_kernel<4, at::BinaryFunctor<c10::Half, c10::Half, c10::Half, binary_internal::MulFunctor<float>>, std::array<char *, 3>>(int, T2, T3)",82688.0,0.0,3072.0,1.76,0.26
ampere_fp16_s16816gemm_fp16_64x64_sliced1x2_ldg8_f2f_stages_64x6_tn,135852288.0,2401664.0,109408.0,81.29,25.52
"void cublasLt::splitKreduce_kernel<32, 16, int, __half, __half, float, __half, 0, __half, __half, __half, 1, 0, 0>(cublasLt::cublasSplitKParams<T6>, const T4 *, const T10 *, T9 *, T5 *, const T6 *, const T6 *, const T11 *, const T4 *, T11 *, void *, long, T6 *, int *, T6 *, T6 *, const T6 *, const T6 *, const T6 *, const T6 *, const T6 *)",72960.0,0.0,4128.0,1.14,3.37
"void at::vectorized_elementwise_kernel<4, at::CUDAFunctor_add<c10::Half>, std::array<char *, 3>>(int, T2, T3)",20608.0,0.0,3008.0,0.45,0.08
"void at::unrolled_elementwise_kernel<at::direct_copy_kernel_cuda(at::TensorIteratorBase &)::[lambda() (instance 3)]::operator ()() const::[lambda() (instance 7)]::operator ()() const::[lambda(float) (instance 1)], std::array<char *, 2>, 4, TrivialOffsetCalculator<1, unsigned int>, TrivialOffsetCalculator<1, unsigned int>, memory::LoadWithCast<1>, memory::StoreWithCast<1>>(int, T1, T2, T4, T5, T6, T7)",39296.0,0.0,6080.0,0.42,0.15
"void at::vectorized_elementwise_kernel<4, void at::<unnamed>::pow_tensor_scalar_kernel_impl<float, float>(at::TensorIteratorBase &, T2)::[lambda(float) (instance 1)], std::array<char *, 2>>(int, T2, T3)",19072.0,0.0,2944.0,0.42,0.05
"void at::reduce_kernel<512, 1, at::ReduceOp<float, at::MeanOps<float, float, float, float>, unsigned int, float, 4, 4>>(T3)",65408.0,0.0,5760.0,0.73,0.1
"void at::vectorized_elementwise_kernel<4, at::CUDAFunctorOnSelf_add<float>, std::array<char *, 2>>(int, T2, T3)",4736.0,0.0,2656.0,0.12,0.02
"void at::vectorized_elementwise_kernel<4, at::rsqrt_kernel_cuda(at::TensorIteratorBase &)::[lambda() (instance 2)]::operator ()() const::[lambda() (instance 2)]::operator ()() const::[lambda(float) (instance 1)], std::array<char *, 2>>(int, T2, T3)",6272.0,0.0,3040.0,0.13,0.03
"void at::elementwise_kernel<128, 2, void at::gpu_kernel_impl_nocast<at::BinaryFunctor<float, float, float, binary_internal::MulFunctor<float>>>(at::TensorIteratorBase &, const T1 &)::[lambda(int) (instance 1)]>(int, T3)",25600.0,0.0,4256.0,0.39,0.18
"void at::vectorized_elementwise_kernel<4, at::float16_copy_kernel_cuda(at::TensorIteratorBase &)::[lambda(float) (instance 1)], std::array<char *, 2>>(int, T2, T3)",19328.0,0.0,2944.0,0.43,0.05
"void at::vectorized_elementwise_kernel<4, at::BinaryFunctor<c10::Half, c10::Half, c10::Half, binary_internal::MulFunctor<float>>, std::array<char *, 3>>(int, T2, T3)",20608.0,0.0,3008.0,0.44,0.08
ampere_fp16_s16816gemm_fp16_64x64_sliced1x2_ldg8_relu_f2f_stages_64x6_tn,25720832.0,1039104.0,27936.0,61.73,18.98
"void gemv2T_kernel_val<int, int, __half, float, float, float, 128, 16, 4, 4, 0, 1, cublasGemvParamsEx<int, cublasGemvTensorStridedBatched<const __half>, cublasGemvTensorStridedBatched<const float>, cublasGemvTensorStridedBatched<float>, float>>(T13, T6, T6)",3686144.0,512.0,10880.0,21.91,20.12
"void cublasLt::splitKreduce_kernel<32, 16, int, float, __half, float, __half, 0, __half, __half, __half, 1, 0, 0>(cublasLt::cublasSplitKParams<T6>, const T4 *, const T10 *, T9 *, T5 *, const T6 *, const T6 *, const T11 *, const T4 *, T11 *, void *, long, T6 *, int *, T6 *, T6 *, const T6 *, const T6 *, const T6 *, const T6 *, const T6 *)",40704.0,0.0,3712.0,0.71,3.56
"void epilogue::globalKernel<8, 32, __half, __half, float, 1, 1, 1>(int, int, long, T3 *, cublasLtEpilogue_t, int, T4 *, long, void *, long, long, long, T5 *, long, int *)",7680.0,0.0,3360.0,0.15,1.22
"void gemv2T_kernel_val<int, int, __half, float, float, float, 128, 16, 4, 4, 0, 1, cublasGemvParamsEx<int, cublasGemvTensorStridedBatched<const __half>, cublasGemvTensorStridedBatched<const float>, cublasGemvTensorStridedBatched<float>, float>>(T13, T6, T6)",3686144.0,0.0,10528.0,22.57,20.83
"void cublasLt::splitKreduce_kernel<32, 16, int, float, __half, float, __half, 0, __half, __half, __half, 1, 0, 0>(cublasLt::cublasSplitKParams<T6>, const T4 *, const T10 *, T9 *, T5 *, const T6 *, const T6 *, const T11 *, const T4 *, T11 *, void *, long, T6 *, int *, T6 *, T6 *, const T6 *, const T6 *, const T6 *, const T6 *, const T6 *)",40704.0,0.0,3808.0,0.7,3.47
"void epilogue::globalKernel<8, 32, __half, __half, float, 1, 1, 1>(int, int, long, T3 *, cublasLtEpilogue_t, int, T4 *, long, void *, long, long, long, T5 *, long, int *)",8320.0,0.0,3456.0,0.16,1.19
"void at::elementwise_kernel<128, 4, void at::gpu_kernel_impl_nocast<at::BinaryFunctor<c10::Half, c10::Half, c10::Half, binary_internal::MulFunctor<float>>>(at::TensorIteratorBase &, const T1 &)::[lambda(int) (instance 1)]>(int, T3)",27136.0,0.0,5312.0,0.33,0.17
"void at::elementwise_kernel<128, 4, void at::gpu_kernel_impl_nocast<at::neg_kernel_cuda(at::TensorIteratorBase &)::[lambda() (instance 2)]::operator ()() const::[lambda() (instance 8)]::operator ()() const::[lambda(c10::Half) (instance 1)]>(at::TensorIteratorBase &, const T1 &)::[lambda(int) (instance 1)]>(int, T3)",21376.0,0.0,5056.0,0.27,0.08
"void at::<unnamed>::CatArrayBatchedCopy<at::<unnamed>::OpaqueType<2>, unsigned int, 4, 64, 64>(T1 *, at::<unnamed>::CatArrInputTensorMetadata<T1, T2, T4, T5>, at::<unnamed>::TensorSizeStride<T2, 4>, int, T2)",14208.0,0.0,6624.0,0.14,3.68
"void at::elementwise_kernel<128, 4, void at::gpu_kernel_impl_nocast<at::BinaryFunctor<c10::Half, c10::Half, c10::Half, binary_internal::MulFunctor<float>>>(at::TensorIteratorBase &, const T1 &)::[lambda(int) (instance 1)]>(int, T3)",27136.0,0.0,5248.0,0.33,0.17
"void at::vectorized_elementwise_kernel<4, at::CUDAFunctor_add<c10::Half>, std::array<char *, 3>>(int, T2, T3)",20608.0,0.0,2976.0,0.45,0.08
"void at::elementwise_kernel<128, 4, void at::gpu_kernel_impl_nocast<at::BinaryFunctor<c10::Half, c10::Half, c10::Half, binary_internal::MulFunctor<float>>>(at::TensorIteratorBase &, const T1 &)::[lambda(int) (instance 1)]>(int, T3)",20992.0,0.0,4992.0,0.27,0.03
"void at::elementwise_kernel<128, 4, void at::gpu_kernel_impl_nocast<at::neg_kernel_cuda(at::TensorIteratorBase &)::[lambda() (instance 2)]::operator ()() const::[lambda() (instance 8)]::operator ()() const::[lambda(c10::Half) (instance 1)]>(at::TensorIteratorBase &, const T1 &)::[lambda(int) (instance 1)]>(int, T3)",18304.0,0.0,3936.0,0.3,0.02
"void at::<unnamed>::CatArrayBatchedCopy<at::<unnamed>::OpaqueType<2>, unsigned int, 4, 64, 64>(T1 *, at::<unnamed>::CatArrInputTensorMetadata<T1, T2, T4, T5>, at::<unnamed>::TensorSizeStride<T2, 4>, int, T2)",8064.0,0.0,5408.0,0.1,3.97
"void at::elementwise_kernel<128, 4, void at::gpu_kernel_impl_nocast<at::BinaryFunctor<c10::Half, c10::Half, c10::Half, binary_internal::MulFunctor<float>>>(at::TensorIteratorBase &, const T1 &)::[lambda(int) (instance 1)]>(int, T3)",21120.0,0.0,5376.0,0.25,0.02
"void at::vectorized_elementwise_kernel<4, at::CUDAFunctor_add<c10::Half>, std::array<char *, 3>>(int, T2, T3)",8320.0,0.0,3264.0,0.17,0.04
"void at::<unnamed>::CatArrayBatchedCopy_vectorized<at::<unnamed>::OpaqueType<2>, unsigned int, 3, 128, 1, 16, 8>(char *, at::<unnamed>::CatArrInputTensorMetadata<T1, T2, T4, T5>, at::<unnamed>::TensorSizeStride<T2, 4>, int, T2)",2103168.0,0.0,5984.0,22.73,11.23
"void at::<unnamed>::CatArrayBatchedCopy_vectorized<at::<unnamed>::OpaqueType<2>, unsigned int, 3, 128, 1, 16, 8>(char *, at::<unnamed>::CatArrInputTensorMetadata<T1, T2, T4, T5>, at::<unnamed>::TensorSizeStride<T2, 4>, int, T2)",2102272.0,0.0,5984.0,22.75,11.19
"void pytorch_flash::flash_fwd_splitkv_kernel<Flash_fwd_kernel_traits<128, 64, 128, 4, 0, 0, cutlass::half_t, Flash_kernel_traits<128, 64, 128, 4, cutlass::half_t>>, 0, 0, 0, 0, 1, 0, 1, 0>(pytorch_flash::Flash_fwd_params)",4261888.0,0.0,10528.0,26.08,8.76
"void pytorch_flash::flash_fwd_splitkv_combine_kernel<Flash_fwd_kernel_traits<128, 64, 128, 4, 0, 0, cutlass::half_t, Flash_kernel_traits<128, 64, 128, 4, cutlass::half_t>>, 4, 5, 1>(pytorch_flash::Flash_fwd_params)",268416.0,0.0,13184.0,1.32,0.28
ampere_fp16_s16816gemm_fp16_64x64_sliced1x2_ldg8_f2f_stages_64x6_tn,25712000.0,1020544.0,27296.0,63.02,19.42
"void at::vectorized_elementwise_kernel<4, at::CUDAFunctor_add<c10::Half>, std::array<char *, 3>>(int, T2, T3)",20608.0,0.0,2976.0,0.45,0.08
"void at::unrolled_elementwise_kernel<at::direct_copy_kernel_cuda(at::TensorIteratorBase &)::[lambda() (instance 3)]::operator ()() const::[lambda() (instance 7)]::operator ()() const::[lambda(float) (instance 1)], std::array<char *, 2>, 4, TrivialOffsetCalculator<1, unsigned int>, TrivialOffsetCalculator<1, unsigned int>, memory::LoadWithCast<1>, memory::StoreWithCast<1>>(int, T1, T2, T4, T5, T6, T7)",39296.0,0.0,5952.0,0.43,0.16
"void at::vectorized_elementwise_kernel<4, void at::<unnamed>::pow_tensor_scalar_kernel_impl<float, float>(at::TensorIteratorBase &, T2)::[lambda(float) (instance 1)], std::array<char *, 2>>(int, T2, T3)",19072.0,0.0,2976.0,0.42,0.05
"void at::reduce_kernel<512, 1, at::ReduceOp<float, at::MeanOps<float, float, float, float>, unsigned int, float, 4, 4>>(T3)",65536.0,0.0,5600.0,0.75,0.1
"void at::vectorized_elementwise_kernel<4, at::CUDAFunctorOnSelf_add<float>, std::array<char *, 2>>(int, T2, T3)",4864.0,0.0,2688.0,0.12,0.02
"void at::vectorized_elementwise_kernel<4, at::rsqrt_kernel_cuda(at::TensorIteratorBase &)::[lambda() (instance 2)]::operator ()() const::[lambda() (instance 2)]::operator ()() const::[lambda(float) (instance 1)], std::array<char *, 2>>(int, T2, T3)",6272.0,0.0,2912.0,0.14,0.04
"void at::elementwise_kernel<128, 2, void at::gpu_kernel_impl_nocast<at::BinaryFunctor<float, float, float, binary_internal::MulFunctor<float>>>(at::TensorIteratorBase &, const T1 &)::[lambda(int) (instance 1)]>(int, T3)",25344.0,0.0,4096.0,0.4,0.18
"void at::vectorized_elementwise_kernel<4, at::float16_copy_kernel_cuda(at::TensorIteratorBase &)::[lambda(float) (instance 1)], std::array<char *, 2>>(int, T2, T3)",19840.0,0.0,3008.0,0.43,0.05
"void at::vectorized_elementwise_kernel<4, at::BinaryFunctor<c10::Half, c10::Half, c10::Half, binary_internal::MulFunctor<float>>, std::array<char *, 3>>(int, T2, T3)",20736.0,0.0,3008.0,0.45,0.08
ampere_fp16_s16816gemm_fp16_128x64_ldg8_f2f_stages_32x6_tn,135821440.0,2427520.0,109952.0,80.88,25.41
"void cublasLt::splitKreduce_kernel<32, 16, int, __half, __half, float, __half, 0, __half, __half, __half, 1, 0, 0>(cublasLt::cublasSplitKParams<T6>, const T4 *, const T10 *, T9 *, T5 *, const T6 *, const T6 *, const T11 *, const T4 *, T11 *, void *, long, T6 *, int *, T6 *, T6 *, const T6 *, const T6 *, const T6 *, const T6 *, const T6 *)",160000.0,0.0,4672.0,2.22,13.85
"void at::vectorized_elementwise_kernel<4, at::<unnamed>::silu_kernel(at::TensorIteratorBase &)::[lambda() (instance 1)]::operator ()() const::[lambda() (instance 5)]::operator ()() const::[lambda(c10::Half) (instance 1)], std::array<char *, 2>>(int, T2, T3)",51072.0,0.0,3584.0,0.93,0.7
ampere_fp16_s16816gemm_fp16_128x64_ldg8_f2f_stages_32x6_tn,135813376.0,2442240.0,109120.0,81.5,25.6
"void cublasLt::splitKreduce_kernel<32, 16, int, __half, __half, float, __half, 0, __half, __half, __half, 1, 0, 0>(cublasLt::cublasSplitKParams<T6>, const T4 *, const T10 *, T9 *, T5 *, const T6 *, const T6 *, const T11 *, const T4 *, T11 *, void *, long, T6 *, int *, T6 *, T6 *, const T6 *, const T6 *, const T6 *, const T6 *, const T6 *)",160000.0,0.0,4704.0,2.2,13.73
"void at::vectorized_elementwise_kernel<4, at::BinaryFunctor<c10::Half, c10::Half, c10::Half, binary_internal::MulFunctor<float>>, std::array<char *, 3>>(int, T2, T3)",82048.0,0.0,3264.0,1.64,0.24
ampere_fp16_s16816gemm_fp16_64x64_sliced1x2_ldg8_f2f_stages_64x6_tn,135843840.0,2394240.0,108736.0,81.78,25.68
"void cublasLt::splitKreduce_kernel<32, 16, int, __half, __half, float, __half, 0, __half, __half, __half, 1, 0, 0>(cublasLt::cublasSplitKParams<T6>, const T4 *, const T10 *, T9 *, T5 *, const T6 *, const T6 *, const T11 *, const T4 *, T11 *, void *, long, T6 *, int *, T6 *, T6 *, const T6 *, const T6 *, const T6 *, const T6 *, const T6 *)",72960.0,0.0,4096.0,1.15,3.38
"void at::vectorized_elementwise_kernel<4, at::CUDAFunctor_add<c10::Half>, std::array<char *, 3>>(int, T2, T3)",20608.0,0.0,2976.0,0.45,0.08
"void at::unrolled_elementwise_kernel<at::direct_copy_kernel_cuda(at::TensorIteratorBase &)::[lambda() (instance 3)]::operator ()() const::[lambda() (instance 7)]::operator ()() const::[lambda(float) (instance 1)], std::array<char *, 2>, 4, TrivialOffsetCalculator<1, unsigned int>, TrivialOffsetCalculator<1, unsigned int>, memory::LoadWithCast<1>, memory::StoreWithCast<1>>(int, T1, T2, T4, T5, T6, T7)",39296.0,0.0,6016.0,0.42,0.15
"void at::vectorized_elementwise_kernel<4, void at::<unnamed>::pow_tensor_scalar_kernel_impl<float, float>(at::TensorIteratorBase &, T2)::[lambda(float) (instance 1)], std::array<char *, 2>>(int, T2, T3)",19200.0,0.0,2912.0,0.43,0.05
"void at::reduce_kernel<512, 1, at::ReduceOp<float, at::MeanOps<float, float, float, float>, unsigned int, float, 4, 4>>(T3)",66304.0,0.0,5696.0,0.76,0.1
"void at::vectorized_elementwise_kernel<4, at::CUDAFunctorOnSelf_add<float>, std::array<char *, 2>>(int, T2, T3)",4864.0,0.0,2720.0,0.12,0.02
"void at::vectorized_elementwise_kernel<4, at::rsqrt_kernel_cuda(at::TensorIteratorBase &)::[lambda() (instance 2)]::operator ()() const::[lambda() (instance 2)]::operator ()() const::[lambda(float) (instance 1)], std::array<char *, 2>>(int, T2, T3)",6272.0,0.0,2976.0,0.14,0.04
"void at::elementwise_kernel<128, 2, void at::gpu_kernel_impl_nocast<at::BinaryFunctor<float, float, float, binary_internal::MulFunctor<float>>>(at::TensorIteratorBase &, const T1 &)::[lambda(int) (instance 1)]>(int, T3)",26112.0,0.0,4256.0,0.4,0.18
"void at::vectorized_elementwise_kernel<4, at::float16_copy_kernel_cuda(at::TensorIteratorBase &)::[lambda(float) (instance 1)], std::array<char *, 2>>(int, T2, T3)",19328.0,0.0,2944.0,0.43,0.05
"void at::vectorized_elementwise_kernel<4, at::BinaryFunctor<c10::Half, c10::Half, c10::Half, binary_internal::MulFunctor<float>>, std::array<char *, 3>>(int, T2, T3)",20608.0,0.0,3040.0,0.44,0.08
ampere_fp16_s16816gemm_fp16_64x64_sliced1x2_ldg8_relu_f2f_stages_64x6_tn,25721472.0,1272832.0,27392.0,63.52,19.37
"void gemv2T_kernel_val<int, int, __half, float, float, float, 128, 16, 4, 4, 0, 1, cublasGemvParamsEx<int, cublasGemvTensorStridedBatched<const __half>, cublasGemvTensorStridedBatched<const float>, cublasGemvTensorStridedBatched<float>, float>>(T13, T6, T6)",3686144.0,128.0,10720.0,22.12,20.35
"void cublasLt::splitKreduce_kernel<32, 16, int, float, __half, float, __half, 0, __half, __half, __half, 1, 0, 0>(cublasLt::cublasSplitKParams<T6>, const T4 *, const T10 *, T9 *, T5 *, const T6 *, const T6 *, const T11 *, const T4 *, T11 *, void *, long, T6 *, int *, T6 *, T6 *, const T6 *, const T6 *, const T6 *, const T6 *, const T6 *)",40704.0,0.0,3744.0,0.71,3.51
"void epilogue::globalKernel<8, 32, __half, __half, float, 1, 1, 1>(int, int, long, T3 *, cublasLtEpilogue_t, int, T4 *, long, void *, long, long, long, T5 *, long, int *)",7808.0,0.0,3360.0,0.15,1.23
"void gemv2T_kernel_val<int, int, __half, float, float, float, 128, 16, 4, 4, 0, 1, cublasGemvParamsEx<int, cublasGemvTensorStridedBatched<const __half>, cublasGemvTensorStridedBatched<const float>, cublasGemvTensorStridedBatched<float>, float>>(T13, T6, T6)",3686144.0,640.0,10752.0,22.18,20.37
"void cublasLt::splitKreduce_kernel<32, 16, int, float, __half, float, __half, 0, __half, __half, __half, 1, 0, 0>(cublasLt::cublasSplitKParams<T6>, const T4 *, const T10 *, T9 *, T5 *, const T6 *, const T6 *, const T11 *, const T4 *, T11 *, void *, long, T6 *, int *, T6 *, T6 *, const T6 *, const T6 *, const T6 *, const T6 *, const T6 *)",40704.0,0.0,3744.0,0.71,3.52
"void epilogue::globalKernel<8, 32, __half, __half, float, 1, 1, 1>(int, int, long, T3 *, cublasLtEpilogue_t, int, T4 *, long, void *, long, long, long, T5 *, long, int *)",8448.0,0.0,3360.0,0.16,1.23
"void at::elementwise_kernel<128, 4, void at::gpu_kernel_impl_nocast<at::BinaryFunctor<c10::Half, c10::Half, c10::Half, binary_internal::MulFunctor<float>>>(at::TensorIteratorBase &, const T1 &)::[lambda(int) (instance 1)]>(int, T3)",27136.0,0.0,5344.0,0.33,0.17
"void at::elementwise_kernel<128, 4, void at::gpu_kernel_impl_nocast<at::neg_kernel_cuda(at::TensorIteratorBase &)::[lambda() (instance 2)]::operator ()() const::[lambda() (instance 8)]::operator ()() const::[lambda(c10::Half) (instance 1)]>(at::TensorIteratorBase &, const T1 &)::[lambda(int) (instance 1)]>(int, T3)",21376.0,0.0,5600.0,0.25,0.07
"void at::<unnamed>::CatArrayBatchedCopy<at::<unnamed>::OpaqueType<2>, unsigned int, 4, 64, 64>(T1 *, at::<unnamed>::CatArrInputTensorMetadata<T1, T2, T4, T5>, at::<unnamed>::TensorSizeStride<T2, 4>, int, T2)",14848.0,0.0,6848.0,0.14,3.61
"void at::elementwise_kernel<128, 4, void at::gpu_kernel_impl_nocast<at::BinaryFunctor<c10::Half, c10::Half, c10::Half, binary_internal::MulFunctor<float>>>(at::TensorIteratorBase &, const T1 &)::[lambda(int) (instance 1)]>(int, T3)",27648.0,0.0,5152.0,0.35,0.17
"void at::vectorized_elementwise_kernel<4, at::CUDAFunctor_add<c10::Half>, std::array<char *, 3>>(int, T2, T3)",20608.0,0.0,3072.0,0.44,0.08
"void at::elementwise_kernel<128, 4, void at::gpu_kernel_impl_nocast<at::BinaryFunctor<c10::Half, c10::Half, c10::Half, binary_internal::MulFunctor<float>>>(at::TensorIteratorBase &, const T1 &)::[lambda(int) (instance 1)]>(int, T3)",20992.0,0.0,4992.0,0.27,0.03
"void at::elementwise_kernel<128, 4, void at::gpu_kernel_impl_nocast<at::neg_kernel_cuda(at::TensorIteratorBase &)::[lambda() (instance 2)]::operator ()() const::[lambda() (instance 8)]::operator ()() const::[lambda(c10::Half) (instance 1)]>(at::TensorIteratorBase &, const T1 &)::[lambda(int) (instance 1)]>(int, T3)",18304.0,0.0,4000.0,0.3,0.02
"void at::<unnamed>::CatArrayBatchedCopy<at::<unnamed>::OpaqueType<2>, unsigned int, 4, 64, 64>(T1 *, at::<unnamed>::CatArrInputTensorMetadata<T1, T2, T4, T5>, at::<unnamed>::TensorSizeStride<T2, 4>, int, T2)",8064.0,0.0,5344.0,0.1,4.04
"void at::elementwise_kernel<128, 4, void at::gpu_kernel_impl_nocast<at::BinaryFunctor<c10::Half, c10::Half, c10::Half, binary_internal::MulFunctor<float>>>(at::TensorIteratorBase &, const T1 &)::[lambda(int) (instance 1)]>(int, T3)",21760.0,0.0,4960.0,0.29,0.03
"void at::vectorized_elementwise_kernel<4, at::CUDAFunctor_add<c10::Half>, std::array<char *, 3>>(int, T2, T3)",8320.0,0.0,2912.0,0.19,0.04
"void at::<unnamed>::CatArrayBatchedCopy_vectorized<at::<unnamed>::OpaqueType<2>, unsigned int, 3, 128, 1, 16, 8>(char *, at::<unnamed>::CatArrInputTensorMetadata<T1, T2, T4, T5>, at::<unnamed>::TensorSizeStride<T2, 4>, int, T2)",2102272.0,0.0,5984.0,22.76,11.33
"void at::<unnamed>::CatArrayBatchedCopy_vectorized<at::<unnamed>::OpaqueType<2>, unsigned int, 3, 128, 1, 16, 8>(char *, at::<unnamed>::CatArrInputTensorMetadata<T1, T2, T4, T5>, at::<unnamed>::TensorSizeStride<T2, 4>, int, T2)",2102272.0,0.0,5920.0,23.1,11.43
"void pytorch_flash::flash_fwd_splitkv_kernel<Flash_fwd_kernel_traits<128, 64, 128, 4, 0, 0, cutlass::half_t, Flash_kernel_traits<128, 64, 128, 4, cutlass::half_t>>, 0, 0, 0, 0, 1, 0, 1, 0>(pytorch_flash::Flash_fwd_params)",4261888.0,0.0,10656.0,25.81,8.69
"void pytorch_flash::flash_fwd_splitkv_combine_kernel<Flash_fwd_kernel_traits<128, 64, 128, 4, 0, 0, cutlass::half_t, Flash_kernel_traits<128, 64, 128, 4, cutlass::half_t>>, 4, 5, 1>(pytorch_flash::Flash_fwd_params)",268288.0,0.0,13152.0,1.32,0.28
ampere_fp16_s16816gemm_fp16_64x64_sliced1x2_ldg8_f2f_stages_64x6_tn,25714048.0,1160192.0,26848.0,64.48,19.74
"void at::vectorized_elementwise_kernel<4, at::CUDAFunctor_add<c10::Half>, std::array<char *, 3>>(int, T2, T3)",20608.0,0.0,3072.0,0.44,0.08
"void at::unrolled_elementwise_kernel<at::direct_copy_kernel_cuda(at::TensorIteratorBase &)::[lambda() (instance 3)]::operator ()() const::[lambda() (instance 7)]::operator ()() const::[lambda(float) (instance 1)], std::array<char *, 2>, 4, TrivialOffsetCalculator<1, unsigned int>, TrivialOffsetCalculator<1, unsigned int>, memory::LoadWithCast<1>, memory::StoreWithCast<1>>(int, T1, T2, T4, T5, T6, T7)",39296.0,0.0,5984.0,0.42,0.16
"void at::vectorized_elementwise_kernel<4, void at::<unnamed>::pow_tensor_scalar_kernel_impl<float, float>(at::TensorIteratorBase &, T2)::[lambda(float) (instance 1)], std::array<char *, 2>>(int, T2, T3)",19072.0,0.0,3232.0,0.38,0.04
"void at::reduce_kernel<512, 1, at::ReduceOp<float, at::MeanOps<float, float, float, float>, unsigned int, float, 4, 4>>(T3)",65408.0,0.0,5664.0,0.75,0.1
"void at::vectorized_elementwise_kernel<4, at::CUDAFunctorOnSelf_add<float>, std::array<char *, 2>>(int, T2, T3)",4864.0,0.0,2688.0,0.12,0.02
"void at::vectorized_elementwise_kernel<4, at::rsqrt_kernel_cuda(at::TensorIteratorBase &)::[lambda() (instance 2)]::operator ()() const::[lambda() (instance 2)]::operator ()() const::[lambda(float) (instance 1)], std::array<char *, 2>>(int, T2, T3)",6400.0,0.0,2880.0,0.14,0.04
"void at::elementwise_kernel<128, 2, void at::gpu_kernel_impl_nocast<at::BinaryFunctor<float, float, float, binary_internal::MulFunctor<float>>>(at::TensorIteratorBase &, const T1 &)::[lambda(int) (instance 1)]>(int, T3)",25344.0,0.0,4000.0,0.41,0.19
"void at::vectorized_elementwise_kernel<4, at::float16_copy_kernel_cuda(at::TensorIteratorBase &)::[lambda(float) (instance 1)], std::array<char *, 2>>(int, T2, T3)",19328.0,0.0,2944.0,0.43,0.05
"void at::vectorized_elementwise_kernel<4, at::BinaryFunctor<c10::Half, c10::Half, c10::Half, binary_internal::MulFunctor<float>>, std::array<char *, 3>>(int, T2, T3)",20608.0,0.0,3008.0,0.44,0.08
ampere_fp16_s16816gemm_fp16_128x64_ldg8_f2f_stages_32x6_tn,135814272.0,2457856.0,109696.0,81.06,25.47
"void cublasLt::splitKreduce_kernel<32, 16, int, __half, __half, float, __half, 0, __half, __half, __half, 1, 0, 0>(cublasLt::cublasSplitKParams<T6>, const T4 *, const T10 *, T9 *, T5 *, const T6 *, const T6 *, const T11 *, const T4 *, T11 *, void *, long, T6 *, int *, T6 *, T6 *, const T6 *, const T6 *, const T6 *, const T6 *, const T6 *)",160000.0,0.0,4640.0,2.24,14.03
"void at::vectorized_elementwise_kernel<4, at::<unnamed>::silu_kernel(at::TensorIteratorBase &)::[lambda() (instance 1)]::operator ()() const::[lambda() (instance 5)]::operator ()() const::[lambda(c10::Half) (instance 1)], std::array<char *, 2>>(int, T2, T3)",51072.0,0.0,3648.0,0.91,0.69
ampere_fp16_s16816gemm_fp16_128x64_ldg8_f2f_stages_32x6_tn,135821696.0,2423424.0,109920.0,80.89,25.41
"void cublasLt::splitKreduce_kernel<32, 16, int, __half, __half, float, __half, 0, __half, __half, __half, 1, 0, 0>(cublasLt::cublasSplitKParams<T6>, const T4 *, const T10 *, T9 *, T5 *, const T6 *, const T6 *, const T11 *, const T4 *, T11 *, void *, long, T6 *, int *, T6 *, T6 *, const T6 *, const T6 *, const T6 *, const T6 *, const T6 *)",160000.0,0.0,4736.0,2.2,13.66
"void at::vectorized_elementwise_kernel<4, at::BinaryFunctor<c10::Half, c10::Half, c10::Half, binary_internal::MulFunctor<float>>, std::array<char *, 3>>(int, T2, T3)",82048.0,0.0,3104.0,1.72,0.25
ampere_fp16_s16816gemm_fp16_64x64_sliced1x2_ldg8_f2f_stages_64x6_tn,135845248.0,2391936.0,109312.0,81.32,25.55
"void cublasLt::splitKreduce_kernel<32, 16, int, __half, __half, float, __half, 0, __half, __half, __half, 1, 0, 0>(cublasLt::cublasSplitKParams<T6>, const T4 *, const T10 *, T9 *, T5 *, const T6 *, const T6 *, const T11 *, const T4 *, T11 *, void *, long, T6 *, int *, T6 *, T6 *, const T6 *, const T6 *, const T6 *, const T6 *, const T6 *)",72960.0,0.0,4000.0,1.18,3.45
"void at::vectorized_elementwise_kernel<4, at::CUDAFunctor_add<c10::Half>, std::array<char *, 3>>(int, T2, T3)",20608.0,0.0,3104.0,0.43,0.08
"void at::unrolled_elementwise_kernel<at::direct_copy_kernel_cuda(at::TensorIteratorBase &)::[lambda() (instance 3)]::operator ()() const::[lambda() (instance 7)]::operator ()() const::[lambda(float) (instance 1)], std::array<char *, 2>, 4, TrivialOffsetCalculator<1, unsigned int>, TrivialOffsetCalculator<1, unsigned int>, memory::LoadWithCast<1>, memory::StoreWithCast<1>>(int, T1, T2, T4, T5, T6, T7)",39296.0,0.0,5888.0,0.43,0.16
"void at::vectorized_elementwise_kernel<4, void at::<unnamed>::pow_tensor_scalar_kernel_impl<float, float>(at::TensorIteratorBase &, T2)::[lambda(float) (instance 1)], std::array<char *, 2>>(int, T2, T3)",19072.0,0.0,2912.0,0.43,0.05
"void at::reduce_kernel<512, 1, at::ReduceOp<float, at::MeanOps<float, float, float, float>, unsigned int, float, 4, 4>>(T3)",65408.0,0.0,5728.0,0.74,0.1
"void at::vectorized_elementwise_kernel<4, at::CUDAFunctorOnSelf_add<float>, std::array<char *, 2>>(int, T2, T3)",5120.0,0.0,2720.0,0.12,0.02
"void at::vectorized_elementwise_kernel<4, at::rsqrt_kernel_cuda(at::TensorIteratorBase &)::[lambda() (instance 2)]::operator ()() const::[lambda() (instance 2)]::operator ()() const::[lambda(float) (instance 1)], std::array<char *, 2>>(int, T2, T3)",6528.0,0.0,2848.0,0.15,0.04
"void at::elementwise_kernel<128, 2, void at::gpu_kernel_impl_nocast<at::BinaryFunctor<float, float, float, binary_internal::MulFunctor<float>>>(at::TensorIteratorBase &, const T1 &)::[lambda(int) (instance 1)]>(int, T3)",25344.0,0.0,4224.0,0.39,0.18
"void at::vectorized_elementwise_kernel<4, at::float16_copy_kernel_cuda(at::TensorIteratorBase &)::[lambda(float) (instance 1)], std::array<char *, 2>>(int, T2, T3)",19328.0,0.0,2848.0,0.44,0.05
"void at::vectorized_elementwise_kernel<4, at::BinaryFunctor<c10::Half, c10::Half, c10::Half, binary_internal::MulFunctor<float>>, std::array<char *, 3>>(int, T2, T3)",20608.0,0.0,3008.0,0.45,0.08
ampere_fp16_s16816gemm_fp16_64x64_sliced1x2_ldg8_relu_f2f_stages_64x6_tn,25722240.0,1142272.0,27520.0,62.92,19.25
"void gemv2T_kernel_val<int, int, __half, float, float, float, 128, 16, 4, 4, 0, 1, cublasGemvParamsEx<int, cublasGemvTensorStridedBatched<const __half>, cublasGemvTensorStridedBatched<const float>, cublasGemvTensorStridedBatched<float>, float>>(T13, T6, T6)",3686144.0,0.0,10688.0,22.23,20.48
"void cublasLt::splitKreduce_kernel<32, 16, int, float, __half, float, __half, 0, __half, __half, __half, 1, 0, 0>(cublasLt::cublasSplitKParams<T6>, const T4 *, const T10 *, T9 *, T5 *, const T6 *, const T6 *, const T11 *, const T4 *, T11 *, void *, long, T6 *, int *, T6 *, T6 *, const T6 *, const T6 *, const T6 *, const T6 *, const T6 *)",40704.0,0.0,3712.0,0.71,3.53
"void epilogue::globalKernel<8, 32, __half, __half, float, 1, 1, 1>(int, int, long, T3 *, cublasLtEpilogue_t, int, T4 *, long, void *, long, long, long, T5 *, long, int *)",7680.0,0.0,3296.0,0.15,1.25
"void gemv2T_kernel_val<int, int, __half, float, float, float, 128, 16, 4, 4, 0, 1, cublasGemvParamsEx<int, cublasGemvTensorStridedBatched<const __half>, cublasGemvTensorStridedBatched<const float>, cublasGemvTensorStridedBatched<float>, float>>(T13, T6, T6)",3686912.0,640.0,10560.0,22.52,20.72
"void cublasLt::splitKreduce_kernel<32, 16, int, float, __half, float, __half, 0, __half, __half, __half, 1, 0, 0>(cublasLt::cublasSplitKParams<T6>, const T4 *, const T10 *, T9 *, T5 *, const T6 *, const T6 *, const T11 *, const T4 *, T11 *, void *, long, T6 *, int *, T6 *, T6 *, const T6 *, const T6 *, const T6 *, const T6 *, const T6 *)",41216.0,0.0,3808.0,0.7,3.45
"void epilogue::globalKernel<8, 32, __half, __half, float, 1, 1, 1>(int, int, long, T3 *, cublasLtEpilogue_t, int, T4 *, long, void *, long, long, long, T5 *, long, int *)",7680.0,0.0,3488.0,0.14,1.18
"void at::elementwise_kernel<128, 4, void at::gpu_kernel_impl_nocast<at::BinaryFunctor<c10::Half, c10::Half, c10::Half, binary_internal::MulFunctor<float>>>(at::TensorIteratorBase &, const T1 &)::[lambda(int) (instance 1)]>(int, T3)",27136.0,0.0,5248.0,0.34,0.17
"void at::elementwise_kernel<128, 4, void at::gpu_kernel_impl_nocast<at::neg_kernel_cuda(at::TensorIteratorBase &)::[lambda() (instance 2)]::operator ()() const::[lambda() (instance 8)]::operator ()() const::[lambda(c10::Half) (instance 1)]>(at::TensorIteratorBase &, const T1 &)::[lambda(int) (instance 1)]>(int, T3)",21376.0,0.0,5120.0,0.27,0.07
"void at::<unnamed>::CatArrayBatchedCopy<at::<unnamed>::OpaqueType<2>, unsigned int, 4, 64, 64>(T1 *, at::<unnamed>::CatArrInputTensorMetadata<T1, T2, T4, T5>, at::<unnamed>::TensorSizeStride<T2, 4>, int, T2)",14080.0,0.0,6592.0,0.14,3.75
"void at::elementwise_kernel<128, 4, void at::gpu_kernel_impl_nocast<at::BinaryFunctor<c10::Half, c10::Half, c10::Half, binary_internal::MulFunctor<float>>>(at::TensorIteratorBase &, const T1 &)::[lambda(int) (instance 1)]>(int, T3)",27136.0,0.0,5184.0,0.34,0.17
"void at::vectorized_elementwise_kernel<4, at::CUDAFunctor_add<c10::Half>, std::array<char *, 3>>(int, T2, T3)",20608.0,0.0,3136.0,0.43,0.07
"void at::elementwise_kernel<128, 4, void at::gpu_kernel_impl_nocast<at::BinaryFunctor<c10::Half, c10::Half, c10::Half, binary_internal::MulFunctor<float>>>(at::TensorIteratorBase &, const T1 &)::[lambda(int) (instance 1)]>(int, T3)",21120.0,0.0,4992.0,0.27,0.03
"void at::elementwise_kernel<128, 4, void at::gpu_kernel_impl_nocast<at::neg_kernel_cuda(at::TensorIteratorBase &)::[lambda() (instance 2)]::operator ()() const::[lambda() (instance 8)]::operator ()() const::[lambda(c10::Half) (instance 1)]>(at::TensorIteratorBase &, const T1 &)::[lambda(int) (instance 1)]>(int, T3)",18304.0,0.0,4096.0,0.29,0.02
"void at::<unnamed>::CatArrayBatchedCopy<at::<unnamed>::OpaqueType<2>, unsigned int, 4, 64, 64>(T1 *, at::<unnamed>::CatArrInputTensorMetadata<T1, T2, T4, T5>, at::<unnamed>::TensorSizeStride<T2, 4>, int, T2)",7936.0,0.0,5600.0,0.09,3.85
"void at::elementwise_kernel<128, 4, void at::gpu_kernel_impl_nocast<at::BinaryFunctor<c10::Half, c10::Half, c10::Half, binary_internal::MulFunctor<float>>>(at::TensorIteratorBase &, const T1 &)::[lambda(int) (instance 1)]>(int, T3)",20992.0,0.0,5408.0,0.25,0.02
"void at::vectorized_elementwise_kernel<4, at::CUDAFunctor_add<c10::Half>, std::array<char *, 3>>(int, T2, T3)",8320.0,0.0,3136.0,0.17,0.04
"void at::<unnamed>::CatArrayBatchedCopy_vectorized<at::<unnamed>::OpaqueType<2>, unsigned int, 3, 128, 1, 16, 8>(char *, at::<unnamed>::CatArrInputTensorMetadata<T1, T2, T4, T5>, at::<unnamed>::TensorSizeStride<T2, 4>, int, T2)",2102528.0,0.0,6240.0,21.9,10.87
"void at::<unnamed>::CatArrayBatchedCopy_vectorized<at::<unnamed>::OpaqueType<2>, unsigned int, 3, 128, 1, 16, 8>(char *, at::<unnamed>::CatArrInputTensorMetadata<T1, T2, T4, T5>, at::<unnamed>::TensorSizeStride<T2, 4>, int, T2)",2103168.0,0.0,5952.0,22.88,11.32
"void pytorch_flash::flash_fwd_splitkv_kernel<Flash_fwd_kernel_traits<128, 64, 128, 4, 0, 0, cutlass::half_t, Flash_kernel_traits<128, 64, 128, 4, cutlass::half_t>>, 0, 0, 0, 0, 1, 0, 1, 0>(pytorch_flash::Flash_fwd_params)",4263040.0,0.0,10592.0,25.97,8.74
"void pytorch_flash::flash_fwd_splitkv_combine_kernel<Flash_fwd_kernel_traits<128, 64, 128, 4, 0, 0, cutlass::half_t, Flash_kernel_traits<128, 64, 128, 4, cutlass::half_t>>, 4, 5, 1>(pytorch_flash::Flash_fwd_params)",268416.0,0.0,13312.0,1.3,0.28
ampere_fp16_s16816gemm_fp16_64x64_sliced1x2_ldg8_f2f_stages_64x6_tn,25713920.0,775296.0,27008.0,63.19,19.61
"void at::vectorized_elementwise_kernel<4, at::CUDAFunctor_add<c10::Half>, std::array<char *, 3>>(int, T2, T3)",20608.0,0.0,3136.0,0.43,0.07
"void at::unrolled_elementwise_kernel<at::direct_copy_kernel_cuda(at::TensorIteratorBase &)::[lambda() (instance 3)]::operator ()() const::[lambda() (instance 7)]::operator ()() const::[lambda(float) (instance 1)], std::array<char *, 2>, 4, TrivialOffsetCalculator<1, unsigned int>, TrivialOffsetCalculator<1, unsigned int>, memory::LoadWithCast<1>, memory::StoreWithCast<1>>(int, T1, T2, T4, T5, T6, T7)",39296.0,0.0,5856.0,0.43,0.16
"void at::vectorized_elementwise_kernel<4, void at::<unnamed>::pow_tensor_scalar_kernel_impl<float, float>(at::TensorIteratorBase &, T2)::[lambda(float) (instance 1)], std::array<char *, 2>>(int, T2, T3)",19072.0,0.0,2848.0,0.44,0.05
"void at::reduce_kernel<512, 1, at::ReduceOp<float, at::MeanOps<float, float, float, float>, unsigned int, float, 4, 4>>(T3)",65536.0,0.0,5664.0,0.75,0.1
"void at::vectorized_elementwise_kernel<4, at::CUDAFunctorOnSelf_add<float>, std::array<char *, 2>>(int, T2, T3)",4864.0,0.0,2688.0,0.12,0.02
"void at::vectorized_elementwise_kernel<4, at::rsqrt_kernel_cuda(at::TensorIteratorBase &)::[lambda() (instance 2)]::operator ()() const::[lambda() (instance 2)]::operator ()() const::[lambda(float) (instance 1)], std::array<char *, 2>>(int, T2, T3)",6272.0,0.0,2880.0,0.14,0.04
"void at::elementwise_kernel<128, 2, void at::gpu_kernel_impl_nocast<at::BinaryFunctor<float, float, float, binary_internal::MulFunctor<float>>>(at::TensorIteratorBase &, const T1 &)::[lambda(int) (instance 1)]>(int, T3)",25984.0,0.0,4096.0,0.41,0.18
"void at::vectorized_elementwise_kernel<4, at::float16_copy_kernel_cuda(at::TensorIteratorBase &)::[lambda(float) (instance 1)], std::array<char *, 2>>(int, T2, T3)",19456.0,0.0,2944.0,0.43,0.05
"void at::vectorized_elementwise_kernel<4, at::BinaryFunctor<c10::Half, c10::Half, c10::Half, binary_internal::MulFunctor<float>>, std::array<char *, 3>>(int, T2, T3)",20608.0,0.0,3040.0,0.44,0.08
ampere_fp16_s16816gemm_fp16_128x64_ldg8_f2f_stages_32x6_tn,135813248.0,2426112.0,109632.0,81.11,25.49
"void cublasLt::splitKreduce_kernel<32, 16, int, __half, __half, float, __half, 0, __half, __half, __half, 1, 0, 0>(cublasLt::cublasSplitKParams<T6>, const T4 *, const T10 *, T9 *, T5 *, const T6 *, const T6 *, const T11 *, const T4 *, T11 *, void *, long, T6 *, int *, T6 *, T6 *, const T6 *, const T6 *, const T6 *, const T6 *, const T6 *)",160000.0,0.0,4576.0,2.27,14.23
"void at::vectorized_elementwise_kernel<4, at::<unnamed>::silu_kernel(at::TensorIteratorBase &)::[lambda() (instance 1)]::operator ()() const::[lambda() (instance 5)]::operator ()() const::[lambda(c10::Half) (instance 1)], std::array<char *, 2>>(int, T2, T3)",51200.0,0.0,3552.0,0.94,0.71
ampere_fp16_s16816gemm_fp16_128x64_ldg8_f2f_stages_32x6_tn,135814144.0,2447232.0,109664.0,81.1,25.48
"void cublasLt::splitKreduce_kernel<32, 16, int, __half, __half, float, __half, 0, __half, __half, __half, 1, 0, 0>(cublasLt::cublasSplitKParams<T6>, const T4 *, const T10 *, T9 *, T5 *, const T6 *, const T6 *, const T11 *, const T4 *, T11 *, void *, long, T6 *, int *, T6 *, T6 *, const T6 *, const T6 *, const T6 *, const T6 *, const T6 *)",160000.0,0.0,4768.0,2.19,13.6
"void at::vectorized_elementwise_kernel<4, at::BinaryFunctor<c10::Half, c10::Half, c10::Half, binary_internal::MulFunctor<float>>, std::array<char *, 3>>(int, T2, T3)",82048.0,0.0,3104.0,1.72,0.25
ampere_fp16_s16816gemm_fp16_64x64_sliced1x2_ldg8_f2f_stages_64x6_tn,135844736.0,2397696.0,110048.0,80.8,25.38
"void cublasLt::splitKreduce_kernel<32, 16, int, __half, __half, float, __half, 0, __half, __half, __half, 1, 0, 0>(cublasLt::cublasSplitKParams<T6>, const T4 *, const T10 *, T9 *, T5 *, const T6 *, const T6 *, const T11 *, const T4 *, T11 *, void *, long, T6 *, int *, T6 *, T6 *, const T6 *, const T6 *, const T6 *, const T6 *, const T6 *)",72960.0,0.0,3904.0,1.21,3.54
"void at::vectorized_elementwise_kernel<4, at::CUDAFunctor_add<c10::Half>, std::array<char *, 3>>(int, T2, T3)",20608.0,0.0,3008.0,0.45,0.08
"void at::unrolled_elementwise_kernel<at::direct_copy_kernel_cuda(at::TensorIteratorBase &)::[lambda() (instance 3)]::operator ()() const::[lambda() (instance 7)]::operator ()() const::[lambda(float) (instance 1)], std::array<char *, 2>, 4, TrivialOffsetCalculator<1, unsigned int>, TrivialOffsetCalculator<1, unsigned int>, memory::LoadWithCast<1>, memory::StoreWithCast<1>>(int, T1, T2, T4, T5, T6, T7)",39296.0,0.0,6048.0,0.42,0.15
"void at::vectorized_elementwise_kernel<4, void at::<unnamed>::pow_tensor_scalar_kernel_impl<float, float>(at::TensorIteratorBase &, T2)::[lambda(float) (instance 1)], std::array<char *, 2>>(int, T2, T3)",19072.0,0.0,2944.0,0.43,0.05
"void at::reduce_kernel<512, 1, at::ReduceOp<float, at::MeanOps<float, float, float, float>, unsigned int, float, 4, 4>>(T3)",65408.0,0.0,5632.0,0.75,0.1
"void at::vectorized_elementwise_kernel<4, at::CUDAFunctorOnSelf_add<float>, std::array<char *, 2>>(int, T2, T3)",4736.0,0.0,2720.0,0.11,0.02
"void at::vectorized_elementwise_kernel<4, at::rsqrt_kernel_cuda(at::TensorIteratorBase &)::[lambda() (instance 2)]::operator ()() const::[lambda() (instance 2)]::operator ()() const::[lambda(float) (instance 1)], std::array<char *, 2>>(int, T2, T3)",6400.0,0.0,2880.0,0.14,0.04
"void at::elementwise_kernel<128, 2, void at::gpu_kernel_impl_nocast<at::BinaryFunctor<float, float, float, binary_internal::MulFunctor<float>>>(at::TensorIteratorBase &, const T1 &)::[lambda(int) (instance 1)]>(int, T3)",25984.0,0.0,4096.0,0.41,0.18
"void at::vectorized_elementwise_kernel<4, at::float16_copy_kernel_cuda(at::TensorIteratorBase &)::[lambda(float) (instance 1)], std::array<char *, 2>>(int, T2, T3)",19328.0,0.0,2944.0,0.43,0.05
"void at::vectorized_elementwise_kernel<4, at::BinaryFunctor<c10::Half, c10::Half, c10::Half, binary_internal::MulFunctor<float>>, std::array<char *, 3>>(int, T2, T3)",20608.0,0.0,3008.0,0.45,0.08
ampere_fp16_s16816gemm_fp16_64x64_sliced1x2_ldg8_relu_f2f_stages_64x6_tn,25721088.0,1138176.0,28064.0,61.63,18.89
"void gemv2T_kernel_val<int, int, __half, float, float, float, 128, 16, 4, 4, 0, 1, cublasGemvParamsEx<int, cublasGemvTensorStridedBatched<const __half>, cublasGemvTensorStridedBatched<const float>, cublasGemvTensorStridedBatched<float>, float>>(T13, T6, T6)",3686144.0,0.0,10560.0,22.51,20.79
"void cublasLt::splitKreduce_kernel<32, 16, int, float, __half, float, __half, 0, __half, __half, __half, 1, 0, 0>(cublasLt::cublasSplitKParams<T6>, const T4 *, const T10 *, T9 *, T5 *, const T6 *, const T6 *, const T11 *, const T4 *, T11 *, void *, long, T6 *, int *, T6 *, T6 *, const T6 *, const T6 *, const T6 *, const T6 *, const T6 *)",40704.0,0.0,3712.0,0.72,3.56
"void epilogue::globalKernel<8, 32, __half, __half, float, 1, 1, 1>(int, int, long, T3 *, cublasLtEpilogue_t, int, T4 *, long, void *, long, long, long, T5 *, long, int *)",7808.0,0.0,3360.0,0.15,1.23
"void gemv2T_kernel_val<int, int, __half, float, float, float, 128, 16, 4, 4, 0, 1, cublasGemvParamsEx<int, cublasGemvTensorStridedBatched<const __half>, cublasGemvTensorStridedBatched<const float>, cublasGemvTensorStridedBatched<float>, float>>(T13, T6, T6)",3686144.0,768.0,10976.0,21.68,19.93
"void cublasLt::splitKreduce_kernel<32, 16, int, float, __half, float, __half, 0, __half, __half, __half, 1, 0, 0>(cublasLt::cublasSplitKParams<T6>, const T4 *, const T10 *, T9 *, T5 *, const T6 *, const T6 *, const T11 *, const T4 *, T11 *, void *, long, T6 *, int *, T6 *, T6 *, const T6 *, const T6 *, const T6 *, const T6 *, const T6 *)",40704.0,0.0,3648.0,0.73,3.61
"void epilogue::globalKernel<8, 32, __half, __half, float, 1, 1, 1>(int, int, long, T3 *, cublasLtEpilogue_t, int, T4 *, long, void *, long, long, long, T5 *, long, int *)",7808.0,0.0,3488.0,0.14,1.18
"void at::elementwise_kernel<128, 4, void at::gpu_kernel_impl_nocast<at::BinaryFunctor<c10::Half, c10::Half, c10::Half, binary_internal::MulFunctor<float>>>(at::TensorIteratorBase &, const T1 &)::[lambda(int) (instance 1)]>(int, T3)",27264.0,0.0,5504.0,0.32,0.16
"void at::elementwise_kernel<128, 4, void at::gpu_kernel_impl_nocast<at::neg_kernel_cuda(at::TensorIteratorBase &)::[lambda() (instance 2)]::operator ()() const::[lambda() (instance 8)]::operator ()() const::[lambda(c10::Half) (instance 1)]>(at::TensorIteratorBase &, const T1 &)::[lambda(int) (instance 1)]>(int, T3)",21376.0,0.0,5216.0,0.27,0.07
"void at::<unnamed>::CatArrayBatchedCopy<at::<unnamed>::OpaqueType<2>, unsigned int, 4, 64, 64>(T1 *, at::<unnamed>::CatArrInputTensorMetadata<T1, T2, T4, T5>, at::<unnamed>::TensorSizeStride<T2, 4>, int, T2)",15360.0,0.0,6592.0,0.15,3.71
"void at::elementwise_kernel<128, 4, void at::gpu_kernel_impl_nocast<at::BinaryFunctor<c10::Half, c10::Half, c10::Half, binary_internal::MulFunctor<float>>>(at::TensorIteratorBase &, const T1 &)::[lambda(int) (instance 1)]>(int, T3)",27136.0,0.0,5120.0,0.34,0.18
"void at::vectorized_elementwise_kernel<4, at::CUDAFunctor_add<c10::Half>, std::array<char *, 3>>(int, T2, T3)",20608.0,0.0,2912.0,0.46,0.08
"void at::elementwise_kernel<128, 4, void at::gpu_kernel_impl_nocast<at::BinaryFunctor<c10::Half, c10::Half, c10::Half, binary_internal::MulFunctor<float>>>(at::TensorIteratorBase &, const T1 &)::[lambda(int) (instance 1)]>(int, T3)",21504.0,0.0,5024.0,0.28,0.03
"void at::elementwise_kernel<128, 4, void at::gpu_kernel_impl_nocast<at::neg_kernel_cuda(at::TensorIteratorBase &)::[lambda() (instance 2)]::operator ()() const::[lambda() (instance 8)]::operator ()() const::[lambda(c10::Half) (instance 1)]>(at::TensorIteratorBase &, const T1 &)::[lambda(int) (instance 1)]>(int, T3)",18432.0,0.0,3904.0,0.31,0.02
"void at::<unnamed>::CatArrayBatchedCopy<at::<unnamed>::OpaqueType<2>, unsigned int, 4, 64, 64>(T1 *, at::<unnamed>::CatArrInputTensorMetadata<T1, T2, T4, T5>, at::<unnamed>::TensorSizeStride<T2, 4>, int, T2)",8832.0,0.0,5472.0,0.1,3.9
"void at::elementwise_kernel<128, 4, void at::gpu_kernel_impl_nocast<at::BinaryFunctor<c10::Half, c10::Half, c10::Half, binary_internal::MulFunctor<float>>>(at::TensorIteratorBase &, const T1 &)::[lambda(int) (instance 1)]>(int, T3)",20992.0,0.0,5152.0,0.26,0.02
"void at::vectorized_elementwise_kernel<4, at::CUDAFunctor_add<c10::Half>, std::array<char *, 3>>(int, T2, T3)",8320.0,0.0,2944.0,0.19,0.04
"void at::<unnamed>::CatArrayBatchedCopy_vectorized<at::<unnamed>::OpaqueType<2>, unsigned int, 3, 128, 1, 16, 8>(char *, at::<unnamed>::CatArrInputTensorMetadata<T1, T2, T4, T5>, at::<unnamed>::TensorSizeStride<T2, 4>, int, T2)",2102272.0,0.0,5984.0,22.75,11.23
"void at::<unnamed>::CatArrayBatchedCopy_vectorized<at::<unnamed>::OpaqueType<2>, unsigned int, 3, 128, 1, 16, 8>(char *, at::<unnamed>::CatArrInputTensorMetadata<T1, T2, T4, T5>, at::<unnamed>::TensorSizeStride<T2, 4>, int, T2)",2102144.0,0.0,6048.0,22.51,11.09
"void pytorch_flash::flash_fwd_splitkv_kernel<Flash_fwd_kernel_traits<128, 64, 128, 4, 0, 0, cutlass::half_t, Flash_kernel_traits<128, 64, 128, 4, cutlass::half_t>>, 0, 0, 0, 0, 1, 0, 1, 0>(pytorch_flash::Flash_fwd_params)",4261888.0,0.0,10592.0,26.01,8.76
"void pytorch_flash::flash_fwd_splitkv_combine_kernel<Flash_fwd_kernel_traits<128, 64, 128, 4, 0, 0, cutlass::half_t, Flash_kernel_traits<128, 64, 128, 4, cutlass::half_t>>, 4, 5, 1>(pytorch_flash::Flash_fwd_params)",268416.0,0.0,13440.0,1.29,0.28
ampere_fp16_s16816gemm_fp16_64x64_sliced1x2_ldg8_f2f_stages_64x6_tn,25712000.0,968960.0,26624.0,64.57,19.93
"void at::vectorized_elementwise_kernel<4, at::CUDAFunctor_add<c10::Half>, std::array<char *, 3>>(int, T2, T3)",20608.0,0.0,3008.0,0.45,0.08
"void at::unrolled_elementwise_kernel<at::direct_copy_kernel_cuda(at::TensorIteratorBase &)::[lambda() (instance 3)]::operator ()() const::[lambda() (instance 7)]::operator ()() const::[lambda(float) (instance 1)], std::array<char *, 2>, 4, TrivialOffsetCalculator<1, unsigned int>, TrivialOffsetCalculator<1, unsigned int>, memory::LoadWithCast<1>, memory::StoreWithCast<1>>(int, T1, T2, T4, T5, T6, T7)",40320.0,0.0,5920.0,0.44,0.16
"void at::vectorized_elementwise_kernel<4, void at::<unnamed>::pow_tensor_scalar_kernel_impl<float, float>(at::TensorIteratorBase &, T2)::[lambda(float) (instance 1)], std::array<char *, 2>>(int, T2, T3)",19584.0,0.0,2912.0,0.44,0.05
"void at::reduce_kernel<512, 1, at::ReduceOp<float, at::MeanOps<float, float, float, float>, unsigned int, float, 4, 4>>(T3)",65408.0,0.0,5696.0,0.74,0.1
"void at::vectorized_elementwise_kernel<4, at::CUDAFunctorOnSelf_add<float>, std::array<char *, 2>>(int, T2, T3)",4864.0,0.0,2912.0,0.11,0.02
"void at::vectorized_elementwise_kernel<4, at::rsqrt_kernel_cuda(at::TensorIteratorBase &)::[lambda() (instance 2)]::operator ()() const::[lambda() (instance 2)]::operator ()() const::[lambda(float) (instance 1)], std::array<char *, 2>>(int, T2, T3)",6400.0,0.0,2912.0,0.14,0.04
"void at::elementwise_kernel<128, 2, void at::gpu_kernel_impl_nocast<at::BinaryFunctor<float, float, float, binary_internal::MulFunctor<float>>>(at::TensorIteratorBase &, const T1 &)::[lambda(int) (instance 1)]>(int, T3)",25344.0,0.0,4064.0,0.4,0.18
"void at::vectorized_elementwise_kernel<4, at::float16_copy_kernel_cuda(at::TensorIteratorBase &)::[lambda(float) (instance 1)], std::array<char *, 2>>(int, T2, T3)",19712.0,0.0,2976.0,0.43,0.05
"void at::vectorized_elementwise_kernel<4, at::BinaryFunctor<c10::Half, c10::Half, c10::Half, binary_internal::MulFunctor<float>>, std::array<char *, 3>>(int, T2, T3)",20608.0,0.0,3040.0,0.44,0.08
ampere_fp16_s16816gemm_fp16_128x64_ldg8_f2f_stages_32x6_tn,135815296.0,2445312.0,109440.0,81.27,25.53
"void cublasLt::splitKreduce_kernel<32, 16, int, __half, __half, float, __half, 0, __half, __half, __half, 1, 0, 0>(cublasLt::cublasSplitKParams<T6>, const T4 *, const T10 *, T9 *, T5 *, const T6 *, const T6 *, const T11 *, const T4 *, T11 *, void *, long, T6 *, int *, T6 *, T6 *, const T6 *, const T6 *, const T6 *, const T6 *, const T6 *)",160000.0,0.0,4640.0,2.23,13.98
"void at::vectorized_elementwise_kernel<4, at::<unnamed>::silu_kernel(at::TensorIteratorBase &)::[lambda() (instance 1)]::operator ()() const::[lambda() (instance 5)]::operator ()() const::[lambda(c10::Half) (instance 1)], std::array<char *, 2>>(int, T2, T3)",51072.0,0.0,3616.0,0.92,0.7
ampere_fp16_s16816gemm_fp16_128x64_ldg8_f2f_stages_32x6_tn,135814144.0,2453504.0,110016.0,80.84,25.41
"void cublasLt::splitKreduce_kernel<32, 16, int, __half, __half, float, __half, 0, __half, __half, __half, 1, 0, 0>(cublasLt::cublasSplitKParams<T6>, const T4 *, const T10 *, T9 *, T5 *, const T6 *, const T6 *, const T11 *, const T4 *, T11 *, void *, long, T6 *, int *, T6 *, T6 *, const T6 *, const T6 *, const T6 *, const T6 *, const T6 *)",160000.0,0.0,4640.0,2.23,13.89
"void at::vectorized_elementwise_kernel<4, at::BinaryFunctor<c10::Half, c10::Half, c10::Half, binary_internal::MulFunctor<float>>, std::array<char *, 3>>(int, T2, T3)",82048.0,0.0,3104.0,1.72,0.25
ampere_fp16_s16816gemm_fp16_64x64_sliced1x2_ldg8_f2f_stages_64x6_tn,135851392.0,2382080.0,109888.0,80.93,25.42
"void cublasLt::splitKreduce_kernel<32, 16, int, __half, __half, float, __half, 0, __half, __half, __half, 1, 0, 0>(cublasLt::cublasSplitKParams<T6>, const T4 *, const T10 *, T9 *, T5 *, const T6 *, const T6 *, const T11 *, const T4 *, T11 *, void *, long, T6 *, int *, T6 *, T6 *, const T6 *, const T6 *, const T6 *, const T6 *, const T6 *)",72960.0,0.0,4224.0,1.12,3.29
"void at::vectorized_elementwise_kernel<4, at::CUDAFunctor_add<c10::Half>, std::array<char *, 3>>(int, T2, T3)",20608.0,0.0,3232.0,0.42,0.07
"void at::unrolled_elementwise_kernel<at::direct_copy_kernel_cuda(at::TensorIteratorBase &)::[lambda() (instance 3)]::operator ()() const::[lambda() (instance 7)]::operator ()() const::[lambda(float) (instance 1)], std::array<char *, 2>, 4, TrivialOffsetCalculator<1, unsigned int>, TrivialOffsetCalculator<1, unsigned int>, memory::LoadWithCast<1>, memory::StoreWithCast<1>>(int, T1, T2, T4, T5, T6, T7)",39296.0,0.0,5824.0,0.44,0.16
"void at::vectorized_elementwise_kernel<4, void at::<unnamed>::pow_tensor_scalar_kernel_impl<float, float>(at::TensorIteratorBase &, T2)::[lambda(float) (instance 1)], std::array<char *, 2>>(int, T2, T3)",19072.0,0.0,3072.0,0.41,0.05
"void at::reduce_kernel<512, 1, at::ReduceOp<float, at::MeanOps<float, float, float, float>, unsigned int, float, 4, 4>>(T3)",65536.0,0.0,6016.0,0.71,0.1
"void at::vectorized_elementwise_kernel<4, at::CUDAFunctorOnSelf_add<float>, std::array<char *, 2>>(int, T2, T3)",5248.0,0.0,2688.0,0.13,0.02
"void at::vectorized_elementwise_kernel<4, at::rsqrt_kernel_cuda(at::TensorIteratorBase &)::[lambda() (instance 2)]::operator ()() const::[lambda() (instance 2)]::operator ()() const::[lambda(float) (instance 1)], std::array<char *, 2>>(int, T2, T3)",6656.0,0.0,2880.0,0.15,0.04
"void at::elementwise_kernel<128, 2, void at::gpu_kernel_impl_nocast<at::BinaryFunctor<float, float, float, binary_internal::MulFunctor<float>>>(at::TensorIteratorBase &, const T1 &)::[lambda(int) (instance 1)]>(int, T3)",25472.0,0.0,4096.0,0.4,0.18
"void at::vectorized_elementwise_kernel<4, at::float16_copy_kernel_cuda(at::TensorIteratorBase &)::[lambda(float) (instance 1)], std::array<char *, 2>>(int, T2, T3)",19328.0,0.0,2880.0,0.44,0.05
"void at::vectorized_elementwise_kernel<4, at::BinaryFunctor<c10::Half, c10::Half, c10::Half, binary_internal::MulFunctor<float>>, std::array<char *, 3>>(int, T2, T3)",20736.0,0.0,3040.0,0.44,0.08
ampere_fp16_s16816gemm_fp16_64x64_sliced1x2_ldg8_relu_f2f_stages_64x6_tn,25720448.0,1081344.0,28288.0,61.05,18.75
"void gemv2T_kernel_val<int, int, __half, float, float, float, 128, 16, 4, 4, 0, 1, cublasGemvParamsEx<int, cublasGemvTensorStridedBatched<const __half>, cublasGemvTensorStridedBatched<const float>, cublasGemvTensorStridedBatched<float>, float>>(T13, T6, T6)",3686144.0,0.0,10528.0,22.59,20.8
"void cublasLt::splitKreduce_kernel<32, 16, int, float, __half, float, __half, 0, __half, __half, __half, 1, 0, 0>(cublasLt::cublasSplitKParams<T6>, const T4 *, const T10 *, T9 *, T5 *, const T6 *, const T6 *, const T11 *, const T4 *, T11 *, void *, long, T6 *, int *, T6 *, T6 *, const T6 *, const T6 *, const T6 *, const T6 *, const T6 *)",40704.0,0.0,3840.0,0.69,3.43
"void epilogue::globalKernel<8, 32, __half, __half, float, 1, 1, 1>(int, int, long, T3 *, cublasLtEpilogue_t, int, T4 *, long, void *, long, long, long, T5 *, long, int *)",7808.0,0.0,3360.0,0.15,1.23
"void gemv2T_kernel_val<int, int, __half, float, float, float, 128, 16, 4, 4, 0, 1, cublasGemvParamsEx<int, cublasGemvTensorStridedBatched<const __half>, cublasGemvTensorStridedBatched<const float>, cublasGemvTensorStridedBatched<float>, float>>(T13, T6, T6)",3686144.0,384.0,10624.0,22.46,20.64
"void cublasLt::splitKreduce_kernel<32, 16, int, float, __half, float, __half, 0, __half, __half, __half, 1, 0, 0>(cublasLt::cublasSplitKParams<T6>, const T4 *, const T10 *, T9 *, T5 *, const T6 *, const T6 *, const T11 *, const T4 *, T11 *, void *, long, T6 *, int *, T6 *, T6 *, const T6 *, const T6 *, const T6 *, const T6 *, const T6 *)",40704.0,0.0,3648.0,0.72,3.58
"void epilogue::globalKernel<8, 32, __half, __half, float, 1, 1, 1>(int, int, long, T3 *, cublasLtEpilogue_t, int, T4 *, long, void *, long, long, long, T5 *, long, int *)",8192.0,0.0,3392.0,0.16,1.22
"void at::elementwise_kernel<128, 4, void at::gpu_kernel_impl_nocast<at::BinaryFunctor<c10::Half, c10::Half, c10::Half, binary_internal::MulFunctor<float>>>(at::TensorIteratorBase &, const T1 &)::[lambda(int) (instance 1)]>(int, T3)",28032.0,0.0,5280.0,0.34,0.17
"void at::elementwise_kernel<128, 4, void at::gpu_kernel_impl_nocast<at::neg_kernel_cuda(at::TensorIteratorBase &)::[lambda() (instance 2)]::operator ()() const::[lambda() (instance 8)]::operator ()() const::[lambda(c10::Half) (instance 1)]>(at::TensorIteratorBase &, const T1 &)::[lambda(int) (instance 1)]>(int, T3)",21376.0,0.0,5088.0,0.27,0.08
"void at::<unnamed>::CatArrayBatchedCopy<at::<unnamed>::OpaqueType<2>, unsigned int, 4, 64, 64>(T1 *, at::<unnamed>::CatArrInputTensorMetadata<T1, T2, T4, T5>, at::<unnamed>::TensorSizeStride<T2, 4>, int, T2)",14464.0,0.0,6656.0,0.14,3.73
"void at::elementwise_kernel<128, 4, void at::gpu_kernel_impl_nocast<at::BinaryFunctor<c10::Half, c10::Half, c10::Half, binary_internal::MulFunctor<float>>>(at::TensorIteratorBase &, const T1 &)::[lambda(int) (instance 1)]>(int, T3)",27136.0,0.0,5120.0,0.35,0.18
"void at::vectorized_elementwise_kernel<4, at::CUDAFunctor_add<c10::Half>, std::array<char *, 3>>(int, T2, T3)",20608.0,0.0,3008.0,0.44,0.08
"void at::elementwise_kernel<128, 4, void at::gpu_kernel_impl_nocast<at::BinaryFunctor<c10::Half, c10::Half, c10::Half, binary_internal::MulFunctor<float>>>(at::TensorIteratorBase &, const T1 &)::[lambda(int) (instance 1)]>(int, T3)",20992.0,0.0,5152.0,0.26,0.02
"void at::elementwise_kernel<128, 4, void at::gpu_kernel_impl_nocast<at::neg_kernel_cuda(at::TensorIteratorBase &)::[lambda() (instance 2)]::operator ()() const::[lambda() (instance 8)]::operator ()() const::[lambda(c10::Half) (instance 1)]>(at::TensorIteratorBase &, const T1 &)::[lambda(int) (instance 1)]>(int, T3)",18304.0,0.0,3936.0,0.3,0.02
"void at::<unnamed>::CatArrayBatchedCopy<at::<unnamed>::OpaqueType<2>, unsigned int, 4, 64, 64>(T1 *, at::<unnamed>::CatArrInputTensorMetadata<T1, T2, T4, T5>, at::<unnamed>::TensorSizeStride<T2, 4>, int, T2)",8064.0,0.0,5440.0,0.1,3.97
"void at::elementwise_kernel<128, 4, void at::gpu_kernel_impl_nocast<at::BinaryFunctor<c10::Half, c10::Half, c10::Half, binary_internal::MulFunctor<float>>>(at::TensorIteratorBase &, const T1 &)::[lambda(int) (instance 1)]>(int, T3)",21888.0,0.0,5440.0,0.26,0.02
"void at::vectorized_elementwise_kernel<4, at::CUDAFunctor_add<c10::Half>, std::array<char *, 3>>(int, T2, T3)",8320.0,0.0,3200.0,0.17,0.04
"void at::<unnamed>::CatArrayBatchedCopy_vectorized<at::<unnamed>::OpaqueType<2>, unsigned int, 3, 128, 1, 16, 8>(char *, at::<unnamed>::CatArrInputTensorMetadata<T1, T2, T4, T5>, at::<unnamed>::TensorSizeStride<T2, 4>, int, T2)",2102272.0,0.0,6080.0,22.41,11.16
"void at::<unnamed>::CatArrayBatchedCopy_vectorized<at::<unnamed>::OpaqueType<2>, unsigned int, 3, 128, 1, 16, 8>(char *, at::<unnamed>::CatArrInputTensorMetadata<T1, T2, T4, T5>, at::<unnamed>::TensorSizeStride<T2, 4>, int, T2)",2103040.0,0.0,5952.0,22.78,11.25
"void pytorch_flash::flash_fwd_splitkv_kernel<Flash_fwd_kernel_traits<128, 64, 128, 4, 0, 0, cutlass::half_t, Flash_kernel_traits<128, 64, 128, 4, cutlass::half_t>>, 0, 0, 0, 0, 1, 0, 1, 0>(pytorch_flash::Flash_fwd_params)",4262144.0,0.0,10560.0,26.04,8.76
"void pytorch_flash::flash_fwd_splitkv_combine_kernel<Flash_fwd_kernel_traits<128, 64, 128, 4, 0, 0, cutlass::half_t, Flash_kernel_traits<128, 64, 128, 4, cutlass::half_t>>, 4, 5, 1>(pytorch_flash::Flash_fwd_params)",268416.0,0.0,13248.0,1.31,0.28
ampere_fp16_s16816gemm_fp16_64x64_sliced1x2_ldg8_f2f_stages_64x6_tn,25713536.0,1145216.0,26656.0,64.92,19.9
"void at::vectorized_elementwise_kernel<4, at::CUDAFunctor_add<c10::Half>, std::array<char *, 3>>(int, T2, T3)",20608.0,0.0,3008.0,0.45,0.08
"void at::unrolled_elementwise_kernel<at::direct_copy_kernel_cuda(at::TensorIteratorBase &)::[lambda() (instance 3)]::operator ()() const::[lambda() (instance 7)]::operator ()() const::[lambda(float) (instance 1)], std::array<char *, 2>, 4, TrivialOffsetCalculator<1, unsigned int>, TrivialOffsetCalculator<1, unsigned int>, memory::LoadWithCast<1>, memory::StoreWithCast<1>>(int, T1, T2, T4, T5, T6, T7)",39296.0,0.0,5920.0,0.43,0.16
"void at::vectorized_elementwise_kernel<4, void at::<unnamed>::pow_tensor_scalar_kernel_impl<float, float>(at::TensorIteratorBase &, T2)::[lambda(float) (instance 1)], std::array<char *, 2>>(int, T2, T3)",19072.0,0.0,2816.0,0.44,0.05
"void at::reduce_kernel<512, 1, at::ReduceOp<float, at::MeanOps<float, float, float, float>, unsigned int, float, 4, 4>>(T3)",65536.0,0.0,5536.0,0.77,0.11
"void at::vectorized_elementwise_kernel<4, at::CUDAFunctorOnSelf_add<float>, std::array<char *, 2>>(int, T2, T3)",4736.0,0.0,2752.0,0.11,0.02
"void at::vectorized_elementwise_kernel<4, at::rsqrt_kernel_cuda(at::TensorIteratorBase &)::[lambda() (instance 2)]::operator ()() const::[lambda() (instance 2)]::operator ()() const::[lambda(float) (instance 1)], std::array<char *, 2>>(int, T2, T3)",6400.0,0.0,2912.0,0.14,0.04
"void at::elementwise_kernel<128, 2, void at::gpu_kernel_impl_nocast<at::BinaryFunctor<float, float, float, binary_internal::MulFunctor<float>>>(at::TensorIteratorBase &, const T1 &)::[lambda(int) (instance 1)]>(int, T3)",26112.0,0.0,4064.0,0.42,0.18
"void at::vectorized_elementwise_kernel<4, at::float16_copy_kernel_cuda(at::TensorIteratorBase &)::[lambda(float) (instance 1)], std::array<char *, 2>>(int, T2, T3)",19328.0,0.0,2944.0,0.42,0.05
"void at::vectorized_elementwise_kernel<4, at::BinaryFunctor<c10::Half, c10::Half, c10::Half, binary_internal::MulFunctor<float>>, std::array<char *, 3>>(int, T2, T3)",20608.0,0.0,3040.0,0.44,0.08
ampere_fp16_s16816gemm_fp16_128x64_ldg8_f2f_stages_32x6_tn,135820672.0,2421120.0,109632.0,81.12,25.49
"void cublasLt::splitKreduce_kernel<32, 16, int, __half, __half, float, __half, 0, __half, __half, __half, 1, 0, 0>(cublasLt::cublasSplitKParams<T6>, const T4 *, const T10 *, T9 *, T5 *, const T6 *, const T6 *, const T11 *, const T4 *, T11 *, void *, long, T6 *, int *, T6 *, T6 *, const T6 *, const T6 *, const T6 *, const T6 *, const T6 *)",160000.0,0.0,4544.0,2.27,14.17
"void at::vectorized_elementwise_kernel<4, at::<unnamed>::silu_kernel(at::TensorIteratorBase &)::[lambda() (instance 1)]::operator ()() const::[lambda() (instance 5)]::operator ()() const::[lambda(c10::Half) (instance 1)], std::array<char *, 2>>(int, T2, T3)",51200.0,0.0,3712.0,0.89,0.67
ampere_fp16_s16816gemm_fp16_128x64_ldg8_f2f_stages_32x6_tn,135813632.0,2443136.0,109248.0,81.4,25.57
"void cublasLt::splitKreduce_kernel<32, 16, int, __half, __half, float, __half, 0, __half, __half, __half, 1, 0, 0>(cublasLt::cublasSplitKParams<T6>, const T4 *, const T10 *, T9 *, T5 *, const T6 *, const T6 *, const T11 *, const T4 *, T11 *, void *, long, T6 *, int *, T6 *, T6 *, const T6 *, const T6 *, const T6 *, const T6 *, const T6 *)",160000.0,0.0,4576.0,2.27,14.09
"void at::vectorized_elementwise_kernel<4, at::BinaryFunctor<c10::Half, c10::Half, c10::Half, binary_internal::MulFunctor<float>>, std::array<char *, 3>>(int, T2, T3)",82048.0,0.0,3104.0,1.73,0.26
ampere_fp16_s16816gemm_fp16_64x64_sliced1x2_ldg8_f2f_stages_64x6_tn,135851904.0,2384768.0,110976.0,80.12,25.18
"void cublasLt::splitKreduce_kernel<32, 16, int, __half, __half, float, __half, 0, __half, __half, __half, 1, 0, 0>(cublasLt::cublasSplitKParams<T6>, const T4 *, const T10 *, T9 *, T5 *, const T6 *, const T6 *, const T11 *, const T4 *, T11 *, void *, long, T6 *, int *, T6 *, T6 *, const T6 *, const T6 *, const T6 *, const T6 *, const T6 *)",72960.0,0.0,3936.0,1.21,3.54
"void at::vectorized_elementwise_kernel<4, at::CUDAFunctor_add<c10::Half>, std::array<char *, 3>>(int, T2, T3)",20608.0,0.0,2976.0,0.45,0.08
"void at::unrolled_elementwise_kernel<at::direct_copy_kernel_cuda(at::TensorIteratorBase &)::[lambda() (instance 3)]::operator ()() const::[lambda() (instance 7)]::operator ()() const::[lambda(float) (instance 1)], std::array<char *, 2>, 4, TrivialOffsetCalculator<1, unsigned int>, TrivialOffsetCalculator<1, unsigned int>, memory::LoadWithCast<1>, memory::StoreWithCast<1>>(int, T1, T2, T4, T5, T6, T7)",39296.0,0.0,6080.0,0.42,0.15
"void at::vectorized_elementwise_kernel<4, void at::<unnamed>::pow_tensor_scalar_kernel_impl<float, float>(at::TensorIteratorBase &, T2)::[lambda(float) (instance 1)], std::array<char *, 2>>(int, T2, T3)",19072.0,0.0,2976.0,0.42,0.05
"void at::reduce_kernel<512, 1, at::ReduceOp<float, at::MeanOps<float, float, float, float>, unsigned int, float, 4, 4>>(T3)",65408.0,0.0,5728.0,0.74,0.1
"void at::vectorized_elementwise_kernel<4, at::CUDAFunctorOnSelf_add<float>, std::array<char *, 2>>(int, T2, T3)",4864.0,0.0,2816.0,0.11,0.02
"void at::vectorized_elementwise_kernel<4, at::rsqrt_kernel_cuda(at::TensorIteratorBase &)::[lambda() (instance 2)]::operator ()() const::[lambda() (instance 2)]::operator ()() const::[lambda(float) (instance 1)], std::array<char *, 2>>(int, T2, T3)",6400.0,0.0,2880.0,0.15,0.04
"void at::elementwise_kernel<128, 2, void at::gpu_kernel_impl_nocast<at::BinaryFunctor<float, float, float, binary_internal::MulFunctor<float>>>(at::TensorIteratorBase &, const T1 &)::[lambda(int) (instance 1)]>(int, T3)",25472.0,0.0,4096.0,0.4,0.18
"void at::vectorized_elementwise_kernel<4, at::float16_copy_kernel_cuda(at::TensorIteratorBase &)::[lambda(float) (instance 1)], std::array<char *, 2>>(int, T2, T3)",19328.0,0.0,2944.0,0.43,0.05
"void at::vectorized_elementwise_kernel<4, at::BinaryFunctor<c10::Half, c10::Half, c10::Half, binary_internal::MulFunctor<float>>, std::array<char *, 3>>(int, T2, T3)",20608.0,0.0,2976.0,0.45,0.08
ampere_fp16_s16816gemm_fp16_64x64_sliced1x2_ldg8_relu_f2f_stages_64x6_tn,25721344.0,1086080.0,27872.0,61.91,19.0
"void gemv2T_kernel_val<int, int, __half, float, float, float, 128, 16, 4, 4, 0, 1, cublasGemvParamsEx<int, cublasGemvTensorStridedBatched<const __half>, cublasGemvTensorStridedBatched<const float>, cublasGemvTensorStridedBatched<float>, float>>(T13, T6, T6)",3686144.0,0.0,11008.0,21.61,19.95
"void cublasLt::splitKreduce_kernel<32, 16, int, float, __half, float, __half, 0, __half, __half, __half, 1, 0, 0>(cublasLt::cublasSplitKParams<T6>, const T4 *, const T10 *, T9 *, T5 *, const T6 *, const T6 *, const T11 *, const T4 *, T11 *, void *, long, T6 *, int *, T6 *, T6 *, const T6 *, const T6 *, const T6 *, const T6 *, const T6 *)",40704.0,0.0,3872.0,0.69,3.41
"void epilogue::globalKernel<8, 32, __half, __half, float, 1, 1, 1>(int, int, long, T3 *, cublasLtEpilogue_t, int, T4 *, long, void *, long, long, long, T5 *, long, int *)",7680.0,0.0,3296.0,0.15,1.25
"void gemv2T_kernel_val<int, int, __half, float, float, float, 128, 16, 4, 4, 0, 1, cublasGemvParamsEx<int, cublasGemvTensorStridedBatched<const __half>, cublasGemvTensorStridedBatched<const float>, cublasGemvTensorStridedBatched<float>, float>>(T13, T6, T6)",3686144.0,512.0,10784.0,22.05,20.26
"void cublasLt::splitKreduce_kernel<32, 16, int, float, __half, float, __half, 0, __half, __half, __half, 1, 0, 0>(cublasLt::cublasSplitKParams<T6>, const T4 *, const T10 *, T9 *, T5 *, const T6 *, const T6 *, const T11 *, const T4 *, T11 *, void *, long, T6 *, int *, T6 *, T6 *, const T6 *, const T6 *, const T6 *, const T6 *, const T6 *)",41216.0,0.0,3744.0,0.72,3.52
"void epilogue::globalKernel<8, 32, __half, __half, float, 1, 1, 1>(int, int, long, T3 *, cublasLtEpilogue_t, int, T4 *, long, void *, long, long, long, T5 *, long, int *)",7680.0,0.0,3584.0,0.14,1.14
"void at::elementwise_kernel<128, 4, void at::gpu_kernel_impl_nocast<at::BinaryFunctor<c10::Half, c10::Half, c10::Half, binary_internal::MulFunctor<float>>>(at::TensorIteratorBase &, const T1 &)::[lambda(int) (instance 1)]>(int, T3)",27264.0,0.0,5440.0,0.33,0.16
"void at::elementwise_kernel<128, 4, void at::gpu_kernel_impl_nocast<at::neg_kernel_cuda(at::TensorIteratorBase &)::[lambda() (instance 2)]::operator ()() const::[lambda() (instance 8)]::operator ()() const::[lambda(c10::Half) (instance 1)]>(at::TensorIteratorBase &, const T1 &)::[lambda(int) (instance 1)]>(int, T3)",21376.0,0.0,5280.0,0.26,0.07
"void at::<unnamed>::CatArrayBatchedCopy<at::<unnamed>::OpaqueType<2>, unsigned int, 4, 64, 64>(T1 *, at::<unnamed>::CatArrInputTensorMetadata<T1, T2, T4, T5>, at::<unnamed>::TensorSizeStride<T2, 4>, int, T2)",14080.0,0.0,6592.0,0.14,3.75
"void at::elementwise_kernel<128, 4, void at::gpu_kernel_impl_nocast<at::BinaryFunctor<c10::Half, c10::Half, c10::Half, binary_internal::MulFunctor<float>>>(at::TensorIteratorBase &, const T1 &)::[lambda(int) (instance 1)]>(int, T3)",27136.0,0.0,5120.0,0.34,0.17
"void at::vectorized_elementwise_kernel<4, at::CUDAFunctor_add<c10::Half>, std::array<char *, 3>>(int, T2, T3)",20608.0,0.0,3008.0,0.45,0.08
"void at::elementwise_kernel<128, 4, void at::gpu_kernel_impl_nocast<at::BinaryFunctor<c10::Half, c10::Half, c10::Half, binary_internal::MulFunctor<float>>>(at::TensorIteratorBase &, const T1 &)::[lambda(int) (instance 1)]>(int, T3)",21504.0,0.0,5056.0,0.28,0.03
"void at::elementwise_kernel<128, 4, void at::gpu_kernel_impl_nocast<at::neg_kernel_cuda(at::TensorIteratorBase &)::[lambda() (instance 2)]::operator ()() const::[lambda() (instance 8)]::operator ()() const::[lambda(c10::Half) (instance 1)]>(at::TensorIteratorBase &, const T1 &)::[lambda(int) (instance 1)]>(int, T3)",18304.0,0.0,3936.0,0.3,0.02
"void at::<unnamed>::CatArrayBatchedCopy<at::<unnamed>::OpaqueType<2>, unsigned int, 4, 64, 64>(T1 *, at::<unnamed>::CatArrInputTensorMetadata<T1, T2, T4, T5>, at::<unnamed>::TensorSizeStride<T2, 4>, int, T2)",8064.0,0.0,5376.0,0.1,4.13
"void at::elementwise_kernel<128, 4, void at::gpu_kernel_impl_nocast<at::BinaryFunctor<c10::Half, c10::Half, c10::Half, binary_internal::MulFunctor<float>>>(at::TensorIteratorBase &, const T1 &)::[lambda(int) (instance 1)]>(int, T3)",20992.0,0.0,5088.0,0.27,0.03
"void at::vectorized_elementwise_kernel<4, at::CUDAFunctor_add<c10::Half>, std::array<char *, 3>>(int, T2, T3)",8320.0,0.0,3264.0,0.17,0.04
"void at::<unnamed>::CatArrayBatchedCopy_vectorized<at::<unnamed>::OpaqueType<2>, unsigned int, 3, 128, 1, 16, 8>(char *, at::<unnamed>::CatArrInputTensorMetadata<T1, T2, T4, T5>, at::<unnamed>::TensorSizeStride<T2, 4>, int, T2)",2103168.0,0.0,6048.0,22.48,11.17
"void at::<unnamed>::CatArrayBatchedCopy_vectorized<at::<unnamed>::OpaqueType<2>, unsigned int, 3, 128, 1, 16, 8>(char *, at::<unnamed>::CatArrInputTensorMetadata<T1, T2, T4, T5>, at::<unnamed>::TensorSizeStride<T2, 4>, int, T2)",2102272.0,0.0,5952.0,22.91,11.4
"void pytorch_flash::flash_fwd_splitkv_kernel<Flash_fwd_kernel_traits<128, 64, 128, 4, 0, 0, cutlass::half_t, Flash_kernel_traits<128, 64, 128, 4, cutlass::half_t>>, 0, 0, 0, 0, 1, 0, 1, 0>(pytorch_flash::Flash_fwd_params)",4261888.0,0.0,10656.0,25.83,8.7
"void pytorch_flash::flash_fwd_splitkv_combine_kernel<Flash_fwd_kernel_traits<128, 64, 128, 4, 0, 0, cutlass::half_t, Flash_kernel_traits<128, 64, 128, 4, cutlass::half_t>>, 4, 5, 1>(pytorch_flash::Flash_fwd_params)",268416.0,0.0,13312.0,1.3,0.28
ampere_fp16_s16816gemm_fp16_64x64_sliced1x2_ldg8_f2f_stages_64x6_tn,25712000.0,1028224.0,26816.0,64.26,19.78
"void at::vectorized_elementwise_kernel<4, at::CUDAFunctor_add<c10::Half>, std::array<char *, 3>>(int, T2, T3)",20608.0,0.0,3008.0,0.45,0.08
"void at::unrolled_elementwise_kernel<at::direct_copy_kernel_cuda(at::TensorIteratorBase &)::[lambda() (instance 3)]::operator ()() const::[lambda() (instance 7)]::operator ()() const::[lambda(float) (instance 1)], std::array<char *, 2>, 4, TrivialOffsetCalculator<1, unsigned int>, TrivialOffsetCalculator<1, unsigned int>, memory::LoadWithCast<1>, memory::StoreWithCast<1>>(int, T1, T2, T4, T5, T6, T7)",39296.0,0.0,5920.0,0.43,0.16
"void at::vectorized_elementwise_kernel<4, void at::<unnamed>::pow_tensor_scalar_kernel_impl<float, float>(at::TensorIteratorBase &, T2)::[lambda(float) (instance 1)], std::array<char *, 2>>(int, T2, T3)",19072.0,0.0,3040.0,0.41,0.05
"void at::reduce_kernel<512, 1, at::ReduceOp<float, at::MeanOps<float, float, float, float>, unsigned int, float, 4, 4>>(T3)",65408.0,0.0,5664.0,0.75,0.1
"void at::vectorized_elementwise_kernel<4, at::CUDAFunctorOnSelf_add<float>, std::array<char *, 2>>(int, T2, T3)",4864.0,0.0,2720.0,0.12,0.02
"void at::vectorized_elementwise_kernel<4, at::rsqrt_kernel_cuda(at::TensorIteratorBase &)::[lambda() (instance 2)]::operator ()() const::[lambda() (instance 2)]::operator ()() const::[lambda(float) (instance 1)], std::array<char *, 2>>(int, T2, T3)",6400.0,0.0,2912.0,0.14,0.04
"void at::elementwise_kernel<128, 2, void at::gpu_kernel_impl_nocast<at::BinaryFunctor<float, float, float, binary_internal::MulFunctor<float>>>(at::TensorIteratorBase &, const T1 &)::[lambda(int) (instance 1)]>(int, T3)",25344.0,0.0,4064.0,0.41,0.18
"void at::vectorized_elementwise_kernel<4, at::float16_copy_kernel_cuda(at::TensorIteratorBase &)::[lambda(float) (instance 1)], std::array<char *, 2>>(int, T2, T3)",19328.0,0.0,2976.0,0.43,0.05
"void at::vectorized_elementwise_kernel<4, at::BinaryFunctor<c10::Half, c10::Half, c10::Half, binary_internal::MulFunctor<float>>, std::array<char *, 3>>(int, T2, T3)",20608.0,0.0,3072.0,0.44,0.08
ampere_fp16_s16816gemm_fp16_128x64_ldg8_f2f_stages_32x6_tn,135821568.0,2434048.0,109696.0,81.05,25.46
"void cublasLt::splitKreduce_kernel<32, 16, int, __half, __half, float, __half, 0, __half, __half, __half, 1, 0, 0>(cublasLt::cublasSplitKParams<T6>, const T4 *, const T10 *, T9 *, T5 *, const T6 *, const T6 *, const T11 *, const T4 *, T11 *, void *, long, T6 *, int *, T6 *, T6 *, const T6 *, const T6 *, const T6 *, const T6 *, const T6 *)",160000.0,0.0,4576.0,2.27,14.14
"void at::vectorized_elementwise_kernel<4, at::<unnamed>::silu_kernel(at::TensorIteratorBase &)::[lambda() (instance 1)]::operator ()() const::[lambda() (instance 5)]::operator ()() const::[lambda(c10::Half) (instance 1)], std::array<char *, 2>>(int, T2, T3)",51072.0,0.0,3712.0,0.9,0.68
ampere_fp16_s16816gemm_fp16_128x64_ldg8_f2f_stages_32x6_tn,135813888.0,2444160.0,109920.0,80.91,25.42
"void cublasLt::splitKreduce_kernel<32, 16, int, __half, __half, float, __half, 0, __half, __half, __half, 1, 0, 0>(cublasLt::cublasSplitKParams<T6>, const T4 *, const T10 *, T9 *, T5 *, const T6 *, const T6 *, const T11 *, const T4 *, T11 *, void *, long, T6 *, int *, T6 *, T6 *, const T6 *, const T6 *, const T6 *, const T6 *, const T6 *)",160000.0,0.0,4640.0,2.24,13.92
"void at::vectorized_elementwise_kernel<4, at::BinaryFunctor<c10::Half, c10::Half, c10::Half, binary_internal::MulFunctor<float>>, std::array<char *, 3>>(int, T2, T3)",82432.0,0.0,3168.0,1.69,0.25
ampere_fp16_s16816gemm_fp16_64x64_sliced1x2_ldg8_f2f_stages_64x6_tn,135857280.0,2374528.0,110752.0,80.29,25.23
"void cublasLt::splitKreduce_kernel<32, 16, int, __half, __half, float, __half, 0, __half, __half, __half, 1, 0, 0>(cublasLt::cublasSplitKParams<T6>, const T4 *, const T10 *, T9 *, T5 *, const T6 *, const T6 *, const T11 *, const T4 *, T11 *, void *, long, T6 *, int *, T6 *, T6 *, const T6 *, const T6 *, const T6 *, const T6 *, const T6 *)",72960.0,0.0,4032.0,1.17,3.43
"void at::vectorized_elementwise_kernel<4, at::CUDAFunctor_add<c10::Half>, std::array<char *, 3>>(int, T2, T3)",20608.0,0.0,3072.0,0.44,0.08
"void at::unrolled_elementwise_kernel<at::direct_copy_kernel_cuda(at::TensorIteratorBase &)::[lambda() (instance 3)]::operator ()() const::[lambda() (instance 7)]::operator ()() const::[lambda(float) (instance 1)], std::array<char *, 2>, 4, TrivialOffsetCalculator<1, unsigned int>, TrivialOffsetCalculator<1, unsigned int>, memory::LoadWithCast<1>, memory::StoreWithCast<1>>(int, T1, T2, T4, T5, T6, T7)",39296.0,0.0,6080.0,0.42,0.15
"void at::vectorized_elementwise_kernel<4, void at::<unnamed>::pow_tensor_scalar_kernel_impl<float, float>(at::TensorIteratorBase &, T2)::[lambda(float) (instance 1)], std::array<char *, 2>>(int, T2, T3)",19072.0,0.0,2976.0,0.42,0.05
"void at::reduce_kernel<512, 1, at::ReduceOp<float, at::MeanOps<float, float, float, float>, unsigned int, float, 4, 4>>(T3)",65408.0,0.0,5664.0,0.75,0.1
"void at::vectorized_elementwise_kernel<4, at::CUDAFunctorOnSelf_add<float>, std::array<char *, 2>>(int, T2, T3)",4864.0,0.0,2688.0,0.12,0.02
"void at::vectorized_elementwise_kernel<4, at::rsqrt_kernel_cuda(at::TensorIteratorBase &)::[lambda() (instance 2)]::operator ()() const::[lambda() (instance 2)]::operator ()() const::[lambda(float) (instance 1)], std::array<char *, 2>>(int, T2, T3)",6528.0,0.0,2848.0,0.15,0.04
"void at::elementwise_kernel<128, 2, void at::gpu_kernel_impl_nocast<at::BinaryFunctor<float, float, float, binary_internal::MulFunctor<float>>>(at::TensorIteratorBase &, const T1 &)::[lambda(int) (instance 1)]>(int, T3)",25728.0,0.0,4128.0,0.41,0.18
"void at::vectorized_elementwise_kernel<4, at::float16_copy_kernel_cuda(at::TensorIteratorBase &)::[lambda(float) (instance 1)], std::array<char *, 2>>(int, T2, T3)",19328.0,0.0,2784.0,0.45,0.05
"void at::vectorized_elementwise_kernel<4, at::BinaryFunctor<c10::Half, c10::Half, c10::Half, binary_internal::MulFunctor<float>>, std::array<char *, 3>>(int, T2, T3)",20608.0,0.0,2976.0,0.45,0.08
ampere_fp16_s16816gemm_fp16_64x64_sliced1x2_ldg8_relu_f2f_stages_64x6_tn,25720320.0,1156608.0,27264.0,63.51,19.45
"void gemv2T_kernel_val<int, int, __half, float, float, float, 128, 16, 4, 4, 0, 1, cublasGemvParamsEx<int, cublasGemvTensorStridedBatched<const __half>, cublasGemvTensorStridedBatched<const float>, cublasGemvTensorStridedBatched<float>, float>>(T13, T6, T6)",3686144.0,128.0,10848.0,21.93,20.18
"void cublasLt::splitKreduce_kernel<32, 16, int, float, __half, float, __half, 0, __half, __half, __half, 1, 0, 0>(cublasLt::cublasSplitKParams<T6>, const T4 *, const T10 *, T9 *, T5 *, const T6 *, const T6 *, const T11 *, const T4 *, T11 *, void *, long, T6 *, int *, T6 *, T6 *, const T6 *, const T6 *, const T6 *, const T6 *, const T6 *)",40704.0,0.0,3680.0,0.72,3.57
"void epilogue::globalKernel<8, 32, __half, __half, float, 1, 1, 1>(int, int, long, T3 *, cublasLtEpilogue_t, int, T4 *, long, void *, long, long, long, T5 *, long, int *)",7808.0,0.0,3360.0,0.15,1.23
"void gemv2T_kernel_val<int, int, __half, float, float, float, 128, 16, 4, 4, 0, 1, cublasGemvParamsEx<int, cublasGemvTensorStridedBatched<const __half>, cublasGemvTensorStridedBatched<const float>, cublasGemvTensorStridedBatched<float>, float>>(T13, T6, T6)",3686144.0,640.0,10528.0,22.62,20.78
"void cublasLt::splitKreduce_kernel<32, 16, int, float, __half, float, __half, 0, __half, __half, __half, 1, 0, 0>(cublasLt::cublasSplitKParams<T6>, const T4 *, const T10 *, T9 *, T5 *, const T6 *, const T6 *, const T11 *, const T4 *, T11 *, void *, long, T6 *, int *, T6 *, T6 *, const T6 *, const T6 *, const T6 *, const T6 *, const T6 *)",40832.0,0.0,3712.0,0.71,3.54
"void epilogue::globalKernel<8, 32, __half, __half, float, 1, 1, 1>(int, int, long, T3 *, cublasLtEpilogue_t, int, T4 *, long, void *, long, long, long, T5 *, long, int *)",7680.0,0.0,3360.0,0.15,1.23
"void at::elementwise_kernel<128, 4, void at::gpu_kernel_impl_nocast<at::BinaryFunctor<c10::Half, c10::Half, c10::Half, binary_internal::MulFunctor<float>>>(at::TensorIteratorBase &, const T1 &)::[lambda(int) (instance 1)]>(int, T3)",28160.0,0.0,5248.0,0.35,0.17
"void at::elementwise_kernel<128, 4, void at::gpu_kernel_impl_nocast<at::neg_kernel_cuda(at::TensorIteratorBase &)::[lambda() (instance 2)]::operator ()() const::[lambda() (instance 8)]::operator ()() const::[lambda(c10::Half) (instance 1)]>(at::TensorIteratorBase &, const T1 &)::[lambda(int) (instance 1)]>(int, T3)",21376.0,0.0,5088.0,0.27,0.07
"void at::<unnamed>::CatArrayBatchedCopy<at::<unnamed>::OpaqueType<2>, unsigned int, 4, 64, 64>(T1 *, at::<unnamed>::CatArrInputTensorMetadata<T1, T2, T4, T5>, at::<unnamed>::TensorSizeStride<T2, 4>, int, T2)",14080.0,0.0,6592.0,0.14,3.71
"void at::elementwise_kernel<128, 4, void at::gpu_kernel_impl_nocast<at::BinaryFunctor<c10::Half, c10::Half, c10::Half, binary_internal::MulFunctor<float>>>(at::TensorIteratorBase &, const T1 &)::[lambda(int) (instance 1)]>(int, T3)",27776.0,0.0,5184.0,0.35,0.17
"void at::vectorized_elementwise_kernel<4, at::CUDAFunctor_add<c10::Half>, std::array<char *, 3>>(int, T2, T3)",20608.0,0.0,3200.0,0.42,0.07
"void at::elementwise_kernel<128, 4, void at::gpu_kernel_impl_nocast<at::BinaryFunctor<c10::Half, c10::Half, c10::Half, binary_internal::MulFunctor<float>>>(at::TensorIteratorBase &, const T1 &)::[lambda(int) (instance 1)]>(int, T3)",20992.0,0.0,5184.0,0.26,0.02
"void at::elementwise_kernel<128, 4, void at::gpu_kernel_impl_nocast<at::neg_kernel_cuda(at::TensorIteratorBase &)::[lambda() (instance 2)]::operator ()() const::[lambda() (instance 8)]::operator ()() const::[lambda(c10::Half) (instance 1)]>(at::TensorIteratorBase &, const T1 &)::[lambda(int) (instance 1)]>(int, T3)",18304.0,0.0,4032.0,0.29,0.02
"void at::<unnamed>::CatArrayBatchedCopy<at::<unnamed>::OpaqueType<2>, unsigned int, 4, 64, 64>(T1 *, at::<unnamed>::CatArrInputTensorMetadata<T1, T2, T4, T5>, at::<unnamed>::TensorSizeStride<T2, 4>, int, T2)",8064.0,0.0,5600.0,0.09,3.87
"void at::elementwise_kernel<128, 4, void at::gpu_kernel_impl_nocast<at::BinaryFunctor<c10::Half, c10::Half, c10::Half, binary_internal::MulFunctor<float>>>(at::TensorIteratorBase &, const T1 &)::[lambda(int) (instance 1)]>(int, T3)",21120.0,0.0,5376.0,0.25,0.02
"void at::vectorized_elementwise_kernel<4, at::CUDAFunctor_add<c10::Half>, std::array<char *, 3>>(int, T2, T3)",8320.0,0.0,3296.0,0.16,0.04
"void at::<unnamed>::CatArrayBatchedCopy_vectorized<at::<unnamed>::OpaqueType<2>, unsigned int, 3, 128, 1, 16, 8>(char *, at::<unnamed>::CatArrInputTensorMetadata<T1, T2, T4, T5>, at::<unnamed>::TensorSizeStride<T2, 4>, int, T2)",2102272.0,0.0,5984.0,22.75,11.25
"void at::<unnamed>::CatArrayBatchedCopy_vectorized<at::<unnamed>::OpaqueType<2>, unsigned int, 3, 128, 1, 16, 8>(char *, at::<unnamed>::CatArrInputTensorMetadata<T1, T2, T4, T5>, at::<unnamed>::TensorSizeStride<T2, 4>, int, T2)",2102400.0,0.0,6048.0,22.51,11.13
"void pytorch_flash::flash_fwd_splitkv_kernel<Flash_fwd_kernel_traits<128, 64, 128, 4, 0, 0, cutlass::half_t, Flash_kernel_traits<128, 64, 128, 4, cutlass::half_t>>, 0, 0, 0, 0, 1, 0, 1, 0>(pytorch_flash::Flash_fwd_params)",4261888.0,0.0,10304.0,26.65,8.95
"void pytorch_flash::flash_fwd_splitkv_combine_kernel<Flash_fwd_kernel_traits<128, 64, 128, 4, 0, 0, cutlass::half_t, Flash_kernel_traits<128, 64, 128, 4, cutlass::half_t>>, 4, 5, 1>(pytorch_flash::Flash_fwd_params)",268416.0,0.0,13248.0,1.31,0.28
ampere_fp16_s16816gemm_fp16_64x64_sliced1x2_ldg8_f2f_stages_64x6_tn,25714304.0,727936.0,26624.0,63.99,19.88
"void at::vectorized_elementwise_kernel<4, at::CUDAFunctor_add<c10::Half>, std::array<char *, 3>>(int, T2, T3)",20608.0,0.0,2976.0,0.45,0.08
"void at::unrolled_elementwise_kernel<at::direct_copy_kernel_cuda(at::TensorIteratorBase &)::[lambda() (instance 3)]::operator ()() const::[lambda() (instance 7)]::operator ()() const::[lambda(float) (instance 1)], std::array<char *, 2>, 4, TrivialOffsetCalculator<1, unsigned int>, TrivialOffsetCalculator<1, unsigned int>, memory::LoadWithCast<1>, memory::StoreWithCast<1>>(int, T1, T2, T4, T5, T6, T7)",39296.0,0.0,6048.0,0.42,0.15
"void at::vectorized_elementwise_kernel<4, void at::<unnamed>::pow_tensor_scalar_kernel_impl<float, float>(at::TensorIteratorBase &, T2)::[lambda(float) (instance 1)], std::array<char *, 2>>(int, T2, T3)",19072.0,0.0,3008.0,0.41,0.05
"void at::reduce_kernel<512, 1, at::ReduceOp<float, at::MeanOps<float, float, float, float>, unsigned int, float, 4, 4>>(T3)",65536.0,0.0,5728.0,0.74,0.1
"void at::vectorized_elementwise_kernel<4, at::CUDAFunctorOnSelf_add<float>, std::array<char *, 2>>(int, T2, T3)",4864.0,0.0,2848.0,0.11,0.02
"void at::vectorized_elementwise_kernel<4, at::rsqrt_kernel_cuda(at::TensorIteratorBase &)::[lambda() (instance 2)]::operator ()() const::[lambda() (instance 2)]::operator ()() const::[lambda(float) (instance 1)], std::array<char *, 2>>(int, T2, T3)",6272.0,0.0,2848.0,0.14,0.04
"void at::elementwise_kernel<128, 2, void at::gpu_kernel_impl_nocast<at::BinaryFunctor<float, float, float, binary_internal::MulFunctor<float>>>(at::TensorIteratorBase &, const T1 &)::[lambda(int) (instance 1)]>(int, T3)",25472.0,0.0,4128.0,0.4,0.18
"void at::vectorized_elementwise_kernel<4, at::float16_copy_kernel_cuda(at::TensorIteratorBase &)::[lambda(float) (instance 1)], std::array<char *, 2>>(int, T2, T3)",19328.0,0.0,2944.0,0.43,0.05
"void at::vectorized_elementwise_kernel<4, at::BinaryFunctor<c10::Half, c10::Half, c10::Half, binary_internal::MulFunctor<float>>, std::array<char *, 3>>(int, T2, T3)",20608.0,0.0,2976.0,0.45,0.08
ampere_fp16_s16816gemm_fp16_128x64_ldg8_f2f_stages_32x6_tn,135820544.0,2432512.0,110176.0,80.71,25.35
"void cublasLt::splitKreduce_kernel<32, 16, int, __half, __half, float, __half, 0, __half, __half, __half, 1, 0, 0>(cublasLt::cublasSplitKParams<T6>, const T4 *, const T10 *, T9 *, T5 *, const T6 *, const T6 *, const T11 *, const T4 *, T11 *, void *, long, T6 *, int *, T6 *, T6 *, const T6 *, const T6 *, const T6 *, const T6 *, const T6 *)",160000.0,0.0,4704.0,2.2,13.68
"void at::vectorized_elementwise_kernel<4, at::<unnamed>::silu_kernel(at::TensorIteratorBase &)::[lambda() (instance 1)]::operator ()() const::[lambda() (instance 5)]::operator ()() const::[lambda(c10::Half) (instance 1)], std::array<char *, 2>>(int, T2, T3)",51072.0,0.0,3552.0,0.94,0.71
ampere_fp16_s16816gemm_fp16_128x64_ldg8_f2f_stages_32x6_tn,135813888.0,2450944.0,109952.0,80.9,25.41
"void cublasLt::splitKreduce_kernel<32, 16, int, __half, __half, float, __half, 0, __half, __half, __half, 1, 0, 0>(cublasLt::cublasSplitKParams<T6>, const T4 *, const T10 *, T9 *, T5 *, const T6 *, const T6 *, const T11 *, const T4 *, T11 *, void *, long, T6 *, int *, T6 *, T6 *, const T6 *, const T6 *, const T6 *, const T6 *, const T6 *)",160000.0,0.0,4800.0,2.17,13.57
"void at::vectorized_elementwise_kernel<4, at::BinaryFunctor<c10::Half, c10::Half, c10::Half, binary_internal::MulFunctor<float>>, std::array<char *, 3>>(int, T2, T3)",82048.0,0.0,3136.0,1.7,0.25
ampere_fp16_s16816gemm_fp16_64x64_sliced1x2_ldg8_f2f_stages_64x6_tn,135844992.0,2398592.0,110496.0,80.48,25.28
"void cublasLt::splitKreduce_kernel<32, 16, int, __half, __half, float, __half, 0, __half, __half, __half, 1, 0, 0>(cublasLt::cublasSplitKParams<T6>, const T4 *, const T10 *, T9 *, T5 *, const T6 *, const T6 *, const T11 *, const T4 *, T11 *, void *, long, T6 *, int *, T6 *, T6 *, const T6 *, const T6 *, const T6 *, const T6 *, const T6 *)",72960.0,0.0,4128.0,1.14,3.35
"void at::vectorized_elementwise_kernel<4, at::CUDAFunctor_add<c10::Half>, std::array<char *, 3>>(int, T2, T3)",20608.0,0.0,3616.0,0.37,0.06
"void at::unrolled_elementwise_kernel<at::direct_copy_kernel_cuda(at::TensorIteratorBase &)::[lambda() (instance 3)]::operator ()() const::[lambda() (instance 7)]::operator ()() const::[lambda(float) (instance 1)], std::array<char *, 2>, 4, TrivialOffsetCalculator<1, unsigned int>, TrivialOffsetCalculator<1, unsigned int>, memory::LoadWithCast<1>, memory::StoreWithCast<1>>(int, T1, T2, T4, T5, T6, T7)",39296.0,0.0,5984.0,0.43,0.16
"void at::vectorized_elementwise_kernel<4, void at::<unnamed>::pow_tensor_scalar_kernel_impl<float, float>(at::TensorIteratorBase &, T2)::[lambda(float) (instance 1)], std::array<char *, 2>>(int, T2, T3)",19072.0,0.0,2944.0,0.42,0.05
"void at::reduce_kernel<512, 1, at::ReduceOp<float, at::MeanOps<float, float, float, float>, unsigned int, float, 4, 4>>(T3)",65408.0,0.0,5952.0,0.71,0.1
"void at::vectorized_elementwise_kernel<4, at::CUDAFunctorOnSelf_add<float>, std::array<char *, 2>>(int, T2, T3)",4736.0,0.0,2720.0,0.12,0.02
"void at::vectorized_elementwise_kernel<4, at::rsqrt_kernel_cuda(at::TensorIteratorBase &)::[lambda() (instance 2)]::operator ()() const::[lambda() (instance 2)]::operator ()() const::[lambda(float) (instance 1)], std::array<char *, 2>>(int, T2, T3)",6400.0,0.0,2848.0,0.15,0.04
"void at::elementwise_kernel<128, 2, void at::gpu_kernel_impl_nocast<at::BinaryFunctor<float, float, float, binary_internal::MulFunctor<float>>>(at::TensorIteratorBase &, const T1 &)::[lambda(int) (instance 1)]>(int, T3)",25856.0,0.0,4064.0,0.41,0.18
"void at::vectorized_elementwise_kernel<4, at::float16_copy_kernel_cuda(at::TensorIteratorBase &)::[lambda(float) (instance 1)], std::array<char *, 2>>(int, T2, T3)",19456.0,0.0,2912.0,0.43,0.05
"void at::vectorized_elementwise_kernel<4, at::BinaryFunctor<c10::Half, c10::Half, c10::Half, binary_internal::MulFunctor<float>>, std::array<char *, 3>>(int, T2, T3)",20608.0,0.0,3072.0,0.44,0.08
ampere_fp16_s16816gemm_fp16_64x64_sliced1x2_ldg8_relu_f2f_stages_64x6_tn,25721984.0,1094528.0,27840.0,62.12,19.05
"void gemv2T_kernel_val<int, int, __half, float, float, float, 128, 16, 4, 4, 0, 1, cublasGemvParamsEx<int, cublasGemvTensorStridedBatched<const __half>, cublasGemvTensorStridedBatched<const float>, cublasGemvTensorStridedBatched<float>, float>>(T13, T6, T6)",3686144.0,0.0,10656.0,22.28,20.53
"void cublasLt::splitKreduce_kernel<32, 16, int, float, __half, float, __half, 0, __half, __half, __half, 1, 0, 0>(cublasLt::cublasSplitKParams<T6>, const T4 *, const T10 *, T9 *, T5 *, const T6 *, const T6 *, const T11 *, const T4 *, T11 *, void *, long, T6 *, int *, T6 *, T6 *, const T6 *, const T6 *, const T6 *, const T6 *, const T6 *)",40704.0,0.0,3680.0,0.72,3.57
"void epilogue::globalKernel<8, 32, __half, __half, float, 1, 1, 1>(int, int, long, T3 *, cublasLtEpilogue_t, int, T4 *, long, void *, long, long, long, T5 *, long, int *)",7680.0,0.0,3296.0,0.15,1.25
"void gemv2T_kernel_val<int, int, __half, float, float, float, 128, 16, 4, 4, 0, 1, cublasGemvParamsEx<int, cublasGemvTensorStridedBatched<const __half>, cublasGemvTensorStridedBatched<const float>, cublasGemvTensorStridedBatched<float>, float>>(T13, T6, T6)",3687040.0,0.0,10880.0,21.85,20.09
"void cublasLt::splitKreduce_kernel<32, 16, int, float, __half, float, __half, 0, __half, __half, __half, 1, 0, 0>(cublasLt::cublasSplitKParams<T6>, const T4 *, const T10 *, T9 *, T5 *, const T6 *, const T6 *, const T11 *, const T4 *, T11 *, void *, long, T6 *, int *, T6 *, T6 *, const T6 *, const T6 *, const T6 *, const T6 *, const T6 *)",40704.0,0.0,3680.0,0.72,3.58
"void epilogue::globalKernel<8, 32, __half, __half, float, 1, 1, 1>(int, int, long, T3 *, cublasLtEpilogue_t, int, T4 *, long, void *, long, long, long, T5 *, long, int *)",7808.0,0.0,3296.0,0.15,1.26
"void at::elementwise_kernel<128, 4, void at::gpu_kernel_impl_nocast<at::BinaryFunctor<c10::Half, c10::Half, c10::Half, binary_internal::MulFunctor<float>>>(at::TensorIteratorBase &, const T1 &)::[lambda(int) (instance 1)]>(int, T3)",27264.0,0.0,5408.0,0.33,0.17
"void at::elementwise_kernel<128, 4, void at::gpu_kernel_impl_nocast<at::neg_kernel_cuda(at::TensorIteratorBase &)::[lambda() (instance 2)]::operator ()() const::[lambda() (instance 8)]::operator ()() const::[lambda(c10::Half) (instance 1)]>(at::TensorIteratorBase &, const T1 &)::[lambda(int) (instance 1)]>(int, T3)",21888.0,0.0,5216.0,0.27,0.07
"void at::<unnamed>::CatArrayBatchedCopy<at::<unnamed>::OpaqueType<2>, unsigned int, 4, 64, 64>(T1 *, at::<unnamed>::CatArrInputTensorMetadata<T1, T2, T4, T5>, at::<unnamed>::TensorSizeStride<T2, 4>, int, T2)",14208.0,0.0,6592.0,0.14,3.72
"void at::elementwise_kernel<128, 4, void at::gpu_kernel_impl_nocast<at::BinaryFunctor<c10::Half, c10::Half, c10::Half, binary_internal::MulFunctor<float>>>(at::TensorIteratorBase &, const T1 &)::[lambda(int) (instance 1)]>(int, T3)",27136.0,0.0,5120.0,0.34,0.18
"void at::vectorized_elementwise_kernel<4, at::CUDAFunctor_add<c10::Half>, std::array<char *, 3>>(int, T2, T3)",20608.0,0.0,3040.0,0.44,0.08
"void at::elementwise_kernel<128, 4, void at::gpu_kernel_impl_nocast<at::BinaryFunctor<c10::Half, c10::Half, c10::Half, binary_internal::MulFunctor<float>>>(at::TensorIteratorBase &, const T1 &)::[lambda(int) (instance 1)]>(int, T3)",21760.0,0.0,4928.0,0.29,0.03
"void at::elementwise_kernel<128, 4, void at::gpu_kernel_impl_nocast<at::neg_kernel_cuda(at::TensorIteratorBase &)::[lambda() (instance 2)]::operator ()() const::[lambda() (instance 8)]::operator ()() const::[lambda(c10::Half) (instance 1)]>(at::TensorIteratorBase &, const T1 &)::[lambda(int) (instance 1)]>(int, T3)",18304.0,0.0,3936.0,0.3,0.02
"void at::<unnamed>::CatArrayBatchedCopy<at::<unnamed>::OpaqueType<2>, unsigned int, 4, 64, 64>(T1 *, at::<unnamed>::CatArrInputTensorMetadata<T1, T2, T4, T5>, at::<unnamed>::TensorSizeStride<T2, 4>, int, T2)",7936.0,0.0,5344.0,0.1,4.06
"void at::elementwise_kernel<128, 4, void at::gpu_kernel_impl_nocast<at::BinaryFunctor<c10::Half, c10::Half, c10::Half, binary_internal::MulFunctor<float>>>(at::TensorIteratorBase &, const T1 &)::[lambda(int) (instance 1)]>(int, T3)",21120.0,0.0,4928.0,0.28,0.03
"void at::vectorized_elementwise_kernel<4, at::CUDAFunctor_add<c10::Half>, std::array<char *, 3>>(int, T2, T3)",8320.0,0.0,3136.0,0.17,0.04
"void at::<unnamed>::CatArrayBatchedCopy_vectorized<at::<unnamed>::OpaqueType<2>, unsigned int, 3, 128, 1, 16, 8>(char *, at::<unnamed>::CatArrInputTensorMetadata<T1, T2, T4, T5>, at::<unnamed>::TensorSizeStride<T2, 4>, int, T2)",2102912.0,0.0,5920.0,22.96,11.38
"void at::<unnamed>::CatArrayBatchedCopy_vectorized<at::<unnamed>::OpaqueType<2>, unsigned int, 3, 128, 1, 16, 8>(char *, at::<unnamed>::CatArrInputTensorMetadata<T1, T2, T4, T5>, at::<unnamed>::TensorSizeStride<T2, 4>, int, T2)",2102272.0,0.0,5984.0,22.71,11.23
"void pytorch_flash::flash_fwd_splitkv_kernel<Flash_fwd_kernel_traits<128, 64, 128, 4, 0, 0, cutlass::half_t, Flash_kernel_traits<128, 64, 128, 4, cutlass::half_t>>, 0, 0, 0, 0, 1, 0, 1, 0>(pytorch_flash::Flash_fwd_params)",4261888.0,0.0,10560.0,26.01,8.73
"void pytorch_flash::flash_fwd_splitkv_combine_kernel<Flash_fwd_kernel_traits<128, 64, 128, 4, 0, 0, cutlass::half_t, Flash_kernel_traits<128, 64, 128, 4, cutlass::half_t>>, 4, 5, 1>(pytorch_flash::Flash_fwd_params)",268416.0,0.0,13472.0,1.28,0.28
ampere_fp16_s16816gemm_fp16_64x64_sliced1x2_ldg8_f2f_stages_64x6_tn,25712256.0,967168.0,27072.0,63.44,19.58
"void at::vectorized_elementwise_kernel<4, at::CUDAFunctor_add<c10::Half>, std::array<char *, 3>>(int, T2, T3)",20608.0,0.0,3008.0,0.45,0.08
"void at::unrolled_elementwise_kernel<at::direct_copy_kernel_cuda(at::TensorIteratorBase &)::[lambda() (instance 3)]::operator ()() const::[lambda() (instance 7)]::operator ()() const::[lambda(float) (instance 1)], std::array<char *, 2>, 4, TrivialOffsetCalculator<1, unsigned int>, TrivialOffsetCalculator<1, unsigned int>, memory::LoadWithCast<1>, memory::StoreWithCast<1>>(int, T1, T2, T4, T5, T6, T7)",39296.0,0.0,5920.0,0.43,0.16
"void at::vectorized_elementwise_kernel<4, void at::<unnamed>::pow_tensor_scalar_kernel_impl<float, float>(at::TensorIteratorBase &, T2)::[lambda(float) (instance 1)], std::array<char *, 2>>(int, T2, T3)",19584.0,0.0,2944.0,0.43,0.05
"void at::reduce_kernel<512, 1, at::ReduceOp<float, at::MeanOps<float, float, float, float>, unsigned int, float, 4, 4>>(T3)",65536.0,0.0,5856.0,0.73,0.1
"void at::vectorized_elementwise_kernel<4, at::CUDAFunctorOnSelf_add<float>, std::array<char *, 2>>(int, T2, T3)",4864.0,0.0,2720.0,0.12,0.02
"void at::vectorized_elementwise_kernel<4, at::rsqrt_kernel_cuda(at::TensorIteratorBase &)::[lambda() (instance 2)]::operator ()() const::[lambda() (instance 2)]::operator ()() const::[lambda(float) (instance 1)], std::array<char *, 2>>(int, T2, T3)",6400.0,0.0,2880.0,0.14,0.04
"void at::elementwise_kernel<128, 2, void at::gpu_kernel_impl_nocast<at::BinaryFunctor<float, float, float, binary_internal::MulFunctor<float>>>(at::TensorIteratorBase &, const T1 &)::[lambda(int) (instance 1)]>(int, T3)",25600.0,0.0,4032.0,0.41,0.19
"void at::vectorized_elementwise_kernel<4, at::float16_copy_kernel_cuda(at::TensorIteratorBase &)::[lambda(float) (instance 1)], std::array<char *, 2>>(int, T2, T3)",19328.0,0.0,2944.0,0.43,0.05
"void at::vectorized_elementwise_kernel<4, at::BinaryFunctor<c10::Half, c10::Half, c10::Half, binary_internal::MulFunctor<float>>, std::array<char *, 3>>(int, T2, T3)",20608.0,0.0,3008.0,0.44,0.08
ampere_fp16_s16816gemm_fp16_128x64_ldg8_f2f_stages_32x6_tn,135819008.0,2422144.0,108864.0,81.7,25.66
"void cublasLt::splitKreduce_kernel<32, 16, int, __half, __half, float, __half, 0, __half, __half, __half, 1, 0, 0>(cublasLt::cublasSplitKParams<T6>, const T4 *, const T10 *, T9 *, T5 *, const T6 *, const T6 *, const T11 *, const T4 *, T11 *, void *, long, T6 *, int *, T6 *, T6 *, const T6 *, const T6 *, const T6 *, const T6 *, const T6 *)",160000.0,0.0,4608.0,2.26,14.09
"void at::vectorized_elementwise_kernel<4, at::<unnamed>::silu_kernel(at::TensorIteratorBase &)::[lambda() (instance 1)]::operator ()() const::[lambda() (instance 5)]::operator ()() const::[lambda(c10::Half) (instance 1)], std::array<char *, 2>>(int, T2, T3)",51200.0,0.0,3584.0,0.93,0.71
ampere_fp16_s16816gemm_fp16_128x64_ldg8_f2f_stages_32x6_tn,135813376.0,2444160.0,110720.0,80.31,25.23
"void cublasLt::splitKreduce_kernel<32, 16, int, __half, __half, float, __half, 0, __half, __half, __half, 1, 0, 0>(cublasLt::cublasSplitKParams<T6>, const T4 *, const T10 *, T9 *, T5 *, const T6 *, const T6 *, const T11 *, const T4 *, T11 *, void *, long, T6 *, int *, T6 *, T6 *, const T6 *, const T6 *, const T6 *, const T6 *, const T6 *)",160000.0,0.0,4640.0,2.24,13.95
"void at::vectorized_elementwise_kernel<4, at::BinaryFunctor<c10::Half, c10::Half, c10::Half, binary_internal::MulFunctor<float>>, std::array<char *, 3>>(int, T2, T3)",82048.0,0.0,3136.0,1.72,0.25
ampere_fp16_s16816gemm_fp16_64x64_sliced1x2_ldg8_f2f_stages_64x6_tn,135851392.0,2385408.0,109728.0,81.04,25.46
"void cublasLt::splitKreduce_kernel<32, 16, int, __half, __half, float, __half, 0, __half, __half, __half, 1, 0, 0>(cublasLt::cublasSplitKParams<T6>, const T4 *, const T10 *, T9 *, T5 *, const T6 *, const T6 *, const T11 *, const T4 *, T11 *, void *, long, T6 *, int *, T6 *, T6 *, const T6 *, const T6 *, const T6 *, const T6 *, const T6 *)",72960.0,0.0,3936.0,1.2,3.53
"void at::vectorized_elementwise_kernel<4, at::CUDAFunctor_add<c10::Half>, std::array<char *, 3>>(int, T2, T3)",20608.0,0.0,2976.0,0.45,0.08
"void at::unrolled_elementwise_kernel<at::direct_copy_kernel_cuda(at::TensorIteratorBase &)::[lambda() (instance 3)]::operator ()() const::[lambda() (instance 7)]::operator ()() const::[lambda(float) (instance 1)], std::array<char *, 2>, 4, TrivialOffsetCalculator<1, unsigned int>, TrivialOffsetCalculator<1, unsigned int>, memory::LoadWithCast<1>, memory::StoreWithCast<1>>(int, T1, T2, T4, T5, T6, T7)",39296.0,0.0,5952.0,0.43,0.16
"void at::vectorized_elementwise_kernel<4, void at::<unnamed>::pow_tensor_scalar_kernel_impl<float, float>(at::TensorIteratorBase &, T2)::[lambda(float) (instance 1)], std::array<char *, 2>>(int, T2, T3)",19072.0,0.0,2976.0,0.42,0.05
"void at::reduce_kernel<512, 1, at::ReduceOp<float, at::MeanOps<float, float, float, float>, unsigned int, float, 4, 4>>(T3)",65408.0,0.0,5888.0,0.72,0.1
"void at::vectorized_elementwise_kernel<4, at::CUDAFunctorOnSelf_add<float>, std::array<char *, 2>>(int, T2, T3)",4736.0,0.0,2688.0,0.11,0.02
"void at::vectorized_elementwise_kernel<4, at::rsqrt_kernel_cuda(at::TensorIteratorBase &)::[lambda() (instance 2)]::operator ()() const::[lambda() (instance 2)]::operator ()() const::[lambda(float) (instance 1)], std::array<char *, 2>>(int, T2, T3)",6400.0,0.0,2848.0,0.15,0.04
"void at::elementwise_kernel<128, 2, void at::gpu_kernel_impl_nocast<at::BinaryFunctor<float, float, float, binary_internal::MulFunctor<float>>>(at::TensorIteratorBase &, const T1 &)::[lambda(int) (instance 1)]>(int, T3)",25472.0,0.0,4128.0,0.4,0.18
"void at::vectorized_elementwise_kernel<4, at::float16_copy_kernel_cuda(at::TensorIteratorBase &)::[lambda(float) (instance 1)], std::array<char *, 2>>(int, T2, T3)",19328.0,0.0,2784.0,0.45,0.05
"void at::vectorized_elementwise_kernel<4, at::BinaryFunctor<c10::Half, c10::Half, c10::Half, binary_internal::MulFunctor<float>>, std::array<char *, 3>>(int, T2, T3)",20608.0,0.0,3040.0,0.44,0.08
ampere_fp16_s16816gemm_fp16_64x64_sliced1x2_ldg8_relu_f2f_stages_64x6_tn,25720192.0,1156736.0,27616.0,62.71,19.19
"void gemv2T_kernel_val<int, int, __half, float, float, float, 128, 16, 4, 4, 0, 1, cublasGemvParamsEx<int, cublasGemvTensorStridedBatched<const __half>, cublasGemvTensorStridedBatched<const float>, cublasGemvTensorStridedBatched<float>, float>>(T13, T6, T6)",3686144.0,1280.0,10688.0,22.28,20.51
"void cublasLt::splitKreduce_kernel<32, 16, int, float, __half, float, __half, 0, __half, __half, __half, 1, 0, 0>(cublasLt::cublasSplitKParams<T6>, const T4 *, const T10 *, T9 *, T5 *, const T6 *, const T6 *, const T11 *, const T4 *, T11 *, void *, long, T6 *, int *, T6 *, T6 *, const T6 *, const T6 *, const T6 *, const T6 *, const T6 *)",40704.0,0.0,3808.0,0.69,3.45
"void epilogue::globalKernel<8, 32, __half, __half, float, 1, 1, 1>(int, int, long, T3 *, cublasLtEpilogue_t, int, T4 *, long, void *, long, long, long, T5 *, long, int *)",7808.0,0.0,3296.0,0.15,1.25
"void gemv2T_kernel_val<int, int, __half, float, float, float, 128, 16, 4, 4, 0, 1, cublasGemvParamsEx<int, cublasGemvTensorStridedBatched<const __half>, cublasGemvTensorStridedBatched<const float>, cublasGemvTensorStridedBatched<float>, float>>(T13, T6, T6)",3686144.0,128.0,10528.0,22.57,20.8
"void cublasLt::splitKreduce_kernel<32, 16, int, float, __half, float, __half, 0, __half, __half, __half, 1, 0, 0>(cublasLt::cublasSplitKParams<T6>, const T4 *, const T10 *, T9 *, T5 *, const T6 *, const T6 *, const T11 *, const T4 *, T11 *, void *, long, T6 *, int *, T6 *, T6 *, const T6 *, const T6 *, const T6 *, const T6 *, const T6 *)",40704.0,0.0,3744.0,0.71,3.51
"void epilogue::globalKernel<8, 32, __half, __half, float, 1, 1, 1>(int, int, long, T3 *, cublasLtEpilogue_t, int, T4 *, long, void *, long, long, long, T5 *, long, int *)",7808.0,0.0,3232.0,0.16,1.27
"void at::elementwise_kernel<128, 4, void at::gpu_kernel_impl_nocast<at::BinaryFunctor<c10::Half, c10::Half, c10::Half, binary_internal::MulFunctor<float>>>(at::TensorIteratorBase &, const T1 &)::[lambda(int) (instance 1)]>(int, T3)",28160.0,0.0,5344.0,0.34,0.17
"void at::elementwise_kernel<128, 4, void at::gpu_kernel_impl_nocast<at::neg_kernel_cuda(at::TensorIteratorBase &)::[lambda() (instance 2)]::operator ()() const::[lambda() (instance 8)]::operator ()() const::[lambda(c10::Half) (instance 1)]>(at::TensorIteratorBase &, const T1 &)::[lambda(int) (instance 1)]>(int, T3)",21376.0,0.0,5184.0,0.27,0.07
"void at::<unnamed>::CatArrayBatchedCopy<at::<unnamed>::OpaqueType<2>, unsigned int, 4, 64, 64>(T1 *, at::<unnamed>::CatArrInputTensorMetadata<T1, T2, T4, T5>, at::<unnamed>::TensorSizeStride<T2, 4>, int, T2)",14208.0,0.0,6624.0,0.14,3.72
"void at::elementwise_kernel<128, 4, void at::gpu_kernel_impl_nocast<at::BinaryFunctor<c10::Half, c10::Half, c10::Half, binary_internal::MulFunctor<float>>>(at::TensorIteratorBase &, const T1 &)::[lambda(int) (instance 1)]>(int, T3)",27264.0,0.0,5120.0,0.34,0.18
"void at::vectorized_elementwise_kernel<4, at::CUDAFunctor_add<c10::Half>, std::array<char *, 3>>(int, T2, T3)",20608.0,0.0,3008.0,0.45,0.08
"void at::elementwise_kernel<128, 4, void at::gpu_kernel_impl_nocast<at::BinaryFunctor<c10::Half, c10::Half, c10::Half, binary_internal::MulFunctor<float>>>(at::TensorIteratorBase &, const T1 &)::[lambda(int) (instance 1)]>(int, T3)",20992.0,0.0,5024.0,0.27,0.03
"void at::elementwise_kernel<128, 4, void at::gpu_kernel_impl_nocast<at::neg_kernel_cuda(at::TensorIteratorBase &)::[lambda() (instance 2)]::operator ()() const::[lambda() (instance 8)]::operator ()() const::[lambda(c10::Half) (instance 1)]>(at::TensorIteratorBase &, const T1 &)::[lambda(int) (instance 1)]>(int, T3)",18432.0,0.0,4032.0,0.3,0.02
"void at::<unnamed>::CatArrayBatchedCopy<at::<unnamed>::OpaqueType<2>, unsigned int, 4, 64, 64>(T1 *, at::<unnamed>::CatArrInputTensorMetadata<T1, T2, T4, T5>, at::<unnamed>::TensorSizeStride<T2, 4>, int, T2)",7936.0,0.0,5600.0,0.09,3.88
"void at::elementwise_kernel<128, 4, void at::gpu_kernel_impl_nocast<at::BinaryFunctor<c10::Half, c10::Half, c10::Half, binary_internal::MulFunctor<float>>>(at::TensorIteratorBase &, const T1 &)::[lambda(int) (instance 1)]>(int, T3)",20992.0,0.0,5696.0,0.24,0.02
"void at::vectorized_elementwise_kernel<4, at::CUDAFunctor_add<c10::Half>, std::array<char *, 3>>(int, T2, T3)",8320.0,0.0,3264.0,0.17,0.04
"void at::<unnamed>::CatArrayBatchedCopy_vectorized<at::<unnamed>::OpaqueType<2>, unsigned int, 3, 128, 1, 16, 8>(char *, at::<unnamed>::CatArrInputTensorMetadata<T1, T2, T4, T5>, at::<unnamed>::TensorSizeStride<T2, 4>, int, T2)",2102144.0,0.0,5984.0,22.71,11.24
"void at::<unnamed>::CatArrayBatchedCopy_vectorized<at::<unnamed>::OpaqueType<2>, unsigned int, 3, 128, 1, 16, 8>(char *, at::<unnamed>::CatArrInputTensorMetadata<T1, T2, T4, T5>, at::<unnamed>::TensorSizeStride<T2, 4>, int, T2)",2102528.0,0.0,6080.0,22.43,11.12
"void pytorch_flash::flash_fwd_splitkv_kernel<Flash_fwd_kernel_traits<128, 64, 128, 4, 0, 0, cutlass::half_t, Flash_kernel_traits<128, 64, 128, 4, cutlass::half_t>>, 0, 0, 0, 0, 1, 0, 1, 0>(pytorch_flash::Flash_fwd_params)",4261888.0,0.0,10528.0,26.12,8.77
"void pytorch_flash::flash_fwd_splitkv_combine_kernel<Flash_fwd_kernel_traits<128, 64, 128, 4, 0, 0, cutlass::half_t, Flash_kernel_traits<128, 64, 128, 4, cutlass::half_t>>, 4, 5, 1>(pytorch_flash::Flash_fwd_params)",268416.0,0.0,13280.0,1.31,0.28
ampere_fp16_s16816gemm_fp16_64x64_sliced1x2_ldg8_f2f_stages_64x6_tn,25711872.0,1027072.0,26336.0,65.41,20.14
"void at::vectorized_elementwise_kernel<4, at::CUDAFunctor_add<c10::Half>, std::array<char *, 3>>(int, T2, T3)",20608.0,0.0,2976.0,0.45,0.08
"void at::unrolled_elementwise_kernel<at::direct_copy_kernel_cuda(at::TensorIteratorBase &)::[lambda() (instance 3)]::operator ()() const::[lambda() (instance 7)]::operator ()() const::[lambda(float) (instance 1)], std::array<char *, 2>, 4, TrivialOffsetCalculator<1, unsigned int>, TrivialOffsetCalculator<1, unsigned int>, memory::LoadWithCast<1>, memory::StoreWithCast<1>>(int, T1, T2, T4, T5, T6, T7)",39296.0,0.0,6016.0,0.43,0.16
"void at::vectorized_elementwise_kernel<4, void at::<unnamed>::pow_tensor_scalar_kernel_impl<float, float>(at::TensorIteratorBase &, T2)::[lambda(float) (instance 1)], std::array<char *, 2>>(int, T2, T3)",19072.0,0.0,2912.0,0.43,0.05
"void at::reduce_kernel<512, 1, at::ReduceOp<float, at::MeanOps<float, float, float, float>, unsigned int, float, 4, 4>>(T3)",65408.0,0.0,5536.0,0.77,0.1
"void at::vectorized_elementwise_kernel<4, at::CUDAFunctorOnSelf_add<float>, std::array<char *, 2>>(int, T2, T3)",4736.0,0.0,2720.0,0.11,0.02
"void at::vectorized_elementwise_kernel<4, at::rsqrt_kernel_cuda(at::TensorIteratorBase &)::[lambda() (instance 2)]::operator ()() const::[lambda() (instance 2)]::operator ()() const::[lambda(float) (instance 1)], std::array<char *, 2>>(int, T2, T3)",6272.0,0.0,2880.0,0.14,0.04
"void at::elementwise_kernel<128, 2, void at::gpu_kernel_impl_nocast<at::BinaryFunctor<float, float, float, binary_internal::MulFunctor<float>>>(at::TensorIteratorBase &, const T1 &)::[lambda(int) (instance 1)]>(int, T3)",25600.0,0.0,4032.0,0.41,0.19
"void at::vectorized_elementwise_kernel<4, at::float16_copy_kernel_cuda(at::TensorIteratorBase &)::[lambda(float) (instance 1)], std::array<char *, 2>>(int, T2, T3)",19328.0,0.0,2944.0,0.43,0.05
"void at::vectorized_elementwise_kernel<4, at::BinaryFunctor<c10::Half, c10::Half, c10::Half, binary_internal::MulFunctor<float>>, std::array<char *, 3>>(int, T2, T3)",21120.0,0.0,3008.0,0.46,0.08
ampere_fp16_s16816gemm_fp16_128x64_ldg8_f2f_stages_32x6_tn,135821312.0,2417664.0,110368.0,80.57,25.31
"void cublasLt::splitKreduce_kernel<32, 16, int, __half, __half, float, __half, 0, __half, __half, __half, 1, 0, 0>(cublasLt::cublasSplitKParams<T6>, const T4 *, const T10 *, T9 *, T5 *, const T6 *, const T6 *, const T11 *, const T4 *, T11 *, void *, long, T6 *, int *, T6 *, T6 *, const T6 *, const T6 *, const T6 *, const T6 *, const T6 *)",160000.0,0.0,4608.0,2.26,14.05
"void at::vectorized_elementwise_kernel<4, at::<unnamed>::silu_kernel(at::TensorIteratorBase &)::[lambda() (instance 1)]::operator ()() const::[lambda() (instance 5)]::operator ()() const::[lambda(c10::Half) (instance 1)], std::array<char *, 2>>(int, T2, T3)",51072.0,0.0,3712.0,0.9,0.68
ampere_fp16_s16816gemm_fp16_128x64_ldg8_f2f_stages_32x6_tn,135814016.0,2445056.0,110496.0,80.48,25.28
"void cublasLt::splitKreduce_kernel<32, 16, int, __half, __half, float, __half, 0, __half, __half, __half, 1, 0, 0>(cublasLt::cublasSplitKParams<T6>, const T4 *, const T10 *, T9 *, T5 *, const T6 *, const T6 *, const T11 *, const T4 *, T11 *, void *, long, T6 *, int *, T6 *, T6 *, const T6 *, const T6 *, const T6 *, const T6 *, const T6 *)",160000.0,0.0,4576.0,2.27,14.13
"void at::vectorized_elementwise_kernel<4, at::BinaryFunctor<c10::Half, c10::Half, c10::Half, binary_internal::MulFunctor<float>>, std::array<char *, 3>>(int, T2, T3)",82048.0,0.0,3104.0,1.72,0.25
ampere_fp16_s16816gemm_fp16_64x64_sliced1x2_ldg8_f2f_stages_64x6_tn,135845632.0,2391808.0,111328.0,79.87,25.09
"void cublasLt::splitKreduce_kernel<32, 16, int, __half, __half, float, __half, 0, __half, __half, __half, 1, 0, 0>(cublasLt::cublasSplitKParams<T6>, const T4 *, const T10 *, T9 *, T5 *, const T6 *, const T6 *, const T11 *, const T4 *, T11 *, void *, long, T6 *, int *, T6 *, T6 *, const T6 *, const T6 *, const T6 *, const T6 *, const T6 *)",72960.0,0.0,4032.0,1.17,3.44
"void at::vectorized_elementwise_kernel<4, at::CUDAFunctor_add<c10::Half>, std::array<char *, 3>>(int, T2, T3)",20608.0,0.0,2976.0,0.45,0.08
"void at::unrolled_elementwise_kernel<at::direct_copy_kernel_cuda(at::TensorIteratorBase &)::[lambda() (instance 3)]::operator ()() const::[lambda() (instance 7)]::operator ()() const::[lambda(float) (instance 1)], std::array<char *, 2>, 4, TrivialOffsetCalculator<1, unsigned int>, TrivialOffsetCalculator<1, unsigned int>, memory::LoadWithCast<1>, memory::StoreWithCast<1>>(int, T1, T2, T4, T5, T6, T7)",39296.0,0.0,6048.0,0.42,0.15
"void at::vectorized_elementwise_kernel<4, void at::<unnamed>::pow_tensor_scalar_kernel_impl<float, float>(at::TensorIteratorBase &, T2)::[lambda(float) (instance 1)], std::array<char *, 2>>(int, T2, T3)",19072.0,0.0,2944.0,0.42,0.05
"void at::reduce_kernel<512, 1, at::ReduceOp<float, at::MeanOps<float, float, float, float>, unsigned int, float, 4, 4>>(T3)",66048.0,0.0,5952.0,0.72,0.1
"void at::vectorized_elementwise_kernel<4, at::CUDAFunctorOnSelf_add<float>, std::array<char *, 2>>(int, T2, T3)",4864.0,0.0,2752.0,0.12,0.02
"void at::vectorized_elementwise_kernel<4, at::rsqrt_kernel_cuda(at::TensorIteratorBase &)::[lambda() (instance 2)]::operator ()() const::[lambda() (instance 2)]::operator ()() const::[lambda(float) (instance 1)], std::array<char *, 2>>(int, T2, T3)",6656.0,0.0,2848.0,0.15,0.04
"void at::elementwise_kernel<128, 2, void at::gpu_kernel_impl_nocast<at::BinaryFunctor<float, float, float, binary_internal::MulFunctor<float>>>(at::TensorIteratorBase &, const T1 &)::[lambda(int) (instance 1)]>(int, T3)",25472.0,0.0,4256.0,0.39,0.17
"void at::vectorized_elementwise_kernel<4, at::float16_copy_kernel_cuda(at::TensorIteratorBase &)::[lambda(float) (instance 1)], std::array<char *, 2>>(int, T2, T3)",19328.0,0.0,2912.0,0.43,0.05
"void at::vectorized_elementwise_kernel<4, at::BinaryFunctor<c10::Half, c10::Half, c10::Half, binary_internal::MulFunctor<float>>, std::array<char *, 3>>(int, T2, T3)",20608.0,0.0,2912.0,0.46,0.08
ampere_fp16_s16816gemm_fp16_64x64_sliced1x2_ldg8_relu_f2f_stages_64x6_tn,25721728.0,769408.0,27840.0,61.27,19.02
"void gemv2T_kernel_val<int, int, __half, float, float, float, 128, 16, 4, 4, 0, 1, cublasGemvParamsEx<int, cublasGemvTensorStridedBatched<const __half>, cublasGemvTensorStridedBatched<const float>, cublasGemvTensorStridedBatched<float>, float>>(T13, T6, T6)",3686144.0,128.0,10816.0,21.95,20.19
"void cublasLt::splitKreduce_kernel<32, 16, int, float, __half, float, __half, 0, __half, __half, __half, 1, 0, 0>(cublasLt::cublasSplitKParams<T6>, const T4 *, const T10 *, T9 *, T5 *, const T6 *, const T6 *, const T11 *, const T4 *, T11 *, void *, long, T6 *, int *, T6 *, T6 *, const T6 *, const T6 *, const T6 *, const T6 *, const T6 *)",40704.0,0.0,3680.0,0.72,3.6
"void epilogue::globalKernel<8, 32, __half, __half, float, 1, 1, 1>(int, int, long, T3 *, cublasLtEpilogue_t, int, T4 *, long, void *, long, long, long, T5 *, long, int *)",7808.0,0.0,3296.0,0.15,1.26
"void gemv2T_kernel_val<int, int, __half, float, float, float, 128, 16, 4, 4, 0, 1, cublasGemvParamsEx<int, cublasGemvTensorStridedBatched<const __half>, cublasGemvTensorStridedBatched<const float>, cublasGemvTensorStridedBatched<float>, float>>(T13, T6, T6)",3686144.0,128.0,10816.0,22.04,20.25
"void cublasLt::splitKreduce_kernel<32, 16, int, float, __half, float, __half, 0, __half, __half, __half, 1, 0, 0>(cublasLt::cublasSplitKParams<T6>, const T4 *, const T10 *, T9 *, T5 *, const T6 *, const T6 *, const T11 *, const T4 *, T11 *, void *, long, T6 *, int *, T6 *, T6 *, const T6 *, const T6 *, const T6 *, const T6 *, const T6 *)",40704.0,0.0,3744.0,0.7,3.49
"void epilogue::globalKernel<8, 32, __half, __half, float, 1, 1, 1>(int, int, long, T3 *, cublasLtEpilogue_t, int, T4 *, long, void *, long, long, long, T5 *, long, int *)",8448.0,0.0,3296.0,0.17,1.25
"void at::elementwise_kernel<128, 4, void at::gpu_kernel_impl_nocast<at::BinaryFunctor<c10::Half, c10::Half, c10::Half, binary_internal::MulFunctor<float>>>(at::TensorIteratorBase &, const T1 &)::[lambda(int) (instance 1)]>(int, T3)",28032.0,0.0,5504.0,0.33,0.16
"void at::elementwise_kernel<128, 4, void at::gpu_kernel_impl_nocast<at::neg_kernel_cuda(at::TensorIteratorBase &)::[lambda() (instance 2)]::operator ()() const::[lambda() (instance 8)]::operator ()() const::[lambda(c10::Half) (instance 1)]>(at::TensorIteratorBase &, const T1 &)::[lambda(int) (instance 1)]>(int, T3)",22144.0,0.0,5184.0,0.28,0.07
"void at::<unnamed>::CatArrayBatchedCopy<at::<unnamed>::OpaqueType<2>, unsigned int, 4, 64, 64>(T1 *, at::<unnamed>::CatArrInputTensorMetadata<T1, T2, T4, T5>, at::<unnamed>::TensorSizeStride<T2, 4>, int, T2)",14208.0,0.0,6624.0,0.14,3.68
"void at::elementwise_kernel<128, 4, void at::gpu_kernel_impl_nocast<at::BinaryFunctor<c10::Half, c10::Half, c10::Half, binary_internal::MulFunctor<float>>>(at::TensorIteratorBase &, const T1 &)::[lambda(int) (instance 1)]>(int, T3)",27136.0,0.0,5184.0,0.34,0.17
"void at::vectorized_elementwise_kernel<4, at::CUDAFunctor_add<c10::Half>, std::array<char *, 3>>(int, T2, T3)",20608.0,0.0,2880.0,0.46,0.08
"void at::elementwise_kernel<128, 4, void at::gpu_kernel_impl_nocast<at::BinaryFunctor<c10::Half, c10::Half, c10::Half, binary_internal::MulFunctor<float>>>(at::TensorIteratorBase &, const T1 &)::[lambda(int) (instance 1)]>(int, T3)",20992.0,0.0,4960.0,0.27,0.03
"void at::elementwise_kernel<128, 4, void at::gpu_kernel_impl_nocast<at::neg_kernel_cuda(at::TensorIteratorBase &)::[lambda() (instance 2)]::operator ()() const::[lambda() (instance 8)]::operator ()() const::[lambda(c10::Half) (instance 1)]>(at::TensorIteratorBase &, const T1 &)::[lambda(int) (instance 1)]>(int, T3)",18816.0,0.0,3968.0,0.31,0.02
"void at::<unnamed>::CatArrayBatchedCopy<at::<unnamed>::OpaqueType<2>, unsigned int, 4, 64, 64>(T1 *, at::<unnamed>::CatArrInputTensorMetadata<T1, T2, T4, T5>, at::<unnamed>::TensorSizeStride<T2, 4>, int, T2)",7936.0,0.0,5248.0,0.1,4.12
"void at::elementwise_kernel<128, 4, void at::gpu_kernel_impl_nocast<at::BinaryFunctor<c10::Half, c10::Half, c10::Half, binary_internal::MulFunctor<float>>>(at::TensorIteratorBase &, const T1 &)::[lambda(int) (instance 1)]>(int, T3)",21760.0,0.0,5056.0,0.28,0.03
"void at::vectorized_elementwise_kernel<4, at::CUDAFunctor_add<c10::Half>, std::array<char *, 3>>(int, T2, T3)",8320.0,0.0,2976.0,0.18,0.04
"void at::<unnamed>::CatArrayBatchedCopy_vectorized<at::<unnamed>::OpaqueType<2>, unsigned int, 3, 128, 1, 16, 8>(char *, at::<unnamed>::CatArrInputTensorMetadata<T1, T2, T4, T5>, at::<unnamed>::TensorSizeStride<T2, 4>, int, T2)",2102144.0,0.0,6112.0,22.28,11.03
"void at::<unnamed>::CatArrayBatchedCopy_vectorized<at::<unnamed>::OpaqueType<2>, unsigned int, 3, 128, 1, 16, 8>(char *, at::<unnamed>::CatArrInputTensorMetadata<T1, T2, T4, T5>, at::<unnamed>::TensorSizeStride<T2, 4>, int, T2)",2102400.0,0.0,5952.0,22.91,11.37
"void pytorch_flash::flash_fwd_splitkv_kernel<Flash_fwd_kernel_traits<128, 64, 128, 4, 0, 0, cutlass::half_t, Flash_kernel_traits<128, 64, 128, 4, cutlass::half_t>>, 0, 0, 0, 0, 1, 0, 1, 0>(pytorch_flash::Flash_fwd_params)",4261888.0,0.0,10720.0,25.68,8.64
"void pytorch_flash::flash_fwd_splitkv_combine_kernel<Flash_fwd_kernel_traits<128, 64, 128, 4, 0, 0, cutlass::half_t, Flash_kernel_traits<128, 64, 128, 4, cutlass::half_t>>, 4, 5, 1>(pytorch_flash::Flash_fwd_params)",268416.0,0.0,13248.0,1.31,0.28
ampere_fp16_s16816gemm_fp16_64x64_sliced1x2_ldg8_f2f_stages_64x6_tn,25712000.0,899712.0,25984.0,65.97,20.38
"void at::vectorized_elementwise_kernel<4, at::CUDAFunctor_add<c10::Half>, std::array<char *, 3>>(int, T2, T3)",20608.0,0.0,2976.0,0.45,0.08
"void at::unrolled_elementwise_kernel<at::direct_copy_kernel_cuda(at::TensorIteratorBase &)::[lambda() (instance 3)]::operator ()() const::[lambda() (instance 7)]::operator ()() const::[lambda(float) (instance 1)], std::array<char *, 2>, 4, TrivialOffsetCalculator<1, unsigned int>, TrivialOffsetCalculator<1, unsigned int>, memory::LoadWithCast<1>, memory::StoreWithCast<1>>(int, T1, T2, T4, T5, T6, T7)",39296.0,0.0,5952.0,0.43,0.16
"void at::vectorized_elementwise_kernel<4, void at::<unnamed>::pow_tensor_scalar_kernel_impl<float, float>(at::TensorIteratorBase &, T2)::[lambda(float) (instance 1)], std::array<char *, 2>>(int, T2, T3)",19072.0,0.0,3200.0,0.39,0.04
"void at::reduce_kernel<512, 1, at::ReduceOp<float, at::MeanOps<float, float, float, float>, unsigned int, float, 4, 4>>(T3)",65408.0,0.0,5856.0,0.73,0.1
"void at::vectorized_elementwise_kernel<4, at::CUDAFunctorOnSelf_add<float>, std::array<char *, 2>>(int, T2, T3)",4736.0,0.0,2688.0,0.11,0.02
"void at::vectorized_elementwise_kernel<4, at::rsqrt_kernel_cuda(at::TensorIteratorBase &)::[lambda() (instance 2)]::operator ()() const::[lambda() (instance 2)]::operator ()() const::[lambda(float) (instance 1)], std::array<char *, 2>>(int, T2, T3)",6400.0,0.0,2880.0,0.15,0.04
"void at::elementwise_kernel<128, 2, void at::gpu_kernel_impl_nocast<at::BinaryFunctor<float, float, float, binary_internal::MulFunctor<float>>>(at::TensorIteratorBase &, const T1 &)::[lambda(int) (instance 1)]>(int, T3)",25472.0,0.0,4096.0,0.4,0.18
"void at::vectorized_elementwise_kernel<4, at::float16_copy_kernel_cuda(at::TensorIteratorBase &)::[lambda(float) (instance 1)], std::array<char *, 2>>(int, T2, T3)",19328.0,0.0,2912.0,0.43,0.05
"void at::vectorized_elementwise_kernel<4, at::BinaryFunctor<c10::Half, c10::Half, c10::Half, binary_internal::MulFunctor<float>>, std::array<char *, 3>>(int, T2, T3)",20608.0,0.0,3296.0,0.41,0.07
ampere_fp16_s16816gemm_fp16_128x64_ldg8_f2f_stages_32x6_tn,135813376.0,2443392.0,109696.0,81.06,25.47
"void cublasLt::splitKreduce_kernel<32, 16, int, __half, __half, float, __half, 0, __half, __half, __half, 1, 0, 0>(cublasLt::cublasSplitKParams<T6>, const T4 *, const T10 *, T9 *, T5 *, const T6 *, const T6 *, const T11 *, const T4 *, T11 *, void *, long, T6 *, int *, T6 *, T6 *, const T6 *, const T6 *, const T6 *, const T6 *, const T6 *)",160000.0,0.0,4608.0,2.24,13.9
"void at::vectorized_elementwise_kernel<4, at::<unnamed>::silu_kernel(at::TensorIteratorBase &)::[lambda() (instance 1)]::operator ()() const::[lambda() (instance 5)]::operator ()() const::[lambda(c10::Half) (instance 1)], std::array<char *, 2>>(int, T2, T3)",51072.0,0.0,3680.0,0.9,0.69
ampere_fp16_s16816gemm_fp16_128x64_ldg8_f2f_stages_32x6_tn,135813632.0,2445824.0,108736.0,81.81,25.7
"void cublasLt::splitKreduce_kernel<32, 16, int, __half, __half, float, __half, 0, __half, __half, __half, 1, 0, 0>(cublasLt::cublasSplitKParams<T6>, const T4 *, const T10 *, T9 *, T5 *, const T6 *, const T6 *, const T11 *, const T4 *, T11 *, void *, long, T6 *, int *, T6 *, T6 *, const T6 *, const T6 *, const T6 *, const T6 *, const T6 *)",160000.0,0.0,4672.0,2.2,13.8
"void at::vectorized_elementwise_kernel<4, at::BinaryFunctor<c10::Half, c10::Half, c10::Half, binary_internal::MulFunctor<float>>, std::array<char *, 3>>(int, T2, T3)",82048.0,0.0,3136.0,1.72,0.25
ampere_fp16_s16816gemm_fp16_64x64_sliced1x2_ldg8_f2f_stages_64x6_tn,135844352.0,2401792.0,108992.0,81.59,25.64
"void cublasLt::splitKreduce_kernel<32, 16, int, __half, __half, float, __half, 0, __half, __half, __half, 1, 0, 0>(cublasLt::cublasSplitKParams<T6>, const T4 *, const T10 *, T9 *, T5 *, const T6 *, const T6 *, const T11 *, const T4 *, T11 *, void *, long, T6 *, int *, T6 *, T6 *, const T6 *, const T6 *, const T6 *, const T6 *, const T6 *)",72960.0,0.0,4064.0,1.17,3.43
"void at::vectorized_elementwise_kernel<4, at::CUDAFunctor_add<c10::Half>, std::array<char *, 3>>(int, T2, T3)",20608.0,0.0,2976.0,0.45,0.08
"void at::unrolled_elementwise_kernel<at::direct_copy_kernel_cuda(at::TensorIteratorBase &)::[lambda() (instance 3)]::operator ()() const::[lambda() (instance 7)]::operator ()() const::[lambda(float) (instance 1)], std::array<char *, 2>, 4, TrivialOffsetCalculator<1, unsigned int>, TrivialOffsetCalculator<1, unsigned int>, memory::LoadWithCast<1>, memory::StoreWithCast<1>>(int, T1, T2, T4, T5, T6, T7)",39296.0,0.0,5952.0,0.43,0.16
"void at::vectorized_elementwise_kernel<4, void at::<unnamed>::pow_tensor_scalar_kernel_impl<float, float>(at::TensorIteratorBase &, T2)::[lambda(float) (instance 1)], std::array<char *, 2>>(int, T2, T3)",19328.0,0.0,2944.0,0.43,0.05
"void at::reduce_kernel<512, 1, at::ReduceOp<float, at::MeanOps<float, float, float, float>, unsigned int, float, 4, 4>>(T3)",66176.0,0.0,5728.0,0.75,0.1
"void at::vectorized_elementwise_kernel<4, at::CUDAFunctorOnSelf_add<float>, std::array<char *, 2>>(int, T2, T3)",5248.0,0.0,2688.0,0.13,0.02
"void at::vectorized_elementwise_kernel<4, at::rsqrt_kernel_cuda(at::TensorIteratorBase &)::[lambda() (instance 2)]::operator ()() const::[lambda() (instance 2)]::operator ()() const::[lambda(float) (instance 1)], std::array<char *, 2>>(int, T2, T3)",6400.0,0.0,2816.0,0.15,0.04
"void at::elementwise_kernel<128, 2, void at::gpu_kernel_impl_nocast<at::BinaryFunctor<float, float, float, binary_internal::MulFunctor<float>>>(at::TensorIteratorBase &, const T1 &)::[lambda(int) (instance 1)]>(int, T3)",25472.0,0.0,4096.0,0.41,0.18
"void at::vectorized_elementwise_kernel<4, at::float16_copy_kernel_cuda(at::TensorIteratorBase &)::[lambda(float) (instance 1)], std::array<char *, 2>>(int, T2, T3)",19328.0,0.0,2912.0,0.43,0.05
"void at::vectorized_elementwise_kernel<4, at::BinaryFunctor<c10::Half, c10::Half, c10::Half, binary_internal::MulFunctor<float>>, std::array<char *, 3>>(int, T2, T3)",21120.0,0.0,3168.0,0.43,0.07
ampere_fp16_s16816gemm_fp16_64x64_sliced1x2_ldg8_relu_f2f_stages_64x6_tn,25720832.0,1298304.0,27968.0,62.2,18.94
"void gemv2T_kernel_val<int, int, __half, float, float, float, 128, 16, 4, 4, 0, 1, cublasGemvParamsEx<int, cublasGemvTensorStridedBatched<const __half>, cublasGemvTensorStridedBatched<const float>, cublasGemvTensorStridedBatched<float>, float>>(T13, T6, T6)",3686144.0,384.0,10752.0,22.12,20.39
"void cublasLt::splitKreduce_kernel<32, 16, int, float, __half, float, __half, 0, __half, __half, __half, 1, 0, 0>(cublasLt::cublasSplitKParams<T6>, const T4 *, const T10 *, T9 *, T5 *, const T6 *, const T6 *, const T11 *, const T4 *, T11 *, void *, long, T6 *, int *, T6 *, T6 *, const T6 *, const T6 *, const T6 *, const T6 *, const T6 *)",40704.0,0.0,3712.0,0.71,3.53
"void epilogue::globalKernel<8, 32, __half, __half, float, 1, 1, 1>(int, int, long, T3 *, cublasLtEpilogue_t, int, T4 *, long, void *, long, long, long, T5 *, long, int *)",7808.0,0.0,3328.0,0.15,1.24
"void gemv2T_kernel_val<int, int, __half, float, float, float, 128, 16, 4, 4, 0, 1, cublasGemvParamsEx<int, cublasGemvTensorStridedBatched<const __half>, cublasGemvTensorStridedBatched<const float>, cublasGemvTensorStridedBatched<float>, float>>(T13, T6, T6)",3686144.0,128.0,10592.0,22.41,20.64
"void cublasLt::splitKreduce_kernel<32, 16, int, float, __half, float, __half, 0, __half, __half, __half, 1, 0, 0>(cublasLt::cublasSplitKParams<T6>, const T4 *, const T10 *, T9 *, T5 *, const T6 *, const T6 *, const T11 *, const T4 *, T11 *, void *, long, T6 *, int *, T6 *, T6 *, const T6 *, const T6 *, const T6 *, const T6 *, const T6 *)",41344.0,0.0,3648.0,0.73,3.58
"void epilogue::globalKernel<8, 32, __half, __half, float, 1, 1, 1>(int, int, long, T3 *, cublasLtEpilogue_t, int, T4 *, long, void *, long, long, long, T5 *, long, int *)",7808.0,0.0,3488.0,0.14,1.18
"void at::elementwise_kernel<128, 4, void at::gpu_kernel_impl_nocast<at::BinaryFunctor<c10::Half, c10::Half, c10::Half, binary_internal::MulFunctor<float>>>(at::TensorIteratorBase &, const T1 &)::[lambda(int) (instance 1)]>(int, T3)",27136.0,0.0,5376.0,0.33,0.17
"void at::elementwise_kernel<128, 4, void at::gpu_kernel_impl_nocast<at::neg_kernel_cuda(at::TensorIteratorBase &)::[lambda() (instance 2)]::operator ()() const::[lambda() (instance 8)]::operator ()() const::[lambda(c10::Half) (instance 1)]>(at::TensorIteratorBase &, const T1 &)::[lambda(int) (instance 1)]>(int, T3)",21376.0,0.0,5280.0,0.26,0.07
"void at::<unnamed>::CatArrayBatchedCopy<at::<unnamed>::OpaqueType<2>, unsigned int, 4, 64, 64>(T1 *, at::<unnamed>::CatArrInputTensorMetadata<T1, T2, T4, T5>, at::<unnamed>::TensorSizeStride<T2, 4>, int, T2)",14208.0,0.0,6688.0,0.14,3.63
"void at::elementwise_kernel<128, 4, void at::gpu_kernel_impl_nocast<at::BinaryFunctor<c10::Half, c10::Half, c10::Half, binary_internal::MulFunctor<float>>>(at::TensorIteratorBase &, const T1 &)::[lambda(int) (instance 1)]>(int, T3)",27136.0,0.0,5152.0,0.34,0.17
"void at::vectorized_elementwise_kernel<4, at::CUDAFunctor_add<c10::Half>, std::array<char *, 3>>(int, T2, T3)",20608.0,0.0,3008.0,0.44,0.08
"void at::elementwise_kernel<128, 4, void at::gpu_kernel_impl_nocast<at::BinaryFunctor<c10::Half, c10::Half, c10::Half, binary_internal::MulFunctor<float>>>(at::TensorIteratorBase &, const T1 &)::[lambda(int) (instance 1)]>(int, T3)",21504.0,0.0,5120.0,0.27,0.03
"void at::elementwise_kernel<128, 4, void at::gpu_kernel_impl_nocast<at::neg_kernel_cuda(at::TensorIteratorBase &)::[lambda() (instance 2)]::operator ()() const::[lambda() (instance 8)]::operator ()() const::[lambda(c10::Half) (instance 1)]>(at::TensorIteratorBase &, const T1 &)::[lambda(int) (instance 1)]>(int, T3)",18304.0,0.0,4000.0,0.3,0.02
"void at::<unnamed>::CatArrayBatchedCopy<at::<unnamed>::OpaqueType<2>, unsigned int, 4, 64, 64>(T1 *, at::<unnamed>::CatArrInputTensorMetadata<T1, T2, T4, T5>, at::<unnamed>::TensorSizeStride<T2, 4>, int, T2)",7936.0,0.0,5440.0,0.09,3.99
"void at::elementwise_kernel<128, 4, void at::gpu_kernel_impl_nocast<at::BinaryFunctor<c10::Half, c10::Half, c10::Half, binary_internal::MulFunctor<float>>>(at::TensorIteratorBase &, const T1 &)::[lambda(int) (instance 1)]>(int, T3)",21120.0,0.0,5376.0,0.25,0.02
"void at::vectorized_elementwise_kernel<4, at::CUDAFunctor_add<c10::Half>, std::array<char *, 3>>(int, T2, T3)",8960.0,0.0,3200.0,0.18,0.04
"void at::<unnamed>::CatArrayBatchedCopy_vectorized<at::<unnamed>::OpaqueType<2>, unsigned int, 3, 128, 1, 16, 8>(char *, at::<unnamed>::CatArrInputTensorMetadata<T1, T2, T4, T5>, at::<unnamed>::TensorSizeStride<T2, 4>, int, T2)",2102144.0,0.0,5952.0,22.91,11.31
"void at::<unnamed>::CatArrayBatchedCopy_vectorized<at::<unnamed>::OpaqueType<2>, unsigned int, 3, 128, 1, 16, 8>(char *, at::<unnamed>::CatArrInputTensorMetadata<T1, T2, T4, T5>, at::<unnamed>::TensorSizeStride<T2, 4>, int, T2)",2102272.0,0.0,5984.0,22.75,11.31
"void pytorch_flash::flash_fwd_splitkv_kernel<Flash_fwd_kernel_traits<128, 64, 128, 4, 0, 0, cutlass::half_t, Flash_kernel_traits<128, 64, 128, 4, cutlass::half_t>>, 0, 0, 0, 0, 1, 0, 1, 0>(pytorch_flash::Flash_fwd_params)",4261888.0,0.0,10528.0,26.14,8.77
"void pytorch_flash::flash_fwd_splitkv_combine_kernel<Flash_fwd_kernel_traits<128, 64, 128, 4, 0, 0, cutlass::half_t, Flash_kernel_traits<128, 64, 128, 4, cutlass::half_t>>, 4, 5, 1>(pytorch_flash::Flash_fwd_params)",268416.0,0.0,13312.0,1.3,0.28
ampere_fp16_s16816gemm_fp16_64x64_sliced1x2_ldg8_f2f_stages_64x6_tn,25712128.0,937984.0,26368.0,65.08,20.11
"void at::vectorized_elementwise_kernel<4, at::CUDAFunctor_add<c10::Half>, std::array<char *, 3>>(int, T2, T3)",20608.0,0.0,3008.0,0.44,0.08
"void at::unrolled_elementwise_kernel<at::direct_copy_kernel_cuda(at::TensorIteratorBase &)::[lambda() (instance 3)]::operator ()() const::[lambda() (instance 7)]::operator ()() const::[lambda(float) (instance 1)], std::array<char *, 2>, 4, TrivialOffsetCalculator<1, unsigned int>, TrivialOffsetCalculator<1, unsigned int>, memory::LoadWithCast<1>, memory::StoreWithCast<1>>(int, T1, T2, T4, T5, T6, T7)",39296.0,0.0,5920.0,0.43,0.16
"void at::vectorized_elementwise_kernel<4, void at::<unnamed>::pow_tensor_scalar_kernel_impl<float, float>(at::TensorIteratorBase &, T2)::[lambda(float) (instance 1)], std::array<char *, 2>>(int, T2, T3)",19072.0,0.0,3008.0,0.41,0.05
"void at::reduce_kernel<512, 1, at::ReduceOp<float, at::MeanOps<float, float, float, float>, unsigned int, float, 4, 4>>(T3)",65408.0,0.0,5792.0,0.73,0.1
"void at::vectorized_elementwise_kernel<4, at::CUDAFunctorOnSelf_add<float>, std::array<char *, 2>>(int, T2, T3)",4864.0,0.0,3200.0,0.1,0.02
"void at::vectorized_elementwise_kernel<4, at::rsqrt_kernel_cuda(at::TensorIteratorBase &)::[lambda() (instance 2)]::operator ()() const::[lambda() (instance 2)]::operator ()() const::[lambda(float) (instance 1)], std::array<char *, 2>>(int, T2, T3)",6528.0,0.0,2816.0,0.15,0.04
"void at::elementwise_kernel<128, 2, void at::gpu_kernel_impl_nocast<at::BinaryFunctor<float, float, float, binary_internal::MulFunctor<float>>>(at::TensorIteratorBase &, const T1 &)::[lambda(int) (instance 1)]>(int, T3)",25344.0,0.0,4064.0,0.4,0.18
"void at::vectorized_elementwise_kernel<4, at::float16_copy_kernel_cuda(at::TensorIteratorBase &)::[lambda(float) (instance 1)], std::array<char *, 2>>(int, T2, T3)",19328.0,0.0,2944.0,0.43,0.05
"void at::vectorized_elementwise_kernel<4, at::BinaryFunctor<c10::Half, c10::Half, c10::Half, binary_internal::MulFunctor<float>>, std::array<char *, 3>>(int, T2, T3)",20608.0,0.0,3040.0,0.44,0.08
ampere_fp16_s16816gemm_fp16_128x64_ldg8_f2f_stages_32x6_tn,135815168.0,2446080.0,109344.0,81.34,25.55
"void cublasLt::splitKreduce_kernel<32, 16, int, __half, __half, float, __half, 0, __half, __half, __half, 1, 0, 0>(cublasLt::cublasSplitKParams<T6>, const T4 *, const T10 *, T9 *, T5 *, const T6 *, const T6 *, const T11 *, const T4 *, T11 *, void *, long, T6 *, int *, T6 *, T6 *, const T6 *, const T6 *, const T6 *, const T6 *, const T6 *)",160000.0,0.0,4768.0,2.18,13.61
"void at::vectorized_elementwise_kernel<4, at::<unnamed>::silu_kernel(at::TensorIteratorBase &)::[lambda() (instance 1)]::operator ()() const::[lambda() (instance 5)]::operator ()() const::[lambda(c10::Half) (instance 1)], std::array<char *, 2>>(int, T2, T3)",51072.0,0.0,3712.0,0.9,0.68
ampere_fp16_s16816gemm_fp16_128x64_ldg8_f2f_stages_32x6_tn,135814016.0,2449536.0,112064.0,79.37,24.93
"void cublasLt::splitKreduce_kernel<32, 16, int, __half, __half, float, __half, 0, __half, __half, __half, 1, 0, 0>(cublasLt::cublasSplitKParams<T6>, const T4 *, const T10 *, T9 *, T5 *, const T6 *, const T6 *, const T11 *, const T4 *, T11 *, void *, long, T6 *, int *, T6 *, T6 *, const T6 *, const T6 *, const T6 *, const T6 *, const T6 *)",160000.0,0.0,4672.0,2.23,13.98
"void at::vectorized_elementwise_kernel<4, at::BinaryFunctor<c10::Half, c10::Half, c10::Half, binary_internal::MulFunctor<float>>, std::array<char *, 3>>(int, T2, T3)",82048.0,0.0,3104.0,1.71,0.25
ampere_fp16_s16816gemm_fp16_64x64_sliced1x2_ldg8_f2f_stages_64x6_tn,135849856.0,2383488.0,110304.0,80.63,25.33
"void cublasLt::splitKreduce_kernel<32, 16, int, __half, __half, float, __half, 0, __half, __half, __half, 1, 0, 0>(cublasLt::cublasSplitKParams<T6>, const T4 *, const T10 *, T9 *, T5 *, const T6 *, const T6 *, const T11 *, const T4 *, T11 *, void *, long, T6 *, int *, T6 *, T6 *, const T6 *, const T6 *, const T6 *, const T6 *, const T6 *)",72960.0,0.0,3936.0,1.21,3.54
"void at::vectorized_elementwise_kernel<4, at::CUDAFunctor_add<c10::Half>, std::array<char *, 3>>(int, T2, T3)",20608.0,0.0,3008.0,0.45,0.08
"void at::unrolled_elementwise_kernel<at::direct_copy_kernel_cuda(at::TensorIteratorBase &)::[lambda() (instance 3)]::operator ()() const::[lambda() (instance 7)]::operator ()() const::[lambda(float) (instance 1)], std::array<char *, 2>, 4, TrivialOffsetCalculator<1, unsigned int>, TrivialOffsetCalculator<1, unsigned int>, memory::LoadWithCast<1>, memory::StoreWithCast<1>>(int, T1, T2, T4, T5, T6, T7)",39296.0,0.0,5952.0,0.43,0.16
"void at::vectorized_elementwise_kernel<4, void at::<unnamed>::pow_tensor_scalar_kernel_impl<float, float>(at::TensorIteratorBase &, T2)::[lambda(float) (instance 1)], std::array<char *, 2>>(int, T2, T3)",19072.0,0.0,3040.0,0.41,0.05
"void at::reduce_kernel<512, 1, at::ReduceOp<float, at::MeanOps<float, float, float, float>, unsigned int, float, 4, 4>>(T3)",65536.0,0.0,5888.0,0.72,0.1
"void at::vectorized_elementwise_kernel<4, at::CUDAFunctorOnSelf_add<float>, std::array<char *, 2>>(int, T2, T3)",4864.0,0.0,2752.0,0.11,0.02
"void at::vectorized_elementwise_kernel<4, at::rsqrt_kernel_cuda(at::TensorIteratorBase &)::[lambda() (instance 2)]::operator ()() const::[lambda() (instance 2)]::operator ()() const::[lambda(float) (instance 1)], std::array<char *, 2>>(int, T2, T3)",6400.0,0.0,2848.0,0.15,0.04
"void at::elementwise_kernel<128, 2, void at::gpu_kernel_impl_nocast<at::BinaryFunctor<float, float, float, binary_internal::MulFunctor<float>>>(at::TensorIteratorBase &, const T1 &)::[lambda(int) (instance 1)]>(int, T3)",25344.0,0.0,4000.0,0.41,0.19
"void at::vectorized_elementwise_kernel<4, at::float16_copy_kernel_cuda(at::TensorIteratorBase &)::[lambda(float) (instance 1)], std::array<char *, 2>>(int, T2, T3)",19328.0,0.0,2944.0,0.43,0.05
"void at::vectorized_elementwise_kernel<4, at::BinaryFunctor<c10::Half, c10::Half, c10::Half, binary_internal::MulFunctor<float>>, std::array<char *, 3>>(int, T2, T3)",20608.0,0.0,3104.0,0.43,0.07
ampere_fp16_s16816gemm_fp16_64x64_sliced1x2_ldg8_relu_f2f_stages_64x6_tn,25720320.0,1009024.0,27360.0,62.99,19.4
"void gemv2T_kernel_val<int, int, __half, float, float, float, 128, 16, 4, 4, 0, 1, cublasGemvParamsEx<int, cublasGemvTensorStridedBatched<const __half>, cublasGemvTensorStridedBatched<const float>, cublasGemvTensorStridedBatched<float>, float>>(T13, T6, T6)",3686400.0,0.0,10560.0,22.55,20.71
"void cublasLt::splitKreduce_kernel<32, 16, int, float, __half, float, __half, 0, __half, __half, __half, 1, 0, 0>(cublasLt::cublasSplitKParams<T6>, const T4 *, const T10 *, T9 *, T5 *, const T6 *, const T6 *, const T11 *, const T4 *, T11 *, void *, long, T6 *, int *, T6 *, T6 *, const T6 *, const T6 *, const T6 *, const T6 *, const T6 *)",40704.0,0.0,3744.0,0.71,3.54
"void epilogue::globalKernel<8, 32, __half, __half, float, 1, 1, 1>(int, int, long, T3 *, cublasLtEpilogue_t, int, T4 *, long, void *, long, long, long, T5 *, long, int *)",7808.0,0.0,3328.0,0.15,1.24
"void gemv2T_kernel_val<int, int, __half, float, float, float, 128, 16, 4, 4, 0, 1, cublasGemvParamsEx<int, cublasGemvTensorStridedBatched<const __half>, cublasGemvTensorStridedBatched<const float>, cublasGemvTensorStridedBatched<float>, float>>(T13, T6, T6)",3686144.0,128.0,10720.0,22.23,20.43
"void cublasLt::splitKreduce_kernel<32, 16, int, float, __half, float, __half, 0, __half, __half, __half, 1, 0, 0>(cublasLt::cublasSplitKParams<T6>, const T4 *, const T10 *, T9 *, T5 *, const T6 *, const T6 *, const T11 *, const T4 *, T11 *, void *, long, T6 *, int *, T6 *, T6 *, const T6 *, const T6 *, const T6 *, const T6 *, const T6 *)",40704.0,0.0,3712.0,0.71,3.55
"void epilogue::globalKernel<8, 32, __half, __half, float, 1, 1, 1>(int, int, long, T3 *, cublasLtEpilogue_t, int, T4 *, long, void *, long, long, long, T5 *, long, int *)",7680.0,0.0,3424.0,0.15,1.21
"void at::elementwise_kernel<128, 4, void at::gpu_kernel_impl_nocast<at::BinaryFunctor<c10::Half, c10::Half, c10::Half, binary_internal::MulFunctor<float>>>(at::TensorIteratorBase &, const T1 &)::[lambda(int) (instance 1)]>(int, T3)",28160.0,0.0,5344.0,0.34,0.17
"void at::elementwise_kernel<128, 4, void at::gpu_kernel_impl_nocast<at::neg_kernel_cuda(at::TensorIteratorBase &)::[lambda() (instance 2)]::operator ()() const::[lambda() (instance 8)]::operator ()() const::[lambda(c10::Half) (instance 1)]>(at::TensorIteratorBase &, const T1 &)::[lambda(int) (instance 1)]>(int, T3)",21760.0,0.0,5216.0,0.27,0.07
"void at::<unnamed>::CatArrayBatchedCopy<at::<unnamed>::OpaqueType<2>, unsigned int, 4, 64, 64>(T1 *, at::<unnamed>::CatArrInputTensorMetadata<T1, T2, T4, T5>, at::<unnamed>::TensorSizeStride<T2, 4>, int, T2)",14208.0,0.0,6688.0,0.14,3.7
"void at::elementwise_kernel<128, 4, void at::gpu_kernel_impl_nocast<at::BinaryFunctor<c10::Half, c10::Half, c10::Half, binary_internal::MulFunctor<float>>>(at::TensorIteratorBase &, const T1 &)::[lambda(int) (instance 1)]>(int, T3)",27136.0,0.0,5248.0,0.34,0.17
"void at::vectorized_elementwise_kernel<4, at::CUDAFunctor_add<c10::Half>, std::array<char *, 3>>(int, T2, T3)",20608.0,0.0,2848.0,0.47,0.08
"void at::elementwise_kernel<128, 4, void at::gpu_kernel_impl_nocast<at::BinaryFunctor<c10::Half, c10::Half, c10::Half, binary_internal::MulFunctor<float>>>(at::TensorIteratorBase &, const T1 &)::[lambda(int) (instance 1)]>(int, T3)",20992.0,0.0,4864.0,0.28,0.03
"void at::elementwise_kernel<128, 4, void at::gpu_kernel_impl_nocast<at::neg_kernel_cuda(at::TensorIteratorBase &)::[lambda() (instance 2)]::operator ()() const::[lambda() (instance 8)]::operator ()() const::[lambda(c10::Half) (instance 1)]>(at::TensorIteratorBase &, const T1 &)::[lambda(int) (instance 1)]>(int, T3)",18304.0,0.0,4000.0,0.3,0.02
"void at::<unnamed>::CatArrayBatchedCopy<at::<unnamed>::OpaqueType<2>, unsigned int, 4, 64, 64>(T1 *, at::<unnamed>::CatArrInputTensorMetadata<T1, T2, T4, T5>, at::<unnamed>::TensorSizeStride<T2, 4>, int, T2)",8064.0,0.0,5504.0,0.1,3.93
"void at::elementwise_kernel<128, 4, void at::gpu_kernel_impl_nocast<at::BinaryFunctor<c10::Half, c10::Half, c10::Half, binary_internal::MulFunctor<float>>>(at::TensorIteratorBase &, const T1 &)::[lambda(int) (instance 1)]>(int, T3)",21632.0,0.0,4960.0,0.28,0.03
"void at::vectorized_elementwise_kernel<4, at::CUDAFunctor_add<c10::Half>, std::array<char *, 3>>(int, T2, T3)",8320.0,0.0,2944.0,0.18,0.04
"void at::<unnamed>::CatArrayBatchedCopy_vectorized<at::<unnamed>::OpaqueType<2>, unsigned int, 3, 128, 1, 16, 8>(char *, at::<unnamed>::CatArrInputTensorMetadata<T1, T2, T4, T5>, at::<unnamed>::TensorSizeStride<T2, 4>, int, T2)",2102272.0,0.0,5984.0,22.71,11.29
"void at::<unnamed>::CatArrayBatchedCopy_vectorized<at::<unnamed>::OpaqueType<2>, unsigned int, 3, 128, 1, 16, 8>(char *, at::<unnamed>::CatArrInputTensorMetadata<T1, T2, T4, T5>, at::<unnamed>::TensorSizeStride<T2, 4>, int, T2)",2102272.0,0.0,5984.0,22.83,11.3
"void pytorch_flash::flash_fwd_splitkv_kernel<Flash_fwd_kernel_traits<128, 64, 128, 4, 0, 0, cutlass::half_t, Flash_kernel_traits<128, 64, 128, 4, cutlass::half_t>>, 0, 0, 0, 0, 1, 0, 1, 0>(pytorch_flash::Flash_fwd_params)",4261888.0,0.0,10464.0,26.36,8.84
"void pytorch_flash::flash_fwd_splitkv_combine_kernel<Flash_fwd_kernel_traits<128, 64, 128, 4, 0, 0, cutlass::half_t, Flash_kernel_traits<128, 64, 128, 4, cutlass::half_t>>, 4, 5, 1>(pytorch_flash::Flash_fwd_params)",268416.0,0.0,13120.0,1.32,0.28
ampere_fp16_s16816gemm_fp16_64x64_sliced1x2_ldg8_f2f_stages_64x6_tn,25712512.0,580736.0,26528.0,63.84,19.98
"void at::vectorized_elementwise_kernel<4, at::CUDAFunctor_add<c10::Half>, std::array<char *, 3>>(int, T2, T3)",20608.0,0.0,3040.0,0.44,0.08
"void at::unrolled_elementwise_kernel<at::direct_copy_kernel_cuda(at::TensorIteratorBase &)::[lambda() (instance 3)]::operator ()() const::[lambda() (instance 7)]::operator ()() const::[lambda(float) (instance 1)], std::array<char *, 2>, 4, TrivialOffsetCalculator<1, unsigned int>, TrivialOffsetCalculator<1, unsigned int>, memory::LoadWithCast<1>, memory::StoreWithCast<1>>(int, T1, T2, T4, T5, T6, T7)",39296.0,0.0,5984.0,0.42,0.16
"void at::vectorized_elementwise_kernel<4, void at::<unnamed>::pow_tensor_scalar_kernel_impl<float, float>(at::TensorIteratorBase &, T2)::[lambda(float) (instance 1)], std::array<char *, 2>>(int, T2, T3)",19072.0,0.0,2944.0,0.42,0.05
"void at::reduce_kernel<512, 1, at::ReduceOp<float, at::MeanOps<float, float, float, float>, unsigned int, float, 4, 4>>(T3)",65408.0,0.0,5856.0,0.73,0.1
"void at::vectorized_elementwise_kernel<4, at::CUDAFunctorOnSelf_add<float>, std::array<char *, 2>>(int, T2, T3)",4864.0,0.0,2688.0,0.12,0.02
"void at::vectorized_elementwise_kernel<4, at::rsqrt_kernel_cuda(at::TensorIteratorBase &)::[lambda() (instance 2)]::operator ()() const::[lambda() (instance 2)]::operator ()() const::[lambda(float) (instance 1)], std::array<char *, 2>>(int, T2, T3)",6400.0,0.0,2848.0,0.15,0.04
"void at::elementwise_kernel<128, 2, void at::gpu_kernel_impl_nocast<at::BinaryFunctor<float, float, float, binary_internal::MulFunctor<float>>>(at::TensorIteratorBase &, const T1 &)::[lambda(int) (instance 1)]>(int, T3)",25600.0,0.0,4096.0,0.41,0.18
"void at::vectorized_elementwise_kernel<4, at::float16_copy_kernel_cuda(at::TensorIteratorBase &)::[lambda(float) (instance 1)], std::array<char *, 2>>(int, T2, T3)",19328.0,0.0,2976.0,0.42,0.05
"void at::vectorized_elementwise_kernel<4, at::BinaryFunctor<c10::Half, c10::Half, c10::Half, binary_internal::MulFunctor<float>>, std::array<char *, 3>>(int, T2, T3)",20608.0,0.0,3040.0,0.44,0.08
ampere_fp16_s16816gemm_fp16_128x64_ldg8_f2f_stages_32x6_tn,135814272.0,2446720.0,111456.0,79.78,25.07
"void cublasLt::splitKreduce_kernel<32, 16, int, __half, __half, float, __half, 0, __half, __half, __half, 1, 0, 0>(cublasLt::cublasSplitKParams<T6>, const T4 *, const T10 *, T9 *, T5 *, const T6 *, const T6 *, const T11 *, const T4 *, T11 *, void *, long, T6 *, int *, T6 *, T6 *, const T6 *, const T6 *, const T6 *, const T6 *, const T6 *)",160000.0,0.0,4608.0,2.26,14.02
"void at::vectorized_elementwise_kernel<4, at::<unnamed>::silu_kernel(at::TensorIteratorBase &)::[lambda() (instance 1)]::operator ()() const::[lambda() (instance 5)]::operator ()() const::[lambda(c10::Half) (instance 1)], std::array<char *, 2>>(int, T2, T3)",51072.0,0.0,3552.0,0.94,0.71
ampere_fp16_s16816gemm_fp16_128x64_ldg8_f2f_stages_32x6_tn,135817728.0,2437376.0,111232.0,79.95,25.13
"void cublasLt::splitKreduce_kernel<32, 16, int, __half, __half, float, __half, 0, __half, __half, __half, 1, 0, 0>(cublasLt::cublasSplitKParams<T6>, const T4 *, const T10 *, T9 *, T5 *, const T6 *, const T6 *, const T11 *, const T4 *, T11 *, void *, long, T6 *, int *, T6 *, T6 *, const T6 *, const T6 *, const T6 *, const T6 *, const T6 *)",160640.0,0.0,4544.0,2.29,14.26
"void at::vectorized_elementwise_kernel<4, at::BinaryFunctor<c10::Half, c10::Half, c10::Half, binary_internal::MulFunctor<float>>, std::array<char *, 3>>(int, T2, T3)",82048.0,0.0,3264.0,1.65,0.24
ampere_fp16_s16816gemm_fp16_64x64_sliced1x2_ldg8_f2f_stages_64x6_tn,135845120.0,2392832.0,108608.0,81.87,25.72
"void cublasLt::splitKreduce_kernel<32, 16, int, __half, __half, float, __half, 0, __half, __half, __half, 1, 0, 0>(cublasLt::cublasSplitKParams<T6>, const T4 *, const T10 *, T9 *, T5 *, const T6 *, const T6 *, const T11 *, const T4 *, T11 *, void *, long, T6 *, int *, T6 *, T6 *, const T6 *, const T6 *, const T6 *, const T6 *, const T6 *)",72960.0,0.0,3936.0,1.2,3.51
"void at::vectorized_elementwise_kernel<4, at::CUDAFunctor_add<c10::Half>, std::array<char *, 3>>(int, T2, T3)",20608.0,0.0,2976.0,0.45,0.08
"void at::unrolled_elementwise_kernel<at::direct_copy_kernel_cuda(at::TensorIteratorBase &)::[lambda() (instance 3)]::operator ()() const::[lambda() (instance 7)]::operator ()() const::[lambda(float) (instance 1)], std::array<char *, 2>, 4, TrivialOffsetCalculator<1, unsigned int>, TrivialOffsetCalculator<1, unsigned int>, memory::LoadWithCast<1>, memory::StoreWithCast<1>>(int, T1, T2, T4, T5, T6, T7)",39296.0,0.0,6016.0,0.42,0.15
"void at::vectorized_elementwise_kernel<4, void at::<unnamed>::pow_tensor_scalar_kernel_impl<float, float>(at::TensorIteratorBase &, T2)::[lambda(float) (instance 1)], std::array<char *, 2>>(int, T2, T3)",19072.0,0.0,2912.0,0.42,0.05
"void at::reduce_kernel<512, 1, at::ReduceOp<float, at::MeanOps<float, float, float, float>, unsigned int, float, 4, 4>>(T3)",65408.0,0.0,5824.0,0.72,0.1
"void at::vectorized_elementwise_kernel<4, at::CUDAFunctorOnSelf_add<float>, std::array<char *, 2>>(int, T2, T3)",4864.0,0.0,2656.0,0.12,0.02
"void at::vectorized_elementwise_kernel<4, at::rsqrt_kernel_cuda(at::TensorIteratorBase &)::[lambda() (instance 2)]::operator ()() const::[lambda() (instance 2)]::operator ()() const::[lambda(float) (instance 1)], std::array<char *, 2>>(int, T2, T3)",6272.0,0.0,2848.0,0.14,0.04
"void at::elementwise_kernel<128, 2, void at::gpu_kernel_impl_nocast<at::BinaryFunctor<float, float, float, binary_internal::MulFunctor<float>>>(at::TensorIteratorBase &, const T1 &)::[lambda(int) (instance 1)]>(int, T3)",25344.0,0.0,4064.0,0.4,0.18
"void at::vectorized_elementwise_kernel<4, at::float16_copy_kernel_cuda(at::TensorIteratorBase &)::[lambda(float) (instance 1)], std::array<char *, 2>>(int, T2, T3)",19328.0,0.0,2944.0,0.43,0.05
"void at::vectorized_elementwise_kernel<4, at::BinaryFunctor<c10::Half, c10::Half, c10::Half, binary_internal::MulFunctor<float>>, std::array<char *, 3>>(int, T2, T3)",20608.0,0.0,3104.0,0.43,0.07
ampere_fp16_s16816gemm_fp16_64x64_sliced1x2_ldg8_relu_f2f_stages_64x6_tn,25720704.0,984448.0,27808.0,61.83,19.08
"void gemv2T_kernel_val<int, int, __half, float, float, float, 128, 16, 4, 4, 0, 1, cublasGemvParamsEx<int, cublasGemvTensorStridedBatched<const __half>, cublasGemvTensorStridedBatched<const float>, cublasGemvTensorStridedBatched<float>, float>>(T13, T6, T6)",3686144.0,512.0,10624.0,22.41,20.58
"void cublasLt::splitKreduce_kernel<32, 16, int, float, __half, float, __half, 0, __half, __half, __half, 1, 0, 0>(cublasLt::cublasSplitKParams<T6>, const T4 *, const T10 *, T9 *, T5 *, const T6 *, const T6 *, const T11 *, const T4 *, T11 *, void *, long, T6 *, int *, T6 *, T6 *, const T6 *, const T6 *, const T6 *, const T6 *, const T6 *)",40704.0,0.0,3808.0,0.7,3.47
"void epilogue::globalKernel<8, 32, __half, __half, float, 1, 1, 1>(int, int, long, T3 *, cublasLtEpilogue_t, int, T4 *, long, void *, long, long, long, T5 *, long, int *)",7808.0,0.0,3488.0,0.15,1.18
"void gemv2T_kernel_val<int, int, __half, float, float, float, 128, 16, 4, 4, 0, 1, cublasGemvParamsEx<int, cublasGemvTensorStridedBatched<const __half>, cublasGemvTensorStridedBatched<const float>, cublasGemvTensorStridedBatched<float>, float>>(T13, T6, T6)",3686144.0,384.0,10688.0,22.28,20.53
"void cublasLt::splitKreduce_kernel<32, 16, int, float, __half, float, __half, 0, __half, __half, __half, 1, 0, 0>(cublasLt::cublasSplitKParams<T6>, const T4 *, const T10 *, T9 *, T5 *, const T6 *, const T6 *, const T11 *, const T4 *, T11 *, void *, long, T6 *, int *, T6 *, T6 *, const T6 *, const T6 *, const T6 *, const T6 *, const T6 *)",41216.0,0.0,3744.0,0.71,3.49
"void epilogue::globalKernel<8, 32, __half, __half, float, 1, 1, 1>(int, int, long, T3 *, cublasLtEpilogue_t, int, T4 *, long, void *, long, long, long, T5 *, long, int *)",7808.0,0.0,3424.0,0.15,1.2
"void at::elementwise_kernel<128, 4, void at::gpu_kernel_impl_nocast<at::BinaryFunctor<c10::Half, c10::Half, c10::Half, binary_internal::MulFunctor<float>>>(at::TensorIteratorBase &, const T1 &)::[lambda(int) (instance 1)]>(int, T3)",27136.0,0.0,5280.0,0.33,0.17
"void at::elementwise_kernel<128, 4, void at::gpu_kernel_impl_nocast<at::neg_kernel_cuda(at::TensorIteratorBase &)::[lambda() (instance 2)]::operator ()() const::[lambda() (instance 8)]::operator ()() const::[lambda(c10::Half) (instance 1)]>(at::TensorIteratorBase &, const T1 &)::[lambda(int) (instance 1)]>(int, T3)",21376.0,0.0,5056.0,0.27,0.08
"void at::<unnamed>::CatArrayBatchedCopy<at::<unnamed>::OpaqueType<2>, unsigned int, 4, 64, 64>(T1 *, at::<unnamed>::CatArrInputTensorMetadata<T1, T2, T4, T5>, at::<unnamed>::TensorSizeStride<T2, 4>, int, T2)",14080.0,0.0,6560.0,0.14,3.77
"void at::elementwise_kernel<128, 4, void at::gpu_kernel_impl_nocast<at::BinaryFunctor<c10::Half, c10::Half, c10::Half, binary_internal::MulFunctor<float>>>(at::TensorIteratorBase &, const T1 &)::[lambda(int) (instance 1)]>(int, T3)",27136.0,0.0,5216.0,0.34,0.17
"void at::vectorized_elementwise_kernel<4, at::CUDAFunctor_add<c10::Half>, std::array<char *, 3>>(int, T2, T3)",20608.0,0.0,3008.0,0.44,0.08
"void at::elementwise_kernel<128, 4, void at::gpu_kernel_impl_nocast<at::BinaryFunctor<c10::Half, c10::Half, c10::Half, binary_internal::MulFunctor<float>>>(at::TensorIteratorBase &, const T1 &)::[lambda(int) (instance 1)]>(int, T3)",21632.0,0.0,5216.0,0.27,0.02
"void at::elementwise_kernel<128, 4, void at::gpu_kernel_impl_nocast<at::neg_kernel_cuda(at::TensorIteratorBase &)::[lambda() (instance 2)]::operator ()() const::[lambda() (instance 8)]::operator ()() const::[lambda(c10::Half) (instance 1)]>(at::TensorIteratorBase &, const T1 &)::[lambda(int) (instance 1)]>(int, T3)",18304.0,0.0,4032.0,0.29,0.02
"void at::<unnamed>::CatArrayBatchedCopy<at::<unnamed>::OpaqueType<2>, unsigned int, 4, 64, 64>(T1 *, at::<unnamed>::CatArrInputTensorMetadata<T1, T2, T4, T5>, at::<unnamed>::TensorSizeStride<T2, 4>, int, T2)",8064.0,0.0,5408.0,0.1,3.98
"void at::elementwise_kernel<128, 4, void at::gpu_kernel_impl_nocast<at::BinaryFunctor<c10::Half, c10::Half, c10::Half, binary_internal::MulFunctor<float>>>(at::TensorIteratorBase &, const T1 &)::[lambda(int) (instance 1)]>(int, T3)",21120.0,0.0,5504.0,0.25,0.02
"void at::vectorized_elementwise_kernel<4, at::CUDAFunctor_add<c10::Half>, std::array<char *, 3>>(int, T2, T3)",8320.0,0.0,3136.0,0.17,0.04
"void at::<unnamed>::CatArrayBatchedCopy_vectorized<at::<unnamed>::OpaqueType<2>, unsigned int, 3, 128, 1, 16, 8>(char *, at::<unnamed>::CatArrInputTensorMetadata<T1, T2, T4, T5>, at::<unnamed>::TensorSizeStride<T2, 4>, int, T2)",2102144.0,0.0,5984.0,22.63,11.24
"void at::<unnamed>::CatArrayBatchedCopy_vectorized<at::<unnamed>::OpaqueType<2>, unsigned int, 3, 128, 1, 16, 8>(char *, at::<unnamed>::CatArrInputTensorMetadata<T1, T2, T4, T5>, at::<unnamed>::TensorSizeStride<T2, 4>, int, T2)",2102656.0,0.0,6144.0,22.17,11.03
"void pytorch_flash::flash_fwd_splitkv_kernel<Flash_fwd_kernel_traits<128, 64, 128, 4, 0, 0, cutlass::half_t, Flash_kernel_traits<128, 64, 128, 4, cutlass::half_t>>, 0, 0, 0, 0, 1, 0, 1, 0>(pytorch_flash::Flash_fwd_params)",4261888.0,0.0,10528.0,26.21,8.8
"void pytorch_flash::flash_fwd_splitkv_combine_kernel<Flash_fwd_kernel_traits<128, 64, 128, 4, 0, 0, cutlass::half_t, Flash_kernel_traits<128, 64, 128, 4, cutlass::half_t>>, 4, 5, 1>(pytorch_flash::Flash_fwd_params)",269440.0,0.0,13216.0,1.31,0.28
ampere_fp16_s16816gemm_fp16_64x64_sliced1x2_ldg8_f2f_stages_64x6_tn,25712000.0,753024.0,25952.0,65.69,20.44
"void at::vectorized_elementwise_kernel<4, at::CUDAFunctor_add<c10::Half>, std::array<char *, 3>>(int, T2, T3)",20608.0,0.0,3040.0,0.44,0.08
"void at::unrolled_elementwise_kernel<at::direct_copy_kernel_cuda(at::TensorIteratorBase &)::[lambda() (instance 3)]::operator ()() const::[lambda() (instance 7)]::operator ()() const::[lambda(float) (instance 1)], std::array<char *, 2>, 4, TrivialOffsetCalculator<1, unsigned int>, TrivialOffsetCalculator<1, unsigned int>, memory::LoadWithCast<1>, memory::StoreWithCast<1>>(int, T1, T2, T4, T5, T6, T7)",39296.0,0.0,5952.0,0.43,0.16
"void at::vectorized_elementwise_kernel<4, void at::<unnamed>::pow_tensor_scalar_kernel_impl<float, float>(at::TensorIteratorBase &, T2)::[lambda(float) (instance 1)], std::array<char *, 2>>(int, T2, T3)",19072.0,0.0,2848.0,0.44,0.05
"void at::reduce_kernel<512, 1, at::ReduceOp<float, at::MeanOps<float, float, float, float>, unsigned int, float, 4, 4>>(T3)",65408.0,0.0,5536.0,0.76,0.1
"void at::vectorized_elementwise_kernel<4, at::CUDAFunctorOnSelf_add<float>, std::array<char *, 2>>(int, T2, T3)",4736.0,0.0,2688.0,0.12,0.02
"void at::vectorized_elementwise_kernel<4, at::rsqrt_kernel_cuda(at::TensorIteratorBase &)::[lambda() (instance 2)]::operator ()() const::[lambda() (instance 2)]::operator ()() const::[lambda(float) (instance 1)], std::array<char *, 2>>(int, T2, T3)",6272.0,0.0,2848.0,0.14,0.04
"void at::elementwise_kernel<128, 2, void at::gpu_kernel_impl_nocast<at::BinaryFunctor<float, float, float, binary_internal::MulFunctor<float>>>(at::TensorIteratorBase &, const T1 &)::[lambda(int) (instance 1)]>(int, T3)",25344.0,0.0,4160.0,0.39,0.18
"void at::vectorized_elementwise_kernel<4, at::float16_copy_kernel_cuda(at::TensorIteratorBase &)::[lambda(float) (instance 1)], std::array<char *, 2>>(int, T2, T3)",19456.0,0.0,2944.0,0.43,0.05
"void at::vectorized_elementwise_kernel<4, at::BinaryFunctor<c10::Half, c10::Half, c10::Half, binary_internal::MulFunctor<float>>, std::array<char *, 3>>(int, T2, T3)",20736.0,0.0,3040.0,0.45,0.08
ampere_fp16_s16816gemm_fp16_128x64_ldg8_f2f_stages_32x6_tn,135819136.0,2434048.0,109152.0,81.45,25.59
"void cublasLt::splitKreduce_kernel<32, 16, int, __half, __half, float, __half, 0, __half, __half, __half, 1, 0, 0>(cublasLt::cublasSplitKParams<T6>, const T4 *, const T10 *, T9 *, T5 *, const T6 *, const T6 *, const T11 *, const T4 *, T11 *, void *, long, T6 *, int *, T6 *, T6 *, const T6 *, const T6 *, const T6 *, const T6 *, const T6 *)",160000.0,0.0,4704.0,2.2,13.72
"void at::vectorized_elementwise_kernel<4, at::<unnamed>::silu_kernel(at::TensorIteratorBase &)::[lambda() (instance 1)]::operator ()() const::[lambda() (instance 5)]::operator ()() const::[lambda(c10::Half) (instance 1)], std::array<char *, 2>>(int, T2, T3)",51072.0,0.0,3744.0,0.89,0.67
ampere_fp16_s16816gemm_fp16_128x64_ldg8_f2f_stages_32x6_tn,135813376.0,2440064.0,109120.0,81.5,25.61
"void cublasLt::splitKreduce_kernel<32, 16, int, __half, __half, float, __half, 0, __half, __half, __half, 1, 0, 0>(cublasLt::cublasSplitKParams<T6>, const T4 *, const T10 *, T9 *, T5 *, const T6 *, const T6 *, const T11 *, const T4 *, T11 *, void *, long, T6 *, int *, T6 *, T6 *, const T6 *, const T6 *, const T6 *, const T6 *, const T6 *)",160000.0,0.0,4544.0,2.27,14.16
"void at::vectorized_elementwise_kernel<4, at::BinaryFunctor<c10::Half, c10::Half, c10::Half, binary_internal::MulFunctor<float>>, std::array<char *, 3>>(int, T2, T3)",82048.0,0.0,3136.0,1.72,0.25
ampere_fp16_s16816gemm_fp16_64x64_sliced1x2_ldg8_f2f_stages_64x6_tn,135862016.0,2374912.0,110112.0,80.76,25.37
"void cublasLt::splitKreduce_kernel<32, 16, int, __half, __half, float, __half, 0, __half, __half, __half, 1, 0, 0>(cublasLt::cublasSplitKParams<T6>, const T4 *, const T10 *, T9 *, T5 *, const T6 *, const T6 *, const T11 *, const T4 *, T11 *, void *, long, T6 *, int *, T6 *, T6 *, const T6 *, const T6 *, const T6 *, const T6 *, const T6 *)",72960.0,0.0,3936.0,1.21,3.55
"void at::vectorized_elementwise_kernel<4, at::CUDAFunctor_add<c10::Half>, std::array<char *, 3>>(int, T2, T3)",20608.0,0.0,3008.0,0.45,0.08
"void at::unrolled_elementwise_kernel<at::direct_copy_kernel_cuda(at::TensorIteratorBase &)::[lambda() (instance 3)]::operator ()() const::[lambda() (instance 7)]::operator ()() const::[lambda(float) (instance 1)], std::array<char *, 2>, 4, TrivialOffsetCalculator<1, unsigned int>, TrivialOffsetCalculator<1, unsigned int>, memory::LoadWithCast<1>, memory::StoreWithCast<1>>(int, T1, T2, T4, T5, T6, T7)",39296.0,0.0,5792.0,0.44,0.16
"void at::vectorized_elementwise_kernel<4, void at::<unnamed>::pow_tensor_scalar_kernel_impl<float, float>(at::TensorIteratorBase &, T2)::[lambda(float) (instance 1)], std::array<char *, 2>>(int, T2, T3)",19072.0,0.0,2944.0,0.43,0.05
"void at::reduce_kernel<512, 1, at::ReduceOp<float, at::MeanOps<float, float, float, float>, unsigned int, float, 4, 4>>(T3)",65408.0,0.0,5632.0,0.75,0.1
"void at::vectorized_elementwise_kernel<4, at::CUDAFunctorOnSelf_add<float>, std::array<char *, 2>>(int, T2, T3)",4864.0,0.0,3200.0,0.1,0.02
"void at::vectorized_elementwise_kernel<4, at::rsqrt_kernel_cuda(at::TensorIteratorBase &)::[lambda() (instance 2)]::operator ()() const::[lambda() (instance 2)]::operator ()() const::[lambda(float) (instance 1)], std::array<char *, 2>>(int, T2, T3)",6400.0,0.0,2848.0,0.15,0.04
"void at::elementwise_kernel<128, 2, void at::gpu_kernel_impl_nocast<at::BinaryFunctor<float, float, float, binary_internal::MulFunctor<float>>>(at::TensorIteratorBase &, const T1 &)::[lambda(int) (instance 1)]>(int, T3)",25472.0,0.0,4224.0,0.39,0.18
"void at::vectorized_elementwise_kernel<4, at::float16_copy_kernel_cuda(at::TensorIteratorBase &)::[lambda(float) (instance 1)], std::array<char *, 2>>(int, T2, T3)",19328.0,0.0,2944.0,0.43,0.05
"void at::vectorized_elementwise_kernel<4, at::BinaryFunctor<c10::Half, c10::Half, c10::Half, binary_internal::MulFunctor<float>>, std::array<char *, 3>>(int, T2, T3)",20608.0,0.0,3008.0,0.45,0.08
ampere_fp16_s16816gemm_fp16_64x64_sliced1x2_ldg8_relu_f2f_stages_64x6_tn,25720448.0,847616.0,28128.0,60.85,18.85
"void gemv2T_kernel_val<int, int, __half, float, float, float, 128, 16, 4, 4, 0, 1, cublasGemvParamsEx<int, cublasGemvTensorStridedBatched<const __half>, cublasGemvTensorStridedBatched<const float>, cublasGemvTensorStridedBatched<float>, float>>(T13, T6, T6)",3686144.0,384.0,10688.0,22.23,20.51
"void cublasLt::splitKreduce_kernel<32, 16, int, float, __half, float, __half, 0, __half, __half, __half, 1, 0, 0>(cublasLt::cublasSplitKParams<T6>, const T4 *, const T10 *, T9 *, T5 *, const T6 *, const T6 *, const T11 *, const T4 *, T11 *, void *, long, T6 *, int *, T6 *, T6 *, const T6 *, const T6 *, const T6 *, const T6 *, const T6 *)",40704.0,0.0,3744.0,0.71,3.54
"void epilogue::globalKernel<8, 32, __half, __half, float, 1, 1, 1>(int, int, long, T3 *, cublasLtEpilogue_t, int, T4 *, long, void *, long, long, long, T5 *, long, int *)",7808.0,0.0,3616.0,0.14,1.14
"void gemv2T_kernel_val<int, int, __half, float, float, float, 128, 16, 4, 4, 0, 1, cublasGemvParamsEx<int, cublasGemvTensorStridedBatched<const __half>, cublasGemvTensorStridedBatched<const float>, cublasGemvTensorStridedBatched<float>, float>>(T13, T6, T6)",3686144.0,384.0,10784.0,22.12,20.39
"void cublasLt::splitKreduce_kernel<32, 16, int, float, __half, float, __half, 0, __half, __half, __half, 1, 0, 0>(cublasLt::cublasSplitKParams<T6>, const T4 *, const T10 *, T9 *, T5 *, const T6 *, const T6 *, const T11 *, const T4 *, T11 *, void *, long, T6 *, int *, T6 *, T6 *, const T6 *, const T6 *, const T6 *, const T6 *, const T6 *)",40704.0,0.0,3744.0,0.71,3.52
"void epilogue::globalKernel<8, 32, __half, __half, float, 1, 1, 1>(int, int, long, T3 *, cublasLtEpilogue_t, int, T4 *, long, void *, long, long, long, T5 *, long, int *)",8320.0,0.0,3296.0,0.16,1.25
"void at::elementwise_kernel<128, 4, void at::gpu_kernel_impl_nocast<at::BinaryFunctor<c10::Half, c10::Half, c10::Half, binary_internal::MulFunctor<float>>>(at::TensorIteratorBase &, const T1 &)::[lambda(int) (instance 1)]>(int, T3)",27264.0,0.0,5376.0,0.33,0.17
"void at::elementwise_kernel<128, 4, void at::gpu_kernel_impl_nocast<at::neg_kernel_cuda(at::TensorIteratorBase &)::[lambda() (instance 2)]::operator ()() const::[lambda() (instance 8)]::operator ()() const::[lambda(c10::Half) (instance 1)]>(at::TensorIteratorBase &, const T1 &)::[lambda(int) (instance 1)]>(int, T3)",21376.0,0.0,5376.0,0.26,0.07
"void at::<unnamed>::CatArrayBatchedCopy<at::<unnamed>::OpaqueType<2>, unsigned int, 4, 64, 64>(T1 *, at::<unnamed>::CatArrInputTensorMetadata<T1, T2, T4, T5>, at::<unnamed>::TensorSizeStride<T2, 4>, int, T2)",14336.0,0.0,6848.0,0.14,3.6
"void at::elementwise_kernel<128, 4, void at::gpu_kernel_impl_nocast<at::BinaryFunctor<c10::Half, c10::Half, c10::Half, binary_internal::MulFunctor<float>>>(at::TensorIteratorBase &, const T1 &)::[lambda(int) (instance 1)]>(int, T3)",27136.0,0.0,5184.0,0.34,0.17
"void at::vectorized_elementwise_kernel<4, at::CUDAFunctor_add<c10::Half>, std::array<char *, 3>>(int, T2, T3)",20992.0,0.0,3008.0,0.46,0.08
"void at::elementwise_kernel<128, 4, void at::gpu_kernel_impl_nocast<at::BinaryFunctor<c10::Half, c10::Half, c10::Half, binary_internal::MulFunctor<float>>>(at::TensorIteratorBase &, const T1 &)::[lambda(int) (instance 1)]>(int, T3)",21120.0,0.0,4832.0,0.28,0.03
"void at::elementwise_kernel<128, 4, void at::gpu_kernel_impl_nocast<at::neg_kernel_cuda(at::TensorIteratorBase &)::[lambda() (instance 2)]::operator ()() const::[lambda() (instance 8)]::operator ()() const::[lambda(c10::Half) (instance 1)]>(at::TensorIteratorBase &, const T1 &)::[lambda(int) (instance 1)]>(int, T3)",18304.0,0.0,3936.0,0.3,0.02
"void at::<unnamed>::CatArrayBatchedCopy<at::<unnamed>::OpaqueType<2>, unsigned int, 4, 64, 64>(T1 *, at::<unnamed>::CatArrInputTensorMetadata<T1, T2, T4, T5>, at::<unnamed>::TensorSizeStride<T2, 4>, int, T2)",7936.0,0.0,5344.0,0.1,4.05
"void at::elementwise_kernel<128, 4, void at::gpu_kernel_impl_nocast<at::BinaryFunctor<c10::Half, c10::Half, c10::Half, binary_internal::MulFunctor<float>>>(at::TensorIteratorBase &, const T1 &)::[lambda(int) (instance 1)]>(int, T3)",20992.0,0.0,4928.0,0.28,0.03
"void at::vectorized_elementwise_kernel<4, at::CUDAFunctor_add<c10::Half>, std::array<char *, 3>>(int, T2, T3)",8320.0,0.0,3104.0,0.17,0.04
"void at::<unnamed>::CatArrayBatchedCopy_vectorized<at::<unnamed>::OpaqueType<2>, unsigned int, 3, 128, 1, 16, 8>(char *, at::<unnamed>::CatArrInputTensorMetadata<T1, T2, T4, T5>, at::<unnamed>::TensorSizeStride<T2, 4>, int, T2)",2102272.0,0.0,5920.0,23.04,11.39
"void at::<unnamed>::CatArrayBatchedCopy_vectorized<at::<unnamed>::OpaqueType<2>, unsigned int, 3, 128, 1, 16, 8>(char *, at::<unnamed>::CatArrInputTensorMetadata<T1, T2, T4, T5>, at::<unnamed>::TensorSizeStride<T2, 4>, int, T2)",2102272.0,0.0,5952.0,22.83,11.35
"void pytorch_flash::flash_fwd_splitkv_kernel<Flash_fwd_kernel_traits<128, 64, 128, 4, 0, 0, cutlass::half_t, Flash_kernel_traits<128, 64, 128, 4, cutlass::half_t>>, 0, 0, 0, 0, 1, 0, 1, 0>(pytorch_flash::Flash_fwd_params)",4261888.0,0.0,10432.0,26.36,8.89
"void pytorch_flash::flash_fwd_splitkv_combine_kernel<Flash_fwd_kernel_traits<128, 64, 128, 4, 0, 0, cutlass::half_t, Flash_kernel_traits<128, 64, 128, 4, cutlass::half_t>>, 4, 5, 1>(pytorch_flash::Flash_fwd_params)",268288.0,0.0,13344.0,1.3,0.28
ampere_fp16_s16816gemm_fp16_64x64_sliced1x2_ldg8_f2f_stages_64x6_tn,25712256.0,931712.0,26784.0,64.02,19.77
"void at::vectorized_elementwise_kernel<4, at::CUDAFunctor_add<c10::Half>, std::array<char *, 3>>(int, T2, T3)",20608.0,0.0,3040.0,0.44,0.08
"void at::unrolled_elementwise_kernel<at::direct_copy_kernel_cuda(at::TensorIteratorBase &)::[lambda() (instance 3)]::operator ()() const::[lambda() (instance 7)]::operator ()() const::[lambda(float) (instance 1)], std::array<char *, 2>, 4, TrivialOffsetCalculator<1, unsigned int>, TrivialOffsetCalculator<1, unsigned int>, memory::LoadWithCast<1>, memory::StoreWithCast<1>>(int, T1, T2, T4, T5, T6, T7)",39296.0,0.0,5888.0,0.43,0.16
"void at::vectorized_elementwise_kernel<4, void at::<unnamed>::pow_tensor_scalar_kernel_impl<float, float>(at::TensorIteratorBase &, T2)::[lambda(float) (instance 1)], std::array<char *, 2>>(int, T2, T3)",19072.0,0.0,2944.0,0.42,0.05
"void at::reduce_kernel<512, 1, at::ReduceOp<float, at::MeanOps<float, float, float, float>, unsigned int, float, 4, 4>>(T3)",65408.0,0.0,5824.0,0.73,0.1
"void at::vectorized_elementwise_kernel<4, at::CUDAFunctorOnSelf_add<float>, std::array<char *, 2>>(int, T2, T3)",4864.0,0.0,2688.0,0.12,0.02
"void at::vectorized_elementwise_kernel<4, at::rsqrt_kernel_cuda(at::TensorIteratorBase &)::[lambda() (instance 2)]::operator ()() const::[lambda() (instance 2)]::operator ()() const::[lambda(float) (instance 1)], std::array<char *, 2>>(int, T2, T3)",6400.0,0.0,2848.0,0.15,0.04
"void at::elementwise_kernel<128, 2, void at::gpu_kernel_impl_nocast<at::BinaryFunctor<float, float, float, binary_internal::MulFunctor<float>>>(at::TensorIteratorBase &, const T1 &)::[lambda(int) (instance 1)]>(int, T3)",25344.0,0.0,4064.0,0.4,0.18
"void at::vectorized_elementwise_kernel<4, at::float16_copy_kernel_cuda(at::TensorIteratorBase &)::[lambda(float) (instance 1)], std::array<char *, 2>>(int, T2, T3)",19712.0,0.0,3008.0,0.43,0.05
"void at::vectorized_elementwise_kernel<4, at::BinaryFunctor<c10::Half, c10::Half, c10::Half, binary_internal::MulFunctor<float>>, std::array<char *, 3>>(int, T2, T3)",21120.0,0.0,3008.0,0.46,0.08
ampere_fp16_s16816gemm_fp16_128x64_ldg8_f2f_stages_32x6_tn,135815168.0,2445056.0,111616.0,79.67,25.03
"void cublasLt::splitKreduce_kernel<32, 16, int, __half, __half, float, __half, 0, __half, __half, __half, 1, 0, 0>(cublasLt::cublasSplitKParams<T6>, const T4 *, const T10 *, T9 *, T5 *, const T6 *, const T6 *, const T11 *, const T4 *, T11 *, void *, long, T6 *, int *, T6 *, T6 *, const T6 *, const T6 *, const T6 *, const T6 *, const T6 *)",160000.0,0.0,4736.0,2.19,13.62
"void at::vectorized_elementwise_kernel<4, at::<unnamed>::silu_kernel(at::TensorIteratorBase &)::[lambda() (instance 1)]::operator ()() const::[lambda() (instance 5)]::operator ()() const::[lambda(c10::Half) (instance 1)], std::array<char *, 2>>(int, T2, T3)",51072.0,0.0,3648.0,0.91,0.7
ampere_fp16_s16816gemm_fp16_128x64_ldg8_f2f_stages_32x6_tn,135813888.0,2454400.0,110016.0,80.84,25.39
"void cublasLt::splitKreduce_kernel<32, 16, int, __half, __half, float, __half, 0, __half, __half, __half, 1, 0, 0>(cublasLt::cublasSplitKParams<T6>, const T4 *, const T10 *, T9 *, T5 *, const T6 *, const T6 *, const T11 *, const T4 *, T11 *, void *, long, T6 *, int *, T6 *, T6 *, const T6 *, const T6 *, const T6 *, const T6 *, const T6 *)",160000.0,0.0,4672.0,2.22,13.94
"void at::vectorized_elementwise_kernel<4, at::BinaryFunctor<c10::Half, c10::Half, c10::Half, binary_internal::MulFunctor<float>>, std::array<char *, 3>>(int, T2, T3)",82048.0,0.0,3136.0,1.71,0.25
ampere_fp16_s16816gemm_fp16_64x64_sliced1x2_ldg8_f2f_stages_64x6_tn,135850880.0,2403072.0,110848.0,80.22,25.2
"void cublasLt::splitKreduce_kernel<32, 16, int, __half, __half, float, __half, 0, __half, __half, __half, 1, 0, 0>(cublasLt::cublasSplitKParams<T6>, const T4 *, const T10 *, T9 *, T5 *, const T6 *, const T6 *, const T11 *, const T4 *, T11 *, void *, long, T6 *, int *, T6 *, T6 *, const T6 *, const T6 *, const T6 *, const T6 *, const T6 *)",72960.0,0.0,3936.0,1.2,3.52
"void at::vectorized_elementwise_kernel<4, at::CUDAFunctor_add<c10::Half>, std::array<char *, 3>>(int, T2, T3)",20608.0,0.0,3008.0,0.45,0.08
"void at::unrolled_elementwise_kernel<at::direct_copy_kernel_cuda(at::TensorIteratorBase &)::[lambda() (instance 3)]::operator ()() const::[lambda() (instance 7)]::operator ()() const::[lambda(float) (instance 1)], std::array<char *, 2>, 4, TrivialOffsetCalculator<1, unsigned int>, TrivialOffsetCalculator<1, unsigned int>, memory::LoadWithCast<1>, memory::StoreWithCast<1>>(int, T1, T2, T4, T5, T6, T7)",39296.0,0.0,5824.0,0.44,0.16
"void at::vectorized_elementwise_kernel<4, void at::<unnamed>::pow_tensor_scalar_kernel_impl<float, float>(at::TensorIteratorBase &, T2)::[lambda(float) (instance 1)], std::array<char *, 2>>(int, T2, T3)",19072.0,0.0,2944.0,0.42,0.05
"void at::reduce_kernel<512, 1, at::ReduceOp<float, at::MeanOps<float, float, float, float>, unsigned int, float, 4, 4>>(T3)",65408.0,0.0,5760.0,0.74,0.1
"void at::vectorized_elementwise_kernel<4, at::CUDAFunctorOnSelf_add<float>, std::array<char *, 2>>(int, T2, T3)",4864.0,0.0,2656.0,0.12,0.02
"void at::vectorized_elementwise_kernel<4, at::rsqrt_kernel_cuda(at::TensorIteratorBase &)::[lambda() (instance 2)]::operator ()() const::[lambda() (instance 2)]::operator ()() const::[lambda(float) (instance 1)], std::array<char *, 2>>(int, T2, T3)",6528.0,0.0,2848.0,0.15,0.04
"void at::elementwise_kernel<128, 2, void at::gpu_kernel_impl_nocast<at::BinaryFunctor<float, float, float, binary_internal::MulFunctor<float>>>(at::TensorIteratorBase &, const T1 &)::[lambda(int) (instance 1)]>(int, T3)",25600.0,0.0,4256.0,0.39,0.18
"void at::vectorized_elementwise_kernel<4, at::float16_copy_kernel_cuda(at::TensorIteratorBase &)::[lambda(float) (instance 1)], std::array<char *, 2>>(int, T2, T3)",19328.0,0.0,2816.0,0.45,0.05
"void at::vectorized_elementwise_kernel<4, at::BinaryFunctor<c10::Half, c10::Half, c10::Half, binary_internal::MulFunctor<float>>, std::array<char *, 3>>(int, T2, T3)",20608.0,0.0,3104.0,0.43,0.07
ampere_fp16_s16816gemm_fp16_64x64_sliced1x2_ldg8_f2f_stages_64x5_tn,1090047616.0,2629888.0,754592.0,93.11,29.69
