t_s,batch,n_prefill,prefilling,prefill_tokens,prefill_ms,decode_ms,gather_ms,iteration_ms,padding_waste,context_max,waiting,preempted,kv_blocks_used,kv_slot_utilization,wasted_decode_tokens
0.02939,0,1,1,256,29.325751999749627,0.0,0.0,29.378277999967395,0.0,0,0,0,63,0.25396825396825395,0
0.05926,0,0,1,256,29.82979000034902,0.0,0.0,29.85876599996118,0.0,0,0,0,63,0.5079365079365079,0
0.08993,0,0,1,256,30.629599999883794,0.0,0.0,30.66586399972948,0.0,0,0,0,63,0.7619047619047619,0
0.14869,1,0,0,225,32.97217700037436,25.74363900021126,1.3700640001843567,58.747985000081826,0.0,993,0,0,63,0.9861111111111112,0
0.17428,1,0,0,0,0.00031400031730299816,25.559471000178746,0.9146649999820511,25.59115500025655,0.0,994,0,0,63,0.9871031746031746,0
0.22547,1,1,1,256,25.96132899998338,25.15936200006763,0.9126499999183579,51.17667500007883,0.0,995,0,0,149,0.5251677852348994,0
0.27981,1,0,1,256,28.692061000128888,25.612499000089883,1.0330420000173035,54.337683000085235,0.0,996,0,0,149,0.6329697986577181,0
0.33449,1,0,1,256,29.4126620001407,25.20706199993583,0.9040360000653891,54.65400699995371,0.0,997,0,0,149,0.7407718120805369,0
0.38912,1,0,1,256,29.102426999997988,25.485619999926712,0.9088910001082695,54.62374099988665,0.0,998,0,0,149,0.8485738255033557,0
0.4465,1,0,1,256,32.13990900030694,25.201054999797634,0.9069039997484651,57.374917000288406,0.0,999,0,0,149,0.9563758389261745,0
0.50977,2,0,0,86,31.887526999980764,31.341148000137764,1.8940689997180016,63.25895500003753,0.1339677891654466,1366,0,0,149,0.9932885906040269,0
0.53981,2,0,0,0,0.0003850000211969018,30.007741000190435,1.4303909997579467,30.03745899968635,0.1338697878566203,1367,0,0,149,0.9941275167785235,0
0.57059,2,0,0,0,0.000288999672193313,30.721676999746705,1.4278500002546934,30.751398999655066,0.13377192982456143,1368,0,0,149,0.9949664429530202,0
0.60132,2,0,0,0,0.0002910001057898626,30.696482000166725,1.4411880001716781,30.726092999884713,0.13367421475529584,1369,0,0,149,0.9958053691275168,0
0.63216,2,0,0,0,0.000532999820279656,30.801897000401368,1.5376960000139661,30.83244699973875,0.13357664233576638,1370,0,0,149,0.9966442953020134,0
0.6625,2,0,0,0,0.0003089999154326506,30.304091999823868,1.430927999990672,30.333012000028248,0.1334792122538293,1371,0,0,149,0.99748322147651,0
0.69261,2,0,0,0,0.00033400010579498485,30.076331999680406,1.4283420000538172,30.10351599959904,0.13338192419825068,1372,0,0,149,0.9983221476510067,0
0.72303,2,0,0,0,0.0003000000106112566,30.381420999674447,1.4182290001372166,30.41374199983693,0.13328477785870352,1373,0,0,149,0.9991610738255033,0
0.75403,2,0,0,0,0.00034900040191132575,30.953188000239606,1.4659769999525452,30.989182000212168,0.13318777292576423,1374,0,0,150,0.9933333333333333,0
0.78426,2,0,0,0,0.0003320001269457862,30.193312999927002,1.4378400001078262,30.223053000099753,0.13309090909090904,1375,0,0,150,0.9941666666666666,0
0.81515,2,0,0,0,0.00025300005290773697,30.849517999740783,1.4497699999083125,30.880370999966544,0.1329941860465116,1376,0,0,151,0.9884105960264901,0
0.84601,2,0,0,0,0.0002950000634882599,30.831572999886703,1.4583540000785433,30.862226999943232,0.1328976034858388,1377,0,0,151,0.9892384105960265,0
0.87695,2,0,0,0,0.0004979997356713284,30.89753299991571,1.442239999960293,30.929710999771487,0.13280116110304785,1378,0,0,151,0.9900662251655629,0
0.9077,2,0,0,0,0.00037500012695090845,30.709787999967375,1.4331360002870497,30.73832800009768,0.13270485859318348,1379,0,0,151,0.9908940397350994,0
0.93842,2,0,0,0,0.00038999996831989847,30.686477000017476,1.433266999811167,30.72421300021233,0.13260869565217392,1380,0,0,151,0.9917218543046358,0
0.96913,2,0,0,0,0.00029600005291285925,30.66006099970764,1.4385680001396395,30.690162000155397,0.13251267197682837,1381,0,0,151,0.9925496688741722,0
0.9993,2,0,0,0,0.00029600005291285925,30.134675999761384,1.4374269999279932,30.164904000230308,0.13241678726483352,1382,0,0,151,0.9933774834437086,0
1.02902,2,0,0,0,0.0002950000634882599,29.69042900031127,1.4270420001594175,29.720459000145638,0.13232104121475052,1383,0,0,151,0.9942052980132451,0
1.05944,2,0,0,0,0.0005360002433008049,30.37483300022359,1.4182569998411054,30.408391000037227,0.13222543352601157,1384,0,0,151,0.9950331125827815,0
1.09018,2,0,0,0,0.0003039999683096539,30.69738000021971,1.4767080001547583,30.727755000043544,0.13212996389891696,1385,0,0,151,0.9958609271523179,0
1.12119,2,0,0,0,0.00029600005291285925,30.978828000115755,1.4479430001301807,31.007030999717244,0.13203463203463206,1386,0,0,151,0.9966887417218543,0
1.15235,2,0,0,0,0.0003670002115541138,31.11850499999491,1.4744469999641296,31.149421999998594,0.1319394376351839,1387,0,0,151,0.9975165562913907,0
1.18399,2,0,0,0,0.0003229997673770413,31.60991799995827,1.4598289999412373,31.64006099996186,0.13184438040345825,1388,0,0,151,0.9983443708609272,0
1.21554,2,0,0,0,0.00046200011638575234,31.49799399989206,1.4825690000179748,31.537894000393862,0.13174946004319654,1389,0,0,151,0.9991721854304636,0
1.24641,2,0,0,0,0.00031100034902920015,30.824595000012778,1.448077000077319,30.85763900025995,0.13165467625899285,1390,0,0,152,0.993421052631579,0
1.27657,2,0,0,0,0.0007129997356969398,30.125461999887193,1.4498060004370927,30.15599399986968,0.13156002875629047,1391,0,0,152,0.9942434210526315,0
1.30747,2,0,0,0,0.0004180001269560307,30.866672999763978,1.4478209996013902,30.896244999894407,0.13146551724137934,1392,0,0,153,0.988562091503268,0
1.3379,2,0,0,0,0.0003269997250754386,30.387305000203924,1.4589810002689774,30.42028300023958,0.13137114142139272,1393,0,0,153,0.9893790849673203,0
1.36898,2,0,0,0,0.00030499995773425326,31.038378999710403,1.4660500000900356,31.07549900005324,0.13127690100430411,1394,0,0,153,0.9901960784313726,0
1.39973,2,0,0,0,0.0005920001058257185,30.707506999988254,1.6207700000450131,30.738157999621762,0.13118279569892477,1395,0,0,153,0.9910130718954249,0
1.4305,2,0,0,0,0.00028399972507031634,30.732139000065217,1.452900000003865,30.7612709998466,0.13108882521489973,1396,0,0,153,0.9918300653594772,0
1.46182,2,0,0,0,0.0003320001269457862,31.285039000067627,1.9667699998535682,31.330912000157696,0.1309949892627058,1397,0,0,153,0.9926470588235294,0
1.49259,2,0,0,0,0.0006400000529538374,30.718225000327948,1.468389999899955,30.749146999824006,0.13090128755364805,1398,0,0,153,0.9934640522875817,0
1.52277,2,0,0,0,0.0002910001057898626,30.13976800002638,1.4647269999841228,30.16967300027318,0.13080771979985706,1399,0,0,153,0.994281045751634,0
1.55357,2,0,0,0,0.0002849997144949157,30.772794000313297,1.474212000175612,30.802916000084224,0.13071428571428567,1400,0,0,153,0.9950980392156863,0
1.58435,2,0,0,0,0.00031299987313104793,30.737497999780317,1.4643230001638585,30.768285000249307,0.13062098501070663,1401,0,0,153,0.9959150326797386,0
1.61499,2,0,0,0,0.0003000000106112566,30.605447000198183,1.4496849998977268,30.633840000064083,0.130527817403709,1402,0,0,153,0.9967320261437909,0
1.6455,2,0,0,0,0.0003029999788850546,30.464106000181346,1.450829000077647,30.498587999773008,0.13043478260869568,1403,0,0,153,0.9975490196078431,0
1.6765,2,0,0,0,0.0003229997673770413,30.963429000166798,1.489952000156336,30.99410999993779,0.13034188034188032,1404,0,0,153,0.9983660130718954,0
1.70711,2,0,0,0,0.00025199960873578675,30.571528000109538,1.470717000302102,30.59771099970021,0.13024911032028474,1405,0,0,153,0.9991830065359477,0
1.73785,2,0,0,0,0.0004079997779626865,30.6918329997643,1.4683730000797368,30.73773500000243,0.13015647226173543,1406,0,0,154,0.9935064935064936,0
1.76793,2,0,0,0,0.00028500016924226657,30.048221000015474,1.4659160001428972,30.079393000050914,0.13006396588486135,1407,0,0,154,0.9943181818181818,0
1.79858,2,0,0,0,0.0005759998202847783,30.609307000304398,1.4681949996884214,30.641494000064995,0.12997159090909094,1408,0,0,155,0.9887096774193549,0
1.82986,2,0,0,0,0.00024099972506519407,31.238530999871728,1.4744150003025425,31.268204000298283,0.12987934705464865,1409,0,0,155,0.989516129032258,0
1.86061,2,0,0,0,0.00026399993657832965,30.709913999999117,1.4658559998679266,30.739195000023756,0.1297872340425532,1410,0,0,155,0.9903225806451613,0
1.89135,2,0,0,0,0.0003010000000358559,30.704342999797518,1.492078999945079,30.734711000150128,0.1296952515946137,1411,0,0,155,0.9911290322580645,0
1.92217,2,0,0,0,0.0002939996193163097,30.788389000008465,1.469012000143266,30.816858999969554,0.1296033994334278,1412,0,0,155,0.9919354838709677,0
1.95265,2,0,0,0,0.0003059999471588526,30.446609999671637,1.4983360001679102,30.475432999992336,0.1295116772823779,1413,0,0,155,0.992741935483871,0
1.98276,2,0,0,0,0.000273999830824323,30.074831000092672,1.4593380001315381,30.104397000286554,0.1294200848656294,1414,0,0,155,0.9935483870967742,0
2.01314,2,0,0,0,0.00041600014810683206,30.341479999606236,1.4930819997971412,30.370833000233688,0.12932862190812722,1415,0,0,155,0.9943548387096774,0
2.04396,2,0,0,0,0.0003390000529179815,30.782491999616468,1.5074000002641696,30.81160900001123,0.1292372881355932,1416,0,0,155,0.9951612903225806,0
2.07492,2,0,0,0,0.00030199998946045525,30.926672999612492,1.4889519998178002,30.95657299991217,0.1291460832745236,1417,0,0,155,0.9959677419354839,0
2.10495,2,0,0,0,0.00028700014809146523,29.989654000019073,1.4730259999851114,30.018133999874408,0.1290550070521862,1418,0,0,155,0.9967741935483871,0
2.13499,2,0,0,0,0.0003000000106112566,30.009714000243548,1.431317999958992,30.033459000151197,0.12896405919661735,1419,0,0,155,0.9975806451612903,0
2.16485,2,0,0,0,0.00029600005291285925,29.813308000029792,1.4172729997881106,29.85300599993934,0.12887323943661977,1420,0,0,155,0.9983870967741936,0
2.19456,2,0,0,0,0.00034499998946557753,29.67896300015127,1.4190839997354487,29.70398799971008,0.12878254750175933,1421,0,0,155,0.9991935483870967,0
2.22431,2,0,0,0,0.0002920000952144619,29.71287599984862,1.4191220002430782,29.737527999714075,0.12869198312236285,1422,0,0,156,0.9935897435897436,0
2.25344,2,0,0,0,0.00026399993657832965,29.101693000029627,1.4453560002039012,29.125829999884445,0.12860154602951512,1423,0,0,156,0.9943910256410257,0
2.28316,2,0,0,0,0.00031699983082944527,29.6904239999094,1.4574420001736144,29.717152000102942,0.1285112359550562,1424,0,0,157,0.9888535031847133,0
2.31282,2,0,0,0,0.00028500016924226657,29.634281000198825,1.4453910002885095,29.669818000002124,0.128421052631579,1425,0,0,157,0.9896496815286624,0
2.34293,2,0,0,0,0.0002909996510425117,30.05944400001681,1.437160000023141,30.085809999945923,0.12833099579242635,1426,0,0,157,0.9904458598726115,0
2.37268,2,0,0,0,0.000261999957729131,29.720496999743773,1.4788720000069588,29.745300999820756,0.12824106517168887,1427,0,0,157,0.9912420382165605,0
2.40291,2,0,0,0,0.00029600005291285925,30.194394999853102,1.4599290002479393,30.21995099970809,0.12815126050420167,1428,0,0,157,0.9920382165605095,0
2.43316,2,0,0,0,0.00028400017981766723,30.21842399994057,1.48318699984884,30.248077000123885,0.12806158152554237,1429,0,0,157,0.9928343949044586,0
2.46342,2,0,0,0,0.0003000000106112566,30.222039999898698,1.5024170002106985,30.24894600002881,0.127972027972028,1430,0,0,157,0.9936305732484076,0
2.49291,2,0,0,0,0.00026099996830453165,29.457384000124875,1.5164950000325916,29.48653800012835,0.1278825995807128,1431,0,0,157,0.9944267515923567,0
2.52327,2,0,0,0,0.000550999629922444,30.32315300015398,1.4980739997554338,30.359096999745816,0.1277932960893855,1432,0,0,157,0.9952229299363057,0
2.55388,2,0,0,0,0.0003609998202591669,30.57034500034206,1.528792000044632,30.598846999964735,0.1277041172365666,1433,0,0,157,0.9960191082802548,0
2.5844,2,0,0,0,0.0003639997885329649,30.485739999676298,1.5261129997270473,30.5148869997538,0.12761506276150625,1434,0,0,157,0.9968152866242038,0
2.6147,2,0,0,0,0.0003710001692525111,30.264350000379636,1.5647160003027238,30.28926800016052,0.1275261324041812,1435,0,0,157,0.9976114649681529,0
2.64506,2,0,0,0,0.0003180002750013955,30.323722000048292,1.4874540001983405,30.35772899966105,0.12743732590529244,1436,0,0,157,0.9984076433121019,0
2.67608,2,0,0,0,0.0010160001693293452,30.974698000136414,1.5806999999767868,31.00405499981207,0.12734864300626303,1437,0,0,157,0.9992038216560509,0
2.70683,2,0,0,0,0.00039500037019024603,30.707951000294997,1.5155679998315463,30.763119999846822,0.127260083449235,1438,0,0,158,0.9936708860759493,0
2.7378,2,0,0,0,0.0003970003490394447,30.91987599964341,1.5496999999413674,30.94876699969973,0.1271716469770674,1439,0,0,158,0.9944620253164557,0
2.76846,2,0,0,0,0.00042400006350362673,30.600497999785148,1.5168659997470968,30.64897000012934,0.12708333333333333,1440,0,0,159,0.9889937106918238,0
2.79907,2,0,0,0,0.00037800009522470646,30.570265999813273,1.5364000000772648,30.599201999848447,0.12699514226231778,1441,0,0,159,0.9897798742138365,0
2.82996,2,0,0,0,0.0003059999471588526,30.86115099995368,1.5277530001185369,30.888433999734843,0.1269070735090153,1442,0,0,159,0.9905660377358491,0
2.86102,2,0,0,0,0.0004779999471793417,31.021764000342955,1.9710219999069523,31.050812999637856,0.12681912681912677,1443,0,0,159,0.9913522012578616,0
2.91589,2,1,1,256,24.874541999906796,29.93328999991718,1.4739279999957944,54.85613700011527,0.12673130193905813,1444,0,0,193,0.9002590673575129,0
2.9755,2,0,1,256,28.779640999800904,30.80095000041183,1.548719999846071,59.61417000025904,0.126643598615917,1445,0,0,193,0.9838082901554405,0
3.03661,3,0,0,27,29.40238400015005,31.667451999965124,2.277356999911717,61.102866000055656,0.29345320424158594,1446,0,0,193,0.9935233160621761,0
3.09243,3,1,1,256,25.264012000207003,30.47784499995032,1.9215349998376041,55.807463000292046,0.2932504031329187,1447,0,0,282,0.7373670212765957,0
3.15337,3,1,2,256,29.191240999807633,31.688941000084014,1.9642889997157909,60.93609099980313,0.29304788213627997,1448,0,0,319,0.7025862068965517,0
3.21421,3,0,2,256,29.356226999880164,31.428157999926043,1.9146899999213929,60.817063999820675,0.2928456406717276,1449,0,0,319,0.7533307210031348,0
3.27413,3,0,2,256,28.931338999882428,30.950748000122985,1.877949000117951,59.916456999872025,0.2926436781609195,1450,0,0,319,0.8040752351097179,0
3.33478,3,0,2,256,29.331683999771485,31.272670999896945,2.0597520001501834,60.64001000004282,0.2924419940271077,1451,0,0,320,0.8521484375,0
3.42284,4,0,1,256,55.934169000011025,32.076679000056174,2.803753000080178,88.05861000018922,0.22572314049586772,1452,0,0,320,0.9029296875,0
3.48355,4,0,1,256,29.555043000073056,31.112983000184613,2.445494999847142,60.70185099997616,0.22556779077770128,1453,0,0,320,0.9537109375,0
3.54455,5,0,0,202,29.517174999909912,31.434843000170076,3.090059999976802,60.98503599969263,0.3005502063273727,1454,0,0,321,0.9910436137071651,0
3.57495,5,0,0,0,0.000291999640467111,30.374975000086124,2.7681980000124895,30.40048899993053,0.3003436426116839,1455,0,0,321,0.9920171339563862,0
3.60594,5,0,0,0,0.0002879996827687137,30.95462999999654,2.727982999658707,30.98371899977792,0.3001373626373627,1456,0,0,322,0.9899068322981367,0
3.63743,5,0,0,0,0.0002920000952144619,31.455102000109036,2.928384999904665,31.4823849998902,0.29993136582017843,1457,0,0,322,0.9908773291925466,0
3.66912,5,0,0,0,0.0003210002432751935,31.656008000027214,2.7403670001149294,31.69092300004195,0.2997256515775034,1458,0,0,322,0.9918478260869565,0
3.70213,5,0,0,0,0.0002890001269406639,32.963663000373344,2.8273190000618342,33.00516700028311,0.2995202193283071,1459,0,0,322,0.9928183229813664,0
3.73482,5,0,0,0,0.0003320001269457862,32.638977999795316,2.822110999659344,32.69026499992833,0.2993150684931507,1460,0,0,322,0.9937888198757764,0
3.76685,5,0,0,0,0.00036000028558191843,31.960583999989467,2.8148490000603488,32.00758399998449,0.2991101984941821,1461,0,0,322,0.9947593167701864,0
3.79836,5,0,0,0,0.0003150003067275975,31.467363000047044,2.7545899997676315,31.499359000008553,0.29890560875512995,1462,0,0,323,0.9926470588235294,0
3.82933,5,0,0,0,0.0006319996828096919,30.94016199975158,2.7597670000432117,30.971057999977347,0.2987012987012987,1463,0,0,323,0.9936145510835913,0
3.86156,5,0,0,0,0.0003120003384537995,32.189432999985,2.7623840001069766,32.228498999756994,0.29849726775956287,1464,0,0,323,0.9945820433436533,0
3.89416,5,0,0,0,0.0002720003067224752,32.52792200009935,2.8398940003171447,32.563005999691086,0.2982935153583618,1465,0,0,323,0.9955495356037152,0
3.92632,5,0,0,0,0.000520999947184464,32.109004000176355,2.8007939999952214,32.144279000021925,0.2980900409276944,1466,0,0,324,0.9934413580246914,0
3.95791,5,0,0,0,0.00031699983082944527,31.552339999961987,2.7665550001074735,31.587624999701802,0.2978868438991138,1467,0,0,325,0.9913461538461539,0
3.98947,5,0,0,0,0.00029799957701470703,31.5171580000424,2.7586420001171064,31.54797500019413,0.29768392370572205,1468,0,0,325,0.9923076923076923,0
4.04793,5,1,1,256,25.35783800021818,33.03626600018106,2.781704999961221,58.45066600022619,0.29748127978216476,1469,0,0,393,0.862118320610687,0
4.11042,5,0,1,256,29.330447999655007,33.11522800004241,2.8195330000926333,62.49008899976616,0.2972789115646258,1470,0,0,394,0.9013324873096447,0
4.17375,5,0,1,256,30.787314000008337,32.48601199993573,3.203665999990335,63.321170000108395,0.29707681849082257,1471,0,0,394,0.9427347715736041,0
4.23596,5,0,1,256,29.662812999958987,32.49925899990558,2.7832320001834887,62.20560000019759,0.296875,1472,0,0,395,0.9816455696202532,0
4.32677,6,1,1,256,56.77820599976258,33.96317199985788,3.7332060001062928,90.79733899989151,0.29101606698348037,1473,0,0,459,0.8804466230936819,0
4.38909,6,0,1,256,29.43704199969943,32.842512000115676,3.6957699999220495,62.31792700009464,0.2908186341022162,1474,0,0,459,0.9161220043572985,0
4.45236,6,0,1,256,29.852700999981607,33.362275999934354,3.305289999843808,63.25877800009039,0.2906214689265537,1475,0,0,460,0.9497282608695652,0
4.51559,6,0,1,256,30.360347999703663,32.819270999880246,3.3298179996563704,63.21717400032867,0.29042457091237583,1476,0,0,460,0.9853260869565217,0
4.60425,7,1,1,256,55.026156999701925,33.57761899997058,4.16639299965027,88.66113300018696,0.29345197794757716,1477,0,0,504,0.9319196428571429,0
4.6679,7,1,2,256,30.03975299998274,33.517824999762524,3.795180999986769,63.63923300023089,0.29325343127778847,1478,0,0,565,0.8603982300884956,0
4.75632,8,0,1,256,55.24271700005556,33.13507100028801,4.629691999980423,88.41758299968205,0.322684246112238,1479,0,0,565,0.8896017699115044,0
4.81909,8,0,1,256,29.241329999877053,33.478881000064575,4.146898999806581,62.76006699999925,0.3224662162162162,1480,0,0,565,0.9188053097345132,0
4.88321,8,0,1,256,29.853792000267276,34.21618800030046,4.1912970000339556,64.11249900020266,0.3222484807562458,1481,0,0,565,0.9480088495575221,0
4.94624,8,0,1,256,29.59155300004568,33.37380899984055,4.118359000131022,63.02080700015722,0.32203103913630227,1482,0,0,566,0.9754858657243817,0
5.03779,9,1,1,256,56.498038999961864,34.97898900013752,5.047097999977268,91.54741100019237,0.3256911665542819,1483,0,0,613,0.9277120717781403,0
5.10236,9,0,1,256,29.925396999715304,34.58879700019679,4.6341229999598,64.55829300011828,0.32547169811320753,1484,0,0,613,0.9547308319738989,0
5.16745,9,0,1,256,30.20328899992819,34.831054999813205,4.6648059997096425,65.07646999989447,0.32525252525252524,1485,0,0,613,0.9817495921696574,0
5.23362,10,0,0,121,30.764904000079696,35.34683100042457,5.446618999940256,66.15753699998095,0.3438761776581427,1486,0,0,615,0.991869918699187,0
5.26776,10,0,0,0,0.0003939999260182958,34.09917399994811,5.079644000034023,34.13739400002669,0.34364492266308,1487,0,0,615,0.9928861788617886,0
5.30254,10,0,0,0,0.00030999990485724993,34.73263300020335,5.065806999937195,34.77116499971089,0.34341397849462363,1488,0,0,617,0.9906807131280388,0
5.33745,10,0,0,0,0.00031399986255564727,34.85565700020743,5.166253999959736,34.89278300003207,0.3431833445265279,1489,0,0,618,0.9900889967637541,0
5.37308,10,0,0,0,0.0003259997356508393,35.59602999985145,5.449526999655063,35.636375000194676,0.34295302013422824,1490,0,0,618,0.9911003236245954,0
5.40853,10,0,0,0,0.0003179998202540446,35.396865000166144,5.101431000184675,35.436278999895876,0.34272300469483563,1491,0,0,619,0.9905088852988692,0
5.44515,10,0,0,0,0.0006509999366244301,36.57739299978857,5.145493000327406,36.6124199999831,0.3424932975871313,1492,0,0,619,0.9915185783521809,0
5.5079,10,1,1,256,27.284452999992936,35.391685999911715,5.201178999868716,62.74440400011372,0.34226389819156067,1493,0,0,673,0.9366641901931649,0
5.57306,10,0,1,256,29.692085000078805,35.40925299967057,5.084097999770165,65.14904000005117,0.3420348058902276,1494,0,0,674,0.9599406528189911,0
5.63717,10,1,2,256,29.545058000167046,34.490667000227404,5.065777000254457,64.10614500009615,0.34180602006688965,1495,0,0,760,0.8731907894736842,0
5.73141,11,0,1,256,58.34720399980142,35.837939999964874,5.8757199999490695,94.22873599987724,0.34947739426349056,1496,0,0,760,0.8951480263157895,0
5.79757,11,0,1,256,30.079202999786503,36.03436799994597,5.522972000107984,66.15861099999165,0.3492439424303152,1497,0,0,760,0.9171052631578948,0
5.86372,11,0,1,256,30.22118099988802,35.8575150003162,5.974191999939649,66.14171599994734,0.34901080228183035,1498,0,0,761,0.9378285151116952,0
5.92923,11,0,1,256,30.121355000119365,35.329456999988906,5.485517999659351,65.49870899971211,0.34877797319425075,1499,0,0,763,0.9572411533420708,0
5.99435,11,0,1,256,30.203179999716667,34.872358000029635,5.478146999848832,65.12202199974126,0.3485454545454545,1500,0,0,763,0.9791120576671035,0
6.06355,12,0,0,181,32.628438000301685,36.51994000028935,6.4601499998389045,69.19257299978199,0.32633799689096155,1501,0,0,763,0.9949213630406291,0
6.09981,12,0,0,0,0.00030999990485724993,36.20680699987133,6.110790000093402,36.245826999675046,0.32612072791833113,1502,0,0,765,0.9933006535947713,0
6.13552,12,0,0,0,0.014528000065183733,35.65672100012307,6.1413389998961065,35.70741600015026,0.32590374805943667,1503,0,0,766,0.9929830287206266,0
6.17152,12,0,0,0,0.0003090003701800015,35.94377900026302,6.09126000017568,35.99256300003617,0.3256870567375887,1504,0,0,768,0.9913736979166666,0
6.20892,12,0,0,0,0.00031399986255564727,37.33410700033346,6.5078459997494065,37.37486699992587,0.32547065337763015,1505,0,0,770,0.9897727272727272,0
6.24533,12,0,0,0,0.0003100003596046008,36.372074999690085,6.122379999851546,36.408012000265444,0.3252545374059318,1506,0,0,770,0.9907467532467532,0
6.28172,12,0,0,0,0.0004080002327100374,36.34011600024678,6.126078999841411,36.37923599990245,0.32503870825038705,1507,0,0,771,0.9904345006485085,0
6.31821,12,0,0,0,0.0003160002961521968,36.45068800005902,6.148061000203597,36.48765099978846,0.32482316534040667,1508,0,0,771,0.9914072632944229,0
6.35431,12,0,0,0,0.0003410000317671802,36.058555000181514,6.35734199977378,36.09540900015418,0.3246079081069141,1509,0,0,771,0.9923800259403373,0
6.3904,12,0,0,0,0.00028099975679651834,36.03594200012594,6.142890999853989,36.0804840001947,0.32439293598234,1510,0,0,772,0.9920660621761658,0
6.45158,12,1,1,256,25.56508699990445,35.54303100008838,6.129584000063915,61.177393999969354,0.3241782484006177,1511,0,0,859,0.9110884749708964,0
6.51661,12,0,1,256,28.981936000036512,35.9760549999919,6.1765279997416656,65.01382799979183,0.3239638447971781,1512,0,0,787,0.9246346886912326,0
6.58137,11,1,2,256,29.45596800009298,35.22727199970177,5.646172000069782,64.7550010003215,0.3311902902121012,1513,0,0,877,0.8487742303306728,0
6.64616,11,0,2,256,29.490684999927907,35.24325800026418,5.606511999758368,64.78439099964817,0.3309715383691606,1514,0,0,878,0.8668137813211845,0
6.71222,11,0,2,256,30.20411099987541,35.79571799991754,5.711515999792027,66.05000600029598,0.33075307530753073,1515,0,0,880,0.8838068181818182,0
6.80707,12,0,1,256,57.93712800004869,36.86753200008752,6.691756999771314,94.84769299979234,0.30997141600703604,1516,0,0,880,0.9028409090909091,0
6.87346,12,0,1,256,30.049459999645478,36.28971600028308,6.290956000157166,66.38343599979635,0.309767084157328,1517,0,0,880,0.921875,0
6.94003,12,0,1,256,29.654403000222374,36.85141699997985,6.229431000065233,66.55597100007071,0.3095630215195433,1518,0,0,881,0.9398410896708286,0
7.00601,12,1,2,256,29.633174000082363,36.275243000090995,6.333482000172808,65.97962599971652,0.3093592275619925,1519,0,0,968,0.8726756198347108,0
7.07286,12,1,3,256,30.508939000355895,36.260787999708555,6.290050000188785,66.84013799986133,0.309155701754386,1520,0,0,1025,0.8404878048780487,0
7.14011,12,0,3,256,30.335036999986187,36.85671999983242,6.71591200034527,67.23937000015212,0.30895244356782814,1521,0,0,1027,0.8551606621226875,0
7.23507,13,0,2,256,57.00222599989502,37.90397600005235,7.412380999994639,94.95319999996354,0.2892449206509653,1522,0,0,1027,0.871531158714703,0
7.30237,13,0,2,256,30.187215999831096,37.048767000214866,6.907164000040211,67.2962059998099,0.28905500277791807,1523,0,0,1028,0.8870379377431906,0
7.36902,13,0,2,256,30.61913999999888,35.979707000024064,6.810791000134486,66.64590200034581,0.28886533414092475,1524,0,0,1029,0.9025145772594753,0
7.43433,13,0,2,256,29.247729999951844,36.01360900029249,6.787140000142244,65.29909199980466,0.28867591424968475,1525,0,0,1029,0.9188532555879495,0
7.50053,13,1,3,256,29.432704000100784,36.70186199997261,7.163077000313933,66.20004800015522,0.28848674261518303,1526,0,0,1090,0.882855504587156,0
7.59398,14,0,2,256,56.10913300006359,37.28794900007415,7.908896000117238,93.4393090001322,0.27575077182149876,1527,0,0,1090,0.8983371559633028,0
7.6614,14,0,2,256,29.849961000309122,37.513724000291404,7.6630889998341445,67.41123000028892,0.27557030665669413,1528,0,0,1090,0.9138188073394495,0
7.72845,14,1,3,256,29.9792119999438,36.984243000006245,7.379173000117589,67.02772400012691,0.2753900775483509,1529,0,0,1181,0.8576947502116851,0
7.82359,15,0,2,256,55.318716000329005,39.759793000030186,8.383496000078594,95.1299690000269,0.28535947712418297,1530,0,0,1182,0.8712986463620981,0
7.89232,15,0,2,256,30.182154000158334,38.484984999740846,7.851902000311384,68.72342699989531,0.28517308948399733,1531,0,0,1184,0.8841321790540541,0
7.96161,15,0,2,256,30.108257999927446,39.12439700025061,8.089638999990711,69.28894500015303,0.2849869451697128,1532,0,0,1185,0.8976793248945147,0
8.03152,15,0,2,256,30.30572299985579,39.54059299985602,8.392795999952796,69.89121500009787,0.28480104370515325,1533,0,0,1185,0.9119725738396625,0
8.12728,16,1,2,256,57.10771599979125,38.57467599982556,8.723991999886493,95.76096500040876,0.29070241199478486,1534,0,0,1270,0.8643208661417323,0
8.19574,16,0,2,256,29.792104000080144,38.608200999988185,8.444601000064722,68.45439900007477,0.2905130293159609,1535,0,0,1272,0.8763266509433962,0
8.26451,16,0,2,256,29.71275100026105,38.99443699992844,8.583394999732263,68.76205700018545,0.29032389322916663,1536,0,0,1274,0.8882947409733124,0
8.3342,16,0,2,256,30.03261300000304,39.59596899994722,8.786457000041992,69.6787920001043,0.2901350032530904,1537,0,0,1276,0.9002253134796239,0
8.40444,16,0,2,256,30.420811000112735,39.76244800014683,8.455537999907392,70.23357100024441,0.2899463589076723,1538,0,0,1276,0.913548197492163,0
8.47411,16,0,2,256,30.818213000202377,38.79497799971432,8.465210999929695,69.66630899978554,0.2897579597141,1539,0,0,1277,0.9261452623335944,0
8.56937,17,0,1,256,55.72421199985911,39.47062299994286,9.764386000369996,95.24950100012575,0.275974025974026,1540,0,0,1278,0.9387715179968701,0
8.63677,17,0,1,256,28.707508000024973,38.63513599981161,9.004970000205503,67.38691700002164,0.27579493835171964,1541,0,0,1278,0.9521224569640062,0
8.70467,17,0,1,256,29.10691900024176,38.74078199987707,9.015209999688523,67.90174799971282,0.27561608300907914,1542,0,0,1279,0.9647185301016419,0
8.77077,17,0,1,256,28.496575999724882,37.559393999799795,9.084073999929387,66.09481799978312,0.2754374594944913,1543,0,0,1279,0.9780590304925724,0
8.83801,17,0,1,256,28.627849999793398,38.557927000056225,8.985553000002255,67.22483200019269,0.27525906735751293,1544,0,0,1279,0.9913995308835027,0
8.90779,18,0,0,73,29.508123000141495,40.22437499997977,9.941122999862273,69.78171999980987,0.2678532901833872,1545,0,0,1279,0.9958463643471462,0
8.94887,18,0,0,0,0.00031299987313104793,41.028470000128436,9.697727999991912,41.0748379999859,0.26768003449762834,1546,0,0,1282,0.9943935257410297,0
8.98991,18,0,0,0,0.000282999735645717,40.98358100009136,10.125608999715041,41.02959700003339,0.2675070028011205,1547,0,0,1284,0.9937207943925234,0
9.02989,18,0,0,0,0.00032800016924738884,39.93049299970153,9.625009000046703,39.97556300009819,0.26733419465977604,1548,0,0,1285,0.9938229571984436,0
9.06972,18,0,0,0,0.0003039999683096539,39.78646399991703,9.711448999951244,39.822085999730916,0.2671616096406284,1549,0,0,1285,0.9946984435797666,0
9.10975,18,0,0,0,0.0006320001375570428,39.981871000236424,9.589085999778035,40.030845000273985,0.26698924731182794,1550,0,0,1287,0.9940268065268065,0
9.14973,18,0,0,0,0.00030800038075540215,39.92165299996486,9.765520000200922,39.96760300015012,0.2668171072426392,1551,0,0,1289,0.9933572536850271,0
9.19021,18,0,0,0,0.00031099989428184927,40.423722000014095,10.079930999836506,40.46814999992421,0.2666451890034365,1552,0,0,1292,0.991921439628483,0
9.22984,18,0,0,0,0.0002540000423323363,39.57136200006062,9.622603000025265,39.628421000088565,0.2664734921657008,1553,0,0,1294,0.9912577279752705,0
9.26962,18,0,0,0,0.0002980000317620579,39.72254099971906,9.622251000109827,39.77066000015839,0.26630201630201633,1554,0,0,1294,0.9921271251931993,0
9.30996,18,0,0,0,0.00047100002120714635,40.28100400000767,9.753672999977425,40.33084599996073,0.2661307609860665,1555,0,0,1295,0.9922297297297298,0
9.37601,18,1,1,256,25.81623700007185,40.1302149998628,9.948888000053557,66.040404999967,0.2659597257926307,1556,0,0,1345,0.9680762081784386,0
9.44522,18,0,1,256,28.631943999698706,40.50954400008777,10.12095500027499,69.18952700016234,0.2657889102975808,1557,0,0,1345,0.9808085501858737,0
9.5157,18,0,1,256,29.22726099995998,41.19297099987307,9.749663999627955,70.47888599981889,0.2656183140778776,1558,0,0,1346,0.992802748885587,0
9.58266,19,0,0,1,25.898103000145056,41.00311899992448,10.67206499965323,66.9530649997796,0.2781472603895885,1559,0,0,1346,0.993731426448737,0
9.62285,19,0,0,0,0.0002970000423374586,40.12378700008412,10.127970000212372,40.17870000006951,0.2779689608636977,1560,0,0,1346,0.9946136701337296,0
9.66326,19,0,0,0,0.0003000000106112566,40.35307300000568,10.040330999800062,40.40063699994789,0.27779088978050503,1561,0,0,1346,0.9954959138187222,0
9.70472,19,0,0,0,0.0003089999154326506,41.40950100008922,10.172728999805258,41.45850600025369,0.2776130467012602,1562,0,0,1349,0.9941623424759081,0
9.74629,19,0,0,0,0.000273999830824323,41.51212700026008,10.619383999710408,41.55742799957807,0.27743543118833547,1563,0,0,1351,0.9935695780903034,0
9.78688,19,0,0,0,0.0003549998837115709,40.538084999752755,10.176820999731717,40.582075999736844,0.2772580428052228,1564,0,0,1352,0.9937130177514792,0
9.82682,19,0,0,0,0.00032199977795244195,39.90103300020564,10.100345999944693,39.95626200003244,0.2770808811165293,1565,0,0,1352,0.9945913461538461,0
9.86738,19,0,0,0,0.00029900002118665725,40.48499900000024,10.084681000080309,40.53187899990007,0.2769039456879747,1566,0,0,1354,0.9939992614475628,0
9.93387,19,1,1,256,26.241514000048483,40.16474899981404,10.151417000088259,66.48501900008341,0.27672723608638694,1567,0,0,1394,0.9778066714490674,0
10.00369,19,0,1,256,29.167089000111446,40.58626699998058,10.529354000027524,69.80846800024665,0.27655075187969924,1568,0,0,1397,0.9880100214745884,0
10.07493,20,0,0,90,29.436278000048333,41.73851099994863,10.971233999953256,71.23233199990864,0.2933715742511154,1569,0,0,1399,0.9915117941386705,0
10.11613,20,0,0,0,0.0003199997991032433,41.159282000080566,10.515547000068182,41.20106600021245,0.2931847133757962,1570,0,0,1399,0.9924052894924946,0
10.15752,20,0,0,0,0.00031100034902920015,41.33128700004818,10.59658300027877,41.37265600002138,0.2929980903882877,1571,0,0,1400,0.9925892857142857,0
10.19808,20,0,0,0,0.00030799992600805126,40.519552000205294,10.44938999984879,40.56378500035862,0.2928117048346056,1572,0,0,1401,0.9927730192719486,0
10.23869,20,0,0,0,0.0006230002327356488,40.56411000010485,10.493255999790563,40.60255599961238,0.2926255562619199,1573,0,0,1401,0.9936652391149179,0
10.28033,20,0,0,0,0.00030799992600805126,41.58291300018391,11.073950000081823,41.62851299997783,0.2924396442185515,1574,0,0,1403,0.9931397006414825,0
10.32092,20,0,0,0,0.0002950000634882599,40.5444749999333,10.534583999742608,40.5897460000233,0.2922539682539682,1575,0,0,1404,0.9933226495726496,0
10.3882,20,1,1,256,25.86525399965467,41.3079380000454,10.569913999916025,67.2667700000602,0.2920685279187817,1576,0,0,1472,0.9591542119565217,0
10.45873,20,0,1,256,28.842896999776713,41.63049799990404,10.667278999790142,70.52378800017323,0.29188332276474316,1577,0,0,1472,0.9708729619565217,0
10.52997,20,0,1,256,29.202621999957046,41.97265700031494,11.159616999975697,71.23316900015197,0.2916983523447402,1578,0,0,1475,0.980593220338983,0
10.6011,20,0,1,256,29.47173600023234,41.59424700037562,10.70930000014414,71.11936799992691,0.2915136162127929,1579,0,0,1477,0.9909444820582262,0
10.71791,21,0,0,63,29.920136999862734,86.82397900020078,54.03037399992172,116.81165499976487,0.29231464737793855,1580,0,0,1379,0.9935188542422045,0
10.76051,20,0,0,0,0.00024400014808634296,42.54550699988613,11.958332999711274,42.58679599979587,0.28966299416720676,1543,0,0,1380,0.9937047101449276,0
10.80389,20,0,0,0,0.00028500016924226657,43.33823599972675,12.439634999736882,43.38263599993297,0.2894753886010363,1544,0,0,1382,0.9931711287988423,0
10.8472,20,0,0,0,0.000264999926002929,43.25121800002307,12.169072999768105,43.29189400004907,0.2892880258899676,1545,0,0,1384,0.9926390895953757,0
10.89021,20,0,0,0,0.0006259997462620959,42.968084999756684,11.924233999707212,43.01202500028012,0.2891009055627426,1546,0,0,1386,0.9921085858585859,0
10.93303,20,0,0,0,0.00031400031730299816,42.76654299974325,12.020328999824414,42.8158629997597,0.28891402714932124,1547,0,0,1388,0.9915796109510087,0
10.97622,20,0,0,0,0.000264999926002929,43.13697799989313,12.246756999957142,43.17910700001448,0.28872739018087856,1548,0,0,1388,0.9924801873198847,0
11.01957,20,0,0,0,0.0002849997144949157,43.29056799997488,12.163631000021269,43.34560600000259,0.28854099418979984,1549,0,0,1389,0.9926655867530597,0
11.06267,20,0,0,0,0.0005460001375467982,43.04820400011522,11.935633999655693,43.09276000003592,0.2883548387096774,1550,0,0,1390,0.9928507194244605,0
11.1055,20,0,0,0,0.000256000021181535,42.7802160002102,11.962156999743456,42.821239000204514,0.2881689232753063,1551,0,0,1390,0.99375,0
11.14895,20,0,0,0,0.00028999966161791235,43.39957299998787,12.18853799991848,43.441890999929456,0.28798324742268044,1552,0,0,1392,0.9932201867816092,0
11.19173,20,0,0,0,0.00030199998946045525,42.729626999971515,11.866163999911805,42.77186899980734,0.287797810688989,1553,0,0,1393,0.9934045226130653,0
11.23477,20,0,0,0,0.0005839997356815729,42.99153500005559,12.139916999785783,43.03184000036708,0.2876126126126126,1554,0,0,1393,0.9943018664752333,0
11.27771,20,0,0,0,0.00027499982024892233,42.900359999748616,12.208668000312173,42.93839800038768,0.287427652733119,1555,0,0,1393,0.9951992103374013,0
11.32134,20,0,0,0,0.00030199998946045525,43.57929699972374,12.323841000124958,43.624219999855995,0.2872429305912596,1556,0,0,1396,0.9939559455587392,0
11.36406,20,0,0,0,0.0003390000529179815,42.66966199975286,11.80088799992518,42.71398700029749,0.287058445728966,1557,0,0,1398,0.9934281115879828,0
11.40722,20,0,0,0,0.00028500016924226657,43.111411000154476,12.179763999938586,43.15541999994821,0.2868741976893453,1558,0,0,1399,0.9936115082201572,0
11.44981,20,0,0,0,0.0003000000106112566,42.525920999651134,12.131462000070314,42.573487000026944,0.2866901860166774,1559,0,0,1400,0.9937946428571428,0
11.49248,20,0,0,0,0.00040399982026428916,42.60693100013668,11.677426000005653,42.665939000016806,0.2865064102564102,1560,0,0,1402,0.993268544935806,0
11.53396,20,0,0,0,0.0003069999365834519,41.4332430000286,10.65711499995814,41.47854099983306,0.286322869955157,1561,0,0,1404,0.9927439458689459,0
11.57531,20,0,0,0,0.0002940000740636606,41.29205099980027,10.594310999749723,41.340378999848326,0.28613956466069146,1562,0,0,1406,0.9922208392603129,0
11.61706,20,0,0,0,0.00029900002118665725,41.69811199972173,10.639185999934853,41.74345599994922,0.285956493921945,1563,0,0,1408,0.99169921875,0
11.65846,20,0,0,0,0.0005639999471895862,41.353058999902714,10.561867999967944,41.39262200033045,0.2857736572890025,1564,0,0,1408,0.9925870028409091,0
11.70012,20,0,0,0,0.0003210002432751935,41.60697200040886,10.657095000169647,41.653227000097104,0.28559105431309906,1565,0,0,1409,0.9927696948190206,0
11.74175,20,0,0,0,0.0002860001586668659,41.58019399983459,10.704730999805179,41.62355900007242,0.2854086845466156,1566,0,0,1410,0.9929521276595744,0
11.81902,20,1,1,256,34.71037100007379,42.47920599982535,10.663371999726223,77.26010300029884,0.28522654754307597,1567,0,0,1473,0.9621945010183299,0
11.89081,20,0,1,256,30.017735000001267,41.700717999901826,10.844326999631448,71.78486000020712,0.2850446428571428,1568,0,0,1475,0.9725847457627118,0
11.96385,20,0,1,256,31.056228999659652,41.89315999974497,10.717209999711486,73.0228789998364,0.28486297004461436,1569,0,0,1476,0.9836128048780488,0
12.03918,21,0,0,235,31.470080999952188,43.7982399998873,12.745737999921403,75.32143299977179,0.2883227176220807,1570,0,0,1476,0.9944529132791328,0
12.08327,21,0,0,0,0.00030799992600805126,44.0443630000118,12.741579999783426,44.0857810003763,0.28813918947591766,1571,0,0,1476,0.9953421409214093,0
12.12753,21,0,0,0,0.00048299989430233836,44.202753999798006,12.801852999928087,44.249038999623735,0.2879558948261238,1572,0,0,1479,0.994210615280595,0
12.17158,21,0,0,0,0.0002689998837013263,44.00484100005997,12.755290999848512,44.047274999684305,0.2877728332273787,1573,0,0,1481,0.9937542201215395,0
12.21567,21,0,0,0,0.0002970000423374586,44.03197299961903,12.627352999970753,44.07684399984646,0.2875900042354934,1574,0,0,1482,0.9939692982456141,0
12.25924,21,0,0,0,0.0002980000317620579,43.52315699998144,12.745656999868515,43.57475400001931,0.28740740740740744,1575,0,0,1484,0.9935141509433962,0
12.30331,21,0,0,0,0.0003000000106112566,44.0101300000606,12.757428999975673,44.05803700001343,0.2872250423011844,1576,0,0,1486,0.9930602288021534,0
12.34743,21,0,0,0,0.0002890001269406639,44.06201899973894,12.828978000015923,44.1077350001251,0.28704290847600933,1577,0,0,1488,0.9926075268817204,0
12.39177,21,0,0,0,0.0003440000000409782,44.286788999670534,13.051408999672276,44.33099800007767,0.2868610054921842,1578,0,0,1490,0.9921560402684564,0
12.43581,21,0,0,0,0.00028700014809146523,43.996113000048354,12.854073999733373,44.039329000042926,0.28667933291112524,1579,0,0,1492,0.991705764075067,0
12.47845,21,0,0,0,0.00030199998946045525,42.57675000008021,11.510075999922265,42.61571600000025,0.28649789029535866,1580,0,0,1492,0.9925854557640751,0
12.52012,21,0,0,0,0.00028800013751606457,41.601241000080336,11.208377000002656,41.66667099980259,0.28631667720851783,1581,0,0,1440,0.9930555555555556,0
12.56198,20,0,0,0,0.0003149998519802466,41.807442999925115,10.751131999768404,41.84886499979257,0.2768647281921618,1582,0,0,1441,0.9932338653712699,0
12.60366,20,0,0,0,0.0003199997991032433,41.640475999884075,10.828877000221837,41.68524300030185,0.2766898294377764,1583,0,0,1441,0.9941013185287995,0
12.64474,20,0,0,0,0.0010060002750833519,41.007515000274,10.78900899983637,41.066157999921415,0.2765151515151515,1584,0,0,1396,0.9935082378223495,0
12.68485,19,0,0,0,0.00031900026442599483,40.05030100006479,10.270122000292758,40.10767099998702,0.26312468869334216,1585,0,0,1397,0.9936471009305655,0
12.725,19,0,0,0,0.00034000004234258085,40.09759199971086,10.262574000080349,40.13255300014862,0.2629587840976969,1586,0,0,1397,0.9944971367215462,0
12.76509,19,0,0,0,0.0003039999683096539,40.052536000075634,10.22625399991739,40.08594800006904,0.26279308858156736,1587,0,0,1397,0.9953471725125268,0
12.83048,19,1,1,256,25.469373999840172,39.85317400019994,10.240851000162365,65.3874919998998,0.2626276017499669,1588,0,0,1447,0.9728317208016586,0
12.89904,19,0,1,256,28.295100999912393,40.20379099983984,10.379753000052006,68.54686300039248,0.2624623232089033,1589,0,0,1449,0.9833505866114561,0
12.97053,20,0,0,254,29.933437000181584,41.499060000205645,10.808130999976129,71.48223300009704,0.2750943396226415,1590,0,0,1450,0.9944827586206897,0
13.01108,20,0,0,0,0.00029799957701470703,40.51003899985517,10.782118999941304,40.55077899965909,0.27492143306096795,1591,0,0,1452,0.9939738292011019,0
13.05239,20,0,0,0,0.0003499999365885742,41.2635309999132,10.74652299985246,41.30855499988684,0.2747487437185929,1592,0,0,1455,0.9927835051546392,0
13.09443,20,0,0,0,0.00026399993657832965,41.989892999936274,11.044527000194648,42.0332049998251,0.2745762711864407,1593,0,0,1457,0.9922786547700755,0
13.13615,20,0,0,0,0.0003059999471588526,41.66531200007739,10.926292000021931,41.709084999638435,0.2744040150564617,1594,0,0,1458,0.9924554183813443,0
13.17814,20,0,0,0,0.0005100000635138713,41.93729700000404,10.863180999876931,41.98268900017865,0.2742319749216301,1595,0,0,1460,0.9919520547945205,0
13.21993,20,0,0,0,0.0003149998519802466,41.72521600003165,10.926220000328613,41.78395500002807,0.2740601503759399,1596,0,0,1397,0.9931102362204725,0
13.26147,19,0,0,0,0.00029900002118665725,41.49137700005667,10.414294999918638,41.53316399970208,0.2684309395906799,1597,0,0,1398,0.9932492846924177,0
13.30316,19,0,0,0,0.00029900002118665725,41.63016199981939,10.548036999807664,41.68206999975155,0.2682629602792965,1598,0,0,1399,0.9933881343817013,0
13.34408,19,0,0,0,0.000282999735645717,40.87085699984527,10.475151000264304,40.9107049999875,0.2680951910733682,1599,0,0,1399,0.9942369549678342,0
13.41071,19,1,1,256,25.749791999714944,40.79804899993178,10.483723000106693,66.62013599998318,0.2679276315789474,1600,0,0,1474,0.95530868385346,0
13.4797,19,0,1,256,27.98015200005466,40.95536299973901,10.382952999862027,68.98510899964094,0.2677602814030704,1601,0,0,1475,0.9663135593220339,0
13.5498,19,0,1,256,29.155317999993713,40.89131199998519,10.411027999907674,70.09868699969957,0.2675931401537551,1602,0,0,1475,0.9779661016949153,0
13.6203,19,1,2,256,29.218058999958885,41.189456999745744,10.50844400015194,70.48997300034898,0.26742620743999734,1603,0,0,1542,0.9466196498054474,0
13.71988,20,0,1,256,57.20807999978206,42.30616899985762,11.073563000081776,99.57338300000629,0.2675498753117207,1604,0,0,1544,0.9565657383419689,0
13.79141,20,0,1,256,29.85036099971694,41.62408599995615,10.977210999953968,71.52755500010244,0.26738317757009344,1605,0,0,1546,0.9664860931435963,0
13.86223,20,0,1,256,29.435855999963678,41.31991299982474,11.030137000034301,70.80920099997456,0.26721668742216687,1606,0,0,1548,0.9763808139534884,0
13.93266,20,0,1,256,29.48847300012858,40.85957699999199,10.998936999840225,70.40989000006448,0.2670504044803983,1607,0,0,1550,0.98625,0
14.00697,21,0,0,189,31.01722300016263,43.229461000009906,12.034015999688563,74.30440300004193,0.2700781805259417,1608,0,0,1553,0.992796200901481,0
14.04871,21,0,0,0,0.0003240002115489915,41.69063200015444,11.539584999809449,41.73154199997953,0.2699103258456894,1609,0,0,1556,0.9917255784061697,0
14.09079,21,0,0,0,0.00037499967220355757,42.03237000001536,11.833782999929099,42.070963000242045,0.26974267968056787,1610,0,0,1557,0.9919315992292871,0
14.13261,21,0,0,0,0.000291999640467111,41.77057099968806,11.46556599996984,41.81252299986227,0.26957524164228075,1611,0,0,1558,0.9921373555840821,0
14.17465,21,0,0,0,0.0003149998519802466,41.979155000262836,11.510702000123274,42.03230600023744,0.26940801134349524,1612,0,0,1483,0.9930883344571814,0
14.2161,20,0,0,0,0.0002860001586668659,41.39961300006689,10.974239999995916,41.445957999712846,0.2695598264104154,1613,0,0,1484,0.9932614555256065,0
14.28462,20,1,1,256,25.913745000252675,42.51553500034788,11.038707999887265,68.51125599996521,0.2693928128872367,1614,0,0,1544,0.9658354922279793,0
14.35463,20,0,1,256,29.43214800006899,40.52423900020585,10.994559000209847,70.00659799996356,0.2692260061919505,1615,0,0,1544,0.9770077720207254,0
14.42541,20,1,2,256,28.88043800021478,41.81319400004213,10.957371000131388,70.77189100027681,0.2690594059405941,1616,0,0,1585,0.9626182965299684,0
14.52464,21,0,1,256,56.47499399992739,42.6874280001357,11.954687000070408,99.21703999998499,0.2760255617398475,1617,0,0,1586,0.9729271752837326,0
14.59679,21,0,1,256,29.63911899996674,42.451349000202754,11.514938999880542,72.14554100028181,0.2758549649773383,1618,0,0,1586,0.9838430012610341,0
14.67036,21,0,1,256,30.17243900012545,43.31487700028447,12.083781999990606,73.55740699995295,0.27568457895820464,1619,0,0,1506,0.9948539176626826,0
14.74238,21,0,0,24,29.90597899997738,42.05770700036737,11.347507999744266,72.02480099977038,0.29465020576131684,1620,0,0,1508,0.9953995358090185,0
14.78502,21,0,0,0,0.00024100017981254496,42.5788869997632,11.447587000020576,42.62281299997994,0.29446843512235243,1621,0,0,1511,0.9942918596955659,0
14.82827,21,0,0,0,0.00029900002118665725,43.205787999795575,11.548742000286438,43.25362400004451,0.2942868886148787,1622,0,0,1513,0.993845009914078,0
14.87186,21,0,0,0,0.00027499982024892233,43.51840900017123,11.978560999978072,43.57294500005082,0.2941055658246047,1623,0,0,1515,0.9933993399339934,0
14.91403,21,0,0,0,0.00028800013751606457,42.11557400003585,11.44603799957622,42.16388399981952,0.2939244663382594,1624,0,0,1518,0.9923007246376812,0
14.95617,21,0,0,0,0.0004929997885483317,42.08563199972559,11.41552800027057,42.13254299975233,0.2937435897435897,1625,0,0,1521,0.99120644312952,0
14.99856,21,0,0,0,0.0002970000423374586,42.339968999840494,11.422211000081006,42.38813499978278,0.2935629356293563,1626,0,0,1522,0.9914175427069645,0
15.04177,21,0,0,0,0.00035999983083456755,43.13556300030541,11.962014999880921,43.18361199966603,0.2933825035853309,1627,0,0,1523,0.9916283650689429,0
15.08388,21,0,0,0,0.00030499995773425326,42.064169000241236,11.45495699984167,42.104248000214284,0.2932022932022932,1628,0,0,1523,0.9924901510177282,0
15.12589,21,0,0,0,0.00038899997889529914,41.94311800029027,11.492386000099941,42.003303000001324,0.2930223040720278,1629,0,0,1466,0.9933918826739427,0
15.16912,20,0,0,0,0.000684000042383559,43.170328000087466,11.322863999794208,43.21568599971215,0.28524539877300614,1630,0,0,1467,0.9935668029993183,0
15.21082,20,0,0,0,0.000279999767371919,41.65412199972707,11.021435000202473,41.712744000051316,0.28507050889025143,1631,0,0,1467,0.9944188820722563,0
15.25315,20,0,0,0,0.0002980000317620579,42.2598539998944,10.970461999932013,42.30956999981572,0.28489583333333335,1632,0,0,1469,0.9939159292035398,0
15.29476,20,0,0,0,0.0003100003596046008,41.55846899993776,11.03384999987611,41.602863000207435,0.28472137170851197,1633,0,0,1470,0.9940901360544218,0
15.33645,20,0,0,0,0.00029299962989171036,41.64366000031805,10.982706000049802,41.686255000058736,0.28454712362301104,1634,0,0,1470,0.9949404761904762,0
15.37924,20,0,0,0,0.0006240002221602481,42.73709500012046,11.11098100000163,42.77619100002994,0.2843730886850153,1635,0,0,1470,0.9957908163265307,0
15.42143,20,0,0,0,0.0002910001057898626,42.11170700000366,11.160899000060454,42.18684699981168,0.28419926650366745,1636,0,0,1400,0.9953125,0
15.46252,19,0,0,0,0.0003039999683096539,41.03803099997094,10.474096000052668,41.08277099976476,0.2831881169019066,1637,0,0,1402,0.9947396576319544,0
15.50342,19,0,0,0,0.00032300022212439217,40.850216999842814,10.644123000020045,40.89272199962579,0.2830152303836514,1638,0,0,1404,0.9941684472934473,0
15.54337,19,0,0,0,0.0002689998837013263,39.875100000244856,10.421171999951184,39.94275300010486,0.2828425548312514,1639,0,0,1342,0.9932935916542474,0
15.58419,18,0,0,0,0.00036000028558191843,40.771256999960315,9.998267999890231,40.81496099979631,0.2775067750677507,1640,0,0,1344,0.9926525297619048,0
15.62561,18,0,0,0,0.00032800016924738884,41.37135499968281,10.174380999615096,41.41641900014292,0.2773376667343761,1641,0,0,1347,0.9912769116555308,0
15.66669,18,0,0,0,0.0005230003807810135,41.010042000380054,10.021971000242047,41.07203800003845,0.277168764379483,1642,0,0,1245,0.9909136546184739,0
15.70722,17,0,0,0,0.0002940000740636606,40.476232999935746,9.73100799956228,40.514263000204664,0.27293822976905224,1597,0,0,1245,0.9917670682730924,0
15.74743,17,0,0,0,0.00030499995773425326,40.16960199987807,9.439015999760159,40.20845400009421,0.2727674298755798,1598,0,0,1245,0.9926204819277108,0
15.78703,17,0,0,0,0.00027499982024892233,39.55253599997377,9.437035000246397,39.58959900000991,0.27259684361549497,1599,0,0,1245,0.9934738955823293,0
15.82715,17,0,0,0,0.000267999894276727,40.07260199978191,9.414231000391737,40.116792999924655,0.2724264705882353,1600,0,0,1246,0.9935292937399679,0
15.86736,17,0,0,0,0.000258999989455333,40.16736099993068,9.518464999928256,40.20861600019998,0.2722563103942389,1601,0,0,1246,0.9943820224719101,0
15.90822,17,0,0,0,0.0003149998519802466,40.79783099996348,9.668046000115282,40.84296599967274,0.27208636263494157,1602,0,0,1247,0.9944366479550922,0
15.94946,17,0,0,0,0.0006149998625915032,41.188110999883065,9.493722000115667,41.23230999994121,0.27191662691277385,1603,0,0,1248,0.9944911858974359,0
15.9896,17,0,0,0,0.0003029999788850546,40.1014940002824,9.35938000020542,40.140521000012086,0.27174710283115744,1604,0,0,1248,0.9953425480769231,0
16.0299,17,0,0,0,0.000273999830824323,40.23353499997029,9.516792999875179,40.287419999913254,0.27157778999450244,1605,0,0,1156,0.9962153979238755,0
16.06974,16,0,0,0,0.00031899980967864394,39.794577000066056,8.818826000151603,39.836566999838396,0.2829234122042341,1606,0,0,1158,0.9953583765112263,0
16.1094,16,0,0,0,0.0003000000106112566,39.589010999861785,9.102209000047878,39.64924799993241,0.2827473553204729,1607,0,0,1103,0.9947869446962828,0
16.14875,15,0,0,0,0.00029300008463906124,39.3019699999968,8.457494999674964,39.34986000012941,0.2721393034825871,1608,0,0,1105,0.9938348416289593,0
16.18807,15,0,0,0,0.0003089999154326506,39.26933299999291,8.3759080002892,39.306903000124294,0.27197016780609073,1609,0,0,1107,0.9928861788617886,0
16.22759,15,0,0,0,0.0002939996193163097,39.46927700008018,8.363014000224211,39.51722300007532,0.27180124223602486,1610,0,0,1109,0.9919409377817854,0
16.26701,15,0,0,0,0.0003390000529179815,39.37172499990993,8.466795999993337,39.415398000073765,0.2716325263811298,1611,0,0,1112,0.9901079136690647,0
16.30662,15,0,0,0,0.0002950000634882599,39.56028799984779,8.512559999871883,39.59756999984165,0.2714640198511167,1612,0,0,1112,0.9909509892086331,0
16.34607,15,0,0,0,0.0003059999471588526,39.397237000230234,8.458789000087563,39.45257900022625,0.27129572225666465,1613,0,0,1011,0.9914688427299704,0
16.3848,14,0,0,0,0.00034599997889017686,38.68309500012401,7.777861000249686,38.71969199963132,0.29022835900159316,1614,0,0,1011,0.9923343224530168,0
16.42284,14,0,0,0,0.0003010000000358559,37.95956799967826,7.7938539998285705,38.03825000022698,0.29004865103936306,1615,0,0,961,0.9933012486992716,0
16.46118,13,0,0,0,0.00029300008463906124,38.285285999791085,7.4152730003334,38.32578899982764,0.2729912414318355,1616,0,0,962,0.9931133056133056,0
16.49969,13,0,0,0,0.00038600001062150113,38.46744700013005,7.440238000071986,38.50313199973243,0.27282241567955856,1617,0,0,962,0.9939579002079002,0
16.53772,13,0,0,0,0.00034300001061637886,37.99183399996764,7.443338000030053,38.0313959999512,0.2726537986117714,1618,0,0,962,0.9948024948024948,0
16.57582,13,0,0,0,0.00037200015867711045,38.05183899976328,7.4766080001609225,38.10569300003408,0.2724853898417827,1619,0,0,963,0.9946131879543094,0
16.614,13,0,0,0,0.0004030002855870407,38.118684999972174,7.487466999918979,38.1555229996593,0.2723171889838556,1620,0,0,963,0.9954569055036345,0
16.65203,13,0,0,0,0.0003549998837115709,37.984942000093724,7.462723000116966,38.02249099999244,0.2721491956532055,1621,0,0,963,0.9963006230529595,0
16.69023,13,0,0,0,0.0003730001481017098,38.14837800018722,7.417534000069281,38.18754499980059,0.27198140946599636,1622,0,0,964,0.9961099585062241,0
16.72774,13,0,0,0,0.0003800000740739051,37.47012199983146,7.421685999815963,37.51129200009018,0.27181383003933834,1623,0,0,965,0.995919689119171,0
16.7661,13,0,0,0,0.0003589998414099682,38.31307300015396,7.429777000197646,38.3563239997784,0.27164645699128454,1624,0,0,967,0.9947001034126164,0
16.80457,13,0,0,0,0.0003740001375263091,38.39800000014293,7.43319999992309,38.439156000094954,0.27147928994082837,1625,0,0,969,0.9934855521155831,0
16.84262,13,0,0,0,0.00036600022212951444,37.99770600016927,7.434652000029018,38.040926000121544,0.27131232850790044,1626,0,0,971,0.9922760041194645,0
16.88081,13,0,0,0,0.0003609998202591669,38.14743200018711,7.487613999728637,38.18849100025545,0.2711455723133658,1627,0,0,974,0.9900539014373717,0
16.91891,13,0,0,0,0.0003380000634933822,38.04037800000515,7.4662080000962305,38.07942499997807,0.27097902097902093,1628,0,0,974,0.990888090349076,0
16.95714,13,0,0,0,0.0003669997568067629,38.17745499964076,7.520176000070933,38.21690999984639,0.27081267412759125,1629,0,0,974,0.9917222792607803,0
16.99531,13,0,0,0,0.00030499995773425326,38.125480000417156,7.481267000002845,38.16610599960768,0.27064653138272765,1630,0,0,974,0.9925564681724846,0
17.03282,13,0,0,0,0.00028999966161791235,37.466901000243524,7.514167999943311,37.52024200002779,0.27048059236900435,1631,0,0,974,0.9933906570841889,0
17.07134,13,0,0,0,0.00037699965105275624,38.45519900005456,7.4371360001350695,38.50305300011314,0.2703148567119156,1632,0,0,975,0.9932051282051282,0
17.10945,13,0,0,0,0.00041600014810683206,38.057642999774544,7.591044000037073,38.09687100010706,0.27014932403787273,1633,0,0,975,0.9940384615384615,0
17.1477,13,0,0,0,0.0004890002855972853,38.204625000162196,7.566636999854381,38.242099999934,0.26998399397420203,1634,0,0,975,0.9948717948717949,0
17.186,13,0,0,0,0.0006000000212225132,38.25291900011507,7.5191239998275705,38.291726000352355,0.2698188661491414,1635,0,0,976,0.9946849385245902,0
17.22414,13,0,0,0,0.00038600001062150113,38.09647799971572,7.481634000214399,38.13576299990018,0.2696539401918375,1636,0,0,976,0.9955174180327869,0
17.26235,13,0,0,0,0.0003499999365885742,38.16381500018906,7.553163000011409,38.20383500033131,0.2694892157323434,1637,0,0,976,0.9963498975409836,0
17.30063,13,0,0,0,0.00038300004234770313,38.23005699996429,7.481202000235498,38.2708030001595,0.2693246924016155,1638,0,0,977,0.9961617195496417,0
17.33766,13,0,0,0,0.0005550000423681922,36.982825999984925,7.573478999802319,37.02491500007454,0.2691603698315108,1639,0,0,978,0.9959739263803681,0
17.37552,13,0,0,0,0.00045599972509080544,37.80825500007268,7.499018000089563,37.85164900000382,0.26899624765478425,1640,0,0,980,0.9947704081632653,0
17.4139,13,0,0,0,0.000520999947184464,38.31269500005874,7.739032000245061,38.375143999928696,0.26883232550508607,1641,0,0,882,0.9929138321995464,0
17.45119,12,0,0,0,0.0002570000106061343,37.24028200031171,6.839444999968691,37.28036499978771,0.2888753552578157,1642,0,0,884,0.9915158371040724,0
17.48876,12,0,0,0,0.0006390000635292381,37.52366199978496,6.857236000087141,37.565751999864005,0.2886995333739095,1643,0,0,886,0.9901241534988713,0
17.52621,12,0,0,0,0.0003700001798279118,37.40791600012017,6.854240999928152,37.44574799975453,0.2885239253852393,1644,0,0,886,0.9909706546275395,0
17.56389,12,0,0,0,0.00042200008465442806,37.63175699987187,6.901516000198171,37.66871600009836,0.2883485309017224,1645,0,0,886,0.9918171557562077,0
17.60142,12,0,0,0,0.0003939999260182958,37.48678600004496,6.921851999777573,37.522802999774285,0.28817334953422435,1646,0,0,886,0.9926636568848759,0
17.63807,12,0,0,0,0.0007079997885739431,36.608573000194156,6.938357999842992,36.644487000103254,0.28799838089455576,1647,0,0,886,0.993510158013544,0
17.67528,12,0,0,0,0.0003850000211969018,37.1565959999316,6.873989999803598,37.19843499993658,0.2878236245954693,1648,0,0,887,0.9932356257046223,0
17.71251,12,0,0,0,0.00038999996831989847,37.18490399978691,7.005200999628869,37.220706999960385,0.28764908025065694,1649,0,0,887,0.9940811724915445,0
17.74954,12,0,0,0,0.0003529999048623722,36.99151599994366,6.894248999742558,37.03352399998039,0.28747474747474744,1650,0,0,887,0.9949267192784668,0
17.78663,12,0,0,0,0.0004140001692576334,37.03125899983206,7.014543999957823,37.0686440001009,0.2873006258833031,1651,0,0,888,0.9946509009009009,0
17.82258,12,0,0,0,0.0003410000317671802,35.9136980000585,6.783115999951406,35.944323999956396,0.28712671509281684,1652,0,0,888,0.9954954954954955,0
17.85874,12,0,0,0,0.0003609998202591669,36.109758999828045,6.762878000245109,36.158874000193464,0.2869530147207098,1653,0,0,816,0.9960171568627451,0
17.89407,11,0,0,0,0.00029000011636526324,35.29245699974126,6.272098000408732,35.31958600024154,0.28525887655270965,1654,0,0,816,0.996859681372549,0
17.93035,11,0,0,0,0.00034599997889017686,36.2417579999601,6.463537999934488,36.27838400007022,0.28508651469376545,1655,0,0,817,0.9964810281517748,0
17.96671,11,0,0,0,0.0003740001375263091,36.32058900029733,6.472452000252815,36.35845700000573,0.2849143610013175,1656,0,0,819,0.9948870573870574,0
18.00436,11,0,0,0,0.00035699986256076954,37.60598100006973,7.53462100010438,37.64733600019099,0.2847424150984803,1657,0,0,821,0.9933008526187577,0
18.04122,11,0,0,0,0.0003059999471588526,36.807318000228406,6.38553100043282,36.84479699995791,0.2845706766092774,1658,0,0,823,0.9917223572296476,0
18.07787,11,0,0,0,0.0003700001798279118,36.60492099970725,6.4515819999542146,36.64317199991274,0.28439914515863884,1659,0,0,825,0.9901515151515151,0
18.11457,11,0,0,0,0.0004019998414150905,36.66360999977769,6.65748999972493,36.700308000035875,0.2842278203723987,1660,0,0,825,0.9909848484848485,0
18.15037,11,0,0,0,0.0003959999048674945,35.75709399956395,6.369957000060822,35.79187000013917,0.28405670187729193,1661,0,0,825,0.9918181818181818,0
18.18708,11,0,0,0,0.000529999852005858,36.66207400010535,6.376251999881788,36.69627399995079,0.28388578930095176,1662,0,0,825,0.9926515151515152,0
18.22262,11,0,0,0,0.0003639997885329649,35.50068899994585,6.434069000079035,35.53679500009821,0.28371508227190734,1663,0,0,825,0.9934848484848485,0
18.2592,11,0,0,0,0.00038400003177230246,36.53164999968794,6.4809089999471325,36.571546999766724,0.2835445804195804,1664,0,0,826,0.993114406779661,0
18.29576,11,0,0,0,0.0003879999894706998,36.51630700005626,6.395226999757142,36.548528999901464,0.2833742833742834,1665,0,0,826,0.9939467312348669,0
18.33276,11,0,0,0,0.0004950002221448813,36.964445000194246,6.374965999839333,37.0021359999555,0.2832041907672159,1666,0,0,826,0.9947790556900726,0
18.36896,11,0,0,0,0.0003650002327049151,36.152964000393695,6.431744000110484,36.19349200016586,0.283034302230463,1667,0,0,827,0.9944074969770254,0
18.40608,11,0,0,0,0.0005999995664751623,37.07882300022902,6.412958000055369,37.11773999975776,0.28286461739699154,1668,0,0,827,0.9952388149939541,0
18.44254,11,0,0,0,0.0005199999577598646,36.40759700010676,6.471680000231572,36.44757500023843,0.2826951359006482,1669,0,0,827,0.9960701330108828,0
18.47895,11,0,0,0,0.0003820000529231038,36.36275000008027,6.397717999789165,36.401363000095444,0.28252585737615676,1670,0,0,827,0.9969014510278114,0
18.51494,11,0,0,0,0.0007330004336836282,35.94288799968126,6.564677999904234,35.98237200003496,0.28235678145911536,1671,0,0,828,0.9965277777777778,0
18.57545,11,1,1,256,25.140932999875076,35.296968999773526,6.390341000042099,60.50155000002633,0.2821879077859939,1672,0,0,875,0.9620714285714286,0
18.64058,11,0,1,256,28.904016000069532,36.15660100012974,6.426665000162757,65.1125869999305,0.28201923599413137,1673,0,0,877,0.9789053591790193,0
18.73198,12,1,1,256,54.56548400024985,36.749800000052346,6.810246999975789,91.38817700022628,0.30645161290322576,1674,0,0,934,0.9370985010706638,0
18.79899,12,0,1,256,29.563312999925984,37.38573800001177,6.872586000099545,67.00154699956329,0.3062686567164179,1675,0,0,936,0.9529914529914529,0
18.86679,12,0,1,256,30.19747300004383,37.55452500035972,6.8960519997745,67.79706799989071,0.3060859188544153,1676,0,0,936,0.9708867521367521,0
18.93389,12,0,1,256,30.329287000313343,36.71801400014374,6.868890000077954,67.095123999934,0.30590339892665475,1677,0,0,936,0.9887820512820513,0
19.00161,13,0,0,37,29.902281999966362,37.74921300009737,7.2930310002448095,67.70939700027157,0.31947373246538924,1678,0,0,936,0.9921207264957265,0
19.03795,13,0,0,0,0.000440000349044567,36.29783399992448,7.367749999957596,36.33699100009835,0.3192834562697576,1679,0,0,936,0.992988782051282,0
19.0748,13,0,0,0,0.0003700001798279118,36.783101000310126,7.275450999713939,36.83505599974524,0.31909340659340657,1680,0,0,864,0.9927662037037037,0
19.11126,12,0,0,0,0.00030199998946045525,36.42030699984389,6.723865999902046,36.45920600001773,0.3196510013880627,1681,0,0,864,0.9936342592592593,0
19.1483,12,0,0,0,0.00039499991544289514,36.9678400002158,6.802980999964348,37.027250999926764,0.3194609591755846,1682,0,0,758,0.9948054089709762,0
19.18324,11,0,0,0,0.0006180002856126521,34.90210800009663,6.007006999880105,34.9384179999106,0.3312084257206208,1640,0,0,759,0.9944005270092227,0
19.21865,11,0,0,0,0.00031100034902920015,35.352015999706055,6.176153000069462,35.39514399972177,0.33100659243255226,1641,0,0,656,0.995141006097561,0
19.2533,10,0,0,0,0.0003089999154326506,34.618016999957035,5.356791000394878,34.646983000129694,0.3459611772072636,1597,0,0,656,0.99609375,0
19.28725,10,0,0,0,0.0006139998731669039,33.90831499973501,5.2481210000223655,33.94399499984502,0.3457446808510638,1598,0,0,657,0.9955289193302892,0
19.3209,10,0,0,0,0.0002940000740636606,33.61253000002762,5.605124999874533,33.64334700017935,0.3455284552845529,1599,0,0,658,0.9949658054711246,0
19.35524,10,0,0,0,0.0002860001586668659,34.29632400002447,5.274393000036071,34.33798599962756,0.3453125,1600,0,0,660,0.9928977272727273,0
19.39126,10,0,0,0,0.00028800013751606457,35.97651300015059,5.402759999924456,36.015239999869664,0.3450968144909432,1601,0,0,661,0.9923411497730711,0
19.42668,10,0,0,0,0.00027300029614707455,35.37336899989896,5.443076999654295,35.416430000168475,0.3448813982521848,1602,0,0,663,0.990290346907994,0
19.46142,10,0,0,0,0.0003410000317671802,34.68554999972184,5.3806589999112475,34.72527799976888,0.34466625077978785,1603,0,0,664,0.9897402108433735,0
19.496,10,0,0,0,0.0003209997885278426,34.51815100015665,5.380469000101584,34.569321000162745,0.3444513715710723,1604,0,0,563,0.9902309058614565,0
19.52973,9,0,0,0,0.0003800000740739051,33.690254999783065,4.418682000050467,33.73002600028485,0.23819284311213595,1301,0,0,564,0.9894725177304965,0
19.56397,9,0,0,0,0.0003300001480965875,34.1812800002117,4.452180000043882,34.23849099999643,0.23800989930022187,1302,0,0,513,0.990009746588694,0
19.59737,8,0,0,0,0.0005500000952451956,33.347805999710545,4.158951000135858,33.38309999980993,0.22045280122793554,1303,0,0,513,0.9909844054580896,0
19.63147,8,0,0,0,0.0005130000317876693,34.05972499967902,4.0924400000221794,34.095272999820736,0.22028374233128833,1304,0,0,513,0.9919590643274854,0
19.6646,8,0,0,0,0.000276999799098121,33.08308800023951,4.072779000125593,33.12591700023404,0.22011494252873565,1305,0,0,513,0.9929337231968811,0
19.69779,8,0,0,0,0.0005810002221551258,33.13928900024621,4.045171000143455,33.18159899981765,0.21994640122511488,1306,0,0,432,0.9936342592592593,0
19.73082,7,0,0,0,0.0002970000423374586,32.98916099993221,3.533119000167062,33.03566500017041,0.2493168652311728,1307,0,0,432,0.9946469907407407,0
19.76478,7,0,0,0,0.00030199998946045525,33.90667600024244,3.7405289999696834,33.94681800000399,0.2491262560069899,1308,0,0,432,0.9956597222222222,0
19.79885,7,0,0,0,0.00028500016924226657,34.00176900004226,3.6219160001564887,34.05130300006931,0.24893593801156821,1309,0,0,432,0.9966724537037037,0
19.83279,7,0,0,0,0.0003149998519802466,33.90339099996709,3.5663749999912397,33.94222799988711,0.24874591057797169,1310,0,0,433,0.9953810623556582,0
19.86575,7,0,0,0,0.0003180002750013955,32.90663999996468,3.579970999908255,32.945093999842356,0.24855617304129884,1311,0,0,434,0.9940956221198156,0
19.92512,7,1,1,256,25.537416000133817,33.75230500023463,3.8592399996559834,59.36081400022886,0.24836672473867594,1312,0,0,513,0.8730506822612085,0
19.98914,7,0,1,256,29.675088999738364,34.299457000088296,3.6387340001056145,64.01747000018077,0.24817756500924815,1313,0,0,513,0.9050925925925926,0
20.05397,7,0,1,256,30.846101000406634,33.92663300019194,3.682686000047397,64.82361700000183,0.2479886931941726,1314,0,0,515,0.933495145631068,0
20.11679,7,0,1,256,29.617449999932433,33.154743000068265,3.566342999874905,62.81801399973119,0.2478001086366105,1315,0,0,516,0.9635416666666666,0
20.18316,8,0,0,222,31.999945000279695,34.30610900022657,4.099761000361468,66.36449899997388,0.22330927051671734,1316,0,0,516,0.9914001937984496,0
20.21777,8,0,0,0,0.0004379999154480174,34.542616000180715,4.156061000230693,34.59795700018731,0.22313971146545175,1317,0,0,440,0.990625,0
20.2509,7,0,0,0,0.00042400006350362673,33.08351700025014,3.68737400003738,33.1204849999267,0.24409278127032297,1318,0,0,441,0.9893707482993197,0
20.28323,7,0,0,0,0.00036400024328031577,32.29076099978556,3.6079619999327406,32.32438400027604,0.2439077223004441,1319,0,0,441,0.9903628117913832,0
20.31626,7,0,0,0,0.0003590002961573191,32.99152799991134,3.6077319996365986,33.025044000169146,0.24372294372294367,1320,0,0,441,0.9913548752834467,0
20.34896,7,0,0,0,0.000264999926002929,32.65706299998783,3.5812350001833693,32.68960200011861,0.24353844490104903,1321,0,0,441,0.9923469387755102,0
20.38163,7,0,0,0,0.00033100013752118684,32.629196000016236,3.567415999896184,32.66167099991435,0.24335422519991357,1322,0,0,441,0.9933390022675737,0
20.41478,7,0,0,0,0.0006320001375570428,33.113663000222004,3.6185710000609106,33.14696899997216,0.24317028398661056,1323,0,0,441,0.9943310657596371,0
20.44813,7,0,0,0,0.00037500012695090845,33.31187100002353,3.601445999720454,33.34537700038709,0.24298662063012522,1324,0,0,441,0.9953231292517006,0
20.48126,7,0,0,0,0.00029600005291285925,33.08612599994376,3.5916749998250452,33.12097299976813,0.24280323450134766,1325,0,0,441,0.9963151927437641,0
20.51392,7,0,0,0,0.0002910001057898626,32.612724000046,3.6274159997446986,32.6465759999337,0.24262012497306618,1326,0,0,442,0.9950509049773756,0
20.54596,7,0,0,0,0.0002599999788799323,32.003453000015725,3.5676719999173656,32.03723099977651,0.24243729141995907,1327,0,0,443,0.9937923250564334,0
20.5783,7,0,0,0,0.000276999799098121,32.29615600002944,3.562990999853355,32.334842999716784,0.2422547332185886,1328,0,0,444,0.9925394144144144,0
20.61162,7,0,0,0,0.0005380002221500035,33.28710499999943,3.6201950001668592,33.31714900014049,0.24207244974739328,1329,0,0,444,0.9935247747747747,0
20.6442,7,0,0,0,0.00030199998946045525,32.5389049999103,3.5942399999839836,32.57465099977708,0.24189044038668095,1330,0,0,446,0.9900504484304933,0
20.67655,7,0,0,0,0.0002849997144949157,32.3088430000098,3.600288999678014,32.342439999865746,0.24170870451862192,1331,0,0,446,0.9910313901345291,0
20.70911,7,0,0,0,0.0002970000423374586,32.5252749998981,3.5776579998128,32.5539390000813,0.24152724152724148,1332,0,0,446,0.9920123318385651,0
20.74264,7,0,0,0,0.0002910001057898626,33.47371700010626,3.5986709999633604,33.52474099983738,0.24134605079841387,1333,0,0,378,0.9905753968253969,0
20.77512,6,0,0,0,0.00031099989428184927,32.43107699972825,3.1557520001115336,32.46744999978546,0.2514992503748126,1334,0,0,379,0.9889511873350924,0
20.80732,6,0,0,0,0.00029900002118665725,32.166850000066916,3.161047000048711,32.199314999616035,0.251310861423221,1335,0,0,379,0.9899406332453826,0
20.8402,6,0,0,0,0.000446000285592163,32.84172299981947,3.1521689998044167,32.8747469998234,0.25112275449101795,1336,0,0,379,0.9909300791556728,0
20.89861,6,1,1,256,25.51895400029025,32.80383399987841,3.1718670002192084,58.379856999636104,0.25093492894540015,1337,0,0,412,0.9513046116504854,0
20.96082,6,0,1,256,29.318195000087144,32.85399300011704,3.1456849997084646,62.22621599999911,0.25074738415545594,1338,0,0,412,0.9910497572815534,0
21.0242,7,0,0,12,30.01280999978917,33.308184999896184,3.4849139997277234,63.36022200002844,0.3017176997759522,1339,0,0,412,0.9939320388349514,0
21.08299,7,1,1,256,25.45198799998616,33.26700900015567,3.4783090000019,58.784089000255335,0.30149253731343284,1340,0,0,481,0.8855249480249481,0
21.14637,7,0,1,256,29.92000599988387,33.40477399979136,3.4983280002052197,63.36444999988089,0.30126771066368385,1341,0,0,481,0.9196985446985447,0
21.20916,7,0,1,256,29.323480000130075,33.4185830001843,3.4981750000042666,62.78346599992801,0.30104321907600595,1342,0,0,482,0.9518931535269709,0
21.27217,7,0,1,256,30.334323999795743,32.62021699993056,3.5688079997271416,63.00050000027113,0.30081906180193596,1343,0,0,483,0.9839544513457557,0
21.3357,8,0,0,64,29.69055900030071,33.795952000218676,3.9586019997841504,63.53043500030253,0.2868303571428571,1344,0,0,484,0.9912190082644629,0
21.36908,8,0,0,0,0.00035199991543777287,33.336598000005324,3.968776999954571,33.370675000242045,0.28661710037174726,1345,0,0,484,0.9922520661157025,0
21.40288,8,0,0,0,0.0002830001903930679,33.747886999663024,3.966762000345625,33.78632400017523,0.2864041604754829,1346,0,0,486,0.9891975308641975,0
21.43649,8,0,0,0,0.00034599997889017686,33.572693999758485,3.9745570002196473,33.61488099972121,0.28619153674832964,1347,0,0,486,0.9902263374485597,0
21.47016,8,0,0,0,0.000276999799098121,33.62022400006026,3.9662180001869274,33.65337900004306,0.2859792284866469,1348,0,0,486,0.9912551440329218,0
21.50391,8,0,0,0,0.0006499999471998308,33.70663699979559,4.0160640000976855,33.741964000000735,0.2857672349888807,1349,0,0,487,0.9902464065708418,0
21.53793,8,0,0,0,0.00031900026442599483,33.98552299995572,3.9816540001993417,34.02256200024567,0.28555555555555556,1350,0,0,488,0.9892418032786885,0
21.57089,8,0,0,0,0.0002570000106061343,32.91859199998726,3.9973000002646586,32.95182500005467,0.2853441894892672,1351,0,0,488,0.9902663934426229,0
21.6048,8,0,0,0,0.0003039999683096539,33.854108000014094,4.029420999813738,33.89535399992383,0.2851331360946746,1352,0,0,427,0.9913641686182669,0
21.63789,7,0,0,0,0.0003609998202591669,33.054123999590956,3.5721249996640836,33.087604000229476,0.28486960194277267,1353,0,0,427,0.9923887587822015,0
21.67066,7,0,0,0,0.0002450001375109423,32.72939199996472,3.5525600001165003,32.76172300002145,0.28465921080396706,1354,0,0,427,0.9934133489461359,0
21.70363,7,0,0,0,0.00028699969334411435,32.93369699986215,3.571514000213938,32.96472200008793,0.2844491302055878,1355,0,0,427,0.9944379391100703,0
21.73695,7,0,0,0,0.0002819997462211177,33.282232000146905,3.5721399999602,33.317223000267404,0.2842393594605984,1356,0,0,427,0.9954625292740047,0
21.77012,7,0,0,0,0.0003619998096837662,33.124492999832,3.567922999991424,33.15832499993121,0.2840298978839878,1357,0,0,427,0.9964871194379391,0
21.80333,7,0,0,0,0.0003909999577444978,33.169821000228694,3.5741889996643295,33.20446800034915,0.2838207447927624,1358,0,0,428,0.9951810747663551,0
21.83612,7,0,0,0,0.00028700014809146523,32.74825900007272,3.609266000239586,32.78534299988678,0.28361189950593924,1359,0,0,429,0.9938811188811189,0
21.86951,7,0,0,0,0.0002890001269406639,33.34269000015411,3.583521000109613,33.37892499985173,0.2834033613445378,1360,0,0,431,0.990284222737819,0
21.92879,7,1,1,256,25.719950000166136,33.49875599997176,3.5611330004030606,59.27502700023979,0.28319512963157345,1361,0,0,467,0.9491434689507494,0
21.9908,7,1,2,256,29.036070000074687,32.88114900033179,3.5510229999999865,61.99904699997205,0.28298720369204955,1362,0,0,504,0.912078373015873,0
22.08239,8,0,1,256,57.066087999828596,34.47200700020403,3.927930999907403,91.58149900031276,0.32015774027879673,1363,0,0,504,0.9448164682539683,0
22.14634,8,0,1,256,30.070605000219075,33.83066699962001,3.940594000141573,63.94373600005565,0.31992302052785926,1364,0,0,504,0.9775545634920635,0
22.21019,9,0,0,106,29.68764099978216,34.109642000203166,4.251786000168067,63.840693999736686,0.3496947496947497,1365,0,0,505,0.9898514851485148,0
22.24537,9,0,0,0,0.000258999989455333,35.14237899980799,4.319054999996297,35.18025999983365,0.3494387506100537,1366,0,0,506,0.9890069169960475,0
22.27822,9,0,0,0,0.00029900002118665725,32.80487800020637,4.227475999869057,32.840397999734705,0.349183126066813,1367,0,0,506,0.9901185770750988,0
22.31265,9,0,0,0,0.0002940000740636606,34.38248200018279,4.21630200025902,34.41996799983826,0.34892787524366475,1368,0,0,506,0.9912302371541502,0
22.34645,9,0,0,0,0.0003209997885278426,33.75817400001324,4.267302999778622,33.80032699988078,0.3486729973216459,1369,0,0,507,0.9903846153846154,0
22.38052,9,0,0,0,0.0002800002221192699,34.02970600018307,4.257682000115892,34.06465400030356,0.3484184914841849,1370,0,0,507,0.9914940828402367,0
22.41479,9,0,0,0,0.0005719998625863809,34.21754300006796,4.303187000004982,34.25134600001911,0.34816435691709213,1371,0,0,507,0.992603550295858,0
22.44895,9,0,0,0,0.0003180002750013955,34.12068899979204,4.269748999831791,34.15427800018733,0.34791059280855197,1372,0,0,507,0.9937130177514792,0
22.48312,9,0,0,0,0.00030999990485724993,34.13555799988899,4.315683999720932,34.171199000411434,0.3476571983491139,1373,0,0,507,0.9948224852071006,0
22.51721,9,0,0,0,0.000288999672193313,34.044652999909886,4.248565999660059,34.08141199997772,0.34740417273168367,1374,0,0,508,0.9939714566929134,0
22.55119,9,0,0,0,0.0004500002432905603,33.933829000034166,4.281194000213873,33.97049799968954,0.3471515151515151,1375,0,0,509,0.9931237721021611,0
22.58587,9,0,0,0,0.00029900002118665725,34.6346450000965,4.314943999816023,34.677700999964145,0.3468992248062015,1376,0,0,511,0.9903375733855186,0
22.64659,9,1,1,256,26.350690000072063,34.28755599998112,4.2967809999936435,60.70580300001893,0.34664730089566687,1377,0,0,603,0.8667081260364843,0
22.70979,9,0,1,256,29.07207699990977,34.08181699978741,4.2722559996946075,63.19738199999847,0.34639574262215767,1378,0,0,604,0.8926945364238411,0
22.77322,9,0,1,256,29.28853399998843,34.08771099975638,4.305224999825441,63.41869499965469,0.3461445491902345,1379,0,0,604,0.9201158940397351,0
22.83691,9,0,1,256,29.260107000027347,34.379231999992044,4.633972000192443,63.68288899966501,0.3458937198067633,1380,0,0,604,0.9475372516556292,0
22.90071,9,0,1,256,29.372179000347387,34.38003799965372,4.282646999854478,63.8004849997742,0.34564325368090754,1381,0,0,606,0.9717409240924092,0
22.96787,10,0,0,191,33.18434199991316,33.91533699959837,5.007929999919725,67.14771599990854,0.34649898028552006,1471,0,0,607,0.99083607907743,0
23.00242,10,0,0,0,0.0003999998625658918,34.49464300001637,4.944795000028535,34.540010999990045,0.3462635869565217,1472,0,0,608,0.990234375,0
23.03601,10,0,0,0,0.00027600026442087255,33.554216000084125,5.075931000192213,33.586420999654365,0.3460285132382892,1473,0,0,608,0.9912623355263158,0
23.07053,10,0,0,0,0.000276999799098121,34.47351099976004,4.893064000043523,34.51162300007127,0.3457937584803257,1474,0,0,609,0.9906609195402298,0
23.1042,10,0,0,0,0.0003090003701800015,33.63570500005153,4.964019999988523,33.666771999833145,0.3455593220338983,1475,0,0,609,0.9916871921182266,0
23.1382,10,0,0,0,0.00030799992600805126,33.95776399975148,5.111838000175339,33.98567900012495,0.34532520325203253,1476,0,0,609,0.9927134646962233,0
23.17184,10,0,0,0,0.0003069999365834519,33.59927300016352,4.884186000253976,33.64255700034846,0.3450914014895058,1477,0,0,609,0.99373973727422,0
23.23091,10,1,1,256,25.02111200010404,33.99184400041122,4.913633999876765,59.061215999918204,0.34485791610284167,1478,0,0,683,0.910413616398243,0
23.29441,10,1,2,256,29.52028199979395,33.9091460000418,4.984612000043853,63.4942259998752,0.3446247464503043,1479,0,0,751,0.8501165113182424,0
23.35869,10,0,2,256,29.70422399994277,34.51135900013469,5.017662999762251,64.26778900004138,0.3443918918918919,1480,0,0,752,0.87109375,0
23.42194,10,0,2,256,29.001135999806138,34.20129799997085,4.956017000040447,63.246466999771656,0.34415935178933155,1481,0,0,754,0.8908322281167109,0
23.51508,11,0,1,256,57.74147500005711,35.35158600016075,5.543873000078747,93.13166900028591,0.33124769966875234,1482,0,0,754,0.9129641909814323,0
23.58028,11,0,1,256,29.403411999737727,35.74245600020731,5.467816999953357,65.20101400019485,0.33102433641880713,1483,0,0,755,0.9338576158940397,0
23.64605,11,0,1,256,30.298000000129832,35.41154999993523,5.521745999885752,65.7539399999223,0.3308012741975006,1484,0,0,755,0.9559602649006622,0
23.71232,11,0,1,256,30.46218500003306,35.76007700030459,5.538017999697331,66.2642440001946,0.3305785123966942,1485,0,0,755,0.9780629139072847,0
23.77908,12,0,0,196,30.756585999824892,35.94850200033761,6.136175999927218,66.75302700023167,0.3264356213548677,1486,0,0,757,0.9926519154557464,0
23.83918,12,1,1,256,25.450454000292666,34.57876100037538,5.932124000082695,60.09464799990383,0.32621609504595384,1487,0,0,812,0.9460437192118226,0
23.90455,12,0,1,256,29.08532700030264,36.23388200003319,6.030674000157887,65.37060700020447,0.32599686379928317,1488,0,0,813,0.9654827798277983,0
23.97019,12,0,1,256,29.563524999957735,36.00398700018559,6.03038999997807,65.62918200006607,0.32577792702037156,1489,0,0,725,0.985,0
24.03685,12,0,0,71,30.247740000049816,36.31628900029682,5.891031000373914,66.62991399980456,0.3569910514541387,1490,0,0,726,0.990788567493113,0
24.07314,12,0,0,0,0.0003939999260182958,36.23895499958962,5.888594999760244,36.28030299978491,0.3567516208361279,1491,0,0,726,0.9918216253443526,0
24.10942,12,0,0,0,0.0003000000106112566,36.23382900013894,5.96758299980138,36.27440100035528,0.35651251117068816,1492,0,0,726,0.9928546831955923,0
24.14591,12,0,0,0,0.00026700035959947854,36.440769000364526,6.208274000073288,36.48395400023219,0.3562737218129046,1493,0,0,727,0.9925206327372765,0
24.1817,12,0,0,0,0.0003070003913308028,35.74569100010194,5.857874999946944,35.78625299996929,0.3560352521195894,1494,0,0,727,0.9935522696011004,0
24.21693,12,0,0,0,0.0002950000634882599,35.182304000045406,5.969757999991998,35.21889599960559,0.35579710144927534,1495,0,0,728,0.9932177197802198,0
24.25256,12,0,0,0,0.00028500016924226657,35.583296999902814,5.8815520001189725,35.62265199980175,0.35555926916221037,1496,0,0,729,0.9928840877914952,0
24.28805,12,0,0,0,0.0002780002432700712,35.449244000119506,5.88306100007685,35.48783599990202,0.35532175462035176,1497,0,0,730,0.9925513698630137,0
24.32405,12,0,0,0,0.00027300029614707455,35.95598499987318,5.924912999944354,35.98938000004637,0.35508455718736087,1498,0,0,730,0.9935787671232876,0
24.35905,12,0,0,0,0.0003010000000358559,34.954761000335566,5.891354999675968,34.99197199971604,0.3548476762285968,1499,0,0,732,0.9918886612021858,0
24.39381,12,0,0,0,0.00027799978852272034,34.72456100007548,5.860387999746308,34.758616000090115,0.3546111111111111,1500,0,0,732,0.9929132513661202,0
24.42865,12,0,0,0,0.0002940000740636606,34.78603000030489,5.824754999594006,34.81698799987498,0.35437486120364203,1501,0,0,732,0.9939378415300546,0
24.46346,12,0,0,0,0.000282999735645717,34.7634080003445,5.867763999958697,34.800538000126835,0.354138925876609,1502,0,0,734,0.9922513623978202,0
24.49756,12,0,0,0,0.0003039999683096539,34.05504700003803,5.844860000252083,34.09223600010591,0.35390330450210694,1503,0,0,736,0.9905740489130435,0
24.53289,12,0,0,0,0.00032600019039819017,35.29279099984706,5.858506000095076,35.32880400007343,0.3536679964539007,1504,0,0,737,0.9902476255088195,0
24.56864,12,0,0,0,0.00025500003175693564,35.712178999801836,5.903632999888941,35.749211000165815,0.3534330011074197,1505,0,0,737,0.9912652645861602,0
24.6049,12,0,0,0,0.00032000025385059416,36.20839599989267,5.960584000149538,36.25133800005642,0.3531983178397521,1506,0,0,738,0.9909383468834688,0
24.6406,12,0,0,0,0.00027899977794731967,35.64905999974144,5.957082999884733,35.68786199957685,0.35296394602963943,1507,0,0,738,0.9919546070460704,0
24.67595,12,0,0,0,0.00028400017981766723,35.309147000134544,5.9806590002153825,35.34480899998016,0.35272988505747127,1508,0,0,738,0.9929708672086721,0
24.71098,12,0,0,0,0.0003059999471588526,34.98493799997959,5.909730000439595,35.024703000090085,0.3524961343052795,1509,0,0,739,0.9926420838971584,0
24.74666,12,0,0,0,0.00028500016924226657,35.63453400010985,6.139694000012241,35.67225699998744,0.35226269315673286,1510,0,0,739,0.9936569688768606,0
24.7827,12,0,0,0,0.0003160002961521968,35.98159300008774,6.0113260001344315,36.03569599999901,0.3520295609971321,1511,0,0,686,0.9930758017492711,0
24.81816,11,0,0,0,0.0002689998837013263,35.416289000295365,5.568352999944182,35.451671999908285,0.34463684463684463,1512,0,0,687,0.9926310043668122,0
24.85297,11,0,0,0,0.0002629999471537303,34.76584400004867,5.547249999835913,34.80422499978886,0.3444090608664303,1513,0,0,688,0.9921875,0
24.88753,11,0,0,0,0.0002390002009633463,34.515414999987115,5.524566000076447,34.5514689997799,0.3441815779992794,1514,0,0,688,0.993186773255814,0
24.92267,11,0,0,0,0.00027900023269467056,35.091743000066344,5.559124000228621,35.129837000113184,0.343954395439544,1515,0,0,689,0.9927431059506531,0
24.95854,11,0,0,0,0.00028800013751606457,35.836109000229044,5.609860999811644,35.87196800026504,0.343727512592948,1516,0,0,689,0.9937409288824384,0
24.9942,11,0,0,0,0.00029300008463906124,35.615301999769144,5.6472159999430005,35.652601000037976,0.3435009288667825,1517,0,0,689,0.9947387518142236,0
25.03027,11,0,0,0,0.0003529999048623722,36.01846499987005,5.600531999789382,36.05949500024508,0.34327464366990057,1518,0,0,691,0.9928545586107091,0
25.06541,11,0,0,0,0.0002890001269406639,35.096879999855446,5.630411000311142,35.1413789999242,0.34304865641271176,1519,0,0,693,0.990981240981241,0
25.10105,11,0,0,0,0.00032500020097359084,35.585164000167424,5.587712999840733,35.62753500000326,0.34282296650717703,1520,0,0,694,0.9905439481268011,0
25.13677,11,0,0,0,0.0003270001798227895,35.67875799990361,5.907912000111537,35.71210100017197,0.3425975733668042,1521,0,0,694,0.9915345821325648,0
25.17179,11,0,0,0,0.0003039999683096539,34.97268599994641,5.564101999880222,35.01036399984514,0.3423724764066419,1522,0,0,695,0.9910971223021583,0
25.20741,11,0,0,0,0.0002950000634882599,35.57837800008201,5.570454000007885,35.62061399998129,0.3421476750432758,1523,0,0,695,0.9920863309352518,0
25.24442,11,0,0,0,0.00030499995773425326,36.96350000018356,5.6548259999544825,37.00510900034715,0.3419231686948222,1524,0,0,695,0.9930755395683454,0
25.27953,11,0,0,0,0.0003060004019062035,35.06044899995686,5.766991999735183,35.10256799972922,0.341698956780924,1525,0,0,696,0.9926364942528736,0
25.3141,11,0,0,0,0.0004049998096888885,34.51909200020964,5.60787899985371,34.55485399990721,0.3414750387227451,1526,0,0,696,0.9936242816091954,0
25.34811,11,0,0,0,0.0002770002538454719,33.96832299995367,5.699642000308813,34.00576100011676,0.341251413942966,1527,0,0,697,0.9931850789096126,0
25.38362,11,0,0,0,0.0003939999260182958,35.46686599975146,5.658608999965509,35.506548000284965,0.34102808186577815,1528,0,0,698,0.9927471346704871,0
25.41927,11,0,0,0,0.0002860001586668659,35.603304999767715,5.646063999847684,35.64666800002669,0.34080504191687977,1529,0,0,699,0.992310443490701,0
25.45392,11,0,0,0,0.0002980000317620579,34.60139100025117,5.602819000159798,34.6388040002239,0.34058229352347,1530,0,0,699,0.993293991416309,0
25.48959,11,0,0,0,0.00028399972507031634,35.61146499987444,5.606237000392866,35.66361599996526,0.34035983611424503,1531,0,0,645,0.9933139534883721,0
25.52405,10,0,0,0,0.0003669997568067629,34.41791800014471,5.1711179999074375,34.44938699976774,0.33087467362924283,1532,0,0,645,0.994282945736434,0
25.55882,10,0,0,0,0.0003000000106112566,34.72620700040352,5.200799999784067,34.776782000335515,0.33065883887801695,1533,0,0,645,0.9952519379844961,0
25.59349,10,0,0,0,0.0003229997673770413,34.61179199985054,5.297943000186933,34.653264000098716,0.33044328552803126,1534,0,0,647,0.9931414219474498,0
25.62769,10,0,0,0,0.00028400017981766723,34.14783000016541,5.224569999882078,34.1897749999589,0.3302280130293159,1535,0,0,649,0.9910439137134053,0
25.66234,10,0,0,0,0.0006440000106522348,34.601055000166525,5.221389999860548,34.64295200001288,0.3300130208333333,1536,0,0,650,0.9904807692307692,0
25.72199,10,1,1,256,25.566364000042086,34.01603600013914,5.189784000322106,59.64132999997673,0.3297983083929733,1537,0,0,715,0.9236888111888112,0
25.78449,10,0,1,256,28.65794299987101,33.78523800029143,5.17501500007711,62.49772299997858,0.3295838751625487,1538,0,0,716,0.9456180167597765,0
25.84777,10,0,1,256,29.12514999979976,34.100080000371236,5.276509999930568,63.26740700023947,0.3293697205977908,1539,0,0,716,0.9688372905027933,0
25.9099,10,0,1,256,28.422590999980457,33.6632369999279,5.16227899970545,62.12200700019821,0.3291558441558442,1540,0,0,716,0.99205656424581,0
25.97459,11,0,0,15,29.802343000028486,34.838225999919814,5.729869999868242,64.6844869997949,0.3286531768037284,1541,0,0,717,0.992939330543933,0
26.0103,11,0,0,0,0.000473000000056345,35.65679600023941,5.758054000125412,35.70341799968446,0.32844004244782454,1542,0,0,718,0.9925139275766016,0
26.04503,11,0,0,0,0.00031400031730299816,34.69309100000828,5.744953999965219,34.72717000022385,0.32822718435161724,1543,0,0,718,0.9934714484679665,0
26.10579,11,1,1,256,25.409576000129164,35.27693600017301,5.765572000200336,60.754498000278545,0.32801460197833254,1544,0,0,785,0.9299363057324841,0
26.17029,11,0,1,256,29.11188400003084,35.32490900033736,5.767317999925581,64.49281100003645,0.32780229479258605,1545,0,0,786,0.9499840966921119,0
26.23536,11,0,1,256,29.111773999829893,35.901806999845576,5.761556000379642,65.05674799973349,0.3275902622603787,1546,0,0,786,0.9712150127226463,0
26.30024,11,0,1,256,29.390931999841996,35.441674000139756,5.784954999853653,64.88217800006169,0.32737850384909206,1547,0,0,787,0.9911848792884371,0
26.36632,12,0,0,26,30.053941999995004,35.966084000392584,6.231583000044338,66.06660499983263,0.32671188630490955,1548,0,0,787,0.994202668360864,0
26.42788,12,1,1,256,25.29194799990364,36.18832800020755,6.264172000101098,61.54809899999236,0.3265009683666882,1549,0,0,871,0.9175516647531573,0
26.49286,12,0,1,256,28.786445000150707,36.14449799988506,6.248887999845465,64.97965300013675,0.32629032258064516,1550,0,0,873,0.9346363115693013,0
26.55774,12,0,1,256,29.1891509996276,35.63820700037468,6.309570000212261,64.8765259998072,0.3260799484203739,1551,0,0,875,0.9516428571428571,0
26.62319,12,0,1,256,29.351578999921912,36.035697999977856,6.227612999737175,65.43362100001104,0.32586984536082475,1552,0,0,876,0.9696775114155252,0
26.68858,12,1,2,256,29.29522700014786,36.029360000156885,6.293938999988313,65.39238899995325,0.32566001287830004,1553,0,0,960,0.9022786458333333,0
26.78161,13,0,1,256,56.08241599975372,36.88480100026936,6.862965999971493,93.0155879996164,0.31150381150381146,1554,0,0,962,0.9178794178794178,0
26.84804,13,0,1,256,29.66673799983255,36.71536899992134,6.8290719996184635,66.42565699985425,0.3113034875092753,1555,0,0,962,0.9353560291060291,0
26.91468,13,0,1,256,29.82712499988338,36.76054200013823,6.828215000041382,66.6349060002176,0.3111034210005932,1556,0,0,962,0.9528326403326404,0
26.98174,13,0,1,256,30.115905000002385,36.869082000066555,6.838691999746516,67.050571999971,0.31090361148164614,1557,0,0,963,0.9693016614745587,0
27.05077,13,0,1,256,30.124346999855334,38.85475100014446,6.849490000149672,69.02762900017478,0.31070405845758864,1558,0,0,964,0.9857365145228216,0
27.1198,14,0,0,100,31.986542000140616,36.995005999870045,7.618442999955732,69.02659699971991,0.2988179235773848,1559,0,0,964,0.9931275933609959,0
27.15749,14,0,0,0,0.00030799992600805126,37.62360799964881,7.576227000299696,37.68268800013175,0.2986263736263737,1560,0,0,965,0.9930051813471502,0
27.19523,14,0,0,0,0.00029600005291285925,37.68347699997321,7.5423600001158775,37.7275170003486,0.2984350690949026,1561,0,0,966,0.9928830227743272,0
27.23262,14,0,0,0,0.000288999672193313,37.348933999965084,7.399916999929701,37.383772999874054,0.2982440095116151,1562,0,0,966,0.9937888198757764,0
27.29667,14,1,1,256,25.96601200002624,37.980397999945126,7.543906000137213,64.0354480001406,0.29805319440636135,1563,0,0,1002,0.9749251497005988,0
27.36319,14,0,1,256,28.904510000302253,37.56971499979045,7.541321000189782,66.51738299979115,0.29786262331019364,1564,0,0,1002,0.9917664670658682,0
27.43028,15,0,0,32,28.81842700026027,38.21741799993106,7.837225000002945,67.0867589997215,0.32132055378061763,1565,0,0,1002,0.9946981037924152,0
27.4681,15,0,0,0,0.0003800000740739051,37.75797300022532,7.77894600014406,37.815841999872646,0.321115368241805,1566,0,0,916,0.9930403930131004,0
27.53057,14,1,1,256,25.6262049997531,36.76297299989528,7.187235000401415,62.45545100000527,0.3365849211413985,1567,0,0,975,0.9502564102564103,0
27.59703,14,0,1,256,28.846493999935774,37.55919000013819,7.284073999926477,66.4547669998683,0.3363702623906706,1568,0,0,977,0.9655834186284544,0
27.66371,14,1,2,256,29.09977599983904,37.507754000216664,7.405107000067801,66.67297000012695,0.33615587726486384,1569,0,0,1045,0.9188995215311004,0
27.7592,15,0,1,256,56.675668000025325,38.7539199996354,7.762815999740269,95.48066599973026,0.34127388535031844,1570,0,0,1047,0.933321394460363,0
27.82747,15,0,1,256,29.843064000033337,38.373871999738185,7.740563999959704,68.25950800021019,0.34105665181413114,1571,0,0,1047,0.9494985673352435,0
27.89534,15,0,1,256,29.759318999822426,38.06537999980719,7.722935999936453,67.87035100023786,0.34083969465648856,1572,0,0,1047,0.9656757402101241,0
27.96403,15,0,1,256,29.94352300038372,38.68314500004999,8.031548999952065,68.67651099992145,0.3406230133502861,1573,0,0,1049,0.9799809342230696,0
28.03371,16,0,0,201,30.471442000362003,39.15710899991609,8.165505999841116,69.67723300022044,0.33890565438373565,1574,0,0,1050,0.9919642857142857,0
28.07242,16,0,0,0,0.000276999799098121,38.66529100014304,8.27752099985446,38.703882999925554,0.3386904761904762,1575,0,0,1050,0.9929166666666667,0
28.11158,16,0,0,0,0.000279999767371919,39.11379500004841,8.249942000020383,39.15954500007501,0.3384755710659898,1576,0,0,1051,0.9929234062797336,0
28.17552,16,1,1,256,26.051812999867252,37.8044230001251,8.155153000188875,63.92698800027574,0.3382609384908053,1577,0,0,1144,0.9270651223776224,0
28.2426,16,0,1,256,28.059171000222705,38.95945199974449,8.18022400017071,67.07102600012149,0.33804657794676807,1578,0,0,1066,0.9384967166979362,0
28.30894,15,0,1,256,28.99138899965692,37.30524200000218,7.59435999998459,66.33494300012899,0.34578847371754273,1579,0,0,1067,0.9534910965323337,0
28.37434,15,0,1,256,28.500864999841724,36.85143800021251,7.529812000029779,65.38892999969903,0.3455696202531645,1580,0,0,1067,0.9693650421743205,0
28.44107,15,0,1,256,28.85578199993688,37.82619899993733,7.621005000146397,66.7268049996892,0.34535104364326374,1581,0,0,1069,0.9833956969130028,0
28.5096,16,0,0,184,30.28632799987463,38.18133000004309,8.267131999673438,68.51743199968041,0.3282237673830595,1582,0,0,1071,0.9932306255835668,0
28.54787,16,0,0,0,0.0005480001163959969,38.230759000271064,8.24539100040056,38.26943000012761,0.32801642451042323,1583,0,0,1072,0.9932369402985075,0
28.58659,16,0,0,0,0.0003239997568016406,38.67154799991113,8.243297999797505,38.71342599995842,0.3278093434343434,1584,0,0,1074,0.99231843575419,0
28.62606,16,0,0,0,0.0002890001269406639,39.43055399986406,8.396524000090722,39.46849700014354,0.327602523659306,1585,0,0,1074,0.9932495344506518,0
28.66474,16,0,0,0,0.00030499995773425326,38.62570000001142,8.51729099986187,38.66506600024877,0.3273959646910467,1586,0,0,1077,0.9914113277623027,0
28.70389,16,0,0,0,0.0002970000423374586,39.10574600013206,8.266373999958887,39.14607399974557,0.327189666036547,1587,0,0,1077,0.9923398328690808,0
28.74293,16,0,0,0,0.0004079997779626865,39.0003570000772,8.323288000156026,39.03696699990178,0.3269836272040302,1588,0,0,1077,0.9932683379758589,0
28.78329,16,0,0,0,0.00029900002118665725,40.311961000043084,8.383945999867137,40.35293199967782,0.3267778477029578,1589,0,0,1079,0.992354031510658,0
28.82254,16,0,0,0,0.0003820000529231038,39.18688400017345,8.334598000146798,39.2317699997875,0.32657232704402517,1590,0,0,1081,0.9914431082331174,0
28.8611,16,0,0,0,0.00028400017981766723,38.51501400004054,8.432322999851749,38.55096500001309,0.3263670647391578,1591,0,0,1081,0.992368177613321,0
28.92482,16,1,1,256,25.510358000246924,38.118362999739475,8.292502000131208,63.73200500001985,0.3261620603015075,1592,0,0,1131,0.9249005305039788,0
28.99137,15,0,1,256,28.38467799983846,38.09927999964202,7.955335000133346,66.52829100039526,0.31027411592383347,1593,0,0,1131,0.9398762157382847,0
29.05867,15,0,1,256,29.03583300030732,38.20877499993003,7.940992999920127,67.2893840001052,0.3100794646591384,1594,0,0,1131,0.9548519009725907,0
29.12725,15,0,1,256,29.95085900010963,38.57321499981481,8.016485999633005,68.57634900006815,0.3098850574712644,1595,0,0,1132,0.9689708480565371,0
29.19546,15,0,1,256,29.56899799983148,38.5721510001531,8.030027999666345,68.19122500019148,0.30969089390142024,1596,0,0,1132,0.9839333038869258,0
29.26649,16,0,0,196,30.745911999929376,40.22725100003299,8.751159999974334,71.02398999995785,0.29488885410144017,1597,0,0,1134,0.9938822751322751,0
29.33171,16,1,1,256,25.45287599969015,39.683984000021155,8.599684000273555,65.21583899984762,0.2947043178973717,1598,0,0,1198,0.9549770450751253,0
29.39957,16,0,1,256,29.373939999914,38.420270000187884,8.63092300005519,67.84477800010791,0.29452001250781734,1599,0,0,1199,0.968359049207673,0
29.46811,16,0,1,256,28.95355600003313,39.514054999926884,8.769985000071756,68.53792800029623,0.2943359375,1600,0,0,1132,0.9804549469964664,0
29.53643,16,0,0,224,29.758332999790582,38.5045960001662,8.551308999813045,68.3040029998665,0.29801686445971265,1601,0,0,1132,0.9937058303886925,0
29.57479,16,0,0,0,0.0003060004019062035,38.323297999795614,8.550910000394651,38.362070999937714,0.297830836454432,1602,0,0,1135,0.9919603524229075,0
29.61307,16,0,0,0,0.00028800013751606457,38.24131800001851,8.506685000156722,38.274883999747544,0.2976450405489707,1603,0,0,1135,0.9928414096916299,0
29.65159,16,0,0,0,0.0002849997144949157,38.47888399968724,8.530149999842251,38.51301200029411,0.297459476309227,1604,0,0,1135,0.9937224669603524,0
29.69011,16,0,0,0,0.0002819997462211177,38.469831999918824,8.56282899985672,38.50844299995515,0.2972741433021807,1605,0,0,1137,0.992854001759015,0
29.72952,16,0,0,0,0.0002879996827687137,39.36225999996168,8.5527579999507,39.40660700027365,0.2970890410958904,1606,0,0,1139,0.9919885864793678,0
29.76913,16,0,0,0,0.0003350000952195842,39.56665699979567,8.887738999874273,39.60758599987457,0.2969041692594897,1607,0,0,1139,0.9928665496049166,0
29.80887,16,0,0,0,0.00035699986256076954,39.689093999641045,8.750039000005927,39.73184200003743,0.2967195273631841,1608,0,0,1140,0.9928728070175439,0
29.84797,16,0,0,0,0.00034599997889017686,39.04959499959659,8.696190999671671,39.08750199980204,0.29653511497824736,1609,0,0,1141,0.9928790534618755,0
29.88688,16,0,0,0,0.0005119995876157191,38.86547599995538,8.639743999992788,38.903514000139694,0.29635093167701865,1610,0,0,1141,0.9937554776511832,0
29.92721,16,0,0,0,0.00028800013751606457,40.29061000028378,8.775139000135823,40.33321999986583,0.29616697703289885,1611,0,0,1142,0.993760945709282,0
29.96738,16,0,0,0,0.0003790000846493058,40.119224000136455,8.717962999980955,40.15828999990845,0.29598325062034736,1612,0,0,1142,0.9946366024518388,0
30.00654,16,0,0,0,0.0002939996193163097,39.11093299984714,8.718336000129057,39.15280899991558,0.29579975201487907,1613,0,0,1144,0.9937718531468531,0
30.04581,16,0,0,0,0.00028399972507031634,39.227950000167766,8.642294999845035,39.26541600003475,0.2956164807930607,1614,0,0,1144,0.9946459790209791,0
30.0851,16,0,0,0,0.00030499995773425326,39.226209000389645,8.736918000067817,39.268666000225494,0.29543343653250775,1615,0,0,1145,0.994650655021834,0
30.12561,16,0,0,0,0.0003010000000358559,40.45093199965777,8.731521000299836,40.498317000128736,0.2952506188118812,1616,0,0,1147,0.9937881429816914,0
30.16592,16,0,0,0,0.00030999990485724993,40.23975899963261,8.839350000016566,40.307460999883915,0.2950680272108843,1617,0,0,1073,0.9935344827586207,0
30.20561,15,0,0,0,0.00031299987313104793,39.63886600013211,8.313556999837601,39.68288499982009,0.2971981870622167,1618,0,0,1076,0.991635687732342,0
30.24575,15,0,0,0,0.0006889999895065557,40.09053600020707,8.23812499993437,40.126484999746026,0.29701461807700225,1619,0,0,1076,0.992506970260223,0
30.28502,15,0,0,0,0.00030499995773425326,39.22420900016732,8.412578999923426,39.26576899993961,0.29683127572016466,1620,0,0,1076,0.9933782527881041,0
30.32366,15,0,0,0,0.00028500016924226657,38.59854799975437,8.217091000005894,38.64157699990756,0.2966481595722805,1621,0,0,1077,0.9933263695450325,0
30.36354,15,0,0,0,0.0006360000952554401,39.823522999995475,8.27891000017189,39.87103300005401,0.29646526921496097,1622,0,0,1079,0.992354031510658,0
30.42855,15,1,1,256,26.366364000296016,38.5625210001308,8.27468699981182,65.00115600010758,0.2962826042308482,1623,0,0,1125,0.9668333333333333,0
30.49834,15,0,1,256,29.942481000034604,39.782238000043435,8.356649999768706,69.77972999993654,0.2961001642036125,1624,0,0,1126,0.9810168738898757,0
30.59654,16,1,1,256,57.88692299984177,40.238431000034325,8.724751000045217,98.19625399995857,0.3119615384615385,1625,0,0,1171,0.9578351836037575,0
30.6657,16,0,1,256,29.85179999996035,39.2465979998633,8.593692999966152,69.14652299974478,0.31176968019680196,1626,0,0,1171,0.9723526900085397,0
30.73544,16,1,2,256,30.055120000270108,39.6061730002657,8.6887160000515,69.73395100021662,0.3115780577750461,1627,0,0,1228,0.9410627035830619,0
30.83236,17,2,3,256,56.62801500011483,40.20156400019914,9.031626999785658,96.91531599992231,0.32678132678132676,1628,0,0,1357,0.8641764922623434,0
30.90164,17,0,3,256,30.065790000207926,39.155705999746715,9.02743400001782,69.27353499986566,0.3265807243707797,1629,0,0,1359,0.8754598969830758,0
30.97193,17,0,3,256,30.124317000172596,40.10604900031467,9.089916999982961,70.27918699986913,0.3263803680981595,1630,0,0,1359,0.8880150846210448,0
31.04052,17,0,3,256,30.037763000109408,38.498850999985734,9.028668000155449,68.58291600019584,0.32618025751072965,1631,0,0,1360,0.8999080882352941,0
31.13918,18,1,3,256,56.64759100000083,41.93150099990817,9.693236999737564,98.6545739997382,0.3332652505446623,1632,0,0,1418,0.8751763046544428,0
31.21052,18,0,3,256,30.469269000150234,40.80311999996411,9.779972000160342,71.3348579997728,0.33306116894604343,1633,0,0,1419,0.8866279069767442,0
31.28274,18,0,3,256,30.771026000365964,41.38114699981088,10.137093999674107,72.2072680000565,0.33285733714130283,1634,0,0,1423,0.8961700632466619,0
31.35455,18,0,3,256,30.628958999841416,41.1252969997804,9.671709000031115,71.80343300024106,0.33265375467210334,1635,0,0,1423,0.9082044975404076,0
31.42649,18,0,3,256,30.844446999708452,41.031998000107706,9.682738999799767,71.93882499996107,0.3324504210812279,1636,0,0,1377,0.9177106027596224,0
31.52469,18,1,3,256,57.2453099998711,40.87105700000393,9.889931000088836,98.1909820002329,0.3065227720084165,1637,0,0,1421,0.9013458831808585,0
31.5958,18,0,3,256,30.258954000146332,40.78823800000464,9.831181000208744,71.09944599960727,0.30633563966897304,1638,0,0,1423,0.9121134926212228,0
31.69361,19,0,2,256,56.96077699985835,40.79106200015303,10.260814000048413,97.80104599985862,0.3251019556212068,1639,0,0,1423,0.9241918482080113,0
31.76577,19,0,2,256,29.829125000105705,42.27855700037253,10.225424000054772,72.1583389999978,0.32490372272143775,1640,0,0,1423,0.9362702037947997,0
31.83808,19,0,2,256,30.48823800008904,41.749377999622084,10.20902299978843,72.29904999985592,0.32470573142179027,1641,0,0,1424,0.9476825842696629,0
31.91064,19,0,2,256,30.56890200014095,41.9120709998424,10.248875000343105,72.53832100013824,0.32450798128085134,1642,0,0,1425,0.959078947368421,0
32.01143,20,0,1,256,57.23379200026102,43.491602999893075,12.309693000133848,100.78471199994965,0.3309494826536823,1643,0,0,1426,0.9705031556802244,0
32.08541,20,0,1,256,29.864954000004218,44.05370099993888,12.396543999784626,73.9708379996955,0.3307481751824818,1644,0,0,1426,0.9825999298737728,0
32.16041,20,0,1,256,30.593599999974685,44.347049000407424,12.40661200017712,74.99800400000822,0.3305471124620061,1645,0,0,1428,0.9933035714285714,0
32.23704,21,0,0,9,31.145774999913556,45.42455199998585,13.148900000032882,76.62293700013834,0.343169588613088,1646,0,0,1428,0.9946165966386554,0
32.28182,21,0,0,0,0.000258999989455333,44.73384800030544,13.007070000185195,44.79568599981576,0.3429612282071298,1647,0,0,1430,0.9941433566433566,0
32.32665,21,0,0,0,0.0003000000106112566,44.75382399959926,12.793278000117425,44.796984999720735,0.34275312066574204,1648,0,0,1432,0.9936714385474861,0
32.37068,21,0,0,0,0.000258999989455333,43.98159199990914,12.644885999634425,44.02258999971309,0.342545265528892,1649,0,0,1433,0.993893928820656,0
32.41574,21,0,0,0,0.0003149998519802466,45.01426199976777,13.321759000064048,45.05998400009048,0.3423376623376624,1650,0,0,1438,0.9913508344923505,0
32.45901,21,0,0,0,0.00028399972507031634,43.21370699972249,11.414707000312774,43.25578399993901,0.3421303106342476,1651,0,0,1438,0.9922635605006954,0
32.50162,21,0,0,0,0.0003259997356508393,42.567934000089735,11.26079599998775,42.61124999993626,0.3419232099619509,1652,0,0,1439,0.9924861014593468,0
32.57113,21,1,1,256,25.820145000125194,43.59525299969391,11.513093000303343,69.50007599971286,0.34171635986518023,1653,0,0,1529,0.9453891432308699,0
32.64359,21,0,1,256,29.173676000027626,43.215606000103435,11.680006999995385,72.4486760000218,0.34150975988944554,1654,0,0,1531,0.9554621162638798,0
32.71547,21,0,1,256,29.1221340003176,42.69594900006268,11.10725700027615,71.87623199979498,0.3413034095813552,1655,0,0,1531,0.9667700849118224,0
32.78833,21,0,1,256,29.93296900012865,42.85904700009269,11.516560000018217,72.84596199997395,0.34109730848861286,1656,0,0,1531,0.9780780535597648,0
32.86149,21,0,1,256,29.83880199963096,43.25569699994958,11.304356999971787,73.14901900008408,0.3408914561600138,1657,0,0,1532,0.9887402088772846,0
32.96258,22,1,1,256,56.68399699970905,44.32048099988606,12.28025999989768,101.08296399994288,0.33243776729904595,1658,0,0,1595,0.9605799373040752,0
33.03719,22,2,3,256,29.764872000214382,44.760012999631726,12.404133000018192,74.60881599990898,0.33223738287029425,1659,0,0,1686,0.9190391459074733,0
33.11131,22,0,3,256,30.29112800004441,43.770529000084935,11.897224999756872,74.1150320000088,0.33203723986856515,1660,0,0,1686,0.9293446026097272,0
33.18566,22,1,4,256,30.377935000160505,43.86741999996957,11.930822000067565,74.3342030000349,0.33183733785780745,1661,0,0,1679,0.9145324597974985,0
33.28691,22,0,3,256,56.728281999767205,44.471531999988656,11.934451999877638,101.25069800005804,0.32619516464281806,1662,0,0,1679,0.9248808814770697,0
33.36255,22,0,3,256,30.327322999710304,45.23901900029159,12.413681999987602,75.63105899998845,0.3259990160170557,1663,0,0,1681,0.9341165972635336,0
33.46499,23,1,3,256,57.2498479996284,45.101911000074324,12.59694300006231,102.423884000018,0.340248745819398,1664,0,0,1744,0.9103712729357798,0
33.53838,23,0,3,256,29.15165500007788,44.18444700013424,12.120012999730534,73.38572599974214,0.3400443922183053,1665,0,0,1745,0.9198424068767909,0
33.61211,23,0,3,256,29.373343999850476,44.306690999746934,12.154379999628873,73.72625400012112,0.3398402839396628,1666,0,0,1749,0.9277086906803887,0
33.71293,24,0,2,256,54.28599600008965,46.47892299999512,13.032720999945013,100.81679200038707,0.3462307538492302,1667,0,0,1749,0.9377144082332761,0
33.78926,24,0,2,256,29.748167999969155,46.516370000063034,13.1024580000485,76.32022300003882,0.3460231814548361,1668,0,0,1750,0.9471785714285714,0
33.86445,24,0,2,256,29.413446000035037,45.711730000220996,12.665984999784996,75.17887700032588,0.3458158577990813,1669,0,0,1752,0.956085901826484,0
33.96941,25,0,1,256,55.981742999847484,48.91522900015843,13.617020000310731,104.95476100004453,0.35683832335329346,1670,0,0,1754,0.9650085518814139,0
34.04834,25,1,2,256,30.30815000010989,48.539497000092524,13.225250000232336,78.92867200007458,0.35662477558348293,1671,0,0,1798,0.9511610122358176,0
34.12732,25,0,2,256,30.605529000240494,48.30099099990548,13.701137999760249,78.97003699963534,0.3564114832535885,1672,0,0,1799,0.9603946637020567,0
34.23117,26,1,2,256,54.72203699991951,49.04092400010995,14.273919000061142,103.84094199980609,0.35861418915812227,1673,0,0,1842,0.947543431053203,0
34.31127,26,0,2,256,31.21491399997467,48.79251000011209,13.80889499978366,80.09441100011827,0.35839996323867296,1674,0,0,1757,0.9546101309049516,0
34.38882,25,0,2,256,29.84450999974797,47.638062000260106,13.092165000216482,77.55514299969946,0.3652776119402985,1675,0,0,1760,0.9629616477272728,0
34.58351,26,0,1,256,55.607542999950965,139.00239100030376,101.89936999995552,194.6676069997011,0.3738525794015054,1676,0,0,1760,0.9729758522727273,0
34.66649,26,0,1,256,31.574351000017487,51.340616999823396,15.438190000168106,82.97007100009068,0.3736296500160543,1677,0,0,1763,0.981317356778219,0
34.74724,26,0,1,256,30.4081250001218,50.29066699989926,14.455527999871265,80.75648199974239,0.37340698633904834,1678,0,0,1764,0.9907525510204082,0
34.83092,27,0,0,70,29.7786230003112,53.82862899978136,16.709068000182015,83.66263100015203,0.3816204530915669,1679,0,0,1765,0.9936260623229461,0
34.88284,27,0,0,0,0.00039799988371669315,51.86674700007643,16.007021999939752,51.92147100024158,0.3813932980599647,1680,0,0,1767,0.9934564233163554,0
34.93319,27,0,0,0,0.0003199997991032433,50.29909900031271,14.713424000092346,50.34250299968335,0.3811664132901491,1681,0,0,1769,0.9932871678914641,0
34.98377,27,0,0,0,0.0003059999471588526,50.52691800028697,14.81523400025253,50.57133200034514,0.3809397983000836,1682,0,0,1773,0.9919980259447264,0
35.03842,27,0,0,0,0.0003210002432751935,54.580792999786354,17.624748999878648,54.64931500000603,0.38071345260887746,1683,0,0,1709,0.992356641310708,0
35.08848,26,0,0,0,0.0003059999471588526,50.00868300021466,14.569748000212712,50.054467000336444,0.38025306047871366,1684,0,0,1710,0.9927266081871345,0
35.13871,26,0,0,0,0.0003820000529231038,50.171189999673516,14.984989000367932,50.218030999985785,0.38002739100661953,1685,0,0,1712,0.9925160630841121,0
35.19025,26,0,0,0,0.00037800009522470646,51.46738599978562,15.179643000010401,51.53475199995228,0.37980198923259423,1686,0,0,1609,0.9915320074580485,0
35.23766,25,0,0,0,0.0003969998942920938,47.350500999982614,13.712212999962503,47.407107000253745,0.34924155513065647,1569,0,0,1610,0.9918866459627329,0
35.28433,25,0,0,0,0.0003229997673770413,46.61215099986293,13.557090999711363,46.6558109997095,0.34901910828025473,1570,0,0,1611,0.9922408441961514,0
35.32993,25,0,0,0,0.0003039999683096539,45.55327699972622,12.674927999796637,45.599135999964346,0.3487969446212603,1571,0,0,1612,0.9925946029776674,0
35.37481,25,0,0,0,0.00030499995773425326,44.82606999999916,12.523001999852568,44.86863700003596,0.34857506361323154,1572,0,0,1613,0.9929479231246126,0
35.42041,25,0,0,0,0.0002920000952144619,45.54195000036998,12.625304999801301,45.60454700003902,0.34835346471710105,1573,0,0,1615,0.9926857585139319,0
35.46712,25,0,0,0,0.00045400020098895766,46.65680900006919,12.676413999997749,46.69649500010564,0.3481321473951715,1574,0,0,1615,0.9936532507739938,0
35.51371,25,0,0,0,0.0003700001798279118,46.53691899966361,12.709482999980537,46.584856000208674,0.34791111111111106,1575,0,0,1618,0.9927765760197775,0
35.55926,25,0,0,0,0.00034000004234258085,45.49493300009999,12.546545000077458,45.54572000006374,0.3476903553299492,1576,0,0,1619,0.9931284743668931,0
35.60445,25,0,0,0,0.00042400006350362673,45.142546000079165,12.53296799995951,45.188263000000006,0.3474698795180723,1577,0,0,1620,0.993479938271605,0
35.65002,25,0,0,0,0.0006310001481324434,45.51326799992239,12.52668100005394,45.56059800006551,0.34724968314321925,1578,0,0,1621,0.9938309685379395,0
35.69618,25,0,0,0,0.0003939999260182958,46.10350099983407,12.68269499996677,46.15266499968129,0.3470297656744775,1579,0,0,1623,0.9935690080098583,0
35.74209,25,0,0,0,0.00040399982026428916,45.85078100035389,12.683239999660145,45.89880899993659,0.3468101265822785,1580,0,0,1627,0.9920866625691457,0
35.78744,25,0,0,0,0.0004339999577496201,45.2992999998969,12.593423999987863,45.3459240002303,0.3465907653383934,1581,0,0,1628,0.9924370393120393,0
35.83339,25,0,0,0,0.0003559998731361702,45.89794800040181,12.55351800000426,45.94308900004762,0.3463716814159292,1582,0,0,1629,0.9927869858809085,0
35.87967,25,0,0,0,0.0003529999048623722,46.23436599968045,12.575623000429914,46.28028700017239,0.34615287428932406,1583,0,0,1631,0.9925275904353158,0
35.92534,25,0,0,0,0.00038899997889529914,45.61534599997685,12.580474000060349,45.66478800006735,0.3459343434343435,1584,0,0,1634,0.9916615667074663,0
35.97097,25,0,0,0,0.0005480001163959969,45.56977400034157,12.750139000218041,45.6164320003154,0.34571608832807565,1585,0,0,1635,0.9920107033639144,0
36.01617,25,0,0,0,0.00040699978853808716,45.13922900014222,12.62775299983332,45.199044999662874,0.34549810844892814,1586,0,0,1593,0.9923101067168864,0
36.06066,24,0,0,0,0.0003740001375263091,44.43431200024861,12.216486999932386,44.475179000073695,0.33595883217811384,1587,0,0,1594,0.9926286072772899,0
36.10482,24,0,0,0,0.0003939999260182958,44.109829000262835,12.228968999806966,44.17628900000636,0.3357472712006717,1588,0,0,1595,0.9929467084639498,0
36.14893,24,0,0,0,0.00042100009522982873,44.04299900033948,12.265920999652735,44.09102299996448,0.33553597650513955,1589,0,0,1597,0.9926424546023794,0
36.19381,24,0,0,0,0.00038300004234770313,44.8274020000099,12.303096999858099,44.86559799988754,0.3353249475890986,1590,0,0,1597,0.9935817157169693,0
36.23887,24,0,0,0,0.0003069999365834519,44.9646069996561,12.157108999872435,45.053119999920455,0.33511418395139325,1591,0,0,1523,0.9931057124097177,0
36.28242,23,0,0,0,0.0002860001586668659,43.508108999958495,11.691251000229386,43.551636999836774,0.33908673803801614,1592,0,0,1524,0.993397309711286,0
36.3253,23,0,0,0,0.0003850000211969018,42.82310000007783,11.76656899997397,42.867404999924474,0.3388738775621606,1593,0,0,1525,0.9936885245901639,0
36.36808,23,0,0,0,0.0003100003596046008,42.730144999950426,11.653841999759607,42.76962900030412,0.338661284163439,1594,0,0,1526,0.9939793577981652,0
36.41141,23,0,0,0,0.0003000000106112566,43.29061999987971,11.704134999945381,43.33830099994884,0.3384489573395121,1595,0,0,1528,0.993619109947644,0
36.45496,23,0,0,0,0.00043899990487261675,43.48418800009313,11.758147999898938,43.53722399991966,0.33823689658929934,1596,0,0,1531,0.992611038536904,0
36.4983,23,0,0,0,0.0003939999260182958,43.28459100042892,12.047886000345898,43.3301139996729,0.33802510141297537,1597,0,0,1532,0.9929014360313316,0
36.54269,23,0,0,0,0.0003999998625658918,44.339242999740236,11.881377000008797,44.38471000003119,0.3378135713119661,1598,0,0,1533,0.9931914546640574,0
36.58733,23,0,0,0,0.0003969998942920938,44.59718900034204,11.970901000040612,44.63882099980765,0.3376023057889441,1599,0,0,1535,0.9928338762214983,0
36.63153,23,0,0,0,0.00042200008465442806,44.13491700006489,11.926881999897887,44.18877199987037,0.33739130434782605,1600,0,0,1538,0.9918319245773732,0
36.67542,23,0,0,0,0.0006459999895014334,43.83963899999799,11.927872999876854,43.880917000024056,0.3371805664937675,1601,0,0,1539,0.9921215074723847,0
36.7193,23,0,0,0,0.00032499974622623995,43.83421400007137,11.907372000223404,43.88042400023551,0.3369700917331596,1602,0,0,1540,0.9924107142857143,0
36.76412,23,0,0,0,0.00037699965105275624,44.76982899996074,12.025906999951985,44.81303500006106,0.3367598795736255,1603,0,0,1541,0.9926995457495134,0
36.80797,23,0,0,0,0.0004080002327100374,43.79784599996128,11.890504000348301,43.845023999892874,0.3365499295240161,1604,0,0,1542,0.9929880025940337,0
36.8519,23,0,0,0,0.00038400003177230246,43.878912000309356,11.959681999996974,43.92290599980697,0.3363402410944061,1605,0,0,1544,0.9926327720207254,0
36.89667,23,0,0,0,0.00030999990485724993,44.726914999955625,11.9447039996885,44.76553299991792,0.3361308137960908,1606,0,0,1544,0.9935637953367875,0
36.94169,23,0,0,0,0.0005480001163959969,44.96351899979345,12.039764000292053,45.00857199991515,0.3359216471415817,1607,0,0,1546,0.9932082794307892,0
36.98609,23,0,0,0,0.0003679997462313622,44.35676399998556,11.990532999789139,44.40052599966293,0.3357127406446031,1608,0,0,1547,0.9934954751131222,0
37.03002,23,0,0,0,0.00046500008465955034,43.87870899972768,11.98533300021154,43.923130000166566,0.33550409382008806,1609,0,0,1548,0.993782299741602,0
37.07395,23,0,0,0,0.000452000222139759,43.872839999949065,11.939723000068625,43.91453399966849,0.33529570618417504,1610,0,0,1549,0.9940687540348612,0
37.11839,23,0,0,0,0.0003999998625658918,44.391730000370444,11.954526000408805,44.43799399996351,0.33508757725420346,1611,0,0,1551,0.9937137330754352,0
37.16266,23,0,0,0,0.0003390000529179815,44.211521000306675,12.040206999699876,44.256932999815035,0.3348797065487108,1612,0,0,1554,0.992720398970399,0
37.20717,23,0,0,0,0.00037500012695090845,44.46175599969138,12.394117999974696,44.50574499969662,0.3346720935874282,1613,0,0,1555,0.9930064308681672,0
37.25216,23,0,0,0,0.0003559998731361702,44.94259500006592,12.043442000049254,44.98505799983832,0.3344647378912774,1614,0,0,1556,0.9932920951156813,0
37.29786,23,0,0,0,0.0006159998520161025,45.65415499973824,12.527699999736797,45.69854400006079,0.3342576389823664,1615,0,0,1558,0.9929396662387676,0
37.34204,23,0,0,0,0.0005900001269765198,44.125602999883995,11.994542999673286,44.175205000101414,0.33405079638398627,1616,0,0,1561,0.9919522741832159,0
37.38643,23,0,0,0,0.0003940003807656467,44.329314999686176,12.082945000202017,44.37218000020948,0.3338442096206071,1617,0,0,1562,0.9922375160051217,0
37.4307,23,0,0,0,0.0003800000740739051,44.2208770000434,12.006758999632439,44.266883000091184,0.33363787821787494,1618,0,0,1563,0.992522392834293,0
37.47546,23,0,0,0,0.0003939999260182958,44.70825899988995,12.101754000013898,44.749605000106385,0.33343180170260767,1619,0,0,1564,0.992806905370844,0
37.51979,23,0,0,0,0.00035700031730812043,44.265218999953504,12.07109599999967,44.32896900016203,0.3332259796027912,1620,0,0,1494,0.9930137215528781,0
37.56307,22,0,0,0,0.00039600035961484537,43.226429000242206,11.557095000171103,43.269250000321335,0.334389546295777,1621,0,0,1496,0.992605280748663,0
37.60714,22,0,0,0,0.0006949999260541517,44.03315300032773,11.78945699984979,44.0709749996131,0.3341833875126107,1622,0,0,1496,0.9935243983957219,0
37.65109,22,0,0,0,0.0006259997462620959,43.878648999907455,11.612901999797032,43.94027299986192,0.33397748277600403,1623,0,0,1396,0.9931053008595988,0
37.69368,21,0,0,0,0.0003679997462313622,42.53793899988523,10.804666999774781,42.577832999995735,0.34957776213933844,1624,0,0,1397,0.9933339298496778,0
37.73586,21,0,0,0,0.0003059999471588526,42.11674999987736,10.87051300009989,42.17784599995866,0.3493626373626374,1625,0,0,1398,0.9935622317596566,0
37.77831,21,0,0,0,0.0005480001163959969,42.397644000175205,10.927282000011473,42.43803100007426,0.3491477771920576,1626,0,0,1399,0.993790207290922,0
37.82082,21,0,0,0,0.00038999996831989847,42.47251900005722,11.028542000076413,42.52979700004289,0.3489331811396962,1627,0,0,1400,0.9940178571428572,0
37.86351,21,0,0,0,0.0004519997673924081,42.62146000019129,10.960122000142292,42.6672509997843,0.34871884871884873,1628,0,0,1403,0.992827868852459,0
37.90629,21,0,0,0,0.0007100002221704926,42.70165799971437,11.0985520000213,42.77179100017747,0.34850477944400593,1629,0,0,1326,0.9927413273001509,0
37.94785,20,0,0,0,0.0003620002644311171,41.491740999845206,10.442902999784565,41.54837500027497,0.3539263803680982,1630,0,0,1327,0.9929351921627732,0
37.989,20,0,0,0,0.0005000001692678779,41.08071599966934,10.345300000153657,41.146292999656,0.3537093807480074,1631,0,0,1233,0.9925486618004866,0
38.02991,19,0,0,0,0.0006929999472049531,40.86135599982299,9.734891999869433,40.9050279999974,0.3685178018575851,1632,0,0,1235,0.9919028340080972,0
38.07051,19,0,0,0,0.0003740001375263091,40.55488499989224,9.855925000010757,40.59648100019331,0.3682921326586521,1633,0,0,1236,0.9920610841423948,0
38.11194,19,0,0,0,0.00036000028558191843,41.38235900018117,10.071257000163314,41.42469599992182,0.36806673967660886,1634,0,0,1237,0.9922190784155214,0
38.15292,19,0,0,0,0.0006969999049033504,40.93269799977861,9.850128999914887,40.971162999994704,0.36784162240463547,1635,0,0,1237,0.9931790622473726,0
38.19372,19,0,0,0,0.00034599997889017686,40.75578400033919,9.821971000292251,40.793687000132195,0.36761678033715095,1636,0,0,1238,0.9933360258481422,0
38.23451,19,0,0,0,0.00034899994716397487,40.71901500037711,9.807254999941506,40.777309000077366,0.36739221296980995,1637,0,0,1171,0.9923142613151152,0
38.27459,18,0,0,0,0.00033599962989683263,40.039854999577074,9.179725999729271,40.07819800017387,0.36942070275403605,1638,0,0,1171,0.9932749786507259,0
38.3141,18,0,0,0,0.00032800016924738884,39.45636199978253,9.361508999973012,39.503009999862115,0.3691953087926242,1639,0,0,1172,0.9933873720136519,0
38.35424,18,0,0,0,0.00034499998946557753,40.09206099999574,9.294425000007323,40.13465100024405,0.368970189701897,1640,0,0,1173,0.9934995737425405,0
38.39465,18,0,0,0,0.0006899999789311551,40.35880099991118,9.373911000238877,40.40133700027582,0.36874534497934863,1641,0,0,1174,0.9936115843270868,0
38.43524,18,0,0,0,0.0003350000952195842,40.525146999698336,9.438755000246601,40.58518300007563,0.36852077412369744,1642,0,0,1096,0.9933280109489051,0
38.47513,17,0,0,0,0.00038400003177230246,39.842123000198626,8.854457999859733,39.88067999989653,0.3763560201926175,1643,0,0,1097,0.9933910665451231,0
38.51466,17,0,0,0,0.0003989998731412925,39.48175200002879,8.828407000237348,39.52445099957913,0.3761270931730356,1644,0,0,1099,0.9925500454959054,0
38.55446,17,0,0,0,0.0005900001269765198,39.75026700027229,8.794425999894884,39.79400199978045,0.37589844448417664,1645,0,0,1100,0.9926136363636363,0
38.59446,17,0,0,0,0.0004110002009838354,39.95522000013807,8.829547999994247,39.99677399997381,0.37567007361875493,1646,0,0,1101,0.9926771117166212,0
38.63362,17,0,0,0,0.00041300017983303405,39.10797799971988,8.830144000057771,39.15492899977835,0.37544198007071683,1647,0,0,1102,0.9927404718693285,0
38.67305,17,0,0,0,0.0004189996616332792,39.367463999951724,9.061102000032406,39.413811000031274,0.37521416333523705,1648,0,0,1104,0.9919044384057971,0
38.71149,17,0,0,0,0.0003390000529179815,38.399695999942196,8.857531000103336,38.43789500024286,0.37498662290871476,1649,0,0,1105,0.9919683257918552,0
38.74965,17,0,0,0,0.0003089999154326506,38.111702999685804,8.672614999795769,38.147006000144756,0.37475935828877005,1650,0,0,1106,0.9920320976491862,0
38.78812,17,0,0,0,0.00029600005291285925,38.438152999788144,8.765388000028906,38.4689669999716,0.37453236897424025,1651,0,0,1106,0.9929927667269439,0
38.82671,17,0,0,0,0.0002920000952144619,38.54582999974809,8.65758600002664,38.58142100034456,0.37430565446517594,1652,0,0,1107,0.9930555555555556,0
38.86486,17,0,0,0,0.0002970000423374586,38.10923000037292,8.689900999797828,38.14399700013382,0.37407921426283763,1653,0,0,1109,0.9922227231740307,0
38.90353,17,0,0,0,0.00028800013751606457,38.62020199994731,8.615869999630377,38.67471200010186,0.373853047869692,1654,0,0,1056,0.9933120265151515,0
38.94169,16,0,0,0,0.0005020001481170766,38.10862899990752,8.344115999989299,38.15357900020899,0.3662009063444108,1655,0,0,1057,0.9933183538315988,0
38.98071,16,0,0,0,0.00034799995773937553,38.968540000041685,8.367645999896922,39.0081549999195,0.36597977053140096,1656,0,0,1058,0.9933246691871456,0
39.01993,16,0,0,0,0.0003929999365936965,39.17381400015074,8.469546000014816,39.215179000166245,0.3657589016294508,1657,0,0,1059,0.9933309726156752,0
39.05851,16,0,0,0,0.00037500012695090845,38.53467199996885,8.394447000227956,38.577140999677795,0.3655382991556092,1658,0,0,1060,0.9933372641509434,0
39.09755,16,0,0,0,0.0003160002961521968,38.98873700018157,8.389524999984133,39.028584999869054,0.36531796262808924,1659,0,0,1061,0.9933435438265787,0
39.1373,16,0,0,0,0.0003959999048674945,39.685447000010754,8.497488000102749,39.74844399999711,0.36509789156626504,1660,0,0,959,0.9917883211678832,0
39.17553,15,0,0,0,0.00042100009522982873,38.175964999936696,7.746428999780619,38.2158630000049,0.3787303531332925,1633,0,0,960,0.9917317708333333,0
39.21392,15,0,0,0,0.00034000004234258085,38.34596299975601,7.8748569999333995,38.39101200037476,0.3784985720114239,1634,0,0,961,0.991675338189386,0
39.25215,15,0,0,0,0.0004000003173132427,38.18020599965166,7.723634999820206,38.219974000185175,0.3782670744138634,1635,0,0,961,0.9926508844953174,0
39.29104,15,0,0,0,0.0004749999789055437,38.84207900000547,7.819576000201778,38.88332199994693,0.37803585982070087,1636,0,0,962,0.9925935550935551,0
39.33036,15,0,0,0,0.00035199991543777287,39.261064999664086,7.895086999724299,39.31341199995586,0.37780492771329666,1637,0,0,963,0.992536344755971,0
39.3693,15,0,0,0,0.0004090002221346367,38.89077899975746,7.76313400001527,38.932317000217154,0.37757427757427753,1638,0,0,964,0.9924792531120332,0
39.4073,15,0,0,0,0.0007039998308755457,37.95437700000548,7.716745999914565,37.99386199989385,0.377343908887533,1639,0,0,964,0.9934517634854771,0
39.44506,15,0,0,0,0.00043299996832502075,37.69955600000685,7.678817999931198,37.75421099999221,0.37711382113821135,1640,0,0,867,0.9930074971164936,0
39.48213,14,0,0,0,0.0002740002855716739,37.023081999905116,7.067473999995855,37.058290999993915,0.40040915817881084,1641,0,0,869,0.991728998849252,0
39.51976,14,0,0,0,0.00029300008463906124,37.5919400003113,7.12376600040443,37.63025000034759,0.40016530363668,1642,0,0,869,0.9927359033371692,0
39.55716,14,0,0,0,0.00038400003177230246,37.35664700025154,7.168594999711786,37.39575400004469,0.3999217459351361,1643,0,0,870,0.9926005747126436,0
39.59467,14,0,0,0,0.0006599998414458241,37.45820199992522,7.070387000112532,37.49559900006716,0.3996784845324991,1644,0,0,871,0.9924655568312285,0
39.63201,14,0,0,0,0.00041600014810683206,37.29624900006456,7.088848999956099,37.3361790002491,0.39943551888840645,1645,0,0,872,0.9923308486238532,0
39.66934,14,0,0,0,0.00036300025385571644,37.286751000010554,7.07685199995467,37.335052999878826,0.3991928484638083,1646,0,0,872,0.9933342889908257,0
39.70686,14,0,0,0,0.0006909999683557544,37.44279600005029,7.168089000060718,37.50346600008925,0.3989504727209645,1647,0,0,873,0.9931987399770905,0
39.74521,14,0,0,0,0.0003619998096837662,38.3042429998568,7.165927999722044,38.347097000041686,0.3987083911234397,1648,0,0,875,0.9919285714285714,0
39.78348,14,0,0,0,0.0003390000529179815,38.22249799986821,7.188343000052555,38.2623750001585,0.39846660313609983,1649,0,0,876,0.991795091324201,0
39.82105,14,0,0,0,0.00030499995773425326,37.5222349998694,7.156259999646863,37.56256699989535,0.39822510822510826,1650,0,0,877,0.9916619156214367,0
39.85906,14,0,0,0,0.0005879996933799703,37.963595000292116,7.172410999828571,38.00071700015906,0.39798390585792165,1651,0,0,877,0.9926596351197263,0
39.89631,14,0,0,0,0.00028399972507031634,37.20626900030766,7.144090000110737,37.241558999994595,0.39774299550328607,1652,0,0,878,0.9925256264236902,0
39.93355,14,0,0,0,0.0003380000634933822,37.20119399986288,7.160703999943507,37.241990999973495,0.3975023766312332,1653,0,0,879,0.9923919226393629,0
39.9712,14,0,0,0,0.0003619998096837662,37.59998400028053,7.161167000049318,37.64043799992578,0.3972620487130766,1654,0,0,880,0.9922585227272728,0
40.00814,14,0,0,0,0.0007199996616691351,36.89870499965764,7.2104249998119485,36.934137999651284,0.397022011221407,1655,0,0,880,0.9932528409090909,0
40.04492,14,0,0,0,0.0004180001269560307,36.73125400018762,7.113090000075317,36.76995800014993,0.3967822636300897,1656,0,0,881,0.9931186152099887,0
40.0814,14,0,0,0,0.00037800009522470646,36.441101000036724,7.046446000003925,36.475731000336964,0.3965428054142599,1657,0,0,883,0.9918601359003397,0
40.11834,14,0,0,0,0.0006539999048982281,36.899401000027865,7.298031000118499,36.94156899973677,0.3963036360503188,1658,0,0,883,0.9928510758776897,0
40.15493,14,0,0,0,0.00032000025385059416,36.542868000196904,7.13792700025806,36.58037200011677,0.3960647550159304,1659,0,0,884,0.9927177601809954,0
40.19173,14,0,0,0,0.00034300001061637886,36.755583999820374,7.05467400030102,36.79220899994107,0.3958261617900172,1660,0,0,885,0.9925847457627118,0
40.22998,14,0,0,0,0.00035399989428697154,38.200883000172325,7.216751000214572,38.245941000241146,0.39558785585275646,1661,0,0,886,0.9924520316027088,0
40.26834,14,0,0,0,0.0003759996616281569,38.31147300024895,7.27479300030609,38.36416100011775,0.39534983668557677,1662,0,0,886,0.9934396162528216,0
40.30538,14,0,0,0,0.0006579998625966255,36.97225999985676,7.262830999934522,37.01768699966124,0.3951121037711537,1663,0,0,887,0.9933060879368658,0
40.34265,14,0,0,0,0.0004030002855870407,37.22780900034195,7.199679999757791,37.26788399990255,0.3948746565934066,1664,0,0,889,0.9920556805399325,0
40.38017,14,0,0,0,0.00037499967220355757,37.47147300009601,7.1740049997970345,37.514387000101124,0.39463749463749465,1665,0,0,890,0.9919241573033708,0
40.41858,14,0,0,0,0.0004090002221346367,38.36183899966272,7.2530950001237215,38.41009600000689,0.394400617389813,1666,0,0,891,0.9917929292929293,0
40.45665,14,0,0,0,0.00042800002120202407,38.01225199958935,7.340413999827433,38.05337399990094,0.3941640243379896,1667,0,0,891,0.9927749719416387,0
40.49425,14,0,0,0,0.0005010001586924773,37.55123800010551,7.209639999928186,37.5895600000149,0.3939277149708804,1668,0,0,892,0.992642937219731,0
40.5322,14,0,0,0,0.00042700003177742474,37.913749999916035,7.644672999958857,37.95447999982571,0.3936916887785672,1669,0,0,893,0.9925111982082867,0
40.56968,14,0,0,0,0.0003420000211917795,37.42885199972079,7.183375999829877,37.468501000148535,0.3934559452523524,1670,0,0,894,0.9923797539149888,0
40.60855,14,0,0,0,0.00033700007406878285,38.82859199984523,7.263727999998082,38.86634100035735,0.3932204838847567,1671,0,0,894,0.9933585011185683,0
40.64748,14,0,0,0,0.00037399968277895823,38.876914999946166,7.287280000127794,38.919119000183855,0.3929853041695147,1672,0,0,895,0.9932262569832402,0
40.68589,14,0,0,0,0.0004139997145102825,38.35914199999024,7.3088899998765555,38.4027140003127,0.39275040560157115,1673,0,0,897,0.9919871794871795,0
40.72421,14,0,0,0,0.0004319999789004214,38.267317000190815,7.535329999882379,38.31898499993258,0.39251578767707795,1674,0,0,845,0.9929733727810651,0
40.76144,13,0,0,0,0.0002860001586668659,37.182782999934716,6.808948000070814,37.222947999907774,0.38346727898966704,1675,0,0,846,0.9927600472813238,0
40.7996,13,0,0,0,0.0006370000846800394,38.11063900002409,6.92312099999981,38.15036500009228,0.38323847989719106,1676,0,0,847,0.992547225501771,0
40.83782,13,0,0,0,0.0003929999365936965,38.15713899984985,7.074903000102495,38.22831600018617,0.38300995367184987,1677,0,0,802,0.9922069825436409,0
40.87486,12,0,0,0,0.0003939999260182958,36.986265999985335,6.514978999803134,37.02824199990573,0.367699642431466,1678,0,0,802,0.993142144638404,0
40.9109,12,0,0,0,0.00030800038075540215,35.97943699969619,6.484626000201388,36.02162100014539,0.36748064324002383,1679,0,0,803,0.9928393524283935,0
40.94724,12,0,0,0,0.0004290000106266234,36.29403600007208,6.475195999882999,36.33303500009788,0.3672619047619048,1680,0,0,805,0.991304347826087,0
40.98349,12,0,0,0,0.0002970000423374586,36.20189299999765,6.399908999810577,36.246735000077024,0.3670434265318263,1681,0,0,805,0.9922360248447205,0
41.02035,12,0,0,0,0.00031100034902920015,36.81980000010299,6.456528999933653,36.8587140001182,0.36682520808561236,1682,0,0,805,0.993167701863354,0
41.05796,12,0,0,0,0.0003879999894706998,37.5442300000941,6.601964999845222,37.59741500016389,0.36660724896019015,1683,0,0,756,0.9937169312169312,0
41.09424,11,0,0,0,0.00031399986255564727,36.20431600029406,6.098697000197717,36.25434000014138,0.3511120708270352,1684,0,0,688,0.9943677325581395,0
41.12938,10,0,0,0,0.00039499991544289514,35.10099999994054,5.557663999752549,35.13955900007204,0.3503857566765579,1685,0,0,689,0.9938316400580551,0
41.1644,10,0,0,0,0.00038600001062150113,34.981062000042584,5.564314000366721,35.02111400030117,0.35017793594306046,1686,0,0,690,0.9932971014492754,0
41.19935,10,0,0,0,0.0003609998202591669,34.885252000094624,5.556165000143665,34.93389299956107,0.34997036158861883,1687,0,0,631,0.9944532488114105,0
41.23557,9,0,0,0,0.00039000042306724936,36.18035999988933,5.10128399992027,36.221020000084536,0.3391258557135335,1688,0,0,631,0.9953446909667195,0
41.27105,9,0,0,0,0.0003970003490394447,35.43130400021255,5.188480000015261,35.47067399995285,0.33892507071903166,1689,0,0,633,0.993088467614534,0
41.30589,9,0,0,0,0.0003790000846493058,34.802127000148175,5.149076000179775,34.83639299975039,0.338724523339908,1690,0,0,633,0.993977093206951,0
41.3403,9,0,0,0,0.00030499995773425326,34.36610600010681,5.100990999835631,34.41027500002747,0.33852421315460934,1691,0,0,634,0.9932965299684543,0
41.3748,9,0,0,0,0.00033400010579498485,34.44050899997819,5.103183999835892,34.48004900019441,0.33832413974257947,1692,0,0,635,0.9926181102362205,0
41.4094,9,0,0,0,0.0003069999365834519,34.55861400016147,5.10095600020577,34.59160900001734,0.3381243026842554,1693,0,0,636,0.991941823899371,0
41.44417,9,0,0,0,0.0003240002115489915,34.73253599986492,5.0417359998391476,34.76951500033465,0.33792470156106524,1694,0,0,636,0.9928262578616353,0
41.4781,9,0,0,0,0.0003160002961521968,33.8805940000384,5.1424279999991995,33.91800599956696,0.3377253359554244,1695,0,0,637,0.9921507064364207,0
41.51246,9,0,0,0,0.0003679997462313622,34.325008999985585,5.082461000256444,34.356560000105674,0.33752620545073375,1696,0,0,638,0.9914772727272727,0
41.5466,9,0,0,0,0.0002910001057898626,34.101186000043526,5.072552000001451,34.13054899965573,0.3373273096313756,1697,0,0,638,0.992358934169279,0
41.58128,9,0,0,0,0.0003150003067275975,34.651893000045675,5.0850940001510025,34.685348000039085,0.3371286480827117,1698,0,0,638,0.9932405956112853,0
41.6163,9,0,0,0,0.00043000000005122274,34.973356000136846,5.145323999840912,35.00892500005648,0.33693022039107967,1699,0,0,638,0.9941222570532915,0
41.65138,9,0,0,0,0.00042399960875627585,35.02988899981574,5.200416000207042,35.06621399992582,0.33673202614379083,1700,0,0,638,0.9950039184952978,0
41.68652,9,0,0,0,0.00034899994716397487,35.09809699971811,5.207181999594468,35.134080999796424,0.33653406492912663,1701,0,0,639,0.9943270735524257,0
41.72202,9,0,0,0,0.0003549998837115709,35.456506999707926,5.2223349998712365,35.49434799970186,0.3363363363363363,1702,0,0,640,0.99365234375,0
41.75702,9,0,0,0,0.0003710001692525111,34.936765000111336,5.258831999981339,34.98959799981094,0.3361388399556339,1703,0,0,571,0.9944176882661997,0
41.79261,8,0,0,0,0.00033700007406878285,35.55497299976196,4.7286449998864555,35.58775600004083,0.3335534037558685,1704,0,0,571,0.9952933450087565,0
41.8278,8,0,0,0,0.0003969998942920938,35.1228770000489,4.723559000012756,35.17794800018237,0.3333577712609971,1705,0,0,501,0.9917664670658682,0
41.86206,7,0,0,0,0.0002910001057898626,34.22418700029084,4.153621000114072,34.25541199976578,0.3342823647630213,1706,0,0,501,0.9926397205588823,0
41.8965,7,0,0,0,0.0003969998942920938,34.40595999973084,4.230806000123266,34.43625099998826,0.33408653443802827,1707,0,0,501,0.9935129740518962,0
41.93161,7,0,0,0,0.0004080002327100374,35.058665000178735,4.198168000129954,35.102885000014794,0.3338909334225494,1708,0,0,502,0.9924053784860558,0
41.96576,7,0,0,0,0.0004050002644362394,34.10444800010737,4.228096000133519,34.14054099994246,0.33369556131405165,1709,0,0,502,0.9932768924302788,0
41.99989,7,0,0,0,0.0003620002644311171,34.086023999861936,4.185510999832331,34.1213109995806,0.3335004177109441,1710,0,0,502,0.994148406374502,0
42.03344,7,0,0,0,0.0003650002327049151,33.493528999770206,4.226213000038115,33.54755999998815,0.33330550221257405,1711,0,0,429,0.9931526806526807,0
42.06683,6,0,0,0,0.0004050002644362394,33.344063000186,3.6525249997794162,33.3945649999805,0.33635124610591904,1712,0,0,430,0.9917151162790697,0
42.10038,6,0,0,0,0.0005800002327305265,33.498303000214946,3.6554090002027806,33.53133499967953,0.33615489394823894,1713,0,0,430,0.9925872093023256,0
42.13392,6,0,0,0,0.00035500033845892176,33.50363100025788,3.668017000109103,33.53776400035713,0.33595877090626214,1714,0,0,430,0.9934593023255814,0
42.16726,6,0,0,0,0.00039900032788864337,33.27526900011435,3.6791270003959653,33.32735499998307,0.3357628765792031,1715,0,0,330,0.9929924242424243,0
42.1997,5,0,0,0,0.0007120002010196913,32.40396099999998,2.97085900001548,32.433727999887196,0.3889277389277389,1716,0,0,330,0.9939393939393939,0
42.23263,5,0,0,0,0.00038600001062150113,32.893106999836164,3.06765200002701,32.92971800010491,0.38870122306348287,1717,0,0,331,0.991880664652568,0
42.26554,5,0,0,0,0.0003510003807605244,32.86265299993829,2.989768000134063,32.90029099980529,0.38847497089639116,1718,0,0,331,0.9928247734138973,0
42.29767,5,0,0,0,0.000455000190413557,32.09002599987798,3.0659109997941414,32.11888399982854,0.38824898196625945,1719,0,0,331,0.9937688821752266,0
42.3302,5,0,0,0,0.0006850000318081584,32.49722600003224,3.007074999914039,32.52842800020517,0.38802325581395347,1720,0,0,331,0.9947129909365559,0
42.36289,5,0,0,0,0.00043900035961996764,32.64709099994434,2.9926750003141933,32.682964999821706,0.3877977919814062,1721,0,0,332,0.9926581325301205,0
42.39562,5,0,0,0,0.0003379996087460313,32.68769500027702,3.0287390000012238,32.71678700002667,0.38757259001161437,1722,0,0,332,0.9935993975903614,0
42.42824,5,0,0,0,0.0003969998942920938,32.587068999873736,2.996725999764749,32.61922299998332,0.3873476494486361,1723,0,0,332,0.9945406626506024,0
42.46096,5,0,0,0,0.00037499967220355757,32.673643000180164,3.021618000275339,32.7094770000258,0.387122969837587,1724,0,0,333,0.9924924924924925,0
42.49376,5,0,0,0,0.00042800002120202407,32.74604200032627,3.043542999876081,32.789113000035286,0.38689855072463764,1725,0,0,277,0.9945848375451264,0
42.52552,4,0,0,0,0.00026699990485212766,31.707992000065133,2.5455390000388434,31.75691700016614,0.3615295480880649,1726,0,0,228,0.9961622807017544,0
42.55678,3,0,0,0,0.00037199970392975956,31.22134199975335,2.137687999947957,31.260515000212763,0.29859100559737506,1727,0,0,229,0.9926310043668122,0
42.58848,3,0,0,0,0.0010380003914178815,31.603057000211265,2.1510070000658743,31.68411200022092,0.2984182098765432,1728,0,0,230,0.9891304347826086,0
42.62024,3,0,0,0,0.0003579998519853689,31.722329999865906,2.131906999693456,31.75268800032427,0.29824561403508776,1729,0,0,230,0.9899456521739131,0
42.65179,3,0,0,0,0.00036400024328031577,31.521437000264996,2.12264200035861,31.5531229998669,0.29807321772639694,1730,0,0,230,0.9907608695652174,0
42.68347,3,0,0,0,0.0004090002221346367,31.63297599985526,2.1186779999879946,31.6642619995946,0.29790102060466017,1731,0,0,230,0.9915760869565218,0
42.71531,3,0,0,0,0.0003680002009787131,31.805477000034443,2.1363730002121883,31.835850999868853,0.2977290223248653,1732,0,0,230,0.9923913043478261,0
42.74766,3,0,0,0,0.0005679999048879836,32.317316999979084,2.117159000135871,32.34933500016268,0.2975572225427967,1733,0,0,230,0.9932065217391305,0
42.77943,3,0,0,0,0.0006410000423784368,31.726356000035594,2.1481859998857544,31.75698299992291,0.29738562091503273,1734,0,0,230,0.9940217391304348,0
42.81061,3,0,0,0,0.0007060002644720953,31.13290200008123,2.147999000044365,31.180424000012863,0.29721421709894336,1735,0,0,164,0.9942835365853658,0
42.84194,2,0,0,0,0.00038300004234770313,31.284223000056954,1.6189069997381011,31.318529000145645,0.24855990783410142,1736,0,0,164,0.995045731707317,0
42.87343,2,0,0,0,0.0004059997991134878,31.448934999843914,1.6587840000283904,31.48123399978431,0.24841681059297638,1737,0,0,164,0.9958079268292683,0
42.90491,2,0,0,0,0.0006020000000717118,31.44147700004396,1.6265340000245487,31.471633999899495,0.24827387802071343,1738,0,0,164,0.9965701219512195,0
42.93645,2,0,0,0,0.0003850000211969018,31.507446999967215,1.6133979997903225,31.53799500023524,0.2481311098332375,1739,0,0,164,0.9973323170731707,0
42.96982,2,0,0,0,0.00035999983083456755,33.320584000193776,1.6163459999916086,33.38678799991612,0.2479885057471264,1740,0,0,109,0.9982798165137615,0
43.00268,1,0,0,0,0.00043599993659881875,32.79613199993037,1.217986000028759,32.826354000007996,0.0,1741,0,0,109,0.9988532110091743,0
43.02937,1,0,0,0,0.0003010000000358559,26.6517830000339,1.2686000000030617,26.682664999952976,0.0,1742,0,0,109,0.9994266055045872,0
43.05575,1,0,0,0,0.00031599984140484594,26.329370999974344,1.2005060002593382,26.379161000022577,0.0,1743,0,0,0,0.0,0
