t_s,batch,n_prefill,prefilling,prefill_tokens,prefill_ms,decode_ms,gather_ms,iteration_ms,padding_waste,context_max,waiting,preempted,kv_blocks_used,kv_slot_utilization,wasted_decode_tokens
0.05723,1,1,0,609,31.65899499981606,25.5014360000132,0.8008240001800004,57.21426699983567,0.0,609,0,0,39,0.9775641025641025,0
0.08367,1,0,0,0,0.0,26.40626499987775,0.8217730000978918,26.43100500017681,0.0,610,0,0,39,0.9791666666666666,0
0.10947,1,0,0,0,0.0,25.772570999833988,0.8221020002565638,25.80180300037682,0.0,611,0,0,39,0.9807692307692307,0
0.16989,2,1,0,773,28.903647999868554,31.455045999791764,1.0766410000542237,60.4118930000368,0.10413971539456668,773,0,0,88,0.9850852272727273,0
0.20167,2,0,0,0,0.0,31.739704000301572,1.3321650003490504,31.76662799978658,0.10400516795865633,774,0,0,88,0.9865056818181818,0
0.23189,2,0,0,0,0.0,30.18123799984096,1.0873810001612583,30.212044000109017,0.1038709677419355,775,0,0,88,0.9879261363636364,0
0.26283,2,0,0,0,0.0,30.89277899971421,1.0846309996850323,30.930987000374444,0.10373711340206182,776,0,0,88,0.9893465909090909,0
0.29399,2,0,0,0,0.0,31.126209000376548,1.0772790001283283,31.156424999608134,0.10360360360360366,777,0,0,88,0.9907670454545454,0
0.32508,2,0,0,0,0.0,31.05312599973331,1.1172220001753885,31.083383999884973,0.10347043701799485,778,0,0,88,0.9921875,0
0.35601,2,0,0,0,0.0,30.894076000095083,1.0795829998642148,30.92250600002444,0.1033376123234917,779,0,0,88,0.9936079545454546,0
0.38714,2,0,0,0,0.0,31.088593999811565,1.0860449997380783,31.116155000290746,0.10320512820512817,780,0,0,88,0.9950284090909091,0
0.4479,3,1,0,1509,28.91522600020835,31.779256999925565,2.145055999790202,60.75655800032109,0.35719019218025183,1509,0,0,183,0.9948770491803278,0
0.47919,3,0,0,0,0.0,31.258290999630844,1.8415710001136176,31.286334000014904,0.356953642384106,1510,0,0,183,0.9959016393442623,0
0.50998,3,0,0,0,0.0,30.752790000406094,1.8843419998120226,30.784525999933976,0.35671740569159494,1511,0,0,183,0.9969262295081968,0
0.54101,3,0,0,0,0.0,30.989202999990084,1.8224400000690366,31.0218919998988,0.3564814814814815,1512,0,0,184,0.9925271739130435,0
0.57183,3,0,0,0,0.0,30.770365000080346,1.8318239999643993,30.810727999778464,0.35624586913417056,1513,0,0,185,0.9881756756756757,0
0.603,3,0,0,0,0.0,31.131796999943617,1.8237469998894085,31.16292100003193,0.35601056803170406,1514,0,0,185,0.9891891891891892,0
0.63411,3,0,0,0,0.0,31.070194000221818,1.8482949999452103,31.10021600014079,0.3557755775577558,1515,0,0,185,0.9902027027027027,0
0.66544,3,0,0,0,0.0,31.287114999940968,1.8628909997460141,31.321845000093163,0.3555408970976254,1516,0,0,185,0.9912162162162163,0
0.69658,3,0,0,0,0.0,31.108485000004293,1.932533999934094,31.132808000165824,0.3553065260382333,1517,0,0,185,0.9922297297297298,0
0.72682,3,0,0,0,0.0,30.201206000128877,1.8124049997823022,30.231973999889306,0.35507246376811596,1518,0,0,185,0.9932432432432432,0
0.78468,4,1,0,1074,27.184613999907015,30.61832899993533,2.6313749999644642,57.85224900000685,0.3393680052666228,1519,0,0,253,0.9925889328063241,0
0.81538,4,0,0,0,0.0,30.663812000057078,2.27242600021782,30.693820999658783,0.3391447368421052,1520,0,0,254,0.9896653543307087,0
0.84639,4,0,0,0,0.0,30.961018000198237,2.3127620002014737,31.004655999822717,0.33892176199868507,1521,0,0,254,0.9906496062992126,0
0.87714,4,0,0,0,0.0,30.700057000103698,2.278001999911794,30.72852100012824,0.33869908015768724,1522,0,0,254,0.9916338582677166,0
0.90869,4,0,0,0,0.0,31.51875100002144,2.278545000081067,31.54251200021463,0.33847669074195663,1523,0,0,254,0.9926181102362205,0
0.94083,4,0,0,0,0.0,32.10715099976369,2.544526000292535,32.13297299998885,0.33825459317585305,1524,0,0,254,0.9936023622047244,0
0.9723,4,0,0,0,0.0,31.434294000064256,2.312815999630402,31.46745699996245,0.33803278688524585,1525,0,0,254,0.9945866141732284,0
1.00481,4,0,0,0,0.0,32.464373000038904,2.3486650002269016,32.49382800004241,0.3378112712975099,1526,0,0,254,0.9955708661417323,0
1.03577,4,0,0,0,0.0,30.923884000003454,2.3545349999949394,30.953398999827186,0.3375900458415193,1527,0,0,254,0.9965551181102362,0
1.06708,4,0,0,0,0.0,31.27459600000293,2.309228999820334,31.312953999986348,0.337369109947644,1528,0,0,255,0.9936274509803922,0
1.09851,4,0,0,0,0.0,31.385213999783446,2.3152110002229165,31.417374999819003,0.3371484630477436,1529,0,0,256,0.99072265625,0
1.12987,4,0,0,0,0.0,31.315585000356805,2.4791499999992084,31.346068999937415,0.3369281045751634,1530,0,0,256,0.99169921875,0
1.16181,4,0,0,0,0.0,31.905700000152137,2.350021999973251,31.93851200012432,0.3367080339647289,1531,0,0,256,0.99267578125,0
1.19386,4,0,0,0,0.0,31.99224799982403,2.4210789997596294,32.02002399984849,0.33648825065274146,1532,0,0,256,0.99365234375,0
1.22453,4,0,0,0,0.0,30.63582300001144,2.373548000377923,30.667029000142065,0.3362687540769732,1533,0,0,257,0.9907587548638133,0
1.25569,4,0,0,0,0.0,31.12632099964685,2.2979780001151084,31.158746000073734,0.3360495436766623,1534,0,0,257,0.9917315175097277,0
1.28668,4,0,0,0,0.0,30.949555000006512,2.391728000020521,30.97892799996771,0.3358306188925081,1535,0,0,257,0.992704280155642,0
1.31815,4,0,0,0,0.0,31.424198999957298,2.391158999671461,31.459623000046122,0.33561197916666663,1536,0,0,258,0.9898255813953488,0
1.35043,4,0,0,0,0.0,32.23760100036088,2.784290999898076,32.27178699989963,0.33539362394274563,1537,0,0,258,0.9907945736434108,0
1.40981,5,1,0,1212,26.93821200000457,32.37676000026113,3.236691999973118,59.37259299980724,0.31053315994798436,1538,0,0,334,0.9930763473053892,0
1.44167,5,0,0,0,0.0,31.809036000140622,2.8889360000903253,31.83992499998567,0.31033138401559457,1539,0,0,334,0.9940119760479041,0
1.47317,5,0,0,0,0.0,31.467152000004717,2.967623000131425,31.496043000061036,0.31012987012987014,1540,0,0,334,0.9949476047904192,0
1.50424,5,0,0,0,0.0,31.038255000112258,2.8790549999939685,31.063168999935442,0.30992861778066194,1541,0,0,334,0.9958832335329342,0
1.5355,5,0,0,0,0.0,31.214719000217883,2.8400139999575913,31.2498369999048,0.309727626459144,1542,0,0,335,0.9938432835820895,0
1.56679,5,0,0,0,0.0,31.25294199980999,2.9202420000729035,31.285126000057062,0.30952689565780944,1543,0,0,335,0.994776119402985,0
1.59878,5,0,0,0,0.0,31.951922999724047,2.8870930000266526,31.985561000055895,0.30932642487046635,1544,0,0,336,0.9927455357142857,0
1.63075,5,0,0,0,0.0,31.930103999911807,2.9543360001298424,31.964112000423484,0.309126213592233,1545,0,0,337,0.990727002967359,0
1.66269,5,0,0,0,0.0,31.894784000087384,3.272840999670734,31.924559000344743,0.30892626131953427,1546,0,0,337,0.9916543026706232,0
1.69443,5,0,0,0,0.0,31.711319999885745,2.902697000081389,31.741950000196084,0.308726567550097,1547,0,0,337,0.9925816023738873,0
1.72629,5,0,0,0,0.0,31.818871999803378,2.9346520000217424,31.850538000071538,0.3085271317829458,1548,0,0,337,0.9935089020771514,0
1.75867,5,0,0,0,0.0,32.33670899999197,2.9780649997519504,32.37128199998551,0.3083279535183989,1549,0,0,338,0.9914940828402367,0
1.79052,5,0,0,0,0.0,31.814504000067245,2.8892290001749643,31.84503800002858,0.30812903225806454,1550,0,0,338,0.9924186390532544,0
1.82343,5,0,0,0,0.0,32.86854299994957,2.969064000353683,32.90788100002828,0.3079303675048356,1551,0,0,338,0.9933431952662722,0
1.85577,5,0,0,0,0.0,32.283704000292346,2.992693000123836,32.32008099985251,0.3077319587628866,1552,0,0,339,0.991334808259587,0
1.88863,5,0,0,0,0.0,32.82169400017665,2.998939999997674,32.8475950000211,0.30753380553766907,1553,0,0,339,0.9922566371681416,0
1.9218,5,0,0,0,0.0,33.14266500001395,3.2262640002045373,33.17963700010296,0.3073359073359073,1554,0,0,339,0.9931784660766961,0
1.95445,5,0,0,0,0.0,32.601174999854265,2.98019399997429,32.63132100028088,0.3071382636655948,1555,0,0,339,0.9941002949852508,0
1.98691,5,0,0,0,0.0,32.42669100018247,2.9501029998755257,32.45337600037601,0.3069408740359897,1556,0,0,339,0.9950221238938053,0
2.01986,5,0,0,0,0.0,32.912809000208654,2.9960120000396273,32.94547999985298,0.3067437379576108,1557,0,0,339,0.9959439528023599,0
2.0797,6,1,0,676,26.949950000016543,32.82045499963715,3.6576920001607505,59.83214499974565,0.34980744544287545,1558,0,0,383,0.9928198433420365,0
2.11107,6,0,0,0,0.0,31.33566199994675,3.279627000210894,31.361044999812293,0.3495830660679923,1559,0,0,383,0.993798955613577,0
2.14301,6,0,0,0,0.0,31.90377000009903,3.2514469999114226,31.93400500003918,0.34935897435897434,1560,0,0,384,0.9921875,0
2.20351,7,1,0,1384,26.68085200002679,33.74352600030761,4.233033000218711,60.48520600006668,0.31545712455385744,1561,0,0,472,0.9913930084745762,0
2.23672,7,0,0,0,0.0,33.179414000187535,3.9257179996639024,33.20915599988439,0.3152551673678434,1562,0,0,472,0.9923199152542372,0
2.30128,8,1,0,1361,27.476090000163822,37.01558200009458,5.064181999841821,64.55443799995919,0.29182661548304545,1563,0,0,558,0.9927195340501792,0
2.336,8,0,0,0,0.0,34.67595499978415,4.5659980000891665,34.71219200037012,0.29164002557544755,1564,0,0,558,0.9936155913978495,0
2.37031,8,0,0,0,0.0,34.259935000136466,4.546959999970568,34.297987000172725,0.29145367412140577,1565,0,0,559,0.9927325581395349,0
2.40425,8,0,0,0,0.0,33.901719999903435,4.507693999585172,33.928825999737455,0.2912675606641124,1566,0,0,559,0.9936270125223614,0
2.43743,8,0,0,0,0.0,33.14946000000418,4.481622000184871,33.18087200023001,0.29108168474792595,1567,0,0,559,0.9945214669051878,0
2.47199,8,0,0,0,0.0,34.510451999722136,4.4650570002886525,34.55485899985433,0.2908960459183674,1568,0,0,560,0.9936383928571428,0
2.53568,9,1,0,572,28.07185900019249,35.54061700015154,5.217934000029345,63.68081299979167,0.3290135259542525,1569,0,0,597,0.9928810720268006,0
2.57031,9,0,0,0,0.0,34.58461600030205,4.860668000219448,34.621057999629556,0.3288039631988676,1570,0,0,598,0.9921613712374582,0
2.60483,9,0,0,0,0.0,34.467899999981455,4.876744999819493,34.508112000366964,0.32859466723247754,1571,0,0,598,0.9931020066889632,0
2.63918,9,0,0,0,0.0,34.308938999856764,4.869426999903226,34.341481999945245,0.32838563754594285,1572,0,0,598,0.9940426421404682,0
2.67477,9,0,0,0,0.0,35.55361200005791,5.2805459999945015,35.59221199975582,0.3281768736314191,1573,0,0,599,0.993322203672788,0
2.70989,9,0,0,0,0.0,35.0684199997886,4.907186999844271,35.10737100032202,0.3279683749823521,1574,0,0,600,0.9926041666666666,0
2.74415,9,0,0,0,0.0,34.21034699977099,4.910592999749497,34.24447200040959,0.3277601410934744,1575,0,0,600,0.9935416666666667,0
2.77906,9,0,0,0,0.0,34.87467900004049,4.934384000080172,34.909435999907146,0.32755217146080096,1576,0,0,601,0.9928244592346089,0
2.84237,10,1,0,1273,28.398740000284306,34.8319839999931,5.809220000173809,63.30409900010636,0.31388712745719716,1577,0,0,682,0.9924853372434017,0
2.87759,10,0,0,0,0.0,35.15024800026367,5.461509999804548,35.20181500016406,0.3136882129277566,1578,0,0,683,0.9919472913616398,0
2.91326,10,0,0,0,0.0,35.634887000014714,5.4955209998297505,35.6682900001033,0.3134895503483217,1579,0,0,683,0.9928623718887262,0
2.94817,10,0,0,0,0.0,34.86309000027177,5.543060000036348,34.898643999895285,0.31329113924050633,1580,0,0,683,0.9937774524158126,0
2.98262,10,0,0,0,0.0,34.406608999688615,5.461065999952552,34.44262899984096,0.31309297912713474,1581,0,0,684,0.9932383040935673,0
3.01714,10,0,0,0,0.0,34.48225000011007,5.434917000002315,34.51551500029382,0.31289506953223767,1582,0,0,684,0.9941520467836257,0
3.05115,10,0,0,0,0.0,33.97286500012342,5.821167000249261,34.00668999984191,0.31269740998104867,1583,0,0,684,0.9950657894736842,0
3.08658,10,0,0,0,0.0,35.38780599956226,5.491094999797497,35.4267660000005,0.3125,1584,0,0,686,0.9930758017492711,0
3.12229,10,0,0,0,0.0,35.66111700001784,5.718466999951488,35.70025599992732,0.3123028391167192,1585,0,0,687,0.9925400291120815,0
3.15703,10,0,0,0,0.0,34.69056799985992,5.4951420001998486,34.728926999832765,0.31210592686002525,1586,0,0,688,0.9920058139534884,0
3.19147,10,0,0,0,0.0,34.39705900018453,5.494259999977658,34.428095999828656,0.31190926275992437,1587,0,0,688,0.9929142441860465,0
3.22536,10,0,0,0,0.0,33.852306999961,5.460587000015948,33.88648300006025,0.3117128463476071,1588,0,0,688,0.9938226744186046,0
3.25936,10,0,0,0,0.0,33.954542000174115,5.455507000078796,33.9907630000198,0.3115166771554436,1589,0,0,689,0.9932873730043541,0
3.29333,10,0,0,0,0.0,33.9331029999812,5.4168799997569295,33.963823999783926,0.3113207547169812,1590,0,0,690,0.9927536231884058,0
3.32687,10,0,0,0,0.0,33.495903000130056,5.498611999882996,33.52968699982739,0.31112507856693905,1591,0,0,690,0.9936594202898551,0
3.36197,10,0,0,0,0.0,35.057520999998815,5.844106000040483,35.09873899974991,0.31092964824120606,1592,0,0,691,0.9931259044862518,0
3.39678,10,0,0,0,0.0,34.75687199988897,5.577543000072183,34.79184700017868,0.3107344632768362,1593,0,0,692,0.9925939306358381,0
3.43064,10,0,0,0,0.0,33.81979000005231,5.4801559999759775,33.85327800015148,0.31053952321204514,1594,0,0,693,0.9920634920634921,0
3.46446,10,0,0,0,0.0,33.78786900020714,5.4718679998586595,33.82120300011593,0.31034482758620685,1595,0,0,693,0.9929653679653679,0
3.49871,10,0,0,0,0.0,34.199002999685035,5.4464800000459945,34.233517999837204,0.3101503759398496,1596,0,0,693,0.9938672438672439,0
3.53328,10,0,0,0,0.0,34.53066600013699,5.5706559996906435,34.568824999951175,0.3099561678146525,1597,0,0,694,0.993335734870317,0
3.56719,10,0,0,0,0.0,33.86670200006847,5.534240000088175,33.89991599988207,0.3097622027534418,1598,0,0,694,0.9942363112391931,0
3.60043,10,0,0,0,0.0,33.20760499991593,5.486717000167118,33.23624299991934,0.3095684803001876,1599,0,0,694,0.9951368876080692,0
3.63401,10,0,0,0,0.0,33.53633200003969,5.440446000193333,33.567961000244395,0.30937499999999996,1600,0,0,696,0.9931752873563219,0
3.66825,10,0,0,0,0.0,34.202548999928695,5.463767000037478,34.23828700033482,0.30918176139912557,1601,0,0,697,0.9926470588235294,0
3.70325,10,0,0,0,0.0,34.95892699993419,5.947819000084564,34.99359399984314,0.3089887640449438,1602,0,0,698,0.9921203438395415,0
3.76568,11,1,0,795,26.574880999760353,35.78363399992668,6.509142000140855,62.424049000128434,0.32654681562978505,1603,0,0,748,0.9931483957219251,0
3.80144,11,0,0,0,0.0,35.717033999844716,6.012896999891382,35.75085299962666,0.3263432328270234,1604,0,0,748,0.9940675133689839,0
3.83695,11,0,0,0,0.0,35.466138999709074,6.047047000265593,35.50200500012579,0.3261399037099971,1605,0,0,749,0.9936582109479306,0
3.8725,11,0,0,0,0.0,35.50239100013641,6.019359000219993,35.54041799998231,0.3259368278048228,1606,0,0,750,0.99325,0
3.93743,12,1,0,1012,28.602001999843196,36.253925999972125,6.966871000258834,64.92060199980187,0.3294440987347024,1607,0,0,814,0.9937807125307125,0
3.97383,12,0,0,0,0.0,36.35248999989926,6.507475000034901,36.391533000369236,0.32923922056384747,1608,0,0,816,0.9922640931372549,0
4.011,12,0,0,0,0.0,37.116559999958554,6.535219999932451,37.15686999976242,0.32903459705821425,1609,0,0,817,0.991967564259486,0
4.04787,12,0,0,0,0.0,36.82468900024105,6.527744999857532,36.86442700018233,0.3288302277432712,1610,0,0,818,0.9916717603911981,0
4.0843,12,0,0,0,0.0,36.379870000018855,6.652330000179063,36.41618900019239,0.3286261121456652,1611,0,0,818,0.992588630806846,0
4.12064,12,0,0,0,0.0,36.30302800002028,6.568567999693187,36.33470800014038,0.32842224979321755,1612,0,0,818,0.9935055012224939,0
4.15691,12,0,0,0,0.0,36.22276799978863,6.539371000144456,36.261204999846086,0.3282186402149204,1613,0,0,819,0.9932081807081807,0
4.19449,12,0,0,0,0.0,37.542853000104515,7.016156000190676,37.57699999960096,0.3280152829409335,1614,0,0,819,0.9941239316239316,0
4.23056,12,0,0,0,0.0,36.03005800005121,6.611378000343393,36.06465999973807,0.32781217750257996,1615,0,0,819,0.9950396825396826,0
4.26705,12,0,0,0,0.0,36.44890599980499,6.535949999943114,36.4863590002642,0.3276093234323433,1616,0,0,821,0.9935292326431181,0
4.3043,12,0,0,0,0.0,37.19153699967137,6.589261000044644,37.2328909998032,0.3274067202638631,1617,0,0,822,0.9932329683698297,0
4.3409,12,0,0,0,0.0,36.55999000011434,6.639013000039995,36.602244000278006,0.3272043675319324,1618,0,0,823,0.9929374240583232,0
4.40692,13,1,0,1007,28.068163000170898,37.864601999899605,7.45581699993636,66.00513399962438,0.3309260227110752,1619,0,0,887,0.9931651634723788,0
4.44469,13,0,0,0,0.0,37.72083199964982,7.060473999899841,37.76243099991916,0.3307217473884141,1620,0,0,888,0.9929617117117117,0
4.48208,13,0,0,0,0.0,37.34369499989043,7.138579000184109,37.38394600031825,0.33051772410193136,1621,0,0,889,0.9927587176602924,0
4.51974,13,0,0,0,0.0,37.608924000323896,7.0523260001209565,37.64740900032848,0.330313952385469,1622,0,0,890,0.9925561797752809,0
4.55656,13,0,0,0,0.0,36.778456999854825,7.069507999858615,36.815802000091935,0.3301104317740178,1623,0,0,890,0.9934691011235955,0
4.59393,13,0,0,0,0.0,37.324026999613125,7.055040000068402,37.36614399986138,0.3299071618037135,1624,0,0,892,0.992152466367713,0
4.63131,13,0,0,0,0.0,37.32668800012107,7.329488999857858,37.36368499994569,0.3297041420118343,1625,0,0,893,0.9919512877939529,0
4.66923,13,0,0,0,0.0,37.86649999983638,7.5343700000303215,37.9152340001383,0.3295013719367963,1626,0,0,847,0.9923258559622196,0
4.70628,12,0,0,0,0.0,37.00201099991318,6.720777999817074,37.03754099979051,0.3112067199344397,1627,0,0,847,0.9932113341204251,0
4.74324,12,0,0,0,0.0,36.91520400025183,6.8724990001101105,36.9507049999811,0.31101556101556105,1628,0,0,847,0.9940968122786304,0
4.77995,12,0,0,0,0.0,36.6628279998622,6.727597000008245,36.70226399981402,0.31082463679148764,1629,0,0,848,0.9938089622641509,0
4.81708,12,0,0,0,0.0,37.07902299993293,6.7183529999965685,37.121175000265794,0.3106339468302658,1630,0,0,848,0.9946933962264151,0
4.85275,12,0,0,0,0.0,35.63282699997217,6.702392000079271,35.66833900003985,0.3104434907010014,1631,0,0,848,0.9955778301886793,0
4.91727,13,1,0,584,26.689272000112396,37.745548999737366,7.094311999935599,64.50539899969954,0.3357843137254902,1632,0,0,887,0.993869785794814,0
4.95465,13,0,0,0,0.0,37.34032400006981,7.512601000144059,37.37905200023306,0.33557868952847525,1633,0,0,888,0.9936655405405406,0
4.9947,13,0,0,0,0.0,39.99871999985771,7.101565999619197,40.03964599996834,0.33537331701346385,1634,0,0,889,0.9934617547806525,0
5.03204,13,0,0,0,0.0,37.29506700028651,7.425816000250052,37.33314800001608,0.3351681957186544,1635,0,0,890,0.9932584269662922,0
5.06976,13,0,0,0,0.0,37.67638599993006,7.108887000413233,37.71487999983947,0.3349633251833741,1636,0,0,891,0.9930555555555556,0
5.13517,14,1,0,549,27.322134999849368,37.99626299996817,8.106458999918686,65.39365700018607,0.35832097041626665,1637,0,0,927,0.9924487594390508,0
5.17316,14,0,0,0,0.0,37.94499099967652,7.466768000085722,37.99125499972433,0.35810221524507235,1638,0,0,928,0.9923221982758621,0
5.21024,14,0,0,0,0.0,37.03309499996976,7.426268000017444,37.07068999983676,0.3578837270112438,1639,0,0,928,0.9932650862068966,0
5.24787,14,0,0,0,0.0,37.58367000000362,7.528128000103607,37.62551799991343,0.3576655052264809,1640,0,0,931,0.9910042964554243,0
5.28543,14,0,0,0,0.0,37.51094000017474,7.46565899999041,37.546587999713665,0.35744754940367374,1641,0,0,931,0.9919441460794844,0
5.32375,14,0,0,0,0.0,38.27249000005395,7.419030000164639,38.31271100034428,0.3572298590568993,1642,0,0,932,0.991818669527897,0
5.36188,14,0,0,0,0.0,38.084144000094966,7.904161999704229,38.12207500004661,0.3570124337014172,1643,0,0,932,0.9927575107296137,0
5.39942,14,0,0,0,0.0,37.486902000182454,7.45645400002104,37.536407000061445,0.35679527285366697,1644,0,0,932,0.9936963519313304,0
5.43721,14,0,0,0,0.0,37.745807000192144,7.715178999660566,37.787000999742304,0.3565783760312635,1645,0,0,933,0.9935691318327974,0
5.47585,14,0,0,0,0.0,38.59426500002883,7.433823000155826,38.63020200014944,0.35636174275299426,1646,0,0,933,0.9945069667738478,0
5.51397,14,0,0,0,0.0,38.061673999891354,7.594392000100925,38.095333999990544,0.3561453725388152,1647,0,0,933,0.9954448017148981,0
5.55144,14,0,0,0,0.0,37.42706200000612,7.458985999619472,37.46867200015913,0.35592926490984744,1648,0,0,936,0.9931891025641025,0
5.58897,14,0,0,0,0.0,37.4840409999706,7.512657000006584,37.523740999859,0.35571341938837386,1649,0,0,937,0.9930629669156884,0
5.62721,14,0,0,0,0.0,38.18995299980088,7.892276999882597,38.2280969997737,0.35549783549783553,1650,0,0,938,0.9929371002132196,0
5.66551,14,0,0,0,0.0,38.2608079999045,7.507940999857965,38.30209200032186,0.35528251276282774,1651,0,0,939,0.9928115015974441,0
5.70391,14,0,0,0,0.0,38.34820700012642,7.557838000138872,38.38826299988796,0.3550674507090972,1652,0,0,940,0.992686170212766,0
5.74232,14,0,0,0,0.0,38.36462599974766,7.959546999700251,38.40299800003777,0.3548526488635382,1653,0,0,941,0.9925611052072264,0
5.77995,14,0,0,0,0.0,37.57919200006654,7.482008999886602,37.622764000389,0.35463810675418894,1654,0,0,942,0.9924363057324841,0
5.81726,14,0,0,0,0.0,37.26032800022949,7.518824999806384,37.29798600033973,0.35442382391022875,1655,0,0,942,0.9933651804670913,0
5.85549,14,0,0,0,0.0,38.191726000150084,7.917817999896215,38.23248200023954,0.35420979986197376,1656,0,0,945,0.9911375661375661,0
5.89299,14,0,0,0,0.0,37.45280699968134,7.6221320000513515,37.49044899996079,0.3539960341408742,1657,0,0,945,0.9920634920634921,0
5.92964,14,0,0,0,0.0,36.5993460000027,7.395555000130116,36.63396899992222,0.35378252627951057,1658,0,0,946,0.9919397463002114,0
5.96635,14,0,0,0,0.0,36.680409999917174,7.365634000052523,36.712828000418085,0.3535692758115905,1659,0,0,946,0.9928646934460887,0
6.00505,14,0,0,0,0.0,38.65408699994077,7.350004000272747,38.68560599994453,0.35335628227194493,1660,0,0,946,0.9937896405919662,0
6.04158,14,0,0,0,0.0,36.49210399998992,7.543639000232361,36.52669099983541,0.35314354519652535,1661,0,0,947,0.9936642027455121,0
6.07827,14,0,0,0,0.0,36.65307599976586,7.351726999786479,36.684611000055156,0.35293106412239983,1662,0,0,947,0.9945881731784583,0
6.1152,14,0,0,0,0.0,36.894503999974404,7.839828999749443,36.926139000115654,0.3527188385877502,1663,0,0,947,0.9955121436114044,0
6.15203,14,0,0,0,0.0,36.78568799978166,7.439446000262251,36.82544899993445,0.35250686813186816,1664,0,0,950,0.9932894736842105,0
6.18963,14,0,0,0,0.0,37.55850700008523,7.820846999948117,37.59568399982527,0.3522951522951523,1665,0,0,951,0.9931650893796005,0
6.2269,14,0,0,0,0.0,37.221950000002835,7.497131000036461,37.25785300002826,0.3520836906191048,1666,0,0,952,0.9930409663865546,0
6.2637,14,0,0,0,0.0,36.754812999788555,7.472283999959473,36.79287600016323,0.35187248264632787,1667,0,0,953,0.9929171038824763,0
6.30082,14,0,0,0,0.0,37.07894000035594,7.456245000412309,37.11902099985309,0.35166152792052074,1668,0,0,954,0.9927935010482181,0
6.33906,14,0,0,0,0.0,38.19235899982232,7.94105800014222,38.23271500004921,0.35145082598647603,1669,0,0,955,0.9926701570680628,0
6.37696,14,0,0,0,0.0,37.8525040000568,7.628675999967527,37.89193000011437,0.351240376390077,1670,0,0,956,0.9925470711297071,0
6.4138,14,0,0,0,0.0,36.79907400010052,7.565983999938908,36.83105300024181,0.35103017867829356,1671,0,0,956,0.9934623430962343,0
6.45225,14,0,0,0,0.0,38.396119000026374,7.594058999984554,38.43970199977775,0.3508202323991798,1672,0,0,959,0.991266944734098,0
6.48978,14,0,0,0,0.0,37.49111400020411,7.621363999987807,37.5281299998278,0.35061053710187007,1673,0,0,959,0.9921793534932221,0
6.55564,15,1,0,670,26.56404199979079,39.2022440000801,8.4554080003727,65.85669800006144,0.36702508960573477,1674,0,0,1002,0.9923278443113772,0
6.59409,15,0,0,0,0.0,38.393785000153,8.004981999874872,38.43151599994599,0.36680597014925376,1675,0,0,1002,0.9932634730538922,0
6.63272,15,0,0,0,0.0,38.58513000022867,8.403086999805964,38.62160100015899,0.3665871121718377,1676,0,0,1003,0.9932078763708874,0
6.66978,15,0,0,0,0.0,37.02578299999004,7.931851000194001,37.06197900010011,0.36636851520572455,1677,0,0,1004,0.993152390438247,0
6.70802,15,0,0,0,0.0,38.19260599993868,7.865096999921661,38.22829999990063,0.36615017878426703,1678,0,0,1004,0.9940861553784861,0
6.74655,15,0,0,0,0.0,38.489222999942285,8.454971999981353,38.524984999639855,0.36593210244192975,1679,0,0,1004,0.9950199203187251,0
6.78441,15,0,0,0,0.0,37.80336299996634,7.937139000205207,37.85831200002576,0.36571428571428577,1680,0,0,1007,0.9929865938430983,0
6.82299,15,0,0,0,0.0,38.52543999983027,8.086623000053805,38.56102200006717,0.36549672813801304,1681,0,0,1008,0.9929315476190477,0
6.86145,15,0,0,0,0.0,38.42325100004018,8.374184999865975,38.46616099963285,0.36527942925089174,1682,0,0,1009,0.992876610505451,0
6.90021,15,0,0,0,0.0,38.70397899981981,7.992085999831033,38.74649599993063,0.3650623885918004,1683,0,0,1010,0.9928217821782178,0
6.93917,15,0,0,0,0.0,38.90472000011869,8.068610000009357,38.946494999891,0.36484560570071256,1684,0,0,1011,0.99276706231454,0
6.97918,15,0,0,0,0.0,39.9626690000332,8.045149999816203,40.013649000229634,0.3646290801186943,1685,0,0,1012,0.9927124505928854,0
7.01924,15,0,0,0,0.0,39.99575899979391,9.062296000138303,40.03964599996834,0.3644128113879004,1686,0,0,1013,0.9926579466929911,0
7.05604,15,0,0,0,0.0,36.75772599990523,7.995835000201623,36.79227800012086,0.3641967990515709,1687,0,0,1013,0.993583415597236,0
7.0937,15,0,0,0,0.0,37.62342499976512,7.91805300013948,37.663129000065965,0.3639810426540284,1688,0,0,1016,0.9915723425196851,0
7.13252,15,0,0,0,0.0,38.769677999880514,8.475756999814621,38.80898999977944,0.363765541740675,1689,0,0,1016,0.9924950787401575,0
7.17102,15,0,0,0,0.0,38.4474509996835,8.053726000071038,38.48867299984704,0.36355029585798815,1690,0,0,1017,0.9924410029498525,0
7.20954,15,0,0,0,0.0,38.48266600016359,8.306289999836736,38.52064300008351,0.3633353045535186,1691,0,0,1017,0.9933628318584071,0
7.24811,15,0,0,0,0.0,38.51990199973443,8.295640000142157,38.56124399999317,0.3631205673758865,1692,0,0,1018,0.9933079567779961,0
7.28547,15,0,0,0,0.0,37.28515500006324,8.001938000234077,37.34723700017639,0.3629060838747785,1693,0,0,913,0.9926067907995619,0
7.32154,14,0,0,0,0.0,36.0294949996387,7.073618000049464,36.05917599998065,0.31726151238346356,1517,0,0,913,0.9935651697699891,0
7.38391,15,1,0,807,25.894910999795684,36.402195999926334,7.402345999707904,62.36764499999481,0.32714097496706196,1518,0,0,869,0.9937428078250863,0
7.41973,14,0,0,0,0.0,35.77769100002115,6.840701999863086,35.81142799976078,0.3394052400076496,1494,0,0,871,0.9924655568312285,0
7.45496,14,0,0,0,0.0,35.19308400018417,6.8396510000638955,35.227408000082505,0.3391782130912566,1495,0,0,871,0.9934701492537313,0
7.49123,14,0,0,0,0.0,36.21962299985171,6.828485999903933,36.263845000121364,0.3389514896867838,1496,0,0,872,0.9933342889908257,0
7.52879,14,0,0,0,0.0,37.49016500023572,6.9584420002684055,37.53187900019839,0.338725069185991,1497,0,0,873,0.9931987399770905,0
7.56548,14,0,0,0,0.0,36.628125999868644,6.999357000040618,36.68403199981185,0.338498950982262,1498,0,0,822,0.9936131386861314,0
7.60113,13,0,0,0,0.0,35.604972999863094,6.495140999959403,35.653141000238975,0.3293990865705342,1499,0,0,823,0.9933930741190765,0
7.63662,13,0,0,0,0.0,35.433710999768664,6.469487999765988,35.47013799970955,0.3291794871794872,1500,0,0,824,0.9931735436893204,0
7.67223,13,0,0,0,0.0,35.558038000090164,6.483299000137777,35.59931299969321,0.3289601803925588,1501,0,0,824,0.9941595873786407,0
7.70921,13,0,0,0,0.0,36.92980899995746,6.586086999959662,36.97618199976205,0.3287411656253201,1502,0,0,828,0.9903381642512077,0
7.74547,13,0,0,0,0.0,36.21358500004135,6.766586000139796,36.25251199991908,0.32852244229489735,1503,0,0,828,0.9913194444444444,0
7.78102,13,0,0,0,0.0,35.500236000189034,6.518267000046762,35.54061599970737,0.3283040098199672,1504,0,0,829,0.9911037394451147,0
7.81688,13,0,0,0,0.0,35.81348600027923,6.553348999659647,35.84567500001867,0.3280858676207513,1505,0,0,829,0.992083835946924,0
7.85266,13,0,0,0,0.0,35.738768999635795,6.524003000322409,35.77868899992609,0.3278680151190111,1506,0,0,830,0.9918674698795181,0
7.88936,13,0,0,0,0.0,36.64838799977588,6.700726999952167,36.68959400010863,0.32765045173804297,1507,0,0,831,0.9916516245487365,0
7.92653,13,0,0,0,0.0,37.13136799979111,6.611998000153108,37.167188999774226,0.32743317690267293,1508,0,0,831,0.9926293622141997,0
7.96353,13,0,0,0,0.0,36.958068999865645,6.755305999831762,36.99787400000787,0.3272161900392516,1509,0,0,831,0.993607099879663,0
8.00373,13,0,0,0,0.0,40.140998999959265,6.629447000250366,40.181826000207366,0.3269994905756495,1510,0,0,833,0.9921968787515006,0
8.03891,13,0,0,0,0.0,35.13680500009286,6.59902500001408,35.167927000202326,0.3267830779412514,1511,0,0,833,0.993172268907563,0
8.07435,13,0,0,0,0.0,35.40233299963802,6.523133999962738,35.43578200014963,0.3265669515669516,1512,0,0,833,0.9941476590636255,0
8.11058,13,0,0,0,0.0,36.186496000027546,6.542595999690093,36.23143799995887,0.32635111088514923,1513,0,0,834,0.9939298561151079,0
8.14713,13,0,0,0,0.0,36.498280000159866,6.649522999850888,36.549120000017865,0.3261355553297429,1514,0,0,835,0.9937125748502994,0
8.18452,13,0,0,0,0.0,37.33247600030154,6.727746999786177,37.37416599960852,0.32592028433612596,1515,0,0,836,0.9934958133971292,0
8.22063,13,0,0,0,0.0,36.0540450001281,6.63240699987,36.09240200012209,0.32570529734118125,1516,0,0,837,0.9932795698924731,0
8.25629,13,0,0,0,0.0,35.6191289997696,6.5894809999917925,35.655047000091145,0.3254905937832767,1517,0,0,837,0.9942502986857825,0
8.29218,13,0,0,0,0.0,35.845239000082074,6.622733000313019,35.88906599998154,0.3252761731022601,1518,0,0,841,0.990487514863258,0
8.32838,13,0,0,0,0.0,36.15504199979114,6.711764000101539,36.19170899992241,0.32506203473945405,1519,0,0,841,0.9914536266349584,0
8.36471,13,0,0,0,0.0,36.26520999978311,6.63790600037828,36.30528800022148,0.3248481781376519,1520,0,0,842,0.9912410926365796,0
8.40057,13,0,0,0,0.0,35.819310000078985,6.653678000020591,35.855582999829494,0.32463460274111167,1521,0,0,842,0.9922060570071259,0
8.4366,13,0,0,0,0.0,35.986363000120036,6.678001000182121,36.022784000124375,0.32442130799555247,1522,0,0,843,0.9919928825622776,0
8.47231,13,0,0,0,0.0,35.648343000048044,6.619503999900189,35.70281500014971,0.32420829334814893,1523,0,0,756,0.9914847883597884,0
8.50782,12,0,0,0,0.0,35.466023999561,6.090113000027486,35.504540000147244,0.34421478565179353,1524,0,0,756,0.9924768518518519,0
8.54313,12,0,0,0,0.0,35.26216900036161,6.050588000107382,35.29547800008004,0.3439890710382514,1525,0,0,756,0.9934689153439153,0
8.57851,12,0,0,0,0.0,35.32820800000991,6.08962700016491,35.370097999930294,0.3437636522498908,1526,0,0,758,0.9918370712401056,0
8.61303,12,0,0,0,0.0,34.474683000098594,6.1283149998416775,34.509400999922946,0.3435385287055228,1527,0,0,758,0.9928265171503958,0
8.64785,12,0,0,0,0.0,34.78155900029378,6.089677000090887,34.814912999991066,0.3433136998254799,1528,0,0,758,0.993815963060686,0
8.68264,12,0,0,0,0.0,34.74100099992938,6.104924000283063,34.77671500013457,0.343089165031611,1529,0,0,759,0.9934947299077734,0
8.71906,12,0,0,0,0.0,36.380484999881446,6.05528799997046,36.4151399999173,0.34286492374727673,1530,0,0,760,0.9931743421052631,0
8.78285,13,1,0,574,27.615521999905468,36.10035700012304,6.4247420000356215,63.78666599994176,0.36436718082701103,1531,0,0,797,0.993099121706399,0
8.84554,14,1,0,1075,26.758813000014925,35.85226699988198,6.889490000048681,62.67115600030593,0.35942745244311824,1532,0,0,865,0.9937138728323699,0
8.9103,15,1,0,1283,27.41999299996678,37.266676999934134,7.49967599995216,64.76276400007919,0.34611872146118716,1533,0,0,947,0.9933342133051742,0
8.97732,16,1,0,1010,27.826992999962386,39.100899000004574,7.973621000019193,67.00792099991304,0.34562418513689697,1534,0,0,1015,0.9899630541871921,0
9.01644,16,0,0,0,0.0,39.07896900000196,9.03621599991311,39.11835999997493,0.34539902280130297,1535,0,0,1015,0.990948275862069,0
9.05496,16,0,0,0,0.0,38.467305000267515,8.374625999749696,38.507649000166566,0.34517415364583337,1536,0,0,1016,0.99095718503937,0
9.09338,16,0,0,0,0.0,38.360611999905814,8.101307999822893,38.41203799993309,0.34494957709824337,1537,0,0,952,0.9921875,0
9.13113,15,0,0,0,0.0,37.68548100015323,7.5745859999187815,37.72396200020012,0.3449068053749458,1538,0,0,953,0.9921301154249738,0
9.16939,15,0,0,0,0.0,38.2042950000141,7.668415999887657,38.263082000412396,0.34468269439029675,1539,0,0,954,0.9920728511530398,0
9.2075,15,0,0,0,0.0,38.050013999963994,7.74226399971667,38.090755000212084,0.34445887445887446,1540,0,0,954,0.9930555555555556,0
9.27364,16,1,0,1512,27.295699000205786,38.74089999999342,8.199072999559576,66.12772800008315,0.32389682024659316,1541,0,0,1049,0.994161105815062,0
9.31198,16,0,0,0,0.0,38.29522099977112,8.230563000324764,38.33680000025197,0.3236867704280155,1542,0,0,1051,0.9932207421503331,0
9.34981,16,0,0,0,0.0,37.78480899973147,8.285087999865937,37.82363800019084,0.3234769928710305,1543,0,0,1051,0.9941722169362512,0
9.38825,16,0,0,0,0.0,38.392197999655764,8.292808999613044,38.43015299980834,0.3232674870466321,1544,0,0,1051,0.9951236917221694,0
9.42687,16,0,0,0,0.0,38.57194800002617,8.27511899979072,38.61114899973472,0.32305825242718444,1545,0,0,1053,0.9941832858499525,0
9.46538,16,0,0,0,0.0,38.46029099986481,8.222039999964181,38.505001999965316,0.3228492884864166,1546,0,0,1055,0.9932464454976303,0
9.50383,16,0,0,0,0.0,38.39119199983543,8.206167000025744,38.43335799956549,0.3226405946994182,1547,0,0,1056,0.9932528409090909,0
9.5427,16,0,0,0,0.0,38.812226000118244,8.215490999646136,38.85311299973182,0.3224321705426356,1548,0,0,1057,0.9932592242194891,0
9.5811,16,0,0,0,0.0,38.35434099983104,8.294983999803662,38.39548699988882,0.32222401549386703,1549,0,0,1059,0.9923276676109537,0
9.61949,16,0,0,0,0.0,38.34546500002034,8.2536899999468,38.387410000268574,0.32201612903225807,1550,0,0,1062,0.9904661016949152,0
9.65754,16,0,0,0,0.0,37.99805500011644,8.491952999975183,38.038316999973176,0.32180851063829785,1551,0,0,1062,0.9914077212806026,0
9.696,16,0,0,0,0.0,38.4084049997,8.302693000132422,38.449265000053856,0.32160115979381443,1552,0,0,1063,0.9914158043273753,0
9.73573,16,0,0,0,0.0,39.68764299997929,8.271192999927734,39.72278500032189,0.32139407598197034,1553,0,0,1063,0.9923565380997178,0
9.77401,16,0,0,0,0.0,38.23939900030382,8.369923000373092,38.27811299970563,0.3211872586872587,1554,0,0,1064,0.9923637218045113,0
9.81285,16,0,0,0,0.0,38.78876199996739,8.342919999904552,38.832439000088925,0.32098070739549844,1555,0,0,1065,0.9923708920187794,0
9.85148,16,0,0,0,0.0,38.57799400020667,8.321097000134614,38.61806500026432,0.3207744215938303,1556,0,0,1065,0.9933098591549295,0
9.89002,16,0,0,0,0.0,38.49990299977435,8.31824700026118,38.53818200013848,0.3205684007707129,1557,0,0,1065,0.9942488262910798,0
9.92859,16,0,0,0,0.0,38.51847999976599,8.275436000076297,38.5543089996645,0.3203626444159179,1558,0,0,1067,0.9933223992502344,0
9.96641,16,0,0,0,0.0,37.771380999856774,8.323476999976265,37.822591999884025,0.32015715202052597,1559,0,0,1067,0.9942596063730085,0
10.00786,16,0,0,0,0.0,41.383081000276434,8.565226000428083,41.43471399993359,0.3199519230769231,1560,0,0,995,0.9949120603015076,0
10.04594,15,0,0,0,0.0,38.04073400033303,7.850065000184259,38.080140999682044,0.3235532778133675,1561,0,0,997,0.9938565697091274,0
10.08379,15,0,0,0,0.0,37.79680800016649,7.834087999981421,37.83529500014993,0.32334613743064444,1562,0,0,998,0.9938001002004008,0
10.12142,15,0,0,0,0.0,37.56651200001215,7.752354999865929,37.62457800030461,0.32313926210279376,1563,0,0,999,0.9937437437437437,0
10.18901,16,1,0,962,27.777188000072783,39.73175400005857,8.249839999734832,67.58220799974879,0.3268062659846548,1564,0,0,1061,0.9932846371347785,0
10.22824,16,0,0,0,0.0,39.14862400006314,8.556788000078086,39.202611000291654,0.3265974440894569,1565,0,0,980,0.9920280612244898,0
10.26624,15,0,0,0,0.0,37.95403800040731,7.783951999954297,37.99549800032764,0.3378033205619413,1566,0,0,983,0.9899542217700915,0
10.30343,15,0,0,0,0.0,37.15081199970882,7.769774999815127,37.19046099968182,0.33758774728781116,1567,0,0,983,0.9909079348931842,0
10.34168,15,0,0,0,0.0,38.193260000298324,7.761196000046766,38.231560999975045,0.33737244897959184,1568,0,0,984,0.9908536585365854,0
10.37966,15,0,0,0,0.0,37.94302300002528,7.778081000196835,37.980062999849906,0.337157425111536,1569,0,0,984,0.9918064024390244,0
10.41766,15,0,0,0,0.0,37.9515250001532,7.752189000257204,37.996210000073916,0.3369426751592357,1570,0,0,985,0.991751269035533,0
10.45576,15,0,0,0,0.0,38.04632300034427,7.78195200018672,38.08263700011594,0.3367281985996181,1571,0,0,985,0.9927030456852792,0
10.49364,15,0,0,0,0.0,37.8414699998757,7.774415999847406,37.876776000302925,0.33651399491094147,1572,0,0,985,0.9936548223350253,0
10.53189,15,0,0,0,0.0,38.20131300017238,7.821662999958789,38.23623000016596,0.33630006357279085,1573,0,0,985,0.9946065989847716,0
10.56984,15,0,0,0,0.0,37.889696000092954,7.844835000014427,37.95258099989951,0.3360864040660737,1574,0,0,839,0.993370083432658,0
10.6062,13,0,0,0,0.0,36.3143320000745,6.729970999913348,36.350634999962494,0.3365011443924769,1546,0,0,839,0.9943384982121574,0
10.64293,13,0,0,0,0.0,36.685810999642854,6.776523000098678,36.720195000270905,0.33628362587638605,1547,0,0,839,0.9953069129916567,0
10.67937,13,0,0,0,0.0,36.397412000042095,6.750380000084988,36.43732499995167,0.3360663883919698,1548,0,0,841,0.9939060642092746,0
10.71546,13,0,0,0,0.0,36.02885899999819,6.670489999578422,36.08266600031129,0.3358494313949446,1549,0,0,843,0.992511862396204,0
10.75353,13,0,0,0,0.0,38.01904600004491,7.292985000276531,38.055548000102135,0.3356327543424318,1550,0,0,843,0.9934756820877817,0
10.78913,13,0,0,0,0.0,35.55421100008971,6.729431999701774,35.602294000000256,0.33541635669295244,1551,0,0,844,0.9932612559241706,0
10.82575,13,0,0,0,0.0,36.56719999980851,6.7758909999611205,36.60773199999312,0.3352002379064235,1552,0,0,846,0.9918735224586288,0
10.86271,13,0,0,0,0.0,36.891323999952874,7.054138000057719,36.94513099981123,0.33498439744415276,1553,0,0,774,0.9890988372093024,0
10.92569,13,1,0,519,26.7407460000868,36.17472000041744,6.534644999646844,62.97786499999347,0.36798336798336795,1554,0,0,807,0.9898543990086741,0
10.96245,13,0,0,0,0.0,36.7095500000687,6.820609999977023,36.74767399979828,0.36774672273064557,1555,0,0,807,0.9908612143742255,0
11.00222,13,0,0,0,0.0,39.724828000089474,6.554536999828997,39.76156299995637,0.36751038164919914,1556,0,0,807,0.991868029739777,0
11.03869,13,0,0,0,0.0,36.429991999739286,6.549551999796677,36.46729299998697,0.3672743441529569,1557,0,0,808,0.9916460396039604,0
11.07529,13,0,0,0,0.0,36.55481300029351,6.548213999849395,36.592272000234516,0.3670386096573517,1558,0,0,808,0.9926516089108911,0
11.11151,13,0,0,0,0.0,36.17322299987791,6.600163000257453,36.21538600009444,0.36680317757931613,1559,0,0,808,0.9936571782178217,0
11.14703,13,0,0,0,0.0,35.47455599982641,6.594366000172158,35.50786899995728,0.3665680473372781,1560,0,0,808,0.9946627475247525,0
11.18318,13,0,0,0,0.0,36.10517799961599,6.487754000318091,36.14208099997995,0.3663332183511556,1561,0,0,810,0.9932098765432099,0
11.21891,13,0,0,0,0.0,35.69098399975701,6.6271010000491515,35.72329400003582,0.36609869004235196,1562,0,0,810,0.9942129629629629,0
11.25522,13,0,0,0,0.0,36.25960799990935,6.6319520001343335,36.294412999723136,0.36586446183375165,1563,0,0,811,0.9939889025893958,0
11.31937,14,1,0,1045,27.786711000317155,36.29907600043225,6.951618000130111,64.14401799975167,0.36321702594081107,1564,0,0,878,0.9935222095671982,0
11.35541,14,0,0,0,0.0,35.989956999856076,6.894207000186725,36.03694399998858,0.36298493838429946,1565,0,0,880,0.9922585227272728,0
11.39179,14,0,0,0,0.0,36.339491000035196,6.9187300000521645,36.371441000028426,0.3627531472359059,1566,0,0,880,0.9932528409090909,0
11.42819,14,0,0,0,0.0,36.363353000069765,7.0631739999953425,36.40078399985214,0.3625216519281612,1567,0,0,881,0.9931186152099887,0
11.46557,14,0,0,0,0.0,37.33322300013242,7.270870999946055,37.37214900002073,0.3622904518950437,1568,0,0,883,0.9918601359003397,0
11.50232,14,0,0,0,0.0,36.69767499968657,7.0721980000598705,36.7368689999239,0.3620595465719749,1569,0,0,886,0.9894892776523702,0
11.53915,14,0,0,0,0.0,36.79406800029028,7.066870000016934,36.828432000220346,0.3618289353958144,1570,0,0,886,0.9904768623024831,0
11.5765,14,0,0,0,0.0,37.30789500013998,7.129122000151256,37.34572799976377,0.3615986178048559,1571,0,0,886,0.991464446952596,0
11.61422,14,0,0,0,0.0,37.6731149999614,7.186070999978256,37.70912200025123,0.3613685932388222,1572,0,0,886,0.9924520316027088,0
11.65139,14,0,0,0,0.0,37.12676699979056,7.13717100006761,37.17733000030421,0.3611388611388612,1573,0,0,887,0.9923196166854565,0
11.68885,14,0,0,0,0.0,37.39771200025643,7.043366999823775,37.43838000036703,0.3609094209475404,1574,0,0,887,0.9933060879368658,0
11.72626,14,0,0,0,0.0,37.35793299983925,7.15474099979474,37.39958299956925,0.36068027210884357,1575,0,0,888,0.9931728603603603,0
11.76477,14,0,0,0,0.0,38.45662999992783,7.265916999585897,38.49577200026033,0.3604514140681654,1576,0,0,888,0.9941582207207207,0
11.80308,14,0,0,0,0.0,38.257857999724365,7.268121999914001,38.301544999740145,0.3602228462723073,1577,0,0,890,0.9929073033707865,0
11.84135,14,0,0,0,0.0,38.215218000004825,7.195564999619819,38.25146200006202,0.35999456816947306,1578,0,0,890,0.9938904494382023,0
11.9076,15,1,0,912,28.12585699984993,38.05469000008088,7.627620999755891,66.25248600039413,0.36394342410808533,1579,0,0,949,0.9931506849315068,0
11.94511,15,0,0,0,0.0,37.463235999894096,7.533599999987928,37.4980010001309,0.36371308016877635,1580,0,0,950,0.9930921052631579,0
11.98445,15,0,0,0,0.0,39.29534499957299,7.520898999700876,39.33511500008535,0.36348302761965,1581,0,0,952,0.9919905462184874,0
12.02353,15,0,0,0,0.0,39.03405099981683,8.641915000225708,39.07084299999042,0.3632532659081331,1582,0,0,952,0.9929753151260504,0
12.06044,15,0,0,0,0.0,36.86686099990766,7.611382000050071,36.904885999774706,0.3630237944830491,1583,0,0,953,0.9929171038824763,0
12.09835,15,0,0,0,0.0,37.86128000001554,7.61205200024051,37.90208400005213,0.3627946127946128,1584,0,0,955,0.9918193717277487,0
12.13624,15,0,0,0,0.0,37.84021399997073,7.680234999952518,37.87920099966868,0.3625657202944269,1585,0,0,958,0.9896920668058455,0
12.17468,15,0,0,0,0.0,38.39454199987813,7.656128999769862,38.4309949999988,0.36233711643547706,1586,0,0,958,0.9906706680584552,0
12.21367,15,0,0,0,0.0,38.95199599992338,7.88036199992348,38.98896299961052,0.3621088006721277,1587,0,0,958,0.9916492693110647,0
12.25235,15,0,0,0,0.0,38.6339090000547,7.6546939999389,38.673834999826795,0.3618807724601175,1588,0,0,958,0.9926278705636743,0
12.29053,15,0,0,0,0.0,38.13064599989957,7.664839999961259,38.17156100012653,0.36165303125655546,1589,0,0,959,0.992570385818561,0
12.3292,15,0,0,0,0.0,38.62291399991591,7.645264000075258,38.658042999941244,0.36142557651991614,1590,0,0,959,0.9935479666319083,0
12.39657,16,1,0,621,28.674699000021064,38.62144599997919,8.509720000347443,67.36659299986059,0.37672847265870524,1591,0,0,999,0.9936186186186187,0
12.43499,16,0,0,0,0.0,38.37782000027801,7.975706000252103,38.410451999880024,0.3764918341708543,1592,0,0,999,0.9946196196196196,0
12.47367,16,0,0,0,0.0,38.622152999778336,8.018920000267826,38.67643700004919,0.3762554927809165,1593,0,0,905,0.9939917127071823,0
12.51098,15,0,0,0,0.0,37.26343599964821,7.385198000065429,37.30172499990658,0.39803429527394396,1594,0,0,906,0.9939293598233996,0
12.54825,15,0,0,0,0.0,37.222511999971175,7.3435369999970135,37.25927200002843,0.39778474399164054,1595,0,0,908,0.992772577092511,0
12.58526,15,0,0,0,0.0,36.96748699985619,7.309106000320753,37.00296500028344,0.3975355054302423,1596,0,0,909,0.9927117711771177,0
12.62228,15,0,0,0,0.0,36.98221000013291,7.331122999858053,37.0184129997142,0.397286579002296,1597,0,0,911,0.9915614709110867,0
12.65917,15,0,0,0,0.0,36.85238199977903,7.311596999898029,36.883006999687495,0.3970379641218189,1598,0,0,911,0.9925905598243688,0
12.69585,15,0,0,0,0.0,36.63256199979514,7.312318999993295,36.67438700040293,0.3967896602042944,1599,0,0,912,0.9925301535087719,0
12.73624,15,0,0,0,0.0,40.33831599963378,7.474544000160677,40.38092099972346,0.3965416666666667,1600,0,0,914,0.9913840262582057,0
12.7755,15,0,0,0,0.0,39.20584699972096,7.7130169997872144,39.25670999979047,0.3962939829273371,1601,0,0,917,0.9891630316248636,0
12.81327,15,0,0,0,0.0,37.72043400022085,7.500512999740749,37.75781700005609,0.396046608406159,1602,0,0,917,0.990185387131952,0
12.851,15,0,0,0,0.0,37.68790100002661,7.445878999988054,37.72473900016848,0.3957995425244334,1603,0,0,917,0.9912077426390403,0
12.88905,15,0,0,0,0.0,37.99508900010551,7.429578000028414,38.04018700020606,0.3955527847049044,1604,0,0,917,0.9922300981461287,0
12.95712,16,1,0,857,28.731542000059562,39.24110199977804,8.402960000239545,68.05357799976264,0.3997274143302181,1605,0,0,972,0.9922196502057613,0
12.99896,16,0,0,0,0.0,41.79996899983962,8.268774000043777,41.83678599974883,0.3994785180572852,1606,0,0,972,0.9932484567901234,0
13.03647,16,0,0,0,0.0,37.47104699959891,7.8392339996753435,37.50678899996274,0.39922993154947106,1607,0,0,973,0.9932553956834532,0
13.07566,16,0,0,0,0.0,39.14201599991429,7.928551000077277,39.18350699996154,0.3989816542288557,1608,0,0,973,0.9942831449126414,0
13.11426,16,0,0,0,0.0,38.55302300007679,7.978965999882348,38.593143000070995,0.3987336855189558,1609,0,0,974,0.9942890143737166,0
13.15255,16,0,0,0,0.0,38.24324299966975,7.905458000095678,38.28408500021396,0.3984860248447205,1610,0,0,975,0.9942948717948717,0
13.21983,17,1,0,897,28.100725000058446,39.08265100017161,8.807781000086834,67.26895800011334,0.4008836309197794,1611,0,0,1034,0.9928070599613152,0
13.25996,17,0,0,0,0.0,40.08072899978288,8.396929999889835,40.12459800014767,0.40063494380382425,1612,0,0,1036,0.9919160231660231,0
13.29962,17,0,0,0,0.0,39.59534000023268,8.489267000186373,39.65170300034515,0.4003865650413916,1613,0,0,973,0.9906217882836588,0
13.33891,16,0,0,0,0.0,39.24331899997924,8.005948000118224,39.27904900001522,0.4028035935563816,1614,0,0,973,0.9916495375128469,0
13.37664,16,0,0,0,0.0,37.686408999888954,7.974573999945278,37.726328000189824,0.4025541795665635,1615,0,0,974,0.9916581108829569,0
13.41497,16,0,0,0,0.0,38.28218300031949,7.91552300006515,38.32323599999654,0.4023050742574258,1616,0,0,976,0.9906506147540983,0
13.48196,17,1,0,820,27.350880000085454,39.556474999699276,8.808579000287864,66.98157800019544,0.40739932336570994,1617,0,0,1030,0.989502427184466,0
13.52236,17,0,0,0,0.0,40.35090799970931,8.46685200031061,40.39237200004209,0.4071475314476841,1618,0,0,1030,0.9905339805825243,0
13.58972,18,1,0,1478,27.598542999839992,39.65448999997534,9.428899000340607,67.34645799997452,0.38912909203211854,1619,0,0,1123,0.9917631344612645,0
13.62862,18,0,0,0,0.0,38.84059800020623,8.92176900015329,38.88051199965048,0.38888888888888884,1620,0,0,1123,0.9927649154051648,0
13.6679,18,0,0,0,0.0,39.23309900028471,8.968205999735801,39.279783999973006,0.3886489821098088,1621,0,0,1124,0.9928825622775801,0
13.70802,18,0,0,0,0.0,40.06067199998142,9.077113999865105,40.10926899991318,0.38840937114673246,1622,0,0,1073,0.9941752096924511,0
13.77624,18,1,0,1285,28.93984399997862,39.1998540003442,9.576432999892859,68.21574900004634,0.3717738070787978,1623,0,0,1155,0.9941017316017317,0
13.81605,18,0,0,0,0.0,39.76005000004079,9.49017199991431,39.798201999929006,0.37154488232074434,1624,0,0,1155,0.9950757575757576,0
13.85535,18,0,0,0,0.0,39.25060800020219,9.136008000041329,39.29193600015424,0.37131623931623936,1625,0,0,1156,0.9951881487889274,0
13.89491,18,0,0,0,0.0,39.510396999958175,9.192611999878864,39.554656999825966,0.37108787754544215,1626,0,0,1158,0.9944408462867013,0
13.93515,18,0,0,0,0.0,40.185819000271294,9.177828000247246,40.2364349997697,0.3708597964897904,1627,0,0,1160,0.9936961206896552,0
13.97564,18,0,0,0,0.0,40.43511800000488,9.617307000098663,40.483561999735684,0.37063199563199567,1628,0,0,1162,0.9929539586919105,0
14.01614,18,0,0,0,0.0,40.44909899994309,10.246516999814048,40.491875000043365,0.37040447445603986,1629,0,0,1166,0.99051243567753,0
14.11803,18,0,0,0,0.0,101.8391090001387,69.28404099971885,101.87745499979428,0.37017723244717105,1630,0,0,1166,0.9914772727272727,0
14.15946,18,0,0,0,0.0,41.37653399993724,10.754335999990872,41.424624000228505,0.3699502690919,1631,0,0,1167,0.9915916880891174,0
14.202,18,0,0,0,0.0,42.489077000027464,11.307279999982711,42.534869000064646,0.36972358387799564,1632,0,0,1169,0.9908575705731394,0
14.2437,18,0,0,0,0.0,41.64937900031873,10.865589999866643,41.68847099981576,0.36949717629448187,1633,0,0,1170,0.9909722222222223,0
14.2877,18,0,0,0,0.0,43.95289899957788,11.185964000105741,43.99483599991072,0.3692710458316334,1634,0,0,1171,0.9910866780529461,0
14.33079,18,0,0,0,0.0,43.048157999692194,12.046424000345723,43.08613200009859,0.36904519198097174,1635,0,0,1171,0.9920473953885568,0
14.37299,18,0,0,0,0.0,42.13507100030256,11.317680000047403,42.18299299964201,0.3688196142352621,1636,0,0,1171,0.9930081127241673,0
14.41584,18,0,0,0,0.0,42.807376999917324,11.189732999810076,42.84766499995385,0.3685943120885088,1637,0,0,1172,0.9931207337883959,0
14.49209,19,1,0,1223,32.75863399994705,43.40628399995694,11.787465999987035,76.23900299995512,0.3623160465265728,1638,0,0,1249,0.9940452361889511,0
14.53643,19,0,0,0,0.0,44.29029299990361,12.049007999848982,44.33199599998261,0.3620949873157574,1639,0,0,1250,0.9942,0
14.5871,19,0,0,0,0.0,50.61040000009598,12.950677999924665,50.66514500003905,0.36187419768934537,1640,0,0,1161,0.9949935400516796,0
14.62967,18,0,0,0,0.0,42.524203000084526,11.440505999871675,42.56610200036448,0.3742636603696933,1641,0,0,1162,0.995105421686747,0
14.67196,18,0,0,0,0.0,42.23544599972229,10.874948000036966,42.27752600036183,0.3740357287860333,1642,0,0,1164,0.9943621134020618,0
14.71376,18,0,0,0,0.0,41.74646199999188,10.656165999989753,41.78812999998627,0.3738080746601745,1643,0,0,1166,0.9936213550600344,0
14.75855,18,0,0,0,0.0,44.73663099997793,10.86720500006777,44.78181400008907,0.373580697485807,1644,0,0,1168,0.9928831335616438,0
14.80145,18,0,0,0,0.0,42.85519099994417,11.314975999994203,42.90186199978052,0.37335359675785207,1645,0,0,1171,0.991300170794193,0
14.84419,18,0,0,0,0.0,42.69257400028437,11.486322000109794,42.730903000119724,0.37312677197245847,1646,0,0,1171,0.9922608881298036,0
14.91824,19,1,0,1334,27.605836000020645,46.34907399986332,14.057664000119985,74.04203400028564,0.3632761320423098,1647,0,0,1257,0.9916467780429594,0
14.9611,19,0,0,0,0.0,42.81156100023509,11.328794999826641,42.85128700030327,0.3630556974961676,1648,0,0,1259,0.9910146942017474,0
15.00277,19,0,0,0,0.0,41.61782100027267,10.028769000200555,41.66176600028848,0.36283553030544824,1649,0,0,1260,0.991170634920635,0
15.04401,19,0,0,0,0.0,41.183892999924865,10.049189000255865,41.231265000078565,0.36261562998405106,1650,0,0,1261,0.9913263283108644,0
15.08542,19,0,0,0,0.0,41.342927000187046,10.277989999849524,41.399316000024555,0.36239599604705286,1651,0,0,1261,0.9922680412371134,0
15.12673,19,0,0,0,0.0,41.264593999585486,10.497958000087237,41.30331999976988,0.3621766280107047,1652,0,0,1261,0.9932097541633624,0
15.16775,19,0,0,0,0.0,40.975018000153796,10.07318900019527,41.01449400013735,0.3619575253924284,1653,0,0,1262,0.993363708399366,0
15.20969,19,0,0,0,0.0,41.87703500019779,10.061534000215033,41.92959600004542,0.36173868771081275,1654,0,0,1216,0.9945518092105263,0
15.24963,18,0,0,0,0.0,39.890216999992845,9.68161599985251,39.93006900009277,0.35045317220543803,1655,0,0,1217,0.9946589975349219,0
15.29016,18,0,0,0,0.0,40.49284099983197,9.664870000051451,40.53044000011141,0.3502415458937198,1656,0,0,1217,0.9955834018077239,0
15.33052,18,0,0,0,0.0,40.29878800020015,9.694863999811787,40.35168100017472,0.3500301750150875,1657,0,0,1168,0.9954516267123288,0
15.36989,17,0,0,0,0.0,39.32341900008396,9.18239700013146,39.36382599977151,0.33999148513446387,1658,0,0,1170,0.9946581196581197,0
15.40994,17,0,0,0,0.0,39.99744299972008,9.21045699988099,40.0428190000639,0.3397865475304046,1659,0,0,1172,0.9938673208191127,0
15.44974,17,0,0,0,0.0,39.72864999968806,9.200507000059588,39.78358699987439,0.33958185683912123,1660,0,0,1101,0.9927338782924614,0
15.48964,16,0,0,0,0.0,39.84479000018837,8.77153500005079,39.89731000001484,0.3419626730885009,1661,0,0,1048,0.9908754770992366,0
15.52918,15,0,0,0,0.0,39.488949999849865,8.292336000067735,39.526091999960045,0.33353389490573604,1662,0,0,1048,0.991770038167939,0
15.56786,15,0,0,0,0.0,38.633128000128636,8.304591000069195,38.67211600027076,0.33333333333333337,1663,0,0,1049,0.9917183031458532,0
15.60699,15,0,0,0,0.0,39.084854000066116,8.318505999795889,39.12742000011349,0.3331330128205128,1664,0,0,1050,0.9916666666666667,0
15.6473,15,0,0,0,0.0,40.26071900034367,8.291534999898431,40.301219999946625,0.3329329329329329,1665,0,0,1051,0.991615128449096,0
15.68951,15,0,0,0,0.0,42.15858199995637,8.754627999678632,42.20304499995109,0.33273309323729494,1666,0,0,1052,0.9915636882129277,0
15.72881,15,0,0,0,0.0,39.25900799958981,8.545005000087258,39.30471799958468,0.33253349330133974,1667,0,0,1052,0.9924548479087453,0
15.76938,15,0,0,0,0.0,40.51335299982384,8.333891999882326,40.547421999690414,0.33233413269384493,1668,0,0,1052,0.9933460076045627,0
15.80865,15,0,0,0,0.0,39.202616999773454,8.346030000211613,39.266231000055996,0.3321350109846215,1669,0,0,988,0.9945597165991903,0
15.87663,15,1,0,853,28.771334000339266,39.1404740003054,8.249338999576139,67.97442599963688,0.3383233532934131,1670,0,0,1042,0.9950815738963532,0
15.91654,15,0,0,0,0.0,39.8346130000391,8.305369000026985,39.90718000022753,0.33812088569718735,1671,0,0,974,0.9949948665297741,0
15.95661,14,0,0,0,0.0,40.02063300004011,8.811944000171934,40.0575880003089,0.3375768967874231,1672,0,0,974,0.9958932238193019,0
15.99525,14,0,0,0,0.0,38.59461599995484,7.773534000079962,38.63525099995968,0.33737511741098114,1673,0,0,975,0.9957692307692307,0
16.03364,14,0,0,0,0.0,38.338847999966674,7.798537999860855,38.38013400036289,0.337173579109063,1674,0,0,977,0.9946264073694985,0
16.07204,14,0,0,0,0.0,38.34752100010519,7.776284999636118,38.384799999676034,0.33697228144989344,1675,0,0,979,0.993488253319714,0
16.11049,14,0,0,0,0.0,38.410204999763664,7.84059099987644,38.45071599971561,0.33677122400272763,1676,0,0,981,0.9923547400611621,0
16.14883,14,0,0,0,0.0,38.28412199982267,7.838621000246349,38.33226500000819,0.3365704063378482,1677,0,0,983,0.9912258392675484,0
16.21678,15,1,0,1151,28.128494000156934,39.740705999975035,8.74491600006877,67.93865899999219,0.33488279698053236,1678,0,0,1055,0.9926540284360189,0
16.25515,15,0,0,0,0.0,38.326642000356514,8.30389299972012,38.36909999972704,0.3346833432598769,1679,0,0,1057,0.991662724692526,0
16.29416,15,0,0,0,0.0,38.950856999690586,8.429395999883127,38.994605999960186,0.334484126984127,1680,0,0,1058,0.9916115311909263,0
16.33381,15,0,0,0,0.0,39.600222000444774,8.369577999928879,39.65599499997552,0.3342851477295261,1681,0,0,1059,0.9915604343720491,0
16.40066,16,1,0,963,28.10534300033396,38.652316000025166,8.65108500011047,66.82842100008202,0.339922711058264,1682,0,0,1121,0.9913024085637824,0
16.43959,16,0,0,0,0.0,38.88662200006365,8.68145699996603,38.92196500009959,0.3397207367795603,1683,0,0,1121,0.9921944692239072,0
16.47824,16,0,0,0,0.0,38.60281900006157,8.646688999760954,38.63891099990724,0.33951900237529686,1684,0,0,1121,0.9930865298840321,0
16.51702,16,0,0,0,0.0,38.744303000385116,8.670537999933003,38.77992200023073,0.3393175074183976,1685,0,0,1121,0.993978590544157,0
16.55581,16,0,0,0,0.0,38.74993099998392,8.73009799988722,38.7895569997454,0.33911625148279956,1686,0,0,1121,0.9948706512042819,0
16.59424,16,0,0,0,0.0,38.372244000129285,8.69246899992504,38.41874399995504,0.33891523414344993,1687,0,0,1122,0.9948752228163993,0
16.63323,16,0,0,0,0.0,38.94388100025026,8.770080999966012,38.98450899987438,0.33871445497630337,1688,0,0,1122,0.9957664884135472,0
16.67254,16,0,0,0,0.0,39.257857000393415,8.83107099980407,39.29743500020777,0.3385139135583185,1689,0,0,1123,0.9957702582368655,0
16.71203,16,0,0,0,0.0,39.44095799988645,8.85026400010247,39.481505999901856,0.3383136094674556,1690,0,0,1125,0.9948888888888889,0
16.75183,16,0,0,0,0.0,39.750894000007975,8.799151999937749,39.80013299997154,0.338113542282673,1691,0,0,1127,0.9940106477373558,0
16.79164,16,0,0,0,0.0,39.75716500008275,9.04701399986152,39.79836600001363,0.33791371158392436,1692,0,0,1129,0.9931355181576617,0
16.83215,16,0,0,0,0.0,40.46381499983909,9.005602999877738,40.508196000246244,0.3377141169521559,1693,0,0,1131,0.992263483642794,0
16.87183,16,0,0,0,0.0,39.623683000172605,8.832747000269592,39.66581299982863,0.3375147579693034,1694,0,0,1131,0.9931476569407603,0
16.93854,17,1,0,1425,26.894077000179095,39.72969899996315,9.423375000096712,66.70371300015177,0.3268436578171091,1695,0,0,1224,0.9913194444444444,0
16.98072,17,0,0,0,0.0,42.12590600036492,9.494457000073453,42.16813299990463,0.32665094339622647,1696,0,0,1225,0.9913775510204081,0
17.02312,17,0,0,0,0.0,42.34864399995786,10.982737000176712,42.39506600015375,0.32645845609899826,1697,0,0,1226,0.9914355628058727,0
17.06347,17,0,0,0,0.0,40.29650299980858,9.516645000076096,40.335815000162256,0.32626619552414604,1698,0,0,1227,0.9914934800325998,0
17.10379,17,0,0,0,0.0,40.27777400006016,9.490804000051867,40.31599699965227,0.32607416127133604,1699,0,0,1227,0.992359413202934,0
17.14292,17,0,0,0,0.0,39.07703799995943,9.459599999900092,39.121468999837816,0.3258823529411765,1700,0,0,1227,0.9932253463732681,0
17.18231,17,0,0,0,0.0,39.35270200008745,9.405712999978277,39.38491899998553,0.3256907701352145,1701,0,0,1227,0.9940912795436023,0
17.2233,17,0,0,0,0.0,40.9439109998857,9.66869100011536,40.98456400015493,0.32549941245593417,1702,0,0,1227,0.9949572127139364,0
17.26273,17,0,0,0,0.0,39.385617000334605,9.543154999846593,39.4244749995778,0.3253082795067528,1703,0,0,1228,0.9950122149837134,0
17.30268,17,0,0,0,0.0,39.90643099996305,9.515388000181701,39.94512600002054,0.32511737089201875,1704,0,0,1228,0.9958774429967426,0
17.3426,17,0,0,0,0.0,39.86637799971504,9.538161999898875,39.90882600010082,0.3249266862170088,1705,0,0,1229,0.9959316517493898,0
17.38294,17,0,0,0,0.0,40.2889890001461,9.608434999790916,40.32969099989714,0.324736225087925,1706,0,0,1231,0.995176685621446,0
17.42363,17,0,0,0,0.0,40.642537999701744,9.617019999950571,40.684926999801974,0.3245459871118922,1707,0,0,1233,0.9944241686942417,0
17.46455,17,0,0,0,0.0,40.87070300010964,9.644117000334518,40.911292000146204,0.32435597189695553,1708,0,0,1235,0.9936740890688259,0
17.50495,17,0,0,0,0.0,40.35435999958281,9.67831899970406,40.39743399971485,0.32416617905207723,1709,0,0,1237,0.9929264349232013,0
17.54503,17,0,0,0,0.0,40.03127599980871,9.611014999791223,40.07194399991931,0.3239766081871345,1710,0,0,1238,0.992982633279483,0
17.58419,17,0,0,0,0.0,39.09662199976083,9.53453099964463,39.1482760001054,0.3237872589129164,1711,0,0,1166,0.9912628644939966,0
17.62347,16,0,0,0,0.0,39.23814299969308,8.971582999947714,39.27656699988802,0.32487587616822433,1712,0,0,1167,0.991270351328192,0
17.66277,16,0,0,0,0.0,39.25221800000145,8.98451400007616,39.28867900003752,0.3246862230005838,1713,0,0,1168,0.9912778253424658,0
17.70221,16,0,0,0,0.0,39.39995100017768,9.019439999974566,39.44232499998179,0.32449679113185526,1714,0,0,1169,0.9912852865697177,0
17.74233,16,0,0,0,0.0,40.069063999908394,9.282531999815546,40.10567600016657,0.3243075801749271,1715,0,0,1169,0.9921407185628742,0
17.78268,16,0,0,0,0.0,40.30713600013769,9.692619999896124,40.33817800018369,0.32411858974358976,1716,0,0,1169,0.9929961505560307,0
17.82146,16,0,0,0,0.0,38.74408999990919,8.898678999685217,38.77678899971215,0.3239298194525335,1717,0,0,1169,0.9938515825491874,0
17.86034,16,0,0,0,0.0,38.844780000090395,8.92671999963568,38.875229000041145,0.3237412689173458,1718,0,0,1169,0.9947070145423439,0
17.8986,16,0,0,0,0.0,38.20759200016255,8.932371000355488,38.25423199987199,0.32355293775450844,1719,0,0,1061,0.9955819981149858,0
17.93675,15,0,0,0,0.0,38.10981700007687,8.06033299977571,38.14729200030342,0.28642600802195484,1579,0,0,1061,0.9964655984919887,0
17.97783,15,0,0,0,0.0,41.008246000274085,8.256872999936604,41.07209400035572,0.28624472573839665,1580,0,0,1062,0.9964100753295668,0
18.01994,15,0,0,0,0.0,42.047246000038285,9.82604499995432,42.09402000014961,0.28606367278094036,1581,0,0,1064,0.9954182330827067,0
18.05856,15,0,0,0,0.0,38.57275300015317,8.219156999984989,38.61492799978805,0.28588284871470715,1582,0,0,1066,0.9944301125703565,0
18.09635,15,0,0,0,0.0,37.744338999800675,8.414576000177476,37.781929000175296,0.285702253105917,1583,0,0,1068,0.9934456928838952,0
18.13492,15,0,0,0,0.0,38.522513000316394,8.37266999997155,38.564138999845454,0.2855218855218855,1584,0,0,1070,0.992464953271028,0
18.17546,15,0,0,0,0.0,40.490175999821076,8.28560300033132,40.53243999987899,0.28534174553102,1585,0,0,1071,0.9924136321195145,0
18.21535,15,0,0,0,0.0,39.82063500006916,8.252275999893754,39.876731999811454,0.28516183270281636,1586,0,0,992,0.9904863911290323,0
18.25267,14,0,0,0,0.0,37.28089700007331,7.6575660000344214,37.31594999999288,0.29242055990638216,1587,0,0,992,0.9913684475806451,0
18.29,14,0,0,0,0.0,37.281301999883,7.615861999966,37.31795499970758,0.29223641597697014,1588,0,0,993,0.9912512588116817,0
18.32822,14,0,0,0,0.0,38.17665199994735,7.638162000148441,38.21687700019538,0.29205250382091164,1589,0,0,994,0.99113430583501,0
18.3671,14,0,0,0,0.0,38.82328400004553,7.702860999870609,38.87031300018862,0.29186882300089845,1590,0,0,946,0.9920058139534884,0
18.40447,13,0,0,0,0.0,37.33620200000587,7.375578999926802,37.373201999798766,0.27404148334380896,1591,0,0,946,0.9928646934460887,0
18.44169,13,0,0,0,0.0,37.1750190001876,7.265303999702155,37.211666999610316,0.27386934673366836,1592,0,0,946,0.9937235729386892,0
18.47904,13,0,0,0,0.0,37.30334000010771,7.292366999990918,37.33865899994271,0.2736974262397991,1593,0,0,946,0.9945824524312896,0
18.5167,13,0,0,0,0.0,37.62090299960619,7.483690999833925,37.65891000011834,0.27352572145545795,1594,0,0,946,0.9954413319238901,0
18.55515,13,0,0,0,0.0,38.400920999720256,7.408248000047024,38.43924300008439,0.2733542319749216,1595,0,0,946,0.9963002114164905,0
18.59308,13,0,0,0,0.0,37.88078400020822,7.3493790000611625,37.92135899993809,0.27318295739348375,1596,0,0,947,0.9961061246040127,0
18.63014,13,0,0,0,0.0,37.01716800014765,7.368264999968233,37.054689999877155,0.27301189730745146,1597,0,0,948,0.9959124472573839,0
18.69488,14,1,0,1356,26.75672500026849,37.89768799970261,7.883259000209364,64.72944400002234,0.2641694975862685,1598,0,0,1035,0.994927536231884,0
18.7328,14,0,0,0,0.0,37.86610599991036,7.984216000295419,37.91272599983131,0.26400428839453227,1599,0,0,1036,0.9948117760617761,0
18.77249,14,0,0,0,0.0,39.62803900003564,7.973313000093185,39.66613200009306,0.2638392857142857,1600,0,0,1038,0.99373795761079,0
18.81011,14,0,0,0,0.0,37.571549999938725,7.914955000160262,37.61725499998647,0.2636744891585616,1601,0,0,1039,0.993623676612127,0
18.84771,14,0,0,0,0.0,37.551860000348825,7.889638000051491,37.59456199986744,0.26350989834135896,1602,0,0,1043,0.9906519654841802,0
18.88748,14,0,0,0,0.0,39.72106500032169,8.072796999840648,39.7568390003471,0.2633455128776402,1603,0,0,1043,0.9914908916586769,0
18.92736,14,0,0,0,0.0,39.841314000113925,7.938200999888068,39.883254000415036,0.2631813323833274,1604,0,0,1044,0.9913793103448276,0
18.9652,14,0,0,0,0.0,37.77731500031223,8.028638999803661,37.82798000020193,0.26301735647530045,1605,0,0,1045,0.9912679425837321,0
19.00575,14,0,0,0,0.0,40.49533800025529,8.015484000225115,40.547423000134586,0.262853584771393,1606,0,0,944,0.9918564618644068,0
19.04174,13,0,0,0,0.0,35.939877000146225,7.108631999926729,35.9748750001927,0.2203081086707609,1478,0,0,944,0.9927171610169492,0
19.07764,13,0,0,0,0.0,35.856549000072846,7.126206000066304,35.89566800019384,0.22015915119363394,1479,0,0,944,0.9935778601694916,0
19.11445,13,0,0,0,0.0,36.762280000402825,7.212718999653589,36.80041000006895,0.220010395010395,1480,0,0,944,0.9944385593220338,0
19.17808,14,1,0,520,26.677875999666867,36.88270300017393,7.525883000198519,63.624525999784964,0.25050641458474,1481,0,0,977,0.9950102354145343,0
19.21451,14,0,0,0,0.0,36.38675199999852,7.38059399964186,36.42179899998155,0.25033738191632926,1482,0,0,977,0.9959058341862845,0
19.25088,14,0,0,0,0.0,36.32004600012806,7.391024999833462,36.35650300020643,0.2501685772083614,1483,0,0,978,0.995782208588957,0
19.28779,14,0,0,0,0.0,36.87016499998208,7.367611000063334,36.905958999795985,0.25,1484,0,0,979,0.995658835546476,0
19.32473,14,0,0,0,0.0,36.89458899998499,7.460136000190687,36.93527499990523,0.24983164983164985,1485,0,0,981,0.9945208970438328,0
19.36183,14,0,0,0,0.0,37.04671200011944,7.527073999881395,37.09749300014664,0.24966352624495292,1486,0,0,982,0.9943991853360489,0
19.39883,14,0,0,0,0.0,36.945618000117975,7.782838999901287,36.99305899999672,0.24949562878278408,1487,0,0,983,0.9942777212614445,0
19.43625,14,0,0,0,0.0,37.361000000146305,7.607907999954477,37.40993800010983,0.24932795698924726,1488,0,0,938,0.9946695095948828,0
19.47341,13,0,0,0,0.0,37.09696699979759,7.178470000326342,37.15027699990969,0.22880611665030737,1489,0,0,943,0.9902571580063627,0
19.5106,13,0,0,0,0.0,37.1485880000364,7.223606000025029,37.18273300000874,0.22865255549819308,1490,0,0,943,0.991118769883351,0
19.54764,13,0,0,0,0.0,36.99292699957368,7.284260000233189,37.03193799992732,0.22849920033018623,1491,0,0,944,0.9909295550847458,0
19.58455,13,0,0,0,0.0,36.86570500030939,7.1712819999447674,36.903931999859196,0.22834605073210967,1492,0,0,945,0.9907407407407407,0
19.62261,13,0,0,0,0.0,37.99658400021144,7.248830000207818,38.05296900009125,0.22819310629089595,1493,0,0,855,0.9917397660818713,0
19.68789,13,1,0,877,28.284705000260146,36.921890000030544,6.9869280000602885,65.27011000025595,0.2563072804036659,1494,0,0,910,0.9929258241758242,0
19.72434,13,0,0,0,0.0,36.40558699999019,7.052887000099872,36.44124999982523,0.2561358374067404,1495,0,0,910,0.9938186813186813,0
19.76214,13,0,0,0,0.0,37.76071399988723,7.028210000044055,37.79633800013471,0.2559646236116825,1496,0,0,910,0.9947115384615385,0
19.82767,14,1,0,1412,27.557623999655334,37.88151299977471,7.685606999984884,65.51562100003139,0.2415783948850081,1497,0,0,1000,0.9943125,0
19.86541,14,0,0,0,0.0,37.6848420000897,7.638152000254195,37.73572000000058,0.24141712759870304,1498,0,0,1000,0.9951875,0
19.90355,14,0,0,0,0.0,38.08909000008498,7.9695559998071985,38.129451000258996,0.24125607547889072,1499,0,0,1001,0.9950674325674326,0
19.94172,14,0,0,0,0.0,38.12372199990932,7.65825100006623,38.16286699975535,0.24109523809523814,1500,0,0,1002,0.9949476047904192,0
19.98198,14,0,0,0,0.0,40.21400100009487,7.646152999768674,40.258153999729984,0.24093461501855906,1501,0,0,1003,0.9948280159521435,0
20.02206,14,0,0,0,0.0,40.02763100015727,9.266771000056906,40.06912700015164,0.24077420582081033,1502,0,0,1004,0.9947086653386454,0
20.05944,14,0,0,0,0.0,37.32728099976157,7.808121999914874,37.37529699992592,0.24061401007508787,1503,0,0,1005,0.994589552238806,0
20.12592,15,1,0,914,27.830593999624398,38.56664099976115,8.111424999697192,66.47148299998662,0.25057624113475174,1504,0,0,1064,0.9940084586466166,0
20.16423,15,0,0,0,0.0,38.25940700016872,8.09199900004387,38.30042900017361,0.25040974529346627,1505,0,0,1069,0.9902362020579981,0
20.2037,15,0,0,0,0.0,39.42154600008507,8.089331000064703,39.457261999814364,0.25024347056219565,1506,0,0,1069,0.9911131898971001,0
20.24204,15,0,0,0,0.0,38.30188999972961,8.105100999728165,38.34331600000951,0.2500774165007742,1507,0,0,1070,0.9910630841121495,0
20.2802,15,0,0,0,0.0,38.10451700019257,8.093341999938275,38.139981999847805,0.2499115826702034,1508,0,0,1070,0.9919392523364486,0
20.31851,15,0,0,0,0.0,38.26806500001112,8.128067000143346,38.31167099997401,0.24974596863264853,1509,0,0,1071,0.9918884220354809,0
20.35695,15,0,0,0,0.0,38.394328000322275,8.178443999895535,38.43300300013652,0.24958057395143485,1510,0,0,1071,0.9927637721755369,0
20.39494,15,0,0,0,0.0,37.94579699979295,8.17342100026508,37.97908299975461,0.2494153981910434,1511,0,0,1071,0.9936391223155929,0
20.43346,15,0,0,0,0.0,38.476600000194594,8.193150999886711,38.51381100002982,0.24925044091710757,1512,0,0,1071,0.994514472455649,0
20.47202,15,0,0,0,0.0,38.50523300025088,8.180427000297641,38.545263999822055,0.24908570169640887,1513,0,0,1072,0.9944612873134329,0
20.5107,15,0,0,0,0.0,38.63688899991757,8.294232000025659,38.67419400012295,0.24892118009687358,1514,0,0,1072,0.9953358208955224,0
20.54906,15,0,0,0,0.0,38.3149429999321,8.154642000135937,38.3600979998846,0.24875687568756877,1515,0,0,1073,0.9952819198508853,0
20.58728,15,0,0,0,0.0,38.16746800021065,8.149221000167017,38.20820300006744,0.24859278803869833,1516,0,0,1074,0.9952281191806331,0
20.62576,15,0,0,0,0.0,38.43340699995679,8.235920000061014,38.47427599976072,0.2484289167215996,1517,0,0,1075,0.9951744186046512,0
20.66424,15,0,0,0,0.0,38.434062999840535,8.216692000132753,38.47262599992973,0.2482652613087396,1518,0,0,1077,0.994196843082637,0
20.70293,15,0,0,0,0.0,38.63745199987534,8.207228000173927,38.6764189997848,0.24810182137371073,1519,0,0,1078,0.9941442486085343,0
20.74223,15,0,0,0,0.0,39.26006699975915,8.313482000176009,39.299889000176336,0.24793859649122807,1520,0,0,1079,0.9940917516218721,0
20.78314,15,0,0,0,0.0,40.85024500000145,8.296898000025976,40.89088899991111,0.2477755862371247,1521,0,0,1084,0.9903713099630996,0
20.82245,15,0,0,0,0.0,39.267012999971485,8.31122299996423,39.306610000039655,0.2476127901883487,1522,0,0,1084,0.9912361623616236,0
20.86205,15,0,0,0,0.0,39.55220799980452,8.224606000112544,39.593800000147894,0.24745020792295902,1523,0,0,1085,0.9911866359447005,0
20.90205,15,0,0,0,0.0,39.955012000064016,8.208110999930796,39.99146599971937,0.24728783902012252,1524,0,0,1085,0.9920506912442396,0
20.94111,15,0,0,0,0.0,39.01622200010024,8.330617999945389,39.05681000014738,0.2471256830601093,1525,0,0,1086,0.9920004604051565,0
20.98239,15,0,0,0,0.0,41.234757999973226,8.28434400000333,41.28965200015955,0.24696373962429008,1526,0,0,1086,0.9928637200736649,0
21.02265,15,0,0,0,0.0,40.18984700041983,9.884143999897788,40.23289300039323,0.2468020082951321,1527,0,0,1086,0.9937269797421732,0
21.06158,15,0,0,0,0.0,38.88767900025414,8.287817000109499,38.924194000173884,0.24664048865619548,1528,0,0,1086,0.9945902394106814,0
21.13014,16,1,0,1116,29.073657000026287,39.4083529999989,8.749120000175026,68.55557800008683,0.24795618051013735,1529,0,0,1157,0.9947061365600691,0
21.16945,16,0,0,0,0.0,39.25663500012888,8.77073699984976,39.29426300010164,0.24779411764705883,1530,0,0,1157,0.9955704407951599,0
21.21025,16,0,0,0,0.0,40.753310000127385,9.023504000197136,40.79513900023812,0.2476322664924886,1531,0,0,1158,0.9955742659758203,0
21.24979,16,0,0,0,0.0,39.486983999722725,8.867626000210294,39.52938000020367,0.24747062663185382,1532,0,0,1159,0.9955780845556514,0
21.28943,16,0,0,0,0.0,39.590501000020595,8.799531000022398,39.63857200005805,0.24730919765166337,1533,0,0,1161,0.994724375538329,0
21.35625,17,1,0,741,26.696534999700816,40.03921100002117,9.194274000037694,66.80835399993157,0.26301863639849676,1534,0,0,1210,0.993595041322314,0
21.42329,18,1,0,1508,27.331450000019686,39.616220999960206,9.803594999993948,67.03026899958786,0.24922186029677884,1535,0,0,1306,0.9935872894333844,0
21.46369,18,0,0,0,0.0,40.353289999984554,9.816089999731048,40.39880099981019,0.2490596064814815,1536,0,0,1307,0.9936878347360367,0
21.50481,18,0,0,0,0.0,41.04776899976059,9.941992999756621,41.115381000054185,0.248897563796718,1537,0,0,1240,0.9907762096774193,0
21.54453,17,0,0,0,0.0,39.67299899977661,9.647924999626412,39.71058799970706,0.24818327851296562,1538,0,0,1240,0.991633064516129,0
21.58324,17,0,0,0,0.0,38.662368999666796,9.234437000031903,38.6965880002208,0.2480220158238734,1539,0,0,1241,0.9916901692183723,0
21.62175,17,0,0,0,0.0,38.45717199965293,9.12479099997654,38.50203599995439,0.24786096256684487,1540,0,0,1147,0.9922624237140366,0
21.65976,16,0,0,0,0.0,37.95828300007997,8.524910000232921,38.002920000053564,0.2614373783257625,1541,0,0,1079,0.9921223354958295,0
21.69735,15,0,0,0,0.0,37.558923000233335,8.015526999770373,37.588152999887825,0.2594898400345871,1542,0,0,1079,0.9929911955514366,0
21.73418,15,0,0,0,0.0,36.7924669999411,8.092353000392905,36.824076999891986,0.25932166774681353,1543,0,0,1079,0.9938600556070436,0
21.77325,15,0,0,0,0.0,39.02410599994255,8.096776000002137,39.05775500015807,0.259153713298791,1544,0,0,1079,0.9947289156626506,0
21.8118,15,0,0,0,0.0,38.507393000145385,8.531214999948133,38.54718299999149,0.2589859762675296,1545,0,0,1081,0.9937557816836263,0
21.84977,15,0,0,0,0.0,37.91954300004363,8.181891999811342,37.95700399996349,0.2588184562311341,1546,0,0,1081,0.994623034227567,0
21.88841,15,0,0,0,0.0,38.5824209997736,8.255714000370062,38.63291000016034,0.2586511527687998,1547,0,0,1082,0.9945702402957486,0
21.92631,15,0,0,0,0.0,37.85986499997307,8.141572999647906,37.89490700000897,0.2584840654608096,1548,0,0,1082,0.9954366913123844,0
21.96486,15,0,0,0,0.0,38.499744000091596,8.1907360004152,38.53876699986358,0.25831719388853025,1549,0,0,1083,0.9953831948291783,0
22.03654,16,1,0,871,32.24841900009778,39.34803700030898,8.81478600012997,71.67205599989757,0.2693951612903226,1550,0,0,1140,0.9942434210526315,0
22.07484,16,0,0,0,0.0,38.22952599966811,8.689402000072732,38.29627899995103,0.2692214700193424,1551,0,0,1141,0.9942484662576687,0
22.14271,17,1,0,825,27.9241970001749,39.84216000026208,9.157982000033371,67.85666099995069,0.28077622801698,1552,0,0,1194,0.9941896984924623,0
22.18324,17,0,0,0,0.0,40.47920299990437,9.239488999810419,40.52117300034297,0.2805954319912125,1553,0,0,1199,0.9909299416180151,0
22.22414,17,0,0,0,0.0,40.85541499989631,9.192455999709637,40.89570600035586,0.28041486865016274,1554,0,0,1199,0.9918160967472894,0
22.31181,19,2,0,1804,47.52994899990881,40.027634000125545,9.930060999977286,87.65667199986638,0.2949399221526485,1555,0,0,1314,0.9917237442922374,0
22.35175,19,0,0,0,0.0,39.900285999920015,9.86811199982185,39.93809500025236,0.29475037207414423,1556,0,0,1314,0.9926274733637748,0
22.39283,19,0,0,0,0.0,41.03243500003373,10.117631999946752,41.079299000102765,0.29456106547679406,1557,0,0,1315,0.9927756653992396,0
22.43326,19,0,0,0,0.0,40.37243099992338,10.03042499996809,40.40997399988555,0.29437200189176405,1558,0,0,1315,0.9936787072243346,0
22.47361,19,0,0,0,0.0,40.300060999925336,10.11187800031621,40.343339999708405,0.29418318085142303,1559,0,0,1317,0.9930713743356112,0
22.51456,19,0,0,0,0.0,40.90248399961638,10.113210999861622,40.941427999769076,0.2939946018893387,1560,0,0,1317,0.9939730447987851,0
22.55571,19,0,0,0,0.0,41.09885000025315,10.131608999927266,41.14321200040649,0.2938062645402745,1561,0,0,1319,0.993366186504928,0
22.59714,19,0,0,0,0.0,41.381168000043544,10.07717499987848,41.42061399988961,0.2936181683401846,1562,0,0,1320,0.9935132575757576,0
22.63859,19,0,0,0,0.0,41.4016489999085,10.2562450001642,41.44783299989285,0.29343031282621135,1563,0,0,1321,0.993660105980318,0
22.70719,20,1,0,1293,27.14417700008198,41.37155399985204,10.561714000232314,68.59227900031328,0.2872442455242967,1564,0,0,1402,0.994784236804565,0
22.74818,20,0,0,0,0.0,40.94061200021315,10.607928999888827,40.98218499984796,0.2870607028753993,1565,0,0,1403,0.9949661439771917,0
22.79108,20,0,0,0,0.0,42.850259999795526,10.721778000061022,42.89142800007539,0.28687739463601536,1566,0,0,1405,0.9944395017793595,0
22.8321,20,0,0,0,0.0,40.972343999783334,10.735026000020298,41.01753400027519,0.28669432035737075,1567,0,0,1407,0.9939143567874911,0
22.87349,20,0,0,0,0.0,41.33435899984761,10.81736500009356,41.37863699997979,0.28651147959183676,1568,0,0,1409,0.9933907026259758,0
22.91387,20,0,0,0,0.0,40.315889999874344,10.599591999834956,40.37248299982821,0.28632887189292544,1569,0,0,1345,0.9908457249070632,0
22.95339,19,0,0,0,0.0,39.47726499973214,10.02194500006226,39.52414099967427,0.28518270197787465,1570,0,0,1345,0.991728624535316,0
22.99679,19,0,0,0,0.0,43.3417880003617,10.062324000045919,43.37586800011195,0.28500117256859525,1571,0,0,1346,0.9918740713224369,0
23.06565,20,1,0,1013,27.29664300022705,41.495180999845616,10.526083000058861,68.8571820001016,0.28835877862595416,1572,0,0,1410,0.9926418439716312,0
23.10861,20,0,0,0,0.0,42.91253300016251,10.992457000156719,42.95705300000918,0.2881754609027336,1573,0,0,1411,0.9928242381289866,0
23.15101,20,0,0,0,0.0,42.347393999989436,11.191131000032328,42.387496000173996,0.28799237611181705,1574,0,0,1411,0.9937101346562721,0
23.19135,20,0,0,0,0.0,40.29156700016756,10.661239000000933,40.3302069998972,0.28780952380952385,1575,0,0,1413,0.9931882519462137,0
23.23306,20,0,0,0,0.0,41.67361899999378,11.082426000029955,41.711856999882,0.28762690355329945,1576,0,0,1413,0.9940728945506015,0
23.27463,20,0,0,0,0.0,41.49920600002588,10.637734000283672,41.557585000191466,0.2874445149017121,1577,0,0,1349,0.9934673832468495,0
23.31544,19,0,0,0,0.0,40.76082299980044,10.293007000200305,40.803297000366,0.2848042158628511,1578,0,0,1350,0.9936111111111111,0
23.35582,19,0,0,0,0.0,40.32915600009801,10.225648999949044,40.38094599991382,0.2846238458718042,1579,0,0,1351,0.9937546262028127,0
23.39595,19,0,0,0,0.0,40.081346000079066,10.14887000019371,40.116730999670835,0.2844437041972019,1580,0,0,1351,0.9946336047372317,0
23.4382,19,0,0,0,0.0,42.19421700008752,10.289282000030653,42.23939399980736,0.28426379040580574,1581,0,0,1352,0.9947762573964497,0
23.50698,20,1,0,662,27.089583999895694,41.61220999958459,11.012504000063927,68.77502599991203,0.2989570164348926,1582,0,0,1395,0.994668458781362,0
23.54747,20,0,0,0,0.0,40.44275900014327,10.960813000110647,40.48390500020105,0.2987681617182565,1583,0,0,1397,0.9941392269148175,0
23.58871,20,0,0,0,0.0,41.185743999903934,10.637842000051023,41.22725600018384,0.29857954545454546,1584,0,0,1399,0.9936115082201572,0
23.63139,20,0,0,0,0.0,42.62952299995959,10.920924999936688,42.70183900007396,0.298391167192429,1585,0,0,1404,0.9909633190883191,0
23.67385,20,0,0,0,0.0,42.382634000205144,10.854200999801833,42.43008999992526,0.29820302648171504,1586,0,0,1404,0.9918536324786325,0
23.71583,20,0,0,0,0.0,41.92872199973863,10.806803999912518,41.979719000210025,0.298015122873346,1587,0,0,1405,0.9920373665480428,0
23.75755,20,0,0,0,0.0,41.65891799993915,11.062093999953504,41.69971900000746,0.2978274559193954,1588,0,0,1405,0.9929270462633452,0
23.80022,20,0,0,0,0.0,42.615493000084825,10.66146099992693,42.65959099984684,0.29764002517306487,1589,0,0,1406,0.9931098862019915,0
23.84367,20,0,0,0,0.0,43.40846500008411,10.83726300021226,43.45292000016343,0.2974528301886793,1590,0,0,1406,0.9939989331436699,0
23.88535,20,0,0,0,0.0,41.62148499972318,10.801899999933084,41.66251300011936,0.2972658705216845,1591,0,0,1408,0.9934747869318182,0
23.92706,20,0,0,0,0.0,41.659770000023855,11.115394000171364,41.70085600026141,0.29707914572864325,1592,0,0,1409,0.9936568488289567,0
23.96814,20,0,0,0,0.0,41.03715699966415,10.688291000406025,41.080379000050016,0.29689265536723164,1593,0,0,1411,0.9931343019135365,0
24.01187,20,0,0,0,0.0,43.67725400015843,11.380298999938532,43.722708000132116,0.29670639899623585,1594,0,0,1412,0.9933162181303116,0
24.05389,20,0,0,0,0.0,41.96491199991215,10.802719999901456,42.00877199991737,0.2965203761755486,1595,0,0,1413,0.9934978768577495,0
24.09452,20,0,0,0,0.0,40.589574000023276,10.796071000186203,40.62479699996402,0.2963345864661654,1596,0,0,1413,0.9943825194621373,0
24.13637,20,0,0,0,0.0,41.800713000156975,11.489632000120764,41.84039500023573,0.2961490294301816,1597,0,0,1414,0.9945632956152758,0
24.17796,20,0,0,0,0.0,41.53072500002963,10.645733999808726,41.59253399984664,0.29596370463078847,1598,0,0,1415,0.994743816254417,0
24.22094,20,0,0,0,0.0,42.9216920001636,10.862862000067253,42.96804599971438,0.29577861163227015,1599,0,0,1417,0.9942219477769937,0
24.26281,20,0,0,0,0.0,41.81915399976788,10.835219999989931,41.8647400001646,0.29559375,1600,0,0,1419,0.9937015503875969,0
24.30405,20,0,0,0,0.0,41.188273999978264,10.741933000190329,41.23093699990932,0.29540911930043723,1601,0,0,1424,0.9910902387640449,0
24.34557,20,0,0,0,0.0,41.46059499998955,11.037078000299516,41.513927999858424,0.2952247191011236,1602,0,0,1332,0.9920701951951952,0
24.38697,19,0,0,0,0.0,41.34544999988066,10.182839000208332,41.386742999748094,0.30580818859375514,1603,0,0,1333,0.9922168042010503,0
24.42781,19,0,0,0,0.0,40.80007699985799,10.220275000392576,40.84806499986371,0.30561753510959444,1604,0,0,1333,0.9931076519129782,0
24.46869,19,0,0,0,0.0,40.81733299972257,10.139525999875332,40.86062599981233,0.30542711919986887,1605,0,0,1334,0.9932533733133433,0
24.51044,19,0,0,0,0.0,41.70861000011428,10.511302999930194,41.751047000161634,0.3052369404207904,1606,0,0,1334,0.9941435532233883,0
24.55086,19,0,0,0,0.0,40.359719000207406,10.309840999980224,40.40664400008609,0.3050469983296761,1607,0,0,1336,0.9935441616766467,0
24.59209,19,0,0,0,0.0,41.18740700005219,10.23930500014103,41.22816300014165,0.30485729248494375,1608,0,0,1337,0.993689229618549,0
24.63333,19,0,0,0,0.0,41.18950900010532,10.324858999865683,41.23277300004702,0.304667822446109,1609,0,0,1339,0.993091859596714,0
24.67466,19,0,0,0,0.0,41.28287599996838,10.331965000204946,41.32495800013203,0.3044785877737822,1610,0,0,1340,0.9932369402985075,0
24.71595,19,0,0,0,0.0,41.22311199989781,10.334268999940832,41.27847799964002,0.30428958802966444,1611,0,0,1268,0.9932472397476341,0
24.75634,18,0,0,0,0.0,40.34370699991996,9.830062999753864,40.38019599965992,0.3055210918114144,1612,0,0,1268,0.9941344637223974,0
24.79758,18,0,0,0,0.0,41.19059300001027,9.705882000162092,41.23070000014195,0.3053316800991941,1613,0,0,1269,0.9942375886524822,0
24.86913,19,1,0,544,27.508355999998457,43.95734600029755,10.442124000292097,71.54209800000899,0.32397443422683103,1614,0,0,1305,0.9937739463601533,0
24.91,19,0,0,0,0.0,40.816468999764766,10.302074999799515,40.86087399991811,0.32377383086198464,1615,0,0,1307,0.9931618209640398,0
24.95179,19,0,0,0,0.0,41.742459000033705,10.59796900017318,41.7862829999649,0.3235734757686295,1616,0,0,1309,0.9925515660809778,0
24.99656,19,0,0,0,0.0,44.710643000144046,10.204111999883025,44.7615789998963,0.3233733684861504,1617,0,0,1312,0.991187118902439,0
25.06677,20,1,0,1448,27.881338000042888,42.22729999992225,11.173334999966755,70.19917299976441,0.31226823238566126,1618,0,0,1317,0.9924544419134397,0
25.108,19,0,0,0,0.0,41.18021099975522,10.145586999897205,41.22261599968624,0.3201456389584214,1619,0,0,1318,0.9926024279210925,0
25.14946,19,0,0,0,0.0,41.413680000005115,10.22318399964206,41.45566199986206,0.3199480181936323,1620,0,0,1318,0.9935034142640364,0
25.19068,19,0,0,0,0.0,41.16171900022891,10.20509599993602,41.20195099994817,0.3197506412545862,1621,0,0,1319,0.9936504927975739,0
25.23275,19,0,0,0,0.0,42.02981400021599,10.245127999951364,42.06913000007262,0.3195535076903109,1622,0,0,1319,0.9945507960576194,0
25.27347,19,0,0,0,0.0,40.67148599961001,10.280872999828716,40.715333000207465,0.3193566170509453,1623,0,0,1321,0.9939439818319455,0
25.31494,19,0,0,0,0.0,41.4157109998996,10.248674999729701,41.45668899991506,0.31915996888773657,1624,0,0,1322,0.9940903933434191,0
25.35636,19,0,0,0,0.0,41.36765499970352,10.308838000128162,41.4100339999095,0.3189635627530364,1625,0,0,1324,0.9934856495468278,0
25.39777,19,0,0,0,0.0,41.36083699995652,10.244603000046482,41.40021299963337,0.31876739820029776,1626,0,0,1326,0.992882730015083,0
25.43912,19,0,0,0,0.0,41.3088980003522,10.223989999758487,41.356400000040594,0.31857147478407144,1627,0,0,1327,0.9930293896006028,0
25.48063,19,0,0,0,0.0,41.45328000004156,10.195117999955983,41.49620900034279,0.31837579206000255,1628,0,0,1327,0.9939242652599849,0
25.52199,19,0,0,0,0.0,41.308833999664785,10.276544999669568,41.35234900013529,0.31818034958482766,1629,0,0,1328,0.9940700301204819,0
25.56343,19,0,0,0,0.0,41.36423599993577,10.340813999846432,41.42487599983724,0.3179851469163707,1630,0,0,1330,0.993468045112782,0
25.60454,19,0,0,0,0.0,41.05115599986675,10.4222730001311,41.10991399966224,0.3177901836135403,1631,0,0,1230,0.9922764227642277,0
25.64514,18,0,0,0,0.0,40.54933399993388,9.617511999749695,40.59310299999197,0.32405676704742126,1605,0,0,1231,0.9923842404549147,0
25.68603,18,0,0,0,0.0,40.836315999968065,9.634645000005548,40.87980999975116,0.32385498823854986,1606,0,0,1233,0.9916869424168694,0
25.72596,18,0,0,0,0.0,39.88320999997086,9.835877000114124,39.921431000038865,0.3236534605545184,1607,0,0,1233,0.9925993511759935,0
25.76583,18,0,0,0,0.0,39.81019499997274,9.497597000063251,39.8644020001484,0.3234521835268104,1608,0,0,1234,0.9927066450567261,0
25.80757,18,0,0,0,0.0,41.69678600010229,9.624709000036091,41.7378679999274,0.323251156688074,1609,0,0,1234,0.9936183144246353,0
25.84973,18,0,0,0,0.0,42.108154999823455,9.592349000286049,42.1485639999446,0.3230503795721187,1610,0,0,1235,0.9937246963562752,0
25.91953,19,1,0,1441,28.21860599988213,41.49695000023712,10.237350999886985,69.78994199971567,0.31141167630435496,1611,0,0,1326,0.994343891402715,0
25.96088,19,0,0,0,0.0,41.295637999610335,10.26986599981683,41.33809499990093,0.31121849288232994,1612,0,0,1328,0.9937405873493976,0
26.00653,19,0,0,0,0.0,45.60833499999717,10.27679100025125,45.64965800000209,0.3110255489933762,1613,0,0,1329,0.9938863807373965,0
26.04755,19,0,0,0,0.0,40.965632000279584,10.23290500006624,41.008314000009705,0.3108328441922651,1614,0,0,1331,0.9932851239669421,0
26.11792,20,1,0,854,28.750295999998343,41.531165999913355,10.65273199992589,70.35936500005846,0.3186687306501548,1615,0,0,1387,0.9925648882480173,0
26.16023,20,0,0,0,0.0,42.2561170003064,10.770841000066866,42.3087479998685,0.31847153465346534,1616,0,0,1319,0.9927028051554208,0
26.20213,19,0,0,0,0.0,41.85144500024762,10.451656999975967,41.88767099958568,0.31810044591999476,1617,0,0,1319,0.9936031084154663,0
26.24448,19,0,0,0,0.0,42.2955990002265,10.7365909998407,42.34017799990397,0.31790384490273893,1618,0,0,1320,0.99375,0
26.28579,19,0,0,0,0.0,41.25917000010304,10.266394000154833,41.30104099976961,0.3177074867527063,1619,0,0,1322,0.9931448562783661,0
26.32695,19,0,0,0,0.0,41.10804599986295,10.278776999712136,41.156052999667736,0.31751137102014293,1620,0,0,1324,0.9925415407854985,0
26.36774,19,0,0,0,0.0,40.741915999660705,10.160868999719241,40.785000000141736,0.3173154972564044,1621,0,0,1325,0.992688679245283,0
26.40958,19,0,0,0,0.0,41.79171900022993,10.148052999738866,41.834100000414765,0.31711986501395284,1622,0,0,1327,0.9920874152223059,0
26.45037,19,0,0,0,0.0,40.744180000274355,10.300850000021455,40.783986000406,0.31692447384635336,1623,0,0,1327,0.992982290881688,0
26.49169,19,0,0,0,0.0,41.25327500014464,10.239545999866095,41.310805000193795,0.31672932330827064,1624,0,0,1327,0.9938771665410701,0
26.53338,19,0,0,0,0.0,41.641913000148634,10.562788000243017,41.68357499975173,0.3165344129554656,1625,0,0,1328,0.9940229668674698,0
26.57528,19,0,0,0,0.0,41.82771700016019,10.297190000073897,41.87076200014417,0.3163397423447919,1626,0,0,1330,0.993421052631579,0
26.61692,19,0,0,0,0.0,41.58906900011061,10.38754399996833,41.63051400018958,0.31614531103419274,1627,0,0,1330,0.9943139097744361,0
26.65822,19,0,0,0,0.0,41.247444999953586,10.307799999736744,41.29108899996936,0.31595111858269753,1628,0,0,1332,0.9937124624624625,0
26.70032,19,0,0,0,0.0,42.052623000017775,10.323527999844373,42.09422700023424,0.31575716455041836,1629,0,0,1333,0.993857839459865,0
26.74181,19,0,0,0,0.0,41.44161000021995,10.284668000167585,41.49199699986639,0.315563448498547,1630,0,0,1335,0.9932584269662922,0
26.78464,19,0,0,0,0.0,42.76808399981746,10.387623000042367,42.810362999716745,0.3153699699893511,1631,0,0,1337,0.9926608077786089,0
26.82588,19,0,0,0,0.0,41.198166999947716,10.438600999805203,41.23641900014263,0.3151767285861713,1632,0,0,1338,0.9928064275037369,0
26.89438,20,1,0,786,26.97333100013566,41.44811900005152,11.016605999884632,68.4906910000791,0.3251684017146357,1633,0,0,1388,0.993335734870317,0
26.93636,20,0,0,0,0.0,41.913684999599354,11.36678499960908,41.957687999911286,0.32496940024479803,1634,0,0,1389,0.9935205183585313,0
27.00716,21,1,0,618,25.893775999975333,44.796885999858205,11.507351000091148,70.79362800004674,0.3389252948885977,1635,0,0,1333,0.9925450112528132,0
27.04869,20,0,0,0,0.0,41.467617000307655,10.526194000249234,41.51540800012299,0.3530256723716382,1636,0,0,1335,0.9919943820224719,0
27.09074,20,0,0,0,0.0,42.002032000254985,10.605197000131739,42.043531999752304,0.3528100183262065,1637,0,0,1336,0.9921875,0
27.13237,20,0,0,0,0.0,41.584755000258156,10.639139999966574,41.62741600021036,0.35259462759462756,1638,0,0,1337,0.9923803290949887,0
27.17307,20,0,0,0,0.0,40.63843799985989,10.562021999703575,40.692387000035524,0.352379499694936,1639,0,0,1337,0.9933152580403889,0
27.24362,21,1,0,636,27.22124399997483,43.24668300023404,11.724106000201573,70.53451400042832,0.3645470383275261,1640,0,0,1377,0.994281045751634,0
27.2865,21,0,0,0,0.0,42.829728000015166,11.668868000015209,42.87267800009431,0.3643248890049622,1641,0,0,1379,0.9937907904278462,0
27.32827,21,0,0,0,0.0,41.724587000317115,10.718982000071264,41.76953899968794,0.3641030102662258,1642,0,0,1381,0.9933019551049964,0
27.39968,22,1,0,949,27.436817999841878,43.85704700007409,11.76126700011082,71.38345200019103,0.3665412493775245,1643,0,0,1375,0.9938636363636364,0
27.46988,22,1,0,819,27.075255999989167,43.02968100000726,11.301551000087784,70.19071300010182,0.3728157487281575,1644,0,0,1430,0.9923951048951049,0
27.51306,22,0,0,0,0.0,43.12659200013513,11.36865599983139,43.16539000001285,0.3725891130146449,1645,0,0,1431,0.9926624737945493,0
27.5561,22,0,0,0,0.0,42.999665000024834,11.226021999846125,43.03995899999791,0.37236275267867003,1646,0,0,1432,0.992929469273743,0
27.60009,22,0,0,0,0.0,43.93611300019984,11.599048000334733,43.978651000088576,0.3721366672186345,1647,0,0,1435,0.9918118466898954,0
27.64337,22,0,0,0,0.0,43.23566800030676,11.37763900032951,43.27958400017451,0.3719108561341571,1648,0,0,1436,0.9920786908077994,0
27.68599,22,0,0,0,0.0,42.55174099989745,11.253411999859964,42.60530299961829,0.37168531892607093,1649,0,0,1436,0.9930362116991643,0
27.72886,22,0,0,0,0.0,42.82388000001447,11.236486000143486,42.87077599974509,0.3714600550964188,1650,0,0,1437,0.9933020180932498,0
27.77316,22,0,0,0,0.0,44.23903999986578,11.942888999783463,44.28593500006173,0.37123506414845,1651,0,0,1439,0.9928769979152189,0
27.89463,23,1,0,815,28.578503000062483,92.8061150002577,58.252810000340105,121.4660439995896,0.3769080955890094,1652,0,0,1492,0.9927111260053619,0
27.94016,23,0,0,0,0.0,45.48197699978118,13.17296700017323,45.52411599979678,0.37668008101212547,1653,0,0,1494,0.9923443775100401,0
27.98738,23,0,0,0,0.0,47.16619200007699,12.806361999992077,47.20967000002929,0.37645234214815204,1654,0,0,1496,0.9919786096256684,0
28.03667,23,0,0,0,0.0,49.20558300000266,13.969183999961388,49.26366000017879,0.37622487849730724,1655,0,0,1450,0.9933189655172414,0
28.08169,22,0,0,0,0.0,44.97239600004832,12.859362000199326,45.013641999958054,0.36745169082125606,1656,0,0,1450,0.9942672413793103,0
28.16106,23,1,0,1013,33.00836700009313,46.278695999717456,14.017736999903718,79.36593000022185,0.3681614232111464,1657,0,0,1517,0.9930372445616348,0
28.20694,23,0,0,0,0.0,45.82629900005486,13.640804000260687,45.872333999795956,0.3679393716893061,1658,0,0,1519,0.9926761026991442,0
28.25376,23,0,0,0,0.0,46.75716000019747,14.053330000024289,46.81158499988669,0.3677175878606809,1659,0,0,1468,0.9935286103542235,0
28.29854,22,0,0,0,0.0,44.737111999893386,13.287723999837908,44.77565300021524,0.36100766703176346,1660,0,0,1471,0.99243711760707,0
28.34327,22,0,0,0,0.0,44.66559899992717,12.695304999851942,44.72595699962767,0.360790323463412,1661,0,0,1411,0.9930014174344437,0
28.38856,21,0,0,0,0.0,45.2324069997303,12.99019899988707,45.27546600002097,0.3576872385536646,1662,0,0,1412,0.9932276912181303,0
28.43401,21,0,0,0,0.0,45.395912999993016,12.910784999803582,45.44304699993518,0.35747215302236346,1663,0,0,1414,0.9927510608203678,0
28.47791,21,0,0,0,0.0,43.85406600022179,12.622709999959625,43.89748599987797,0.35725732600732596,1664,0,0,1415,0.9929770318021202,0
28.52196,21,0,0,0,0.0,43.98438700036422,12.914269999782846,44.03503100002126,0.357042757042757,1665,0,0,1358,0.9942010309278351,0
28.56594,20,0,0,0,0.0,43.93301100026292,11.772189999646798,43.97748400015189,0.35168067226890753,1666,0,0,1359,0.9943892568064754,0
28.60932,20,0,0,0,0.0,43.32704399985232,11.936266999782674,43.37089199998445,0.35146970605878824,1667,0,0,1361,0.9938464364437913,0
28.6506,20,0,0,0,0.0,41.23097999990932,10.658988000159297,41.276220999861835,0.35125899280575534,1668,0,0,1364,0.9925769794721407,0
28.69209,20,0,0,0,0.0,41.430588999901374,10.631625999849348,41.47570800023459,0.3510485320551229,1669,0,0,1366,0.9920387994143485,0
28.73475,20,0,0,0,0.0,42.60756699977719,10.840213999927073,42.65037699997265,0.35083832335329346,1670,0,0,1367,0.9922275054864668,0
28.77797,20,0,0,0,0.0,43.17866000019421,10.92065900002126,43.21885099989231,0.35062836624775584,1671,0,0,1367,0.9931419166057059,0
28.8229,20,0,0,0,0.0,44.881853999868326,11.332681000112643,44.92376300004253,0.35041866028708135,1672,0,0,1367,0.9940563277249451,0
28.86518,20,0,0,0,0.0,42.23133699997561,10.771714000384236,42.274684000403795,0.35020920502092046,1673,0,0,1370,0.9927919708029197,0
28.90659,20,0,0,0,0.0,41.35281000026225,10.721814000135055,41.39519099999234,0.35,1674,0,0,1372,0.9922558309037901,0
28.94856,20,0,0,0,0.0,41.91142799982117,11.004903999946691,41.967816000124,0.34979104477611944,1675,0,0,1270,0.9933070866141732,0
28.99378,19,0,0,0,0.0,45.166880000124365,10.084343000016815,45.211701999960496,0.3661600301469664,1676,0,0,1272,0.9926788522012578,0
29.03606,19,0,0,0,0.0,42.229761999806215,10.213643000042794,42.27335399991716,0.3659416878511126,1677,0,0,1273,0.9928318931657502,0
29.07765,19,0,0,0,0.0,41.543540000020585,10.082783000143536,41.58428900018407,0.3657236057963741,1678,0,0,1273,0.9937647289866457,0
29.11799,19,0,0,0,0.0,40.29353500027355,10.036320999915915,40.332260000013775,0.3655057835177581,1679,0,0,1275,0.9931372549019608,0
29.15919,19,0,0,0,0.0,41.143481000290194,10.061015999781375,41.18992399980925,0.36528822055137844,1680,0,0,1276,0.9932895768025078,0
29.20128,19,0,0,0,0.0,42.047271999763325,10.163630000079138,42.09433200003332,0.3650709164344532,1681,0,0,1276,0.9942202194357367,0
29.24299,19,0,0,0,0.0,41.653018000033626,10.247918999993999,41.69816199964771,0.36485387070530073,1682,0,0,1277,0.9943715740015662,0
29.28414,19,0,0,0,0.0,41.099543000200356,10.014061000219954,41.1414660002265,0.36463708290333674,1683,0,0,1279,0.9937451133698202,0
29.32497,19,0,0,0,0.0,40.77876599967567,10.011958999712078,40.82007499982865,0.36442055256907113,1684,0,0,1282,0.9923459438377535,0
29.36544,19,0,0,0,0.0,40.41407500017158,9.999043000334495,40.45823600017684,0.36420427924410437,1685,0,0,1284,0.9917250778816199,0
29.40638,19,0,0,0,0.0,40.88979600010134,10.023144999649958,40.93721600020217,0.3639882624711245,1686,0,0,1285,0.9918774319066148,0
29.44694,19,0,0,0,0.0,40.49432300007538,10.393485999884433,40.53726599977381,0.36377250179390386,1687,0,0,1285,0.9928015564202335,0
29.4881,19,0,0,0,0.0,41.11701100009668,10.109680999903503,41.15528399961477,0.36355699675729614,1688,0,0,1285,0.9937256809338522,0
29.52918,19,0,0,0,0.0,41.027535000011994,10.030924999682611,41.06674700005897,0.36334174690723253,1689,0,0,1288,0.9923330745341615,0
29.56975,19,0,0,0,0.0,40.524665000248206,10.003653000239865,40.565038999829994,0.3631267517907194,1690,0,0,1289,0.9924844840961986,0
29.61165,19,0,0,0,0.0,41.85456899995188,10.078240999973787,41.89156200027355,0.36291201095583425,1691,0,0,1289,0.9934057408844065,0
29.65231,19,0,0,0,0.0,40.59927999969659,10.13170500027627,40.65631899993605,0.3626975239517233,1692,0,0,1200,0.9926041666666666,0
29.69188,18,0,0,0,0.0,39.525075999790715,9.4450860001416,39.56251299996438,0.37461442541182643,1693,0,0,1201,0.992714404662781,0
29.73158,18,0,0,0,0.0,39.6564650000073,9.39142900006118,39.69161200029703,0.37439328348419254,1694,0,0,1201,0.9936511240632806,0
29.7714,18,0,0,0,0.0,39.76996399978816,9.498414000063349,39.827799999784474,0.3741724024909866,1695,0,0,1203,0.9929343308395677,0
29.81469,18,0,0,0,0.0,43.221647000336816,9.745430999828386,43.26786399997218,0.37395178197064993,1696,0,0,1204,0.9930440199335548,0
29.85507,18,0,0,0,0.0,40.335685000172816,9.564907999902061,40.37434000019857,0.373731421462712,1697,0,0,1204,0.9939784053156147,0
29.89592,18,0,0,0,0.0,40.797383000153786,9.68808400011767,40.83827999966161,0.3735113205077869,1698,0,0,1205,0.9940871369294606,0
29.93736,18,0,0,0,0.0,41.40034800002468,9.627841000110493,41.44104100032564,0.3732914786475705,1699,0,0,1207,0.9933719966859983,0
29.97885,18,0,0,0,0.0,41.412345999560785,9.644666999975016,41.4842319996751,0.37307189542483665,1700,0,0,1126,0.9928396980461812,0
30.01999,17,0,0,0,0.0,41.083255000103236,9.899029999814957,41.125504999854456,0.3814365252273749,1701,0,0,1128,0.9920212765957447,0
30.05962,17,0,0,0,0.0,39.58796799997799,9.031539999796223,39.6286630002578,0.38121241446049625,1702,0,0,1129,0.9920837023914969,0
30.09892,17,0,0,0,0.0,39.25525900012872,9.02688299993315,39.29612100000668,0.38098856688888116,1703,0,0,1129,0.9930248007085917,0
30.13912,17,0,0,0,0.0,40.13947900011772,9.084299999813084,40.18715799975325,0.38076498204915765,1704,0,0,1129,0.9939658990256864,0
30.17915,17,0,0,0,0.0,39.98587500018402,9.168298000076902,40.02956400017865,0.38054165947904084,1705,0,0,1132,0.9922703180212014,0
30.21964,17,0,0,0,0.0,40.440389000195864,9.070443999917188,40.48175900015849,0.38031859871732987,1706,0,0,1133,0.9923323036187114,0
30.25975,17,0,0,0,0.0,40.061607000097865,9.136715000295226,40.09924399997544,0.38009579930390436,1707,0,0,1133,0.993270079435128,0
30.29969,17,0,0,0,0.0,39.893944000141346,9.098099999846454,39.93543700016744,0.3798732607797217,1708,0,0,1135,0.9924559471365639,0
30.33964,17,0,0,0,0.0,39.902415000142355,9.086288000162313,39.94432599984066,0.37965098268681374,1709,0,0,1136,0.9925176056338029,0
30.37919,17,0,0,0,0.0,39.49803199975577,9.074710000277264,39.53491600032066,0.37942896456828346,1710,0,0,1136,0.9934529049295775,0
30.41815,17,0,0,0,0.0,38.90299499971661,9.009854999931122,38.95475700028328,0.37920720596830204,1711,0,0,1066,0.9923194183864915,0
30.45771,16,0,0,0,0.0,39.511878000212164,8.539110000128858,39.55132600003708,0.3821188668224299,1712,0,0,1067,0.9923266166822868,0
30.49739,16,0,0,0,0.0,39.63717300030112,8.568863000164129,39.688507999926514,0.38189579684763575,1713,0,0,1067,0.993263823805061,0
30.53748,16,0,0,0,0.0,40.03394799974558,8.788254000137385,40.07174699972893,0.38167298716452747,1714,0,0,1067,0.9942010309278351,0
30.57724,16,0,0,0,0.0,39.70977099970696,8.61212500012698,39.74992200028282,0.3814504373177843,1715,0,0,1068,0.9942064606741573,0
30.61712,16,0,0,0,0.0,39.82973199981643,8.70476599993708,39.87778900000194,0.3812281468531469,1716,0,0,1070,0.9932827102803738,0
30.65678,16,0,0,0,0.0,39.60927799971614,8.656001999952423,39.6500299998479,0.38100611531741413,1717,0,0,1072,0.992362406716418,0
30.69627,16,0,0,0,0.0,39.445881999654375,8.59676700019918,39.48609100007161,0.38078434225844005,1718,0,0,1073,0.9923695246971109,0
30.73519,16,0,0,0,0.0,38.87354000016785,8.567434000269714,38.90964299989719,0.3805628272251309,1719,0,0,1073,0.9933014911463187,0
30.77564,16,0,0,0,0.0,40.408810999906564,8.542554000086966,40.446391999921616,0.3803415697674418,1720,0,0,1073,0.9942334575955266,0
30.81728,16,0,0,0,0.0,41.58670000015263,8.725767000214546,41.62915300003078,0.3801205694363742,1721,0,0,1076,0.9923907992565055,0
30.85787,16,0,0,0,0.0,40.547833000346145,8.861938000336522,40.58776699957889,0.3798998257839721,1722,0,0,1077,0.9923978644382544,0
30.89784,16,0,0,0,0.0,39.92842100024063,8.70645200029685,39.96351299974776,0.3796793383633198,1723,0,0,1077,0.9933263695450325,0
30.93781,16,0,0,0,0.0,39.9226629997429,8.643960999961564,39.963256000191905,0.37945910672853833,1724,0,0,1079,0.9924119555143651,0
30.97856,16,0,0,0,0.0,40.683786000045075,8.73269200019422,40.74146799985101,0.37923913043478263,1725,0,0,1012,0.992774209486166,0
31.01899,15,0,0,0,0.0,40.38540000010471,8.968187999926158,40.422438000405236,0.3791039011201236,1726,0,0,1012,0.9937005928853755,0
31.05773,15,0,0,0,0.0,38.69445000009364,8.152496999628056,38.739750999866374,0.37888438525381196,1727,0,0,1014,0.9926651873767258,0
31.09662,15,0,0,0,0.0,38.82767300001433,8.106604000204243,38.88146700001016,0.37866512345679015,1728,0,0,1015,0.9926108374384236,0
31.13614,15,0,0,0,0.0,39.47236600015458,8.307086999593594,39.51030799998989,0.3784461152882206,1729,0,0,1015,0.9935344827586207,0
31.17516,15,0,0,0,0.0,38.97998800039204,8.18645400022433,39.016723000258935,0.3782273603082852,1730,0,0,1015,0.9944581280788177,0
31.21451,15,0,0,0,0.0,39.26993899995068,8.209895999698347,39.323009999861824,0.3780088580781822,1731,0,0,1016,0.9944020669291339,0
31.25441,15,0,0,0,0.0,39.82623899992177,8.493670999996539,39.88748600022518,0.3777906081601232,1732,0,0,1018,0.9933693516699411,0
31.29348,15,0,0,0,0.0,39.01799599998412,8.222709999699873,39.059857000211196,0.37757261011733023,1733,0,0,1020,0.9923406862745098,0
31.33258,15,0,0,0,0.0,39.054547999967326,8.187824999822624,39.09477800016248,0.377354863514033,1734,0,0,1021,0.9922869735553379,0
31.37144,15,0,0,0,0.0,38.812438000149996,8.218686999953206,38.85586599972157,0.3771373679154659,1735,0,0,1021,0.9932051909892262,0
31.41043,15,0,0,0,0.0,38.94009199984794,8.255555000232562,38.97810800026491,0.3769201228878648,1736,0,0,1021,0.9941234084231146,0
31.44974,15,0,0,0,0.0,39.26216799982285,8.392925999942236,39.30080400004954,0.37670312799846484,1737,0,0,1024,0.99212646484375,0
31.48904,15,0,0,0,0.0,39.255717000287405,8.256139999957668,39.297306000207755,0.37648638281549673,1738,0,0,1025,0.9920731707317073,0
31.52833,15,0,0,0,0.0,39.2404180001904,8.250521000263689,39.27445999988777,0.37626988690818475,1739,0,0,1025,0.9929878048780488,0
31.56739,15,0,0,0,0.0,39.02005100007955,8.243599999786966,39.07497599993803,0.37605363984674334,1740,0,0,1026,0.9929337231968811,0
31.60642,15,0,0,0,0.0,38.95143999989159,8.165729999745963,39.004093000130524,0.37583764120237406,1741,0,0,1027,0.992879746835443,0
31.64512,15,0,0,0,0.0,38.653183999940666,8.162893000189797,38.69895900015763,0.3756218905472637,1742,0,0,1027,0.993792599805258,0
31.68354,15,0,0,0,0.0,38.364469000043755,8.273304999875108,38.40796299982685,0.3754063874545802,1743,0,0,1029,0.9927721088435374,0
31.72301,15,0,0,0,0.0,39.424029999736376,8.234849000018585,39.46243699965635,0.37519113149847094,1744,0,0,1030,0.9927184466019418,0
31.7628,15,0,0,0,0.0,39.7458639999968,8.523309000338486,39.78287000018099,0.3749761222540592,1745,0,0,1030,0.993628640776699,0
31.80335,15,0,0,0,0.0,40.5071609998231,8.523247999619343,40.545574000134366,0.3747613592974418,1746,0,0,1030,0.9945388349514563,0
31.84374,15,0,0,0,0.0,40.34828300018489,8.579466000355751,40.38694499968187,0.3745468422056859,1747,0,0,1031,0.9944835111542192,0
31.8829,15,0,0,0,0.0,39.11083100001633,8.272181999927852,39.15157200026442,0.3743325705568269,1748,0,0,1033,0.9934656340755083,0
31.92201,15,0,0,0,0.0,39.05643699999928,8.294233000015083,39.09554499978185,0.37411854392986466,1749,0,0,1035,0.9924516908212561,0
31.9613,15,0,0,0,0.0,39.23089299996718,8.264013999905728,39.29316599987942,0.37390476190476185,1750,0,0,959,0.9926355578727841,0
32.00197,14,0,0,0,0.0,40.62121000015395,7.74969299982331,40.65872199998921,0.3786815697152648,1751,0,0,959,0.9935479666319083,0
32.04115,14,0,0,0,0.0,39.123568999912095,7.710338999913802,39.17600399972798,0.3784654272667971,1752,0,0,849,0.9942579505300353,0
32.07747,13,0,0,0,0.0,36.27243799974167,6.796644000132801,36.30750699994678,0.3547061634018156,1610,0,0,852,0.9917106807511737,0
32.11359,13,0,0,0,0.0,36.077867999665614,6.721006000134366,36.11233400033598,0.35448598577090196,1611,0,0,853,0.9915005861664713,0
32.14972,13,0,0,0,0.0,36.09506300017529,6.743503000052442,36.124269000083586,0.3542660813132277,1612,0,0,853,0.9924531066822978,0
32.18596,13,0,0,0,0.0,36.206002999733755,6.739427000411524,36.23759600031917,0.35404644952072106,1613,0,0,854,0.9922423887587822,0
32.22258,13,0,0,0,0.0,36.57975500027533,6.7144730001018615,36.61082000007809,0.3538270898865694,1614,0,0,855,0.9920321637426901,0
32.25839,13,0,0,0,0.0,35.76795399976618,6.84979800007568,35.82154499963508,0.3536080019052156,1615,0,0,770,0.9926948051948052,0
32.29407,12,0,0,0,0.0,35.623723000298924,6.1103070001991,35.65774799972132,0.3693275577557755,1616,0,0,772,0.9910945595854922,0
32.33023,12,0,0,0,0.0,36.10687000036705,6.1943499999870255,36.154015000192885,0.3690991548134406,1617,0,0,672,0.9917224702380952,0
32.36523,11,0,0,0,0.0,34.954871999616444,5.576895000103832,34.98881599989545,0.40088774019552764,1618,0,0,672,0.9927455357142857,0
32.40054,11,0,0,0,0.0,35.27205099999264,5.637389000185067,35.305432000313886,0.40064012577910046,1619,0,0,672,0.9937686011904762,0
32.43526,11,0,0,0,0.0,34.68180999971082,5.552543999783666,34.71682100007456,0.4003928170594837,1620,0,0,673,0.9933135215453195,0
32.47033,11,0,0,0,0.0,35.007916999802546,5.545601999983774,35.05853200022102,0.4001458134709214,1621,0,0,616,0.9932021103896104,0
32.50489,10,0,0,0,0.0,34.522483000273496,5.180127000130597,34.55993199986551,0.39648581997533905,1622,0,0,617,0.9926053484602917,0
32.53927,10,0,0,0,0.0,34.31722899995293,5.272895999951288,34.364551000180654,0.39624152803450396,1623,0,0,572,0.9926791958041958,0
32.5739,9,0,0,0,0.0,34.5913749997635,4.812336000213691,34.62468399993668,0.37842090859332234,1624,0,0,572,0.9936625874125874,0
32.60883,9,0,0,0,0.0,34.888408000369964,4.8367970002800575,34.92780099986703,0.37818803418803415,1625,0,0,572,0.9946459790209791,0
32.6438,9,0,0,0,0.0,34.919931999866094,4.852288000165572,34.95960700001888,0.37795544622112887,1626,0,0,575,0.9904347826086957,0
32.67857,9,0,0,0,0.0,34.73155600022437,4.810057999748096,34.764995999921666,0.3777231441644472,1627,0,0,575,0.9914130434782609,0
32.71417,9,0,0,0,0.0,35.54088900000352,4.811986999811779,35.5901980001363,0.37749112749112745,1628,0,0,527,0.9916982922201139,0
32.74865,8,0,0,0,0.0,34.44448399977773,4.448061999937636,34.47697399997196,0.3583486801718846,1629,0,0,527,0.9926470588235294,0
32.78361,8,0,0,0,0.0,34.913619000235485,4.467732999728469,34.94860000000699,0.3581288343558282,1630,0,0,528,0.9917140151515151,0
32.81855,8,0,0,0,0.0,34.899121999842464,4.5050869998704,34.933381999962876,0.35790925812385044,1631,0,0,528,0.9926609848484849,0
32.85244,8,0,0,0,0.0,33.85121999963303,4.686423999828548,33.88294299975314,0.35768995098039214,1632,0,0,529,0.9917296786389413,0
32.88608,8,0,0,0,0.0,33.60402000043905,4.361481999694661,33.635834000051545,0.3574709124311084,1633,0,0,529,0.9926748582230623,0
32.92022,8,0,0,0,0.0,34.101579999969545,4.4243279999136575,34.13797400025942,0.35725214198286415,1634,0,0,529,0.9936200378071833,0
32.95451,8,0,0,0,0.0,34.247427999616775,4.6580430002904905,34.281331000329374,0.3570336391437309,1635,0,0,529,0.9945652173913043,0
32.99172,8,0,0,0,0.0,37.15455400015344,4.6554919999834965,37.2017469999264,0.3568154034229829,1636,0,0,473,0.9961680761099366,0
33.02544,7,0,0,0,0.0,33.68035899984534,4.027556999972148,33.71372199990219,0.34208918753817963,1637,0,0,474,0.9949894514767933,0
33.05884,7,0,0,0,0.0,33.3482279997952,3.976908999902662,33.39549200018155,0.3418803418803419,1638,0,0,407,0.9927825552825553,0
33.091,6,0,0,0,0.0,32.11983299979693,3.4953619997395435,32.155462999980955,0.34258694325808414,1639,0,0,407,0.9937039312039312,0
33.12506,6,0,0,0,0.0,34.01576499982184,3.5174939998796617,34.045430999867676,0.34237804878048783,1640,0,0,407,0.9946253071253072,0
33.15877,6,0,0,0,0.0,33.670968000024004,3.5608009998213674,33.70324100023936,0.34216940889701397,1641,0,0,407,0.995546683046683,0
33.19174,6,0,0,0,0.0,32.9277490000095,3.4693910001806216,32.963837000352214,0.3419610231425091,1642,0,0,410,0.9891768292682926,0
33.22519,6,0,0,0,0.0,33.41067800010933,3.4922059999189514,33.438390999890544,0.3417528910529519,1643,0,0,410,0.9900914634146342,0
33.25885,6,0,0,0,0.0,33.62805500000832,3.5354499996174127,33.660922999843024,0.3415450121654501,1644,0,0,410,0.9910060975609756,0
33.29142,6,0,0,0,0.0,32.51347400009763,3.509242000291124,32.55840099973284,0.34133738601823704,1645,0,0,410,0.9919207317073171,0
33.32416,6,0,0,0,0.0,32.703310000215424,3.4830459999284358,32.73226900000736,0.3411300121506683,1646,0,0,410,0.9928353658536585,0
33.35634,6,0,0,0,0.0,32.1396320000531,3.519660999700136,32.172011000056955,0.34092289010321797,1647,0,0,410,0.99375,0
33.38965,6,0,0,0,0.0,33.26913000000786,3.5389630002100603,33.30404799999087,0.34071601941747576,1648,0,0,411,0.9922445255474452,0
33.42196,6,0,0,0,0.0,32.272470999942016,3.4758169999804522,32.30233499971291,0.34050939963614313,1649,0,0,411,0.9931569343065694,0
33.45438,6,0,0,0,0.0,32.38386900011392,3.5590349998528836,32.4113850001595,0.34030303030303033,1650,0,0,411,0.9940693430656934,0
33.48661,6,0,0,0,0.0,32.18814199999542,3.4761310002977552,32.228523999947356,0.3400969109630527,1651,0,0,411,0.9949817518248175,0
33.51898,6,0,0,0,0.0,32.334131999959936,3.446974999860686,32.361983000100736,0.33989104116222757,1652,0,0,411,0.9958941605839416,0
33.55124,6,0,0,0,0.0,32.22385300023234,3.460489999724814,32.252048999907856,0.3396854204476709,1653,0,0,412,0.9943871359223301,0
33.58351,6,0,0,0,0.0,32.23194700012755,3.469546000360424,32.26476400004685,0.3394800483675937,1654,0,0,413,0.9928874092009685,0
33.61596,6,0,0,0,0.0,32.41145299989512,3.490816000066843,32.44470299978275,0.33927492447129914,1655,0,0,413,0.9937953995157385,0
33.64969,6,0,0,0,0.0,33.69006200000513,3.588942000078532,33.72587600006227,0.33907004830917875,1656,0,0,413,0.9947033898305084,0
33.68333,6,0,0,0,0.0,33.59614700002567,3.602996999688912,33.63354600014645,0.33886541943270976,1657,0,0,413,0.9956113801452785,0
33.71697,6,0,0,0,0.0,33.592319000035786,3.566367000075843,33.62834900008238,0.3386610373944512,1658,0,0,416,0.9893329326923077,0
33.74972,6,0,0,0,0.0,32.71438199999466,3.5436489997664467,32.74277100035761,0.338456901748041,1659,0,0,416,0.990234375,0
33.78247,6,0,0,0,0.0,32.710839999708696,3.5065259999100817,32.74388899990299,0.3382530120481928,1660,0,0,416,0.9911358173076923,0
33.8169,6,0,0,0,0.0,34.38492399982351,3.5284430000501743,34.42549900000813,0.3380493678506924,1661,0,0,416,0.9920372596153846,0
33.85108,6,0,0,0,0.0,34.13807600009022,3.726543000084348,34.17021399991427,0.3378459687123947,1662,0,0,416,0.9929387019230769,0
33.88347,6,0,0,0,0.0,32.35017599990897,3.5791940003946365,32.38353999995525,0.33764281419122066,1663,0,0,416,0.9938401442307693,0
33.91636,6,0,0,0,0.0,32.84781700040185,3.523909000250569,32.88352599975042,0.33743990384615385,1664,0,0,417,0.9923561151079137,0
33.94961,6,0,0,0,0.0,33.21093299973654,3.5635109998111147,33.24302800001533,0.3372372372372372,1665,0,0,417,0.9932553956834532,0
33.98415,6,0,0,0,0.0,34.49897800010149,3.5468010000840877,34.54279800007498,0.3370348139255702,1666,0,0,417,0.9941546762589928,0
34.01943,6,0,0,0,0.0,35.22585800010347,3.9590269998370786,35.263648000182,0.3368326334733054,1667,0,0,417,0.9950539568345323,0
34.05351,6,0,0,0,0.0,34.03677200003585,3.6096740000175487,34.066905999679875,0.3366306954436451,1668,0,0,417,0.9959532374100719,0
34.08721,6,0,0,0,0.0,33.66330200015,3.6076609999327047,33.69988599979479,0.3364289994008388,1669,0,0,418,0.9944677033492823,0
34.12048,6,0,0,0,0.0,33.21784800027672,3.600141999868356,33.25427799973113,0.3362275449101796,1670,0,0,419,0.9929892601431981,0
34.15301,6,0,0,0,0.0,32.49140200023248,3.578984999876411,32.52347399984501,0.3360263315380012,1671,0,0,419,0.9938842482100239,0
34.1862,6,0,0,0,0.0,33.15203099964492,3.611955999986094,33.18475900005069,0.33582535885167464,1672,0,0,419,0.9947792362768496,0
34.21931,6,0,0,0,0.0,33.07038000002649,3.5802929996862076,33.10469500002,0.33562462641960555,1673,0,0,419,0.9956742243436754,0
34.25358,6,0,0,0,0.0,34.22113399983573,3.8908579999770154,34.2619759999252,0.3354241338112306,1674,0,0,422,0.9894845971563981,0
34.28709,6,0,0,0,0.0,33.47167399988393,3.629824000199733,33.50631900002554,0.3352238805970149,1675,0,0,422,0.9903732227488151,0
34.32064,6,0,0,0,0.0,33.49790500033123,3.6345759999676375,33.52893999999651,0.3350238663484487,1676,0,0,422,0.9912618483412322,0
34.35383,6,0,0,0,0.0,33.1554800000049,3.6124690000178816,33.18903899980796,0.3348240906380441,1677,0,0,422,0.9921504739336493,0
34.38673,6,0,0,0,0.0,32.860089000223525,3.616167000018322,32.89241700031198,0.3346245530393326,1678,0,0,422,0.9930390995260664,0
34.41893,6,0,0,0,0.0,32.15770699989662,3.584370999760722,32.19101800004864,0.3344252531268612,1679,0,0,422,0.9939277251184834,0
34.45294,6,0,0,0,0.0,33.96623999969961,3.6107900000388327,34.000305000063236,0.3342261904761905,1680,0,0,423,0.9924645390070922,0
34.48671,6,0,0,0,0.0,33.73576900003172,3.634403999967617,33.768968999993376,0.3340273646638905,1681,0,0,423,0.9933510638297872,0
34.51978,6,0,0,0,0.0,33.025996000105806,3.5844120002366253,33.06023200002528,0.3338287752675386,1682,0,0,423,0.9942375886524822,0
34.55283,6,0,0,0,0.0,33.01383500001975,3.6050349999641185,33.043183000245335,0.333630421865716,1683,0,0,423,0.9951241134751773,0
34.58549,6,0,0,0,0.0,32.61094899971795,3.5735199999180622,32.64844899968011,0.3334323040380047,1684,0,0,423,0.9960106382978723,0
34.61818,6,0,0,0,0.0,32.6543659998606,3.555396000137989,32.68813799968484,0.33323442136498516,1685,0,0,424,0.9945459905660378,0
34.65123,6,0,0,0,0.0,33.00626600002943,3.599177000069176,33.03951199995936,0.33303677342823246,1686,0,0,425,0.9930882352941176,0
34.68385,6,0,0,0,0.0,32.575054000062664,3.5851150000780763,32.62276900022698,0.3328393598103142,1687,0,0,425,0.9939705882352942,0
34.71719,6,0,0,0,0.0,33.261667000260786,3.681529000004957,33.299915000043256,0.33264218009478674,1688,0,0,425,0.9948529411764706,0
34.75046,6,0,0,0,0.0,33.22046700031933,3.649931999916589,33.25134999977308,0.33244523386619307,1689,0,0,425,0.995735294117647,0
34.78334,6,0,0,0,0.0,32.81950000018696,3.582691000246996,32.87565700020423,0.33224852071005917,1690,0,0,247,0.9858299595141701,0
34.81452,4,0,0,0,0.0,31.151901000157523,2.109286000177235,31.181238000044686,0.09226467847157505,1073,0,0,247,0.9868421052631579,0
34.84638,4,0,0,0,0.0,31.82240099977207,2.0907849998366146,31.852508999691054,0.09217877094972071,1074,0,0,247,0.9878542510121457,0
34.87816,4,0,0,0,0.0,31.71042599979046,2.1236769998722593,31.754722999721707,0.09209302325581392,1075,0,0,195,0.9897435897435898,0
34.90888,3,0,0,0,0.0,30.689279999933206,1.719894999951066,30.71913100029633,0.043370508054522916,1076,0,0,195,0.9907051282051282,0
34.93981,3,0,0,0,0.0,30.88688000025286,1.6695110002729052,30.913915000382985,0.043330238316310776,1077,0,0,195,0.9916666666666667,0
34.97064,3,0,0,0,0.0,30.803827999989153,1.6872619999048766,30.83550999963336,0.04329004329004327,1078,0,0,195,0.9926282051282052,0
35.00357,3,0,0,0,0.0,32.88460199973997,1.7822569998315885,32.9167680001774,0.04324992276799511,1079,0,0,195,0.9935897435897436,0
35.03493,3,0,0,0,0.0,31.327145999966888,1.7090810001718637,31.35476999977982,0.043209876543209846,1080,0,0,195,0.9945512820512821,0
35.06607,3,0,0,0,0.0,31.10004099971775,1.7377039998791588,31.13044500014439,0.04316990440949742,1081,0,0,195,0.9955128205128205,0
35.09746,3,0,0,0,0.0,31.355317999896215,1.7268079996028973,31.38648899994223,0.04313000616142948,1082,0,0,195,0.996474358974359,0
35.12851,3,0,0,0,0.0,31.01076299981287,1.7122579997703724,31.03999399991153,0.04309018159433675,1083,0,0,195,0.9974358974358974,0
35.15981,3,0,0,0,0.0,31.267792000107875,1.791217999652872,31.300966000344488,0.043050430504305015,1084,0,0,196,0.9933035714285714,0
35.19125,3,0,0,0,0.0,31.39883199992255,1.7212329998983478,31.430310000359896,0.043010752688172005,1085,0,0,196,0.9942602040816326,0
35.22263,3,0,0,0,0.0,31.3464819996625,1.7303649997302273,31.375765000120737,0.042971147943523635,1086,0,0,196,0.9952168367346939,0
35.25369,3,0,0,0,0.0,31.01812599970799,1.7433969997000531,31.046541000250727,0.04293161606869056,1087,0,0,196,0.9961734693877551,0
35.28507,3,0,0,0,0.0,31.344827000339137,1.7568399998708628,31.3796310001635,0.04289215686274506,1088,0,0,198,0.9870580808080808,0
35.31615,3,0,0,0,0.0,31.03566800018598,1.7301930001849541,31.065465999745356,0.042852770125497375,1089,0,0,198,0.9880050505050505,0
35.34716,3,0,0,0,0.0,30.976931999703083,1.744137000059709,31.003335999685078,0.042813455657492394,1090,0,0,198,0.9889520202020202,0
35.37837,3,0,0,0,0.0,31.179734000033932,1.740904000143928,31.21000900000581,0.04277421326000608,1091,0,0,198,0.98989898989899,0
35.40983,3,0,0,0,0.0,31.405570000060834,1.7316849998678663,31.45032300017192,0.042735042735042694,1092,0,0,198,0.9908459595959596,0
35.44151,3,0,0,0,0.0,31.646065000131784,1.7399100001966872,31.67255300013494,0.042695943885330934,1093,0,0,198,0.9917929292929293,0
35.47286,3,0,0,0,0.0,31.309875000260945,1.7548830001032911,31.34882899985314,0.042656916514320575,1094,0,0,198,0.992739898989899,0
35.50359,3,0,0,0,0.0,30.68383800018637,1.7483139999967534,30.71429099964007,0.0426179604261796,1095,0,0,198,0.9936868686868687,0
35.53517,3,0,0,0,0.0,31.54646299981323,1.7556579996380606,31.573916000070312,0.04257907542579076,1096,0,0,198,0.9946338383838383,0
35.56664,3,0,0,0,0.0,31.439388999842777,1.784107999810658,31.468545000279846,0.04254026131874811,1097,0,0,198,0.9955808080808081,0
35.59787,3,0,0,0,0.0,31.17989500015028,1.7574349999449623,31.217782000112493,0.042501517911353925,1098,0,0,198,0.9965277777777778,0
35.6291,3,0,0,0,0.0,31.17886299969541,1.7498749998594576,31.22295999992275,0.0424628450106157,1099,0,0,129,0.998062015503876,0
35.66066,2,0,0,0,0.0,31.52563799994823,1.3251860000309534,31.560644999899523,0.00579150579150578,1036,0,0,130,0.9913461538461539,0
35.69156,2,0,0,0,0.0,30.859875999794895,1.3158329998077534,30.88986400007343,0.005785920925747368,1037,0,0,130,0.9923076923076923,0
35.72237,2,0,0,0,0.0,30.76583699976254,1.3114230000610405,30.801828000221576,0.005780346820809301,1038,0,0,130,0.9932692307692308,0
35.7529,2,0,0,0,0.0,30.470410999896558,1.340477999747236,30.515873999775067,0.005774783445620768,1039,0,0,130,0.9942307692307693,0
35.78391,2,0,0,0,0.0,30.97498999977688,1.3279340000735829,31.008789999759756,0.005769230769230749,1040,0,0,131,0.9875954198473282,0
35.81495,2,0,0,0,0.0,31.000760000097216,1.3164939996386238,31.030185999952664,0.0057636887608069065,1041,0,0,131,0.9885496183206107,0
35.84604,2,0,0,0,0.0,31.060637999871687,1.3122479999765346,31.088434000139387,0.0057581573896353655,1042,0,0,131,0.9895038167938931,0
35.87721,2,0,0,0,0.0,31.129343999964476,1.3277520001793164,31.157711000105337,0.005752636625119822,1043,0,0,131,0.9904580152671756,0
35.90809,2,0,0,0,0.0,30.83959400009917,1.3207489996602817,30.868405000092025,0.005747126436781658,1044,0,0,131,0.9914122137404581,0
35.93884,2,0,0,0,0.0,30.71367399979863,1.3129630001458281,30.740427999717213,0.005741626794258381,1045,0,0,131,0.9923664122137404,0
35.96929,2,0,0,0,0.0,30.40854799974113,1.2929439999425085,30.44842500003142,0.005736137667303964,1046,0,0,131,0.9933206106870229,0
36.00204,2,0,0,0,0.0,32.70407600030012,1.3394940001489886,32.74639799974466,0.005730659025787954,1047,0,0,65,0.9961538461538462,0
36.02777,1,0,0,0,0.0,25.69558599998345,0.9636820000196167,25.722279000092385,0.0,1036,0,0,65,0.9971153846153846,0
36.05374,1,0,0,0,0.0,25.920270000369783,0.9937429999808955,25.958676999835006,0.0,1037,0,0,0,0.0,0
