t_s,batch,n_prefill,prefilling,prefill_tokens,prefill_ms,decode_ms,gather_ms,iteration_ms,padding_waste,context_max,waiting,preempted,kv_blocks_used,kv_slot_utilization,wasted_decode_tokens
0.02842,0,1,1,256,28.33838000015021,0.0,0.0,28.402086999903986,0.0,0,0,0,90,0.17777777777777778,0
0.05824,0,0,1,256,29.78265299998384,0.0,0.0,29.813174000082654,0.0,0,0,0,90,0.35555555555555557,0
0.08891,0,0,1,256,30.63530899999023,0.0,0.0,30.665596000289952,0.0,0,0,0,90,0.5333333333333333,0
0.11916,0,0,1,256,30.209381000076974,0.0,0.0,30.240803999731725,0.0,0,0,0,90,0.7111111111111111,0
0.15038,0,0,1,256,31.176106000202708,0.0,0.0,31.204536999666743,0.0,0,0,0,90,0.8888888888888888,0
0.21095,1,0,0,144,34.9031539999487,25.634954999986803,1.6342330000043148,60.56767599966406,0.0,1424,0,0,90,0.9895833333333334,0
0.23596,1,0,0,0,0.00033100013752118684,24.978258999908576,1.039903999753733,25.006738000229234,0.0,1425,0,0,90,0.9902777777777778,0
0.26106,1,0,0,0,0.0005619999683403876,25.058142000034422,1.047010000092996,25.085340999794425,0.0,1426,0,0,90,0.9909722222222223,0
0.29036,1,0,0,0,0.00028100021154386923,29.268768000292766,1.020914999571687,29.297586000211595,0.0,1427,0,0,90,0.9916666666666667,0
0.31532,1,0,0,0,0.00030799992600805126,24.920760999975755,1.0418090000712255,24.957438000001275,0.0,1428,0,0,90,0.9923611111111111,0
0.3407,1,0,0,0,0.0002860001586668659,25.341798000226845,1.0398090003036486,25.368662999881053,0.0,1429,0,0,90,0.9930555555555556,0
0.36953,1,0,0,0,0.0003469999683147762,28.79341600009866,1.0252379997837124,28.81885000033435,0.0,1430,0,0,90,0.99375,0
0.39497,1,0,0,0,0.000285999703919515,25.41013700010808,1.0623289999784902,25.438578999910533,0.0,1431,0,0,90,0.9944444444444445,0
0.41996,1,0,0,0,0.000256000021181535,24.954547999641363,1.0356110001339403,24.98386399975061,0.0,1432,0,0,90,0.9951388888888889,0
0.44502,1,0,0,0,0.0006099999154685065,25.01905299959617,1.0475660001247888,25.046767000276304,0.0,1433,0,0,90,0.9958333333333333,0
0.47041,1,0,0,0,0.0006390000635292381,25.359532000038598,1.0403179999229906,25.386180999703356,0.0,1434,0,0,90,0.9965277777777778,0
0.49674,1,0,0,0,0.0002680003490240779,26.289994999842747,1.0456499999236257,26.318901000195183,0.0,1435,0,0,90,0.9972222222222222,0
0.52228,1,0,0,0,0.0002920000952144619,25.509589000193955,1.065169999947102,25.538598999901296,0.0,1436,0,0,90,0.9979166666666667,0
0.57424,1,1,1,256,26.228580999941187,25.665622999895277,1.0568709999461134,51.94667499972638,0.0,1437,2,0,144,0.7352430555555556,0
0.63012,1,2,3,256,29.74783599984221,26.067254000281537,1.0336870000173803,55.87536099983481,0.0,1438,0,0,257,0.47446498054474706,0
0.68485,1,0,3,256,28.84767199975613,25.838237999778357,1.0170610003115144,54.71936599997207,0.0,1439,0,0,257,0.5369649805447471,0
0.7746,2,0,2,256,57.132093000291206,32.56196199981787,2.8090609998798755,89.74258800026291,0.20416666666666672,1440,0,0,258,0.5973837209302325,0
0.83496,2,0,2,256,29.619696000281692,30.707059999713238,1.4170350000313192,60.35969699996713,0.20402498265093683,1441,0,0,258,0.6598837209302325,0
0.89572,2,1,3,256,29.867261000163126,30.826913000055356,1.3971280000077968,60.74755100007678,0.2038834951456311,1442,0,0,316,0.5897943037974683,0
0.95658,2,0,3,256,29.778367999824695,31.03000900000552,1.9088099998043617,60.857830999793805,0.20374220374220375,1443,0,0,316,0.6408227848101266,0
1.01834,2,0,3,256,30.373044000043592,31.33971399984148,1.4089289998082677,61.747790000026725,0.20360110803324105,1444,0,0,316,0.6918512658227848,0
1.10214,3,0,2,256,52.42201800001567,31.33776200002103,2.2988620003161486,83.79004499965959,0.19284890426758938,1445,0,0,316,0.7430775316455697,0
1.16176,3,0,2,256,28.814417999910802,30.773264999879757,1.9193719999748282,59.61826800012204,0.19271553711387734,1446,0,0,316,0.7943037974683544,0
1.24806,4,0,1,256,55.42506700021477,30.828837999706593,2.589346000149817,86.2895719997141,0.29094678645473393,1447,0,0,316,0.8457278481012658,0
1.30806,4,0,1,256,28.37273900013315,31.582004000028974,2.2309700002551835,59.99241799963784,0.2907458563535912,1448,0,0,317,0.8943217665615142,0
1.37153,4,0,1,256,28.845762999935687,34.58969400026035,2.325399999790534,63.46794899991437,0.29054520358868186,1449,0,0,317,0.945583596214511,0
1.43377,5,0,0,235,30.152615999668342,32.043220000105066,3.0982430002950423,62.2299159999784,0.3060689655172414,1450,0,0,317,0.9929022082018928,0
1.46636,5,0,0,0,0.0005799997779831756,32.551234000038676,2.8447780000533385,32.58286500022223,0.3058580289455548,1451,0,0,317,0.9938880126182965,0
1.49872,5,0,0,0,0.00024900009520933963,32.31609400017987,2.697807999993529,32.35024200012049,0.3056473829201102,1452,0,0,318,0.9917452830188679,0
1.53135,5,0,0,0,0.00038700000004610047,32.59425900023416,3.0803310000919737,32.625657000153296,0.3054370268410186,1453,0,0,318,0.9927279874213837,0
1.56414,5,0,0,0,0.0003149998519802466,32.748029999766004,2.758679999715241,32.781813999918086,0.30522696011004125,1454,0,0,318,0.9937106918238994,0
1.59511,5,0,0,0,0.0005659999260387849,30.93548499964527,2.717624000069918,30.963589000293723,0.30501718213058415,1455,0,0,318,0.9946933962264151,0
1.62859,5,0,0,0,0.0003069999365834519,33.426897000026656,2.6715009998952155,33.476960999905714,0.30480769230769234,1456,0,0,320,0.989453125,0
1.68652,5,1,1,256,25.267710000207444,32.59197099987432,2.74115799993524,57.91766500033191,0.30459849004804396,1457,0,0,376,0.8854720744680851,0
1.74743,5,0,1,256,29.054921000351897,31.814950999887515,2.7177909996680683,60.907326999767974,0.3043895747599451,1458,0,0,376,0.9288563829787234,0
1.80837,5,0,1,256,29.03329999980997,31.8640300001789,2.748334999978397,60.93812000017351,0.3041809458533242,1459,0,0,376,0.9722406914893617,0
1.86954,6,0,0,123,29.284514000210038,31.834069000069576,3.5048230001848424,61.153368999839586,0.31826484018264845,1460,0,0,376,0.9936835106382979,0
1.90191,6,0,0,0,0.0002800002221192699,32.33412000008684,3.3121020001090073,32.36677899985807,0.3180469997718458,1461,0,0,376,0.9946808510638298,0
1.93374,6,0,0,0,0.0002660003701748792,31.787602999884257,3.1896070004222565,31.819690999782324,0.3178294573643411,1462,0,0,376,0.9956781914893617,0
1.9649,6,0,0,0,0.00029900002118665725,31.12130800036539,3.1751910000821226,31.155353000031027,0.31761221234905446,1463,0,0,377,0.9940318302387268,0
2.02256,6,1,1,256,25.440070000058768,32.14380700001129,3.180219000114448,57.66954899991106,0.3173952641165756,1464,0,0,414,0.9447463768115942,0
2.08408,6,0,1,256,28.836640999998053,32.61328799999319,3.218695000214211,61.4928059999329,0.3171786120591581,1465,0,0,415,0.9819277108433735,0
2.14727,7,0,0,52,29.651569000179734,33.4948270001405,3.924596000160818,63.18441099983829,0.35957902942896125,1466,0,0,415,0.9908132530120481,0
2.18104,7,0,0,0,0.0003639997885329649,33.733096000105434,3.5591579999163514,33.761221999611735,0.3593339176161262,1467,0,0,415,0.9918674698795181,0
2.21336,7,0,0,0,0.0002849997144949157,32.27984800014383,3.499271999771736,32.31659100038087,0.35908913974309065,1468,0,0,416,0.9905348557692307,0
2.2461,7,0,0,0,0.00033400010579498485,32.69999900021503,3.561746000286803,32.73413900024025,0.358844695127881,1469,0,0,416,0.9915865384615384,0
2.27841,7,0,0,0,0.0005819997568323743,32.26811300010013,3.5821329997816065,32.298907000040344,0.358600583090379,1470,0,0,416,0.9926382211538461,0
2.31052,7,0,0,0,0.0002720003067224752,32.07085599979109,3.5318330001246068,32.10353800022858,0.3583568029523162,1471,0,0,416,0.9936899038461539,0
2.34271,7,0,0,0,0.00027900023269467056,32.13823299984142,3.5115539999424072,32.179740000174206,0.3581133540372671,1472,0,0,418,0.989982057416268,0
2.40326,7,1,1,256,28.184424999835755,32.299293000050966,3.5901940000258037,60.538505999829795,0.357870235670643,1473,0,0,486,0.8852880658436214,0
2.46314,7,0,1,256,28.263128999697074,31.58840699961729,3.4846779999497812,59.88222400037557,0.357627447179686,1474,0,0,486,0.9191100823045267,0
2.52287,7,0,1,256,28.05164399978821,31.638337000003958,3.468493000127637,59.71931300018696,0.3573849878934625,1475,0,0,486,0.9529320987654321,0
2.58315,7,0,1,256,28.187903999878472,32.04856899992592,3.4891700001935533,60.26960899998812,0.3571428571428571,1476,0,0,486,0.9867541152263375,0
2.64892,8,0,0,61,30.944624000312615,34.77408100025059,4.579063000164751,65.76720100019884,0.3454637779282329,1477,0,0,486,0.9956275720164609,0
2.6833,8,0,0,0,0.0003320001269457862,34.33267399987017,4.614583000147832,34.36793499986379,0.3452300405953992,1478,0,0,487,0.9946098562628337,0
2.71606,8,0,0,0,0.00031399986255564727,32.71980099998473,4.182174000106897,32.76679700002205,0.3449966193373901,1479,0,0,488,0.9935963114754098,0
2.7492,8,0,0,0,0.0003909999577444978,33.08697700003904,4.074192000189214,33.12529899994843,0.34476351351351353,1480,0,0,490,0.9905612244897959,0
2.78248,8,0,0,0,0.00028399972507031634,33.23215600039475,4.0704419998292,33.26719599999706,0.34453072248480754,1481,0,0,491,0.9895621181262729,0
2.81581,8,0,0,0,0.0006370000846800394,33.29086100029599,4.065367000293918,33.32815999965533,0.3442982456140351,1482,0,0,491,0.9905804480651731,0
2.84961,8,0,0,0,0.0002980000317620579,33.752007000202866,4.090624000127718,33.790991000387294,0.3440660822656777,1483,0,0,491,0.9915987780040734,0
2.88308,8,0,0,0,0.00038400003177230246,33.41466500023671,4.05182100030288,33.458159000019805,0.34383423180592987,1484,0,0,492,0.990599593495935,0
2.91604,8,0,0,0,0.0003029999788850546,32.925063999755366,4.132482999921194,32.956380999621615,0.3436026936026936,1485,0,0,492,0.9916158536585366,0
2.94874,8,0,0,0,0.00029900002118665725,32.661816000199906,4.026770000109536,32.70130100008828,0.343371467025572,1486,0,0,492,0.9926321138211383,0
2.98166,8,0,0,0,0.0006000000212225132,32.87442800001372,4.080768000221724,32.909912999912194,0.3431405514458642,1487,0,0,492,0.9936483739837398,0
3.01556,8,0,0,0,0.00031400031730299816,33.85723900009907,4.0921109998635075,33.9122230002431,0.3429099462365591,1488,0,0,494,0.9906376518218624,0
3.0519,8,0,0,0,0.0005669999154633842,36.27840899980583,4.165930999988632,36.316810000244004,0.3426796507723304,1489,0,0,494,0.9916497975708503,0
3.08806,8,0,0,0,0.0004120001904084347,36.11625500025184,4.590652000388218,36.15210299994942,0.3424496644295302,1490,0,0,494,0.992661943319838,0
3.12268,8,0,0,0,0.0005639999471895862,34.573855999951775,4.19391400009772,34.61080699980812,0.3422199865861838,1491,0,0,494,0.9936740890688259,0
3.15648,8,0,0,0,0.0003150003067275975,33.76008599980196,4.115542000363348,33.791531000133546,0.34199061662198393,1492,0,0,494,0.9946862348178138,0
3.19088,8,0,0,0,0.00032000025385059416,34.36019099990517,4.177839000021777,34.391504999803146,0.34176155391828533,1493,0,0,494,0.9956983805668016,0
3.22502,8,0,0,0,0.0003289997039246373,34.09753999994791,4.167475000031118,34.13558199963518,0.3415327978580991,1494,0,0,495,0.9946969696969697,0
3.25912,8,0,0,0,0.00030499995773425326,34.052957000312745,4.155827999966277,34.09769599966239,0.341304347826087,1495,0,0,496,0.9936995967741935,0
3.29356,8,0,0,0,0.0005400002009992022,34.382798000024195,4.159295000135899,34.443758000179514,0.34107620320855614,1496,0,0,498,0.9907128514056225,0
3.32741,8,0,0,0,0.0005360002433008049,33.78190000012182,4.17031599999973,33.82030400007352,0.3408483633934536,1497,0,0,499,0.9897294589178357,0
3.36331,8,0,0,0,0.00038400003177230246,35.85843900009422,4.13642700004857,35.89262900004542,0.3406208277703605,1498,0,0,499,0.9907314629258517,0
3.39756,8,0,0,0,0.0002980000317620579,34.21377800032133,4.270698000254924,34.271347999947466,0.340393595730487,1499,0,0,499,0.9917334669338678,0
3.43198,8,0,0,0,0.0004409998837218154,34.34691499978726,4.126369999994495,34.397592000004806,0.3401666666666666,1500,0,0,500,0.99075,0
3.46648,8,0,0,0,0.00025000008463393897,34.44986599970434,4.169279000052484,34.485433000099874,0.3399400399733511,1501,0,0,500,0.99175,0
3.5015,8,0,0,0,0.0002920000952144619,34.97275600011562,4.599784999754775,35.00789200006693,0.3397137150466045,1502,0,0,500,0.99275,0
3.53467,8,0,0,0,0.0003070003913308028,33.13185900015014,4.254696000316471,33.16829200002758,0.3394876912840985,1503,0,0,500,0.99375,0
3.5678,8,0,0,0,0.00027599980967352167,33.08225900036632,4.121173999919847,33.11908500018035,0.33926196808510634,1504,0,0,502,0.9907868525896414,0
3.60135,8,0,0,0,0.00027799978852272034,33.511547000216524,4.498500999943644,33.54247400011445,0.3390365448504984,1505,0,0,502,0.9917828685258964,0
3.63583,8,0,0,0,0.00032600019039819017,34.43578799988245,4.111752999961027,34.46942099981243,0.33881142098273576,1506,0,0,502,0.9927788844621513,0
3.6694,8,0,0,0,0.0002680003490240779,33.5310219998064,4.186320999906457,33.56496399965181,0.3385865958858659,1507,0,0,502,0.9937749003984063,0
3.70305,8,0,0,0,0.00032600019039819017,33.60671200016441,4.136689999995724,33.6410159998195,0.33836206896551724,1508,0,0,502,0.9947709163346613,0
3.73688,8,0,0,0,0.0002849997144949157,33.7918959999115,4.2069629998877645,33.82674200020119,0.3381378396288933,1509,0,0,502,0.9957669322709163,0
3.79531,8,1,1,256,25.38100099991425,32.98319099985747,4.109377999611752,58.42407299996921,0.3379139072847682,1510,0,0,563,0.9171847246891652,0
3.85751,8,0,1,256,28.97151399974973,33.17732599998635,4.138699999657547,62.19162099978348,0.3376902713434812,1511,0,0,564,0.944813829787234,0
3.92105,8,0,1,256,29.86353500000405,33.623441999679926,4.1572290001568035,63.5300809999535,0.33746693121693117,1512,0,0,566,0.9706272084805654,0
3.98753,9,0,0,187,31.59797000034814,34.83262700001433,4.949486000441539,66.47638599997663,0.3407505324227069,1513,0,0,567,0.9905202821869489,0
4.02185,9,0,0,0,0.00034900040191132575,34.27644200019131,4.607241000030626,34.312924000005296,0.34052546602084255,1514,0,0,567,0.9915123456790124,0
4.05718,9,0,0,0,0.00030800038075540215,35.288012999899365,4.6478060003209976,35.32361799989303,0.34030069673634034,1515,0,0,567,0.9925044091710759,0
4.09315,9,0,0,0,0.0004050002644362394,35.92625600003885,4.593991000092501,35.963966000053915,0.34007622398123716,1516,0,0,568,0.9917473591549296,0
4.12758,9,0,0,0,0.0004019998414150905,34.37452099979055,4.6606870000687195,34.42122800015568,0.3398520471691203,1517,0,0,568,0.992737676056338,0
4.16247,9,0,0,0,0.0003150003067275975,34.84840400005851,4.901240999970469,34.885191999819654,0.3396281657151222,1518,0,0,569,0.991981546572935,0
4.19689,9,0,0,0,0.0003059999471588526,34.37821099987559,4.713208999874041,34.41248499984795,0.3394045790359155,1519,0,0,569,0.9929701230228472,0
4.23146,9,0,0,0,0.00029900002118665725,34.522666999691864,4.633372999705898,34.559058000013465,0.3391812865497076,1520,0,0,571,0.9904772329246935,0
4.26749,9,0,0,0,0.0003469999683147762,35.988580000321235,5.0686380000115605,36.0235369998918,0.33895828767623637,1521,0,0,571,0.9914623467600701,0
4.30292,9,0,0,0,0.0003939999260182958,35.389710000345076,4.762529999879916,35.42538100009551,0.33873558183676444,1522,0,0,571,0.9924474605954466,0
4.337,9,0,0,0,0.0006479999683506321,34.03133399979197,4.625089000001026,34.07449499991344,0.33851316845407453,1523,0,0,571,0.9934325744308231,0
4.37374,9,0,0,0,0.0002819997462211177,36.6908969999713,4.61179700005232,36.7281579997325,0.33829104695246426,1524,0,0,571,0.9944176882661997,0
4.40831,9,0,0,0,0.0005080000846646726,34.527049000189436,4.642122999939602,34.56329399978131,0.3380692167577414,1525,0,0,571,0.9954028021015762,0
4.44344,9,0,0,0,0.0003800000740739051,35.08336599998074,4.737543999908667,35.12046300011207,0.33784767729721854,1526,0,0,572,0.9946459790209791,0
4.4777,9,0,0,0,0.00029600005291285925,34.21880899986718,4.772844999934023,34.25895700002002,0.337626427999709,1527,0,0,573,0.993891797556719,0
4.51256,9,0,0,0,0.00029300008463906124,34.81381000028705,4.899677999674168,34.86664299998665,0.33740546829552065,1528,0,0,575,0.9914130434782609,0
4.5473,9,0,0,0,0.00038700000004610047,34.675990999858186,4.70677200019054,34.71534100026474,0.33718479761645226,1529,0,0,576,0.9906684027777778,0
4.58193,9,0,0,0,0.000279999767371919,34.591626999826985,4.665847000069334,34.62288999980956,0.3369644153957879,1530,0,0,576,0.9916449652777778,0
4.61673,9,0,0,0,0.00035399989428697154,34.75671300020622,5.050608999681572,34.79073300013624,0.33674432106829233,1531,0,0,576,0.9926215277777778,0
4.65096,9,0,0,0,0.0005709998731617816,34.19493899991721,4.658891999952175,34.233274000143865,0.336524514070206,1532,0,0,577,0.9918760831889082,0
4.68579,9,0,0,0,0.00839100039229379,34.774208000271756,4.686031999881379,34.818221000023186,0.3363049938392404,1533,0,0,577,0.9928509532062392,0
4.72007,9,0,0,0,0.00031100034902920015,34.23462499995367,4.7787359999347245,34.273391000169795,0.33608575981457334,1534,0,0,578,0.992106401384083,0
4.75381,9,0,0,0,0.00028700014809146523,33.70079300020734,4.713009000170132,33.73533900003167,0.33586681143684405,1535,0,0,578,0.9930795847750865,0
4.78845,9,0,0,0,0.0003679997462313622,34.59420399985902,4.710552000233292,34.62824799998998,0.33564814814814814,1536,0,0,580,0.990625,0
4.82308,9,0,0,0,0.00030199998946045525,34.593280000080995,4.756981999889831,34.62665400002152,0.3354297693920335,1537,0,0,580,0.9915948275862069,0
4.85761,9,0,0,0,0.0002980000317620579,34.48573600007876,4.722464999758813,34.518871000273066,0.3352116746134952,1538,0,0,580,0.9925646551724138,0
4.8923,9,0,0,0,0.00031299987313104793,34.653591999813216,4.711103999852639,34.68446200031394,0.3349938632589705,1539,0,0,580,0.9935344827586207,0
4.92661,9,0,0,0,0.0003120003384537995,34.27223800008505,4.7091300002648495,34.30949199992028,0.3347763347763347,1540,0,0,580,0.9945043103448276,0
4.96112,9,0,0,0,0.0005550000423681922,34.45640500012814,4.728209999939281,34.49369600002683,0.3345590886148966,1541,0,0,580,0.9954741379310345,0
4.99629,9,0,0,0,0.0004090002221346367,35.12749600031384,5.183105000014621,35.167239000202244,0.33434212422539267,1542,0,0,581,0.9947289156626506,0
5.0302,9,0,0,0,0.0002890001269406639,33.86743600003683,4.728023999632569,33.90637599977708,0.3341254410599842,1543,0,0,582,0.9939862542955327,0
5.06466,9,0,0,0,0.00029600005291285925,34.41065600009097,4.719169000054535,34.448794999661914,0.33390903857225096,1544,0,0,584,0.9915453767123288,0
5.09944,9,0,0,0,0.00041000021155923605,34.73362300019289,4.774143999838998,34.77153299991187,0.3336929162171881,1545,0,0,585,0.9908119658119658,0
5.13406,9,0,0,0,0.00036899973565596156,34.58065599988913,4.735762000109389,34.615398999903846,0.33347707345120026,1546,0,0,585,0.9917735042735043,0
5.16871,9,0,0,0,0.00037099971450516023,34.609247999924264,4.761943000175961,34.643724000034126,0.333261509732098,1547,0,0,585,0.9927350427350428,0
5.20335,9,0,0,0,0.0003770001058001071,34.58629999977347,4.723452000234829,34.62506500000018,0.3330462245190927,1548,0,0,586,0.9920008532423208,0
5.23787,9,0,0,0,0.00031100034902920015,34.476130999792076,4.768225000134407,34.514767000018765,0.3328312172727925,1549,0,0,586,0.9929607508532423,0
5.27256,9,0,0,0,0.0004120001904084347,34.64132899989636,4.785752999850956,34.695151999585505,0.3326164874551971,1550,0,0,587,0.9922274275979557,0
5.3066,9,0,0,0,0.0004429998625710141,33.98474899995563,4.764943999816751,34.01723899969511,0.3324020345296941,1551,0,0,587,0.9931856899488927,0
5.3418,9,0,0,0,0.00029900002118665725,35.15148999986195,5.18519000024753,35.19076600014159,0.3321878579610539,1552,0,0,589,0.9907682512733447,0
5.37892,9,0,0,0,0.00028700014809146523,37.08021100010228,4.8050700002022495,37.11515299983148,0.33197395721542533,1553,0,0,589,0.991723259762309,0
5.41365,9,0,0,0,0.0005689998943125829,34.68376000000717,4.77060100001836,34.71843700026511,0.3317603317603317,1554,0,0,589,0.9926782682512734,0
5.44906,9,0,0,0,0.00028700014809146523,35.370829999919806,4.759923000165145,35.40659200007212,0.33154698106466596,1555,0,0,589,0.9936332767402377,0
5.48387,9,0,0,0,0.00030999990485724993,34.770023000419314,4.792735999672004,34.801165999851946,0.33133390459868606,1556,0,0,589,0.9945882852292021,0
5.51836,9,0,0,0,0.0002920000952144619,34.454439000001,4.811825999695429,34.4871110000895,0.3311211018340112,1557,0,0,589,0.9955432937181664,0
5.55242,9,0,0,0,0.00036000028558191843,34.01287799988495,4.758069999752479,34.053394999773445,0.33090857224361714,1558,0,0,590,0.9948093220338983,0
5.58641,9,0,0,0,0.0003029999788850546,33.94150800022544,4.782978000093863,33.97796599983849,0.33069631530183163,1559,0,0,591,0.994077834179357,0
5.621,9,0,0,0,0.0004259995876054745,34.542631000022084,4.815024999970774,34.58923700009109,0.33048433048433046,1560,0,0,593,0.9916736930860034,0
5.6557,9,0,0,0,0.0005590000000665896,34.648467999886634,4.821026999707101,34.68638699996518,0.33027261726813295,1561,0,0,594,0.9909511784511784,0
5.69092,9,0,0,0,0.0005840001904289238,35.18506399996113,5.165922000287537,35.21640600001774,0.3300611751315977,1562,0,0,594,0.9918981481481481,0
5.72561,9,0,0,0,0.00032000025385059416,34.65136100021482,4.834196000047086,34.68602400016607,0.3298500035544182,1563,0,0,594,0.9928451178451179,0
5.76021,9,0,0,0,0.0002740002855716739,34.54830300006506,4.7718040000290785,34.58589599995321,0.3296391020176186,1564,0,0,595,0.9921218487394958,0
5.79485,9,0,0,0,0.00023699976736679673,34.606847999839374,4.7970949999580625,34.63963399963177,0.3294284700035499,1565,0,0,595,0.9930672268907563,0
5.82955,9,0,0,0,0.0003650002327049151,34.65258499954871,4.858352999690396,34.707249000348384,0.3292181069958847,1566,0,0,596,0.9923447986577181,0
5.86395,9,0,0,0,0.0007550002010248136,34.334289000071294,4.8156050002035045,34.37352000037208,0.3290080124796143,1567,0,0,596,0.9932885906040269,0
5.89861,9,0,0,0,0.0003760001163755078,34.61262800010445,4.831158999877516,34.65219499958039,0.32879818594104304,1568,0,0,598,0.9909071906354515,0
5.93345,9,0,0,0,0.0003879999894706998,34.79905900030644,4.8419130002912425,34.832037999876775,0.32858862686778556,1569,0,0,598,0.9918478260869565,0
5.96813,9,0,0,0,0.0007079997885739431,34.63754699987476,4.840918999889254,34.67122299980474,0.32837933474876146,1570,0,0,598,0.9927884615384616,0
6.00301,9,0,0,0,0.00027300029614707455,34.840712000004714,4.8614180000186025,34.87377600004038,0.328170309074192,1571,0,0,598,0.9937290969899666,0
6.0377,9,0,0,0,0.00027599980967352167,34.65112000003501,4.824821000056545,34.68598200015549,0.3279615493355952,1572,0,0,598,0.9946697324414716,0
6.07316,9,0,0,0,0.00031599984140484594,35.419170999830385,5.252975000075821,35.45149199999287,0.32775305502578234,1573,0,0,598,0.9956103678929766,0
6.10842,9,0,0,0,0.0003390000529179815,35.216899999795714,4.860933999680128,35.257358999842836,0.32754482563885357,1574,0,0,599,0.9948873121869783,0
6.14294,9,0,0,0,0.00039500037019024603,34.45119399975738,4.907189000277867,34.505390000049374,0.32733686067019396,1575,0,0,501,0.9940119760479041,0
6.1767,8,0,0,0,0.00031099989428184927,33.71460500011381,3.9965609998944274,33.75322400006553,0.25,1328,0,0,503,0.9910536779324056,0
6.21109,8,0,0,0,0.00036300025385571644,34.33940500008248,4.003979999652074,34.38475299981292,0.2498118886380737,1329,0,0,504,0.9900793650793651,0
6.24419,8,0,0,0,0.00032799971450003795,33.05584400004591,4.0498389998901985,33.090553999954864,0.24962406015037597,1330,0,0,504,0.9910714285714286,0
6.27692,8,0,0,0,0.00027799978852272034,32.68959700017149,3.988552000009804,32.719458999963535,0.24943651389932386,1331,0,0,504,0.9920634920634921,0
6.30968,8,0,0,0,0.000279999767371919,32.72383100011211,3.935115999865957,32.755473000179336,0.2492492492492493,1332,0,0,505,0.9910891089108911,0
6.34213,8,0,0,0,0.0003029999788850546,32.42206699997041,3.92227800011824,32.44904500024859,0.24906226556639155,1333,0,0,505,0.9920792079207921,0
6.37687,8,0,0,0,0.00030999990485724993,34.69420600004014,3.9584799997101072,34.73328700010825,0.2488755622188905,1334,0,0,506,0.991106719367589,0
6.40894,8,0,0,0,0.0003180002750013955,32.03420799991363,4.01722200012955,32.06076200012831,0.248689138576779,1335,0,0,506,0.9920948616600791,0
6.44132,8,0,0,0,0.00030800038075540215,32.346040999982506,3.9369979999719362,32.37533799983794,0.24850299401197606,1336,0,0,507,0.9911242603550295,0
6.47437,8,0,0,0,0.00028399972507031634,33.01232100011475,3.9410599997609097,33.04638099962176,0.24831712789827975,1337,0,0,507,0.9921104536489151,0
6.5074,8,0,0,0,0.00034000004234258085,32.97904200007906,4.000192000148672,33.02529799975673,0.24813153961136025,1338,0,0,444,0.993384009009009,0
6.5409,7,0,0,0,0.00028500016924226657,33.45338200006154,3.629472000284295,33.48595299985391,0.24709271311213055,1339,0,0,444,0.9943693693693694,0
6.57361,7,0,0,0,0.00028800013751606457,32.67395900002157,3.5619989998849633,32.70528099983494,0.246908315565032,1340,0,0,444,0.9953547297297297,0
6.60611,7,0,0,0,0.0002879996827687137,32.456023000122514,3.561455000181013,32.485982999787666,0.24672419303291782,1341,0,0,444,0.9963400900900901,0
6.6387,7,0,0,0,0.0002849997144949157,32.548986000165314,3.555119000338891,32.585104999725445,0.24654034490100063,1342,0,0,445,0.9950842696629213,0
6.67112,7,0,0,0,0.0003650002327049151,32.384250999712094,3.621901999849797,32.42344599993885,0.24635677055632377,1343,0,0,446,0.9938340807174888,0
6.70433,7,0,0,0,0.00026399993657832965,33.14180400002442,3.6009579998790286,33.17763200038826,0.24617346938775508,1344,0,0,448,0.9903738839285714,0
6.73684,7,0,0,0,0.0003059999471588526,32.47482899996612,3.5913099995923403,32.50951600011831,0.24599044078597987,1345,0,0,449,0.9891425389755011,0
6.76978,7,0,0,0,0.0003180002750013955,32.90050400028122,3.564866000033362,32.9378579999684,0.24580768414349397,1346,0,0,449,0.9901169265033407,0
6.82919,7,1,1,256,26.11007299992707,33.218135999959486,3.6236949999874923,59.391009000137274,0.24562519885459755,1347,0,0,515,0.8951456310679612,0
6.89168,7,0,1,256,29.08787400019719,33.35826700003963,3.6328559999674326,62.48482299997704,0.2454429843153879,1348,0,0,515,0.9270631067961165,0
6.95398,7,0,1,256,29.19728100005159,33.055826000236266,3.614602999732597,62.29431300016586,0.24526103992375303,1349,0,0,515,0.9589805825242719,0
7.01516,7,0,1,256,28.842789999998786,32.28914400006033,3.5740960001930944,61.172296999757236,0.24507936507936512,1350,0,0,516,0.9889777131782945,0
7.07773,8,0,0,26,29.663919999620703,32.856857999831846,4.119385999729275,62.56154099992273,0.24213545521835678,1351,0,0,516,0.9930959302325582,0
7.11138,8,0,0,0,0.0003740001375263091,33.608673000344425,4.100145999927918,33.64626299980955,0.24195636094674555,1352,0,0,517,0.992142166344294,0
7.14447,8,0,0,0,0.0003179998202540446,33.043273000203044,4.096674999800598,33.078741999815975,0.2417775314116778,1353,0,0,517,0.9931092843326886,0
7.17778,8,0,0,0,0.0003210002432751935,33.26650199960568,4.063889000008203,33.302235000064684,0.24159896602658792,1354,0,0,517,0.9940764023210832,0
7.21138,8,0,0,0,0.0003330001163703855,33.55983100027515,4.1145290001622925,33.59384199984561,0.2414206642066421,1355,0,0,517,0.9950435203094777,0
7.24516,8,0,0,0,0.000261999957729131,33.74652399998013,4.0940779999800725,33.780651000142825,0.24124262536873153,1356,0,0,517,0.9960106382978723,0
7.27898,8,0,0,0,0.0002980000317620579,33.771318000162864,4.1214119996766385,33.80978799987133,0.2410648489314665,1357,0,0,518,0.9950530888030888,0
7.31312,8,0,0,0,0.0005100000635138713,34.09094099970389,4.11038499987626,34.12919599986708,0.2408873343151694,1358,0,0,519,0.9940992292870906,0
7.34621,8,0,0,0,0.00029600005291285925,33.0484510000133,4.115251999792235,33.08845600031418,0.24071008094186908,1359,0,0,520,0.9931490384615385,0
7.38181,8,0,0,0,0.008494999747199472,35.54127799998241,4.501890000028652,35.58912700009387,0.24053308823529407,1360,0,0,522,0.990301724137931,0
7.41494,8,0,0,0,0.0006290001692832448,33.08340400008092,4.063216000304237,33.11782700029653,0.240356355620867,1361,0,0,523,0.9893642447418738,0
7.44783,8,0,0,0,0.0006339996616588905,32.85355600019102,4.068110999924102,32.89516499989986,0.24017988252569755,1362,0,0,523,0.9903202676864244,0
7.48184,8,0,0,0,0.00031100034902920015,33.959215999857406,4.431724000369286,33.992185999977664,0.24000366837857667,1363,0,0,523,0.9912762906309751,0
7.51484,8,0,0,0,0.0003560003278835211,32.96865499987689,4.106304999822896,33.000051000271924,0.2398277126099707,1364,0,0,523,0.9922323135755258,0
7.54793,8,0,0,0,0.00029299962989171036,33.042965000277036,4.091142999641306,33.07610499996372,0.2396520146520147,1365,0,0,523,0.9931883365200764,0
7.58113,8,0,0,0,0.0003240002115489915,33.157024000047386,4.177827999683359,33.19482400002016,0.23947657393850663,1366,0,0,524,0.9922471374045801,0
7.61428,8,0,0,0,0.0003680002009787131,33.10829299971374,4.158076000294386,33.14370999987659,0.23930138990490124,1367,0,0,524,0.9932013358778626,0
7.6471,8,0,0,0,0.0002689998837013263,32.77521399968464,4.093751999789674,32.80792900022789,0.23912646198830412,1368,0,0,525,0.9922619047619048,0
7.67967,8,0,0,0,0.00029000011636526324,32.54067500029123,4.081070000211184,32.57105099964974,0.23895178962746533,1369,0,0,525,0.9932142857142857,0
7.71238,8,0,0,0,0.0002980000317620579,32.671620000201074,4.0550179996898805,32.69675499996083,0.23877737226277373,1370,0,0,525,0.9941666666666666,0
7.74502,8,0,0,0,0.00031599984140484594,32.61484200038467,4.043676999572199,32.64565500012395,0.2386032093362509,1371,0,0,525,0.9951190476190476,0
7.77768,8,0,0,0,0.00028399972507031634,32.61658700012049,4.117163000046276,32.645798999965336,0.2384293002915452,1372,0,0,525,0.9960714285714286,0
7.81076,8,0,0,0,0.0003029999788850546,33.04149600035089,4.069351999987703,33.075393000217446,0.23825564457392567,1373,0,0,526,0.9951283269961977,0
7.84412,8,0,0,0,0.00029299962989171036,33.31031800007622,4.1096929999184795,33.35234199994375,0.23808224163027658,1374,0,0,527,0.9941888045540797,0
7.87788,8,0,0,0,0.00042800002120202407,33.71430399965902,4.208596999887959,33.75373699964257,0.23790909090909096,1375,0,0,528,0.9932528409090909,0
7.91235,8,0,0,0,0.00033099968277383596,34.42141300001822,4.215588000079151,34.4620739997481,0.23773619186046513,1376,0,0,530,0.9904481132075472,0
7.94586,8,0,0,0,0.0005330002750270069,33.46764500020072,4.193620000023657,33.50711099983528,0.2375635439360929,1377,0,0,531,0.9895244821092278,0
7.97893,8,0,0,0,0.0003029999788850546,33.02425499987294,4.154106999976648,33.05779499987693,0.23739114658925975,1378,0,0,531,0.9904661016949152,0
8.01219,8,0,0,0,0.00030799992600805126,33.218099000350776,4.141784999774245,33.2495210000161,0.2372189992748368,1379,0,0,531,0.9914077212806026,0
8.04665,8,0,0,0,0.00025200006348313764,34.41927799985933,4.17680400005338,34.455209000043396,0.23704710144927532,1380,0,0,531,0.99234934086629,0
8.08097,8,0,0,0,0.0002770002538454719,34.27618399973653,4.318443999636656,34.313171000121656,0.23687545257060105,1381,0,0,531,0.9932909604519774,0
8.11517,8,0,0,0,0.00031299987313104793,34.128362000046764,4.201076999834186,34.17951499977789,0.23670405209840806,1382,0,0,486,0.9925411522633745,0
8.14741,7,0,0,0,0.00028800013751606457,32.205598000018654,3.8404909996643255,32.23838700023407,0.20276830905898147,1383,0,0,486,0.9934413580246914,0
8.18031,7,0,0,0,0.0002660003701748792,32.85727299999053,3.819391999968502,32.89371799974106,0.20262180016515274,1384,0,0,487,0.992299794661191,0
8.21329,7,0,0,0,0.00029000011636526324,32.92886300005193,3.811455999766622,32.97342900032163,0.20247550283651372,1385,0,0,418,0.992822966507177,0
8.24614,6,0,0,0,0.0002950000634882599,32.81296800014388,3.353297000103339,32.845805999841104,0.20153920153920157,1386,0,0,418,0.99372009569378,0
8.27948,6,0,0,0,0.000270999862550525,33.28912000006312,3.365092999956687,33.32976499996221,0.20139389569814947,1387,0,0,418,0.9946172248803827,0
8.31288,6,0,0,0,0.00025300005290773697,33.36175300000832,3.3866679996208404,33.394366999800695,0.20124879923150818,1388,0,0,418,0.9955143540669856,0
8.34608,6,0,0,0,0.0003319996721984353,33.14791000002515,3.390982999917469,33.18758200020966,0.20110391168706498,1389,0,0,419,0.9940334128878282,0
8.38206,6,0,0,0,0.0003039999683096539,35.938156000156596,3.9111119999688526,35.97266699989632,0.2009592326139089,1390,0,0,419,0.994928400954654,0
8.41391,6,0,0,0,0.0006469999789260328,31.814885000130744,3.370793000158301,31.846256999870093,0.20081476156242506,1391,0,0,419,0.9958233890214797,0
8.47177,6,1,1,256,25.313346999610076,32.47164200001862,3.3773360000850516,57.84861099982663,0.20067049808429116,1392,1,0,493,0.8795638945233266,0
8.53435,6,1,2,256,29.031528999894363,33.47916800021267,3.4132359996874584,62.57657600008315,0.20052644173247192,1393,0,0,573,0.7853403141361257,0
8.59668,6,0,2,256,29.29841499963004,32.9785339999944,3.4156080000684597,62.31243199999881,0.20038259206121478,1394,0,0,573,0.8139179755671903,0
8.6575,6,0,2,256,28.61298000016177,32.16901600035271,3.365508000115369,60.817556999609224,0.2002389486260454,1395,0,0,573,0.8424956369982548,0
8.7475,7,0,1,256,56.67836200018428,33.27995400013606,3.872867000154656,89.99766100032502,0.19678673761768317,1396,0,0,573,0.8711823734729494,0
8.81056,7,0,1,256,29.387289000169403,33.622361999732675,3.8712460000169813,63.06008700039456,0.1966458738112281,1397,0,0,573,0.899869109947644,0
8.87317,7,0,1,256,29.494767000414868,33.0413739998221,3.8514259999828937,62.592471999778354,0.19650521152667078,1398,0,0,505,0.9188118811881189,0
8.93572,6,0,1,256,30.09144399993602,32.41051199984213,3.4037030000035884,62.548023000090325,0.19216106742911598,1399,0,0,506,0.9493577075098815,0
9.00014,6,0,1,256,30.651397999918117,33.71696699969107,3.4051929997076513,64.40871599988895,0.19202380952380949,1400,0,0,507,0.9797830374753451,0
9.06326,7,0,0,103,30.189726000116934,32.88717099985661,3.90477800010558,63.1157660000099,0.17905577648618332,1401,0,0,507,0.9933431952662722,0
9.09642,7,0,0,0,0.00038700000004610047,33.11442999984138,3.9359649999823887,33.14724899973953,0.17892806195231303,1402,0,0,507,0.9942061143984221,0
9.13006,7,0,0,0,0.00029000011636526324,33.60273499993127,3.9638469997953507,33.63999800012607,0.1788005294776499,1403,0,0,507,0.995069033530572,0
9.16368,7,0,0,0,0.00033099968277383596,33.55120400010492,3.9618870000595052,33.586404000288894,0.17867317867317867,1404,0,0,507,0.9959319526627219,0
9.19721,7,0,0,0,0.00037099971450516023,33.48695400018187,3.9286510000238195,33.52174000019659,0.1785460091509914,1405,0,0,508,0.9948326771653543,0
9.2302,7,0,0,0,0.0004019998414150905,32.95010800002274,3.9514260001851653,32.983570999931544,0.1784190205242837,1406,0,0,508,0.9956938976377953,0
9.26254,7,0,0,0,0.0004049998096888885,32.29944600025192,3.9270929996746418,32.33635400010826,0.17829221240735105,1407,0,0,509,0.9945972495088409,0
9.29564,7,0,0,0,0.0003179998202540446,33.03358199991635,3.9470790002269496,33.08781199984878,0.1781655844155844,1408,0,0,511,0.9915606653620352,0
9.32886,7,0,0,0,0.0003120003384537995,33.17979299981744,4.138724000313232,33.21675300003335,0.17803913616546685,1409,0,0,512,0.990478515625,0
9.36441,7,0,0,0,0.0003209997885278426,35.50438199999917,3.951218000111112,35.54756699986683,0.17791286727456945,1410,0,0,512,0.9913330078125,0
9.39792,7,0,0,0,0.0007000003279244993,33.45310299982884,4.048129999773664,33.48688100004438,0.17778677736154702,1411,0,0,512,0.9921875,0
9.43118,7,0,0,0,0.0002980000317620579,33.22593499979121,3.9740019997225318,33.259885999996186,0.17766086604613518,1412,0,0,512,0.9930419921875,0
9.46423,7,0,0,0,0.00038300004234770313,33.00441800001863,3.936520000024757,33.04617699996015,0.1775351329491457,1413,0,0,512,0.993896484375,0
9.49805,7,0,0,0,0.0003070003913308028,33.77544899967688,3.9747220002936956,33.80582499994489,0.17740957769246313,1414,0,0,512,0.9947509765625,0
9.53107,7,0,0,0,0.0003000000106112566,32.982009000079415,3.9915819997986546,33.0189819997031,0.17728419989904087,1415,0,0,513,0.9936647173489279,0
9.56438,7,0,0,0,0.00026699990485212766,33.26515399976415,3.9389240000673453,33.30470799983232,0.17715899919289746,1416,0,0,514,0.9925826848249028,0
9.6243,7,1,1,256,25.933904999874358,33.90798200007339,4.003944000032789,59.90382900017721,0.1770339751991128,1417,0,0,558,0.9437724014336918,0
9.68751,7,1,2,256,29.34361000006902,33.79902699998638,4.023016999781248,63.20556499986196,0.17690912754382426,1418,0,0,612,0.8873570261437909,0
9.77795,8,0,1,256,56.28644299986263,34.10412399989582,4.359515000032843,90.43155700010175,0.21908033826638473,1419,0,0,612,0.9143178104575164,0
9.84169,8,0,1,256,29.333823000342818,34.35981000029642,4.3939309998677345,63.73571299991454,0.2189260563380282,1420,0,0,612,0.9412785947712419,0
9.90513,8,0,1,256,29.159687000174017,34.2208130000472,4.3726480002987955,63.42416699999376,0.21877199155524274,1421,0,0,613,0.9666598694942904,0
9.96863,8,0,1,256,29.296130999682646,34.145386000091094,4.342365999946196,63.49797899974874,0.2186181434599156,1422,0,0,561,0.9939839572192514,0
10.03265,8,0,0,2,30.65585199965426,33.31295099997078,4.395213999941916,64.01343900006395,0.21609276177090653,1423,0,0,562,0.9933274021352313,0
10.06628,8,0,0,0,0.0003989998731412925,33.57638100033,4.349140000158513,33.6278750000929,0.2159410112359551,1424,0,0,474,0.9909018987341772,0
10.10007,7,0,0,0,0.00035999983083456755,33.74130400015929,3.757869999844843,33.77588100011053,0.1625807889458436,1282,0,0,475,0.9897368421052631,0
10.13356,7,0,0,0,0.00038700000004610047,33.4403189999648,3.766386999814131,33.50003800005652,0.1624540697027057,1283,0,0,394,0.9907994923857868,0
10.1923,6,1,1,256,25.443365999763046,33.21809099998063,3.2671439998921414,58.7193319997823,0.18925233644859818,1284,0,0,438,0.9286529680365296,0
10.25406,6,0,1,256,29.17939799999658,32.53092300019489,3.1757130000187317,61.74784999984695,0.18910505836575875,1285,0,0,438,0.9660388127853882,0
10.31936,7,0,0,179,31.650420000005397,33.60479100001612,3.4907149997707165,65.29346900015298,0.2280604310153299,1286,0,0,438,0.992579908675799,0
10.35329,7,0,0,0,0.00037800009522470646,33.8881620000393,3.586284999983036,33.92453000014939,0.2278832278832279,1287,0,0,438,0.9935787671232876,0
10.38799,7,0,0,0,0.00031900026442599483,34.65950100007831,3.9228359996741347,34.6947259999979,0.2277062999112689,1288,0,0,439,0.9923120728929385,0
10.42162,7,0,0,0,0.00033399965104763396,33.588694000172836,3.5853670001415594,33.62220700000762,0.22752964645904905,1289,0,0,439,0.9933086560364465,0
10.4548,7,0,0,0,0.0003039999683096539,33.14158800003497,3.5455310003271734,33.17393899988019,0.2273532668881506,1290,0,0,439,0.9943052391799544,0
10.49105,7,0,0,0,0.0003199997991032433,36.2057359998289,5.423784000413434,36.23993400015024,0.22717716056213344,1291,0,0,439,0.9953018223234624,0
10.52464,7,0,0,0,0.0003800000740739051,33.54268199973376,3.562941999916802,33.578562999991846,0.22700132684652807,1292,0,0,440,0.9940340909090909,0
10.55784,7,0,0,0,0.000285999703919515,33.162432000153785,3.546208999978262,33.19553800020003,0.2268257651088278,1293,0,0,440,0.9950284090909091,0
10.61805,7,1,1,256,26.030022999748326,34.101554000244505,3.6373429998093343,60.20248599998013,0.22665047471848088,1294,0,0,534,0.8506554307116105,0
10.67908,7,0,1,256,28.696739000224625,32.28455499993288,3.5757249997914187,61.020700999961264,0.2264754550468836,1295,0,0,534,0.881437265917603,0
10.74226,7,0,1,256,29.85344900025666,33.27231100001882,3.5832459998346167,63.17202799982624,0.22630070546737213,1296,0,0,535,0.9105140186915888,0
10.80561,7,0,1,256,29.112095000073168,34.17438699989361,3.5981629998786957,63.324471000214544,0.22612622535521532,1297,0,0,535,0.9412383177570094,0
10.8688,7,0,1,256,29.657480999958352,33.484713999769156,3.5940439997830254,63.18712099982804,0.22595201408760734,1298,0,0,536,0.9701492537313433,0
10.93595,8,0,0,181,32.460914999774104,34.640269999727025,4.848637000122835,67.14570400026787,0.27267282683093774,1461,0,0,537,0.9903398510242085,0
10.96992,8,0,0,0,0.0006549998943228275,33.93070199990689,4.261617999873124,33.96461200009071,0.2724863201094391,1462,0,0,537,0.9912709497206704,0
11.00337,8,0,0,0,0.0003000000106112566,33.40496900000289,4.296005000014702,33.44170300033511,0.27230006835269993,1463,0,0,537,0.9922020484171322,0
11.03794,8,0,0,0,0.00038300004234770313,34.52621499991437,4.978857999958564,34.56212399987635,0.27211407103825136,1464,0,0,537,0.993133147113594,0
11.07165,8,0,0,0,0.0006340001164062414,33.67011399996045,4.304929999761953,33.70395199999621,0.27192832764505115,1465,0,0,537,0.9940642458100558,0
11.10552,8,0,0,0,0.00027899977794731967,33.820892999756325,4.29594899969743,33.85926600003586,0.27174283765347884,1466,0,0,538,0.9931459107806692,0
11.14003,8,0,0,0,0.0002780002432700712,34.46968600019318,4.90281500015044,34.50595699996484,0.2715576005453306,1467,0,0,538,0.9940752788104089,0
11.17402,8,0,0,0,0.00026699990485212766,33.950131999972655,4.317208000429673,33.98537699968074,0.27137261580381467,1468,0,0,538,0.9950046468401487,0
11.20795,8,0,0,0,0.000264999926002929,33.88055400000667,4.31924499980596,33.91724899984183,0.2711878829135467,1469,0,0,538,0.9959340148698885,0
11.24309,8,0,0,0,0.0004140001692576334,35.08826200004478,4.759742000260303,35.13021500020841,0.27100340136054424,1470,0,0,539,0.9950139146567718,0
11.2765,8,0,0,0,0.00029600005291285925,33.378406000338146,4.322467999827495,33.413411999845266,0.27081917063222294,1471,0,0,539,0.9959415584415584,0
11.31093,8,0,0,0,0.00037399968277895823,34.37637499973789,4.299137000089104,34.41306500008068,0.27063519021739135,1472,0,0,542,0.9913514760147601,0
11.34704,8,0,0,0,0.00027600026442087255,36.074030000236235,4.298949999792967,36.10882400016635,0.2704514596062457,1473,0,0,542,0.9922739852398524,0
11.38293,8,0,0,0,0.0003090003701800015,35.84851899995556,4.620524000074511,35.88712900000246,0.2702679782903663,1474,0,0,543,0.9913674033149171,0
11.41691,8,0,0,0,0.00038899997889529914,33.93308399972739,4.3387040000197885,33.96671800010154,0.2700847457627119,1475,0,0,543,0.9922882136279927,0
11.45095,8,0,0,0,0.0003060004019062035,33.9846009997018,4.33292200023061,34.03430800017304,0.26990176151761514,1476,0,0,472,0.9920550847457628,0
11.48441,7,0,0,0,0.00037199970392975956,33.42095600009998,3.844483000193577,33.45868500036886,0.2753651223522584,1477,0,0,473,0.9908826638477801,0
11.51819,7,0,0,0,0.0005189999683352653,33.73904000000039,3.8260900000750553,33.769870000014635,0.2751788130678523,1478,0,0,473,0.9918076109936576,0
11.55097,7,0,0,0,0.00029600005291285925,32.73779500023011,3.870440999889979,32.772157999716,0.2749927557229789,1479,0,0,473,0.9927325581395349,0
11.58491,7,0,0,0,0.00030499995773425326,33.90160399976594,3.919072999906348,33.93529899994974,0.27480694980694975,1480,0,0,473,0.9936575052854123,0
11.61821,7,0,0,0,0.0005320002856024075,33.26345499999661,3.8460330001726106,33.296780999990006,0.2746213948104562,1481,0,0,473,0.9945824524312896,0
11.65169,7,0,0,0,0.0003179998202540446,33.41807900005733,3.8467140002467204,33.4715750000214,0.2744360902255639,1482,0,0,474,0.9934071729957806,0
11.68509,7,0,0,0,0.000455000190413557,33.35556000001816,3.9072500003385358,33.390815000075236,0.2742510355457085,1483,0,0,474,0.9943301687763713,0
11.71908,7,0,0,0,0.00037399968277895823,33.949125000162894,3.9348810000774392,33.98101899983885,0.2740662302656912,1484,0,0,474,0.995253164556962,0
11.75246,7,0,0,0,0.0003000000106112566,33.34663600026033,3.876988999763853,33.37916899999982,0.27388167388167384,1485,0,0,474,0.9961761603375527,0
11.78586,7,0,0,0,0.00030199998946045525,33.34818399980577,3.848336999908497,33.38486999973611,0.27369736589117477,1486,0,0,475,0.995,0
11.82006,7,0,0,0,0.0003410000317671802,34.1663049998715,3.9648900001338916,34.19990600013989,0.27351330579306365,1487,0,0,475,0.9959210526315789,0
11.85361,7,0,0,0,0.0002980000317620579,33.496793000267644,3.871881000122812,33.5350200002722,0.2733294930875576,1488,0,0,478,0.9905857740585774,0
11.88693,7,0,0,0,0.0002970000423374586,33.282063999649836,3.8678089999848453,33.31463899985465,0.2731459272762161,1489,0,0,478,0.9915010460251046,0
11.92078,7,0,0,0,0.00042700003177742474,33.80420600024081,3.8875740001458325,33.84229499988578,0.2729626078619367,1490,0,0,479,0.9903444676409185,0
11.95428,7,0,0,0,0.00027600026442087255,33.46616799990443,3.886852000050567,33.50204800017309,0.27277953434895086,1491,0,0,479,0.9912578288100209,0
11.98803,7,0,0,0,0.0002770002538454719,33.702987999731704,3.8694730001225253,33.74594500019157,0.27259670624281884,1492,0,0,479,0.9921711899791231,0
12.02125,7,0,0,0,0.00026099996830453165,33.16890299993247,3.9242249999915657,33.20262499983073,0.2724141230504258,1493,0,0,480,0.991015625,0
12.05365,7,0,0,0,0.00029600005291285925,32.36837399981596,3.785154000070179,32.39653399987219,0.2722317842799771,1494,0,0,480,0.9919270833333333,0
12.08551,7,0,0,0,0.0005700003384845331,31.82321199983562,3.790962000039144,31.849879999754194,0.27204968944099384,1495,0,0,480,0.9928385416666666,0
12.11801,7,0,0,0,0.000515000010636868,32.47269799976493,3.7830790001862624,32.497002000127395,0.2718678380443086,1496,0,0,480,0.99375,0
12.17558,7,1,1,256,24.726567000016075,32.77120800021294,3.8425990001087484,57.56483599998319,0.27168622960206124,1497,0,0,551,0.8955308529945554,0
12.23692,7,0,1,256,28.45929100021749,32.83226899975489,3.790486000070814,61.32575199990242,0.2715048636276941,1498,0,0,552,0.9236865942028986,0
12.29903,7,0,1,256,28.973012000278686,33.09492300013517,3.934821999791893,62.10561699981554,0.2713237396359478,1499,0,0,552,0.9534646739130435,0
12.36413,7,1,2,256,29.54049700019823,35.49179499987076,3.8745849997212645,65.09052199999132,0.27114285714285713,1500,0,0,611,0.8882978723404256,0
12.45431,8,0,1,256,56.40029400001367,33.711637999658706,4.376164999939647,90.16415699989011,0.26832111925383073,1501,0,0,611,0.9153027823240589,0
12.51773,8,1,2,256,29.54132600007142,33.80698799992388,4.373869000119157,63.41207800005577,0.2681424766977364,1502,0,0,707,0.8143564356435643,0
12.58075,8,0,2,256,29.314421999970364,33.65748499982146,4.447087999778887,63.012232999881235,0.26796407185628746,1503,0,0,707,0.8376944837340877,0
12.64583,8,0,2,256,30.24942899992311,34.776520999912464,4.471307000130764,65.07602100009535,0.2677859042553191,1504,0,0,710,0.8573943661971831,0
12.73668,9,0,1,256,56.05396100008875,34.75333300002603,4.869334999966668,90.84792600015135,0.28025101513473605,1505,0,0,710,0.8807218309859155,0
12.79932,9,0,1,256,29.146806999960972,33.44360399978541,4.804775000138761,62.63126200019542,0.2800649254832521,1506,0,0,711,0.9027777777777778,0
12.86248,9,0,1,256,28.984950000449317,34.12344599973949,4.880227000285231,63.148095999622456,0.2798790827987908,1507,0,0,711,0.9260724331926864,0
12.92617,9,0,1,256,29.47340900027484,34.17291499999919,4.807537000033335,63.68835900002523,0.27969348659003834,1508,0,0,711,0.9493670886075949,0
12.98981,9,0,1,256,29.61188300014328,33.974358000250504,4.8273579996021,63.63319899992348,0.27950813636698324,1509,0,0,712,0.9712956460674157,0
13.05585,10,0,0,242,30.964703000336158,35.02328799959287,5.896160999782296,66.03439299988167,0.2526768010575017,1513,0,0,712,0.9934164325842697,0
13.09089,10,0,0,0,0.00030499995773425326,34.99535599985393,5.521469000086654,35.035163999964425,0.2525099075297226,1514,0,0,713,0.9928997194950911,0
13.12612,10,0,0,0,0.0005379997674026527,35.186500000236265,5.510338000021875,35.220606999700976,0.2523432343234323,1515,0,0,713,0.9937762973352033,0
13.16009,10,0,0,0,0.00031399986255564727,33.92359500003295,5.443649999961053,33.9584189996458,0.2521767810026385,1516,0,0,713,0.9946528751753155,0
13.1945,10,0,0,0,0.00032600019039819017,34.367718000339664,5.463406000217219,34.40693199991074,0.2520105471324984,1517,0,0,714,0.9941351540616247,0
13.25472,10,1,1,256,25.549074000082328,34.60245899987058,5.819751999752043,60.214237999844045,0.2518445322793149,1518,0,0,784,0.9265784438775511,0
13.31638,10,1,2,256,28.30978400015738,33.27662699985012,5.472252999879856,61.64630900002521,0.25167873601053325,1519,0,0,821,0.9050700365408039,0
13.38163,10,1,3,256,28.867981000075815,36.3090320001902,6.0357809998095036,65.24684799978786,0.2515131578947368,1520,0,0,916,0.8293531659388647,0
13.44337,10,0,3,256,27.937537000070733,33.74848400017072,5.463640000016312,61.72438299972782,0.2513477975016437,1521,0,0,918,0.8456563180827886,0
13.53251,11,0,2,256,54.21927399993365,34.88207999998849,6.3151740000648715,89.13775900009568,0.2525385258630988,1522,0,0,918,0.8638344226579521,0
13.59639,11,0,2,256,28.743089000272448,35.08522999982233,5.996027000037429,63.879813000312424,0.2523727093654867,1523,0,0,921,0.8791395222584147,0
13.69004,12,0,1,256,57.117993000247225,36.47800199996709,6.795988999783731,93.63945599989165,0.28291776027996496,1524,0,0,921,0.8973262757871878,0
13.75472,12,0,1,256,28.8108539998575,35.8225240001957,6.9688769999629585,64.68023100023856,0.2827322404371585,1525,0,0,923,0.9135292524377031,0
13.82027,12,0,1,256,28.911625999626267,36.582229000032385,6.415491000097973,65.5419869999605,0.2825469637396243,1526,0,0,923,0.9316765980498375,0
13.88509,12,1,2,256,30.283721000159858,34.455729000001156,6.32004599992797,64.80570399980934,0.28236192970967033,1527,0,0,986,0.8891353955375254,0
13.94951,12,0,2,256,29.219090999959008,35.15012299976661,6.348893999984284,64.42324099998586,0.2821771378708552,1528,0,0,987,0.9052051671732523,0
14.0169,12,0,2,256,30.043206999835093,37.282613000115816,6.850384999779635,67.37283599977673,0.2819925877479834,1529,0,0,987,0.9221757852077,0
14.11134,13,0,1,256,57.11753500008854,37.265706000198406,7.478361999801564,94.43306599996504,0.2617898441427853,1530,0,0,988,0.9382591093117408,0
14.1765,13,0,1,256,28.889581999919756,36.22377800002141,7.008272999883047,65.15666099994633,0.26161885142943275,1531,0,0,988,0.9552758097165992,0
14.24274,13,0,1,256,28.9839120000579,37.20452400011709,7.046446000003925,66.2343389999478,0.26144808194416547,1532,0,0,988,0.9722925101214575,0
14.31073,13,1,2,256,29.40633499974865,38.496675999795116,7.589259999804199,67.98137799978576,0.26127753525013797,1533,0,0,1028,0.9508146887159533,0
14.40506,14,0,1,256,57.36550600022383,36.91470700005084,7.893768000030832,94.32599999990998,0.2672750977835724,1534,0,0,1028,0.9672300583657587,0
14.47082,14,0,1,256,29.351325999869005,36.35318599981474,7.583822000015061,65.75088899990078,0.2671009771986971,1535,0,0,1028,0.9836454280155642,0
14.53853,15,0,0,203,29.739851000158524,37.91466400025456,8.223821000228781,67.70172200003799,0.2889756944444445,1536,0,0,1029,0.9959305150631681,0
14.57533,15,0,0,0,0.00031599984140484594,36.7553629998838,7.7925089999553165,36.79289000001518,0.28878768163088264,1537,0,0,1032,0.9939437984496124,0
14.61226,15,0,0,0,0.0003000000106112566,36.88139100040644,7.778656000027695,36.921240000083344,0.2885999133073255,1538,0,0,1033,0.9938891577928364,0
14.65047,15,0,0,0,0.0004260000423528254,38.166013000136445,7.833938000203489,38.21029399978215,0.28841238899718435,1539,0,0,1036,0.9919160231660231,0
14.69087,15,0,0,0,0.0002570000106061343,40.35514499992132,8.363105999706022,40.39750499987349,0.2882251082251083,1540,0,0,1036,0.9928209459459459,0
14.72936,15,0,0,0,0.0002940000740636606,38.436074999935954,7.95218199982628,38.47525299988774,0.28803807051698027,1541,0,0,1039,0.9908565928777671,0
14.76649,15,0,0,0,0.0003010000000358559,37.08246899986989,7.850880000205507,37.12117700024464,0.2878512753999135,1542,0,0,1040,0.9908052884615385,0
14.8033,15,0,0,0,0.00030999990485724993,36.7675259999487,7.890528000189079,36.80402400004823,0.2876647224022467,1543,0,0,1040,0.9917067307692308,0
14.84032,15,0,0,0,0.00027899977794731967,36.976641999899584,7.78572700028235,37.01509199981956,0.28747841105354055,1544,0,0,1041,0.9916546589817483,0
14.87809,15,0,0,0,0.0002940000740636606,37.73018600031719,7.901806000063516,37.7688879998459,0.2872923408845739,1545,0,0,1041,0.9925552353506244,0
14.91567,15,0,0,0,0.0002970000423374586,37.52016199996433,8.263727000212384,37.561759000254824,0.28710651142733934,1546,0,0,1042,0.9925023992322457,0
14.95275,15,0,0,0,0.00031099989428184927,37.03536899956816,7.841639000162104,37.067722999836406,0.28692092221503984,1547,0,0,1042,0.9934021113243762,0
14.99011,15,0,0,0,0.00030499995773425326,37.329103000047326,7.822014999874227,37.363501000072574,0.2867355727820844,1548,0,0,1042,0.9943018234165067,0
15.02775,15,0,0,0,0.00032499974622623995,37.58779999998296,7.877878000272176,37.626156999976956,0.28655046266408435,1549,0,0,1043,0.9942473633748802,0
15.06584,15,0,0,0,0.0002970000423374586,38.05396300003849,7.937787000173557,38.09008999996877,0.28636559139784945,1550,0,0,1043,0.9951462128475551,0
15.12896,15,1,1,256,25.429197999983444,37.61859699989145,8.034304000375414,63.113329999850976,0.28618095852138403,1551,0,0,1119,0.9426943699731903,0
15.19634,15,0,1,256,28.547763999995368,38.7287749999814,8.453807000023517,67.35019500001727,0.28599656357388314,1552,0,0,1120,0.9569754464285715,0
15.2638,15,0,1,256,28.73634600018704,38.66983699981574,8.605465000073309,67.46146499972383,0.28581240609572867,1553,0,0,1123,0.9695013357079252,0
15.33092,15,1,2,256,28.799056000025303,38.22859799993239,7.950390999667434,67.10092299999815,0.28562848562848564,1554,0,0,1162,0.9515382960413081,0
15.42934,16,0,1,256,59.19434399993406,39.172127000256296,8.91078099994047,98.41818400036573,0.2812700964630225,1555,0,0,1165,0.9636802575107296,0
15.49754,16,0,1,256,29.490717000044242,38.650520000373945,8.567991000290931,68.193417999737,0.2810893316195373,1556,0,0,1166,0.9774335334476844,0
15.56629,16,1,2,256,29.328039000120043,39.33309299964094,9.240331999990303,68.74621799988745,0.28090879897238274,1557,0,0,1218,0.9496613300492611,0
15.6614,17,0,1,256,54.97741399994993,40.07003700007772,9.316822000073444,95.10368600012953,0.30012081854564676,1558,0,0,1219,0.9628794093519278,0
15.73016,17,0,1,256,30.543780000243714,38.15648899990265,8.933273999900848,68.7526470001103,0.2999283100026412,1559,0,0,1220,0.9760758196721312,0
15.79883,17,0,1,256,29.706999999689288,38.897452000128396,8.925535999878775,68.65800200012018,0.2997360482654601,1560,0,0,1221,0.9892506142506142,0
15.86934,18,0,0,34,29.907193000326515,40.5574019996493,10.43722299982619,70.51344499996048,0.31098298811303293,1561,0,0,1221,0.991912366912367,0
15.90919,18,0,0,0,0.0002939996193163097,39.79321299993899,9.753898999861121,39.83811100033563,0.31078389529093753,1562,0,0,1222,0.9920212765957447,0
15.94909,18,0,0,0,0.0002860001586668659,39.848364000135916,9.31254999977682,39.89184300007764,0.31058505722613206,1563,0,0,1222,0.9929418985270049,0
15.98868,18,0,0,0,0.00028700014809146523,39.544696000120894,9.371014999942417,39.585319999787316,0.31038647342995174,1564,0,0,1222,0.9938625204582652,0
16.02819,18,0,0,0,0.0003179998202540446,39.46345700023812,9.386615000039455,39.50678199998947,0.31018814341498047,1565,0,0,1223,0.9939697465249386,0
16.06799,18,0,0,0,0.0002940000740636606,39.72861300007935,9.423010000318754,39.79099199978009,0.3099900666950476,1566,0,0,1135,0.9948237885462555,0
16.10631,17,0,0,0,0.0005729998520109802,38.250933999734116,8.833612999751494,38.30766700002641,0.3218213896918053,1567,0,0,1053,0.9962013295346629,0
16.14519,16,0,0,0,0.0003229997673770413,38.82901200040578,8.265373000085674,38.87037699996654,0.3309948979591837,1568,0,0,1054,0.9962049335863378,0
16.18382,16,0,0,0,0.00028100021154386923,38.58222700000624,8.245654000347713,38.62453400006416,0.3307839388145315,1569,0,0,1057,0.9943235572374646,0
16.22209,16,0,0,0,0.0002540000423323363,38.22712800001682,8.209361000353965,38.26813499972559,0.33057324840764335,1570,0,0,1058,0.994328922495274,0
16.26103,16,0,0,0,0.00033700007406878285,38.88730700009546,8.170655999947485,38.937053000154265,0.3303628262253342,1571,0,0,1061,0.9924599434495759,0
16.29944,16,0,0,0,0.0004139997145102825,38.35320500002126,8.25457600012669,38.39601900017442,0.33015267175572516,1572,0,0,1062,0.992467043314501,0
16.33837,16,0,0,0,0.00030199998946045525,38.87946000031661,8.26296499963064,38.917465999929846,0.329942784488239,1573,0,0,1065,0.9906103286384976,0
16.37921,16,0,0,0,0.00029600005291285925,40.794631999688136,8.28227700003481,40.836755000327685,0.329733163913596,1574,0,0,1066,0.9906191369606003,0
16.41738,16,0,0,0,0.00027300029614707455,38.11977900022612,8.321510999849124,38.16103200006182,0.32952380952380955,1575,0,0,1067,0.9906279287722587,0
16.48125,16,1,1,256,25.518196000120952,38.27396699989549,8.21642700020675,63.86436999991929,0.3293147208121827,1576,0,0,1114,0.9640933572710951,0
16.54821,16,0,1,256,28.209972999775346,38.70329400024275,8.212839999941934,66.95794300003399,0.32910589727330375,1577,0,0,1114,0.9793536804308797,0
16.61693,17,0,0,220,30.27455200026452,38.37929300016185,8.610896999925899,68.70668900000965,0.34108700514426304,1578,0,0,1115,0.9917600896860986,0
16.65642,17,0,0,0,0.00030499995773425326,39.449590999993234,8.692504999999073,39.48945599995568,0.34087099057482395,1579,0,0,1115,0.9927130044843049,0
16.69684,17,0,0,0,0.00030499995773425326,40.36468000003879,8.830917000068439,40.40471100006471,0.3406552494415488,1580,0,0,1115,0.9936659192825112,0
16.73572,17,0,0,0,0.0005130000317876693,38.83537299998352,8.749560000069323,38.876398999946105,0.34043978122558316,1581,0,0,1115,0.9946188340807175,0
16.77614,17,0,0,0,0.0006170002961880527,40.37382499973319,9.456380999836256,40.417623999928765,0.34022458540938494,1582,0,0,1116,0.9946796594982079,0
16.81467,17,0,0,0,0.0003059999471588526,38.481519000015396,8.909211999707622,38.51938399975552,0.3400096614767195,1583,0,0,1116,0.9956317204301075,0
16.85349,17,0,0,0,0.0003120003384537995,38.77386199974353,8.641016999717976,38.817008000023634,0.339795008912656,1584,0,0,1117,0.9956915846016114,0
16.89237,17,0,0,0,0.00028400017981766723,38.82358900000327,8.745425000142859,38.87042799988194,0.33958062720356286,1585,0,0,1120,0.9939732142857143,0
16.93088,17,0,0,0,0.0002969995875901077,38.449845999821264,8.692280000104802,38.50459100021908,0.3393665158371041,1586,0,0,1069,0.9940364826941066,0
16.96947,16,0,0,0,0.0003069999365834519,38.54265600011786,8.334632999776659,38.583420000122715,0.33041902961562697,1587,0,0,1072,0.9921875,0
17.00805,16,0,0,0,0.0003069999365834519,38.53155800015884,8.307656999932078,38.57201599976179,0.3302109571788413,1588,0,0,1073,0.9921947809878844,0
17.04691,16,0,0,0,0.00031900026442599483,38.81493400012914,8.328032000008534,38.85689700018702,0.3300031466331026,1589,0,0,1076,0.9903578066914498,0
17.0856,16,0,0,0,0.0003180002750013955,38.642379000066285,8.408031999806553,38.68352199970104,0.3297955974842768,1590,0,0,1077,0.9903667595171773,0
17.12342,16,0,0,0,0.00029300008463906124,37.76699099989855,8.372524000151316,37.80699099979756,0.329588309239472,1591,0,0,1078,0.9903756957328386,0
17.16299,16,0,0,0,0.0005580000106419902,39.530297000055725,8.342937999714195,39.57725999998729,0.32938128140703515,1592,0,0,1078,0.9913033395176253,0
17.20164,16,0,0,0,0.000458000158687355,38.58653600036632,8.321890999923198,38.62896499958879,0.32917451349654736,1593,0,0,1078,0.9922309833024119,0
17.23975,16,0,0,0,0.00033400010579498485,38.04042100000515,8.347877999767661,38.08102599987251,0.3289680050188206,1594,0,0,1079,0.9922381835032438,0
17.2779,16,0,0,0,0.0002659999154275283,38.104126999769505,8.88649600028657,38.139004000186105,0.32876175548589337,1595,0,0,1079,0.9931649675625579,0
17.34064,16,1,1,256,25.13900200028729,37.53989000006186,8.275528000012855,62.73916400004964,0.3285557644110275,1596,0,0,1136,0.9582966549295775,0
17.4089,16,0,1,256,30.806926999957795,37.41062399967632,8.286736000172823,68.25719800008301,0.32835003130870377,1597,0,0,1136,0.9732614436619719,0
17.4758,16,0,1,256,28.16746000007697,38.673113999720954,8.379487999718549,66.88689500015244,0.3281445556946183,1598,0,0,1137,0.9873570800351803,0
17.56858,17,1,1,256,54.065473999798996,38.630618000297545,8.809149000171601,92.77408000025389,0.33451053967553246,1599,0,0,1199,0.9505316930775647,0
17.63602,17,1,2,256,28.790367000055994,38.5694529995817,8.723159000055603,67.43661700011216,0.33430147058823534,1600,0,0,1260,0.9180555555555555,0
17.70514,17,0,2,256,29.481994999969174,39.57299500007139,8.859702000336256,69.10891999996238,0.334092662674064,1601,0,0,1263,0.9293844022169437,0
17.7737,17,0,2,256,29.33228199981386,39.15143899985196,8.755649000249832,68.55197400000179,0.3338841154439304,1602,0,0,1184,0.9382390202702703,0
17.87079,17,0,1,256,56.31239199965421,40.715562000059435,8.851297000092018,97.08503100000598,0.3445378151260504,1603,0,0,1186,0.9510434232715008,0
17.93977,17,0,1,256,29.47862900009568,39.44587200021488,8.759142000144493,68.97701400021106,0.34432301598943815,1604,0,0,1187,0.9646166807076664,0
18.00785,17,0,1,256,29.684668999834685,38.333079000040016,8.69188300021051,68.06801699985954,0.3441084845153014,1605,0,0,1190,0.9765231092436975,0
18.07643,17,0,1,256,29.155284999887954,39.3729219999841,8.727264999834006,68.58116500006872,0.3438942202036481,1606,0,0,1191,0.9900293870696893,0
18.14636,18,0,0,13,29.995237999628444,39.87243199981094,9.728075000111858,69.92281500015451,0.34733457788840494,1607,0,0,1192,0.990824244966443,0
18.21241,18,1,1,256,26.214088999950036,39.75001200024053,9.216226999797072,66.03729500011468,0.3471185737976783,1608,0,0,1246,0.9616272070626003,0
18.28318,18,0,1,256,29.21496700037096,41.499733999899036,9.779451000213157,70.76698899982148,0.3469028382017817,1609,0,0,1246,0.9753711878009631,0
18.35331,18,0,1,256,29.215888000180712,40.84805499996946,9.26746599998296,70.11878499997692,0.3466873706004141,1610,0,0,1247,0.9883219727345629,0
18.42548,19,0,0,94,31.669536999743286,40.42175699987638,10.318811000161077,72.16116600011446,0.3527067202456794,1611,0,0,1248,0.9931891025641025,0
18.49092,19,1,1,256,25.356894000196917,40.01054499985912,10.05151899971679,65.436845000022,0.3524879195507379,1612,0,0,1330,0.9448778195488722,0
18.5597,19,0,1,256,28.268156000194722,40.45074299983753,9.831689999828086,68.77018600016527,0.35226939015238035,1613,0,0,1331,0.9570811419984974,0
18.6268,19,0,1,256,28.063959000064642,38.98990900006538,9.603713999695174,67.09680500034665,0.35205113154633794,1614,0,0,1332,0.9692661411411412,0
18.69368,19,0,1,256,28.2234849996712,38.59846400018796,9.598216000085813,66.8683079998118,0.351833143229591,1615,0,0,1333,0.9814328582145536,0
18.76164,19,0,1,256,28.21661000007225,39.688998000201536,9.582905000115716,67.95656000031158,0.3516154247003648,1616,0,0,1334,0.9935813343328336,0
18.83426,20,0,0,29,30.48534599975028,42.063982999934524,10.822242000358528,72.6121669999884,0.343351886209029,1617,0,0,1337,0.993642483171279,0
18.87898,20,0,0,0,0.0003000000106112566,44.66906800007564,10.308813999927224,44.71310699955211,0.3431396786155748,1618,0,0,1339,0.993091859596714,0
18.94559,20,1,1,256,25.847690999853512,40.68608100033089,10.277158999997482,66.60831399995004,0.3429277331686226,1619,0,0,1392,0.9676724137931034,0
19.06115,20,0,1,256,29.294798000137234,86.1897320000935,52.876706999995804,115.54337200004738,0.34271604938271605,1620,0,0,1394,0.9786585365853658,0
19.13595,20,0,1,256,32.667107000179385,42.07430699989345,11.477824999928998,74.79983600023843,0.3425046267735965,1621,0,0,1397,0.9889047959914101,0
19.21308,21,0,0,36,30.16925700012507,46.89544700022452,14.196364999861544,77.12242800016611,0.35000880746873353,1622,0,0,1398,0.9907457081545065,0
19.25818,21,0,0,0,0.00030499995773425326,45.04378899991934,12.99864200018419,45.088870999734354,0.3497931520112666,1623,0,0,1399,0.990975696926376,0
19.30196,21,0,0,0,0.00031599984140484594,43.736535999869375,12.254013000074337,43.78049100023418,0.34957776213933844,1624,0,0,1399,0.9919138670478913,0
19.34561,21,0,0,0,0.0003330001163703855,43.59336200013786,12.635296000098606,43.63761100012198,0.3493626373626374,1625,0,0,1399,0.9928520371694067,0
19.39014,21,0,0,0,0.00031099989428184927,44.474496000020736,13.119545000336075,44.5204949996878,0.3491477771920576,1626,0,0,1400,0.9930803571428571,0
19.46212,21,1,1,256,25.483532000180276,46.41296700037856,14.772802000152296,71.9702800001869,0.3489331811396962,1627,0,0,1445,0.9741349480968858,0
19.53498,21,0,1,256,29.210717999831104,43.59511099983138,12.360208999780298,72.86855199981801,0.34871884871884873,1628,0,0,1445,0.9861159169550173,0
19.61194,22,0,0,179,31.082506000075227,45.80622299999959,14.059341999654862,76.94226200010235,0.3588369886712428,1629,0,0,1446,0.9941217150760719,0
19.65771,22,0,0,0,0.0002800002221192699,45.71854899995742,13.537884000015765,45.75922200001514,0.35861684327942,1630,0,0,1447,0.9943849343469247,0
19.70346,22,0,0,0,0.0003319996721984353,45.705780000389495,13.249551999706455,45.750631999908364,0.35839696783902797,1631,0,0,1448,0.9946477900552486,0
19.74808,22,0,0,0,0.00044799980969401076,44.561040999724355,12.64211499983503,44.60948799987818,0.3581773618538324,1632,0,0,1449,0.9949102829537612,0
19.79269,22,0,0,0,0.0002980000317620579,44.56095000023197,13.265694999972766,44.60562700023729,0.3579580248288148,1633,0,0,1452,0.993801652892562,0
19.8373,22,0,0,0,0.00027899977794731967,44.55670800007283,13.369546999911108,44.598297999982606,0.35773895627016805,1634,0,0,1455,0.9926975945017182,0
19.88074,22,0,0,0,0.000475999968330143,43.39308799990249,11.38558100001319,43.4343879996959,0.3575201556852933,1635,0,0,1457,0.9922786547700755,0
19.92355,22,0,0,0,0.0003029999788850546,42.7580950004085,11.459462999937386,42.8047269997478,0.3573016225827962,1636,0,0,1459,0.9918608636052091,0
19.96622,22,0,0,0,0.0003039999683096539,42.59741799978656,11.415844000111974,42.638760000045295,0.3570833564724829,1637,0,0,1462,0.990766073871409,0
20.00995,22,0,0,0,0.000288999672193313,43.682618999810074,11.783969999669353,43.727890999889496,0.3568653568653569,1638,0,0,1463,0.9910287081339713,0
20.07979,22,1,1,256,26.221316999908595,43.541088999973,11.44562199988286,69.82892099995297,0.35664762327361477,1639,0,0,1510,0.9716887417218543,0
20.1508,22,0,1,256,28.2518170001822,42.70607900025425,11.334425999848463,71.00705600032597,0.35643015521064303,1640,0,0,1510,0.9831953642384106,0
20.22683,23,0,0,221,30.48644399996192,45.47840699979133,12.516210000285355,76.02202700036287,0.36478287364544415,1641,0,0,1510,0.993294701986755,0
20.27509,23,0,0,0,0.00031100034902920015,48.209099000359856,12.415688000146474,48.255986999720335,0.3645607159879256,1642,0,0,1512,0.9929315476190477,0
20.32066,23,0,0,0,0.00031400031730299816,45.511470999827,12.25112900010572,45.55822799966336,0.3643388287596919,1643,0,0,1513,0.9932253800396563,0
20.36578,23,0,0,0,0.00026400039132568054,45.068382999943424,12.588974999744096,45.111665000149515,0.36411721146725906,1644,0,0,1514,0.9935188243064729,0
20.4103,23,0,0,0,0.0003210002432751935,44.47471899993616,12.205830999846512,44.51932599977226,0.3638958636183428,1645,0,0,1515,0.9938118811881188,0
20.45554,23,0,0,0,0.0004200001058052294,45.191306000106124,12.120651999794063,45.23633400003746,0.3636747847218553,1646,0,0,1516,0.9941045514511874,0
20.50122,23,0,0,0,0.0003259997356508393,45.6068039998172,12.367111000003206,45.66582400002517,0.3634539742879016,1647,0,0,1517,0.9943968358602505,0
20.54653,23,0,0,0,0.00031399986255564727,45.26019700006145,12.624280999716575,45.303828999749385,0.36323343182777545,1648,0,0,1518,0.9946887351778656,0
20.59118,23,0,0,0,0.0002950000634882599,44.59888600013073,12.191356000130327,44.644278999840026,0.3630131568539563,1649,0,0,1521,0.9936719263642341,0
20.63586,23,0,0,0,0.00027599980967352167,44.61167399995247,12.154661000295164,44.65727600017999,0.3627931488801054,1650,0,0,1524,0.9926591207349081,0
20.68104,23,0,0,0,0.0006210002538864501,45.12640199982343,12.2636699998111,45.17269400002988,0.36257340742106237,1651,0,0,1526,0.992300131061599,0
20.72627,23,0,0,0,0.00031699983082944527,45.16053399993325,12.647870999899169,45.22465199988801,0.3623539319928414,1652,0,0,1424,0.991968047752809,0
20.76953,22,0,0,0,0.0005550000423681922,43.20911500008151,11.552712999673531,43.25242499999149,0.37851289666171695,1653,0,0,1427,0.9908461807988788,0
20.81431,22,0,0,0,0.0003180002750013955,44.701375999920856,11.534092000147211,44.77010800019343,0.3782840496867099,1654,0,0,1428,0.9911151960784313,0
20.85841,22,0,0,0,0.0003199997991032433,44.05033500006539,11.47556199975952,44.097444000271935,0.37805547926393845,1655,0,0,1429,0.9913838348495452,0
20.9023,22,0,0,0,0.0002800002221192699,43.82560299973193,11.826759000086895,43.881210000108695,0.3778271848924023,1656,0,0,1325,0.9920754716981132,0
20.94463,21,0,0,0,0.00029300008463906124,42.26116100016952,10.85692900005597,42.327005000061035,0.3832981468449449,1624,0,0,1258,0.9931438791732909,0
20.98593,20,0,0,0,0.0002970000423374586,41.247599000143964,10.33694599982482,41.289372999926854,0.3849230769230769,1625,0,0,1260,0.9925595238095238,0
21.02655,20,0,0,0,0.00030800038075540215,40.56629400020029,10.121791000074154,40.610069000194926,0.3846863468634686,1626,0,0,1261,0.9927636796193497,0
21.06864,20,0,0,0,0.00029000011636526324,42.0210320003207,10.30829100000119,42.06277000002956,0.3844499078057775,1627,0,0,1262,0.9929675118858954,0
21.1098,20,0,0,0,0.0003350000952195842,41.11382000019148,10.026553999978205,41.15748300000632,0.3842137592137592,1628,0,0,1263,0.9931710213776722,0
21.15076,20,0,0,0,0.000261999957729131,40.9032490001664,10.098527000081958,40.946297999653325,0.38397790055248615,1629,0,0,1264,0.9933742088607594,0
21.19222,20,0,0,0,0.00030199998946045525,41.41196599994146,10.14346600004501,41.45406899988302,0.38374233128834356,1630,0,0,1265,0.9935770750988142,0
21.23301,20,0,0,0,0.0002939996193163097,40.7263439997223,10.209485999894241,40.782759000194346,0.38350705088902515,1631,0,0,1265,0.9945652173913043,0
21.27449,20,0,0,0,0.00047399998948094435,41.43550199978563,10.194058999786648,41.478449999885925,0.38327205882352944,1632,0,0,1268,0.9931979495268138,0
21.3171,20,0,0,0,0.0003089999154326506,42.55185800002437,10.285424999892712,42.597963999924104,0.3830373545621556,1633,0,0,1271,0.9918371361132966,0
21.35846,20,0,0,0,0.0002980000317620579,41.320570999687334,10.22444699992775,41.36210500018933,0.3828029375764994,1634,0,0,1271,0.9928206136900078,0
21.40029,20,0,0,0,0.0003149998519802466,41.77416099992115,10.540911999669333,41.82122199972582,0.38256880733944953,1635,0,0,1273,0.9922427336999214,0
21.44131,20,0,0,0,0.0006189998202899005,40.961208999760856,10.081545000048209,41.01071500008402,0.38233496332518335,1636,0,0,1276,0.9908894984326019,0
21.48262,20,0,0,0,0.0003010000000358559,41.26139699974374,10.229270000309043,41.30469699975947,0.3821014050091631,1637,0,0,1277,0.9910924040720438,0
21.5495,20,1,1,256,25.611872999888874,41.175555999870994,10.224716999800876,66.86839599979066,0.38186813186813184,1638,0,0,1362,0.9419052863436124,0
21.61946,20,1,2,256,29.13087400020231,40.75353300004281,10.411413999918295,69.9519310001051,0.38163514338010984,1639,0,0,1413,0.9201167728237792,0
21.69087,20,0,2,256,29.203528000380174,42.14600000022983,10.44840699978522,71.4031040001828,0.3814024390243902,1640,0,0,1413,0.9323248407643312,0
21.76241,20,0,2,256,30.175170000347862,41.30406300009781,10.391149000042788,71.5373120001459,0.3811700182815356,1641,0,0,1415,0.9431978798586572,0
21.83645,20,0,2,256,31.90092300019387,42.07328300026347,10.795783000048687,74.03096100006223,0.38093788063337397,1642,0,0,1416,0.9547139830508474,0
21.93628,21,0,1,256,57.34399199991458,42.42147800005114,11.125581999749556,99.81924200019421,0.3713300292728169,1643,0,0,1417,0.966257939308398,0
22.01023,21,0,1,256,30.187157999989722,43.69520099999136,12.4180179996074,73.94866100003128,0.37110415942532726,1644,0,0,1418,0.9777856135401974,0
22.0846,21,0,1,256,30.495249000068725,43.80849600011061,12.431672000275285,74.3579659997522,0.3708785641916341,1645,0,0,1419,0.9892970401691332,0
22.16009,22,0,0,94,29.834467000000586,45.59268599996358,12.865842999872257,75.48605600004521,0.3771401745277808,1646,0,0,1421,0.9930066854327938,0
22.20645,22,0,0,0,0.0002849997144949157,46.30784900018625,13.510414000393212,46.34896400011712,0.3769111883865982,1647,0,0,1421,0.9939743138634765,0
22.25142,22,0,0,0,0.00031599984140484594,44.91386500012595,12.915419999899314,44.970330000069225,0.37668248014121797,1648,0,0,1365,0.9932234432234432,0
22.29495,21,0,0,0,0.0003010000000358559,43.47807299973283,12.446663999980956,43.520829000044614,0.37358861070201277,1649,0,0,1368,0.9920047514619883,0
22.36384,21,1,1,256,24.890610000056768,43.92516899997645,12.327125999945565,68.8828139996076,0.37336219336219334,1650,0,0,1406,0.9775071123755334,0
22.43812,21,0,1,256,29.776963000131218,44.4411520002177,12.510465999639564,74.27372100028151,0.3731360503014046,1651,0,0,1408,0.9884144176136364,0
22.51106,22,0,0,93,28.94930899992687,43.931808000252204,12.819248999676347,72.93474200014316,0.38476777459828304,1652,0,0,1411,0.9914068036853295,0
22.55465,22,0,0,0,0.00027799978852272034,43.542283000078896,12.612096999873756,43.58187000025282,0.38453500522466044,1653,0,0,1412,0.9916784702549575,0
22.5991,22,0,0,0,0.000282999735645717,44.40430500017101,12.558844000068348,44.44337299992185,0.38430251731340004,1654,0,0,1413,0.9919497523000708,0
22.6426,22,0,0,0,0.0003070003913308028,43.45573599994168,11.326784000175394,43.491476999861334,0.3840703103542983,1655,0,0,1414,0.9922206506364922,0
22.68527,22,0,0,0,0.00031399986255564727,42.633269999896584,11.14726299965696,42.66754199989009,0.38383838383838387,1656,0,0,1414,0.9931930693069307,0
22.72811,22,0,0,0,0.0002659999154275283,42.794684000000416,11.488672000268707,42.83639899995251,0.38360673725791405,1657,0,0,1416,0.9927612994350282,0
22.77126,22,0,0,0,0.0002770002538454719,43.10337200013237,11.37704200027656,43.14324300003136,0.38337537010637135,1658,0,0,1417,0.9930310515172901,0
22.81463,22,0,0,0,0.00024100017981254496,43.31339999998818,11.371189999863418,43.35792699976082,0.38314428187845906,1659,0,0,1418,0.9933004231311706,0
22.85797,22,0,0,0,0.00028800013751606457,43.29783999992287,11.57436699986647,43.33919300006528,0.3829134720700986,1660,0,0,1419,0.993569415081043,0
22.92691,22,1,1,256,25.60054700006731,43.24789399970541,11.397277000014583,68.9198000000033,0.38268294017842486,1661,0,0,1468,0.972241144414169,0
22.99954,22,0,1,256,28.317128000253433,44.259816000248975,11.288893000255484,72.63125800000125,0.38245268570178315,1662,0,0,1470,0.9827380952380952,0
23.07628,23,0,0,237,30.685153999911563,45.99741699985316,12.333099999978003,76.73191300000326,0.38950037909487834,1663,0,0,1470,0.9937925170068027,0
23.12187,23,0,0,0,0.0003089999154326506,45.542740000200865,12.385111000185134,45.58703099974082,0.38926630434782605,1664,0,0,1472,0.9934188179347826,0
23.16635,23,0,0,0,0.000258999989455333,44.421056999908615,11.920483000267268,44.46493499972348,0.38903251077164125,1665,0,0,1475,0.9923728813559322,0
23.21109,23,0,0,0,0.0002770002538454719,44.69107000022632,12.116148000131943,44.73255999982939,0.3887989978600136,1666,0,0,1476,0.99267445799458,0
23.25565,23,0,0,0,0.0005920001058257185,44.51080399985585,11.820367999916925,44.554666000294674,0.388565765107848,1667,0,0,1478,0.9923037889039242,0
23.30089,23,0,0,0,0.0002970000423374586,45.189769999979035,12.333357999978034,45.23339400020632,0.3883328120112606,1668,0,0,1481,0.9912643484132343,0
23.3456,23,0,0,0,0.00027900023269467056,44.66344399997979,11.93936500021664,44.71067699978448,0.38810013806757493,1669,0,0,1482,0.9915654520917678,0
23.39123,23,0,0,0,0.000291999640467111,45.55162500037113,11.968866000188427,45.61450499977582,0.3878677427753189,1670,0,0,1387,0.9924297043979813,0
23.43426,21,0,0,0,0.000276999799098121,42.98152100000152,11.135356000067986,43.02596000025005,0.3723746829671426,1671,0,0,1388,0.9926603025936599,0
23.47673,21,0,0,0,0.000291999640467111,42.42543700001988,11.092982000263873,42.4629350000032,0.37215197083618134,1672,0,0,1388,0.9936059077809798,0
23.5193,21,0,0,0,0.0003229997673770413,42.524339000010514,11.253772000145545,42.56793199965614,0.37192952494805454,1673,0,0,1390,0.9931205035971223,0
23.56159,21,0,0,0,0.00029300008463906124,42.21624100000554,11.170122000294214,42.278829000224505,0.3717073448256244,1674,0,0,1391,0.9933501078360891,0
23.6041,21,0,0,0,0.00031299987313104793,42.45220500024516,11.225079000269034,42.500337999626936,0.3714854299928927,1675,0,0,1392,0.9935793821839081,0
23.6464,21,0,0,0,0.00032200023269979283,42.25229499979832,11.23763300029168,42.2950590000255,0.37126377997499715,1676,0,0,1393,0.993808327351041,0
23.68843,21,0,0,0,0.00029900002118665725,41.98190700026316,11.138964000110718,42.02479500008849,0.3710423942982083,1677,0,0,1395,0.9933243727598566,0
23.73149,21,0,0,0,0.0002710003172978759,43.010671000047296,11.193740000180696,43.05292999970334,0.3708212724899257,1678,0,0,1397,0.9928418038654259,0
23.77494,21,0,0,0,0.00030500041248160414,43.38772600021912,11.175271999945835,43.43770800005586,0.37060041407867494,1679,0,0,1342,0.9941318926974665,0
23.84018,20,1,1,256,24.775365000095917,40.39519400021163,10.583462999875337,65.23357900005067,0.36470238095238094,1680,0,0,1406,0.9611486486486487,0
23.90848,20,0,1,256,27.72212900026716,40.50931399979163,10.701918999984628,68.27974999987418,0.3644854253420583,1681,0,0,1408,0.9720348011363636,0
23.97713,20,0,1,256,28.18909999996322,40.39478200002122,10.626228000091942,68.64337800016074,0.364268727705113,1682,0,0,1351,0.9829293116210215,0
24.04963,20,0,0,221,29.717019999679906,42.71130999995876,10.859680000066874,72.49735000004875,0.3622103386809269,1683,0,0,1353,0.9926090169992609,0
24.09142,20,0,0,0,0.0002750002749962732,41.73635100005413,10.847819999980857,41.78165400026046,0.3619952494061758,1684,0,0,1355,0.9920664206642067,0
24.1573,20,1,1,256,25.057237000055466,40.732584000124916,10.715407000134292,65.87016799994672,0.36178041543026707,1685,0,0,1451,0.9383184011026878,0
24.22764,20,0,1,256,28.306372999850282,41.975653000008606,10.844021000139037,70.33616200033066,0.36156583629893235,1686,0,0,1452,0.9495523415977961,0
24.29854,20,0,1,256,29.31639400003405,41.52214299983825,10.850362999917706,70.89493099965694,0.3613515115589805,1687,0,0,1453,0.9607708189951824,0
24.36834,20,0,1,256,28.605332000097405,41.136325000024954,10.789844000100857,69.79129599994849,0.3611374407582938,1688,0,0,1453,0.9726428079834825,0
24.43967,20,1,2,256,29.522732000259566,41.70325999984925,10.849618000065675,71.3190950000353,0.36092362344582596,1689,0,0,1466,0.9414648703956344,0
24.53737,20,0,1,256,56.18904899984045,41.447623999829375,11.011918000349397,97.69163400005709,0.3396745562130178,1690,0,0,1467,0.9525817995910021,0
24.60886,20,0,1,256,29.479301999799645,41.950239000016154,11.166665000018838,71.4821189999384,0.33947368421052626,1691,0,0,1468,0.963683583106267,0
24.68115,20,0,1,256,29.623646999880293,42.59841300017797,11.104521999641292,72.28353600021364,0.33927304964539007,1692,0,0,1469,0.9747702518720218,0
24.75234,20,0,1,256,30.156771000292792,40.9611660002156,11.026026999843452,71.18913299973428,0.33907265209686943,1693,0,0,1364,0.984833211143695,0
24.8476,20,1,1,256,54.37778599980447,40.797083000143175,10.456901999987167,95.2524760000415,0.28654605263157895,1520,0,0,1404,0.9690616096866097,0
24.91707,20,1,2,256,29.217417999916506,40.17301800013229,10.437856999942596,69.45987800008879,0.28635765943458247,1521,0,0,1439,0.9574791521890201,0
24.98705,20,0,2,256,29.130930000064836,40.78241099978186,10.305780000180675,69.96631199990588,0.28616951379763467,1522,0,0,1440,0.9687934027777778,0
25.08499,21,0,1,256,55.3016930002741,42.58541600029275,10.984672000176943,97.93795400037197,0.301972923115405,1523,0,0,1442,0.9794556171983356,0
25.1547,21,0,1,256,29.242844999771478,40.40367100014919,10.736705999988772,69.70051400003285,0.3017747781527309,1524,0,0,1443,0.9907744282744283,0
25.22571,22,0,0,45,29.645770999650267,41.30154799986485,11.198127000170643,71.00519799996619,0.31684053651266764,1525,0,0,1445,0.9923010380622838,0
25.29521,22,1,1,256,26.48568399990836,42.92139400013184,11.42540499995448,69.48861799992301,0.31663290837602764,1526,0,0,1502,0.9662117177097204,0
25.36593,22,1,2,256,29.05891900036295,41.57465499974933,11.2538719999975,70.71593399996345,0.31642555218193724,1527,0,0,1499,0.931454302868579,0
25.43724,21,0,2,256,29.703931999847555,41.53313299957517,10.578002000329434,71.29783599975781,0.31974569932685115,1528,0,0,1501,0.9417471685542972,0
25.53733,22,0,1,256,57.54596399992806,42.48200500023813,11.305215999982465,100.08458699985567,0.3246923122658898,1529,0,0,1502,0.9526880825565912,0
25.60985,22,0,1,256,29.86215999999331,42.60165799996685,11.3268289996995,72.51397199979692,0.3244800950683303,1530,0,0,1502,0.9642559920106525,0
25.68273,22,0,1,256,29.99349900028392,42.81981300027837,11.361001999830478,72.871546999977,0.32426815509767826,1531,0,0,1504,0.9745262632978723,0
25.75617,22,0,1,256,30.643705999864324,42.73542700002508,11.24743899981695,73.43875500009744,0.324056491811061,1532,0,0,1506,0.984769256308101,0
25.83175,23,0,0,192,32.141206999767746,43.36805100001584,11.90621200021269,75.56809700008671,0.32156328880569496,1533,0,0,1507,0.9930325149303252,0
25.87532,23,0,0,0,0.00030800038075540215,43.517802999758715,11.813558000085322,43.563699000060296,0.3213536647582337,1534,0,0,1508,0.9933272546419099,0
25.91897,23,0,0,0,0.00028700014809146523,43.58571800003119,12.024723000195081,43.64523799995368,0.32114431383656705,1535,0,0,1421,0.9934465165376496,0
25.96153,22,0,0,0,0.00024700011636014096,42.50363199980711,11.230250000153319,42.549484000119264,0.3315873579545454,1536,0,0,1425,0.9916228070175439,0
26.00417,22,0,0,0,0.00030499995773425326,42.59636100005082,11.22886799976186,42.636695000055624,0.33137162122197905,1537,0,0,1425,0.9925877192982456,0
26.04717,22,0,0,0,0.000285999703919515,42.937234999953944,11.215141999855405,42.99689999970724,0.3311561650313276,1538,0,0,1354,0.9936299852289513,0
26.08951,21,0,0,0,0.00031100034902920015,42.28252099983365,10.58928400016157,42.32649300001867,0.3339521643615211,1539,0,0,1357,0.992400515843773,0
26.13159,21,0,0,0,0.0003120003384537995,42.014384000140126,10.685400999591366,42.07148900013635,0.3337353123067409,1540,0,0,1358,0.9926362297496318,0
26.19925,21,1,1,256,25.638213000092946,41.941270000279474,10.620554999604792,67.651498000032,0.3335187416952504,1541,0,0,1397,0.9773174659985684,0
26.2701,21,0,1,256,29.239546000098926,41.543257999819616,10.567495000032068,70.84306699971421,0.3333024519794948,1542,0,0,1400,0.9875892857142857,0
26.34348,22,0,0,89,30.549329000223224,42.77376100026231,11.248825999700784,73.37588800010053,0.34569610557944974,1543,0,0,1400,0.9925446428571428,0
26.38663,22,0,0,0,0.0004429998625710141,43.09845599982509,11.16693399990254,43.14243599992551,0.34547220913801224,1544,0,0,1402,0.9921094864479315,0
26.42912,22,0,0,0,0.00025800000003073364,42.43440799973541,11.20715500019287,42.47987999997349,0.3452486025301559,1545,0,0,1403,0.9923823948681397,0
26.47161,22,0,0,0,0.00030499995773425326,42.4457409999377,11.137108000184526,42.4868410000272,0.3450252851934611,1546,0,0,1403,0.9933624376336422,0
26.51398,22,0,0,0,0.0003210002432751935,42.3107470001014,11.152780999964307,42.367918000309146,0.3448022565669624,1547,0,0,1405,0.9929270462633452,0
26.55624,22,0,0,0,0.0003060004019062035,42.18501500008642,11.111128000266035,42.244448000019474,0.344579516091144,1548,0,0,1321,0.9931869795609387,0
26.59752,21,0,0,0,0.00031900026442599483,41.23532899984639,10.420399999929941,41.275795999808906,0.35466814227304866,1549,0,0,1322,0.993428517397882,0
26.63838,21,0,0,0,0.00027300029614707455,40.807946999848355,10.249422000015329,40.854191000107676,0.3544393241167435,1550,0,0,1324,0.9929191842900302,0
26.67882,21,0,0,0,0.00033400010579498485,40.370174999679875,10.370510000029753,40.42875400000412,0.3542108010193117,1551,0,0,1238,0.993235056542811,0
26.72039,20,0,0,0,0.0006210002538864501,41.52129900012369,10.141482999642903,41.56636800007618,0.36617268041237117,1552,0,0,1242,0.9910426731078905,0
26.76095,20,0,0,0,0.0003639997885329649,40.5184090000148,9.842131000368681,40.556994000326085,0.3659368963296845,1553,0,0,1242,0.992049114331723,0
26.80226,20,0,0,0,0.0005249999048828613,41.251136000028055,9.820880999996007,41.3047390002248,0.3657014157014157,1554,0,0,1175,0.9933510638297872,0
26.84256,19,0,0,0,0.0002970000423374586,40.24409600015133,9.411967999767512,40.30235700020057,0.36791335251311563,1555,0,0,1178,0.9918293718166383,0
26.88215,19,0,0,0,0.000288999672193313,39.523876999737695,9.398248000252352,39.56634199994369,0.36767690434312006,1556,0,0,1179,0.9919953350296862,0
26.92198,19,0,0,0,0.00043000000005122274,39.77753000026496,9.513216999948781,39.8255820000486,0.3674407598958862,1557,0,0,1180,0.9921610169491526,0
26.96195,19,0,0,0,0.00036900019040331244,39.90560900001583,9.379747999901156,39.96016700011751,0.367204918586582,1558,0,0,1182,0.9914868866328257,0
27.00139,19,0,0,0,0.0003029999788850546,39.39749200026199,9.484532999977091,39.4337689999702,0.36696937983187605,1559,0,0,1182,0.9924915397631133,0
27.04116,19,0,0,0,0.0006950003808015026,39.71991699972932,9.414924000338942,39.76397199994608,0.36673414304993257,1560,0,0,1184,0.9918179898648649,0
27.081,19,0,0,0,0.00044800026444136165,39.79506899986518,9.385093000219058,39.84598499982894,0.36649920766040667,1561,0,0,1185,0.9919831223628692,0
27.12128,19,0,0,0,0.00038600001062150113,40.21786000021166,9.390733999680378,40.257972000290465,0.3662645730844396,1562,0,0,1185,0.9929852320675105,0
27.16296,19,0,0,0,0.0003440000000409782,41.63370300011593,9.591212000032101,41.68008299984649,0.36603023874465435,1563,0,0,1186,0.9931492411467117,0
27.20497,19,0,0,0,0.0005500000952451956,41.95204100005867,9.712560000025405,42.000219999863475,0.3657962040651501,1564,0,0,1187,0.9933129738837405,0
27.24624,19,0,0,0,0.000520999947184464,41.21705999978076,9.58995800010598,41.25973000009253,0.3655624684714982,1565,0,0,1188,0.993476430976431,0
27.3142,19,1,1,256,26.555892000033055,41.32357200023762,9.65141799997582,67.95447299964508,0.36532903139073736,1566,0,0,1234,0.9703707455429498,0
27.38449,19,0,1,256,29.608725999878516,40.60959999969782,9.716065000247909,70.28828300008172,0.36509589225136874,1567,0,0,1165,0.9826716738197425,0
27.45779,19,0,0,184,31.52280999984214,41.71293900026285,9.870918999695277,73.29410299962547,0.3789943609022557,1568,0,0,1168,0.9910102739726028,0
27.49911,19,0,0,0,0.000731999989511678,41.27240400021037,9.514594999927795,41.31112699997175,0.37875280936567035,1569,0,0,1168,0.9920269691780822,0
27.53979,19,0,0,0,0.00038899997889529914,40.626093999890145,9.435564999876078,40.669993000392424,0.378511565538049,1570,0,0,1168,0.9930436643835616,0
27.60712,19,1,1,256,26.421606999974756,40.806341000006796,9.625117000268801,67.32060200010892,0.37827062883178664,1571,0,0,1129,0.9611381753764393,0
27.67571,18,0,1,256,29.103751000093325,39.42303600024388,8.826624999983324,68.58102900014273,0.3954622561492791,1572,0,0,1130,0.9754424778761062,0
27.74478,18,0,1,256,29.75206300015998,39.268496999739,8.901964999949996,69.07007700010581,0.39521084975630427,1573,0,0,1130,0.9905973451327433,0
27.81489,19,0,0,40,29.955186999814032,40.09713499999634,9.276313999635022,70.10723599978519,0.3997859961211797,1574,0,0,1132,0.9921046819787986,0
27.85415,19,0,0,0,0.0005860001692781225,39.20388100004857,9.290154000154871,39.24306799990518,0.39953216374269007,1575,0,0,1132,0.9931537102473498,0
27.89439,19,0,0,0,0.0004059997991134878,40.19443500010311,9.282055999847216,40.23607199997059,0.39927865348650815,1576,0,0,1135,0.9915748898678414,0
27.93416,19,0,0,0,0.0003879999894706998,39.71913900022628,9.305945000050997,39.760400999966805,0.3990254647398458,1577,0,0,1136,0.9917473591549296,0
27.97366,19,0,0,0,0.00032499974622623995,39.45988600025885,9.2013980001866,39.5007759998407,0.39877259689146827,1578,0,0,1136,0.9927926936619719,0
28.01329,19,0,0,0,0.00040699978853808716,39.540803999898344,9.20270899996467,39.59559499980969,0.39852004933168894,1579,0,0,1058,0.9930293005671077,0
28.0531,18,0,0,0,0.0002849997144949157,39.770329000020865,8.716853999885643,39.81271900011052,0.4089310829817159,1580,0,0,1059,0.9931539187913125,0
28.09285,18,0,0,0,0.0003680002009787131,39.69880300019213,8.811615000013262,39.74269199989067,0.4086724295452948,1581,0,0,1060,0.9932783018867924,0
28.13217,18,0,0,0,0.00043899990487261675,39.271599000130664,8.789858000000095,39.31572999999844,0.40841410310436854,1582,0,0,1063,0.9915333960489181,0
28.17098,18,0,0,0,0.00035699986256076954,38.75842900015414,8.803346999684436,38.80656999990606,0.40815610303923633,1583,0,0,1064,0.9916588345864662,0
28.21046,18,0,0,0,0.0003760001163755078,39.423823000106495,8.693245999893406,39.46688699988954,0.4078984287317621,1584,0,0,1067,0.9899250234301781,0
28.24947,18,0,0,0,0.0003420000211917795,38.95818399996642,8.844020000196906,38.99783999986539,0.40764107956536977,1585,0,0,1067,0.990979381443299,0
28.28915,18,0,0,0,0.0004049998096888885,39.635603000078845,8.752750999974523,39.678361999904155,0.4073840549250385,1586,0,0,1067,0.9920337394564198,0
28.3294,18,0,0,0,0.0006149998625915032,40.19813000013528,9.14657300018007,40.24118000006638,0.4071273541972975,1587,0,0,1069,0.9912301216089804,0
28.36881,18,0,0,0,0.0004950002221448813,39.36198200017316,8.829899999909685,39.40744300007282,0.4068709767702211,1588,0,0,1070,0.9913551401869158,0
28.40881,18,0,0,0,0.00038899997889529914,39.952637999704166,8.918978000110656,39.98950599998352,0.4066149220334242,1589,0,0,1070,0.9924065420560748,0
28.44932,18,0,0,0,0.00040400027501164004,40.4547600001024,8.926158000122086,40.49977000022409,0.40635918937805726,1590,0,0,1071,0.992530345471522,0
28.48966,18,0,0,0,0.0004440003067429643,40.292184000009,9.117225999943912,40.332997999939835,0.40610377819680143,1591,0,0,1071,0.9935807656395892,0
28.53027,18,0,0,0,0.0003620002644311171,40.558208000220475,9.12112400010301,40.60252500039496,0.40584868788386375,1592,0,0,1074,0.991852886405959,0
28.57051,18,0,0,0,0.0007240000741148833,40.18847400038794,8.914101999835111,40.231483000297885,0.40559391783497245,1593,0,0,1075,0.9919767441860465,0
28.61061,18,0,0,0,0.0005060001058154739,40.06045599999197,8.899227999791037,40.10076300028231,0.40533946744737204,1594,0,0,1075,0.9930232558139535,0
28.64967,18,0,0,0,0.0003320001269457862,39.00546299973939,8.80602600000202,39.0478429999348,0.4050853361198189,1595,0,0,1076,0.9931459107806692,0
28.68856,18,0,0,0,0.0006079999366193078,38.84883599994282,8.724892999907752,38.90145900004427,0.4048315232525759,1596,0,0,1077,0.9932683379758589,0
28.72736,18,0,0,0,0.00039800033846404403,38.74102600002516,8.769542999743862,38.7764669999342,0.4045780282474083,1597,0,0,1078,0.9933905380333952,0
28.76604,18,0,0,0,0.00032199977795244195,38.64097799987576,8.717394000086642,38.675498999964475,0.40432485050757894,1598,0,0,1081,0.9916743755781684,0
28.80423,18,0,0,0,0.0003730001481017098,38.14543499993306,8.723599999939324,38.185697000244545,0.40407198943784306,1599,0,0,1082,0.9917975970425139,0
28.843,18,0,0,0,0.00033700007406878285,38.71997999976884,8.731591000014305,38.75439000012193,0.4038194444444444,1600,0,0,1085,0.9900921658986175,0
28.88162,18,0,0,0,0.00031899980967864394,38.582871000016894,8.71365600005447,38.616929999989225,0.40356721493511005,1601,0,0,1085,0.9911290322580645,0
28.92024,18,0,0,0,0.00032800016924738884,38.586506999763515,8.73872800002573,38.618571999904816,0.4033153003190456,1602,0,0,1085,0.9921658986175115,0
28.9587,18,0,0,0,0.00032800016924738884,38.41609099981724,8.71409000001222,38.452247000350326,0.4030637000069315,1603,0,0,1087,0.9913753449862005,0
28.99773,18,0,0,0,0.0002950000634882599,38.99473800038322,8.74402999988888,39.02804899962575,0.4028124134109171,1604,0,0,1088,0.9914981617647058,0
29.03634,18,0,0,0,0.0002770002538454719,38.57208199997331,8.741630000258738,38.60636599983991,0.40256143994461746,1605,0,0,1088,0.9925321691176471,0
29.07497,18,0,0,0,0.00031099989428184927,38.58396300029199,8.722123000097781,38.61830400001054,0.40231077902310775,1606,0,0,1089,0.992653810835629,0
29.11333,18,0,0,0,0.00030500041248160414,38.31502399998499,8.746469000016077,38.35331500022221,0.40206043006291914,1607,0,0,1089,0.9936868686868687,0
29.1773,18,1,1,256,25.334224999824073,38.570919999983744,8.781946999988577,63.96604300016406,0.4018103924820343,1608,0,0,1158,0.94926597582038,0
29.24528,18,1,2,256,28.581457000200317,39.31276799994521,8.89293699992777,67.97277600026064,0.4015606656998826,1609,0,0,1214,0.9195840197693574,0
29.3152,18,0,2,256,29.9181000000317,39.95080999993661,8.904871000140702,69.90867400008938,0.40131124913733607,1610,0,0,1214,0.9336902800658978,0
29.38382,18,1,3,256,29.297067999777937,39.25507599979028,8.888044999821432,68.61290000006193,0.40106214221670455,1611,0,0,1283,0.8968238503507404,0
29.48099,19,0,2,256,56.02830699990591,41.067031000238785,9.407549000115978,97.16607300015312,0.3980671281180619,1612,0,0,1160,0.8998922413793103,0
29.54984,17,1,3,256,29.88124500006961,38.89893499990649,8.537753999917186,68.84328399974038,0.39929251303745306,1613,0,0,1234,0.8597548622366289,0
29.61867,17,0,3,256,29.9640680000266,38.81451699999161,8.446405000086088,68.8231259996428,0.3990451199066988,1614,0,0,1236,0.872168284789644,0
29.71134,18,0,2,256,54.41146400016805,38.208658000257856,8.771446999617183,92.66742799991334,0.4023735810113519,1615,0,0,1237,0.8853071948261924,0
29.77883,18,0,2,256,29.27534700029355,38.15587000008236,8.75025299956178,67.47795999990558,0.4021245874587459,1616,0,0,1240,0.8969758064516129,0
29.84623,18,0,2,256,29.162565000206087,38.192915999843535,8.80837100021381,67.40336200027741,0.40187590187590183,1617,0,0,1240,0.9107862903225806,0
29.91387,18,1,3,256,29.157770999972854,38.40099699982602,8.771224999691185,67.62314099978539,0.40162752369180055,1618,0,0,1315,0.8718631178707225,0
30.00806,19,0,2,256,54.97112599960019,39.16472999981124,9.336202999747911,94.18313899959685,0.3979389486687689,1619,0,0,1317,0.8835895975702354,0
30.07528,19,0,2,256,28.296128999954817,38.868711999839434,9.268811000310961,67.2121440002229,0.39769330734243014,1620,0,0,1318,0.8959597875569044,0
30.1423,19,0,2,256,28.295639000134543,38.687977000336105,9.242484999958833,67.01995499997793,0.39744796908990554,1621,0,0,1318,0.9090003793626708,0
30.21047,19,0,2,256,28.428123999674426,39.68877199986309,9.290480999879946,68.15741400032493,0.3972029333506393,1622,0,0,1319,0.9213419257012888,0
30.2781,19,0,2,256,29.298972000106005,38.28912599965406,9.36192100016342,67.62764299992341,0.3969581995654571,1623,0,0,1319,0.9343726307808946,0
30.37331,20,0,1,256,55.246415000056004,39.90701100019578,9.757352999713476,95.19946699992943,0.39082512315270934,1624,0,0,1322,0.9453006807866868,0
30.44141,20,1,2,256,28.7917609998658,39.23617800001011,9.79033800012985,68.0916339997566,0.3905846153846154,1625,0,0,1293,0.9307811291569992,0
30.50922,19,0,2,256,28.722275999825797,39.047401000061654,9.268089000215696,67.80344599974342,0.3911115426943743,1626,0,0,1293,0.9440738592420727,0
30.57687,19,0,2,256,28.741971999806992,38.86035499999707,9.338875000139524,67.6521150003282,0.3908711545304564,1627,0,0,1294,0.9566267387944358,0
30.67169,20,1,2,256,54.34582399993815,40.398218000063935,10.050392000266584,94.81713900004252,0.38492014742014746,1628,0,0,1361,0.9222079353416606,0
30.74162,20,1,3,256,28.951422000318416,40.8989659999861,10.34187799996289,69.91342299988901,0.384683855125844,1629,0,0,1441,0.8829805690492714,0
30.83611,21,0,2,256,53.59147600029246,40.84890599961,10.340181999708875,94.48239699986516,0.3982763657610283,1630,0,0,1443,0.8937543312543312,0
30.90668,21,0,2,256,29.37491400007275,41.147464999994554,10.447688000112976,70.56341399993471,0.3980321742430878,1631,0,0,1444,0.9051246537396122,0
30.97679,21,0,2,256,28.866972999821883,41.170250000050146,10.450432999732584,70.1141730000927,0.3977882819794585,1632,0,0,1353,0.9092756836659276,0
31.0457,20,0,2,256,29.557687000306032,39.29659499999616,9.663717000421457,68.89566399968317,0.4135027556644213,1633,0,0,1353,0.9220251293422025,0
31.14123,21,0,1,256,54.77569200002108,40.69067999989784,10.601480999866908,95.5219509996823,0.4109109984262983,1634,0,0,1298,0.930903312788906,0
31.21039,20,0,1,256,29.022191999956704,40.085747000375704,9.77712900021288,69.15485800027454,0.4088379204892967,1635,0,0,1300,0.9427403846153846,0
31.28025,20,0,1,256,29.788985999857687,40.023412000209646,9.856355000010808,69.86149099975592,0.4085880195599022,1636,0,0,1301,0.9552747886241353,0
31.35003,20,0,1,256,30.026362000171503,39.67889399973501,9.893018999719061,69.77049699980853,0.4083384239462431,1637,0,0,1241,0.9666599516518937,0
31.41808,19,0,1,256,29.082194999773492,38.91567500022575,9.228847000031237,68.04087799991976,0.40800719748088166,1638,0,0,1242,0.9797202093397746,0
31.48773,20,0,0,250,29.902724999828934,39.6940599998743,10.277118000431074,69.64865100007955,0.39844417327638804,1639,0,0,1242,0.9933071658615137,0
31.52745,20,0,0,0,0.00032000025385059416,39.675644999988435,9.990888000174891,39.71289099990827,0.3982012195121951,1640,0,0,1245,0.991917670682731,0
31.56705,20,0,0,0,0.0002830001903930679,39.5555609998155,9.949160999894957,39.59135199966113,0.397958561852529,1641,0,0,1246,0.9921247993579454,0
31.60661,20,0,0,0,0.00022099993657320738,39.529215000129625,9.937550999893574,39.560612000059336,0.3977161997563946,1642,0,0,1246,0.9931280096308186,0
31.64632,20,0,0,0,0.00022899985197000206,39.65741000001799,10.177733000091393,39.70363200005522,0.39747413268411447,1643,0,0,1144,0.9929523601398601,0
31.70848,19,1,1,256,24.541745000078663,37.55780700021205,8.459699000013643,62.15286600036052,0.2532560910472904,1281,0,0,1182,0.9755710659898477,0
31.77383,19,0,1,256,28.192450999995344,37.11195599998973,8.47583900031168,65.34159900002123,0.2530585433943674,1282,0,0,1182,0.9901120981387479,0
31.84003,20,0,0,40,28.38319500006037,37.769996000406536,8.794310000212135,66.1919780000062,0.2687061574434918,1283,0,0,1184,0.9916068412162162,0
31.87776,20,0,0,0,0.0002770002538454719,37.693045000196435,8.753960999911214,37.72392900009436,0.2684968847352025,1284,0,0,1184,0.9926625844594594,0
31.94051,20,1,1,256,24.824607000027754,37.86374399987835,8.776169000157097,62.74614099993414,0.2682879377431907,1285,0,0,1269,0.9397655634357762,0
32.0073,20,1,2,256,27.947321999818087,38.783443000284024,8.821190999697137,66.78869600000326,0.26807931570762056,1286,0,0,1311,0.9228165522501907,0
32.07584,20,0,2,256,29.930454000350437,38.542836000033276,9.046186999967176,68.52780000008352,0.26787101787101786,1287,0,0,1313,0.934548743335872,0
32.14468,20,0,2,256,29.27912999984983,39.498441999967326,9.260326999992685,68.83038200021474,0.26766304347826086,1288,0,0,1315,0.946245247148289,0
32.21408,20,0,2,256,29.78085899985672,39.55406899967784,9.057045999725233,69.39828000031412,0.26745539177657096,1289,0,0,1258,0.9574721780604134,0
32.31275,20,0,1,256,57.912554000267846,40.69750799999383,9.315145000073244,98.66188299974965,0.26485148514851486,1313,0,0,1259,0.9704130262112788,0
32.38341,20,1,2,256,30.348619999585935,40.222454000286234,9.267380999972374,70.65464199968119,0.2646499238964992,1314,0,0,1347,0.9198218262806236,0
32.48115,21,0,1,256,57.264252999630116,40.41628999993918,9.475349000240385,97.73555700030556,0.2753938077131993,1315,0,0,1347,0.9326744617668894,0
32.5509,21,1,2,256,29.661643000054028,39.987868999560305,9.857728000042698,69.73246400002608,0.27518454190186714,1316,0,0,1427,0.8925192711983182,0
32.61962,21,0,2,256,29.229274999579502,39.425013000254694,9.55386300029204,68.7140879999788,0.27497559388219983,1317,0,0,1428,0.9040178571428571,0
32.68907,21,0,2,256,29.660273999979836,39.73300699999527,9.582226000020455,69.44453899996006,0.27476696293084757,1318,0,0,1428,0.916141456582633,0
32.75852,21,1,3,256,30.072018999817374,39.28092200021638,9.692248000192194,69.42935600000055,0.27455864832665444,1319,0,0,1517,0.873805207646671,0
32.82817,21,0,3,256,29.926196999895183,39.64262800036522,9.564123000018299,69.63687300003585,0.27435064935064934,1320,0,0,1475,0.8801694915254237,0
32.92275,21,0,2,256,54.327564999766764,40.207434999956604,9.820058000059362,94.58414300024742,0.2723389355742297,1360,0,0,1475,0.891906779661017,0
32.99133,21,0,2,256,29.07117799986736,39.44202699995003,9.80626000000484,68.57200700005706,0.2721388334907806,1361,0,0,1478,0.9018098782138024,0
33.05988,21,0,2,256,29.429646000153298,39.06642399988414,9.766356000000087,68.54308499987383,0.27193902524298996,1362,0,0,1478,0.9135233423545331,0
33.12992,21,0,2,256,29.40278699998089,40.57124799965095,9.844724999766186,70.02805399997669,0.2717395101841177,1363,0,0,1480,0.9239864864864865,0
33.22706,22,0,1,256,55.77942200034158,41.302047000044695,10.456855000029464,97.13618500018129,0.26366302319381496,1364,0,0,1480,0.9357263513513514,0
33.29776,22,0,1,256,29.080400000111695,41.55184499995812,10.683616000278562,70.69417799993971,0.26346986346986345,1365,0,0,1482,0.9461875843454791,0
33.36966,22,0,1,256,30.25634200002969,41.58360800010996,10.325737000130175,71.90021899987187,0.2632769865566351,1366,0,0,1484,0.9566206199460916,0
33.44037,22,0,1,256,29.71011699992232,40.93414199996914,10.684183999728702,70.69868899998255,0.2630843918334774,1367,0,0,1485,0.9676767676767677,0
33.51216,22,0,1,256,29.672505000235105,42.05275399999664,10.435048000090319,71.78767899995364,0.2628920786815524,1368,0,0,1486,0.9787180349932705,0
33.58336,22,0,1,256,29.69123100001525,41.435372000250936,10.521832999984326,71.18492599965975,0.2627000464838303,1369,0,0,1488,0.9890793010752689,0
33.65558,23,0,0,87,30.59971900029268,41.551135999725375,11.501238000164449,72.21627399985664,0.26964556101480175,1407,0,0,1488,0.9936995967741935,0
33.69737,23,0,0,0,0.0003059999471588526,41.74064799963162,11.062649999985297,41.78823900019779,0.2694540513833992,1408,0,0,1492,0.9919989946380697,0
33.73982,23,0,0,0,0.00039799988371669315,42.38843400025871,11.157082999943668,42.43253399999958,0.26926281358965654,1409,0,0,1493,0.9922973878097789,0
33.78195,23,0,0,0,0.00040099985199049115,42.086413000106404,11.130091000268294,42.13212500008012,0.2690718470551958,1410,0,0,1493,0.9932602143335566,0
33.8248,23,0,0,0,0.0003909999577444978,42.7902839996932,11.314148999645113,42.833270999835804,0.2688811512032786,1411,0,0,1494,0.9935575635876841,0
33.86687,23,0,0,0,0.0004399998942972161,42.0228190000671,11.139384000216523,42.06973600003039,0.26869072545880035,1412,0,0,1497,0.9925267201068805,0
33.90976,23,0,0,0,0.0003649997779575642,42.83716199961418,11.256974999923841,42.88435800026491,0.2685005692482846,1413,0,0,1498,0.9928237650200267,0
33.95142,23,0,0,0,0.0003909999577444978,41.6120330000922,11.181460999978299,41.65643699980137,0.26831068199987695,1414,0,0,1501,0.9917971352431713,0
33.99255,23,0,0,0,0.0005500000952451956,41.080069999679836,11.178279999967344,41.137566000088555,0.26812106314333994,1415,0,0,1501,0.9927548301132578,0
34.03415,23,0,0,0,0.00048199990487773903,41.53010900017762,11.204449999695498,41.57306499973856,0.2679317121100466,1416,0,0,1503,0.9923902195608783,0
34.07587,23,0,0,0,0.0003559998731361702,41.67828800018469,11.12499700002445,41.71794800004136,0.26774262833297535,1417,0,0,1503,0.9933466400532269,0
34.11868,23,0,0,0,0.0005490001058205962,42.76049600002807,11.321953999868128,42.80795400018178,0.26755381124670385,1418,0,0,1505,0.9929817275747508,0
34.16189,23,0,0,0,0.0003760001163755078,43.153172000074846,11.707764999755454,43.20026499999585,0.2673652602874038,1419,0,0,1507,0.9926177836761778,0
34.20465,23,0,0,0,0.0002980000317620579,42.702599999756785,11.386869000034494,42.74871200004782,0.2671769748928353,1420,0,0,1508,0.9929127984084881,0
34.24645,23,0,0,0,0.00038999996831989847,41.751188000034745,11.228051999751187,41.79610900018815,0.2669889545023406,1421,0,0,1509,0.9932074221338635,0
34.2884,23,0,0,0,0.00033699961932143196,41.8965969997771,11.250388999997085,41.94121599994105,0.2668011985568397,1422,0,0,1511,0.9928441429516877,0
34.33027,23,0,0,0,0.00038100006349850446,41.82437999998001,11.267760999999155,41.86504300014349,0.26661370649882365,1423,0,0,1511,0.9937954996690933,0
34.37296,23,0,0,0,0.00036300025385571644,42.643459000373696,11.338286999944103,42.688731999987795,0.26642647777234973,1424,0,0,1515,0.9921204620462046,0
34.41587,23,0,0,0,0.0002940000740636606,42.856782999933785,11.693143000229611,42.903400999875885,0.26623951182303585,1425,0,0,1516,0.9924142480211082,0
34.45797,23,0,0,0,0.00030799992600805126,42.0460830000593,11.69071399999666,42.086153000127524,0.26605280809805476,1426,0,0,1516,0.9933624670184696,0
34.50019,23,0,0,0,0.0002939996193163097,42.17222099987339,11.469418000160658,42.218822999984695,0.265866366046129,1427,0,0,1517,0.9936552406064602,0
34.54263,23,0,0,0,0.00046500008465955034,42.36643700005516,11.470557999928133,42.42546500017852,0.2656801851175252,1428,0,0,1473,0.9924473862864902,0
34.58413,22,0,0,0,0.00029900002118665725,41.458763999798975,10.95678499996211,41.50455700028033,0.25599592849417907,1429,0,0,1474,0.9927069199457259,0
34.6256,22,0,0,0,0.00036599976738216355,41.392639000150666,10.955448999993678,41.453421999904094,0.25581691036236487,1430,0,0,1476,0.9922933604336044,0
34.66628,22,0,0,0,0.0002940000740636606,40.64037799980724,10.977610999816534,40.68405799989705,0.25563814243059524,1431,0,0,1476,0.9932249322493225,0
34.70781,22,0,0,0,0.0003740001375263091,41.47381700022379,11.032872000214411,41.52105999992273,0.255459624174708,1432,0,0,1478,0.9928112313937754,0
34.74996,22,0,0,0,0.0003959999048674945,42.097838999779924,11.004246000084095,42.13825699980589,0.2552813550720041,1433,0,0,1478,0.9937415426251691,0
34.79196,22,0,0,0,0.0005189999683352653,41.93813600022622,11.006583999915165,42.00279299993781,0.25510333460124257,1434,0,0,1399,0.9935221586847749,0
34.83304,21,0,0,0,0.0003130003278783988,41.0256320001281,10.459097999955702,41.06929099998524,0.2620209059233449,1435,0,0,1401,0.9930406852248393,0
34.87421,21,0,0,0,0.000493999777972931,41.11886999999115,10.441585000080522,41.16297200016561,0.26183844011142066,1436,0,0,1402,0.993268544935806,0
34.91502,21,0,0,0,0.00037500012695090845,40.75447500008522,10.528426999826479,40.80750599996463,0.2616562282533055,1437,0,0,1403,0.993496079828938,0
34.95525,21,0,0,0,0.00037399968277895823,40.17608599997402,10.413970000172412,40.21962700016957,0.2614742698191933,1438,0,0,1405,0.9930160142348754,0
34.99536,21,0,0,0,0.0006119998943177052,40.06346999995003,10.422026000014739,40.104076999796234,0.26129256428075054,1439,0,0,1405,0.9939501779359431,0
35.03659,21,0,0,0,0.0005900001269765198,41.164450999986,10.50357400026769,41.2230299998555,0.26111111111111107,1440,0,0,1409,0.9920599716110717,0
35.07841,21,0,0,0,0.0003060004019062035,41.77246600011131,10.493041999779962,41.81765600014842,0.2609299097848716,1441,0,0,1410,0.9922872340425531,0
35.11911,21,0,0,0,0.00028099975679651834,40.644644999701995,10.49472299973786,40.68542699997124,0.260748959778086,1442,0,0,1410,0.993218085106383,0
35.16007,21,0,0,0,0.0006759996722394135,40.912586999638734,10.690518000046723,40.956954000193946,0.26056826056826055,1443,0,0,1411,0.9934443656980865,0
35.20094,21,0,0,0,0.0004429998625710141,40.81347500004995,10.51606000009997,40.85991700003433,0.260387811634349,1444,0,0,1414,0.9922648514851485,0
35.2424,21,0,0,0,0.0005860001692781225,41.4114929999414,10.505537000426557,41.453780999745504,0.2602076124567474,1445,0,0,1415,0.9924911660777385,0
35.28378,21,0,0,0,0.0003609998202591669,41.330049999942275,10.577640000065003,41.37932700041347,0.26002766251728904,1446,0,0,1417,0.9920165843330981,0
35.32454,21,0,0,0,0.0003879999894706998,40.705229000195686,10.590509000394377,40.74861499975668,0.2598479612992398,1447,0,0,1417,0.9929428369795342,0
35.36728,21,0,0,0,0.00037200015867711045,42.672689000028186,11.001958000179002,42.73995299990929,0.2596685082872928,1448,0,0,1418,0.9931681946403385,0
35.40944,21,0,0,0,0.0003000000106112566,42.10483299993939,11.020981000001484,42.14980300002935,0.2594893029675638,1449,0,0,1418,0.9940937940761636,0
35.45094,21,0,0,0,0.00032000025385059416,41.45540399986203,10.759579000023223,41.49689399991985,0.2593103448275862,1450,0,0,1420,0.9936179577464789,0
35.49251,21,0,0,0,0.0003959999048674945,41.521721000208345,10.811949000071763,41.565744999843446,0.25913163335630596,1451,0,0,1422,0.9931434599156118,0
35.53401,21,0,0,0,0.00036299979910836555,41.44729200015718,10.654076000264467,41.494756000247435,0.2589531680440771,1452,0,0,1423,0.9933678847505271,0
35.57527,21,0,0,0,0.0004019998414150905,41.208639000160474,10.666615999980422,41.25231799980611,0.2587749483826566,1453,0,0,1424,0.9935919943820225,0
35.61689,21,0,0,0,0.0005750002856075298,41.563139999652776,10.680232000140677,41.607982000186894,0.2585969738651994,1454,0,0,1426,0.9931188639551192,0
35.6578,21,0,0,0,0.0003149998519802466,40.866958999686176,10.740463999809435,40.90791099997659,0.25841924398625427,1455,0,0,1426,0.9940392706872371,0
35.69962,21,0,0,0,0.00028400017981766723,41.765745999782666,10.758801000065432,41.81331000017963,0.2582417582417582,1456,0,0,1430,0.9921765734265734,0
35.74194,21,0,0,0,0.0002689998837013263,42.26274300026489,10.71122799976365,42.30816700010109,0.25806451612903225,1457,0,0,1431,0.9924004192872118,0
35.78365,21,0,0,0,0.0006360000952554401,41.664517000299384,10.679204000098252,41.7078569998921,0.2578875171467764,1458,0,0,1431,0.9933176100628931,0
35.8251,21,0,0,0,0.0003760001163755078,41.39886300026774,10.709233000397944,41.4437290000933,0.25771076079506516,1459,0,0,1432,0.9935405027932961,0
35.86699,21,0,0,0,0.0003349996404722333,41.83358000000226,10.942905000320025,41.87760900003923,0.2575342465753425,1460,0,0,1435,0.9923780487804879,0
35.90894,21,0,0,0,0.0006400000529538374,41.89239199968142,10.94593099969643,41.94311099990955,0.2573579739904175,1461,0,0,1436,0.9926009749303621,0
35.95043,21,0,0,0,0.0002940000740636606,41.44591500016759,10.781113000120968,41.48780900004567,0.2571819425444597,1462,0,0,1438,0.9921331710709318,0
35.99146,21,0,0,0,0.00027199985197512433,40.983553000387474,10.785999999825435,41.02403300021251,0.2570061517429938,1463,0,0,1438,0.9930458970792768,0
36.0332,21,0,0,0,0.0003499999365885742,41.69123299971034,10.807211000155803,41.73157400009586,0.2568306010928961,1464,0,0,1439,0.9932678943710911,0
36.07478,21,0,0,0,0.0003119998837064486,41.527043000314734,10.710870000366413,41.58056999995097,0.2566552901023891,1465,0,0,1385,0.9942689530685921,0
36.11589,20,0,0,0,0.0005440001586975995,41.05382399984592,10.357792999911908,41.09786900016843,0.24853342428376535,1466,0,0,1387,0.9937364816149964,0
36.15697,20,0,0,0,0.0004139997145102825,41.03039100027672,10.295595000116009,41.072528999848146,0.24836400817995907,1467,0,0,1389,0.9932055435565155,0
36.19859,20,0,0,0,0.00030999990485724993,41.53506800003015,10.366337999585085,41.61511500024062,0.24819482288828343,1468,0,0,1342,0.9934798807749627,0
36.23925,19,0,0,0,0.0005089996193419211,40.61222700011058,10.014359999786393,40.656216999650496,0.23571351796782636,1469,0,0,1343,0.9936243484735666,0
36.28005,19,0,0,0,0.00027599980967352167,40.742979000242485,9.997741999995924,40.78949399990961,0.2355531686358754,1470,0,0,1345,0.9930297397769516,0
36.32048,19,0,0,0,0.0003029999788850546,40.383053999903495,10.063385000194103,40.42233500013026,0.235393037317972,1471,0,0,1345,0.9939126394052045,0
36.36111,19,0,0,0,0.0006349996510834899,40.56758399974569,10.152417999961472,40.62227599979451,0.2352331235697941,1472,0,0,1349,0.9918458117123795,0
36.40253,19,0,0,0,0.00029900002118665725,41.37372500008496,10.242843000014545,41.4139200001955,0.23507342694822597,1473,0,0,1349,0.9927260934025204,0
36.44319,19,0,0,0,0.0003360000846441835,40.62200099997426,10.19546999987142,40.6586869999046,0.2349139470113547,1474,0,0,1349,0.9936063750926613,0
36.48384,19,0,0,0,0.0005399997462518513,40.60023700003512,10.141072999886092,40.64494600015678,0.2347546833184656,1475,0,0,1350,0.99375,0
36.52429,19,0,0,0,0.00043899990487261675,40.39474100000007,10.068928000237065,40.43762899982539,0.23459563543003847,1476,0,0,1352,0.9931582840236687,0
36.56467,19,0,0,0,0.00027499982024892233,40.33239200043681,10.077374000047712,40.3741700001774,0.23443680290774327,1477,0,0,1353,0.9933019216555802,0
36.60528,19,0,0,0,0.0002659999154275283,40.55533500013553,9.965481000108412,40.60160900007759,0.23427818531443634,1478,0,0,1355,0.9927121771217712,0
36.64585,19,0,0,0,0.0003069999365834519,40.52568900033293,10.03891799973644,40.56418100026349,0.23411978221415608,1479,0,0,1355,0.9935885608856089,0
36.68677,19,0,0,0,0.000509000074089272,40.87031300014132,10.090390000186744,40.913898999860976,0.2339615931721195,1480,0,0,1356,0.9937315634218289,0
36.72767,19,0,0,0,0.0002750002749962732,40.86076799967486,10.176620000038383,40.89986000008139,0.2338036177547177,1481,0,0,1356,0.9946073008849557,0
36.76817,19,0,0,0,0.00035099992601317354,40.44810100003815,10.124526000254264,40.48982899985276,0.233645855529512,1482,0,0,1358,0.9940169366715759,0
36.80877,19,0,0,0,0.00038400003177230246,40.54736199987019,10.123933000159013,40.59091699991768,0.23348830606523052,1483,0,0,1360,0.9934283088235294,0
36.84965,19,0,0,0,0.0003150003067275975,40.82650999998805,10.144987999865407,40.86837900013052,0.23333096893176342,1484,0,0,1361,0.9935709037472447,0
36.89029,19,0,0,0,0.00029000011636526324,40.596900999844365,10.175287000038225,40.638112999658915,0.23317384370015948,1485,0,0,1362,0.9937132892804699,0
36.93194,19,0,0,0,0.0004079997779626865,41.59257900028024,10.084553999604395,41.63669400031722,0.23301692994262235,1486,0,0,1364,0.9931268328445748,0
36.97253,19,0,0,0,0.00029599959816550836,40.54048099987995,10.317562999716756,40.57993100013846,0.23286022723250632,1487,0,0,1364,0.9939974340175953,0
37.01358,19,0,0,0,0.00032800016924738884,40.98929200017665,10.20708400028525,41.05352299984588,0.23270373514431242,1488,0,0,1368,0.9919590643274854,0
37.0553,19,0,0,0,0.00041299972508568317,41.66110699998171,10.143805000097927,41.70358200008195,0.23254745325368487,1489,0,0,1368,0.992827119883041,0
37.09649,19,0,0,0,0.0011940001058974303,41.14511399984622,10.146217000055913,41.18841099989368,0.23239138113740732,1490,0,0,1368,0.9936951754385965,0
37.13772,19,0,0,0,0.00038300004234770313,41.179025000019465,10.211223000169412,41.22459500013065,0.2322355183733983,1491,0,0,1369,0.9938367421475529,0
37.17991,19,0,0,0,0.0003199997991032433,42.13243499998498,10.36361999967994,42.17794699980004,0.2320798645407084,1492,0,0,1371,0.9932530999270606,0
37.22158,19,0,0,0,0.00031299987313104793,41.60992500010252,10.468804999618442,41.669500000352855,0.23192441921951568,1493,0,0,1372,0.9933946793002916,0
37.26219,19,0,0,0,0.0003529999048623722,40.559279000262904,10.062449000088236,40.60091600013038,0.2317691819911224,1494,0,0,1374,0.9928129548762736,0
37.30292,19,0,0,0,0.0003409995770198293,40.68354899982296,10.289556999850902,40.722632000324666,0.23161415243795103,1495,0,0,1374,0.9936772197962155,0
37.34465,19,0,0,0,0.00040399982026428916,41.65301600005478,10.214943999926618,41.72235699979865,0.2314593301435407,1496,0,0,1228,0.9936889250814332,0
37.38536,17,0,0,0,0.00024899964046198875,40.66218499974639,9.262727999612252,40.7021179998992,0.2328185783331369,1497,0,0,1228,0.9945541530944625,0
37.42665,17,0,0,0,0.00031700028557679616,41.24051300004794,9.1661439996642,41.28538999975717,0.2326631587214325,1498,0,0,1230,0.9938008130081301,0
37.46656,17,0,0,0,0.0003010000000358559,39.851908999935404,9.237559000212059,39.92372099992281,0.23250794647412,1499,0,0,1169,0.99321000855432,0
37.50674,16,0,0,0,0.0002879996827687137,40.09830100039835,9.138403000179096,40.15287600032025,0.22595833333333337,1500,0,0,1093,0.9929094236047575,0
37.54622,15,0,0,0,0.00031699983082944527,39.43364099995961,8.301243999994767,39.47238599994307,0.22878081279147233,1501,0,0,1094,0.9928587751371115,0
37.58532,15,0,0,0,0.0002629999471537303,39.05875400005243,8.273260999885679,39.097460999983014,0.22862849533954732,1502,0,0,1095,0.9928082191780822,0
37.62388,15,0,0,0,0.0002659999154275283,38.513514999976906,8.27130700008638,38.55247000001327,0.228476380572189,1503,0,0,1095,0.9936643835616439,0
37.66249,15,0,0,0,0.0002860001586668659,38.56310699984533,8.182013000350707,38.60306199976549,0.22832446808510642,1504,0,0,1097,0.9927073837739289,0
37.70161,15,0,0,0,0.00031299987313104793,39.08341299984386,8.23677400012457,39.121816999795556,0.22817275747508303,1505,0,0,1097,0.9935619872379216,0
37.74106,15,0,0,0,0.00029900002118665725,39.39985600027285,8.299514000100316,39.43585000024541,0.2280212483399734,1506,0,0,1097,0.9944165907019143,0
37.78019,15,0,0,0,0.00027799978852272034,39.08212799979083,8.514046000072995,39.12405300025057,0.22786994027869945,1507,0,0,1098,0.9943647540983607,0
37.81946,15,0,0,0,0.00031299987313104793,39.22464800007219,8.279502999812394,39.268809000077454,0.22771883289124673,1508,0,0,1100,0.9934090909090909,0
37.8579,15,0,0,0,0.0003029999788850546,38.385866999760765,8.21634699968854,38.426060999881884,0.22756792577866136,1509,0,0,1101,0.993358310626703,0
37.89659,15,0,0,0,0.00027199985197512433,38.62910299994837,8.266243999969447,38.685351999902196,0.2274172185430463,1510,0,0,1102,0.9933076225045372,0
37.93433,15,0,0,0,0.0002940000740636606,37.70216900011292,8.190942999590334,37.73837900007493,0.2272667107875579,1511,0,0,1102,0.9941583484573503,0
37.97312,15,0,0,0,0.000475999968330143,38.73824099991907,8.364897999854293,38.77721199978623,0.22711640211640216,1512,0,0,1103,0.9941069809610155,0
38.01164,15,0,0,0,0.00031099989428184927,38.47153200013054,8.25642500012691,38.521647000379744,0.22696629213483144,1513,0,0,1046,0.9950406309751434,0
38.04971,14,0,0,0,0.0005800002327305265,38.02168800029904,7.800109000072553,38.06083400013449,0.21433289299867897,1514,0,0,1048,0.9939766221374046,0
38.08781,14,0,0,0,0.000282999735645717,38.0509249998795,7.84975199985638,38.091158000042924,0.2141914191419142,1515,0,0,1050,0.9929166666666667,0
38.12588,14,0,0,0,0.0002890001269406639,38.02841600008833,7.888632000231155,38.06746700001895,0.21405013192612132,1516,0,0,1051,0.9928044719314938,0
38.16343,14,0,0,0,0.0003000000106112566,37.505212999803916,7.73252599992702,37.542867999945884,0.2139090309822017,1517,0,0,1052,0.9926924904942965,0
38.20141,14,0,0,0,0.0003969998942920938,37.91424799965171,7.8587050002170145,37.97521200021947,0.21376811594202894,1518,0,0,892,0.9927830717488789,0
38.23744,12,0,0,0,0.00025500003175693564,35.98582399990846,6.730694999987463,36.02698999975473,0.22267939433838047,1519,0,0,892,0.9936238789237668,0
38.27431,12,0,0,0,0.0002920000952144619,36.810333999710565,6.79140100010045,36.85137399997984,0.22253289473684212,1520,0,0,893,0.9933510638297872,0
38.31078,12,0,0,0,0.000264999926002929,36.42695400003504,6.735702999776549,36.46421800021926,0.22238658777120313,1521,0,0,893,0.9941909294512878,0
38.34769,12,0,0,0,0.00025300005290773697,36.87346000015168,6.716247999975167,36.90730500011341,0.22224047306176087,1522,0,0,893,0.9950307950727884,0
38.38367,12,0,0,0,0.0003120003384537995,35.93753799987098,6.696656000258372,35.97720700008722,0.22209455022980962,1523,0,0,894,0.9947567114093959,0
38.41996,12,0,0,0,0.00029600005291285925,36.238381000202935,6.676819999938743,36.2768079999114,0.22194881889763785,1524,0,0,896,0.9933733258928571,0
38.45641,12,0,0,0,0.0002890001269406639,36.40738599960969,6.693944000289775,36.44552700006898,0.22180327868852456,1525,0,0,897,0.9931020066889632,0
38.49281,12,0,0,0,0.0003119998837064486,36.359061999974074,6.736144000115019,36.39681599997857,0.22165792922673655,1526,0,0,898,0.9928312917594655,0
38.52765,12,0,0,0,0.000279999767371919,34.80293200027518,6.640511000114202,34.83648500014169,0.22151277013752457,1527,0,0,898,0.9936664810690423,0
38.56334,12,0,0,0,0.0002879996827687137,35.644399000375415,6.639416999860259,35.679077000168036,0.2213678010471204,1528,0,0,899,0.9933954393770856,0
38.59917,12,0,0,0,0.0003710001692525111,35.78867900023397,6.66092400024354,35.82126200035418,0.22122302158273377,1529,0,0,899,0.9942296996662959,0
38.63504,12,0,0,0,0.00028099975679651834,35.83764799986966,6.641793999733636,35.87178799989488,0.221078431372549,1530,0,0,899,0.9950639599555061,0
38.67102,12,0,0,0,0.00028200020096846856,35.93907300000865,6.675401999927999,35.975906000203395,0.22093403004572176,1531,0,0,901,0.9936875693673696,0
38.70709,12,0,0,0,0.00027299984139972366,36.02442000010342,6.775088000267715,36.06215299987525,0.220789817232376,1532,0,0,902,0.9934174057649667,0
38.74316,12,0,0,0,0.00029600005291285925,36.0205209999549,6.755828000223119,36.057625000012195,0.22064579256360073,1533,0,0,903,0.9931478405315615,0
38.77986,12,0,0,0,0.0003010000000358559,36.66376899991519,7.0050419999461155,36.700871999983065,0.22050195567144715,1534,0,0,904,0.992878871681416,0
38.81659,12,0,0,0,0.0003010000000358559,36.69041700004527,6.808973999795853,36.72629299990149,0.22035830618892505,1535,0,0,904,0.9937085176991151,0
38.85306,12,0,0,0,0.000261999957729131,36.425345999759884,6.794498000090243,36.461848999806534,0.22021484375,1536,0,0,905,0.993439226519337,0
38.88963,12,0,0,0,0.0002950000634882599,36.52576300009969,6.693961999644671,36.565267000241874,0.22007156798959016,1537,0,0,905,0.9942679558011049,0
38.92618,12,0,0,0,0.00027299984139972366,36.50044000005437,6.760519000181375,36.537653999857866,0.21992847854356312,1538,0,0,905,0.995096685082873,0
38.96309,12,0,0,0,0.0005470001269713975,36.8628749997697,6.827796000379749,36.902471000303194,0.21978557504873297,1539,0,0,906,0.9948261589403974,0
39.00053,12,0,0,0,0.00040699978853808716,37.397012000383256,6.97101300011127,37.43756999983816,0.21964285714285714,1540,0,0,908,0.9934609030837004,0
39.03742,12,0,0,0,0.00033100013752118684,36.84175999978834,6.831130000136909,36.88106399977187,0.2195003244646333,1541,0,0,909,0.9931930693069307,0
39.07462,12,0,0,0,0.000270999862550525,37.13885500019387,6.868625000151951,37.19243300020025,0.2193579766536965,1542,0,0,824,0.9924908980582524,0
39.10972,11,0,0,0,0.00027899977794731967,35.059967000051984,6.244485000024724,35.0947530000667,0.2290696989336004,1543,0,0,824,0.9933252427184466,0
39.14471,11,0,0,0,0.0003209997885278426,34.95310900007098,6.146227000044746,34.98819300011746,0.22892133772962786,1544,0,0,825,0.9929545454545454,0
39.18045,11,0,0,0,0.0004079997779626865,35.69117000006372,6.395297999915783,35.72740999970847,0.22877316857899377,1545,0,0,825,0.9937878787878788,0
39.21649,11,0,0,0,0.0004019998414150905,36.00064600004771,6.304869999894436,36.03675900012604,0.22862519110902035,1546,0,0,825,0.9946212121212121,0
39.25227,11,0,0,0,0.0002940000740636606,35.73992999963593,6.218127000011009,35.77553600007377,0.22847740494799318,1547,0,0,826,0.9942493946731235,0
39.2887,11,0,0,0,0.00027000032787327655,36.376614999880985,6.295821000094293,36.42225800012966,0.2283298097251586,1548,0,0,827,0.9938784764207981,0
39.32502,11,0,0,0,0.0003229997673770413,36.27763500026049,6.294697999692289,36.31611000037083,0.22818240507072007,1549,0,0,828,0.9935084541062802,0
39.36227,11,0,0,0,0.000267999894276727,37.20550799971534,6.408589000329812,37.246476000291295,0.22803519061583577,1550,0,0,829,0.9931393244873341,0
39.3986,11,0,0,0,0.00032600019039819017,36.27796499995384,6.410106000203086,36.31683499997962,0.22788816599261474,1551,0,0,829,0.9939686369119421,0
39.43567,11,0,0,0,0.000270999862550525,37.01940900009504,6.380630999956338,37.06056700002591,0.2277413308341143,1552,0,0,830,0.9935993975903614,0
39.47261,11,0,0,0,0.0003199997991032433,36.904292999679456,6.246762000046147,36.93861300007484,0.22759468477433709,1553,0,0,830,0.9944277108433734,0
39.50839,11,0,0,0,0.00027900023269467056,35.7329580001533,6.253107000247837,35.76839200013637,0.22744822744822746,1554,0,0,830,0.9952560240963856,0
39.54385,11,0,0,0,0.00028800013751606457,35.422259000370104,6.242811999982223,35.45966899991981,0.22730195849166912,1555,0,0,831,0.9948856799037304,0
39.5792,11,0,0,0,0.00032600019039819017,35.30342100020789,6.302758999936486,35.34221899963086,0.2271558775414817,1556,0,0,833,0.9933223289315727,0
39.615,11,0,0,0,0.000276999799098121,35.75615999989168,6.380090999755339,35.79466399969533,0.22700998423541774,1557,0,0,834,0.9929556354916067,0
39.65246,11,0,0,0,0.0003639997885329649,37.41539900011048,6.448223000006692,37.4566830000731,0.22686427821216015,1558,0,0,835,0.9925898203592814,0
39.69012,11,0,0,0,0.0003100003596046008,37.617360000240296,6.550676000188105,37.654239999938,0.22671875911131845,1559,0,0,835,0.9934131736526947,0
39.72685,11,0,0,0,0.0004090002221346367,36.68834900008733,6.422216999908414,36.72469299999648,0.2265734265734266,1560,0,0,836,0.9930472488038278,0
39.76308,11,0,0,0,0.0003059999471588526,36.19037599992225,6.342263000078674,36.21887799999968,0.22642828023993944,1561,0,0,836,0.9938696172248804,0
39.80085,11,0,0,0,0.00030199998946045525,37.7312539999366,6.687735000014072,37.763792000077956,0.22628331975323013,1562,0,0,836,0.994691985645933,0
39.83794,11,0,0,0,0.0003069999365834519,37.05046599998241,6.591055999706441,37.084983000113425,0.226138544756587,1563,0,0,837,0.9943249701314217,0
39.87432,11,0,0,0,0.00032600019039819017,36.33177000028809,6.322675999854255,36.380120999638166,0.2259939548942107,1564,0,0,744,0.9944556451612904,0
39.91071,10,0,0,0,0.0002780002432700712,36.33894899985535,5.731324999942444,36.38277600020956,0.2435782747603834,1565,0,0,745,0.9939597315436242,0
39.94776,10,0,0,0,0.00031900026442599483,36.99787000005017,5.857443999957468,37.03920099997049,0.24342273307790552,1566,0,0,746,0.9934651474530831,0
39.98411,10,0,0,0,0.000279999767371919,36.30106699984026,6.191059999764548,36.34752000016306,0.2432673899170389,1567,0,0,678,0.9941002949852508,0
40.02001,9,0,0,0,0.0002689998837013263,35.85372499992445,5.334273999778816,35.89241200006654,0.23582766439909297,1568,0,0,679,0.9934646539027983,0
40.05611,9,0,0,0,0.00027299984139972366,36.06036500013943,5.31847000002017,36.091511999984505,0.23567735996034278,1569,0,0,679,0.9942930780559647,0
40.09303,9,0,0,0,0.00037199970392975956,36.875830000099086,5.304481000166561,36.917431999881956,0.23552724699221517,1570,0,0,679,0.9951215022091311,0
40.1296,9,0,0,0,0.0004110002009838354,36.5175189999718,5.442404000405077,36.56517499985057,0.2353773251290756,1571,0,0,680,0.9944852941176471,0
40.16585,9,0,0,0,0.00034899994716397487,36.19994199971188,5.323387999851548,36.238069999853906,0.23522759400621995,1572,0,0,681,0.9938509544787077,0
40.20141,9,0,0,0,0.0003089999154326506,35.51434600012726,5.363614999623678,35.55188800010001,0.2350780532598714,1573,0,0,682,0.9932184750733137,0
40.23687,9,0,0,0,0.0003239997568016406,35.4237279998415,5.289218000143592,35.46097899970846,0.2349287025271778,1574,0,0,683,0.9925878477306003,0
40.27298,9,0,0,0,0.0003120003384537995,36.0584180002661,5.375237999942328,36.09718799998518,0.23477954144620816,1575,0,0,683,0.9934114202049781,0
40.30948,9,0,0,0,0.0002950000634882599,36.4560180000808,5.395194000357151,36.49756899994827,0.23463056965595042,1576,0,0,684,0.992781432748538,0
40.3458,9,0,0,0,0.0002830001903930679,36.27879200030293,5.420755000159261,36.31598300034966,0.23448178679630804,1577,0,0,684,0.9936038011695907,0
40.38227,9,0,0,0,0.00031699983082944527,36.41985499962175,5.461500999899727,36.46387799972217,0.23433319250809748,1578,0,0,684,0.9944261695906432,0
40.41821,9,0,0,0,0.0003390000529179815,35.883523999928,5.3859690001445415,35.92424599992228,0.23418478643304486,1579,0,0,685,0.9937956204379562,0
40.45505,9,0,0,0,0.00027000032787327655,36.803094999868335,5.360395000025164,36.83661800005211,0.23403656821378338,1580,0,0,685,0.9946167883211678,0
40.49481,9,0,0,0,0.0003699997250805609,39.71357899990835,6.094356999710726,39.756428000146116,0.23388853749385063,1581,0,0,686,0.9939868804664723,0
40.53214,9,0,0,0,0.0003069999365834519,37.27738599991426,5.485264000071766,37.318902000151866,0.23374069391768504,1582,0,0,687,0.9933588064046579,0
40.56922,9,0,0,0,0.00035699986256076954,37.01778100003139,5.387994000102481,37.05494699988776,0.23359303713062396,1583,0,0,687,0.9941775836972343,0
40.60707,9,0,0,0,0.0004050002644362394,37.80205200018827,6.001859000207332,37.839521000023524,0.23344556677890016,1584,0,0,688,0.9935501453488372,0
40.64437,9,0,0,0,0.0006499999471998308,37.2677720001775,5.40011399971263,37.30366399986451,0.23329828250963902,1585,0,0,688,0.9943677325581395,0
40.68047,9,0,0,0,0.00029300008463906124,36.0572320000756,5.367216000195185,36.09254000002693,0.2331511839708561,1586,0,0,688,0.9951853197674418,0
40.71781,9,0,0,0,0.00026699990485212766,37.2936909998316,5.48105999996551,37.33527300028072,0.23300427081145414,1587,0,0,689,0.9945573294629898,0
40.75525,9,0,0,0,0.0005920001058257185,37.369152000337635,5.482821999976295,37.43247399961547,0.23285754268122028,1588,0,0,588,0.9939413265306123,0
40.79021,7,0,0,0,0.0003119998837064486,34.91825899982359,4.600768999807769,34.953758000028756,0.15930953879349097,1589,0,0,589,0.9929966044142614,0
40.82481,7,0,0,0,0.00034599997889017686,34.559665999950084,4.537062000053993,34.59381900029257,0.15920934411500454,1590,0,0,589,0.993739388794567,0
40.8596,7,0,0,0,0.00031700028557679616,34.72292199967342,4.571707999730279,34.78272700021989,0.15910927538834518,1591,0,0,589,0.9944821731748726,0
40.89518,7,0,0,0,0.000282999735645717,35.5150670002331,4.6434490000137885,35.5697540003348,0.15900933237616655,1592,0,0,507,0.9943293885601578,0
40.93005,6,0,0,0,0.000276999799098121,34.8274989996753,4.045346000111749,34.86247699993328,0.15609960242728604,1593,0,0,507,0.995069033530572,0
40.96447,6,0,0,0,0.0003029999788850546,34.385527999802434,4.06906699981846,34.41471399992224,0.1560016729401924,1594,0,0,507,0.9958086785009862,0
40.99852,6,0,0,0,0.0002750002749962732,34.00572999998985,4.004951999831974,34.043866000047274,0.1559038662486938,1595,0,0,508,0.9945866141732284,0
41.03316,6,0,0,0,0.0003929999365936965,34.59230099997512,3.9745099998071964,34.634750999885,0.15580618212197161,1596,0,0,420,0.9943452380952381,0
41.06736,5,0,0,0,0.00030999990485724993,34.1415920001964,3.4201230000689975,34.18776099988463,0.1631809643080776,1597,0,0,340,0.9963235294117647,0
41.10065,4,0,0,0,0.00034000004234258085,33.250221999878704,2.870000000257278,33.284353999988525,0.1520650813516896,1598,0,0,340,0.9970588235294118,0
41.13413,4,0,0,0,0.00027499982024892233,33.441050999954314,2.8581430001395347,33.47912899971561,0.15196998123827388,1599,0,0,340,0.9977941176470588,0
41.16752,4,0,0,0,0.0003089999154326506,33.345004999773664,2.9130469997653563,33.37901700024304,0.15187499999999998,1600,0,0,341,0.9956011730205279,0
41.20034,4,0,0,0,0.0004109997462364845,32.78206899994984,2.8415740002856182,32.812641999953485,0.15178013741411622,1601,0,0,341,0.9963343108504399,0
41.2335,4,0,0,0,0.0002910001057898626,33.118975999968825,2.819137999722443,33.15449499996248,0.151685393258427,1602,0,0,341,0.9970674486803519,0
41.26762,4,0,0,0,0.00031299987313104793,34.0324479998344,2.890848999868467,34.117468999738776,0.15159076731129129,1603,0,0,244,0.9930840163934426,0
41.30028,3,0,0,0,0.0002890001269406639,32.612767000046006,2.2289369999271003,32.64805700018769,0.1943059019118869,1604,0,0,245,0.9897959183673469,0
41.33329,3,0,0,0,0.00036299979910836555,32.969756000056805,2.2025389998816536,33.00658800026213,0.1941848390446521,1605,0,0,245,0.9905612244897959,0
41.36632,3,0,0,0,0.0003879999894706998,32.98902300002737,2.253015999940544,33.01909299989347,0.19406392694063923,1606,0,0,245,0.9913265306122448,0
41.39932,3,0,0,0,0.0005750002856075298,32.9701529999511,2.233519000128581,33.00104000027204,0.19394316531839872,1607,0,0,245,0.9920918367346939,0
41.4331,3,0,0,0,0.0005580000106419902,33.736131000296155,2.4601850000181003,33.767553999950906,0.19382255389718073,1608,0,0,245,0.9928571428571429,0
41.46627,3,0,0,0,0.0005649999366141856,33.12381100022321,2.2221979997993913,33.16350700015391,0.19370209239693392,1609,0,0,245,0.9936224489795918,0
41.49989,3,0,0,0,0.00027600026442087255,33.58601099989755,2.233843999874807,33.617268999933,0.19358178053830233,1610,0,0,245,0.9943877551020408,0
41.53291,3,0,0,0,0.0005599999894911889,32.97926599998391,2.201676999902702,33.011086999977124,0.19346161804262363,1611,0,0,245,0.9951530612244898,0
41.56543,3,0,0,0,0.00044799980969401076,32.48178200010443,2.193729999817151,32.51079700021364,0.19334160463192718,1612,0,0,245,0.9959183673469387,0
41.59814,3,0,0,0,0.00031099989428184927,32.67538299996886,2.2593060002691345,32.70746499993038,0.19322174002893155,1613,0,0,245,0.9966836734693878,0
41.63262,3,0,0,0,0.00031299987313104793,34.43763500035857,2.2453060000771075,34.470052999949985,0.19310202395704257,1614,0,0,245,0.9974489795918368,0
41.66741,3,0,0,0,0.0002689998837013263,34.75455599982524,2.2042739997232275,34.78729400012526,0.19298245614035092,1615,0,0,245,0.9982142857142857,0
41.70124,3,0,0,0,0.000285999703919515,33.791053000186366,2.2421550002036383,33.83509999957823,0.19286303630363033,1616,0,0,246,0.9949186991869918,0
41.74005,3,0,0,0,0.0003380000634933822,38.758257999688794,2.4702300001990807,38.79153299976679,0.19274376417233563,1617,0,0,246,0.9956808943089431,0
41.77388,3,0,0,0,0.0002650003807502799,33.796300000176416,2.283538000028784,33.82587899977807,0.1926246394725999,1618,0,0,246,0.9964430894308943,0
41.8073,3,0,0,0,0.0003350000952195842,33.363357999860455,2.203155000188417,33.410019999791984,0.1925056619312333,1619,0,0,198,0.9914772727272727,0
41.84589,2,0,0,0,0.0002570000106061343,38.55235600030937,1.7761650001375529,38.583632000154466,0.030555555555555558,1620,0,0,198,0.9921085858585859,0
41.87964,2,0,0,0,0.00027300029614707455,33.7097530000392,1.9428059999881953,33.74238600008539,0.030536705737199243,1621,0,0,198,0.992739898989899,0
41.91208,2,0,0,0,0.0004059997991134878,32.40339200010567,1.753697999902215,32.43677199998274,0.030517879161528927,1622,0,0,198,0.9933712121212122,0
41.94387,2,0,0,0,0.00028700014809146523,31.743323000227974,1.806932999897981,31.786539000222547,0.030499075785582308,1623,0,0,102,0.9950980392156863,0
41.9706,1,0,0,0,0.00029900002118665725,26.665904999845225,1.163108000127977,26.72198500022205,0.0,1624,0,0,102,0.9957107843137255,0
41.99728,1,0,0,0,0.00032600019039819017,26.637927000138006,1.1662460001389263,26.66744699990886,0.0,1625,0,0,102,0.9963235294117647,0
42.02423,1,0,0,0,0.000291999640467111,26.9220810000661,1.191584000025614,26.951273999657133,0.0,1626,0,0,102,0.9969362745098039,0
42.05102,1,0,0,0,0.00031299987313104793,26.742009999907168,1.1908100000255217,26.77144600011161,0.0,1627,0,0,102,0.9975490196078431,0
42.07783,1,0,0,0,0.0003029999788850546,26.76949600027001,1.1759120002352574,26.79982400013614,0.0,1628,0,0,102,0.9981617647058824,0
42.10453,1,0,0,0,0.0003000000106112566,26.666565000141418,1.1603250000007392,26.696221999827685,0.0,1629,0,0,102,0.9987745098039216,0
42.13185,1,0,0,0,0.000490999809699133,27.2798809996857,1.1717469997165608,27.315515999816853,0.0,1630,0,0,102,0.9993872549019608,0
42.16194,1,0,0,0,0.0005189999683352653,30.045106999750715,1.8494380001357058,30.073697999796423,0.0,1631,0,0,102,1.0,0
42.18747,1,0,0,0,0.00030499995773425326,25.49349799983247,1.1606680000113556,25.527162999878783,0.0,1632,0,0,103,0.9908980582524272,0
42.21322,1,0,0,0,0.0003270001798227895,25.714542000059737,1.157682999746612,25.743629000317014,0.0,1633,0,0,103,0.991504854368932,0
42.23914,1,0,0,0,0.00027299984139972366,25.88285399997403,1.162021999789431,25.919542999872647,0.0,1634,0,0,103,0.9921116504854369,0
42.26542,1,0,0,0,0.0003390000529179815,26.237026000217156,1.1977280000792234,26.262888000019302,0.0,1635,0,0,103,0.9927184466019418,0
42.29103,1,0,0,0,0.0002910001057898626,25.5814739998641,1.1523859998305852,25.608552999983658,0.0,1636,0,0,103,0.9933252427184466,0
42.31651,1,0,0,0,0.0002920000952144619,25.44055299995307,1.1333110001032765,25.468789000115066,0.0,1637,0,0,103,0.9939320388349514,0
42.34227,1,0,0,0,0.0003010000000358559,25.72163400009231,1.1454049999883864,25.760354999874835,0.0,1638,0,0,103,0.9945388349514563,0
42.36873,1,0,0,0,0.0003350000952195842,26.419225000154256,1.1154049998367555,26.449049999882845,0.0,1639,0,0,103,0.9951456310679612,0
42.39469,1,0,0,0,0.00030199998946045525,25.92134399992574,1.1571039999580535,25.949920999664755,0.0,1640,0,0,103,0.995752427184466,0
42.42111,1,0,0,0,0.0002770002538454719,26.379062000160047,1.141641000231175,26.418441999794595,0.0,1641,0,0,0,0.0,0
