t_s,batch,n_prefill,prefilling,prefill_tokens,prefill_ms,decode_ms,gather_ms,iteration_ms,padding_waste,context_max,waiting,preempted,kv_blocks_used,kv_slot_utilization,wasted_decode_tokens
0.02832,0,1,1,256,28.25556299967502,0.0,0.0,28.31203400000959,0.0,0,0,0,39,0.41025641025641024,0
0.0593,0,0,1,256,30.937515000005078,0.0,0.0,30.979958999978408,0.0,0,0,0,39,0.8205128205128205,0
0.11548,1,0,0,97,29.95883700032209,26.176935999956186,1.6861130002325808,56.16490900001736,0.0,609,0,0,39,0.9775641025641025,0
0.16602,1,1,1,256,25.151929999992717,25.320206999822403,0.7837400003154471,50.52476199989542,0.0,610,0,0,88,0.6157670454545454,0
0.22092,1,0,1,256,29.102810000040336,25.761287000023003,0.7862120000936557,54.89453700010927,0.0,611,0,0,88,0.7982954545454546,0
0.27667,1,0,1,256,30.347579000135738,25.360724000165646,0.7806809999237885,55.74197800024194,0.0,612,0,0,88,0.9808238636363636,0
0.34038,2,0,0,5,30.96745400034706,32.701700999950845,1.5837139999348437,63.70390599977327,0.10349288486416564,773,0,0,88,0.9857954545454546,0
0.37062,2,0,0,0,0.0003089999154326506,30.206922000161285,1.086292999843863,30.238156000450545,0.10335917312661502,774,0,0,88,0.9872159090909091,0
0.42628,2,1,1,256,25.293557999702898,30.298140000013518,1.0628810000525846,55.652550000104384,0.10322580645161294,775,0,0,183,0.5628415300546448,0
0.48591,2,0,1,256,28.999447999922268,30.57798499958153,1.0635130001901416,59.62007500011168,0.1030927835051546,776,0,0,183,0.6509562841530054,0
0.54649,2,0,1,256,29.04215300031865,31.4946600001349,1.0570740000730439,60.57322500009832,0.10296010296010294,777,0,0,183,0.7390710382513661,0
0.60699,2,0,1,256,29.67184699991776,30.785743999786064,1.0710609999478038,60.493497000152274,0.10282776349614398,778,0,0,183,0.8271857923497268,0
0.66794,2,0,1,256,29.870181999740453,31.03898900008062,1.04592399975445,60.94121899968741,0.10269576379974321,779,0,0,183,0.9153005464480874,0
0.73266,3,0,0,229,32.05240599982062,32.6260829997409,2.159620999918843,64.7140109999782,0.35741108902142704,1509,0,0,183,0.994535519125683,0
0.7902,3,1,1,256,25.82053200012524,31.65545599995312,1.81643099995199,57.53598199999033,0.3571743929359823,1510,0,0,251,0.7895916334661355,0
0.85036,3,0,1,256,29.214180000053602,30.897837999873445,1.8318659999749798,60.14552100032233,0.356938010147805,1511,0,0,251,0.8540836653386454,0
0.91406,3,0,1,256,31.63639799959128,32.026879000113695,1.820236999719782,63.69843699985722,0.35670194003527333,1512,0,0,251,0.9185756972111554,0
0.97545,3,0,1,256,29.597405000004073,31.74519499998496,1.8310030000066035,61.38266099969769,0.3564661819784093,1513,0,0,253,0.9752964426877471,0
1.03854,4,0,0,50,30.02102999971612,33.027415000105975,2.6668550003705604,63.08121399979427,0.3398282694848085,1514,0,0,253,0.9886363636363636,0
1.07091,4,0,0,0,0.0004079997779626865,32.32841699991695,2.3352499997599807,32.36421600013273,0.3396039603960396,1515,0,0,253,0.9896245059288538,0
1.10205,4,0,0,0,0.00038899997889529914,31.10312699982387,2.2924619997866102,31.13337800004956,0.33937994722955145,1516,0,0,253,0.9906126482213439,0
1.13306,4,0,0,0,0.00028400017981766723,30.974262000199815,2.264466000269749,30.999654999959603,0.3391562294001318,1517,0,0,253,0.991600790513834,0
1.16411,4,0,0,0,0.00028399972507031634,31.01679300016258,2.2660009999526665,31.045063999954436,0.3389328063241107,1518,0,0,253,0.9925889328063241,0
1.19652,4,0,0,0,0.0002970000423374586,32.37024999998539,2.3002249999990454,32.40221299984114,0.33870967741935487,1519,0,0,253,0.9935770750988142,0
1.23005,4,0,0,0,0.0003669997568067629,33.49273300000277,2.3544709997622704,33.52120899990041,0.33848684210526314,1520,0,0,254,0.9906496062992126,0
1.26141,4,0,0,0,0.00027499982024892233,31.328756000220892,2.284185999997135,31.35429500025566,0.3382642998027613,1521,0,0,254,0.9916338582677166,0
1.29294,4,0,0,0,0.0005580000106419902,31.4974699999766,2.2773589998905663,31.5245159999904,0.338042049934297,1522,0,0,254,0.9926181102362205,0
1.3249,4,0,0,0,0.0002970000423374586,31.927032000112376,2.295929999945656,31.95382600006269,0.33782009192383455,1523,0,0,254,0.9936023622047244,0
1.3563,4,0,0,0,0.00028700014809146523,31.36542400034159,2.311364999968646,31.3967249999223,0.33759842519685035,1524,0,0,254,0.9945866141732284,0
1.41383,4,1,1,256,25.867782000204897,31.601655000031315,2.2996640000201296,57.54065700011779,0.33737704918032785,1525,0,0,330,0.8147727272727273,0
1.47433,4,0,1,256,28.927763999945455,31.510930999957054,2.312324999820703,60.47570499958965,0.3371559633027523,1526,0,0,330,0.8640151515151515,0
1.53567,4,0,1,256,29.467310000200087,31.829426000058447,2.331441999558592,61.33383099995626,0.3369351669941061,1527,0,0,330,0.9132575757575757,0
1.59667,4,0,1,256,29.455863000293903,31.49465099977533,2.3110699999051576,60.99062799967214,0.3367146596858639,1528,0,0,331,0.9595921450151057,0
1.66244,5,0,0,188,32.24864499998148,33.47183000005316,3.29956299992773,65.76507099998707,0.31066056245912366,1529,0,0,333,0.9900525525525525,0
1.69533,5,0,0,0,0.00041199973566108383,32.844291999936104,2.897024999583664,32.87743400005638,0.3104575163398693,1530,0,0,333,0.990990990990991,0
1.72896,5,0,0,0,0.0006710001798637677,33.59438000006776,2.922063000369235,33.6270089997015,0.310254735467015,1531,0,0,333,0.9919294294294294,0
1.76193,5,0,0,0,0.0003909999577444978,32.92745999988256,2.9103689998919435,32.96205500009819,0.3100522193211488,1532,0,0,333,0.9928678678678678,0
1.79465,5,0,0,0,0.00024399969333899207,32.675092999852495,2.885884000079386,32.71027199980381,0.309849967384214,1533,0,0,334,0.9908308383233533,0
1.82756,5,0,0,0,0.0004410003384691663,32.878590999644075,2.8676680003627553,32.90807899975334,0.3096479791395046,1534,0,0,334,0.9917664670658682,0
1.85981,5,0,0,0,0.00026399993657832965,32.20521200000803,2.8817689999414142,32.23625500004346,0.30944625407166126,1535,0,0,334,0.9927020958083832,0
1.89272,5,0,0,0,0.00024400014808634296,32.8746999998657,2.9909209997640573,32.91148800008159,0.30924479166666663,1536,0,0,335,0.9906716417910447,0
1.92556,5,0,0,0,0.0003380000634933822,32.79709400021602,2.89169600000605,32.82715599971198,0.30904359141184123,1537,0,0,335,0.9916044776119403,0
1.9581,5,0,0,0,0.000270999862550525,32.50623599979008,2.899726000123337,32.53708900001584,0.3088426527958388,1538,0,0,335,0.9925373134328358,0
1.99079,5,0,0,0,0.00029900002118665725,32.6436029999968,2.8898860000481363,32.67834300004324,0.308641975308642,1539,0,0,335,0.9934701492537313,0
2.02352,5,0,0,0,0.0005189999683352653,32.68914999989647,3.0926840004212863,32.718217999899935,0.3084415584415584,1540,0,0,335,0.9944029850746269,0
2.08151,5,1,1,256,25.52414100000533,32.40596600016943,2.915038000082859,57.98867600015001,0.30824140168721614,1541,0,0,378,0.9244378306878307,0
2.14369,5,0,1,256,29.051551000065956,33.07842200001687,2.9046700001345016,62.16931300014039,0.30804150453955903,1542,0,0,378,0.9675925925925926,0
2.23405,6,1,1,256,57.46651999970709,32.819616999859136,3.669923999950697,90.351420999923,0.3501836249729964,1543,0,0,465,0.8217741935483871,0
2.29693,6,1,2,256,30.033173999981955,32.77177300014955,3.3693299997139547,62.87901900032011,0.3499568221070811,1544,0,0,552,0.7219202898550725,0
2.35944,6,0,2,256,29.879994000111765,32.553266000377334,3.2929410003816884,62.499250000200846,0.349730312837109,1545,0,0,554,0.7488718411552346,0
2.42257,6,0,2,256,29.869064000195067,33.21595899979002,3.319924000152241,63.120308999714325,0.34950409659335924,1546,0,0,554,0.7784296028880866,0
2.48415,6,0,2,256,29.508628000257886,32.03955499975564,3.2707659997868177,61.5805239999645,0.34927817280758455,1547,0,0,554,0.8079873646209387,0
2.54593,6,1,3,256,29.699292999794125,32.02363400032482,3.238221000174235,61.772351000399794,0.3490525409130061,1548,0,0,590,0.7864406779661017,0
2.63464,7,0,2,256,54.06278000009479,34.595345000070665,4.198691000055987,88.7001619998955,0.3142119339666144,1549,0,0,591,0.8129230118443317,0
2.70035,7,0,2,256,30.722321999746782,34.94415199975265,3.920399999969959,65.70886400004383,0.3140092165898618,1550,0,0,591,0.8407360406091371,0
2.76414,7,0,2,256,31.002296999758983,32.73476899994421,3.896645000168064,63.778490999993664,0.31380676061527124,1551,0,0,591,0.8685490693739425,0
2.82818,7,1,3,256,29.923331000190956,34.034007000173006,3.9112270001169236,64.02692899973772,0.3136045655375552,1552,0,0,672,0.7883184523809523,0
2.8954,7,0,3,256,32.110803999785276,35.055818000273575,4.128216000026441,67.22274999992806,0.31340263085272746,1553,0,0,672,0.8127790178571429,0
2.98781,8,0,2,256,57.7913609999996,34.5646079999824,4.854734000218741,92.39805400011392,0.28957528957528955,1554,0,0,672,0.8373325892857143,0
3.05496,8,0,2,256,29.962884999804373,37.13848200004577,4.558596999686415,67.14695399978154,0.28938906752411575,1555,0,0,673,0.8606054977711739,0
3.14896,9,0,1,256,57.6727600000595,36.2762049999219,5.2754250000361935,93.99441599998681,0.32733504712939165,1556,0,0,673,0.8852154531946508,0
3.21352,9,0,1,256,29.79759199979526,34.70207499958633,4.8461189999216,64.54658400025437,0.32712481267394566,1557,0,0,674,0.9084755192878339,0
3.2816,9,0,1,256,30.652154000108567,37.37622000016927,4.889451000053668,68.07155800015607,0.32691484809584936,1558,0,0,674,0.9330489614243324,0
3.34828,9,0,1,256,30.828875000224798,35.80686200029959,4.894987000170659,66.68171499995879,0.32670515287577506,1559,0,0,674,0.9576224035608308,0
3.41433,9,0,1,256,31.079975000011473,34.897532000286446,4.858092000176839,66.03494899991347,0.32649572649572645,1560,0,0,676,0.9792899408284024,0
3.48196,10,0,0,146,31.73291800021616,35.84180500001821,5.767086000105337,67.62444099967979,0.3121076233183856,1561,0,0,678,0.9907817109144543,0
3.51747,10,0,0,0,0.0002920000952144619,35.46964299994215,5.4549279998354905,35.506212999735,0.3119078104993598,1562,0,0,678,0.9917035398230089,0
3.55312,10,0,0,0,0.00030999990485724993,35.60151799956657,5.44348599987643,35.63953900038541,0.31170825335892516,1563,0,0,678,0.9926253687315634,0
3.58915,10,0,0,0,0.0003289997039246373,35.99229799965542,5.80100900015168,36.03049200000896,0.3115089514066496,1564,0,0,678,0.993547197640118,0
3.62428,10,0,0,0,0.0003029999788850546,35.07727199985311,5.451970999729383,35.11788900004831,0.3113099041533546,1565,0,0,679,0.9930044182621502,0
3.66021,10,0,0,0,0.00048199990487773903,35.89063899971734,6.0409809998418496,35.92798399995445,0.3111111111111111,1566,0,0,679,0.9939248895434463,0
3.69417,10,0,0,0,0.0002970000423374586,33.920330999990256,5.4233949999797915,33.95305799995185,0.3109125717932355,1567,0,0,679,0.9948453608247423,0
3.75508,10,1,1,256,25.728542000251764,35.09977199973946,5.410707000010007,60.89625699996759,0.3107142857142857,1568,0,0,731,0.9468194254445964,0
3.81968,10,0,1,256,29.407441999865114,35.14159499991365,5.425809000371373,64.5943670001543,0.3105162523900573,1569,0,0,732,0.9682377049180327,0
3.88538,10,0,1,256,29.285252999670774,36.36419799977375,5.542950999824825,65.69109800011574,0.3103184713375796,1570,0,0,732,0.9909494535519126,0
3.97711,11,1,1,256,55.84560900024371,35.80699600024673,6.217522000042663,91.7210099996737,0.32683293790868584,1571,0,0,797,0.9310696361355082,0
4.04196,11,0,1,256,29.435551000005944,35.36892500005706,5.809270000099787,64.8439149999831,0.32662502891510525,1572,0,0,797,0.9520075282308658,0
4.10774,11,0,1,256,30.220730000110052,35.50501699965025,5.895066999983101,65.77469699959693,0.326417384268624,1573,0,0,798,0.9717261904761905,0
4.17411,11,0,1,256,30.688919000112946,35.6254500002251,5.883891000394215,66.35790399968755,0.32621000346540374,1574,0,0,798,0.9926378446115288,0
4.24229,12,0,0,15,30.485882999983005,37.649998999768286,6.856183000309102,68.1811370000105,0.3286243386243386,1575,0,0,798,0.9947525062656641,0
4.27894,12,0,0,0,0.00028999966161791235,36.58727799984263,6.377888999850256,36.635687999933,0.32841582064297803,1576,0,0,801,0.9919631710362048,0
4.31574,12,0,0,0,0.00028699969334411435,36.75602200019057,6.402517999958945,36.79506000025867,0.32820756711054744,1577,0,0,803,0.9904265255292652,0
4.37839,12,1,1,256,26.051186000131565,36.516132000087964,6.396985000264976,62.647367999943526,0.3279995775242923,1578,0,0,866,0.9377165127020786,0
4.44513,12,0,1,256,29.663711000011972,37.01983100017969,6.362821000038821,66.7281460000595,0.3277918513827317,1579,0,0,866,0.9570583140877598,0
4.51228,12,0,1,256,30.253190000166796,36.84682699986297,6.3785989996176795,67.14623099969685,0.32758438818565405,1580,0,0,866,0.9764001154734411,0
4.5811,13,0,0,239,31.071022000105586,37.69090099967798,7.27064300008351,68.81135899993751,0.33012212329100377,1581,0,0,867,0.9934400230680508,0
4.61843,13,0,0,0,0.00031099989428184927,37.276751000263175,6.890333000228566,37.31693700001415,0.3299134493824759,1582,0,0,868,0.9932315668202765,0
4.65614,13,0,0,0,0.00027599980967352167,37.66629599977023,7.3278169998047815,37.702691000049526,0.329705039117547,1583,0,0,868,0.9941676267281107,0
4.69341,13,0,0,0,0.00029600005291285925,37.223690999780956,6.877915999666584,37.26461099995504,0.329496891996892,1584,0,0,870,0.992816091954023,0
4.73066,13,0,0,0,0.00028800013751606457,37.206441999842355,6.934532000286708,37.247407999984716,0.32928900752244605,1585,0,0,871,0.9926090700344432,0
4.76834,13,0,0,0,0.00028800013751606457,37.635774000136735,7.636665000063658,37.67278299983445,0.3290813851974004,1586,0,0,871,0.9935419058553386,0
4.80556,13,0,0,0,0.0002879996827687137,37.16309999981604,6.9358149999061425,37.2097549998216,0.3288740245261984,1587,0,0,873,0.992196449026346,0
4.84333,13,0,0,0,0.0005379997674026527,37.72567500027435,7.022867000159749,37.768521000089095,0.3286669250145321,1588,0,0,873,0.993127147766323,0
4.88289,13,0,0,0,0.00028100021154386923,39.50064300033773,6.932058000074903,39.54235699984565,0.3284600861693373,1589,0,0,874,0.9929204805491991,0
4.94683,13,1,1,256,25.66942499970537,38.19934500006639,7.303521999801887,63.93145500032915,0.32825350749879056,1590,0,0,911,0.9710482985729967,0
5.01218,13,0,1,256,28.947076000349625,36.33925399981308,6.8847610000375425,65.33268199973463,0.32804718851230474,1591,0,0,911,0.9895032930845225,0
5.08092,14,0,0,72,30.487535999782267,38.187894000202505,7.688176000101521,68.73440499975914,0.34965003589375454,1592,0,0,914,0.9921362144420132,0
5.14518,14,1,1,256,25.609706999603077,38.56482399987726,7.27883900026427,64.24498999967909,0.34943054434579857,1593,0,0,951,0.9712802313354364,0
5.21201,14,0,1,256,29.004446000271855,37.7732140000262,7.321557999603101,66.82462499975372,0.349211328195017,1594,0,0,951,0.9890247108307045,0
5.28064,15,0,0,37,30.033582000214665,38.54741800023476,8.02634499996202,68.6260970001058,0.3694461859979101,1595,0,0,951,0.9924421661409043,0
5.31838,15,0,0,0,0.0003300001480965875,37.69985799999631,7.606471999679343,37.73884199972599,0.3692147034252298,1596,0,0,951,0.9934279705573081,0
5.35706,15,0,0,0,0.0006390000635292381,38.62327400020149,7.610673000272072,38.662258999920596,0.3689835107493217,1597,0,0,952,0.9933692226890757,0
5.3953,15,0,0,0,0.0002970000423374586,38.200625000172295,7.673755000269011,38.24096500011365,0.36875260742594906,1598,0,0,953,0.9933105981112277,0
5.43318,15,0,0,0,0.0005530000635189936,37.8286019999905,7.663721999961126,37.86673900003734,0.36852199291223686,1599,0,0,953,0.9942943336831059,0
5.47163,15,0,0,0,0.0003149998519802466,38.401372999942396,7.85806700014291,38.442808000127116,0.3682916666666667,1600,0,0,956,0.9921548117154811,0
5.50998,15,0,0,0,0.00034899994716397487,38.304277999941405,7.712206000178412,38.34850600014761,0.3680616281490735,1601,0,0,957,0.9920977011494253,0
5.54902,15,0,0,0,0.00031900026442599483,38.99508999984391,8.10060000003432,39.02976800009128,0.3678318768206409,1602,0,0,957,0.9930773249738767,0
5.58753,15,0,0,0,0.0002689998837013263,38.46350999992865,7.769880000068952,38.503899999795976,0.3676024121438969,1603,0,0,959,0.9919838373305526,0
5.62555,15,0,0,0,0.0002940000740636606,37.98398200024167,7.718668000052276,38.03202800008876,0.3673732335827099,1604,0,0,959,0.9929614181438999,0
5.66354,15,0,0,0,0.0002970000423374586,37.91343600005348,7.607893999647786,37.95321799998419,0.3671443406022845,1605,0,0,960,0.9929036458333333,0
5.70205,15,0,0,0,0.00033700007406878285,38.45506600009685,7.671760999983235,38.50558799967985,0.36691573266915734,1606,0,0,961,0.9928459937565036,0
5.74016,15,0,0,0,0.0003010000000358559,38.06293599973287,7.73151900011726,38.09840499980055,0.3666874092511927,1607,0,0,961,0.993821540062435,0
5.77918,15,0,0,0,0.0005490001058205962,38.97818399991593,8.215377000396984,39.02062199995271,0.36645936981757876,1608,0,0,964,0.991701244813278,0
5.81771,15,0,0,0,0.00032300022212439217,38.483197999994445,7.730367000021943,38.52408600005219,0.3662316138388233,1609,0,0,966,0.9906185300207039,0
5.85723,15,0,0,0,0.0003130003278783988,39.47797599994374,7.76226800007862,39.51576600002227,0.3660041407867495,1610,0,0,966,0.9915890269151139,0
5.89709,15,0,0,0,0.0003120003384537995,39.81447400019533,8.514859000115393,39.850833999935276,0.3657769501344921,1611,0,0,966,0.9925595238095238,0
5.93559,15,0,0,0,0.00030799992600805126,38.444360000085,7.716112000252906,38.49779699976352,0.36555004135649294,1612,0,0,966,0.9935300207039337,0
5.97421,15,0,0,0,0.00032200023269979283,38.56663299984575,8.0175739999504,38.60855899984017,0.36532341392849765,1613,0,0,967,0.9934720785935884,0
6.01314,15,0,0,0,0.00030499995773425326,38.87967199989362,8.168620000105875,38.92087399981392,0.36509706732755065,1614,0,0,968,0.9934142561983471,0
6.05138,15,0,0,0,0.0003010000000358559,38.19258700013961,7.809549999819865,38.22851200038713,0.36487100103199177,1615,0,0,968,0.9943827479338843,0
6.08995,15,0,0,0,0.00045900014811195433,38.53169900003195,7.820557999821176,38.5721980001108,0.36464521452145215,1616,0,0,971,0.9922760041194645,0
6.12863,15,0,0,0,0.0006039999789209105,38.626700000349956,7.806351999988692,38.66712999979427,0.36441970727685014,1617,0,0,972,0.9922196502057613,0
6.16761,15,0,0,0,0.00031399986255564727,38.942759000292426,7.842381999580539,38.978673000201525,0.36419447878038735,1618,0,0,972,0.9931841563786008,0
6.20611,15,0,0,0,0.0003089999154326506,38.448130000233505,7.8389949999291275,38.490111000101024,0.36396952851554454,1619,0,0,974,0.9921072895277208,0
6.24469,15,0,0,0,0.000276999799098121,38.53131500000018,8.129309000196372,38.569367000036436,0.3637448559670782,1620,0,0,974,0.9930698151950719,0
6.28326,15,0,0,0,0.00027799978852272034,38.52904499990473,7.830801999716641,38.570908999645326,0.36352046062101584,1621,0,0,975,0.9930128205128205,0
6.32218,15,0,0,0,0.0003390000529179815,38.86496199993417,7.737977000033425,38.91287599981297,0.36329634196465266,1622,0,0,976,0.9929559426229508,0
6.35959,15,0,0,0,0.0003380000634933822,37.34850399996503,7.84053600000334,37.39189999987502,0.3630724994865475,1623,0,0,976,0.9939164959016393,0
6.39722,15,0,0,0,0.0003090003701800015,37.58886000014172,7.687443999657262,37.626129999807745,0.36284893267651885,1624,0,0,979,0.9918283963227783,0
6.43511,15,0,0,0,0.00029599959816550836,37.83323699963148,7.725559000391513,37.87277599985828,0.362625641025641,1625,0,0,981,0.9907619775739042,0
6.47304,15,0,0,0,0.00030199998946045525,37.87697500001741,8.106311999654281,37.91710800032888,0.36240262402624024,1626,0,0,934,0.992237687366167,0
6.5354,14,1,1,256,25.52078700000493,36.78535200015176,7.346731000325235,62.36215799981437,0.34902098516112035,1627,0,0,976,0.9668288934426229,0
6.60111,14,0,1,256,28.25143299969568,37.41555399983554,7.307010000204173,65.7075789999908,0.3488065988065988,1628,0,0,976,0.9841188524590164,0
6.67087,15,0,0,158,31.20437799998399,38.49662199991144,7.814328999756981,69.75106099980621,0.36459995907509724,1629,0,0,977,0.9941786079836233,0
6.70888,15,0,0,0,0.00030800038075540215,37.960761999784154,7.812182000179746,38.00049600022248,0.3643762781186094,1630,0,0,978,0.994120654396728,0
6.74624,15,0,0,0,0.00031700028557679616,37.31468699970719,7.739511000181665,37.352887999986706,0.36415287144900876,1631,0,0,979,0.9940628192032687,0
6.78429,15,0,0,0,0.0002910001057898626,38.00474199988457,7.787598000049911,38.047989000006055,0.36392973856209154,1632,0,0,982,0.9919806517311609,0
6.8235,15,0,0,0,0.00030499995773425326,39.16176600023391,8.304748000227846,39.20256499986863,0.36370687895488873,1633,0,0,983,0.9919252288911495,0
6.86336,15,0,0,0,0.00031099989428184927,39.81112800011033,7.833398000002489,39.846769999712706,0.363484292125663,1634,0,0,983,0.9928789420142421,0
6.90232,15,0,0,0,0.00030199998946045525,38.921400000162976,8.498539999891364,38.9657979999356,0.3632619775739042,1635,0,0,985,0.9918147208121827,0
6.94051,15,0,0,0,0.0004379999154480174,38.13796700023886,7.9029329999684705,38.176757999735855,0.36303993480032604,1636,0,0,985,0.9927664974619289,0
6.97978,15,0,0,0,0.00032600019039819017,39.21604599963757,8.076731000073778,39.258403000076214,0.3628181633068621,1637,0,0,986,0.9927104462474645,0
7.01848,15,0,0,0,0.0003290001586719882,38.656200999866996,7.8708880000704085,38.69959700023173,0.36259666259666257,1638,0,0,987,0.9926545086119554,0
7.05744,15,0,0,0,0.00033100013752118684,38.90955999986545,8.374169000035181,38.9449340000283,0.36237543217408985,1639,0,0,987,0.9936043566362716,0
7.09627,15,0,0,0,0.0002970000423374586,38.788695000221196,7.841273000394722,38.831056999697466,0.3621544715447155,1640,0,0,990,0.991540404040404,0
7.1341,15,0,0,0,0.0005199999577598646,37.77928099998462,7.886879999659868,37.81924000031722,0.36193378021531586,1641,0,0,991,0.9914858728557013,0
7.17178,15,0,0,0,0.0002980000317620579,37.64347500009535,7.7585250000993256,37.677881000035995,0.36171335769386925,1642,0,0,991,0.9924318869828456,0
7.21039,15,0,0,0,0.0006400000529538374,38.56073699989793,7.902550999915547,38.597793000008096,0.3614932034895516,1643,0,0,991,0.9933779011099899,0
7.24867,15,0,0,0,0.0003330001163703855,38.234449999890785,7.857118999709201,38.270001000000775,0.36127331711273314,1644,0,0,991,0.9943239152371343,0
7.28763,15,0,0,0,0.0003059999471588526,38.92169799973999,8.330357999966509,38.965898000242305,0.36105369807497467,1645,0,0,992,0.9942666330645161,0
7.32581,15,0,0,0,0.0003000000106112566,38.123971999993955,7.872272999975394,38.165575000221,0.36083434588902386,1646,0,0,993,0.9942094662638469,0
7.38993,15,1,1,256,25.72632600003999,38.299047999771574,7.959581999784859,64.1154960003405,0.36061526006881195,1647,0,0,1045,0.960944976076555,0
7.45873,15,0,1,256,29.416212999876734,39.31406599986076,7.924004000415152,68.78704900009325,0.3603964401294498,1648,0,0,1048,0.9743559160305344,0
7.52635,15,0,1,256,29.417334999834566,38.144121000186715,7.868581999900925,67.61463300017567,0.36017788558722463,1649,0,0,1049,0.989573403241182,0
7.59558,16,0,0,39,30.160252000314358,39.01081699996212,8.704052999746636,69.22750100011399,0.3693939393939394,1650,0,0,1049,0.9928503336510963,0
7.63444,16,0,0,0,0.0004549997356662061,38.80854099998032,8.41867299959631,38.85452900021846,0.36917019987886135,1651,0,0,1051,0.9919124643196955,0
7.674,16,0,0,0,0.0002970000423374586,39.51185100004295,8.3666139998968,39.54768299990974,0.3689467312348669,1652,0,0,1051,0.9928639391056137,0
7.71261,16,0,0,0,0.00028200020096846856,38.5669060001419,8.732022999993205,38.60716400004094,0.368723532970357,1653,0,0,1052,0.9928707224334601,0
7.75094,16,0,0,0,0.0006109999048931058,38.27632699994865,8.233773000029032,38.314413000080094,0.3685006045949214,1654,0,0,1053,0.9928774928774928,0
7.78845,16,0,0,0,0.00033100013752118684,37.47126799999023,8.28222000018286,37.507024000206,0.36827794561933536,1655,0,0,1053,0.9938271604938271,0
7.82645,16,0,0,0,0.00030800038075540215,37.958916000206955,8.223610999721132,38.000968000233115,0.3680555555555556,1656,0,0,1056,0.9919507575757576,0
7.86703,16,0,0,0,0.000273999830824323,40.53196399991066,8.254408000084368,40.57069800001045,0.36783343391671697,1657,0,0,1057,0.9919583727530747,0
7.90747,16,0,0,0,0.0003120003384537995,40.39729599981001,8.811917000002722,40.43902099965635,0.36761158021712903,1658,0,0,1057,0.9929044465468306,0
7.94839,16,0,0,0,0.0002980000317620579,40.861463000055664,8.963332999883278,40.90359300016644,0.36738999397227246,1659,0,0,1058,0.9929111531190926,0
7.98758,16,0,0,0,0.00031899980967864394,39.13774700004069,8.43308599996817,39.18526999996175,0.3671686746987952,1660,0,0,1058,0.9938563327032136,0
8.02603,16,0,0,0,0.0003000000106112566,38.40046400000574,8.333645000220713,38.44114899993656,0.36694762191450936,1661,0,0,1059,0.993862134088763,0
8.06462,16,0,0,0,0.0002890001269406639,38.54436800020267,8.308775999921636,38.581799999974464,0.36672683513838744,1662,0,0,1060,0.9938679245283019,0
8.1037,16,0,0,0,0.0003000000106112566,39.03443299986975,8.405643000060081,39.078192000033596,0.3665063138905592,1663,0,0,1061,0.9938737040527804,0
8.14297,16,0,0,0,0.00033399965104763396,39.214274999721965,8.442761999958748,39.257593999991514,0.3662860576923077,1664,0,0,1064,0.9920112781954887,0
8.18203,16,0,0,0,0.0003199997991032433,39.015901000311715,8.908394000172848,39.05868100036969,0.36606606606606606,1665,0,0,1065,0.992018779342723,0
8.22042,16,0,0,0,0.00030499995773425326,38.346434000231966,8.295772000110446,38.38286100017285,0.36584633853541415,1666,0,0,1065,0.9929577464788732,0
8.26029,16,0,0,0,0.0003239997568016406,39.819265000005544,8.373683999707282,39.86151599974619,0.36562687462507504,1667,0,0,1067,0.9920337394564198,0
8.29955,16,0,0,0,0.0006450000000768341,39.22040099996593,8.403969000028155,39.2692549999083,0.3654076738609112,1668,0,0,1067,0.992970946579194,0
8.33894,16,0,0,0,0.00031100034902920015,39.31316299986065,8.44724300031885,39.3573500000457,0.36518873576992206,1669,0,0,1068,0.9929775280898876,0
8.37851,16,0,0,0,0.00034300001061637886,39.527366000129405,8.83588700025939,39.56737599992266,0.36497005988023956,1670,0,0,1069,0.9929840972871843,0
8.41731,16,0,0,0,0.0003299996933492366,38.75500699996337,8.476382000026206,38.79259999985152,0.36475164572112506,1671,0,0,1069,0.9939195509822264,0
8.45725,16,0,0,0,0.0002940000740636606,39.88997499982361,8.526695000000473,39.93048199981786,0.36453349282296654,1672,0,0,1072,0.992070895522388,0
8.49697,16,0,0,0,0.000515000010636868,39.66819300012503,8.514927999840438,39.712561999749596,0.3643156007172743,1673,0,0,1073,0.9920782851817335,0
8.537,16,0,0,0,0.0006300001587078441,39.984379000088666,8.553326000310335,40.02588100001958,0.36409796893667856,1674,0,0,1073,0.9930102516309413,0
8.57658,16,0,0,0,0.00035199991543777287,39.519067000128416,8.532599999853119,39.57086699983847,0.36388059701492537,1675,0,0,1074,0.9930167597765364,0
8.61564,16,0,0,0,0.0003059999471588526,39.02165199997398,8.845585000017309,39.05920100032745,0.36366348448687347,1676,0,0,1074,0.9939478584729982,0
8.65503,16,0,0,0,0.00032000025385059416,39.343199000086315,8.453425999960018,39.38140799982648,0.3634466308884914,1677,0,0,1075,0.9939534883720931,0
8.69751,16,0,0,0,0.0002980000317620579,42.43181900028503,8.61026899974604,42.4765060001846,0.3632300357568534,1678,0,0,1076,0.9939591078066915,0
8.73728,16,0,0,0,0.00032300022212439217,39.72017099977165,8.753374999741936,39.761989999988145,0.363013698630137,1679,0,0,1077,0.9939647168059424,0
8.80187,16,1,1,256,25.745737999841367,38.73731499970745,8.474113999909605,64.5763249999618,0.3627976190476191,1680,0,0,1116,0.9744623655913979,0
8.8734,16,1,2,256,28.87604600027771,42.56691500040688,8.552717999918968,71.52195100024983,0.3625817965496728,1681,0,0,1185,0.9320675105485232,0
8.96876,17,1,2,256,55.24851300015143,40.037798000412295,9.339026999896305,95.35802899972623,0.3797999580331538,1682,1,0,1266,0.8859103475513428,0
9.03718,17,1,3,256,29.389132000233076,38.92635300007896,8.849308999742789,68.40868800009048,0.3795742896088917,1683,0,0,1237,0.8437247372675829,0
9.10612,16,0,3,256,30.02534100005505,38.85113500018633,8.267303999673459,68.93292699987796,0.3969343824228029,1684,0,0,1238,0.8567750403877221,0
9.1746,16,0,3,256,29.772381999919162,38.634312999874965,8.232138000039413,68.47425400019347,0.3966988130563798,1685,0,0,1186,0.8655143338954469,0
9.27066,16,1,3,256,56.77736899997399,39.20214199979455,8.329107000008662,96.05895499998951,0.386973606168446,1686,0,0,1282,0.8139625585023401,0
9.33934,16,0,3,256,30.024624999896332,38.59064800008127,8.383318999676703,68.67359599982592,0.38674422050978063,1687,0,0,1282,0.8272230889235569,0
9.40889,16,0,3,256,30.137222000121255,39.3486920002033,8.45861599964337,69.54031099985514,0.38651510663507105,1688,0,0,1285,0.8385214007782101,0
9.4787,16,0,3,256,30.110426000192092,39.6362980000049,8.415085999786243,69.7990169996956,0.38628626406157485,1689,0,0,1286,0.8510886469673405,0
9.54829,16,0,3,256,30.259380000188685,39.27752700019482,8.444744999906106,69.58423399964886,0.38605769230769227,1690,0,0,1286,0.864307931570762,0
9.64564,17,0,2,256,57.21748599989951,40.06840400006695,9.453226000005088,97.3439370000051,0.37732632970396907,1691,0,0,1287,0.8768939393939394,0
9.71541,17,0,2,256,30.005923000317125,39.70663900008731,9.033124000325188,69.7609779999766,0.37710332359894316,1692,0,0,1287,0.8901515151515151,0
9.78653,17,0,2,256,30.632918000264908,40.413006000108,9.564802999648236,71.11541999984183,0.3768805809388138,1693,0,0,1182,0.8940884094754653,0
9.85613,16,0,2,256,30.206443999759358,39.3343040000218,8.070025000051828,69.59207299996706,0.32307628247834774,1501,0,0,1183,0.9077028740490279,0
9.95351,17,0,1,256,58.71923000040624,38.602386999627925,8.478088999709144,97.37963999987187,0.32313777708153835,1502,0,0,1184,0.9213471283783784,0
10.02186,17,0,1,256,30.09595100002116,38.17723800011663,8.569195000291074,68.34248099994511,0.322922781887206,1503,0,0,1186,0.9341800168634065,0
10.09107,17,0,1,256,30.059789000006276,39.06191399983072,8.757786999922246,69.17745900000227,0.3227080725907384,1504,0,0,1187,0.9477674810446504,0
10.16014,17,0,1,256,30.18806299996868,38.82496200003516,8.480052000322758,69.05989100005172,0.3224936486222396,1505,0,0,1187,0.9621419545071609,0
10.22912,17,1,2,256,30.075756999849546,38.824609000130295,8.458841999981814,68.98035099993649,0.32227950941332706,1506,0,0,1250,0.9273,0
10.29871,17,0,2,256,30.736258000160888,38.787792999755766,8.535316999768838,69.57804500007114,0.3220656543971271,1507,0,0,1251,0.9401978417266187,0
10.39622,18,0,1,256,57.35064400005285,40.105390999997326,9.483014000124967,97.50742899996112,0.30566578483245155,1512,0,0,1251,0.9538868904876099,0
10.46587,18,0,1,256,29.9023060001673,39.68545899988385,9.15784100016026,69.64102899974023,0.3054637585371227,1513,0,0,1252,0.9668031150159745,0
10.53506,18,0,1,256,29.862030999993294,39.270145000045886,9.093806000237237,69.18669800006683,0.3052619991193307,1514,0,0,1252,0.9804812300319489,0
10.6052,18,0,1,256,30.486032999760937,39.580378999744426,9.153024000170262,70.12408599985065,0.3050605060506051,1515,0,0,1256,0.9909932324840764,0
10.67618,19,0,0,16,30.306614999972226,40.61700300007942,9.724180999910459,70.97926200003712,0.308047493403694,1516,0,0,1257,0.991945107398568,0
10.71673,19,0,0,0,0.000258999989455333,40.50115599966375,9.701820999907795,40.542313999594626,0.3078444297956493,1517,0,0,1257,0.992889817024662,0
10.7572,19,0,0,0,0.000276999799098121,40.41722200008735,9.64712299992243,40.46173799997632,0.3076416337285902,1518,0,0,1258,0.9930445151033387,0
10.79763,19,0,0,0,0.0003010000000358559,40.37836400038941,10.384118000274611,40.418751999823144,0.3074391046741277,1519,0,0,1258,0.9939884737678856,0
10.83853,19,0,0,0,0.000285999703919515,40.84964499998023,9.617009999601578,40.90242700021918,0.30723684210526314,1520,0,0,1261,0.9925654242664552,0
10.88116,19,0,0,0,0.0003619998096837662,42.571298999973806,9.676593000222056,42.61732600025425,0.30703484549638393,1521,0,0,1262,0.9927198890649762,0
10.94726,19,1,1,256,25.69544100015264,40.317694999885134,9.699224999621947,66.08633900032146,0.3068331143232589,1522,0,0,1296,0.9799382716049383,0
11.01696,19,0,1,256,29.29318399992553,40.349665000121604,9.727179000037722,69.69997900023372,0.30663164806303345,1523,0,0,1298,0.9916698767334361,0
11.15413,20,0,0,7,30.593226999826584,106.50626999995438,73.47793400003866,137.15705999993588,0.3240813648293963,1524,0,0,1299,0.9922055427251733,0
11.19645,20,0,0,0,0.00030999990485724993,42.277281999759,11.199953999948775,42.31777399991188,0.3238688524590164,1525,0,0,1299,0.9931678214010777,0
11.23962,20,0,0,0,0.00027300029614707455,43.12030000028244,11.967198000093049,43.1652289998965,0.323656618610747,1526,0,0,1301,0.9926018447348194,0
11.28416,20,0,0,0,0.00027199985197512433,44.4654310003898,13.449117000163824,44.52570700004799,0.3234446627373936,1527,0,0,1214,0.9926894563426688,0
11.35388,19,1,1,256,27.796818999831885,41.84888600002523,10.819171000093775,69.7139380004046,0.3358363185450537,1528,0,0,1280,0.954931640625,0
11.42683,19,0,1,256,30.705054999998538,42.179756999757956,10.67678600020372,72.96002699968085,0.335616674124815,1529,0,0,1281,0.9676034348165495,0
11.50125,19,0,1,256,31.87434800020128,42.463992000193684,11.121448000267264,74.39540499990471,0.33539731682146545,1530,0,0,1282,0.9802554602184087,0
11.57271,19,0,1,256,30.028583999865077,41.36320500037982,11.017747000096278,71.45239500005118,0.33517824607239854,1531,0,0,1286,0.9905715396578538,0
11.64439,20,0,0,21,29.075738999836176,42.55493100026797,12.196859999676235,71.68153099974006,0.33410574412532634,1532,0,0,1287,0.9917929292929293,0
11.68627,20,0,0,0,0.00024700011636014096,41.82548600010705,11.535896000168577,41.862984000090364,0.33388780169602084,1533,0,0,1288,0.991993400621118,0
11.72808,20,0,0,0,0.00027900023269467056,41.77290899997388,11.686011999699986,41.80988200005231,0.3336701434159062,1534,0,0,1289,0.9921935608999224,0
11.76948,20,0,0,0,0.00027300029614707455,41.33775499985859,10.895219999838446,41.38926199993875,0.3334527687296417,1535,0,0,1217,0.9928101889893179,0
11.8115,19,0,0,0,0.0002860001586668659,41.97711300002993,11.38019300015003,42.021035000288975,0.3375822368421053,1536,0,0,1219,0.9921554552912223,0
11.88154,19,1,1,256,25.58026799988511,44.38148600002023,10.995306000040728,70.02863000025172,0.33736259973290417,1537,0,0,1277,0.9605520751761942,0
11.95091,19,0,1,256,28.793371999654482,40.50900999982332,9.433856000214291,69.36113600022509,0.3371432482376292,1538,0,0,1278,0.9732492175273866,0
12.02036,19,0,1,256,29.651376999936474,39.73361399994246,9.431173999928433,69.44154000029812,0.3369241817995281,1539,0,0,1280,0.98515625,0
12.09455,20,0,0,144,30.144546999963495,43.97613099990849,12.882292000085727,74.18163500005903,0.34025974025974026,1540,0,0,1281,0.9923887587822015,0
12.13647,20,0,0,0,0.00028800013751606457,41.87384499982727,10.344172000259277,41.915916000107245,0.34003893575600264,1541,0,0,1281,0.9933645589383294,0
12.17788,20,0,0,0,0.00034300001061637886,41.35734300007243,10.003115000017715,41.40139699984502,0.3398184176394293,1542,0,0,1283,0.9927903351519876,0
12.2187,20,0,0,0,0.00028500016924226657,40.77130499990744,10.003209999922547,40.81557099971178,0.33959818535320807,1543,0,0,1285,0.9922178988326849,0
12.25968,20,0,0,0,0.0002950000634882599,40.935478999927,9.966612999960489,40.97677600020688,0.3393782383419689,1544,0,0,1285,0.9931906614785992,0
12.29972,20,0,0,0,0.000285999703919515,39.992789999814704,9.923676999733289,40.03215700004148,0.3391585760517799,1545,0,0,1286,0.9933903576982893,0
12.36524,20,1,1,256,25.35760399996434,40.09145999998509,10.262406000038027,65.51484200008417,0.33893919793014227,1546,0,0,1326,0.9764328808446455,0
12.43321,20,0,1,256,28.383129999838275,39.535300000352436,9.819247999985237,67.96191699959309,0.3387201034259858,1547,0,0,1330,0.9864661654135338,0
12.50308,21,0,0,109,29.038610000043263,40.775650999876234,10.749734999990324,69.8585519999142,0.3508982404331241,1548,0,0,1331,0.9918294515401953,0
12.54329,21,0,0,0,0.0003149998519802466,40.16291399966576,10.22288700005447,40.20206299992424,0.35067170832180516,1549,0,0,1332,0.9920701951951952,0
12.58363,21,0,0,0,0.0002939996193163097,40.29463500000929,10.146064000309707,40.33867900034238,0.3504454685099846,1550,0,0,1333,0.9923105776444111,0
12.62354,21,0,0,0,0.0006209997991390992,39.85420199978762,10.151368000151706,39.905348000047525,0.35021952043228644,1551,0,0,1270,0.9927657480314961,0
12.66359,20,0,0,0,0.0003089999154326506,40.00528500000655,9.761538000020664,40.0457450000431,0.3500966494845361,1552,0,0,1272,0.9921875,0
12.70346,20,0,0,0,0.0003000000106112566,39.82802600012292,9.939748000306281,39.86324400011654,0.3498712169993561,1553,0,0,1272,0.9931702044025157,0
12.74313,20,0,0,0,0.0002890001269406639,39.61741099965366,9.73785099995439,39.656706000187114,0.34964607464607467,1554,0,0,1273,0.9933719560094265,0
12.78319,20,0,0,0,0.00031099989428184927,40.01471399988077,9.82060200021806,40.05147499992745,0.3494212218649517,1555,0,0,1275,0.9927941176470588,0
12.82302,20,0,0,0,0.0002860001586668659,39.785934000065026,9.793890000310057,39.82682100013335,0.3491966580976864,1556,0,0,1277,0.9922180892717306,0
12.86431,20,0,0,0,0.0003210002432751935,41.25228999964747,9.822213999996166,41.29568000007566,0.3489723827874117,1557,0,0,1277,0.9931969459671104,0
12.90453,20,0,0,0,0.0002970000423374586,40.162546999908955,10.17811299971072,40.19970299987108,0.3487483953786906,1558,0,0,1279,0.9926211884284597,0
12.96867,20,1,1,256,25.0957200000812,38.979738999842084,9.825668999837944,64.14102400003685,0.3485246953175112,1559,0,0,1335,0.9639044943820225,0
13.03683,20,0,1,256,28.41937700031849,39.684313999714504,9.793147999971552,68.14678999990065,0.3483012820512821,1560,0,0,1335,0.9768258426966292,0
13.10542,20,0,1,256,28.7041510000563,39.82106300009036,9.983358999761549,68.57385900002555,0.34807815502882766,1561,0,0,1336,0.9890063622754491,0
13.17559,21,0,0,89,29.102558999966277,41.014831000211416,10.74630499988416,70.16131299997141,0.3527833668678739,1562,0,0,1337,0.993408750934929,0
13.24094,21,1,1,256,24.892022000130964,40.372054999807006,10.317436999685015,65.34588099975736,0.35255765773999936,1563,0,0,1323,0.9607898715041572,0
13.30923,20,0,1,256,28.29478800003926,39.94143599993549,10.038294999958453,68.27546999966216,0.35799232736572895,1564,0,0,1323,0.9738284202569917,0
13.37706,20,0,1,256,28.4036749999359,39.38521899999614,9.745195000050444,67.8308560000005,0.35776357827476035,1565,0,0,1324,0.9861216012084593,0
13.44788,21,0,0,129,30.233527999826038,40.5247869998675,10.655483999926219,70.8103070001016,0.3608526424618379,1566,0,0,1325,0.9924528301886792,0
13.51282,21,1,1,256,24.73696499964717,40.13569100015957,10.497526999643014,64.92805200014118,0.3606223599841979,1567,0,0,1378,0.9668450653120464,0
13.58097,21,1,2,256,28.12811400008286,39.94129300008353,10.236435000024358,68.14548100010143,0.360392371234208,1568,0,0,1473,0.9162423625254582,0
13.65118,21,0,2,256,28.32420100003219,41.81620000008479,10.507404999771097,70.20716299984997,0.3601626756502474,1569,0,0,1474,0.9273660108548168,0
13.75274,22,0,1,256,57.63610299982247,43.84758900005181,11.986247999629995,101.55696299989359,0.36528662420382163,1570,0,0,1475,0.9385169491525424,0
13.82542,22,1,2,256,30.431259000124555,42.155395000008866,10.889303000112704,72.67575200012288,0.36505410566518137,1571,0,0,1558,0.899671052631579,0
13.90077,22,0,2,256,31.453422000140563,43.81981200003793,11.480635999760125,75.33706999993228,0.36482188295165396,1572,0,0,1560,0.9096554487179487,0
13.9742,22,0,2,256,30.72555700009616,42.62465700003304,11.037384000246675,73.43297699981122,0.3645899554990464,1573,0,0,1477,0.9165538253215978,0
14.04798,21,0,2,256,32.72333899985824,40.96669299997302,10.251052000057825,73.76178999993499,0.37411508440733343,1574,0,0,1429,0.9253411476557033,0
14.14674,21,0,1,256,57.155400999818085,41.54024199988271,10.705649000101403,98.75118299987662,0.35277399848828417,1575,0,0,1431,0.9361460517120894,0
14.21597,21,0,1,256,28.86570999999094,40.318507000392856,10.626867999690148,69.22933800024111,0.3525501571186851,1576,0,0,1431,0.9482442348008385,0
14.28592,21,0,1,256,28.681115000381396,41.21290600005523,10.441537000133394,69.93840399991313,0.35232659963160917,1577,0,0,1432,0.9596717877094972,0
14.35624,21,0,1,256,29.25089000018488,40.99734700002955,10.409854000045016,70.31660700022258,0.3521033254873559,1578,0,0,1334,0.9693590704647677,0
14.4276,20,0,1,256,30.479054999887012,40.80613499991159,9.983965999708744,71.35356699973272,0.36934768841038634,1579,0,0,1336,0.9808196107784432,0
14.52217,21,1,1,256,53.48938099996303,40.99586399979671,10.654339999746298,94.56558900001255,0.3604279686558167,1580,0,0,1413,0.9396231422505308,0
14.59404,21,0,1,256,29.178355000112788,42.61560099985218,10.618722999879537,71.85141299987663,0.36019999397608504,1581,0,0,1415,0.950530035335689,0
14.6658,21,0,1,256,29.913287999988825,41.78629399984857,10.588398999971105,71.75805499991839,0.35997230750707365,1582,0,0,1417,0.9614061397318278,0
14.73634,21,0,1,256,29.743950000010955,40.736240000114776,10.547381000378664,70.53683300000557,0.359744908702584,1583,0,0,1418,0.9729372355430184,0
14.8088,21,0,1,256,30.152621000070212,42.23442300008173,10.926526999810449,72.45206700008566,0.35951779701779707,1584,0,0,1420,0.9837588028169014,0
14.88463,22,0,0,198,30.649931999960245,45.11047400001189,11.58171700035382,75.82289099991613,0.3533409807857757,1585,0,0,1422,0.9920446554149086,0
14.9518,22,1,1,256,25.254856000174186,41.822810000212485,11.040912000225944,67.1626319999632,0.3531181932821277,1586,0,0,1507,0.9476194426011945,0
15.02478,22,0,1,256,28.836235999733617,44.076542999846424,11.882345999765676,72.97250900001018,0.35289568654407977,1587,0,0,1509,0.9578777335984096,0
15.09723,22,0,1,256,29.743147999852226,42.633362999822566,11.257181000019045,72.44026599983044,0.35267346004121825,1588,0,0,1510,0.96875,0
15.16803,22,0,1,256,29.23687600014091,41.50458300000537,11.056626000026881,70.79340800009959,0.3524515132444648,1589,0,0,1510,0.9802566225165563,0
15.23953,22,0,1,256,28.95710799975859,42.47974199961391,11.051471999962814,71.49861499965482,0.35222984562607207,1590,0,0,1511,0.9911068828590337,0
15.31478,23,0,0,54,30.590195000058884,44.58674899979087,12.283665000268229,75.23692900031165,0.343726942311371,1591,0,0,1514,0.9923216644649934,0
15.3578,23,0,0,0,0.0003619998096837662,42.96978599995782,11.656364000373287,43.01221300011093,0.3435110334280096,1592,0,0,1514,0.9932711360634082,0
15.40056,23,0,0,0,0.0002980000317620579,42.711398000392364,11.630737999894336,42.75589500002752,0.34329539561669264,1593,0,0,1515,0.9935643564356436,0
15.44444,23,0,0,0,0.0003179998202540446,43.83099200003926,11.79534099992452,43.88047899965386,0.3430800283672467,1594,0,0,1517,0.9932020435069215,0
15.48855,23,0,0,0,0.0003330001163703855,44.048358999589254,12.133680999795615,44.09116199985874,0.3428649311707782,1595,0,0,1519,0.9928406846609612,0
15.53148,23,0,0,0,0.0002910001057898626,42.88730600001145,11.700012999881437,42.92849900002693,0.34265010351966874,1596,0,0,1519,0.9937870309414089,0
15.57438,23,0,0,0,0.0002750002749962732,42.84940599973197,11.718806000317272,42.89171900018118,0.3424355449075712,1597,0,0,1521,0.9934253780407627,0
15.61807,23,0,0,0,0.00029000011636526324,43.642230999921594,11.665238000205136,43.685557000117115,0.34222125482940635,1598,0,0,1523,0.9930646749835851,0
15.6625,23,0,0,0,0.0002970000423374586,44.38280600015787,12.182175000361894,44.426282999666,0.3420072327813579,1599,0,0,1524,0.9933562992125984,0
15.70658,23,0,0,0,0.00029900002118665725,44.03254599992579,11.85296899984678,44.07814799969856,0.3417934782608696,1600,0,0,1526,0.9929963958060288,0
15.75,23,0,0,0,0.0006329996722342912,43.35932899994077,11.885441999766044,43.40564299991456,0.34157999076664036,1601,0,0,1529,0.9919882275997384,0
15.79536,23,0,0,0,0.0002920000952144619,45.31311300024754,13.312834000316798,45.3582479999568,0.34136676979862124,1602,0,0,1530,0.9922794117647059,0
15.86949,23,1,1,256,26.297868999790808,47.74555399990277,13.860198999736895,74.12615300017933,0.3411538148580108,1603,0,0,1586,0.9682377049180327,0
15.94538,23,0,1,256,29.890089000218723,45.929139999770996,13.371125000048778,75.87923900018723,0.3409411254472514,1604,0,0,1587,0.9786153119092628,0
16.02094,23,0,1,256,29.66122899988477,45.833155999844166,13.538485000026412,75.5529100001695,0.34072870107002573,1605,0,0,1587,0.9896030245746692,0
16.09991,24,0,0,85,31.054979999680654,47.85290100016937,14.355754000007437,78.96917200014286,0.34586446658364467,1606,0,0,1588,0.9932698362720404,0
16.14749,24,0,0,0,0.0002940000740636606,47.519536999971024,13.928321000094002,47.56813299991336,0.3456492428956648,1607,0,0,1591,0.9923397234443746,0
16.221,24,1,1,256,26.572191000013845,46.8467679997957,13.798482999845874,73.50393399974564,0.34543428689883915,1608,0,0,1663,0.9598992784125076,0
16.29693,24,0,1,256,29.241891999845393,46.620525999969686,13.95770099998117,75.92296900020301,0.3452195980940542,1609,0,0,1664,0.9698392427884616,0
16.37416,24,0,1,256,29.604375999952026,47.55534900004932,14.688224000110495,77.2217419998924,0.34500517598343683,1610,0,0,1666,0.9791791716686674,0
16.45251,24,1,2,256,29.611473999921145,48.6357089998819,13.969013999940216,78.3510149999529,0.3447910200703497,1611,0,0,1729,0.953622035858878,0
16.56083,25,0,1,256,59.69155499997214,48.55124400000932,15.008348999799637,108.30114299960769,0.3422332506203474,1612,0,0,1729,0.9637796414112204,0
16.63945,25,0,1,256,30.154967000271427,48.38432199994713,14.995336000083626,78.60005099973932,0.3420210787352759,1613,0,0,1732,0.9722502886836027,0
16.71876,25,0,1,256,30.283811000117566,48.95623799984605,14.531289999922592,79.30044599970643,0.3418091697645601,1614,0,0,1734,0.9812572087658593,0
16.79819,25,0,1,256,30.368459999863262,48.994042000231275,14.589411000088148,79.4212000000698,0.3415975232198143,1615,0,0,1735,0.990814121037464,0
16.92457,26,0,0,66,30.06662600000709,96.23205800016876,60.43664200024068,126.36171200028912,0.3437976009139375,1616,0,0,1737,0.9929835924006909,0
17.00354,26,1,1,256,27.916310999898997,50.94163800004026,16.43338700023378,78.96074800009956,0.3435849864421293,1617,0,0,1831,0.9516316220644456,0
17.08604,26,0,1,256,30.943185000069207,51.48915700010548,16.374815000290255,82.49434200024552,0.3433726347817819,1618,0,0,1832,0.9607328056768559,0
17.16981,26,0,1,256,31.165671000053408,52.50031800005672,17.311546999735583,83.76514799965662,0.3431605454459068,1619,0,0,1738,0.968138665132336,0
17.25056,25,0,1,256,30.73977099984404,49.94713799987949,16.135680999923352,80.74711300014314,0.3542222222222222,1620,0,0,1739,0.9776811385853938,0
17.33251,25,0,1,256,32.13412300010532,49.75581200005763,15.989821999937703,81.9459059998735,0.35400370141887727,1621,0,0,1739,0.9877803335250144,0
17.41753,26,0,0,145,32.66334799991455,52.283385999999155,16.978367999854527,85.00907999996343,0.3448496632836954,1622,0,0,1740,0.9933548850574713,0
17.47011,26,0,0,0,0.000264999926002929,52.50089500032118,16.831253999953333,52.57126799961043,0.3446371865965212,1623,0,0,1678,0.9924016686531585,0
17.52014,25,0,0,0,0.00037999961932655424,49.97343000013643,15.59886400036703,50.02865999995265,0.34374384236453204,1624,0,0,1627,0.9935079901659496,0
17.56928,24,0,0,0,0.0003710001692525111,49.07523400015634,15.891372000169213,49.12905999981376,0.3368461538461538,1625,0,0,1628,0.9938191031941032,0
17.61788,24,0,0,0,0.00039499991544289514,48.54953099993509,15.083753999988403,48.59483300015199,0.33663899138991393,1626,0,0,1630,0.9935199386503067,0
17.66506,24,0,0,0,0.0004260000423528254,47.12232700012464,13.790357999823755,47.170603000267874,0.33643208358942844,1627,0,0,1631,0.9938304721030042,0
17.71083,24,0,0,0,0.0006340001164062414,45.717736999904446,12.58518600025127,45.764819999931206,0.3362254299754299,1628,0,0,1631,0.9947501532801962,0
17.75643,24,0,0,0,0.000544999693374848,45.52506900017761,12.641172000257939,45.57577500008847,0.3360190300798036,1629,0,0,1635,0.9932339449541284,0
17.80318,24,0,0,0,0.0007169996933953371,46.704817000318144,12.799679999716318,46.75057500026014,0.3358128834355828,1630,0,0,1637,0.9929367745876604,0
17.85,24,0,0,0,0.00024000019038794562,46.759582000049704,12.745813000037742,46.80575700012923,0.3356069895769467,1631,0,0,1638,0.993246336996337,0
17.89608,24,0,0,0,0.0003790000846493058,46.031192999635095,12.682674000188854,46.07677700005297,0.33540134803921573,1632,0,0,1640,0.9929496951219512,0
17.94173,24,0,0,0,0.000452000222139759,45.5986940000912,12.674349999997503,45.644600999821705,0.33519595835884874,1633,0,0,1644,0.9914461678832117,0
17.9873,24,0,0,0,0.0002770002538454719,45.52066199994442,12.622637000276882,45.565663000161294,0.3349908200734394,1634,0,0,1645,0.9917553191489362,0
18.03348,24,0,0,0,0.00047699995775474235,46.132470999964426,12.66172399982679,46.175118000064685,0.33478593272171253,1635,0,0,1645,0.9926671732522796,0
18.07922,24,0,0,0,0.0003510003807605244,45.685803000196756,12.669826000092144,45.73239799992734,0.3345812958435208,1636,0,0,1646,0.9929753948967193,0
18.12426,24,0,0,0,0.00033700007406878285,44.98399300018718,12.564288999783457,45.03394799985472,0.3343769089798412,1637,0,0,1647,0.993283242258652,0
18.16996,24,0,0,0,0.00031700028557679616,45.61909799986097,12.442757999906462,45.684058999995614,0.3341727716727717,1638,0,0,1559,0.9933851828094933,0
18.21475,23,0,0,0,0.0003210002432751935,44.74820899986298,11.995439999736845,44.78590000007898,0.3426797888426135,1639,0,0,1562,0.9923975672215108,0
18.25865,23,0,0,0,0.00028099975679651834,43.856438000148046,11.900153000169666,43.89235400003599,0.34247083775185583,1640,0,0,1562,0.993317861715749,0
18.30221,23,0,0,0,0.00030199998946045525,43.51592199964216,11.888868999903934,43.552076000196394,0.34226214132421906,1641,0,0,1563,0.9936020473448497,0
18.34598,23,0,0,0,0.0003330001163703855,43.725800000174786,11.926035999749729,43.768456999714545,0.3420536990944235,1642,0,0,1565,0.9932507987220447,0
18.39041,23,0,0,0,0.0007069997991493437,44.372479999765346,12.011177000204043,44.42711000001509,0.34184551059832224,1643,0,0,1565,0.9941693290734824,0
18.43696,23,0,0,0,0.0003229997673770413,46.49884199989174,14.132360000076005,46.539653000309045,0.3416375753728975,1644,0,0,1565,0.9950878594249202,0
18.48265,23,0,0,0,0.00038600001062150113,45.618551000188745,13.606900000013411,45.67810699973052,0.3414298929562575,1645,0,0,1523,0.9936391989494419,0
18.52815,22,0,0,0,0.0002629999471537303,45.45488900021155,13.250899000013305,45.497936999709054,0.33135424721086937,1646,0,0,1525,0.9932377049180328,0
18.57458,22,0,0,0,0.0003680002009787131,46.37475000026825,13.462167999932717,46.42046600019967,0.3311530606612574,1647,0,0,1526,0.9934878768020969,0
18.62002,22,0,0,0,0.0003959999048674945,45.396715000151744,13.447664000068471,45.43876200023078,0.3309521182700794,1648,0,0,1528,0.9930873691099477,0
18.69124,22,1,1,256,25.41275899966422,45.71342799999911,13.691228999960003,71.21456999993825,0.3307514195931418,1649,0,0,1617,0.9491728509585653,0
18.76659,22,0,1,256,29.415170999982365,45.85592099965652,13.543524999931833,75.33789300032367,0.3305509641873279,1650,0,0,1618,0.95932478368356,0
18.84192,22,0,1,256,29.495947000214073,45.77688399967883,13.586908999968728,75.32538399982514,0.33035075161059413,1651,0,0,1618,0.9700633498145859,0
18.9157,22,0,1,256,29.283491000114736,44.41741000027832,13.253387999611732,73.7670500002423,0.33015078142196785,1652,0,0,1550,0.979516129032258,0
18.98868,21,0,1,256,28.88918000007834,44.0337729996827,12.92616699993232,72.97747899974638,0.3297035692679976,1653,0,0,1551,0.9900467440361057,0
19.06466,22,0,0,76,30.171639999934996,45.74548099981257,13.390002000051027,75.97598099982861,0.3227162800923381,1654,0,0,1552,0.9933553479381443,0
19.11084,22,0,0,0,0.0005140000212122686,46.124779999900056,13.499733000116976,46.18175599989627,0.32252128536116453,1655,0,0,1554,0.9929617117117117,0
19.18163,22,1,1,256,25.497259000076156,45.202498999969976,13.32063699965147,70.77039299974786,0.322326526130874,1656,0,0,1587,0.9832624448645243,0
19.25696,22,0,1,256,29.659499999979744,45.59218400027021,13.502402000085567,75.3235020001739,0.32213200197509184,1657,0,0,1537,0.9939817826935589,0
19.33138,22,0,0,8,29.710317999615654,44.64071100028377,13.289349999922706,74.41651499993895,0.3296414080491282,1658,0,0,1483,0.9939733648010789,0
19.37527,21,0,0,0,0.0002510000740585383,43.84716899994601,12.901551000140898,43.888201999834564,0.32302878957490166,1659,0,0,1483,0.9948583951449764,0
19.41932,21,0,0,0,0.00031599984140484594,43.98619299990969,12.851845000113826,44.024728000295,0.3228341939185313,1660,0,0,1483,0.995743425488874,0
19.46356,21,0,0,0,0.00028200020096846856,44.17711599990071,12.934467999912158,44.23830599989742,0.3226398325736074,1661,0,0,1414,0.9937234794908062,0
19.50755,20,0,0,0,0.00034599997889017686,43.93658199978745,12.458020999929431,43.97667299963359,0.32364620938628164,1662,0,0,1416,0.9932026836158192,0
19.54976,20,0,0,0,0.0003089999154326506,42.1627340001578,12.379170999793132,42.20346000010977,0.3234515935057126,1663,0,0,1417,0.9933839096683134,0
19.59234,20,0,0,0,0.00028999966161791235,42.53765099974771,12.324282999998104,42.57836099986889,0.32325721153846154,1664,0,0,1418,0.993564880112835,0
19.63489,20,0,0,0,0.0003069999365834519,42.503323999881104,12.323955999818281,42.541910000181815,0.3230630630630631,1665,0,0,1422,0.9916490857946554,0
19.70322,20,1,1,256,24.975814999834256,43.26544500008822,12.422541999967507,68.32667700018646,0.3228691476590636,1666,0,0,1414,0.964683521923621,0
19.77463,19,0,1,256,28.989113999614347,42.35473300013837,10.574023999652127,71.40524100032053,0.31900988223407944,1667,0,0,1414,0.9768387553041018,0
19.8458,19,1,2,256,29.72286499971233,41.346519000398985,10.71967500001847,71.15622799983612,0.3188186293070806,1668,0,0,1504,0.9298121675531915,0
19.94513,20,0,1,256,55.384149000019534,43.8808170001721,12.617382999906113,99.33182400027363,0.3264230077890953,1669,0,0,1505,0.940656146179402,0
20.0192,20,0,1,256,30.19833300004393,43.79786999970747,12.4882630002503,74.05420599980062,0.3262275449101797,1670,0,0,1506,0.9514857237715804,0
20.09109,20,0,1,256,29.316836999896623,42.51214500027345,12.429673000042385,71.88488600013443,0.32603231597845606,1671,0,0,1508,0.9616627984084881,0
20.16565,20,1,2,256,30.287947000033455,44.18536399998629,12.661321999985375,74.55269499996575,0.3258373205741627,1672,0,0,1567,0.9364629865985961,0
20.24069,20,0,2,256,30.626236999978573,44.352617000186,12.624553000023297,75.03008499998032,0.3256425582785415,1673,0,0,1567,0.9474712827058073,0
20.34528,21,0,1,256,59.897386000102415,44.633909999902244,13.262334000046394,104.59068000000116,0.3174034249303066,1674,0,0,1569,0.9572976418100702,0
20.42008,21,0,1,256,29.753595999864046,44.98544000034599,13.201316000049701,74.7909360002268,0.31721393034825873,1675,0,0,1569,0.968331739961759,0
20.49528,21,0,1,256,30.368067999916093,44.76958899977035,13.148637000085728,75.18984500029546,0.31702466189339695,1676,0,0,1569,0.979365838113448,0
20.56871,21,0,1,256,29.64168399967093,43.7290789996041,13.093852000110928,73.42687900018063,0.3168356191612005,1677,0,0,1573,0.9878814367450731,0
20.64547,22,0,0,131,30.22759399982533,46.46375899983468,13.58814800005348,76.74874500025908,0.32294939863473837,1678,0,0,1574,0.9933290978398983,0
20.69225,22,0,0,0,0.0003360000846441835,46.711505000075704,13.63140699959331,46.77604700009397,0.32275705235800534,1679,0,0,1500,0.9935416666666667,0
20.73673,21,0,0,0,0.00028500016924226657,44.4260649996977,12.991209000119852,44.47153000000981,0.3241213151927438,1680,0,0,1501,0.9937541638907396,0
20.78048,21,0,0,0,0.0003089999154326506,43.703598999854876,13.00793700011127,43.74609300020893,0.3239285006090479,1681,0,0,1505,0.991985049833887,0
20.8243,21,0,0,0,0.00028099975679651834,43.76669600014793,12.98553600008745,43.81513199996334,0.3237359152935847,1682,0,0,1506,0.9921978751660027,0
20.86858,21,0,0,0,0.00028100021154386923,44.22699900032967,12.965203000021575,44.27158299995426,0.3235435588376765,1683,0,0,1506,0.9930693891102258,0
20.91272,21,0,0,0,0.00030499995773425326,44.08402099988962,13.116747999902145,44.12744499995824,0.32335143083361606,1684,0,0,1507,0.9932813536828136,0
20.95653,21,0,0,0,0.00031899980967864394,43.75897900035852,13.052887999947416,43.81094699965615,0.3231595308746644,1685,0,0,1508,0.9934930371352785,0
21.00122,21,0,0,0,0.00030199998946045525,44.63452999971196,13.036810999892623,44.68397199980245,0.32296785855504717,1686,0,0,1510,0.993046357615894,0
21.04638,21,0,0,0,0.0002660003701748792,45.10710600015955,13.158591999854252,45.14968199964642,0.32277641346995234,1687,0,0,1511,0.9932577763070815,0
21.11584,21,1,1,256,25.13716800012844,44.2232589998639,13.063008999779413,69.46498799970868,0.322585195215527,1688,0,0,1534,0.9586049543676662,0
21.18848,20,0,1,256,29.04229600017061,43.5266950003097,11.95750999977463,72.62113000024328,0.3110716400236827,1689,0,0,1534,0.9698500651890483,0
21.25979,20,0,1,256,29.27350000027218,41.96444800027166,11.272951000137255,71.2967760000538,0.31088757396449707,1690,0,0,1536,0.9798177083333334,0
21.33082,20,0,1,256,28.72224800012191,42.26092599992626,11.313066999719013,71.03107100010675,0.3107037256061502,1691,0,0,1536,0.9910481770833334,0
21.42992,21,1,1,256,55.47984900022129,43.517961999896215,11.996924999948533,99.07053299957624,0.31194416300799277,1692,1,0,1584,0.9719460227272727,0
21.50246,21,1,2,256,29.350283999974636,43.08606699987649,11.775373999626026,72.53548900007445,0.31175990774336904,1693,0,0,1683,0.9250594177064765,0
21.57603,21,0,2,256,29.9349719998645,43.56755599974349,11.711218000073131,73.56115199991109,0.3115758700174285,1694,0,0,1684,0.9347906769596199,0
21.67748,22,0,1,256,55.50361699988571,45.89026299981924,12.456265999844618,101.4435849997426,0.32282113167068915,1695,0,0,1684,0.9451083729216152,0
21.75187,22,0,1,256,29.49333000015031,44.82071900019946,12.262035999810905,74.38198899990311,0.32263078902229847,1696,0,0,1686,0.9542927046263345,0
21.82675,22,0,1,256,30.18339999971431,44.63359600003969,12.169742999958544,74.87380100019436,0.32244067070230886,1697,0,0,1690,0.9623150887573965,0
21.90404,22,0,1,256,30.90825599974778,46.31734900021911,13.714563999656093,77.28293499985739,0.3222507763143806,1698,0,0,1691,0.9720209934949734,0
21.97954,22,0,1,256,30.287978000160365,45.14854399985779,12.246108999988792,75.49034900011975,0.3220611054631066,1699,0,0,1691,0.982295978710822,0
22.05436,22,1,2,256,29.935444999864558,44.809893000092416,12.434157999905437,74.82097599995541,0.3218716577540107,1700,0,0,1747,0.9607541499713795,0
22.15754,23,1,2,256,56.30068600021332,46.78255100043316,13.136356999893906,103.16309400013779,0.3126293995859213,1701,0,0,1800,0.9421527777777777,0
22.23528,23,0,2,256,30.882999999903404,46.790469999905326,12.970952000159741,77.73210799996377,0.31244571603739846,1702,0,0,1802,0.9507838512763596,0
22.31281,23,2,4,256,30.145462999826123,47.261233999961405,12.942512999870814,77.5128179998319,0.31226224820648985,1703,0,0,1816,0.8977491740088106,0
22.41579,23,0,3,256,56.35299000005034,46.562594000079116,12.804346999928384,102.97608900009436,0.33085833843641554,1704,0,0,1817,0.9068519537699504,0
22.49179,23,0,3,256,29.855427999791573,46.08176399960939,12.722384999960923,75.9896600002321,0.3306642866250159,1705,0,0,1817,0.9164488167308751,0
22.56826,23,0,3,256,30.366974000116898,46.036208999794326,12.727548000384559,76.46398199995019,0.3304704623069473,1706,0,0,1820,0.9245192307692308,0
22.67209,24,0,2,256,56.3339399996039,47.436457999992854,13.224493000052462,103.82418299968776,0.33804432727982814,1707,0,0,1820,0.9341346153846154,0
22.74951,24,1,3,256,30.103180999958568,47.206117999849084,13.126278000072489,77.39872799993464,0.3378464090554254,1708,0,0,1902,0.9030625657202944,0
22.82654,24,0,3,256,29.98015299999679,46.990935999929206,13.137529000232462,77.02733800033457,0.33764872244977573,1709,0,0,1906,0.9103488982161595,0
22.90658,24,0,3,256,30.79300700028398,49.17927199994665,14.51032499971916,80.03670700009025,0.33745126705653017,1710,0,0,1907,0.919048243314106,0
22.9856,24,0,3,256,30.537246999756462,48.418798000056995,13.31571199989412,79.0086719998726,0.3372540424702902,1711,0,0,1907,0.9282249606712113,0
23.09156,25,0,2,256,56.57893799980229,49.306580999655125,14.239220000035857,105.95471300030113,0.33733644859813083,1712,0,0,1909,0.936452331063384,0
23.17057,25,1,3,256,29.81181800032573,49.105849000170565,14.325689999623137,79.0062310002213,0.33713952130764735,1713,0,0,1978,0.9126643073811931,0
23.27758,26,0,2,256,56.5943760002483,50.34234699996887,14.671767999971053,106.99705100023493,0.3471636298357419,1714,0,0,1980,0.9206439393939394,0
23.35823,26,0,2,256,30.596245999731764,49.990557999990415,14.143540000077337,80.64334500022596,0.3469612020632429,1715,0,0,1980,0.9295454545454546,0
23.43833,26,0,2,256,30.728237999937846,49.295479000193154,14.337130000058096,80.08037199988394,0.34675901022054867,1716,0,0,1981,0.9379732458354366,0
23.51636,26,1,3,256,29.208624999682797,48.75018700022338,13.971627000046283,78.02613500007283,0.3465570538954348,1717,0,0,2024,0.9267539525691699,0
23.59534,26,0,3,256,29.39031400001113,49.53692199978832,13.98867500029155,78.9805700001125,0.34635533267663654,1718,0,0,2026,0.9345384995064165,0
23.70291,27,0,2,256,54.769810999914625,52.71289499978593,15.20368999990751,107.56287300000622,0.34251179626397776,1719,0,0,1919,0.9398449713392392,0
23.77943,26,0,2,256,29.673415999695862,46.750157000133186,13.544195000122272,76.50628700002926,0.27401642234648127,1527,0,0,1830,0.9464822404371585,0
23.85472,25,0,2,256,29.832310000074358,45.38294699977996,12.957922999703442,75.28838700000051,0.2821204188481675,1528,0,0,1749,0.9539022298456261,0
23.92994,24,0,2,256,31.609325999852445,43.53844599972945,12.288589000036154,75.20437899984245,0.2874427730542839,1529,0,0,1753,0.9617084997147747,0
24.03231,25,0,1,256,56.07187999976304,46.23707500013552,13.504523999927187,102.36522800005332,0.28928104575163394,1530,0,0,1753,0.9717270393610953,0
24.10814,25,0,1,256,30.125537000003533,45.638671000233444,12.974057000064931,75.82264700022279,0.28909209666884395,1531,0,0,1754,0.9811858608893956,0
24.1843,25,0,1,256,31.003927000256226,45.09077200009415,12.80765399997108,76.15382299991325,0.28890339425587463,1532,0,0,1759,0.9883811824900511,0
24.26036,26,0,0,105,29.997920999903727,46.00483500007613,13.278306999836786,76.06107499987047,0.2994630939836419,1533,0,0,1760,0.9924715909090909,0
24.30736,26,0,0,0,0.0006059999577701092,46.94904999996652,13.540151999677619,46.993088999897736,0.2992678768428443,1534,0,0,1760,0.9933948863636364,0
24.35438,26,0,0,0,0.0003060004019062035,46.95451299994602,13.276859999677981,47.011493000354676,0.2990729140566274,1535,0,0,1715,0.9940233236151603,0
24.40015,25,0,0,0,0.0002419997144897934,45.71211199981917,13.096431000121811,45.761436999782745,0.2896875,1536,0,0,1720,0.9920421511627907,0
24.44552,25,0,0,0,0.00035800030673271976,45.31286800011003,12.89675999987594,45.35769700032688,0.2894990240728692,1537,0,0,1722,0.9917973286875726,0
24.49117,25,0,0,0,0.0002920000952144619,45.60287699996479,12.961207999978797,45.64907000030871,0.2893107932379714,1538,0,0,1722,0.9927047038327527,0
24.53705,25,0,0,0,0.0005649999366141856,45.82254099977945,13.027327999679983,45.86825099977432,0.2891228070175439,1539,0,0,1723,0.9930354033662218,0
24.58234,25,0,0,0,0.00029900002118665725,45.23572600010084,12.93377199999668,45.28215999971508,0.28893506493506493,1540,0,0,1724,0.9933657192575406,0
24.62755,25,0,0,0,0.000279999767371919,45.15208300017548,13.0815329998768,45.198149000043486,0.2887475665152498,1541,0,0,1726,0.993119930475087,0
24.67358,25,0,0,0,0.0004349999471742194,45.98596499999985,12.892707999981212,46.034420000069076,0.2885603112840467,1542,0,0,1726,0.9940252027809965,0
24.71996,25,0,0,0,0.00027299984139972366,46.31721199984895,13.031283000145777,46.36553999989701,0.2883732987686325,1543,0,0,1728,0.9937789351851852,0
24.76587,25,0,0,0,0.00029000011636526324,45.86258399967846,13.286412000070413,45.90559200005373,0.28818652849740933,1544,0,0,1729,0.9941078658183922,0
24.81072,25,0,0,0,0.0002890001269406639,44.800862000101915,12.968888000159495,44.84107400003268,0.28800000000000003,1545,0,0,1733,0.9927149451817657,0
24.88191,25,1,1,256,25.223442999958934,45.89625300013722,12.835162000101263,71.18464700033655,0.28781371280724455,1546,0,0,1768,0.9829963235294118,0
24.95541,25,0,1,256,28.06766499998048,45.37435000020196,12.859738999850379,73.4973569997237,0.28762766645119586,1547,0,0,1769,0.9923685698134539,0
25.03171,26,0,0,32,29.509328000131063,46.72183299999233,13.483126000210177,76.29353999982413,0.30133174319220835,1548,0,0,1773,0.9921742808798646,0
25.10334,26,1,1,256,25.600166999993235,45.93540899986692,13.309905999904004,71.61878799979604,0.30113721011074146,1549,0,0,1865,0.952680965147453,0
25.18095,26,0,1,256,28.562337000039406,48.984678000124404,13.437976000204799,77.60396199955721,0.30094292803970224,1550,0,0,1865,0.9621313672922251,0
25.25972,26,0,1,256,31.381421999867598,47.32655599991631,13.476296000135335,78.76410999961081,0.3007488964935774,1551,0,0,1866,0.9710610932475884,0
25.33537,26,0,1,256,28.900972999963415,46.67648899976484,13.36557799959337,75.6383249999999,0.3005551149881047,1552,0,0,1871,0.9778861571352218,0
25.41268,26,0,1,256,29.96897999992143,47.27810100030183,13.588337999863143,77.30982200018843,0.3003615830402695,1553,0,0,1873,0.9862520021356114,0
25.49152,27,0,0,168,30.92518499988728,47.84165799992479,14.015567999649647,78.82373699976597,0.2915772915772916,1554,0,0,1873,0.9927589428723972,0
25.54002,27,0,0,0,0.00031700028557679616,48.4528639999553,14.049083999907452,48.50103400031003,0.2913897820650232,1555,0,0,1874,0.9931296691568837,0
25.58857,27,0,0,0,0.0005499996404978447,48.48346499966283,14.116768000349111,48.53583400017669,0.2912025135675521,1556,0,0,1875,0.9935,0
25.63657,27,0,0,0,0.0003119998837064486,47.9476440000326,14.125467999747343,47.993984000186174,0.2910154856204953,1557,0,0,1877,0.9933404368673415,0
25.68526,27,0,0,0,0.00032500020097359084,48.639784999977564,14.118812000106118,48.68575000000419,0.2908286977606618,1558,0,0,1877,0.9942394778902504,0
25.73472,27,0,0,0,0.0006529999154736288,49.39106299980267,14.389596999990317,49.445896000179346,0.2906421495260495,1559,0,0,1879,0.9940792974986695,0
25.78415,27,0,0,0,0.00029600005291285925,49.38549600001352,14.28703300007328,49.43929899991417,0.2904558404558405,1560,0,0,1880,0.9944481382978724,0
25.83267,27,0,0,0,0.0003240002115489915,48.42631600013192,14.290791999883368,48.497757999939495,0.2902697700903979,1561,0,0,1790,0.9930865921787709,0
25.88046,26,0,0,0,0.00037699965105275624,47.74380100025155,13.475340000240976,47.78987800000323,0.2996651236087856,1562,0,0,1791,0.9934394193188163,0
25.95337,26,1,1,256,25.53681699964727,47.27549400013231,13.525400000162335,72.89657699993768,0.29947339928146066,1563,0,0,1883,0.9542618162506639,0
26.02924,26,0,1,256,29.08038499981558,46.721991000140406,13.514558000224497,75.87039999998524,0.29928192012590993,1564,0,0,1888,0.9610699152542372,0
26.10494,26,1,2,256,29.42755300000499,46.172545999979775,13.452016999963234,75.67918500035375,0.29909068567215535,1565,0,0,1943,0.9429361811631498,0
26.18116,26,0,2,256,28.783902000213857,47.382817000197974,13.393680000262975,76.22201599997425,0.2988996954514196,1566,0,0,1943,0.9520072053525476,0
26.25989,26,0,2,256,30.84709999984625,47.79305600004591,13.856817000032606,78.70956900023884,0.298708948996122,1567,0,0,1944,0.9605838477366255,0
26.36581,27,0,1,256,56.77861200001644,49.080022999987705,14.669189999949594,105.91618599983121,0.2904620181405896,1568,0,0,1948,0.9676912217659137,0
26.4439,27,0,1,256,29.79576600000655,48.22949300023538,14.183521999711957,78.08957799989003,0.2902768925713476,1569,0,0,1950,0.9757692307692307,0
26.52237,27,0,1,256,29.982039000060468,48.42056000006778,14.229324000098131,78.45807600006083,0.29009200283085634,1570,0,0,1950,0.9848397435897436,0
26.6055,28,0,0,247,30.514072000187298,52.54620799996701,14.67261400011921,83.12121200015099,0.2958534145676094,1571,0,0,1951,0.9931445412608918,0
26.65722,28,0,0,0,0.000475999968330143,51.666972000020905,14.60278600006859,51.717659999667376,0.2956652126499455,1572,0,0,1952,0.9935322745901639,0
26.7088,28,0,0,0,0.00033400010579498485,51.500056000350014,14.618463000260817,51.56856699977652,0.29547725002270453,1573,0,0,1885,0.993368700265252,0
26.75812,27,0,0,0,0.00026099996830453165,49.270126999999775,14.163336999899911,49.31326399992031,0.2950256482658007,1574,0,0,1885,0.994263925729443,0
26.80781,27,0,0,0,0.0004369999260234181,49.61375099992438,14.280244000019593,49.681746999794996,0.29483833039388596,1575,0,0,1815,0.9942493112947658,0
26.88346,26,1,1,256,26.380082000287075,49.141164000047866,13.979113000004872,75.64561400022285,0.29536802030456855,1576,0,0,1866,0.9765206323687031,0
26.96,26,0,1,256,29.27018099990164,47.19792800005962,13.699641000130214,76.53468699982113,0.29518072289156627,1577,0,0,1870,0.9838569518716578,0
27.03621,26,1,2,256,28.988660000322852,47.12823099998786,13.707913999951415,76.19974899989757,0.29499366286438533,1578,0,0,1910,0.9724803664921466,0
27.14078,27,0,1,256,55.48239600011584,49.021311000160495,14.212742999916372,104.56275399974402,0.30248868247601624,1579,0,0,1911,0.9812271062271062,0
27.22003,27,0,1,256,30.516394000187574,48.660918999757996,14.393245999599458,79.24152300029164,0.3022972339428036,1580,0,0,1915,0.9884138381201044,0
27.32747,28,1,1,256,56.15697099983663,51.190952000069956,14.494001999992179,107.43449800020244,0.313070389446101,1581,0,0,1957,0.9762710781808891,0
27.40972,28,1,2,256,29.69688999974096,52.47147800037055,14.552280999851064,82.24784799995177,0.31287249413039553,1582,0,0,2017,0.9560299950421418,0
27.51955,29,1,2,256,55.85091900002226,53.8753769997129,14.903292000326473,109.81734400002097,0.32252161979654514,1583,0,0,2071,0.9397030420086915,0
27.6013,29,0,2,256,29.025418999935937,52.65240400012772,14.852385999802209,81.74277599982815,0.32231800766283525,1584,0,0,2075,0.9464759036144579,0
27.6832,29,0,2,256,28.995120000217867,52.830636000180675,15.058332000080554,81.89318199993068,0.32211465245295334,1585,0,0,2077,0.9541405873856523,0
27.76515,29,0,2,256,29.135318000044208,52.74596700019174,14.888532999975723,81.93895800013706,0.32191155368091495,1586,0,0,2077,0.9627166586422725,0
27.87708,30,1,2,256,56.91442199986341,54.93088599996554,15.906162000192126,111.92822200018782,0.3243856332703213,1587,0,0,2130,0.9471537558685446,0
27.96017,30,0,2,256,29.2101309996724,53.7999849998414,15.343631000177993,83.0777159999343,0.32418136020151134,1588,0,0,2131,0.9550973721257625,0
28.04468,30,0,2,256,29.965687000185426,54.471253999963665,15.927593000014895,84.49691999976494,0.32397734424166147,1589,0,0,2133,0.9625820440693859,0
28.15636,31,0,1,256,54.734399000153644,56.88837100024102,16.251762000138115,111.6802420001477,0.32897139379184415,1590,0,0,2133,0.9709915611814346,0
28.24216,31,0,1,256,29.200363000200014,56.52929499956372,15.982978000010917,85.78874000022552,0.3287646235883295,1591,1,0,2135,0.9784836065573771,0
28.32771,31,0,1,256,29.39016399977845,56.09585699994568,16.318903999945178,85.55182300005981,0.32855811314637706,1592,1,0,2136,0.9864232209737828,0
28.41271,31,0,1,256,29.843208999864146,55.079090999697655,15.849588000037329,84.9893169997813,0.32835186197679367,1593,1,0,2141,0.9924976646426903,0
28.49964,32,0,0,15,30.03738200004591,56.82158599984177,16.811049999887473,86.92655599998034,0.33316342534504395,1594,1,0,2142,0.993405695611578,0
28.55715,32,0,0,0,0.0003269997250754386,57.44644500009599,16.779561000021204,57.50207299979593,0.3329545454545455,1595,1,0,2144,0.9934118470149254,0
28.61359,32,0,0,0,0.0003549998837115709,56.377435000285914,16.361159999632946,56.43037999971057,0.3327459273182958,1596,1,0,2148,0.9924930167597765,0
28.66947,32,0,0,0,0.0002980000317620579,55.82904499988217,16.411074999723496,55.8769970002686,0.33253757044458354,1597,1,0,2150,0.9925,0
28.72696,32,0,0,0,0.00027600026442087255,57.43678999988333,16.70494800009692,57.48417099994185,0.3323294743429287,1598,1,0,2151,0.9929683867968386,0
28.78399,32,0,0,0,0.00030199998946045525,56.970356999954674,16.224531999796454,57.019815999865386,0.3321216385240775,1599,1,0,2153,0.9929749187180679,0
28.84024,32,0,0,0,0.00031099989428184927,56.1920279997139,16.12909400000717,56.24187000012171,0.3319140625,1600,1,0,2157,0.992060732498841,0
28.9639,32,0,0,0,0.0002819997462211177,123.61111100017297,81.72027299997353,123.65867800008346,0.33170674578388504,1601,1,0,2159,0.9920680870773506,0
29.02207,32,0,0,0,0.00029300008463906124,58.109972000238486,17.457795000154874,58.15899800018087,0.3314996878901373,1602,1,0,2159,0.9929944418712366,0
29.08307,32,0,0,0,0.000264999926002929,60.925203999886435,19.50749800016638,60.989891000190255,0.3312928883343731,1603,1,0,2093,0.9926540850453894,0
29.16725,31,1,1,256,26.89925200002108,57.19877599995016,17.25237400023616,84.1781950002769,0.33146971281473736,1604,0,0,2158,0.9710669601482854,0
29.2559,31,0,1,256,31.360546000087197,57.21086600033232,16.937650999807374,88.64467800003695,0.331263189629183,1605,0,0,2160,0.9784722222222222,0
29.34607,31,0,1,256,31.558619999941584,58.55259399959323,17.387409000093612,90.17048900022928,0.33105692363314987,1606,0,0,2160,0.9867766203703704,0
29.43688,32,0,0,245,30.97595100007311,59.728868000092916,17.786193999654643,90.79793299997618,0.3320628500311139,1607,0,0,2096,0.9938275286259542,0
29.49466,31,0,0,0,0.00027900023269467056,57.728588999907515,17.17777700014267,57.77633300021989,0.33138741774995983,1608,0,0,2097,0.994277539341917,0
29.55218,31,0,0,0,0.0003529999048623722,57.46335500043642,17.2677539999313,57.512407999638526,0.3311814591310972,1609,0,0,2102,0.9928342055185537,0
29.61007,31,0,0,0,0.0005319998308550566,57.83619700014242,17.51066599990736,57.88778100031777,0.3309757563614506,1610,0,0,2103,0.9932834046600095,0
29.66872,31,0,0,0,0.0003180002750013955,58.58957400005238,17.501864000223577,58.643343999847275,0.33077030896457815,1611,0,0,2105,0.9932600950118765,0
29.72499,31,0,0,0,0.00031400031730299816,56.20188500006407,16.165876999821194,56.256714000028296,0.3305651164652206,1612,0,0,2109,0.9922949265054528,0
29.7807,31,0,0,0,0.00026699990485212766,55.66048499986209,15.9585149999657,55.70887500016397,0.33036017838929665,1613,0,0,2110,0.9927428909952607,0
29.83749,31,0,0,0,0.00031699983082944527,56.73281600002156,15.93266500003665,56.78166300003795,0.33015549426390056,1614,0,0,2111,0.9931904310753198,0
29.8952,31,0,0,0,0.0003100003596046008,57.6482019996547,16.028794999783713,57.704306000232464,0.32995106361729754,1615,0,0,2113,0.9931672976810223,0
29.95139,31,0,0,0,0.00026999987312592566,56.1294649996853,16.137974999764992,56.17732300015632,0.32974688597892043,1616,0,0,2116,0.9926748582230623,0
30.00667,31,0,0,0,0.00032500020097359084,55.22995599994829,15.938117000132479,55.276715000218246,0.3295429608793664,1617,0,0,2118,0.9926522662889519,0
30.06193,31,0,0,0,0.0002780002432700712,55.20968700011508,15.797737999946548,55.2535159999934,0.3293392878503928,1618,0,0,2119,0.9930981595092024,0
30.11782,31,0,0,0,0.00032000025385059416,55.83856099974582,15.82253500009756,55.88790100000551,0.3291358664249139,1619,0,0,2122,0.9926072101790764,0
30.17439,31,0,0,0,0.00035500033845892176,56.496401999993395,16.084215999853768,56.56018599984236,0.32893269613699716,1620,0,0,2123,0.9930522845030617,0
30.23086,31,0,0,0,0.00034599997889017686,56.40106300006664,16.516227000010986,56.46678899984181,0.3287297765218603,1621,0,0,2125,0.9930294117647058,0
30.28765,31,0,0,0,0.00030199998946045525,56.71619499980807,15.983971999958158,56.77789799983657,0.3285271071158665,1622,0,0,2052,0.9938779239766082,0
30.3435,30,0,0,0,0.000258999989455333,55.798130000312085,15.435529000114911,55.84672099985255,0.3298213185459027,1623,0,0,2054,0.9938230282375852,0
30.3989,30,0,0,0,0.00032300022212439217,55.341111999950954,15.89832399986335,55.38910399991437,0.3296182266009853,1624,0,0,2055,0.9942518248175183,0
30.45347,30,0,0,0,0.0003300001480965875,54.52064800010703,15.518160999818065,54.56748400001743,0.32941538461538467,1625,0,0,2060,0.992748786407767,0
30.50836,30,0,0,0,0.0003119998837064486,54.811903000427264,15.470876000108547,54.89224800021475,0.3292127921279213,1626,0,0,1969,0.9933024377856781,0
30.563,29,0,0,0,0.00029000011636526324,54.57118399999672,15.116760000182694,54.6234190001087,0.3367738380348855,1627,0,0,1971,0.9932141045154744,0
30.61686,29,0,0,0,0.00026099996830453165,53.78924799970264,15.07687100001931,53.856873999848176,0.336566974498009,1628,0,0,1974,0.9926228470111449,0
30.67131,29,0,0,0,0.0004140001692576334,54.36773200017342,15.699357999892527,54.44656600002418,0.33636036493723676,1629,0,0,1889,0.9931842244573849,0
30.72447,28,0,0,0,0.0002689998837013263,53.09459899990543,14.419424000152503,53.14453299979505,0.34228746713409286,1630,0,0,1890,0.9935846560846561,0
30.77825,28,0,0,0,0.00033700007406878285,53.72067000007519,14.588661000288994,53.771492000123544,0.34207760357361827,1631,0,0,1892,0.9934593023255814,0
30.831,28,0,0,0,0.00038400003177230246,52.69832600015434,14.46849999956612,52.74709100012842,0.3418679971988795,1632,0,0,1895,0.9928100263852243,0
30.88303,28,0,0,0,0.00028100021154386923,51.97465600031137,14.422225000089384,52.02085699966119,0.3416586475373983,1633,0,0,1897,0.99268581971534,0
30.93509,28,0,0,0,0.00031399986255564727,52.00276400000803,14.318147999802022,52.04967600002419,0.3414495541178527,1634,0,0,1898,0.9930848261327714,0
30.98812,28,0,0,0,0.00025800000003073364,52.9286860000866,14.48378099985348,52.99951500001043,0.34124071647007426,1635,0,0,1799,0.9920094496942746,0
31.03671,27,0,0,0,0.0003620002644311171,48.547123999924224,13.809123000100954,48.59096700010923,0.3535723988046726,1636,0,0,1799,0.9929474708171206,0
31.08507,27,0,0,0,0.000291999640467111,48.29882500007443,13.75852900036989,48.346461999699386,0.3533564107785244,1637,0,0,1801,0.9927817878956136,0
31.13487,27,0,0,0,0.00027899977794731967,49.758767999719566,13.864103999821964,49.80187599994679,0.35314068647401986,1638,0,0,1801,0.9937187673514714,0
31.18522,27,0,0,0,0.00028400017981766723,50.286573999983375,13.861321000149474,50.33326200009469,0.35292522540844684,1639,0,0,1803,0.9935524126455907,0
31.23433,27,0,0,0,0.00032499974622623995,49.06192699991152,14.108717999988585,49.11519400002362,0.352710027100271,1640,0,0,1804,0.9939370842572062,0
31.28275,27,0,0,0,0.0003380000634933822,48.358153000208404,13.843301000179054,48.403553000298416,0.35249509106913124,1641,0,0,1808,0.9926714601769911,0
31.33123,27,0,0,0,0.000270999862550525,48.429076000047644,13.809825999942404,48.47115499978827,0.3522804168358371,1642,0,0,1809,0.9930555555555556,0
31.38042,27,0,0,0,0.00029900002118665725,49.143073999857734,13.880491000236361,49.18491099988387,0.3520660039223642,1643,0,0,1811,0.9928906681391496,0
31.42897,27,0,0,0,0.0003329996616230346,48.505880999982764,13.805238000259124,48.55185499991421,0.35185185185185186,1644,0,0,1813,0.9927261445118588,0
31.47744,27,0,0,0,0.0003010000000358559,48.40985199962233,13.841043999946123,48.46113600024182,0.3516379601485985,1645,0,0,1814,0.993109151047409,0
31.52739,27,0,0,0,0.0003119998837064486,49.89169000009497,13.958261999960087,49.942533999910665,0.3514243283380586,1646,0,0,1815,0.9934917355371901,0
31.57791,27,0,0,0,0.00039300039134104736,50.46152200020515,14.038230000096519,50.51126700027453,0.3512109559468394,1647,0,0,1817,0.9933269124931206,0
31.6275,27,0,0,0,0.0004029998308396898,49.53577900005257,14.034907999757706,49.58631199997399,0.35099784250269683,1648,0,0,1820,0.9926167582417582,0
31.67689,27,0,0,0,0.0002920000952144619,49.330674999964685,14.096586000050593,49.37788200004434,0.3507849875345327,1649,0,0,1822,0.9924533479692645,0
31.72637,27,0,0,0,0.0003210002432751935,49.39660499985621,14.04743300008704,49.47322299994994,0.35057239057239054,1650,0,0,1762,0.99308314415437,0
31.77507,26,0,0,0,0.0005339998097042553,48.643332999745326,13.644125999690004,48.68872300039584,0.3477845594744444,1651,0,0,1765,0.9923158640226629,0
31.82341,26,0,0,0,0.0005709998731617816,48.26786300009189,13.637647999985347,48.33591200031151,0.34757403613335813,1652,0,0,1648,0.9929459951456311,0
31.87094,24,0,0,0,0.00037800009522470646,47.47949500006143,12.756058999912057,47.52994699992996,0.3400383141762452,1653,0,0,1650,0.9926515151515152,0
31.91818,24,0,0,0,0.0003300001480965875,47.16256399979102,13.25917899976048,47.22806600011609,0.33983272873841197,1654,0,0,1553,0.9932388924661945,0
31.96404,23,0,0,0,0.00038400003177230246,45.81613800019113,12.296130000322592,45.85951800027033,0.3516353605674504,1655,0,0,1554,0.9935247747747747,0
32.00889,23,0,0,0,0.00029900002118665725,44.789669000238064,12.018622000141477,44.844560000001366,0.3514230203738711,1656,0,0,1485,0.994486531986532,0
32.05239,22,0,0,0,0.00029900002118665725,43.445100000099046,11.591732999931992,43.491434000316076,0.3518132440884403,1657,0,0,1488,0.9934055779569892,0
32.09615,22,0,0,0,0.0004290000106266234,43.70317499979137,11.803345999851445,43.748071000209166,0.3516010527470117,1658,0,0,1489,0.9936618535930154,0
32.14007,22,0,0,0,0.0003069999365834519,43.86796600010712,11.674056999709137,43.91529199983779,0.351389117211902,1659,0,0,1491,0.9932511737089202,0
32.18341,22,0,0,0,0.00029300008463906124,43.26837200005684,11.45874099984212,43.332306999673165,0.3511774370208105,1660,0,0,1436,0.9930797353760445,0
32.22546,21,0,0,0,0.0003800000740739051,41.99894300018059,11.129007999898022,42.04250200018578,0.34586164387488894,1661,0,0,1437,0.9933020180932498,0
32.26847,21,0,0,0,0.0003010000000358559,42.9580950003583,11.277434000021458,43.000417000257585,0.3456535442095009,1662,0,0,1438,0.9935239916550765,0
32.31152,21,0,0,0,0.0002650003807502799,43.004792999909114,11.24262000030285,43.04972899990389,0.34544569481430576,1663,0,0,1440,0.9930555555555556,0
32.35419,21,0,0,0,0.00025800000003073364,42.61281999970379,11.212970000087807,42.658588999984204,0.34523809523809523,1664,0,0,1442,0.9925884188626907,0
32.39695,21,0,0,0,0.00030799992600805126,42.7137510000648,11.488959999951476,42.75552999979482,0.34503074503074505,1665,0,0,1443,0.9928101178101179,0
32.43935,21,0,0,0,0.0003300001480965875,42.32582399981766,11.220768999919528,42.391749000216805,0.3448236437432116,1666,0,0,1398,0.9934281115879828,0
32.48154,20,0,0,0,0.00029900002118665725,42.14265699965836,10.920169000200985,42.18765199993868,0.333503299340132,1667,0,0,1401,0.9921930763740185,0
32.523,20,0,0,0,0.0006520003807963803,41.4112319999731,10.757077000107529,41.45146600012595,0.33330335731414873,1668,0,0,1401,0.9930852962169878,0
32.565,20,0,0,0,0.0003259997356508393,41.95641600017552,10.93345000026602,41.997124000317854,0.3331036548831636,1669,0,0,1403,0.9925605844618675,0
32.6068,20,0,0,0,0.0002890001269406639,41.75146899979154,10.858883000310016,41.79100700002891,0.33290419161676643,1670,0,0,1403,0.9934515324305061,0
32.64843,20,0,0,0,0.00027599980967352167,41.57823300010932,10.872631999973237,41.622296999776154,0.3327049670855775,1671,0,0,1404,0.9936342592592593,0
32.69065,20,0,0,0,0.00027799978852272034,42.17044699998951,11.01674900019134,42.209739000099944,0.33250598086124405,1672,0,0,1404,0.9945245726495726,0
32.73227,20,0,0,0,0.00031099989428184927,41.57997099991917,10.957263000364037,41.621315000156756,0.33230723251643757,1673,0,0,1406,0.9939989331436699,0
32.77404,20,0,0,0,0.0002680003490240779,41.715190000104485,11.005509000369784,41.75737800005663,0.3321087216248506,1674,0,0,1407,0.994180881307747,0
32.81558,20,0,0,0,0.0003210002432751935,41.49404999998296,10.86057200018331,41.545292000137124,0.33191044776119405,1675,0,0,1409,0.9936568488289567,0
32.85828,20,0,0,0,0.0002980000317620579,42.63942900024631,11.04705100033243,42.68597700001919,0.33171241050119327,1676,0,0,1411,0.9931343019135365,0
32.90121,20,0,0,0,0.000282999735645717,42.87521200012634,11.804219999703491,42.91868899963447,0.33151460942158617,1677,0,0,1412,0.9933162181303116,0
32.94311,20,0,0,0,0.00032499974622623995,41.85258400002567,11.005974999989121,41.896374999851105,0.3313170441001192,1678,0,0,1413,0.9934978768577495,0
32.98501,20,0,0,0,0.00040399982026428916,41.85576200006835,10.893143999965105,41.89705099997809,0.33111971411554497,1679,0,0,1415,0.9929770318021202,0
33.02678,20,0,0,0,0.00033700007406878285,41.71919300006266,10.968051999952877,41.765059000226756,0.330922619047619,1680,0,0,1417,0.9924576570218772,0
33.06916,20,0,0,0,0.00030799992600805126,42.310651000207145,10.997477999808325,42.36568500027715,0.33072575847709695,1681,0,0,1326,0.9932126696832579,0
33.11036,19,0,0,0,0.000276999799098121,41.15288100001635,10.31155700002273,41.19448299979922,0.3406345828900432,1682,0,0,1327,0.9933590806330068,0
33.15642,19,0,0,0,0.0002940000740636606,46.01809799987677,10.334906000025512,46.06313100020998,0.34043218563342403,1683,0,0,1330,0.9920112781954887,0
33.19873,19,0,0,0,0.0002750002749962732,42.256560000168975,10.318973999801528,42.29492800004664,0.3402300287535942,1684,0,0,1330,0.9929041353383459,0
33.23996,19,0,0,0,0.0002920000952144619,41.18687599975601,10.418891999961488,41.23029400034284,0.3400281118225832,1685,0,0,1332,0.9923048048048048,0
33.28133,19,0,0,0,0.0003039999683096539,41.304072000002634,10.408459000245784,41.368504999809375,0.33982643441343574,1686,0,0,1230,0.9933434959349593,0
33.32093,18,0,0,0,0.0005070000952400733,39.546742999846174,9.654538000177126,39.5879440002318,0.3562207732332213,1687,0,0,1231,0.9934504467912266,0
33.36127,18,0,0,0,0.00027599980967352167,40.28993699967032,9.64466799996444,40.330203999928926,0.35600974196945756,1688,0,0,1231,0.9943643379366369,0
33.40193,18,0,0,0,0.00030199998946045525,40.60987200000454,9.934389999671112,40.653173999999126,0.35579896059469773,1689,0,0,1232,0.9944703733766234,0
33.44207,18,0,0,0,0.0004029998308396898,40.08929400015404,9.625301000141917,40.13225300013801,0.3555884286653518,1690,0,0,1233,0.9945762368207623,0
33.4826,18,0,0,0,0.00030799992600805126,40.47656300008384,9.726256000249123,40.5187270002898,0.35537814573887905,1691,0,0,1235,0.9938765182186234,0
33.52349,18,0,0,0,0.000279999767371919,40.85200300005454,9.685307999916404,40.89472299983754,0.3551681113737851,1692,0,0,1237,0.9931790622473726,0
33.56371,18,0,0,0,0.0002879996827687137,40.168489000279806,9.765378000338387,40.20971699992515,0.35495832512961867,1693,0,0,1238,0.9932855411954766,0
33.60429,18,0,0,0,0.0003329996616230346,40.53209900030197,9.960333999970317,40.57093000028544,0.3547487865669684,1694,0,0,1239,0.9933918482647296,0
33.64402,18,0,0,0,0.0002970000423374586,39.67859699969267,9.72699099975216,39.71891900027913,0.35453949524745987,1695,0,0,1241,0.9926974214343272,0
33.68472,18,0,0,0,0.00028699969334411435,40.648786000019754,9.74730100006127,40.69475799997235,0.3543304507337526,1696,0,0,1243,0.9920052292839904,0
33.72493,18,0,0,0,0.00034300001061637886,40.15170399998169,9.75653700015755,40.210387999650266,0.3541216525895371,1697,0,0,1160,0.993103448275862,0
33.76492,17,0,0,0,0.00029900002118665725,39.93255500017767,9.09651300025871,39.97671500019351,0.3614633132404905,1698,0,0,1161,0.9931632213608957,0
33.80365,17,0,0,0,0.0003010000000358559,38.68615100009265,9.276880000015808,38.7281170001188,0.3612505626146868,1699,0,0,1164,0.991516323024055,0
33.84217,17,0,0,0,0.0003879999894706998,38.47794199964483,9.011573999941902,38.512171000093076,0.361038062283737,1700,0,0,1164,0.9924291237113402,0
33.88308,17,0,0,0,0.0002940000740636606,40.86502800009839,9.037097999680554,40.90097800008152,0.360825811806204,1701,0,0,1165,0.9924892703862661,0
33.92151,17,0,0,0,0.0005890001375519205,38.39503900007912,9.017118999963714,38.429800999892905,0.36061381074168797,1702,0,0,1165,0.9934012875536481,0
33.95939,17,0,0,0,0.0002629999471537303,37.82954799999061,9.005212999909418,37.86484400006884,0.36040205865082375,1703,0,0,1166,0.9934605488850772,0
33.99754,17,0,0,0,0.00029600005291285925,38.11951199986652,8.979395000096702,38.15028000008169,0.36019055509527753,1704,0,0,1166,0.9943717838765008,0
34.03652,17,0,0,0,0.0003119998837064486,38.933027999974,9.045866999713326,38.973091000116256,0.35997929963774367,1705,0,0,1167,0.9944301628106256,0
34.07587,17,0,0,0,0.0003039999683096539,39.28943099981552,9.105474000079994,39.34095600016008,0.3597682918419419,1706,0,0,1168,0.994488441780822,0
34.11513,17,0,0,0,0.00027000032787327655,39.20168199965701,9.098546000132046,39.24214499966183,0.3595575312726145,1707,0,0,1170,0.9936965811965812,0
34.15429,17,0,0,0,0.0002970000423374586,39.0990050000255,9.23929999999018,39.15791300005367,0.3593470174955228,1708,0,0,1172,0.9929074232081911,0
34.19413,17,0,0,0,0.0002849997144949157,39.79462999996031,9.158885000033479,39.83982600038871,0.3591367500774447,1709,0,0,1173,0.9929667519181585,0
34.23433,17,0,0,0,0.00028699969334411435,40.12261599973499,9.420374000001175,40.18232199996419,0.35892672858617136,1710,0,0,1116,0.9932235663082437,0
34.27326,16,0,0,0,0.00032800016924738884,38.886123999873234,8.79475800002183,38.92333299972961,0.35216978375219166,1711,0,0,1117,0.9932296329453895,0
34.31166,16,0,0,0,0.000267999894276727,38.35536999986289,8.70562299996891,38.395218000005116,0.35196407710280375,1712,0,0,1119,0.9923480786416443,0
34.35125,16,0,0,0,0.000267999894276727,39.52014500009682,8.811336999769992,39.57701899980748,0.3517586106246351,1713,0,0,1051,0.9936370123691722,0
34.39026,15,0,0,0,0.00027499982024892233,38.949361000049976,8.290169999781938,39.00447699970755,0.35009723842862694,1714,0,0,1004,0.9932768924302788,0
34.42909,14,0,0,0,0.00027300029614707455,38.78969099969254,7.89572199983013,38.82923699984531,0.33544356518117446,1715,0,0,1006,0.9921719681908548,0
34.46756,14,0,0,0,0.0005520000740943942,38.42025799986004,7.893034999597148,38.45741600025576,0.33524808524808525,1716,0,0,1006,0.9930417495029821,0
34.50623,14,0,0,0,0.00047399998948094435,38.6073010004111,8.060398999987228,38.67037800000617,0.3350528330143939,1717,0,0,907,0.9927646085997794,0
34.54344,13,0,0,0,0.0006769996616640128,37.15763699983654,7.2180349998234306,37.19278200014742,0.35492970359093756,1718,0,0,907,0.9936604189636163,0
34.57907,13,0,0,0,0.000279999767371919,35.57467699965855,7.123658000182331,35.62325500024599,0.35472322906877884,1719,0,0,836,0.993122009569378,0
34.61508,12,0,0,0,0.00030199998946045525,35.973504000139656,6.587245999980951,36.00867000022845,0.35639534883720925,1720,0,0,836,0.9940191387559809,0
34.65143,12,0,0,0,0.0003000000106112566,36.30948499994702,6.690093000088382,36.346305000279244,0.3561882626380012,1721,0,0,836,0.9949162679425837,0
34.68792,12,0,0,0,0.00038400003177230246,36.442562000047474,6.7079640002702945,36.48148999991463,0.3559814169570267,1722,0,0,837,0.9946236559139785,0
34.72413,12,0,0,0,0.00027799978852272034,36.16165199991883,6.672346999948786,36.202769999817974,0.3557748113755078,1723,0,0,838,0.9943317422434368,0
34.76047,12,0,0,0,0.0003000000106112566,36.293612999998004,6.67587599991748,36.33448300024611,0.35556844547563804,1724,0,0,840,0.9928571428571429,0
34.79722,12,0,0,0,0.0003969998942920938,36.685222999949474,6.742366999787919,36.74297199995635,0.35536231884057967,1725,0,0,773,0.9919146183699871,0
34.83371,11,0,0,0,0.0002800002221192699,36.44612699963545,6.2556490001952625,36.48462799992558,0.3538396713367745,1726,0,0,773,0.9928040103492884,0
34.87298,11,0,0,0,0.00029600005291285925,39.19788399980462,6.34758000023794,39.26355500016143,0.35363478443964835,1727,0,0,727,0.9943259972489684,0
34.9092,10,0,0,0,0.0003959999048674945,36.13618899998983,6.28905300027327,36.21020099990346,0.3306712962962963,1728,0,0,728,0.9938186813186813,0
34.94427,10,0,0,0,0.00026999987312592566,35.02942799968878,5.797463999897445,35.063837000052445,0.33048004626952,1729,0,0,728,0.9946771978021978,0
34.97906,10,0,0,0,0.00026099996830453165,34.73542199981239,5.746906000240415,34.77848800002903,0.33028901734104044,1730,0,0,729,0.9941700960219478,0
35.01364,10,0,0,0,0.00038100006349850446,34.54681199991683,5.772772999989684,34.58450100015398,0.33009820912767185,1731,0,0,731,0.9923050615595075,0
35.04833,10,0,0,0,0.00029900002118665725,34.644893999939086,5.767886999819893,34.67819099978442,0.32990762124711315,1732,0,0,731,0.9931600547195623,0
35.08375,10,0,0,0,0.0002650003807502799,35.37302799986719,5.805651000173384,35.41171200004101,0.32971725331794577,1733,0,0,732,0.9926571038251366,0
35.11938,10,0,0,0,0.0003000000106112566,35.592485000051965,5.919818000165833,35.62973799989777,0.3295271049596309,1734,0,0,732,0.9935109289617486,0
35.1534,10,0,0,0,0.00027799978852272034,33.96012499979406,5.794582999897102,34.0131430002657,0.3293371757925072,1735,0,0,656,0.9934260670731707,0
35.18812,9,0,0,0,0.0006880000000819564,34.68277999991187,5.2268580002419185,34.711405000052764,0.3326292882744496,1736,0,0,656,0.9942835365853658,0
35.22258,9,0,0,0,0.00032300022212439217,34.42055400000754,5.304600999807008,34.449362000032124,0.33243779185057254,1737,0,0,656,0.995141006097561,0
35.25654,9,0,0,0,0.00023700022211414762,33.931254999970406,5.188329000247904,33.96176000023843,0.33224651579081954,1738,0,0,657,0.994482496194825,0
35.29059,9,0,0,0,0.00027499982024892233,34.011772999747336,5.182829999739624,34.041365000121004,0.33205545971503414,1739,0,0,658,0.9938259878419453,0
35.32545,9,0,0,0,0.00029300008463906124,34.817889999885665,5.20193800002744,34.85708900007012,0.3318646232439336,1740,0,0,659,0.9931714719271624,0
35.36174,9,0,0,0,0.0003850000211969018,36.24093200005518,5.354118000013841,36.283561999880476,0.33167400599910657,1741,0,0,660,0.9925189393939394,0
35.39737,9,0,0,0,0.0003069999365834519,35.58809200012547,5.340125000202534,35.625464000077045,0.33148360760301054,1742,0,0,660,0.9933712121212122,0
35.43141,9,0,0,0,0.00026399993657832965,33.99192000006224,5.341195999790216,34.0282830002252,0.33129342767896985,1743,0,0,660,0.9942234848484849,0
35.46596,9,0,0,0,0.00044999978854320943,34.507042999848636,5.311480999807827,34.545765000075335,0.33110346585117223,1744,0,0,661,0.99357034795764,0
35.50072,9,0,0,0,0.0002940000740636606,34.71917899969412,5.267121000088082,34.75501700040695,0.33091372174466727,1745,0,0,661,0.9944213313161876,0
35.53624,9,0,0,0,0.0002659999154275283,35.47365200029162,5.332309000095847,35.51911000022301,0.3307241949853633,1746,0,0,662,0.9937688821752266,0
35.57193,9,0,0,0,0.000279999767371919,35.639245999846025,5.396750999807409,35.682152999925165,0.3305348852000254,1747,0,0,664,0.9916227409638554,0
35.60712,9,0,0,0,0.0004030002855870407,35.14642100026322,5.371402000037051,35.180413000034605,0.33034579201627257,1748,0,0,664,0.9924698795180723,0
35.6418,9,0,0,0,0.000291999640467111,34.620538000126544,5.342788999769255,34.6755289997418,0.3301569150625754,1749,0,0,579,0.9929835924006909,0
35.67556,8,0,0,0,0.00031599984140484594,33.711963999849104,4.739645999961795,33.745764999821404,0.34292857142857147,1750,0,0,579,0.9938471502590673,0
35.70906,8,0,0,0,0.0002999995558639057,33.457479999924544,4.770076000113477,33.49465200017221,0.34273272415762424,1751,0,0,580,0.9929956896551724,0
35.74428,8,0,0,0,0.00027000032787327655,35.16296399993735,4.810844000076031,35.227930000019114,0.342537100456621,1752,0,0,470,0.9933510638297872,0
35.77768,7,0,0,0,0.0004019998414150905,33.35015499988003,4.003040000043256,33.38339900028586,0.35206869633099136,1647,0,0,470,0.9942819148936171,0
35.81721,7,0,0,0,0.0003000000106112566,39.48394000008193,4.262410000137606,39.5223509999596,0.3518550624133149,1648,0,0,471,0.9930997876857749,0
35.85138,7,0,0,0,0.0004080002327100374,34.12160300013056,4.07418900022094,34.157907999997406,0.3516416876028762,1649,0,0,472,0.9919226694915254,0
35.88434,7,0,0,0,0.0003240002115489915,32.925635000083275,3.930941999897186,32.95709400026681,0.3514285714285714,1650,0,0,472,0.9928495762711864,0
35.91738,7,0,0,0,0.0005469996722240467,32.98610899992127,3.952098999889131,33.03639800014935,0.3512157134204378,1651,0,0,417,0.9919064748201439,0
35.95008,6,0,0,0,0.0003440000000409782,32.65420800016727,3.5144919997947,32.688858000256005,0.3323244552058111,1652,0,0,417,0.9928057553956835,0
35.98421,6,0,0,0,0.0002849997144949157,34.09306399998968,3.5481650002111564,34.12481600025785,0.3321234119782214,1653,0,0,417,0.9937050359712231,0
36.01734,6,0,0,0,0.0005319998308550566,33.08530599997539,3.5669260000759095,33.1289860000652,0.33192261185006044,1654,0,0,417,0.9946043165467626,0
36.04944,6,0,0,0,0.0004120001904084347,32.05162199992628,3.5546130002330756,32.08519800000431,0.3317220543806646,1655,0,0,417,0.9955035971223022,0
36.08189,6,0,0,0,0.00035999983083456755,32.41520700021283,3.53533299994524,32.44744499988883,0.3315217391304348,1656,0,0,418,0.9940191387559809,0
36.11425,6,0,0,0,0.00027799978852272034,32.31482999990476,3.523967000091943,32.369515000027604,0.3313216656608329,1657,0,0,420,0.9901785714285715,0
36.14749,6,0,0,0,0.000291999640467111,33.17724500038821,3.541696999945998,33.22282599992832,0.33112183353437874,1658,0,0,420,0.9910714285714286,0
36.18077,6,0,0,0,0.0003039999683096539,33.226141999875836,3.6341289996926207,33.26334300027156,0.3309222423146474,1659,0,0,420,0.9919642857142857,0
36.21448,6,0,0,0,0.0004890002855972853,33.674598000288825,3.786758999922313,33.70697999980621,0.3307228915662651,1660,0,0,420,0.9928571428571429,0
36.24691,6,0,0,0,0.00026399993657832965,32.38639000028343,3.5593229999903997,32.41841099998055,0.33052378085490663,1661,0,0,420,0.99375,0
36.27913,6,0,0,0,0.00033400010579498485,32.18615600007979,3.5256169999229314,32.2181520000413,0.33032490974729245,1662,0,0,420,0.9946428571428572,0
36.31078,6,0,0,0,0.0003740001375263091,31.611655999768118,3.516720000334317,31.64270699971894,0.33012627781118464,1663,0,0,420,0.9955357142857143,0
36.34351,6,0,0,0,0.000267999894276727,32.68924599979073,3.54978299992581,32.72576300014407,0.3299278846153846,1664,0,0,421,0.994061757719715,0
36.37667,6,0,0,0,0.0002920000952144619,33.10882200003107,3.558701000201836,33.1454259999191,0.3297297297297297,1665,0,0,422,0.9925947867298578,0
36.40959,6,0,0,0,0.0002860001586668659,32.87991199977114,3.605119999974704,32.91211200030375,0.32953181272509,1666,0,0,422,0.9934834123222749,0
36.4429,6,0,0,0,0.0003069999365834519,33.27167499992356,3.59089599987783,33.31034399980126,0.32933413317336535,1667,0,0,423,0.9920212765957447,0
36.47516,6,0,0,0,0.0003239997568016406,32.216077000157384,3.547519000221655,32.24679400000241,0.32913669064748197,1668,0,0,423,0.9929078014184397,0
36.50744,6,0,0,0,0.00027900023269467056,32.244718999663746,3.551683999830857,32.27293200006898,0.32893948472139,1669,0,0,423,0.9937943262411347,0
36.53952,6,0,0,0,0.00028999966161791235,32.04497800015815,3.509695000047941,32.079729000088264,0.3287425149700599,1670,0,0,423,0.9946808510638298,0
36.57156,6,0,0,0,0.0003269997250754386,31.990594000035344,3.5726219998650777,32.02513599990198,0.3285457809694794,1671,0,0,423,0.9955673758865248,0
36.60411,6,0,0,0,0.00035699986256076954,32.51332299987553,3.6130069997852843,32.54736700000649,0.3283492822966507,1672,0,0,424,0.9941037735849056,0
36.63629,6,0,0,0,0.0003180002750013955,32.13487299990447,3.5351649999029178,32.17078699981357,0.32815301852958756,1673,0,0,426,0.9903169014084507,0
36.66844,6,0,0,0,0.00030199998946045525,32.115809000060835,3.5465289997773652,32.145924999895215,0.32795698924731187,1674,0,0,426,0.9911971830985915,0
36.70236,6,0,0,0,0.0003010000000358559,33.88230400014436,3.513676999773452,33.91460200009533,0.3277611940298507,1675,0,0,426,0.9920774647887324,0
36.73642,6,0,0,0,0.00034599997889017686,34.00414399993679,3.6201640000399493,34.05284299969935,0.3275656324582339,1676,0,0,374,0.9939839572192514,0
36.76989,5,0,0,0,0.00027000032787327655,33.39881600004446,3.2337359998564352,33.4659569998621,0.29063804412641625,1677,0,0,299,0.9956103678929766,0
36.80279,4,0,0,0,0.0003180002750013955,32.86397800002305,2.675401000033162,32.89570700007971,0.2903754469606674,1678,0,0,299,0.9964464882943144,0
36.83406,4,0,0,0,0.0004660000740841497,31.228413000008004,2.6477379997231765,31.259987000339606,0.2902025014889815,1679,0,0,299,0.9972826086956522,0
36.86917,4,0,0,0,0.0003100003596046008,35.070361999714805,2.6638250001269625,35.10717399967689,0.29002976190476193,1680,0,0,300,0.9947916666666666,0
36.90194,4,0,0,0,0.0002510000740585383,32.71126899971932,2.983611000217934,32.74620199999845,0.2898572278405711,1681,0,0,301,0.9923172757475083,0
36.93395,4,0,0,0,0.0002970000423374586,31.963704000190774,2.61571000010008,31.996258000162925,0.2896848989298454,1682,0,0,301,0.9931478405315615,0
36.96601,4,0,0,0,0.0002910001057898626,32.017192999774124,2.65992799995729,32.05273000003217,0.2895127748068924,1683,0,0,302,0.9906870860927153,0
36.99906,4,0,0,0,0.00027900023269467056,33.014099999945756,2.615423999941413,33.0440760003512,0.28934085510688834,1684,0,0,302,0.9915149006622517,0
37.03142,4,0,0,0,0.00030499995773425326,32.321224000043,2.65999000021111,32.352401000025566,0.2891691394658754,1685,0,0,302,0.9923427152317881,0
37.06382,4,0,0,0,0.0005850001798535232,32.3664910001753,2.630372000112402,32.40103999996791,0.2889976275207592,1686,0,0,302,0.9931705298013245,0
37.09629,4,0,0,0,0.0003559998731361702,32.4082920001274,2.6686089995564544,32.45429900016461,0.28882631890930643,1687,0,0,302,0.9939983443708609,0
37.12864,4,0,0,0,0.0003210002432751935,32.32068100032848,2.640793999944435,32.35192000011011,0.2886552132701422,1688,0,0,302,0.9948261589403974,0
37.16123,4,0,0,0,0.000267999894276727,32.546087999890005,2.723149999837915,32.57944999995743,0.28848431024274723,1689,0,0,303,0.9923679867986799,0
37.1946,4,0,0,0,0.000276999799098121,33.315226000013354,2.643656000145711,33.36753299981865,0.28831360946745566,1690,0,0,197,0.9911167512690355,0
37.22629,3,0,0,0,0.00035399989428697154,31.64114299988796,1.76759200030574,31.679937999797403,0.03580246913580243,1080,0,0,197,0.9920685279187818,0
37.25722,3,0,0,0,0.00027600026442087255,30.893609000031574,1.701569000033487,30.923404000077426,0.03576934936786924,1081,0,0,197,0.993020304568528,0
37.28825,3,0,0,0,0.0002970000423374586,30.991330999768252,1.7115519999606477,31.020291999993788,0.03573629081947016,1082,0,0,197,0.9939720812182741,0
37.31909,3,0,0,0,0.0006740001481375657,30.802280999978393,1.7227859998456552,30.83321399981287,0.035703293321021845,1083,0,0,197,0.9949238578680203,0
37.3498,3,0,0,0,0.000544999693374848,30.678976999752194,1.7068869997274305,30.70806799996717,0.035670356703567,1084,0,0,197,0.9958756345177665,0
37.38024,3,0,0,0,0.00038400003177230246,30.402749000131735,1.7472800000177813,30.433241999617167,0.03563748079877116,1085,0,0,197,0.9968274111675127,0
37.41152,3,0,0,0,0.0003130003278783988,31.23788999982935,1.706685000044672,31.277923000288865,0.0356046654389196,1086,0,0,198,0.992739898989899,0
37.44152,3,0,0,0,0.0003010000000358559,29.95781999970859,1.7841230001067743,29.989654000019073,0.0355719104569151,1087,0,0,198,0.9936868686868687,0
37.47235,3,0,0,0,0.00027499982024892233,30.783656000039628,1.7223429999830842,30.818182000075467,0.035539215686274495,1088,0,0,199,0.9896356783919598,0
37.50339,3,0,0,0,0.0002940000740636606,31.010086000151205,1.7303599997831043,31.038852000165207,0.035506580961126466,1089,0,0,199,0.9905778894472361,0
37.53426,3,0,0,0,0.0005679999048879836,30.828099999780534,1.732420000280399,30.881884999871545,0.03547400611620799,1090,0,0,199,0.9915201005025126,0
37.56521,3,0,0,0,0.00030799992600805126,30.88662000027398,1.7295889997512859,30.918224999822996,0.03544149098686222,1091,0,0,199,0.992462311557789,0
37.5964,3,0,0,0,0.00028700014809146523,31.159182000010333,1.732443000037165,31.190367999897717,0.035409035409035394,1092,0,0,199,0.9934045226130653,0
37.62717,3,0,0,0,0.0003029999788850546,30.72627499977898,1.7219979999936186,30.757036000068183,0.03537663921927414,1093,0,0,199,0.9943467336683417,0
37.65795,3,0,0,0,0.0002980000317620579,30.74767599991901,1.7329180000160704,30.780270999912318,0.03534430225472274,1094,0,0,200,0.9903125,0
37.68798,3,0,0,0,0.0002980000317620579,29.987012000219693,1.7170149999401474,30.01558300002216,0.0353120243531202,1095,0,0,200,0.99125,0
37.71894,3,0,0,0,0.00031399986255564727,30.92089899973871,1.7603060000510595,30.953389999922365,0.035279805352798066,1096,0,0,200,0.9921875,0
37.74984,3,0,0,0,0.00028700014809146523,30.86536499995418,1.731201999973564,30.9104309999384,0.03524764509267697,1097,0,0,200,0.993125,0
37.78071,3,0,0,0,0.0004989997250959277,30.82122800014986,1.7277540000577574,30.851811000047746,0.03521554341226474,1098,0,0,200,0.9940625,0
37.81173,3,0,0,0,0.00034599997889017686,30.952031000197167,1.746597999954247,31.00599399977,0.03518350015165306,1099,0,0,66,0.990530303030303,0
37.83706,1,0,0,0,0.0003069999365834519,25.301943000158644,0.9233069999936561,25.32966500029943,0.0,1046,0,0,66,0.9914772727272727,0
37.86465,1,0,0,0,0.0003119998837064486,27.538166999875102,0.9602620002624462,27.58280400030344,0.0,1047,0,0,0,0.0,0
