t_s,batch,n_prefill,prefilling,prefill_tokens,prefill_ms,decode_ms,gather_ms,iteration_ms,padding_waste,context_max,waiting,preempted,kv_blocks_used,kv_slot_utilization,wasted_decode_tokens
0.09764,1,1,0,1424,46.83441999986826,50.67982499986101,24.653539000155433,97.61820399990029,0.0,1424,0,0,90,0.9895833333333334,0
0.12331,1,0,0,0,0.0,25.61286400032259,1.186593000056746,25.65220699989368,0.0,1425,0,0,90,0.9902777777777778,0
0.14841,1,0,0,0,0.0,25.064615000246704,1.0830149999492278,25.106350999976712,0.0,1426,0,0,90,0.9909722222222223,0
0.17356,1,0,0,0,0.0,25.096096999732254,1.054822000241984,25.12350699998933,0.0,1427,0,0,90,0.9916666666666667,0
0.19864,1,0,0,0,0.0,25.043623000328807,1.031727999816212,25.071097999898484,0.0,1428,0,0,90,0.9923611111111111,0
0.22391,1,0,0,0,0.0,25.23567100024593,1.0714980003285746,25.263828999868565,0.0,1429,0,0,90,0.9930555555555556,0
0.24886,1,0,0,0,0.0,24.9191470002188,1.0731119996307825,24.947246000010637,0.0,1430,0,0,90,0.99375,0
0.27384,1,0,0,0,0.0,24.94485400029589,1.061564999872644,24.97291200006657,0.0,1431,0,0,90,0.9944444444444445,0
0.29891,1,0,0,0,0.0,25.033802000052674,1.0603390001051594,25.061274000108824,0.0,1432,0,0,90,0.9951388888888889,0
0.32396,1,0,0,0,0.0,25.008700999933353,1.0926790000667097,25.035855999703926,0.0,1433,0,0,90,0.9958333333333333,0
0.34886,1,0,0,0,0.0,24.866208999810624,1.0626440002852178,24.893553999845608,0.0,1434,0,0,90,0.9965277777777778,0
0.37393,1,0,0,0,0.0,25.037538000105997,1.0779089998322888,25.06743000003553,0.0,1435,0,0,90,0.9972222222222222,0
0.3998,1,0,0,0,0.0,25.832648999767116,1.0751499999059888,25.86213199992926,0.0,1436,0,0,90,0.9979166666666667,0
0.42524,1,0,0,0,0.0,25.400214999990567,1.064960999883624,25.42659900018407,0.0,1437,0,0,90,0.9986111111111111,0
0.45037,1,0,0,0,0.0,25.10259099972245,1.0732459995779209,25.13048400032858,0.0,1438,0,0,90,0.9993055555555556,0
0.47554,1,0,0,0,0.0,25.124297000274964,1.0511829996175948,25.151941000331135,0.0,1439,0,0,90,1.0,0
0.50071,1,0,0,0,0.0,25.133822000043438,1.0734730003605364,25.16747800018493,0.0,1440,0,0,91,0.9896978021978022,0
0.52604,1,0,0,0,0.0,25.29563500002041,1.0637540003699542,25.32289300006596,0.0,1441,0,0,91,0.9903846153846154,0
0.62831,2,1,0,852,32.266645999698085,69.92629399974248,1.5409709999403276,102.25628299986056,0.20457697642163664,1442,2,0,145,0.9896551724137931,0
0.72362,4,2,0,1796,61.094443000001775,34.13057999978264,2.52029000012044,95.2924470002472,0.2910602910602911,1443,0,0,258,0.9922480620155039,0
0.75592,4,0,0,0,0.0,32.257406000098854,2.4488469998686924,32.29803500016715,0.29085872576177285,1444,0,0,258,0.9932170542635659,0
0.7873,4,0,0,0,0.0,31.33853799999997,2.4562680000599357,31.368601999929524,0.2906574394463668,1445,0,0,258,0.9941860465116279,0
0.8184,4,0,0,0,0.0,31.05923699968116,2.4175529997592093,31.088383999758662,0.2904564315352697,1446,0,0,259,0.9913127413127413,0
0.87762,5,1,0,915,27.22636099997544,31.923839999763004,3.2291630000145233,59.2166440001165,0.3057360055286801,1447,0,0,317,0.9913249211356467,0
0.909,5,0,0,0,0.0,31.34404699994775,2.725393000218901,31.369298999834427,0.30552486187845307,1448,0,0,317,0.9923107255520505,0
0.93997,5,0,0,0,0.0,30.93823000017437,2.6812999999492604,30.96492800023043,0.30531400966183575,1449,0,0,317,0.9932965299684543,0
0.97093,5,0,0,0,0.0,30.929522999940673,2.6814790003300004,30.95479700004944,0.3051034482758621,1450,0,0,317,0.994282334384858,0
1.00201,5,0,0,0,0.0,31.046047000018007,2.674257000307989,31.07334499964054,0.30489317711922814,1451,0,0,317,0.9952681388012619,0
1.03359,5,0,0,0,0.0,31.539302000055613,2.746020999893517,31.57042300017565,0.3046831955922865,1452,0,0,318,0.99312106918239,0
1.0658,5,0,0,0,0.0,32.179776999782916,3.090002999670105,32.20876200020939,0.3044735030970406,1453,0,0,318,0.9941037735849056,0
1.09739,5,0,0,0,0.0,31.54881000000387,2.7252380000390986,31.584169999860023,0.3042640990371389,1454,0,0,319,0.9919670846394985,0
1.12844,5,0,0,0,0.0,30.970877000072505,2.753773999756959,31.032793000122183,0.30405498281786947,1455,0,0,319,0.9929467084639498,0
1.15973,5,0,0,0,0.0,31.258216999958677,2.706880000005185,31.291621000036685,0.3038461538461539,1456,0,0,320,0.9908203125,0
1.1914,5,0,0,0,0.0,31.632437000098435,2.7443989997664175,31.66179599975294,0.30363761153054225,1457,0,0,320,0.991796875,0
1.22353,5,0,0,0,0.0,32.07087099963246,2.7396690002206014,32.100319000164745,0.3034293552812072,1458,0,0,320,0.9927734375,0
1.25549,5,0,0,0,0.0,31.93041099984839,2.7723499997591716,31.960088000232645,0.3032213845099383,1459,0,0,320,0.99375,0
1.28691,5,0,0,0,0.0,31.378513000163366,2.739603999998508,31.41016099971239,0.30301369863013694,1460,0,0,321,0.9916277258566978,0
1.31929,5,0,0,0,0.0,32.33996800008754,2.724585000123625,32.37785100009205,0.3028062970568104,1461,0,0,321,0.992601246105919,0
1.35123,5,0,0,0,0.0,31.879217999630782,2.7665160000651667,31.92374300033407,0.3025991792065663,1462,0,0,322,0.9904891304347826,0
1.38264,5,0,0,0,0.0,31.371750999824144,2.7685390000442567,31.404973000007885,0.30239234449760766,1463,0,0,322,0.9914596273291926,0
1.41579,5,0,0,0,0.0,33.11020000001008,2.823784000156593,33.1387689998337,0.30218579234972676,1464,0,0,322,0.9924301242236024,0
1.44783,5,0,0,0,0.0,31.996940999761136,2.7404659999774594,32.03836200009391,0.30197952218430035,1465,0,0,322,0.9934006211180124,0
1.4799,5,0,0,0,0.0,32.02866699984952,2.7589749997787294,32.05931200000123,0.3017735334242838,1466,0,0,322,0.9943711180124224,0
1.5121,5,0,0,0,0.0,32.155160999991494,2.7767340002355922,32.182484999793814,0.3015678254942059,1467,0,0,322,0.9953416149068323,0
1.54323,5,0,0,0,0.0,31.100848999813024,2.7426749998085143,31.130349999784812,0.3013623978201635,1468,0,0,323,0.9932275541795665,0
1.57463,5,0,0,0,0.0,31.36796199987657,2.725302999806445,31.396755000059784,0.3011572498298162,1469,0,0,323,0.9941950464396285,0
1.60656,5,0,0,0,0.0,31.883955000012065,2.785257999676105,31.915196000227297,0.30095238095238097,1470,0,0,324,0.9920910493827161,0
1.63795,5,0,0,0,0.0,31.35645999964254,3.089453000029607,31.387202999667352,0.3007477906186268,1471,0,0,324,0.9930555555555556,0
1.69841,6,1,0,891,27.227091999975528,33.15983499987851,3.5645589996420313,60.45076300006258,0.31623641304347827,1472,0,0,381,0.9916338582677166,0
1.73163,6,0,0,0,0.0,33.16415599965694,3.2615669997539953,33.19744200007335,0.3160217243720299,1473,0,0,381,0.9926181102362205,0
1.76502,6,0,0,0,0.0,33.35226399985913,3.675145000215707,33.384947999820724,0.31580732700135683,1474,0,0,381,0.9936023622047244,0
1.7978,6,0,0,0,0.0,32.74175300020943,3.260022000176832,32.776797999758855,0.31559322033898307,1475,0,0,381,0.9945866141732284,0
1.83111,6,0,0,0,0.0,33.263214000271546,3.2924410002124205,33.29788400014877,0.31537940379403795,1476,0,0,382,0.9929646596858639,0
1.86352,6,0,0,0,0.0,32.37415700004931,3.281755999978486,32.40567700004249,0.31516587677725116,1477,0,0,383,0.9913511749347258,0
1.89563,6,0,0,0,0.0,32.06998099994962,3.201756000180467,32.10250799975256,0.31495263870094725,1478,0,0,384,0.98974609375,0
1.92715,6,0,0,0,0.0,31.483829000080732,3.202990999852773,31.512108000242733,0.3147396889790399,1479,0,0,384,0.99072265625,0
1.95928,6,0,0,0,0.0,32.09461000005831,3.209409000191954,32.12452000025223,0.31452702702702706,1480,0,0,384,0.99169921875,0
2.02016,7,1,0,564,26.814163999915763,33.995471999787696,3.9315449998866825,60.865421000016795,0.3578663065496286,1481,0,0,420,0.9916666666666667,0
2.05251,7,0,0,0,0.0,32.31032399980904,3.5975470000266796,32.33802000022479,0.3576248313090419,1482,0,0,420,0.9927083333333333,0
2.08448,7,0,0,0,0.0,31.937044000187598,3.527046999806771,31.964031999905274,0.3573836817262306,1483,0,0,420,0.99375,0
2.11673,7,0,0,0,0.0,32.21660500003054,3.4995670002899715,32.24721300011879,0.3571428571428571,1484,0,0,421,0.9924287410926366,0
2.14884,7,0,0,0,0.0,32.07905599992955,3.5465209998619684,32.10681300015494,0.35690235690235694,1485,0,0,421,0.9934679334916865,0
2.18095,7,0,0,0,0.0,32.06939100027739,3.5117999996145954,32.10158499996396,0.3566621803499327,1486,0,0,422,0.9921504739336493,0
2.21252,7,0,0,0,0.0,31.529086000318784,3.5343859999557026,31.556428999920172,0.3564223268325487,1487,0,0,422,0.9931872037914692,0
2.24488,7,0,0,0,0.0,32.32724000008602,3.538627000125416,32.367819999763014,0.35618279569892475,1488,0,0,423,0.9918735224586288,0
2.27834,7,0,0,0,0.0,33.411731000342115,3.606433000186371,33.4449670003778,0.35594358629952993,1489,0,0,423,0.9929078014184397,0
2.31308,7,0,0,0,0.0,34.69673200015677,4.008582000096794,34.728483999970194,0.3557046979865772,1490,0,0,423,0.9939420803782506,0
2.34632,7,0,0,0,0.0,33.20474900010595,3.625918000125239,33.236996999676194,0.3554661301140174,1491,0,0,423,0.9949763593380615,0
2.40785,8,1,0,1085,27.50173200001882,33.95836500021687,4.396885000005568,61.52378499973565,0.3449229222520107,1492,0,0,492,0.9942835365853658,0
2.44117,8,0,0,0,0.0,33.274576000167144,4.277494000234583,33.311628000319615,0.3446918955123912,1493,0,0,494,0.9912702429149798,0
2.4759,8,0,0,0,0.0,34.680566000133695,4.088168999714981,34.72492400032934,0.34446117804551535,1494,0,0,495,0.9902777777777778,0
2.50886,8,0,0,0,0.0,32.9145470000185,4.086215999905107,32.95036199961032,0.34423076923076923,1495,0,0,496,0.989289314516129,0
2.54257,8,0,0,0,0.0,33.65349299974696,4.376097999738704,33.69702600002711,0.34400066844919786,1496,0,0,496,0.9902973790322581,0
2.57561,8,0,0,0,0.0,32.99743299976399,4.076052999607782,33.03041899971504,0.34377087508350035,1497,0,0,496,0.9913054435483871,0
2.60888,8,0,0,0,0.0,33.23116799992931,4.0778210000098625,33.27318900028331,0.34354138851802407,1498,0,0,496,0.9923135080645161,0
2.64323,8,0,0,0,0.0,34.29930600032094,4.259682999872894,34.33144300015556,0.3433122081387592,1499,0,0,496,0.9933215725806451,0
2.67716,8,0,0,0,0.0,33.89240000024074,4.154612000093039,33.92874299970572,0.3430833333333333,1500,0,0,497,0.9923289738430584,0
2.71197,8,0,0,0,0.0,34.762024999963614,4.181326999969315,34.792391000337375,0.34285476349100596,1501,0,0,497,0.9933350100603622,0
2.74692,8,0,0,0,0.0,34.907176999695366,4.591866000282607,34.94658699992215,0.3426264980026631,1502,0,0,498,0.9923443775100401,0
2.77987,8,0,0,0,0.0,32.90497699981643,4.178723000222817,32.93708699993658,0.34239853626081174,1503,0,0,498,0.9933483935742972,0
2.81312,8,0,0,0,0.0,33.201483999619086,4.119403999993665,33.24292300021625,0.34217087765957444,1504,0,0,499,0.9923597194388778,0
2.84651,8,0,0,0,0.0,33.352521999859164,4.128811999635218,33.386304000032396,0.34194352159468444,1505,0,0,499,0.9933617234468938,0
2.87995,8,0,0,0,0.0,33.392506999916804,4.097613000340061,33.42524100025912,0.3417164674634794,1506,0,0,499,0.9943637274549099,0
2.9141,8,0,0,0,0.0,34.11417799998162,4.1511419999551435,34.14798099993277,0.3414897146648972,1507,0,0,499,0.9953657314629258,0
2.94767,8,0,0,0,0.0,33.52462699967873,4.179429000032542,33.561716999884084,0.3412632625994695,1508,0,0,500,0.994375,0
2.98091,8,0,0,0,0.0,33.181116999912774,4.1497379997963435,33.22718899971733,0.3410371106693174,1509,0,0,502,0.9914093625498008,0
3.01408,8,0,0,0,0.0,33.13618999982282,4.1070379998018325,33.16749499981597,0.34081125827814573,1510,0,0,503,0.9904324055666004,0
3.04701,8,0,0,0,0.0,32.88498100027937,4.1332470000270405,32.92614800011506,0.3405857048312376,1511,0,0,504,0.9894593253968254,0
3.0808,8,0,0,0,0.0,33.741506000296795,4.1896789998645545,33.776955000121234,0.34036044973544977,1512,0,0,504,0.9904513888888888,0
3.11549,8,0,0,0,0.0,34.64807299997119,4.610588000105054,34.67838699998538,0.34013549239920693,1513,0,0,504,0.9914434523809523,0
3.14916,8,0,0,0,0.0,33.63657799991415,4.17895700002191,33.66941400008727,0.33991083223249674,1514,0,0,504,0.9924355158730159,0
3.18246,8,0,0,0,0.0,33.25466399974175,4.1635550001046795,33.286364000105095,0.3396864686468647,1515,0,0,504,0.9934275793650794,0
3.21586,8,0,0,0,0.0,33.35902599974361,4.163618999882601,33.38915799986353,0.3394624010554089,1516,0,0,505,0.992450495049505,0
3.2489,8,0,0,0,0.0,32.997272000102384,4.145612999764126,33.03817300002265,0.3392386288727752,1517,0,0,505,0.993440594059406,0
3.28278,8,0,0,0,0.0,33.82916100008515,4.1521540001667745,33.865981999952055,0.3390151515151515,1518,0,0,506,0.9924654150197628,0
3.31621,8,0,0,0,0.0,33.3912149999378,4.2137069999625965,33.422441000311665,0.3387919684002634,1519,0,0,506,0.9934535573122529,0
3.35057,8,0,0,0,0.0,34.32019600040803,4.224794000037946,34.35457300020062,0.33856907894736843,1520,0,0,507,0.9924802761341223,0
3.38356,8,0,0,0,0.0,32.955897000192635,4.1589080001358525,32.986769000217464,0.33834648257725186,1521,0,0,507,0.9934664694280079,0
3.41711,8,0,0,0,0.0,33.50735200001509,4.117792000215559,33.53376600034608,0.3381241787122208,1522,0,0,507,0.9944526627218935,0
3.44999,8,0,0,0,0.0,32.84712899994702,4.164258999935555,32.876966999992874,0.33790216677609985,1523,0,0,507,0.9954388560157791,0
3.48344,8,0,0,0,0.0,33.399361000192584,4.12017000007836,33.45380999962799,0.33768044619422577,1524,0,0,508,0.9944635826771654,0
3.51741,8,0,0,0,0.0,33.916618000148446,4.616193999936513,33.96606200021779,0.33745901639344267,1525,0,0,510,0.9915441176470589,0
3.55045,8,0,0,0,0.0,32.984283000132564,4.226178999942931,33.02127200004179,0.33723787680209694,1526,0,0,511,0.990582191780822,0
3.58257,8,0,0,0,0.0,32.0809529998769,4.12931499977276,32.113838999976,0.33701702685003276,1527,0,0,512,0.9896240234375,0
3.61604,8,0,0,0,0.0,33.43375699978424,4.115425000236428,33.465533000253345,0.33679646596858637,1528,0,0,512,0.9906005859375,0
3.64959,8,0,0,0,0.0,33.50615399995149,4.2210869996779365,33.53949399979683,0.3365761935905821,1529,0,0,512,0.9915771484375,0
3.68321,8,0,0,0,0.0,33.58393600001364,4.22404800019649,33.61580299997513,0.3363562091503268,1530,0,0,512,0.9925537109375,0
3.71702,8,0,0,0,0.0,33.762400000341586,4.225872999995772,33.79198999982691,0.3361365120836055,1531,0,0,512,0.9935302734375,0
3.75071,8,0,0,0,0.0,33.65955999970538,4.2502900000727095,33.69430199973067,0.3359171018276762,1532,0,0,513,0.9925682261208577,0
3.81429,9,1,0,955,27.908568999919225,35.58353200014608,5.120235000049433,63.5541479996391,0.340291367688628,1533,0,0,573,0.993782722513089,0
3.8489,9,0,0,0,0.0,34.570055000131106,4.9168639998242725,34.606380999775865,0.3400695349847892,1534,0,0,574,0.9930313588850174,0
3.88278,9,0,0,0,0.0,33.841234000192344,4.698907999681978,33.87418800002706,0.3398479913137894,1535,0,0,574,0.9940113240418118,0
3.91725,9,0,0,0,0.0,34.41875699991215,4.7063600000001315,34.45201399972575,0.33962673611111116,1536,0,0,575,0.9932608695652174,0
3.95139,9,0,0,0,0.0,34.10386899986406,4.721143000097072,34.13640899998427,0.3394057688137063,1537,0,0,575,0.9942391304347826,0
3.98556,9,0,0,0,0.0,34.11048599991773,4.6447889999399194,34.16011900026206,0.3391850888599913,1538,0,0,576,0.9934895833333334,0
4.01981,9,0,0,0,0.0,34.21072800028924,4.70359200016901,34.239299000091705,0.3389646956898419,1539,0,0,576,0.9944661458333334,0
4.05425,9,0,0,0,0.0,34.40659999978379,4.694494999966992,34.44234300013704,0.3387445887445888,1540,0,0,577,0.9937175043327556,0
4.08872,9,0,0,0,0.0,34.42256800008181,4.7168159999273485,34.45979699972668,0.33852476746701277,1541,0,0,579,0.9912564766839378,0
4.12387,9,0,0,0,0.0,35.1043280002159,5.095330000131071,35.13874500004022,0.33830523130134027,1542,0,0,580,0.9905172413793103,0
4.15764,9,0,0,0,0.0,33.72512300029484,4.742688000078488,33.763237000130175,0.3380859796932383,1543,0,0,581,0.9897805507745266,0
4.19301,9,0,0,0,0.0,35.32927900005234,4.956888000378967,35.362404999887076,0.33786701208981007,1544,0,0,581,0.9907487091222031,0
4.22786,9,0,0,0,0.0,34.81551699996999,4.742930999782402,34.84775200013246,0.3376483279395901,1545,0,0,581,0.9917168674698795,0
4.26257,9,0,0,0,0.0,34.66744900015328,4.680951999944227,34.705409000252985,0.3374299266925399,1546,0,0,581,0.9926850258175559,0
4.2972,9,0,0,0,0.0,34.58851499999582,4.745840999930806,34.62227499994697,0.3372118078000431,1547,0,0,581,0.9936531841652324,0
4.33192,9,0,0,0,0.0,34.671533000164345,4.761810000218247,34.70661700021083,0.3369939707149009,1548,0,0,582,0.9929123711340206,0
4.36692,9,0,0,0,0.0,34.95539200002895,4.727547999664239,34.98871400006465,0.3367764148913277,1549,0,0,582,0.9938788659793815,0
4.40134,9,0,0,0,0.0,34.381509000013466,4.828263000035804,34.41662199975326,0.3365591397849462,1550,0,0,583,0.9931389365351629,0
4.43496,9,0,0,0,0.0,33.57690700022431,4.825256999993144,33.60918699991089,0.33634214485278313,1551,0,0,583,0.9941037735849056,0
4.46962,9,0,0,0,0.0,34.62281200017969,5.176353000024392,34.65891400037435,0.33612542955326463,1552,0,0,584,0.9933647260273972,0
4.50374,9,0,0,0,0.0,34.06463400006032,4.770851000102994,34.0954610001063,0.3359089933462116,1553,0,0,584,0.9943279109589042,0
4.53761,9,0,0,0,0.0,33.82177999992564,4.709746000116866,33.85723400015195,0.3356928356928357,1554,0,0,585,0.9935897435897436,0
4.57177,9,0,0,0,0.0,34.127037999951426,4.755603999910818,34.163958999670285,0.33547695605573424,1555,0,0,585,0.9945512820512821,0
4.60711,9,0,0,0,0.0,35.28831500034357,4.722575999949186,35.327104999851144,0.335261353898886,1556,0,0,586,0.9938139931740614,0
4.64147,9,0,0,0,0.0,34.31368899964582,4.745171999729791,34.34827699993548,0.3350460286876472,1557,0,0,588,0.9913903061224489,0
4.67544,9,0,0,0,0.0,33.91111100017952,4.738256000109686,33.96209999982602,0.3348309798887462,1558,0,0,589,0.9906621392190152,0
4.70895,9,0,0,0,0.0,33.47274100042341,4.773058999944624,33.507730000110314,0.33461620697028005,1559,0,0,590,0.9899364406779662,0
4.74323,9,0,0,0,0.0,34.237142999700154,4.740779999792721,34.269138000126986,0.33440170940170943,1560,0,0,590,0.9908898305084746,0
4.77744,9,0,0,0,0.0,34.176497000316886,4.794661999767413,34.208502000183216,0.33418748665385434,1561,0,0,590,0.9918432203389831,0
4.81203,9,0,0,0,0.0,34.54347599972607,5.173041000034573,34.5756970000366,0.3339735381988903,1562,0,0,590,0.9927966101694915,0
4.84625,9,0,0,0,0.0,34.18930299994827,4.769384000155696,34.22206699997332,0.33375986351034337,1563,0,0,590,0.99375,0
4.88053,9,0,0,0,0.0,34.23658700012311,4.799876000106451,34.271617000285914,0.33354646206308614,1564,0,0,591,0.993020304568528,0
4.91458,9,0,0,0,0.0,34.00240800010579,4.786130999946181,34.03487599962318,0.33333333333333337,1565,0,0,591,0.9939720812182741,0
4.94889,9,0,0,0,0.0,34.25660799985053,4.813153000213788,34.3008549998558,0.33312047679863777,1566,0,0,592,0.9932432432432432,0
4.98256,9,0,0,0,0.0,33.638386000347964,4.810199000075954,33.67136199995002,0.3329078919378855,1567,0,0,592,0.9941934121621622,0
5.01681,9,0,0,0,0.0,34.2026389998864,4.7707670000818325,34.24090699991211,0.3326955782312925,1568,0,0,593,0.9934654300168634,0
5.05118,9,0,0,0,0.0,34.32975199984867,4.806761000054394,34.35997199994745,0.3324835351603994,1569,0,0,593,0.9944139966273187,0
5.08533,9,0,0,0,0.0,34.111030000076425,4.782240000167803,34.145274000366044,0.332271762208068,1570,0,0,594,0.9936868686868687,0
5.11997,9,0,0,0,0.0,34.600866999880964,4.805329999726382,34.63605799970537,0.33206025885847656,1571,0,0,594,0.9946338383838383,0
5.1546,9,0,0,0,0.0,34.578268000132084,5.035091000081593,34.61444399999891,0.3318490245971162,1572,0,0,595,0.9939075630252101,0
5.1899,9,0,0,0,0.0,35.24155199966117,5.226084000241826,35.280606000014814,0.33163805891078624,1573,0,0,597,0.9915201005025126,0
5.2248,9,0,0,0,0.0,34.85439399992174,4.879230999904394,34.89161700008481,0.33142736128759,1574,0,0,598,0.9908026755852842,0
5.25856,9,0,0,0,0.0,33.69479000002684,4.862287999912951,33.75371100037228,0.3312169312169312,1575,0,0,500,0.989125,0
5.29189,8,0,0,0,0.0,33.28725700021096,4.024974999992992,33.32175700006701,0.25629699248120297,1330,0,0,500,0.990125,0
5.32556,8,0,0,0,0.0,33.635385999787104,4.004243000053975,33.66836200029866,0.2561044327573253,1331,0,0,500,0.991125,0
5.35874,8,0,0,0,0.0,33.13317600031951,4.002985999704833,33.16563099997438,0.25591216216216217,1332,0,0,500,0.992125,0
5.39247,8,0,0,0,0.0,33.69078600007924,4.000931000064156,33.72102699995594,0.2557201800450113,1333,0,0,500,0.993125,0
5.42587,8,0,0,0,0.0,33.3604480001668,4.0041940001174225,33.394601000054536,0.2555284857571214,1334,0,0,501,0.9921407185628742,0
5.45858,8,0,0,0,0.0,32.665193999946496,4.014969999843743,32.70441600034246,0.2553370786516854,1335,0,0,501,0.9931387225548902,0
5.49123,8,0,0,0,0.0,32.60268499980157,4.042972000206646,32.64104099980614,0.25514595808383234,1336,0,0,502,0.992156374501992,0
5.52449,8,0,0,0,0.0,33.22104800008674,3.997194000021409,33.251221000227815,0.25495512341062077,1337,0,0,502,0.993152390438247,0
5.55749,8,0,0,0,0.0,32.9592699999921,4.006453999863879,32.98951900023894,0.25476457399103136,1338,0,0,502,0.994148406374502,0
5.59059,8,0,0,0,0.0,33.064668999941205,4.026043000067148,33.09655700013536,0.2545743091859597,1339,0,0,502,0.995144422310757,0
5.62373,8,0,0,0,0.0,33.0992399999559,4.024766000384261,33.1343780003408,0.2543843283582089,1340,0,0,503,0.9941600397614314,0
5.65789,8,0,0,0,0.0,34.11758399988685,4.262880999704066,34.1589429999658,0.2541946308724832,1341,0,0,503,0.9951540755467196,0
5.69343,8,0,0,0,0.0,35.45142400025725,4.720030000044062,35.52642199974798,0.25400521609538007,1342,0,0,441,0.9946145124716553,0
5.72687,7,0,0,0,0.0,33.385047000138,3.9407220001521637,33.4262060000583,0.2534836719497926,1343,0,0,443,0.9911117381489842,0
5.76016,7,0,0,0,0.0,33.238957000321534,3.7224860002424975,33.276868000029936,0.2532950680272109,1344,0,0,444,0.9898648648648649,0
5.79313,7,0,0,0,0.0,32.931100000041624,3.643517000000429,32.966775999739184,0.2531067445565587,1345,0,0,445,0.988623595505618,0
5.82654,7,0,0,0,0.0,33.36704599996665,3.6065230001440796,33.39579799967396,0.25291870091275737,1346,0,0,445,0.9896067415730337,0
5.85872,7,0,0,0,0.0,32.1507640001073,3.5736039999392233,32.178197000121145,0.2527309364725846,1347,0,0,445,0.9905898876404494,0
5.89055,7,0,0,0,0.0,31.795008999779384,3.5428930000307446,31.823531000100047,0.2525434506146672,1348,0,0,445,0.9915730337078652,0
5.92227,7,0,0,0,0.0,31.683007000083308,3.526632000102836,31.710331999875052,0.25235624271947477,1349,0,0,445,0.9925561797752809,0
5.95385,7,0,0,0,0.0,31.541920000108803,3.544618999967497,31.569573000069795,0.25216931216931215,1350,0,0,446,0.9913116591928252,0
5.98499,7,0,0,0,0.0,31.09912300033102,3.5167709997949714,31.12699799976326,0.25198265834831346,1351,0,0,446,0.992292600896861,0
6.01655,7,0,0,0,0.0,31.528794999758247,3.5493029999997816,31.5532820000044,0.25179628064243453,1352,0,0,446,0.9932735426008968,0
6.04815,7,0,0,0,0.0,31.576274000144622,3.528460999859817,31.59883100033767,0.2516101784394468,1353,0,0,446,0.9942544843049327,0
6.08032,7,0,0,0,0.0,32.135114000084286,3.5270260000288545,32.16399099983391,0.25142435112893013,1354,0,0,446,0.9952354260089686,0
6.11337,7,0,0,0,0.0,33.01043900000877,3.56946700003391,33.0510469998444,0.2512387981022668,1355,0,0,446,0.9962163677130045,0
6.14646,7,0,0,0,0.0,33.03828599973713,3.6833189997196314,33.07575100006943,0.2510535187526338,1356,0,0,447,0.9949664429530202,0
6.17906,7,0,0,0,0.0,32.556792000377754,3.640691999862611,32.58951399993748,0.2508685124749974,1357,0,0,447,0.9959451901565995,0
6.21139,7,0,0,0,0.0,32.286746999943716,3.616461999627063,32.32063300038135,0.2506837786661056,1358,0,0,448,0.9946986607142857,0
6.24496,7,0,0,0,0.0,33.5167870002806,3.6562610002874862,33.569953000096575,0.25049931672448233,1359,0,0,450,0.99125,0
6.27934,7,0,0,0,0.0,34.33214400001816,3.693673999805469,34.368564000033075,0.25031512605042017,1360,0,0,451,0.9900221729490022,0
6.31453,7,0,0,0,0.0,35.1431600001888,3.8198249999368272,35.1798259998759,0.2501312060459746,1361,0,0,452,0.988799778761062,0
6.34785,7,0,0,0,0.0,33.272264000061114,3.651906999948551,33.310819000234915,0.249947556114957,1362,0,0,452,0.9897676991150443,0
6.38139,7,0,0,0,0.0,33.5047870003109,3.6114910003561818,33.541573000093194,0.2497641756629284,1363,0,0,452,0.9907356194690266,0
6.41517,7,0,0,0,0.0,33.720730999903026,3.6581059998752607,33.75307899977997,0.24958106409719316,1364,0,0,452,0.9917035398230089,0
6.44832,7,0,0,0,0.0,33.10933100010516,3.714608999871416,33.14217800016195,0.2493982208267923,1365,0,0,452,0.9926714601769911,0
6.48209,7,0,0,0,0.0,33.7231199996495,3.7338890001592517,33.75949100018261,0.2492156452624974,1366,0,0,453,0.9914459161147903,0
6.51501,7,0,0,0,0.0,32.87704300009864,3.7572880000880104,32.909608999943885,0.24903333681680428,1367,0,0,453,0.9924116997792495,0
6.54806,7,0,0,0,0.0,33.00650399978622,3.686743999878672,33.039976000054594,0.24885129490392643,1368,0,0,453,0.9933774834437086,0
6.58119,7,0,0,0,0.0,33.09241300030408,3.686484999889217,33.12342300023374,0.24866951893978917,1369,0,0,453,0.9943432671081678,0
6.61352,7,0,0,0,0.0,32.29739400012477,3.673796999919432,32.326010999895516,0.2484880083420229,1370,0,0,453,0.9953090507726269,0
6.64621,7,0,0,0,0.0,32.647267000356806,3.659223999875394,32.67985699994824,0.24830676252995731,1371,0,0,453,0.9962748344370861,0
6.67906,7,0,0,0,0.0,32.81388999994306,3.6964020000596065,32.848809999904915,0.2481257809246148,1372,0,0,454,0.9950440528634361,0
6.71154,7,0,0,0,0.0,32.44142799985639,3.696167999805766,32.4730309998813,0.24794506294870466,1373,0,0,454,0.9960077092511013,0
6.74434,7,0,0,0,0.0,32.754913000189845,3.6351220001051843,32.78944100020453,0.2477646080266167,1374,0,0,455,0.9947802197802198,0
6.77621,7,0,0,0,0.0,31.828681000206416,3.6757539996870037,31.86539400030597,0.24758441558441557,1375,0,0,457,0.9913840262582057,0
6.83715,8,1,0,1050,27.401399000154925,33.4587110000939,4.126246999931027,60.92952500011961,0.24609375,1376,0,0,524,0.9908158396946565,0
6.87097,8,0,0,0,0.0,33.776702999603,4.181712999979936,33.81703000013658,0.24591503267973858,1377,0,0,525,0.9898809523809524,0
6.90478,8,0,0,0,0.0,33.75595599982262,4.139256000144087,33.799323000039294,0.24573657474600874,1378,0,0,525,0.9908333333333333,0
6.93776,8,0,0,0,0.0,32.9388319996724,4.167404000327224,32.9674430004161,0.24555837563451777,1379,0,0,525,0.9917857142857143,0
6.97049,8,0,0,0,0.0,32.694059000277775,4.103573000065808,32.72618399978455,0.24538043478260874,1380,0,0,525,0.9927380952380952,0
7.00334,8,0,0,0,0.0,32.80655999969895,4.1041589997803385,32.83769300014683,0.2452027516292542,1381,0,0,525,0.9936904761904762,0
7.03606,8,0,0,0,0.0,32.68387400021311,4.1074570003729605,32.71703800010073,0.24502532561505064,1382,0,0,527,0.9908681214421252,0
7.06817,8,0,0,0,0.0,32.07131799990748,4.136975999699644,32.1023139999852,0.24484815618221256,1383,0,0,527,0.9918168880455408,0
7.10118,8,0,0,0,0.0,32.94634200028668,4.12341799983551,33.00112699980673,0.24467124277456642,1384,0,0,458,0.99235807860262,0
7.13433,7,0,0,0,0.0,33.114584000031755,3.7407249997158942,33.14216199987641,0.24992264053635893,1385,0,0,458,0.9933133187772926,0
7.1662,7,0,0,0,0.0,31.829792000280577,3.662441999949806,31.85648199996649,0.24974232117089257,1386,0,0,458,0.9942685589519651,0
7.19796,7,0,0,0,0.0,31.72973800019463,3.6583229998541356,31.755647999943903,0.24956226181893093,1387,0,0,458,0.9952237991266376,0
7.22974,7,0,0,0,0.0,31.746730000122625,3.656774999853951,31.77451800002018,0.249382461918485,1388,0,0,459,0.9940087145969498,0
7.26196,7,0,0,0,0.0,32.18972100012252,3.6916289996042906,32.21843800019997,0.2492029209091844,1389,0,0,459,0.9949618736383442,0
7.29412,7,0,0,0,0.0,32.121861999712564,3.650290999757999,32.15077300001212,0.24902363823227136,1390,0,0,459,0.9959150326797386,0
7.32549,7,0,0,0,0.0,31.333171999904152,3.6934149998160137,31.362994000119215,0.2488446133305946,1391,0,0,461,0.9925433839479393,0
7.35816,7,0,0,0,0.0,32.62390300005791,3.636405999714043,32.66002000009394,0.24866584564860428,1392,0,0,462,0.9913419913419913,0
7.39159,7,0,0,0,0.0,33.38421799981006,3.762689999803115,33.42471399992064,0.2484873346323454,1393,0,0,463,0.990145788336933,0
7.4253,7,0,0,0,0.0,33.662949000245135,3.824400999747013,33.69882400011193,0.2483090797294527,1394,0,0,463,0.9910907127429806,0
7.45862,7,0,0,0,0.0,33.28912400002082,3.808446999755688,33.31973800004562,0.2481310803891449,1395,0,0,463,0.9920356371490281,0
7.49087,7,0,0,0,0.0,32.205368999711936,3.7104439998074668,32.24591399975907,0.2479533360622186,1396,0,0,463,0.9929805615550756,0
7.52356,7,0,0,0,0.0,32.641249999869615,3.69677100025001,32.674119000148494,0.2477758462010431,1397,0,0,463,0.9939254859611231,0
7.55687,7,0,0,0,0.0,33.26423199996498,3.717737999977544,33.309037999970315,0.24759861025955443,1398,0,0,465,0.9905913978494624,0
7.58933,7,0,0,0,0.0,32.39606399984041,3.7894609999966633,32.443261000025814,0.24742162769325027,1399,0,0,419,0.9916467780429594,0
7.62194,6,0,0,0,0.0,32.57598899972436,3.390304999811633,32.60796200038385,0.20857142857142852,1400,0,0,419,0.9925417661097852,0
7.65447,6,0,0,0,0.0,32.49145900008443,3.3630130001256475,32.522722000067006,0.2084225553176302,1401,0,0,419,0.9934367541766109,0
7.6868,6,0,0,0,0.0,32.284729999901174,3.36602600009428,32.318904000021575,0.20827389443651922,1402,0,0,419,0.9943317422434368,0
7.71924,6,0,0,0,0.0,32.40438600005291,3.376406999905157,32.43489499982388,0.20812544547398437,1403,0,0,419,0.9952267303102625,0
7.75244,6,0,0,0,0.0,33.134400000108144,3.3873320003294793,33.197197999925265,0.20797720797720798,1404,0,0,420,0.99375,0
7.78644,6,0,0,0,0.0,33.93491199994969,3.4704119998423266,33.98341000001892,0.2078291814946619,1405,0,0,420,0.9946428571428572,0
7.81914,6,0,0,0,0.0,32.66472499990414,3.3889110000018263,32.697233999897435,0.2076813655761024,1406,0,0,420,0.9955357142857143,0
7.85161,6,0,0,0,0.0,32.419309000033536,3.4285380002074817,32.45697800002745,0.20753375977256572,1407,0,0,421,0.994061757719715,0
7.88397,6,0,0,0,0.0,32.319962000201485,3.4229850002702733,32.35413599986714,0.20738636363636365,1408,0,0,422,0.9925947867298578,0
7.916,6,0,0,0,0.0,31.988705000003392,3.3699840000736003,32.025086999965424,0.20723917672107883,1409,0,0,423,0.9911347517730497,0
7.94836,6,0,0,0,0.0,32.32147199969404,3.3996009997281362,32.35361999986708,0.20709219858156025,1410,0,0,423,0.9920212765957447,0
7.98168,6,0,0,0,0.0,33.28112500003044,3.4807709998858627,33.31356800026697,0.2069454287739192,1411,0,0,423,0.9929078014184397,0
8.01582,6,0,0,0,0.0,34.09494600009566,3.4728919999906793,34.12912599969786,0.20679886685552407,1412,0,0,423,0.9937943262411347,0
8.04921,6,0,0,0,0.0,33.34547700023904,3.40905599978214,33.37637399999949,0.2066525123849965,1413,0,0,423,0.9946808510638298,0
8.08179,6,0,0,0,0.0,32.53926300021703,3.497151999908965,32.57167599986133,0.20650636492220653,1414,0,0,425,0.9908823529411764,0
8.11341,6,0,0,0,0.0,31.58801500012487,3.4230029996251687,31.634564999876602,0.2063604240282686,1415,0,0,425,0.991764705882353,0
8.14544,6,0,0,0,0.0,31.95920300004218,3.3775930000956578,32.00427399997352,0.20621468926553677,1416,0,0,425,0.9926470588235294,0
8.17817,6,0,0,0,0.0,32.691873000203486,3.4282960000382445,32.72460899961516,0.20606916019760058,1417,0,0,425,0.9935294117647059,0
8.21083,6,0,0,0,0.0,32.623257000068406,3.4320820000175445,32.65403500017783,0.2059238363892807,1418,0,0,425,0.9944117647058823,0
8.24275,6,0,0,0,0.0,31.876444999852538,3.388894000181608,31.90222699959122,0.20577871740662435,1419,0,0,425,0.9952941176470588,0
8.27458,6,0,0,0,0.0,31.781032000253617,3.375959000095463,31.833391999953164,0.20563380281690136,1420,0,0,305,0.9963114754098361,0
8.306,4,0,0,0,0.0,31.38322699987839,2.4829260000842623,31.41335700001946,0.14461646727656585,1421,0,0,305,0.9971311475409836,0
8.33767,4,0,0,0,0.0,31.62198299969532,2.534925999952975,31.653858000026958,0.1445147679324894,1422,0,0,305,0.9979508196721312,0
8.36826,4,0,0,0,0.0,30.552190999969753,2.56072199999835,30.589839999720425,0.14441321152494735,1423,0,0,306,0.9955065359477124,0
8.39985,4,0,0,0,0.0,31.533143999695312,2.5419969997528824,31.581740000092395,0.144311797752809,1424,0,0,217,0.9945276497695853,0
8.4311,3,0,0,0,0.0,31.19372100036344,1.8927179999082,31.227662000219425,0.08939873417721522,1264,0,0,218,0.9908256880733946,0
8.49019,4,1,0,1149,27.190114999939397,31.841209000049275,2.377166000314901,59.08639900007984,0.08992094861660083,1265,1,0,290,0.9933189655172414,0
8.55057,5,1,0,1258,28.033751999828382,32.28068600037659,2.8575020000971563,60.36850200007393,0.07314375987361765,1266,0,0,369,0.994579945799458,0
8.583,5,0,0,0,0.0,32.393658999808395,2.8687039998658292,32.42724299980182,0.07308602999210734,1267,0,0,369,0.9954268292682927,0
8.61535,5,0,0,0,0.0,32.30101300005117,2.881632000026002,32.33522299979086,0.0730283911671924,1268,0,0,370,0.9935810810810811,0
8.64728,5,0,0,0,0.0,31.88875299974825,2.8763059999619145,31.919378000111465,0.07297084318360914,1269,0,0,371,0.9917452830188679,0
8.67902,5,0,0,0,0.0,31.70383699989543,2.8732310001942096,31.733698999687476,0.07291338582677165,1270,0,0,371,0.9925876010781671,0
8.71049,5,0,0,0,0.0,31.43405699984214,2.8485759999057336,31.466592000015225,0.07285601888276949,1271,0,0,371,0.9934299191374663,0
8.74324,5,0,0,0,0.0,32.703017000130785,2.9058209997856466,32.73529500029326,0.07279874213836479,1272,0,0,372,0.9915994623655914,0
8.77539,5,0,0,0,0.0,32.11807400020916,3.1062800003383018,32.150763999652554,0.07274155538098981,1273,0,0,372,0.9924395161290323,0
8.8076,5,0,0,0,0.0,32.14562500033935,2.911238999786292,32.18374900006893,0.07268445839874416,1274,0,0,372,0.9932795698924731,0
8.83983,5,0,0,0,0.0,32.18723200006934,2.9402659997685987,32.21603299971321,0.07262745098039214,1275,0,0,372,0.994119623655914,0
8.87203,5,0,0,0,0.0,32.164330999876256,2.90028799963693,32.194402999721206,0.07257053291536053,1276,0,0,372,0.9949596774193549,0
8.90413,5,0,0,0,0.0,32.06841700011864,2.910747999976593,32.098147999931825,0.07251370399373536,1277,0,0,372,0.9957997311827957,0
8.93695,5,0,0,0,0.0,32.77489099991726,2.9353710001487343,32.805604999794014,0.07245696400625978,1278,0,0,373,0.9939678284182306,0
8.9689,5,0,0,0,0.0,31.91531299989947,2.957283999876381,31.947659999786993,0.07240031274433156,1279,0,0,373,0.9948056300268097,0
9.00131,5,0,0,0,0.0,32.36611200009065,2.91874699996697,32.39918799999941,0.07234375000000004,1280,0,0,374,0.99298128342246,0
9.03354,5,0,0,0,0.0,32.196856000155094,2.92875000013737,32.226605999767344,0.07228727556596404,1281,0,0,374,0.9938168449197861,0
9.0656,5,0,0,0,0.0,32.01214299997446,2.914229999987583,32.05432800041308,0.07223088923556942,1282,0,0,293,0.9959470989761092,0
9.09684,4,0,0,0,0.0,31.201475999750983,2.377231000082247,31.243726999946375,0.0845098039215686,1275,0,0,293,0.9968003412969283,0
9.12932,4,0,0,0,0.0,32.42770799988648,2.4567069999648083,32.461147000049095,0.0844435736677116,1276,0,0,294,0.9942602040816326,0
9.16105,4,0,0,0,0.0,31.689991000348527,2.4108439997689857,31.72184000004563,0.08437744714173845,1277,0,0,295,0.9917372881355933,0
9.19293,4,0,0,0,0.0,31.826350000301318,2.404449000096065,31.856973000230937,0.08431142410015646,1278,0,0,295,0.9925847457627118,0
9.22449,4,0,0,0,0.0,31.52710299991668,2.4096829997688474,31.558722999761812,0.08424550430023459,1279,0,0,295,0.9934322033898305,0
9.25673,4,0,0,0,0.0,32.19681900009164,2.446194999720319,32.22681699980967,0.08417968750000004,1280,0,0,296,0.9909206081081081,0
9.28908,4,0,0,0,0.0,32.317230999979074,2.460127000176726,32.34771699999328,0.08411397345823579,1281,0,0,296,0.9917652027027027,0
9.32159,4,0,0,0,0.0,32.467096999880596,2.485771999999997,32.49655499985238,0.0840483619344774,1282,0,0,296,0.9926097972972973,0
9.35414,4,0,0,0,0.0,32.508292000329675,2.4494610001966066,32.537023999793746,0.08398285268901018,1283,0,0,296,0.9934543918918919,0
9.38604,4,0,0,0,0.0,31.860166000114987,2.414565999970364,31.893342999865126,0.08391744548286606,1284,0,0,296,0.9942989864864865,0
9.41871,4,0,0,0,0.0,32.63901500031352,2.411701999790239,32.66938400020081,0.08385214007782105,1285,0,0,296,0.995143581081081,0
9.45086,4,0,0,0,0.0,32.104423999953724,2.4915289995988132,32.13455500008422,0.08378693623639188,1286,0,0,297,0.9926346801346801,0
9.48222,4,0,0,0,0.0,31.330044999776874,2.458903999922768,31.361629000002722,0.08372183372183373,1287,0,0,297,0.993476430976431,0
9.51426,4,0,0,0,0.0,31.99827299977187,2.425958999992872,32.029164000050514,0.0836568322981367,1288,0,0,297,0.9943181818181818,0
9.54648,4,0,0,0,0.0,32.18469900002674,2.4108680004246708,32.2116699999242,0.08359193173002333,1289,0,0,297,0.9951599326599326,0
9.60537,5,1,0,688,26.49450999979308,32.32987299998058,2.7495579997776076,58.88344400000278,0.16015503875968995,1290,0,0,341,0.9937683284457478,0
9.66626,6,1,0,850,27.763828000388457,33.03374799997982,3.2018219999372377,60.87457000012364,0.190291763490834,1291,0,0,395,0.9933544303797468,0
9.6991,6,0,0,0,0.0,32.7973500002372,3.206441000202176,32.83407599974453,0.1901444788441693,1292,0,0,396,0.9917929292929293,0
9.73199,6,0,0,0,0.0,32.84302299971387,3.1850329996814253,32.87785200018334,0.18999742201598346,1293,0,0,397,0.9902392947103275,0
9.76528,6,0,0,0,0.0,33.25443399990036,3.2258960000035586,33.283466000284534,0.1898505924781041,1294,0,0,397,0.9911838790931989,0
9.79746,6,0,0,0,0.0,32.137596999746165,3.2218200003626407,32.167965000098775,0.18970398970398972,1295,0,0,397,0.9921284634760705,0
9.83027,6,0,0,0,0.0,32.772669999758364,3.216040000097564,32.80698200023835,0.18955761316872433,1296,0,0,398,0.9905778894472361,0
9.86339,6,0,0,0,0.0,33.08494799966866,3.249165999932302,33.114095000200905,0.18941146234901052,1297,0,0,398,0.9915201005025126,0
9.89617,6,0,0,0,0.0,32.72052500005884,3.1845180001255358,32.76790800009621,0.18926553672316382,1298,0,0,398,0.992462311557789,0
9.92884,6,0,0,0,0.0,32.633436000196525,3.243876999931672,32.66521599971384,0.18911983577110603,1299,0,0,398,0.9934045226130653,0
9.96156,6,0,0,0,0.0,32.67917599987413,3.190413000083936,32.710021999719174,0.188974358974359,1300,0,0,398,0.9943467336683417,0
9.99433,6,0,0,0,0.0,32.72720000040863,3.266853000241099,32.76143099992623,0.18882910581603896,1301,0,0,398,0.9952889447236181,0
10.02726,6,0,0,0,0.0,32.881259999612666,3.236511000068276,32.927884999935486,0.18868407578085,1302,0,0,327,0.9952217125382263,0
10.05918,5,0,0,0,0.0,31.876678000116954,2.7620529999694554,31.90513900017322,0.2007674597083653,1303,0,0,327,0.996177370030581,0
10.0915,5,0,0,0,0.0,32.28410699966844,2.7210389998799656,32.31632899996839,0.2006134969325153,1304,0,0,327,0.9971330275229358,0
10.12431,5,0,0,0,0.0,32.77072599985331,2.727954999954818,32.80591600014304,0.20045977011494254,1305,0,0,328,0.995045731707317,0
10.18444,6,1,0,691,26.80814899986217,33.25263900023856,3.0818359996374056,60.12348900003417,0.24540581929555894,1306,0,0,373,0.9917895442359249,0
10.21699,6,0,0,0,0.0,32.50289999959932,3.113789000053657,32.534991999909835,0.2452180566182096,1307,0,0,373,0.9927949061662198,0
10.25011,6,0,0,0,0.0,33.077280999805225,3.416306999952212,33.10915700012629,0.2450305810397554,1308,0,0,374,0.9911430481283422,0
10.28314,6,0,0,0,0.0,32.999129000018,3.1119410000428616,33.035637000011775,0.24484339190221538,1309,0,0,375,0.9895,0
10.31651,6,0,0,0,0.0,33.32369899999321,3.110218000074383,33.35760099980689,0.2446564885496183,1310,0,0,375,0.9905,0
10.34869,6,0,0,0,0.0,32.14097599993693,3.0995780002740503,32.16977299962309,0.24446987032799394,1311,0,0,375,0.9915,0
10.38251,6,0,0,0,0.0,33.78208899994206,3.1663310001022182,33.81637499978751,0.24428353658536583,1312,0,0,376,0.9898603723404256,0
10.41572,6,0,0,0,0.0,33.170622999932675,3.1320970001615933,33.20251700006338,0.24409748667174413,1313,0,0,376,0.9908577127659575,0
10.44921,6,0,0,0,0.0,33.45281400015665,3.1918509998831723,33.48293199996988,0.2439117199391172,1314,0,0,376,0.9918550531914894,0
10.48234,6,0,0,0,0.0,33.08645300012358,3.117465999821434,33.11838599984185,0.24372623574144492,1315,0,0,376,0.9928523936170213,0
10.51591,6,0,0,0,0.0,33.53632700009257,3.1466140003431065,33.57640200010792,0.2435410334346505,1316,0,0,376,0.9938497340425532,0
10.54873,6,0,0,0,0.0,32.76871400021264,3.1529969996881846,32.798233999983495,0.24335611237661348,1317,0,0,376,0.9948470744680851,0
10.60955,7,1,0,1461,27.016753999760112,33.71804400012479,3.8392579999708687,60.80015799989269,0.2719272513933705,1461,0,0,468,0.9953258547008547,0
10.64369,7,0,0,0,0.0,34.096708000106446,3.806435000115016,34.13074799982496,0.2717412546413914,1462,0,0,469,0.994136460554371,0
10.67715,7,0,0,0,0.0,33.41790600006789,3.902646999904391,33.450151000124606,0.2715555121570159,1463,0,0,469,0.9950692963752665,0
10.71078,7,0,0,0,0.0,33.58790699985548,3.847108999707416,33.622543000092264,0.2713700234192038,1464,0,0,470,0.9938829787234043,0
10.74451,7,0,0,0,0.0,33.691539999836095,3.8482539998767606,33.72599700014689,0.27118478790833744,1465,0,0,471,0.9927016985138004,0
10.77804,7,0,0,0,0.0,33.48806900021373,3.8497069999721134,33.52183800006969,0.27099980510621713,1466,0,0,471,0.9936305732484076,0
10.81177,7,0,0,0,0.0,33.681565999813756,3.8441380002041114,33.722470000157045,0.27081507449605613,1467,0,0,472,0.9924523305084746,0
10.84516,7,0,0,0,0.0,33.35085400021853,3.8126399999782734,33.38346900000033,0.2706305955624757,1468,0,0,473,0.9912790697674418,0
10.87852,7,0,0,0,0.0,33.32071000022552,3.8199949999579985,33.35436799989111,0.27044636779150055,1469,0,0,473,0.9922040169133193,0
10.9118,7,0,0,0,0.0,33.235839999633754,3.8357299999915995,33.26864200016644,0.2702623906705539,1470,0,0,473,0.9931289640591966,0
10.94468,7,0,0,0,0.0,32.84130199972424,3.838738000013109,32.87687800002459,0.2700786636884529,1471,0,0,474,0.9919567510548524,0
10.97839,7,0,0,0,0.0,33.66228499999124,3.9411600000676117,33.70287500001723,0.26989518633540377,1472,0,0,475,0.9907894736842106,0
11.01113,7,0,0,0,0.0,32.68902599984358,3.8183899996511173,32.73398300007102,0.26971195810299675,1473,0,0,475,0.9917105263157895,0
11.04364,7,0,0,0,0.0,32.47104100000797,3.7516749998758314,32.498477999979514,0.2695289784842023,1474,0,0,475,0.9926315789473684,0
11.0759,7,0,0,0,0.0,32.22562300015852,3.803327000241552,32.252541999696405,0.2693462469733656,1475,0,0,475,0.9935526315789474,0
11.1082,7,0,0,0,0.0,32.25464199977068,3.766215999803535,32.28318499986926,0.26916376306620204,1476,0,0,475,0.9944736842105263,0
11.14086,7,0,0,0,0.0,32.62252800004717,3.8499049996971735,32.65033500019854,0.268981526259793,1477,0,0,475,0.9953947368421052,0
11.17321,7,0,0,0,0.0,32.31781000022238,3.918973000054393,32.34550000024683,0.26879953605258067,1478,0,0,476,0.9942226890756303,0
11.2048,7,0,0,0,0.0,31.558731000131957,3.8152229999468545,31.585039999754372,0.26861779194436397,1479,0,0,476,0.995141806722689,0
11.23731,7,0,0,0,0.0,32.47208800030421,3.8312900001074013,32.50293300015983,0.2684362934362934,1480,0,0,477,0.9939727463312369,0
11.27024,7,0,0,0,0.0,32.89483200023824,3.8441140000031737,32.92423899983987,0.2682550400308672,1481,0,0,478,0.9928085774058577,0
11.30305,7,0,0,0,0.0,32.77493700034029,3.8641930000267166,32.808694999857835,0.26807403123192597,1482,0,0,478,0.9937238493723849,0
11.33641,7,0,0,0,0.0,33.31823300004544,3.873870999996143,33.368013000199426,0.26789326654464884,1483,0,0,479,0.992562630480167,0
11.36949,7,0,0,0,0.0,33.01531999977669,3.841660000034608,33.05087699982323,0.2677127454755487,1484,0,0,480,0.99140625,0
11.40295,7,0,0,0,0.0,33.425387000079354,3.8991540000097302,33.46034400010467,0.2675324675324675,1485,0,0,480,0.9923177083333333,0
11.43576,7,0,0,0,0.0,32.771902999684244,3.8955660002102377,32.80277900012152,0.26735243222457217,1486,0,0,480,0.9932291666666667,0
11.4684,7,0,0,0,0.0,32.590204999905836,3.9478250000684056,32.62412100002621,0.2671726390623499,1487,0,0,481,0.9920738045738046,0
11.50141,7,0,0,0,0.0,32.959234999907494,3.850053999940428,33.007265999913216,0.26699308755760365,1488,0,0,482,0.9909232365145229,0
11.53475,7,0,0,0,0.0,33.28395900007308,3.8055270001677854,33.31879899997148,0.2668137772234481,1489,0,0,482,0.9918309128630706,0
11.56822,7,0,0,0,0.0,33.430404999762686,3.897297000094113,33.46178500032693,0.26663470757430485,1490,0,0,482,0.9927385892116183,0
11.60174,7,0,0,0,0.0,33.47696399987399,3.8978689999566996,33.51052400012122,0.2664558781258982,1491,0,0,482,0.993646265560166,0
11.63581,7,0,0,0,0.0,34.02946799997153,3.932271999929071,34.061854999890784,0.2662772883952509,1492,0,0,482,0.9945539419087137,0
11.66941,7,0,0,0,0.0,33.56246600014856,3.9162279999800376,33.607618999667466,0.2660989379006794,1493,0,0,482,0.9954616182572614,0
11.70306,7,0,0,0,0.0,33.59485600003609,3.9245800003300246,33.63055899990286,0.26592082616179,1494,0,0,483,0.9943064182194618,0
11.73566,7,0,0,0,0.0,32.562409000092885,3.9290660001825017,32.594468999832316,0.26574295269947446,1495,0,0,483,0.995212215320911,0
11.7683,7,0,0,0,0.0,32.598979999875155,3.8459429997601546,32.6276579999103,0.26556531703590525,1496,0,0,484,0.9940599173553719,0
11.80107,7,0,0,0,0.0,32.72760800018659,3.8341959998433595,32.762726999862934,0.26538791869453193,1497,0,0,485,0.9929123711340206,0
11.83529,7,0,0,0,0.0,34.18453699987367,3.9075959998626786,34.215751999909116,0.26521075720007625,1498,0,0,485,0.9938144329896907,0
11.86854,7,0,0,0,0.0,33.20406100010587,3.9350380002360907,33.240276000015,0.2650338320785286,1499,0,0,486,0.9926697530864198,0
11.90172,7,0,0,0,0.0,33.142110999961005,3.8940350000302715,33.180479999828094,0.2648571428571429,1500,0,0,487,0.99152977412731,0
11.93513,7,0,0,0,0.0,33.37095200004114,3.927596999801608,33.40332000016133,0.2646806890644332,1501,0,0,487,0.9924281314168378,0
11.96859,7,0,0,0,0.0,33.41403199965498,3.9187050001601165,33.445666000261554,0.2645044702301693,1502,0,0,487,0.9933264887063655,0
12.00178,7,0,0,0,0.0,33.15179600031115,3.948569999920437,33.18816399996649,0.26432848588537217,1503,0,0,488,0.9921875,0
12.03593,7,0,0,0,0.0,34.09690199987381,3.973846000008052,34.142948999942746,0.26415273556231,1504,0,0,489,0.9910531697341514,0
12.0698,7,0,0,0,0.0,33.80579500026215,3.9387960000567546,33.83529399980034,0.26397721879449454,1505,0,0,489,0.9919478527607362,0
12.10246,7,0,0,0,0.0,32.62487500023781,3.9307500001086737,32.65304000024116,0.26380193511667616,1506,0,0,489,0.9928425357873211,0
12.13489,7,0,0,0,0.0,32.39974699999948,3.881817000092269,32.425709999643004,0.26362688406484025,1507,0,0,489,0.993737218813906,0
12.19611,8,1,0,1126,27.77961099991444,33.3772650001265,4.403955000270798,61.212132000036945,0.26218501326259946,1508,0,0,560,0.9943080357142857,0
12.22952,8,0,0,0,0.0,33.373858999766526,4.384655999729148,33.405724999738595,0.2620112657388999,1509,0,0,560,0.9952008928571429,0
12.26362,8,0,0,0,0.0,34.05464600018604,4.393640000216692,34.08885299995745,0.2618377483443709,1510,0,0,561,0.9943181818181818,0
12.29684,8,0,0,0,0.0,33.184068000082334,4.463723999833746,33.21839299997009,0.2616644606221046,1511,0,0,561,0.9952094474153298,0
12.35729,9,1,0,931,26.897418999851652,33.47054699997898,4.836907000026258,60.43488500017702,0.2751322751322751,1512,0,0,621,0.9936594202898551,0
12.39054,9,0,0,0,0.0,33.208023000042886,4.8029039999164524,33.238365999750386,0.27495042961004623,1513,0,0,622,0.9929662379421221,0
12.42435,9,0,0,0,0.0,33.782062999762275,4.769868000039423,33.80961199991361,0.27476882430647287,1514,0,0,622,0.993870578778135,0
12.45815,9,0,0,0,0.0,33.75749499991798,4.887780999979441,33.786410999709915,0.27458745874587454,1515,0,0,623,0.9931781701444623,0
12.52054,10,1,0,1513,26.929040999675635,35.39819100024033,5.758796999998594,62.388887999986764,0.24716358839050134,1516,0,0,719,0.9929589707927677,0
12.55584,10,0,0,0,0.0,35.26211600001261,5.615913000383443,35.297194000122545,0.24700065919578118,1517,0,0,719,0.9938282336578581,0
12.59093,10,0,0,0,0.0,35.032631999911246,5.988216999867291,35.08007400023416,0.24683794466403164,1518,0,0,720,0.9933159722222222,0
12.62452,10,0,0,0,0.0,33.545260000209964,5.583950000072946,33.58509300005608,0.24667544437129696,1519,0,0,721,0.9928051317614425,0
12.65859,10,0,0,0,0.0,34.01971199991749,5.529089999981807,34.054159999868716,0.24651315789473682,1520,0,0,722,0.9922957063711911,0
12.69265,10,0,0,0,0.0,34.0248860002248,5.561154000133683,34.05717399982677,0.24635108481262324,1521,0,0,722,0.9931613573407202,0
12.72832,10,0,0,0,0.0,35.629426000014064,5.545155999698181,35.66608599976462,0.24618922470433635,1522,0,0,722,0.9940270083102493,0
12.76364,10,0,0,0,0.0,35.26944999975967,5.5330420000245795,35.305374000017764,0.24602757715036117,1523,0,0,723,0.9935165975103735,0
12.7978,10,0,0,0,0.0,34.127036999962,5.562758999985817,34.16147400002956,0.2458661417322835,1524,0,0,723,0.994381051175657,0
12.83185,10,0,0,0,0.0,33.99936000005255,5.543637999835482,34.035199000300054,0.24570491803278693,1525,0,0,724,0.9938708563535912,0
12.86635,10,0,0,0,0.0,34.45188999967286,5.526285000087228,34.495080999931815,0.24554390563564876,1526,0,0,725,0.9933620689655173,0
12.90167,10,0,0,0,0.0,35.27828200003569,6.031648999851313,35.31415499992363,0.24538310412573672,1527,0,0,725,0.9942241379310345,0
12.9368,10,0,0,0,0.0,35.08403899968471,5.644913000196539,35.122839999985445,0.24522251308900522,1528,0,0,726,0.993715564738292,0
12.9721,10,0,0,0,0.0,35.25497100008579,5.672696000146971,35.290790000090055,0.24506213211249184,1529,0,0,727,0.9932083906464925,0
13.00685,10,0,0,0,0.0,34.70892899986211,5.607338000118034,34.743009000067104,0.2449019607843137,1530,0,0,727,0.9940680880330124,0
13.04131,10,0,0,0,0.0,34.407913999984885,5.622890999802621,34.45141700012755,0.2447419986936643,1531,0,0,728,0.9935611263736264,0
13.07581,10,0,0,0,0.0,34.437354000147025,5.593767999926058,34.47578200029966,0.24458224543080942,1532,0,0,729,0.9930555555555556,0
13.11053,10,0,0,0,0.0,34.686459000113246,5.586607999703119,34.719258999757585,0.24442270058708415,1533,0,0,729,0.9939128943758574,0
13.1458,10,0,0,0,0.0,35.226211000008334,5.666936000125133,35.26579800018226,0.24426336375488922,1534,0,0,730,0.9934075342465754,0
13.18063,10,0,0,0,0.0,34.78606399994533,5.729027000143105,34.821437999653426,0.24410423452768726,1535,0,0,731,0.9929035567715458,0
13.21596,10,0,0,0,0.0,35.274663000109285,5.668175000209885,35.314357000061136,0.24394531249999996,1536,0,0,732,0.992400956284153,0
13.29949,12,2,0,1695,47.092066000004706,36.364923999826715,6.79153100008989,83.52716799981863,0.2779223595749295,1537,0,0,839,0.9929976162097736,0
13.36507,13,1,0,1497,27.197672000056627,38.29909399973985,7.5756820001515734,65.56944800013298,0.2584275282584776,1538,0,0,933,0.9941050375133976,0
13.40257,13,0,0,0,0.0,37.44984500008286,7.127751000098215,37.49206900010904,0.2582596091368021,1539,0,0,934,0.9939105995717344,0
13.43982,13,0,0,0,0.0,37.20306800005346,7.559507000223675,37.250589999985095,0.2580919080919081,1540,0,0,935,0.993716577540107,0
13.47673,13,0,0,0,0.0,36.85186600023371,7.089727999755269,36.890776000291226,0.25792442469924626,1541,0,0,936,0.9935229700854701,0
13.51426,13,0,0,0,0.0,37.48974999962229,7.079408999743464,37.52881399987018,0.2577571585353686,1542,0,0,937,0.9933297758804696,0
13.55056,13,0,0,0,0.0,36.249989999760146,7.267639000019699,36.28859199989165,0.25759010917792513,1543,0,0,937,0.9941969050160085,0
13.58775,13,0,0,0,0.0,37.130429000171716,7.286862999990262,37.185956000030274,0.25742327620565963,1544,0,0,850,0.9938235294117647,0
13.62327,12,0,0,0,0.0,35.4752120001649,6.479645000126766,35.514781000074436,0.27098166127292345,1545,0,0,852,0.9923708920187794,0
13.65873,12,0,0,0,0.0,35.416823999639746,6.486038999810262,35.44857900033094,0.2708063820612333,1546,0,0,852,0.9932511737089202,0
13.6941,12,0,0,0,0.0,35.32925199988313,6.499398999949335,35.36662099986643,0.2706313294548589,1547,0,0,853,0.9929660023446659,0
13.72959,12,0,0,0,0.0,35.442011000213824,6.4858900000217545,35.47970399995393,0.2704565030146425,1548,0,0,854,0.9926814988290398,0
13.76537,12,0,0,0,0.0,35.72509000014179,6.4644640001461084,35.770480999872234,0.2702819023025608,1549,0,0,772,0.9939281088082902,0
13.80046,11,0,0,0,0.0,35.04821400019864,5.938256999797886,35.08414499992796,0.279941348973607,1550,0,0,773,0.9935316946959897,0
13.86181,12,1,0,1001,26.91095000000132,34.35572799980946,6.373293999786256,61.34029500026372,0.2859982806791317,1551,0,0,837,0.9932048984468339,0
13.89715,12,0,0,0,0.0,35.29775500010146,6.357248999847798,35.335439999926166,0.28581400343642616,1552,0,0,838,0.992914677804296,0
13.93263,12,0,0,0,0.0,35.43192600000111,6.47181600015756,35.46743700007937,0.2856299635114832,1553,0,0,838,0.9938096658711217,0
13.96848,12,0,0,0,0.0,35.80124200016144,6.471651999618189,35.83663100016565,0.28544616044616045,1554,0,0,838,0.9947046539379475,0
14.00406,12,0,0,0,0.0,35.53386299972772,6.4938390000861546,35.57340799989106,0.28526259378349406,1555,0,0,839,0.9944129916567342,0
14.04034,12,0,0,0,0.0,36.22842300001139,6.581201000244619,36.26920799979416,0.28507926306769493,1556,0,0,840,0.9941220238095239,0
14.07682,12,0,0,0,0.0,36.43404300009934,6.640073999733431,36.47195899975486,0.28489616784414473,1557,0,0,841,0.9938317479191439,0
14.11384,12,0,0,0,0.0,36.97591600030137,6.53313899965724,37.022100999820395,0.2847133076593924,1558,0,0,843,0.9923635824436536,0
14.15,12,0,0,0,0.0,36.11574699971243,6.606369000110135,36.150586000076146,0.2845306820611503,1559,0,0,843,0.9932532621589562,0
14.18685,12,0,0,0,0.0,36.79859299973032,6.735545999617898,36.83603899980881,0.2843482905982906,1560,0,0,844,0.9929650473933649,0
14.25071,13,1,0,618,26.392949000182853,37.392000000181724,7.337590000133787,63.85679400000299,0.3087764253683536,1561,0,0,885,0.9915254237288136,0
14.28863,13,0,0,0,0.0,37.873200999911205,7.488043000194011,37.914139999884355,0.3085787451984635,1562,0,0,885,0.9924435028248587,0
14.32575,13,0,0,0,0.0,37.067913000100816,6.949998999971285,37.10667799987277,0.30838131797824697,1563,0,0,885,0.993361581920904,0
14.36305,13,0,0,0,0.0,37.25416999986919,6.897390999711206,37.2911340000428,0.3081841432225064,1564,0,0,886,0.9931574492099323,0
14.40075,13,0,0,0,0.0,37.66156999972736,6.936850999863964,37.69786500015471,0.3079872204472843,1565,0,0,886,0.9940744920993227,0
14.43811,13,0,0,0,0.0,37.314327000331105,7.05855399974098,37.354717000198434,0.3077905491698595,1566,0,0,887,0.993869785794814,0
14.47487,13,0,0,0,0.0,36.71114999997371,7.064696000270487,36.75063900027453,0.3075941289087428,1567,0,0,889,0.9925478065241845,0
14.51189,13,0,0,0,0.0,36.962709999897925,6.9530330001725815,37.01915600004213,0.3073979591836735,1568,0,0,890,0.9923455056179775,0
14.54974,13,0,0,0,0.0,37.79449199964802,7.476077000319492,37.830566999673465,0.3072020395156151,1569,0,0,890,0.9932584269662922,0
14.58694,13,0,0,0,0.0,37.16154899984758,6.923639999968145,37.198159999661584,0.30700636942675164,1570,0,0,890,0.9941713483146067,0
14.62382,13,0,0,0,0.0,36.83331199999884,6.933567000032781,36.87258300033136,0.30681094844048373,1571,0,0,891,0.9939674523007856,0
14.66113,13,0,0,0,0.0,37.2626959997433,6.938607999927626,37.29872300027637,0.306615776081425,1572,0,0,892,0.9937640134529148,0
14.69806,13,0,0,0,0.0,36.888165999698685,6.9927459999235,36.927338000168675,0.30642085187539736,1573,0,0,893,0.9935610302351624,0
14.73508,13,0,0,0,0.0,36.972015000174,6.972060999942187,37.01365799997802,0.3062261753494282,1574,0,0,895,0.9922486033519553,0
14.77178,13,0,0,0,0.0,36.6553640001257,7.066071999815904,36.690008000277885,0.306031746031746,1575,0,0,895,0.9931564245810056,0
14.80937,13,0,0,0,0.0,37.54248299992469,7.4015229997712595,37.58201399978134,0.3058375634517766,1576,0,0,896,0.9929547991071429,0
14.84701,13,0,0,0,0.0,37.5913979996767,7.002185999681387,37.64201299964043,0.3056436271401395,1577,0,0,898,0.9916481069042317,0
14.88392,13,0,0,0,0.0,36.85422400030802,7.052705000205606,36.893927000164695,0.30544993662864384,1578,0,0,898,0.9925528953229399,0
14.92115,13,0,0,0,0.0,37.17590400037807,7.054953000078967,37.22437100032039,0.305256491450285,1579,0,0,818,0.9928178484107579,0
14.95747,12,0,0,0,0.0,36.278188999858685,6.47493900032714,36.314213999958156,0.314662447257384,1580,0,0,818,0.9937347188264058,0
14.99415,12,0,0,0,0.0,36.63047000009101,6.7544849998739664,36.66344599969307,0.3144634197765127,1581,0,0,818,0.9946515892420538,0
15.03058,12,0,0,0,0.0,36.38991600018926,6.467246999818599,36.42783599980248,0.31426464391066156,1582,0,0,819,0.9943528693528694,0
15.06628,12,0,0,0,0.0,35.64800899994225,6.44781300024988,35.68490899988319,0.3140661191829859,1583,0,0,821,0.9928440925700366,0
15.13084,13,1,0,1215,26.812866999989637,37.66222500007643,7.4106980000578915,64.56317500033038,0.30764374514374515,1584,0,0,846,0.9931294326241135,0
15.16764,12,0,0,0,0.0,36.7413559997658,6.621663999794691,36.782523000056244,0.29321766561514195,1585,0,0,847,0.9928423848878394,0
15.20401,12,0,0,0,0.0,36.33075700008703,6.582318000255327,36.36679099963658,0.2930327868852459,1586,0,0,847,0.9937278630460449,0
15.24046,12,0,0,0,0.0,36.41114599986395,6.63783699974374,36.448691000259714,0.2928481411468179,1587,0,0,848,0.9934404481132075,0
15.27703,12,0,0,0,0.0,36.52300700014166,6.628208000165614,36.56222900008288,0.29266372795969775,1588,0,0,849,0.9931537102473498,0
15.34073,13,1,0,607,26.661838000109128,36.957563999749254,6.980747999932646,63.68884799985608,0.31751948492036597,1589,0,0,888,0.9931728603603603,0
15.37952,13,0,0,0,0.0,38.7431609997293,7.401321000088501,38.78152699962811,0.31731978713110787,1590,0,0,890,0.9918539325842697,0
15.41662,13,0,0,0,0.0,37.060049000047,7.010995000200637,37.09990100014693,0.31712034037615433,1591,0,0,890,0.9927668539325842,0
15.45402,13,0,0,0,0.0,37.34239000004891,7.337154000197188,37.384232000022166,0.31692114418245076,1592,0,0,891,0.992564534231201,0
15.4913,13,0,0,0,0.0,37.23754500015275,7.078301000092324,37.27699599994594,0.3167221980781303,1593,0,0,893,0.9912513997760358,0
15.55639,14,1,0,772,26.639174000138155,38.37541700022484,7.839155000056053,65.08285700010674,0.3307492382147338,1594,0,0,942,0.9918391719745223,0
15.59377,14,0,0,0,0.0,37.33355600024879,7.429840999975568,37.368519000210654,0.33054187192118223,1595,0,0,942,0.9927680467091295,0
15.63162,14,0,0,0,0.0,37.80736299995624,7.844881999972131,37.84521299985499,0.3303347654851414,1596,0,0,942,0.9936969214437368,0
15.66918,14,0,0,0,0.0,37.51095899997381,7.498266999846237,37.5448370000413,0.33012791841846323,1597,0,0,942,0.9946257961783439,0
15.7062,14,0,0,0,0.0,36.970852999729686,7.364936000158195,37.017880999883346,0.3299213302342213,1598,0,0,943,0.994498939554613,0
15.74291,14,0,0,0,0.0,36.66388100009499,7.5025240003014915,36.70419199988828,0.32971500044670776,1599,0,0,945,0.9933201058201058,0
15.78041,14,0,0,0,0.0,37.453562000337115,7.4159920000056445,37.50763800007917,0.32950892857142855,1600,0,0,946,0.9931950317124736,0
15.81781,14,0,0,0,0.0,37.33760600016467,7.417431000249053,37.3762109998097,0.3293031141251004,1601,0,0,947,0.9930702217529039,0
15.85534,14,0,0,0,0.0,37.48992600003476,7.464055999662378,37.526876000356424,0.32909755662564655,1602,0,0,947,0.9939941921858501,0
15.89343,14,0,0,0,0.0,38.026686999728554,7.9151159998218645,38.08487400010563,0.32889225559219326,1603,0,0,948,0.993868670886076,0
15.93096,14,0,0,0,0.0,37.47376199999053,7.47910200016122,37.51464800006943,0.3286872105450659,1604,0,0,949,0.9937434141201265,0
15.96849,14,0,0,0,0.0,37.48925399986547,7.4603510001907125,37.52679300032469,0.3284824210057855,1605,0,0,950,0.9936184210526315,0
16.00562,14,0,0,0,0.0,37.07756199992218,7.394068000394327,37.11843199971554,0.3282778864970646,1606,0,0,953,0.9914087093389297,0
16.04298,14,0,0,0,0.0,37.31878400003552,7.435978000103205,37.35535099986009,0.3280736065428038,1607,0,0,953,0.9923268625393494,0
16.08072,14,0,0,0,0.0,37.69464299966785,7.486611999866,37.736009000127524,0.32786958066808813,1608,0,0,954,0.9922038784067087,0
16.11904,14,0,0,0,0.0,38.263554999957705,7.429718000366847,38.30265300030078,0.32766580839918313,1609,0,0,956,0.991043410041841,0
16.15606,14,0,0,0,0.0,36.982602999614755,7.79747300020972,37.01805199989394,0.3274622892635315,1610,0,0,956,0.9919586820083682,0
16.19275,14,0,0,0,0.0,36.64363500001855,7.401059000130772,36.675334999927145,0.32725902278974905,1611,0,0,956,0.9928739539748954,0
16.22918,14,0,0,0,0.0,36.39268200004153,7.383524000033503,36.42357299986543,0.3270560085076214,1612,0,0,956,0.9937892259414226,0
16.26586,14,0,0,0,0.0,36.64425300030416,7.353102000251965,36.67502799999056,0.3268532459481003,1613,0,0,956,0.9947044979079498,0
16.30271,14,0,0,0,0.0,36.798279999857186,7.375712000339263,36.837276999904134,0.32665073464329974,1614,0,0,957,0.9945794148380356,0
16.33874,14,0,0,0,0.0,35.97858200009796,7.436450000113837,36.024472000008245,0.3264484741264927,1615,0,0,959,0.9934176225234619,0
16.37626,14,0,0,0,0.0,37.469876000159275,7.835311999770056,37.50494099995194,0.32624646393210754,1616,0,0,960,0.9932942708333333,0
16.41341,14,0,0,0,0.0,37.10567000007359,7.42499099987981,37.15941300015402,0.326044703595724,1617,0,0,961,0.9931711758584808,0
16.47831,15,1,0,732,26.20200000001205,38.61602500001027,8.213155000248662,64.87696900012452,0.3406262875978574,1618,0,0,1007,0.9941658391261172,0
16.51567,15,0,0,0,0.0,37.3214710002685,7.855130999814719,37.36019600000873,0.3404158945851349,1619,0,0,1008,0.994109623015873,0
16.55427,15,0,0,0,0.0,38.546944000245276,8.261764000053518,38.586887000292336,0.3402057613168724,1620,0,0,1009,0.9940535183349851,0
16.59284,15,0,0,0,0.0,38.52674900008424,7.987898000010318,38.564331000088714,0.33999588731235864,1621,0,0,1010,0.9939975247524753,0
16.63017,15,0,0,0,0.0,37.279047000083665,7.879881000008027,37.319109000236494,0.33978627209206735,1622,0,0,1014,0.9910009861932939,0
16.6677,15,0,0,0,0.0,37.48801200026719,7.881260999965889,37.5231539997003,0.33957691517765454,1623,0,0,1014,0.9919255424063116,0
16.70569,15,0,0,0,0.0,37.94306899999356,7.909724999990431,37.984259000040765,0.339367816091954,1624,0,0,1015,0.991871921182266,0
16.74374,15,0,0,0,0.0,37.997918000201025,7.848244999877352,38.04567799988945,0.33915897435897435,1625,0,0,1017,0.9908431661750245,0
16.783,15,0,0,0,0.0,39.210001999890665,8.536896999885357,39.24709500006429,0.338950389503895,1626,0,0,1017,0.9917649950835792,0
16.82125,15,0,0,0,0.0,38.20240200002445,8.005923999917286,38.2407330002934,0.3387420610530629,1627,0,0,1017,0.9926868239921337,0
16.85949,15,0,0,0,0.0,38.1999670003097,8.001992000117752,38.23619500008135,0.33853398853398853,1628,0,0,1017,0.9936086529006883,0
16.89654,15,0,0,0,0.0,37.00821700022061,7.901238999693305,37.03954299999168,0.3383261714753427,1629,0,0,1017,0.9945304818092429,0
16.93372,15,0,0,0,0.0,37.13951500003532,7.909431000371114,37.17700300012439,0.33811860940695293,1630,0,0,1018,0.9944744597249509,0
16.9709,15,0,0,0,0.0,37.13187899984405,7.918504999906872,37.16983200001778,0.3379113018597997,1631,0,0,1020,0.9934436274509804,0
17.00851,15,0,0,0,0.0,37.55913100030739,7.897153000158141,37.5995630001853,0.3377042483660131,1632,0,0,1021,0.9933888344760039,0
17.04698,15,0,0,0,0.0,38.42538599974432,8.326309000040055,38.46719700004542,0.3374974484588692,1633,0,0,1022,0.9933341487279843,0
17.08503,15,0,0,0,0.0,38.00563799995871,7.995912999831489,38.041072000396525,0.33729090167278664,1634,0,0,1022,0.9942514677103719,0
17.12352,15,0,0,0,0.0,38.44161400002122,8.000100000117527,38.483491000079084,0.33708460754332314,1635,0,0,1023,0.9941959921798631,0
17.16204,15,0,0,0,0.0,38.465094000002864,7.947649000016099,38.50782400013486,0.336878565607172,1636,0,0,1024,0.994140625,0
17.2008,15,0,0,0,0.0,38.71034399980999,8.183732999896165,38.751685000079306,0.33667277540215845,1637,0,0,1025,0.9940853658536586,0
17.23866,15,0,0,0,0.0,37.80820899964965,8.170046999566694,37.84966600005646,0.3364672364672364,1638,0,0,1029,0.9911321671525753,0
17.27614,15,0,0,0,0.0,37.445254000431305,8.289979999972275,37.47906599983253,0.33626194834248524,1639,0,0,1029,0.9920432458697764,0
17.34234,16,1,0,896,27.117600000110542,39.00305199977083,8.784664999893721,66.18833699985771,0.34340701219512193,1640,0,0,1087,0.9915478380864765,0
17.38125,16,0,0,0,0.0,38.86680499999784,8.866939999734313,38.908120000087365,0.34319774527727,1641,0,0,1089,0.9906450872359963,0
17.42052,16,0,0,0,0.0,39.222615999733534,8.455875999970885,39.26075400022455,0.34298873325213153,1642,0,0,1089,0.9915633608815427,0
17.4583,16,0,0,0,0.0,37.73164700032794,8.383082000364084,37.76821600013136,0.34277997565429097,1643,0,0,1089,0.992481634527089,0
17.56641,17,1,0,984,26.820111999768415,81.22595000031652,46.04992500026128,108.10780400015574,0.34603549448976667,1644,0,0,1151,0.993375325803649,0
17.63996,18,1,0,949,30.883398999776546,42.56083400014177,11.618799999723706,73.52598499983287,0.3501182033096927,1645,0,0,1211,0.9940648224607762,0
17.68152,18,0,0,0,0.0,41.47594200003368,10.640988999966794,41.54222699980892,0.3499054948022141,1646,0,0,1145,0.9943231441048035,0
17.72177,17,0,0,0,0.0,40.21142500005226,10.991699999976845,40.25249700043787,0.3494053359048538,1647,0,0,1147,0.9935156931124673,0
17.76192,17,0,0,0,0.0,40.10064600015539,10.63758999998754,40.14150300008623,0.3491933181039406,1648,0,0,1148,0.9935757839721254,0
17.80199,17,0,0,0,0.0,40.00231099962548,10.460855000019365,40.05900499987547,0.348981557450148,1649,0,0,1045,0.9938397129186602,0
17.84273,16,0,0,0,0.0,40.69432599999345,10.20482300009462,40.740471000390244,0.36942167577413476,1647,0,0,1045,0.9947966507177034,0
17.88324,16,0,0,0,0.0,40.44965000002776,9.336766000160424,40.49421700028688,0.36919751213592233,1648,0,0,1046,0.9948016252390057,0
17.92331,16,0,0,0,0.0,40.0220530000297,9.832535999976244,40.06360599987602,0.36897362037598547,1649,0,0,1048,0.9938573473282443,0
17.96302,16,0,0,0,0.0,39.65793899988057,9.682027000053495,39.6976869997161,0.36875,1650,0,0,1049,0.9938632030505243,0
18.00279,16,0,0,0,0.0,39.72058199997264,9.92810699972324,39.761989999988145,0.36852665051483946,1651,0,0,1053,0.9910375118708452,0
18.04375,16,0,0,0,0.0,40.919576000305824,10.108271000262903,40.956694000215066,0.3683035714285714,1652,0,0,1053,0.9919871794871795,0
18.08541,16,0,0,0,0.0,41.61529899965899,10.156629999983124,41.66899800020474,0.3680807622504537,1653,0,0,1055,0.9910545023696683,0
18.12675,16,0,0,0,0.0,41.27471299989338,9.434211000098003,41.31884500020533,0.36785822249093103,1654,0,0,1057,0.9901253547776726,0
18.1685,16,0,0,0,0.0,41.699897999933455,10.165879999931349,41.73721899996963,0.36763595166163143,1655,0,0,1057,0.9910714285714286,0
18.23858,17,1,0,862,29.294471999946836,40.6995299999835,10.657855000317795,70.08130499980325,0.3740053992611537,1656,0,0,1007,0.991993545183714,0
18.27926,16,0,0,0,0.0,40.63333199974295,9.642378000080498,40.67030799978966,0.382991043854231,1619,0,0,1007,0.9929865938430983,0
18.32109,16,0,0,0,0.0,41.77596799991079,9.925372999987303,41.82122000020172,0.3827546296296296,1620,0,0,1008,0.9929935515873016,0
18.35963,16,0,0,0,0.0,38.48987899982603,8.043194000038056,38.53057800006354,0.3825185070943862,1621,0,0,1009,0.9930004955401388,0
18.39789,16,0,0,0,0.0,38.20689599979232,8.028245999867067,38.25211000003037,0.3822826757090012,1622,0,0,1011,0.9920252225519288,0
18.43526,16,0,0,0,0.0,37.32572099988829,8.100848000140104,37.36301300023115,0.38204713493530496,1623,0,0,1011,0.9930143422354105,0
18.50066,17,1,0,1309,26.680164000026707,38.62740600015968,8.602039999914268,65.3875739999421,0.3707620979426254,1624,0,0,1094,0.9934300731261426,0
18.53977,17,0,0,0,0.0,39.06598699995811,8.650683999803732,39.103844000237586,0.37053393665158374,1625,0,0,1094,0.9944012797074955,0
18.57839,17,0,0,0,0.0,38.57554100022753,8.601318999808427,38.61249900000985,0.3703060560017365,1626,0,0,1094,0.9953724862888482,0
18.61708,17,0,0,0,0.0,38.62864500024443,8.668188999763515,38.68691599973317,0.3700784554756137,1627,0,0,1097,0.9936189608021878,0
18.65496,17,0,0,0,0.0,37.833012999726634,8.61402000009548,37.87075799982631,0.3698511345570169,1628,0,0,1098,0.993681693989071,0
18.69297,17,0,0,0,0.0,37.96354199994312,8.612677000201074,37.99918000004254,0.36962409273101504,1629,0,0,1102,0.9910390199637024,0
18.73184,17,0,0,0,0.0,38.82310500011954,8.577240999784408,38.86617700027273,0.3693973294839408,1630,0,0,1102,0.9920031760435571,0
18.76955,17,0,0,0,0.0,37.6556459996209,8.724999000151001,37.70033099999637,0.36917084430338654,1631,0,0,1104,0.9911684782608695,0
18.80801,17,0,0,0,0.0,38.38664599970798,8.86326599993481,38.43877999997858,0.36894463667820065,1632,0,0,1047,0.9906876790830945,0
18.84612,16,0,0,0,0.0,38.06578700005048,8.210150999730104,38.10949799981245,0.36481935088793627,1633,0,0,1047,0.9916427889207259,0
18.91192,17,1,0,804,27.431985000021086,38.270808000106626,8.640773000024637,65.77741299997797,0.37302901576787384,1634,0,0,1098,0.9923155737704918,0
18.94992,17,0,0,0,0.0,37.959741999657126,8.592970000336209,37.99516099979883,0.3728008634646519,1635,0,0,1098,0.993283242258652,0
18.98808,17,0,0,0,0.0,38.117299000077765,8.591704000082245,38.159369000368315,0.37257299007622613,1636,0,0,1099,0.9933462238398544,0
19.02674,17,0,0,0,0.0,38.60344599979726,8.718110999780038,38.64685799999279,0.37234539509145137,1637,0,0,1100,0.9934090909090909,0
19.06584,17,0,0,0,0.0,39.05354600010469,8.683868999924016,39.098211000236915,0.37211807800043095,1638,0,0,1102,0.9925703266787659,0
19.10419,17,0,0,0,0.0,38.30174399990938,8.692136000263417,38.340908999998646,0.3718910382945124,1639,0,0,1102,0.9935344827586207,0
19.14313,17,0,0,0,0.0,38.892083000064304,8.757134999996197,38.93390299981547,0.3716642754662841,1640,0,0,1103,0.9935970081595649,0
19.18251,17,0,0,0,0.0,39.33547099995849,8.802275000107329,39.37195400021665,0.3714377890095709,1641,0,0,1103,0.9945602901178604,0
19.22161,17,0,0,0,0.0,39.05618399994637,8.756638999784627,39.096235999750206,0.3712115784194311,1642,0,0,1103,0.9955235720761559,0
19.26063,17,0,0,0,0.0,38.96392700016804,8.752459999868734,39.006472999972175,0.3709856431921521,1643,0,0,1106,0.9937839059674503,0
19.29995,17,0,0,0,0.0,39.28162300007898,8.760163999795623,39.32118000011542,0.3707599828252469,1644,0,0,1107,0.993845980126468,0
19.33882,17,0,0,0,0.0,38.81749799984391,8.781370999713545,38.87490999977672,0.3705345968174504,1645,0,0,1111,0.9912241224122412,0
19.37821,17,0,0,0,0.0,39.32145299995682,8.718997999949352,39.36122599998271,0.3703094846687156,1646,0,0,1112,0.9912882194244604,0
19.44344,18,1,0,691,26.30265200014037,38.824704000035126,9.168505000161531,65.2219370003877,0.3817715712069082,1647,0,0,1158,0.9901770293609672,0
19.48316,18,0,0,0,0.0,39.67829700013681,9.218852999765659,39.71701399996164,0.38153991370010787,1648,0,0,1159,0.9902933563416738,0
19.52282,18,0,0,0,0.0,39.61324300007618,9.193733999836695,39.653057000123226,0.3813085371605687,1649,0,0,1159,0.9912640207075065,0
19.5694,18,0,0,0,0.0,46.532214999842836,16.079065000212722,46.5692909997415,0.3810774410774411,1650,0,0,1159,0.9922346850733391,0
19.60911,18,0,0,0,0.0,39.65190899998561,9.34235400018224,39.68905699957759,0.3808466249411131,1651,0,0,1159,0.9932053494391717,0
19.64912,18,0,0,0,0.0,39.96439599995938,9.209223000198108,40.00629599977401,0.3806160882432069,1652,0,0,1160,0.9933189655172414,0
19.68919,18,0,0,0,0.0,40.01257500021893,9.214975000304548,40.05129899996973,0.3803858304765746,1653,0,0,1161,0.9934323858742463,0
19.72962,18,0,0,0,0.0,40.38808599989352,9.158513999864226,40.43044900026871,0.38015585113529493,1654,0,0,1163,0.9926913155631987,0
19.76968,18,0,0,0,0.0,40.01215099970068,9.72405600032289,40.049882999937836,0.3799261497146693,1655,0,0,1163,0.99365864144454,0
19.8104,18,0,0,0,0.0,40.67604600004415,9.26534200016249,40.715702999932546,0.3796967257112185,1656,0,0,1164,0.9937714776632303,0
19.85077,18,0,0,0,0.0,40.305181000348966,9.348489999865706,40.34258499996213,0.3794675786226782,1657,0,0,1164,0.9947379725085911,0
19.89132,18,0,0,0,0.0,40.50087899986465,9.344662000330572,40.53826300014407,0.3792387079479963,1658,0,0,1164,0.9957044673539519,0
19.93165,18,0,0,0,0.0,40.283421000367525,9.354857000289485,40.32491199996002,0.37901011318732836,1659,0,0,1167,0.9941088260497001,0
19.97223,18,0,0,0,0.0,40.52641300040705,9.276968999984092,40.568619999703515,0.3787817938420348,1660,0,0,1169,0.9933704020530368,0
20.01395,18,0,0,0,0.0,41.67513400034295,10.114767999766627,41.71662399994602,0.37855374941467657,1661,0,0,1173,0.9909420289855072,0
20.08312,19,1,0,733,26.93258599992987,42.155765000188694,10.283235999850149,69.15916399975686,0.3878333016657166,1662,0,0,1220,0.9912909836065574,0
20.12377,19,0,0,0,0.0,40.603809999993246,9.814325999741413,40.64931800030536,0.3876000886160078,1663,0,0,1222,0.9906403436988543,0
20.16477,19,0,0,0,0.0,40.94907799981229,9.709399999792367,40.98987199995463,0.38736715587044535,1664,0,0,1223,0.990801308258381,0
20.20562,19,0,0,0,0.0,40.795754000100715,9.75377099985053,40.837751000253775,0.38713450292397655,1665,0,0,1224,0.9909620098039216,0
20.24869,19,0,0,0,0.0,43.02318899999591,10.09759699991264,43.06371199982095,0.3869021292727617,1666,0,0,1224,0.9919321895424836,0
20.29056,19,0,0,0,0.0,41.824097000244365,9.895759999835718,41.86343900028078,0.3866700344141698,1667,0,0,1224,0.9929023692810458,0
20.34077,19,0,0,0,0.0,50.157739000042056,12.298477000058483,50.20749200002683,0.38643821784677523,1668,0,0,1225,0.993061224489796,0
20.3851,19,0,0,0,0.0,44.26050400024906,13.236851999863575,44.310725000286766,0.3862066790703541,1669,0,0,1226,0.9932198205546493,0
20.42614,19,0,0,0,0.0,40.99526000027254,9.795426999971824,41.03576800025621,0.38597541758588083,1670,0,0,1228,0.9925692182410424,0
20.46724,19,0,0,0,0.0,41.04426899993996,10.171735000312765,41.09731600010491,0.3857444328955243,1671,0,0,1228,0.9935362377850163,0
20.50753,19,0,0,0,0.0,40.23186299991721,9.752555999966717,40.27534399983779,0.3855137245026442,1672,0,0,1229,0.9936940602115542,0
20.54779,19,0,0,0,0.0,40.210265000041545,9.750392000114516,40.25110800012044,0.3852832919117878,1673,0,0,1229,0.994660292921074,0
20.58866,19,0,0,0,0.0,40.829695999946125,9.741961999679916,40.867582999908336,0.3850531346286864,1674,0,0,1229,0.995626525630594,0
20.62918,19,0,0,0,0.0,40.4465300002812,9.783968000192544,40.50796399997125,0.3848232521602514,1675,0,0,1184,0.994457347972973,0
20.66894,18,0,0,0,0.0,39.71306099992944,9.38514200015561,39.75450000007186,0.3755303632988597,1676,0,0,1186,0.9937289207419899,0
20.7087,18,0,0,0,0.0,39.706221999949776,9.447077000004356,39.747583999997005,0.37530643344596837,1677,0,0,1190,0.9913340336134454,0
20.74824,18,0,0,0,0.0,39.50051199990412,9.33536999991702,39.541380000173376,0.3750827704939743,1678,0,0,1191,0.9914462636439967,0
20.78762,18,0,0,0,0.0,39.32929400025387,9.422614999948564,39.369281999825034,0.374859373965985,1679,0,0,1193,0.9907271584241408,0
20.82829,18,0,0,0,0.0,40.62214599980507,9.400794000157475,40.66024300027493,0.37463624338624335,1680,0,0,1194,0.9908396147403685,0
20.86944,18,0,0,0,0.0,41.088420000050974,9.458900000026915,41.14612200010015,0.3744133782801242,1681,0,0,1195,0.9909518828451883,0
20.9093,18,0,0,0,0.0,39.81565499998396,9.39832199992452,39.85341499992501,0.3741907781741314,1682,0,0,1195,0.9918933054393305,0
20.94905,18,0,0,0,0.0,39.69759799974781,9.440605000236246,39.73558200004845,0.37396844259589357,1683,0,0,1195,0.9928347280334728,0
20.98906,18,0,0,0,0.0,39.96221300030811,9.46225500001674,39.999265000005835,0.3737463710741621,1684,0,0,1196,0.9929452341137124,0
21.02892,18,0,0,0,0.0,39.81447400019533,9.487933999935194,39.85470399993574,0.37352456313880644,1685,0,0,1197,0.9930555555555556,0
21.06882,18,0,0,0,0.0,39.85936000026413,9.45947799982605,39.90133499974036,0.3733030183208119,1686,0,0,1198,0.9931656928213689,0
21.10813,18,0,0,0,0.0,39.25943100011864,9.538906999750907,39.29607300005955,0.3730817361522756,1687,0,0,1198,0.9941047579298832,0
21.148,18,0,0,0,0.0,39.82346700013295,9.386707999965438,39.866538000296714,0.37286071616640337,1688,0,0,1199,0.9942139282735613,0
21.18794,18,0,0,0,0.0,39.89284899989798,9.439688000384194,39.92948199993407,0.3726399578975067,1689,0,0,1199,0.995152210175146,0
21.23121,18,0,0,0,0.0,43.220503000156896,9.437674000309926,43.26731400033168,0.3724194608809993,1690,0,0,1199,0.9960904920767306,0
21.27021,18,0,0,0,0.0,38.94728800014491,9.573016000103962,38.98986200010768,0.37219922465339383,1691,0,0,1202,0.9945403494176372,0
21.30892,18,0,0,0,0.0,38.65934499981449,9.245028999885108,38.694566000231134,0.3719792487522984,1692,0,0,1204,0.9938226744186046,0
21.34736,18,0,0,0,0.0,38.382335000278545,9.299079999891546,38.438030000179424,0.37175953271641404,1693,0,0,1054,0.9912239089184061,0
21.38419,16,0,0,0,0.0,36.79084299983515,7.722765000380605,36.82309099986014,0.2423857868020305,1379,0,0,1055,0.9912322274881517,0
21.42072,16,0,0,0,0.0,36.487285000021075,7.780830000228889,36.51931499962302,0.24221014492753623,1380,0,0,1057,0.990302743614002,0
21.45815,16,0,0,0,0.0,37.39588000007643,7.7177230000415875,37.428362000355264,0.24203475742215785,1381,0,0,1057,0.9912488174077578,0
21.52289,17,1,0,1341,26.867435999974987,37.770181999803754,8.333464999850548,64.72180199989452,0.22937771345875546,1382,0,0,1069,0.9918147801683816,0
21.58624,17,1,0,801,26.144616999772552,37.14357099988774,8.295452000311343,63.347589000386506,0.24439624005784522,1383,0,0,1120,0.9922991071428572,0
21.62333,17,0,0,0,0.0,37.04551500004527,8.229313000356342,37.08259500035638,0.2442196531791907,1384,0,0,1120,0.9932477678571429,0
21.66118,17,0,0,0,0.0,37.792436000017915,8.326121000209241,37.842642000214255,0.24404332129963902,1385,0,0,1122,0.9924242424242424,0
21.69945,17,0,0,0,0.0,38.22396599980493,8.382754999729514,38.26536299993677,0.2438672438672439,1386,0,0,1123,0.992486642920748,0
21.73651,17,0,0,0,0.0,37.00994200016794,8.30395100001624,37.05227799991917,0.24369142033165103,1387,0,0,1124,0.9925489323843416,0
21.77423,17,0,0,0,0.0,37.67058499988707,8.32202400033566,37.71276299994497,0.24351585014409227,1388,0,0,1124,0.9934942170818505,0
21.81195,17,0,0,0,0.0,37.654465999821696,8.403899999848363,37.69749100001718,0.24334053275737944,1389,0,0,1125,0.9935555555555555,0
21.85013,17,0,0,0,0.0,38.1301440002062,8.368569000140269,38.168678999682015,0.2431654676258993,1390,0,0,1125,0.9945,0
21.88776,17,0,0,0,0.0,37.57521099987571,8.463171000130387,37.622657999691,0.2429906542056075,1391,0,0,1074,0.9958682495344506,0
21.92581,16,0,0,0,0.0,37.98605800011501,8.002782999938063,38.04047699986768,0.23163613505747127,1392,0,0,1019,0.9937438665358195,0
21.96306,15,0,0,0,0.0,37.210806000075536,7.627496000168321,37.248363999879075,0.22459918640823162,1393,0,0,1020,0.993688725490196,0
21.99961,15,0,0,0,0.0,36.49703400014914,7.539826000083849,36.53233300019565,0.2244380679100909,1394,0,0,1022,0.9926614481409002,0
22.03625,15,0,0,0,0.0,36.59845199990741,7.498593000036635,36.641026999859605,0.2242771804062127,1395,0,0,1023,0.9926075268817204,0
22.07355,15,0,0,0,0.0,37.23509000019476,7.581828000184032,37.289350000264676,0.22411652340019106,1396,0,0,970,0.9919458762886598,0
22.11008,14,0,0,0,0.0,36.485901000105514,7.153585000196472,36.521012999855884,0.2128540750587995,1397,0,0,970,0.9928479381443299,0
22.14648,14,0,0,0,0.0,36.356083000100625,7.189439000285347,36.39636600019003,0.21270181892499485,1398,0,0,972,0.9917052469135802,0
22.18264,14,0,0,0,0.0,36.11902700004066,7.232284000110667,36.15477399989686,0.21254978045542738,1399,0,0,972,0.9926054526748971,0
22.21943,14,0,0,0,0.0,36.73709199983932,7.375391999630665,36.78780000018378,0.21239795918367343,1400,0,0,972,0.993505658436214,0
22.25799,14,0,0,0,0.0,38.508152999838785,7.733032999567513,38.54848699984359,0.2122463546446416,1401,0,0,974,0.9923639630390144,0
22.32567,15,1,0,605,28.442136999728973,39.15586299990537,8.845561000271118,67.67475500009823,0.23585354255825008,1402,0,0,1013,0.9924111549851925,0
22.3627,15,0,0,0,0.0,36.98239499999545,7.5027330003649695,37.017791000380385,0.23568543597053937,1403,0,0,1013,0.9933366238894373,0
22.40038,15,0,0,0,0.0,37.63802299999952,7.46570299997984,37.67039300009856,0.23551756885090214,1404,0,0,1013,0.9942620927936822,0
22.43756,15,0,0,0,0.0,37.138781000066956,7.567137000023649,37.17601900007139,0.23534994068801895,1405,0,0,1015,0.9932266009852216,0
22.47612,15,0,0,0,0.0,38.50070099997538,7.538435999776993,38.550265000139916,0.23518255097202467,1406,0,0,928,0.9943426724137931,0
22.51254,14,0,0,0,0.0,36.38319699985004,7.138727999972616,36.41690699987521,0.25048228246522486,1407,0,0,928,0.9952855603448276,0
22.54971,14,0,0,0,0.0,37.12323999980072,7.299258999864833,37.16153699997449,0.2503043831168831,1408,0,0,931,0.9930182599355531,0
22.58559,14,0,0,0,0.0,35.83045899995341,6.965684999613586,35.865334999925835,0.2501267362871338,1409,0,0,932,0.9928916309012875,0
22.62151,14,0,0,0,0.0,35.88029600041409,7.056680999994569,35.914300000058574,0.24994934143870318,1410,0,0,933,0.9927652733118971,0
22.65727,14,0,0,0,0.0,35.7274990001315,6.896575000155281,35.76028799989217,0.24977219803584083,1411,0,0,934,0.9926391862955032,0
22.69325,14,0,0,0,0.0,35.93218400010301,6.90936800037889,35.96343299977889,0.24959530554431408,1412,0,0,936,0.9914529914529915,0
22.72936,14,0,0,0,0.0,36.082801000247855,6.9487250002566725,36.11570800012487,0.2494186634314023,1413,0,0,936,0.9923878205128205,0
22.76704,14,0,0,0,0.0,37.61460000032457,7.078231999912532,37.67126799994003,0.24924227116589215,1414,0,0,853,0.9909876905041032,0
22.80344,13,0,0,0,0.0,36.31569000026502,6.551279999712278,36.38553100017816,0.264745854851862,1415,0,0,765,0.991421568627451,0
22.83956,12,0,0,0,0.0,36.07424399979209,5.91099800021766,36.11327499993422,0.285840395480226,1416,0,0,765,0.9924019607843138,0
22.90193,13,1,0,749,26.500318000216794,35.79744499984372,6.292853000104515,62.361064000015176,0.2999294283697953,1417,0,0,814,0.9911701474201474,0
22.93795,13,0,0,0,0.0,35.97930699970675,6.233503999737877,36.023498000304244,0.2997179125528914,1418,0,0,814,0.9921683046683046,0
22.97418,13,0,0,0,0.0,36.17618999987826,6.3736539996170904,36.21640200026377,0.29950669485553205,1419,0,0,814,0.993166461916462,0
23.01018,13,0,0,0,0.0,35.94672100007301,6.334394000077737,35.98272699991867,0.29929577464788737,1420,0,0,815,0.9929447852760737,0
23.04594,13,0,0,0,0.0,35.71652599976005,6.35114299984707,35.75324300027205,0.29908515130190005,1421,0,0,816,0.9927236519607843,0
23.08195,13,0,0,0,0.0,35.9654019998743,6.345118999888655,36.004355999921245,0.29887482419127986,1422,0,0,816,0.9937193627450981,0
23.11949,13,0,0,0,0.0,37.494422999770904,6.4956480000546435,37.542164999649685,0.2986647926914968,1423,0,0,816,0.9947150735294118,0
23.15718,13,0,0,0,0.0,37.62620799989236,6.461365000177466,37.67053900037354,0.2984550561797753,1424,0,0,818,0.9932762836185819,0
23.1947,13,0,0,0,0.0,37.47587999987445,6.475716999830183,37.51416300019628,0.29824561403508776,1425,0,0,819,0.9930555555555556,0
23.23131,13,0,0,0,0.0,36.55948799996622,6.402529999832041,36.59904500000266,0.2980364656381487,1426,0,0,820,0.9928353658536585,0
23.26667,13,0,0,0,0.0,35.31984700020985,6.380752000040957,35.35667999994985,0.2978276103714086,1427,0,0,821,0.992615712545676,0
23.30562,13,0,0,0,0.0,38.90200899968477,6.350447999921016,38.94062000017584,0.29761904761904767,1428,0,0,823,0.991190765492102,0
23.34219,13,0,0,0,0.0,36.52576800004681,6.446244000017032,36.568213000009564,0.2974107767669699,1429,0,0,823,0.992178007290401,0
23.37827,13,0,0,0,0.0,36.0021249998681,6.45286799999667,36.064096999780304,0.2972027972027972,1430,0,0,754,0.9906332891246684,0
23.4133,12,0,0,0,0.0,34.99080499977936,5.943652999576443,35.02766100018562,0.30404146284649425,1431,0,0,754,0.9916279840848806,0
23.44803,12,0,0,0,0.0,34.68365200023982,5.8758189998115995,34.71779100027561,0.3038291433891993,1432,0,0,754,0.9926226790450928,0
23.48354,12,0,0,0,0.0,35.46490800044921,5.9054849998574355,35.500968000178545,0.3036171202605257,1433,0,0,756,0.9909887566137566,0
23.51857,12,0,0,0,0.0,34.99112300005436,5.871917999684229,35.031581000112055,0.30340539284053925,1434,0,0,756,0.9919808201058201,0
23.55398,12,0,0,0,0.0,35.35884900020392,5.978949999644101,35.40020499985985,0.30319396051103364,1435,0,0,756,0.9929728835978836,0
23.58906,12,0,0,0,0.0,35.03291600009106,5.980381999961537,35.07123800000045,0.30298282265552456,1436,0,0,757,0.9926519154557464,0
23.62367,12,0,0,0,0.0,34.565220000331465,5.904581999857328,34.6038700004101,0.30277197865924377,1437,0,0,758,0.9923317941952506,0
23.65821,12,0,0,0,0.0,34.49114400018516,5.889648999982455,34.52472900016801,0.3025614279091331,1438,0,0,758,0.9933212401055409,0
23.69289,12,0,0,0,0.0,34.63623800007554,5.921672000113176,34.67140000020663,0.30235116979383836,1439,0,0,758,0.9943106860158312,0
23.72863,12,0,0,0,0.0,35.691738999958034,6.636941000124352,35.73909100032324,0.3021412037037037,1440,0,0,759,0.9939888010540184,0
23.76369,12,0,0,0,0.0,35.0122919999194,6.001079000270693,35.04887500002951,0.3019315290307657,1441,0,0,760,0.9936677631578947,0
23.79851,12,0,0,0,0.0,34.77181500011284,5.937956000252598,34.805704000064,0.30172214516874707,1442,0,0,761,0.9933475689881734,0
23.86179,13,1,0,989,27.557963000163,35.65491899962581,6.366037000134384,63.28118400006133,0.3025214563676102,1443,0,0,824,0.9934010922330098,0
23.89786,13,0,0,0,0.0,36.0221390001243,6.420878999961133,36.05848200004402,0.3023119539740038,1444,0,0,826,0.9919794188861986,0
23.934,13,0,0,0,0.0,36.09834200005935,6.4345729997512535,36.135337999894546,0.3021027415491083,1445,0,0,826,0.9929630750605327,0
23.96952,13,0,0,0,0.0,35.45171999985541,6.405068000276515,35.50978599969312,0.3018938184913289,1446,0,0,762,0.9905675853018373,0
24.00391,12,0,0,0,0.0,34.33720400016682,5.904630999793881,34.38725800015163,0.3044805344390693,1447,0,0,683,0.9914897510980967,0
24.03788,11,0,0,0,0.0,33.92680999968434,5.386728000303265,33.960902000217175,0.31975138121546964,1448,0,0,683,0.9924963396778916,0
24.07168,11,0,0,0,0.0,33.759841000119195,5.405590999998822,33.79442499999641,0.3195307108350587,1449,0,0,685,0.9906021897810219,0
24.13436,12,1,0,1516,27.256366000074195,35.349891999885585,6.02124700026252,62.668372000189265,0.31986587510993847,1516,0,0,780,0.9923878205128205,0
24.16966,12,0,0,0,0.0,35.2587920001497,6.109543999627931,35.29316499998458,0.3196550208745331,1517,0,0,780,0.9933493589743589,0
24.2058,12,0,0,0,0.0,36.09536100020705,6.136310999863781,36.1359230000744,0.3194444444444444,1518,0,0,781,0.9930377720870679,0
24.24049,12,0,0,0,0.0,34.64146400028767,6.157496000014362,34.68142500014437,0.3192341452710117,1519,0,0,782,0.9927269820971867,0
24.27641,12,0,0,0,0.0,35.872608000317996,6.181826000101864,35.92415500042989,0.31902412280701753,1520,0,0,783,0.9924169859514687,0
24.31469,12,0,0,0,0.0,38.22766399980537,7.0123700002113765,38.26385100001062,0.3188143765066842,1521,0,0,783,0.9933748403575989,0
24.37782,13,1,0,984,26.72125800017966,36.31217700012712,6.624509000175749,63.1170579999889,0.3212877792378449,1522,0,0,776,0.9926707474226805,0
24.41365,12,0,0,0,0.0,35.78377799976806,6.1410459998114675,35.82035000044925,0.32561829722039837,1523,0,0,777,0.9923584298584298,0
24.44938,12,0,0,0,0.0,35.687475000031554,6.158134000088467,35.723326000152156,0.3254046369203849,1524,0,0,777,0.9933236808236808,0
24.48705,12,0,0,0,0.0,37.62364299973342,6.200942000305076,37.667349000003014,0.3251912568306011,1525,0,0,778,0.9930109254498715,0
24.52271,12,0,0,0,0.0,35.61539000020275,6.326015000013285,35.652515000037965,0.3249781564001748,1526,0,0,778,0.9939749357326478,0
24.55772,12,0,0,0,0.0,34.96605600003022,6.15936399981365,35.00029699989682,0.324765335079677,1527,0,0,778,0.9949389460154242,0
24.59333,12,0,0,0,0.0,35.563929000090866,6.168978999994579,35.60112300010587,0.3245527923211169,1528,0,0,781,0.9920774647887324,0
24.62907,12,0,0,0,0.0,35.69616799995856,6.214216999978817,35.73018699989916,0.32434052757793763,1529,0,0,781,0.9930377720870679,0
24.66471,12,0,0,0,0.0,35.59464499994647,6.150848999823211,35.63287600036347,0.3241285403050109,1530,0,0,782,0.9927269820971867,0
24.70047,12,0,0,0,0.0,35.71079099992858,6.227087000297615,35.748021000017616,0.3239168299586327,1531,0,0,784,0.9911511479591837,0
24.73595,12,0,0,0,0.0,35.44368900020345,6.164424999951734,35.47789499998544,0.3237053959965187,1532,0,0,784,0.9921077806122449,0
24.79904,13,1,0,576,26.577402999919286,36.44114999997328,6.5170060001946695,63.08394400002726,0.3466305384113604,1533,0,0,821,0.9922350791717418,0
24.83536,13,0,0,0,0.0,36.26708100000542,6.754510000064329,36.30481499976668,0.3464045732624611,1534,0,0,822,0.9920164233576643,0
24.87087,13,0,0,0,0.0,35.47460299978411,6.568719999904715,35.51104200005284,0.34617890253069405,1535,0,0,823,0.9917982989064399,0
24.9341,14,1,0,553,26.486894999834476,36.629597999763064,6.870182000056957,63.21918599996934,0.36695498511904767,1536,0,0,767,0.9905475880052151,0
24.97012,13,0,0,0,0.0,35.97440900011861,6.2870930000826775,36.009146999731456,0.39162204093889197,1537,0,0,767,0.9916069100391134,0
25.00622,13,0,0,0,0.0,36.057088999768894,6.259402000068803,36.089201000322646,0.39136741022306687,1538,0,0,767,0.9926662320730117,0
25.04218,13,0,0,0,0.0,35.91936999964673,6.318970999927842,35.95966300008513,0.391113110411356,1539,0,0,768,0.992431640625,0
25.07873,13,0,0,0,0.0,36.5046350002558,6.310221000148886,36.54435899989039,0.39085914085914086,1540,0,0,768,0.9934895833333334,0
25.11623,13,0,0,0,0.0,37.44619400004012,6.343051999920135,37.48727100037286,0.39060550092347623,1541,0,0,769,0.9932542262678804,0
25.1524,13,0,0,0,0.0,36.12529700012601,6.362147999880108,36.16000800002439,0.39035218996308485,1542,0,0,769,0.9943107932379714,0
25.18817,13,0,0,0,0.0,35.709150999991834,6.3547810000272875,35.74717399988003,0.3900992073383519,1543,0,0,770,0.9940746753246753,0
25.22448,13,0,0,0,0.0,36.26440400012143,6.367663999753859,36.303390999819385,0.38984655241131927,1544,0,0,773,0.991267787839586,0
25.29063,14,1,0,867,27.22067500008052,38.855412999964756,6.759824000255321,66.14164599977812,0.3931114193250116,1545,0,0,828,0.9919233091787439,0
25.35621,15,1,0,1117,28.347457999643666,37.14368100008869,7.162791000155266,65.5649759996777,0.3851660198361363,1546,0,0,899,0.9922830923248054,0
25.39349,15,0,0,0,0.0,37.22907200017289,7.245889999921928,37.26966799968068,0.3849170437405731,1547,0,0,901,0.9911209766925638,0
25.43088,15,0,0,0,0.0,37.35135700026149,7.258303000071464,37.38931199995932,0.38466838931955216,1548,0,0,901,0.992161487236404,0
25.4696,15,0,0,0,0.0,38.661014000354044,7.321613999920373,38.7082150000424,0.38442005595007533,1549,0,0,903,0.9910022148394242,0
25.50833,15,0,0,0,0.0,38.68456000009246,7.504690000132541,38.723154999843246,0.3841720430107527,1550,0,0,904,0.9909430309734514,0
25.54513,15,0,0,0,0.0,36.76009599985264,7.335735999731696,36.79929500003709,0.3839243498817967,1551,0,0,905,0.9908839779005525,0
25.58253,15,0,0,0,0.0,37.34997699984888,7.288357999641448,37.38904100009677,0.38367697594501715,1552,0,0,906,0.990825055187638,0
25.62062,15,0,0,0,0.0,38.04197999988901,7.327247999910469,38.07820100018944,0.3834299205838163,1553,0,0,906,0.9918598233995585,0
25.65793,15,0,0,0,0.0,37.268641000082425,7.296836000023177,37.30919500003438,0.38318318318318323,1554,0,0,906,0.9928945916114791,0
25.69553,15,0,0,0,0.0,37.54451800023162,7.308719999855384,37.5856109999404,0.38293676312968916,1555,0,0,907,0.9928335170893055,0
25.73331,15,0,0,0,0.0,37.73442500005331,7.38995400024578,37.769324999771925,0.3826906598114824,1556,0,0,907,0.993867144432194,0
25.77115,15,0,0,0,0.0,37.79865399974369,7.375612000032561,37.840028000118764,0.38244487261828297,1557,0,0,908,0.9938050660792952,0
25.80904,15,0,0,0,0.0,37.836443000287545,7.332000000133121,37.87318900003811,0.38219940094137783,1558,0,0,909,0.9937431243124313,0
25.84627,15,0,0,0,0.0,37.18789000004108,7.376388000011502,37.226345000362926,0.38195424417361556,1559,0,0,910,0.9936813186813187,0
25.88423,15,0,0,0,0.0,37.91727099996933,7.358435000242025,37.95820699997421,0.3817094017094017,1560,0,0,913,0.9914430449069004,0
25.92225,15,0,0,0,0.0,37.97237099979611,7.374920999609458,38.004813000043214,0.38146487294469356,1561,0,0,913,0.9924698795180723,0
25.95957,15,0,0,0,0.0,37.27884499994616,7.337481999911688,37.31952799989813,0.3812206572769953,1562,0,0,914,0.9924097374179431,0
25.99687,15,0,0,0,0.0,37.24868100016465,7.309166999675654,37.29287100031797,0.3809767541053529,1563,0,0,916,0.9912663755458515,0
26.03452,15,0,0,0,0.0,37.59484900001553,7.334119999995892,37.63284199976624,0.3807331628303495,1564,0,0,916,0.9922898471615721,0
26.0722,15,0,0,0,0.0,37.63426400018943,7.392321000224911,37.67333399991912,0.3804898828541001,1565,0,0,918,0.9911492374727668,0
26.11027,15,0,0,0,0.0,38.03108900001462,7.3729579999053385,38.06868600031521,0.38024691358024687,1566,0,0,919,0.9910908596300326,0
26.17446,16,1,0,601,26.44028500026252,37.671700000373676,7.707384000241291,64.18440900006317,0.3947830248883216,1567,0,0,958,0.9909968684759917,0
26.21312,16,0,0,0,0.0,38.60378900026262,7.756181000331708,38.64276799959043,0.39453125,1568,0,0,959,0.9910062565172054,0
26.25141,16,0,0,0,0.0,38.24939700007235,7.7227730002960016,38.29939200022636,0.39427979604843855,1569,0,0,959,0.9920490093847758,0
26.29244,16,0,0,0,0.0,40.96043599975019,7.710746000157087,41.01235199959774,0.39402866242038215,1570,0,0,959,0.9930917622523462,0
26.33227,16,0,0,0,0.0,39.772601000095165,8.201618999919447,39.817355000195676,0.39377784850413744,1571,0,0,960,0.9930989583333333,0
26.3705,16,0,0,0,0.0,38.18068800001129,7.716473000073165,38.21964700000535,0.3935273536895675,1572,0,0,960,0.994140625,0
26.40921,16,0,0,0,0.0,38.667626999995264,7.73245299978953,38.70482599995739,0.39327717736808643,1573,0,0,961,0.994146722164412,0
26.44647,16,0,0,0,0.0,37.21554499998092,7.672093000110181,37.25481299989042,0.39302731893265563,1574,0,0,963,0.9931204569055037,0
26.48437,16,0,0,0,0.0,37.85041799983446,7.644897999853129,37.8872730002513,0.3927777777777778,1575,0,0,964,0.9931275933609959,0
26.52172,16,0,0,0,0.0,37.310056000023906,7.724801999756892,37.34373299994331,0.39252855329949243,1576,0,0,967,0.9910806618407446,0
26.55895,16,0,0,0,0.0,37.18191099960677,7.614934000230278,37.230926000120235,0.3922796448953709,1577,0,0,900,0.9915972222222222,0
26.59552,15,0,0,0,0.0,36.51897100007773,7.148049000079482,36.55532599987055,0.3967469370511195,1578,0,0,901,0.9915371809100999,0
26.63193,15,0,0,0,0.0,36.373980999997,7.151562999752059,36.40944500011756,0.39649567236647665,1579,0,0,902,0.9914772727272727,0
26.66888,15,0,0,0,0.0,36.90923700014537,7.116570999642136,36.94307600017055,0.39624472573839664,1580,0,0,902,0.9925166297117517,0
26.70602,15,0,0,0,0.0,37.08863099973314,7.208775999970385,37.13037599982272,0.3959940965633565,1581,0,0,904,0.9913578539823009,0
26.74333,15,0,0,0,0.0,37.26658700043117,7.411423999656108,37.309418999939226,0.3957437842393594,1582,0,0,905,0.9912983425414365,0
26.77993,15,0,0,0,0.0,36.541178000334185,7.305173000077048,36.58242999972572,0.3954937881659296,1583,0,0,906,0.9912389624724062,0
26.8173,15,0,0,0,0.0,37.32831900015299,7.2295869999834395,37.37034300002051,0.3952441077441078,1584,0,0,907,0.9911797133406836,0
26.85526,15,0,0,0,0.0,37.91417500042371,7.395915999950375,37.95251199971972,0.39499474237644583,1585,0,0,907,0.9922133406835723,0
26.89293,15,0,0,0,0.0,37.626102000103856,7.324907000111125,37.66252700006589,0.3947456914670029,1586,0,0,907,0.9932469680264608,0
26.92997,15,0,0,0,0.0,36.98904400016545,7.314477999898372,37.02618599982088,0.39449695442134003,1587,0,0,908,0.9931855726872246,0
26.96845,15,0,0,0,0.0,38.43688300003123,7.233429000280012,38.475294999898324,0.39424853064651555,1588,0,0,908,0.9942180616740088,0
27.00616,15,0,0,0,0.0,37.66241700031969,7.339419000345515,37.7056120000816,0.39400041955108034,1589,0,0,909,0.9941556655665567,0
27.04471,15,0,0,0,0.0,38.50287999966895,7.603383000059694,38.54257900002267,0.39375262054507343,1590,0,0,911,0.9930021953896817,0
27.08209,15,0,0,0,0.0,37.3116860000664,7.388931000150478,37.36668300007295,0.3935051330400168,1591,0,0,855,0.9924707602339181,0
27.1198,14,0,0,0,0.0,37.67120900010923,6.944925999960105,37.707606999902055,0.39083811916726485,1592,0,0,857,0.9911756126021003,0
27.15704,14,0,0,0,0.0,37.19466900020052,6.954645999940112,37.229609999940294,0.3905927719487041,1593,0,0,857,0.9921966161026837,0
27.19308,14,0,0,0,0.0,36.00090200006889,6.859308000002784,36.03608399998848,0.3903477325685607,1594,0,0,858,0.9920600233100233,0
27.22931,14,0,0,0,0.0,36.17054400001507,6.81064599984893,36.21690699992541,0.3901030004478281,1595,0,0,795,0.9919811320754717,0
27.26568,13,0,0,0,0.0,36.32842100023481,6.394190999799321,36.36412400010158,0.391844997108155,1596,0,0,795,0.993003144654088,0
27.33227,14,1,0,696,29.66172500009634,36.85433500004365,6.897985000250628,66.58971099977862,0.4039270059933805,1597,0,0,841,0.9914536266349584,0
27.36886,14,0,0,0,0.0,36.53772600000593,6.7865510000046925,36.580650999894715,0.40367423565170746,1598,0,0,842,0.9913153206650831,0
27.40493,14,0,0,0,0.0,36.01869399972202,6.808705000366899,36.05945999970572,0.40342178147056196,1599,0,0,843,0.9911773428232503,0
27.4419,14,0,0,0,0.0,36.92164499989303,6.854271000065637,36.962305000088236,0.40316964285714285,1600,0,0,844,0.9910396919431279,0
27.48033,14,0,0,0,0.0,38.391771000078734,6.899819999944157,38.4275430001253,0.40291781922013026,1601,0,0,844,0.9920764218009479,0
27.51828,14,0,0,0,0.0,37.89932500012583,7.052571000258467,37.93311899971741,0.4026663099696808,1602,0,0,844,0.9931131516587678,0
27.5821,15,1,0,808,26.611555999807024,37.12734000009732,7.262948000061442,63.823245000094175,0.4086504470783947,1603,0,0,896,0.9928850446428571,0
27.61934,15,0,0,0,0.0,37.189207000210445,7.2708269999566255,37.22562899974946,0.4083956774729842,1604,0,0,896,0.9939313616071429,0
27.65657,15,0,0,0,0.0,37.18442400031563,7.272911000200111,37.2206219999498,0.408141225337487,1605,0,0,897,0.9938684503901896,0
27.6938,15,0,0,0,0.0,37.18369899979734,7.2649600001568615,37.22457300000315,0.4078870900788709,1606,0,0,899,0.9927002224694105,0
27.73087,15,0,0,0,0.0,37.02217600039148,7.311174000278697,37.05954799988831,0.4076332711055798,1607,0,0,900,0.9926388888888888,0
27.76762,15,0,0,0,0.0,36.70417600005749,7.246405000387313,36.739345000114554,0.40737976782752905,1608,0,0,902,0.9914772727272727,0
27.80414,15,0,0,0,0.0,36.48358899999948,7.216513999992458,36.51474900016183,0.4071265796561011,1609,0,0,902,0.9925166297117517,0
27.84058,15,0,0,0,0.0,36.38917600028435,7.185457000105089,36.43228999999337,0.40687370600414074,1610,0,0,846,0.9925384160756501,0
27.87707,14,0,0,0,0.0,36.44278299998405,6.835934000264388,36.48752500021146,0.4043185244302563,1611,0,0,753,0.9913678618857902,0
27.91232,13,0,0,0,0.0,35.20836600000621,6.244390000119893,35.23609800004124,0.4300439015079214,1612,0,0,753,0.9924468791500664,0
27.9483,13,0,0,0,0.0,35.94469100016795,6.412508999801503,35.98443500004578,0.4297772902856598,1613,0,0,755,0.9908940397350994,0
27.98555,13,0,0,0,0.0,37.18924200029505,6.3196169999173435,37.244673000259354,0.42951100943666,1614,0,0,695,0.9906474820143885,0
28.02101,12,0,0,0,0.0,35.40240799975436,5.897862999972858,35.43728800013923,0.43157894736842106,1615,0,0,696,0.990301724137931,0
28.05644,12,0,0,0,0.0,35.373248000269086,5.829881999943609,35.42685399997936,0.4313118811881188,1616,0,0,697,0.9899569583931134,0
28.09163,12,0,0,0,0.0,35.15055299976666,5.802491999929771,35.18466499963324,0.4310451453308596,1617,0,0,697,0.9910329985652798,0
28.12707,12,0,0,0,0.0,35.39613400016606,5.817330999889236,35.42783900002178,0.430778739184178,1618,0,0,697,0.9921090387374462,0
28.16352,12,0,0,0,0.0,36.41685000002326,5.858108999746037,36.451473999932205,0.4305126621371217,1619,0,0,697,0.9931850789096126,0
28.19926,12,0,0,0,0.0,35.69870799992714,5.857763000221894,35.73234399982539,0.4302469135802469,1620,0,0,697,0.994261119081779,0
28.23446,12,0,0,0,0.0,35.15619700010575,5.823787999815977,35.190366999813705,0.4299814929056138,1621,0,0,698,0.9939111747851003,0
28.2696,12,0,0,0,0.0,35.09104899967497,5.7985079997706634,35.12840499979575,0.42971639950678175,1622,0,0,700,0.9921428571428571,0
28.30796,12,0,0,0,0.0,38.304763000269304,5.849677000242082,38.351824000073975,0.4294516327788047,1623,0,0,701,0.9917974322396577,0
28.34377,12,0,0,0,0.0,35.753180000028806,5.913144000260218,35.79415700005484,0.42918719211822665,1624,0,0,702,0.9914529914529915,0
28.3792,12,0,0,0,0.0,35.389740000027814,5.9363299997130525,35.422931000084645,0.42892307692307696,1625,0,0,702,0.9925213675213675,0
28.41438,12,0,0,0,0.0,35.135030999754235,5.843584000103874,35.17066899985366,0.4286592865928659,1626,0,0,703,0.9921763869132291,0
28.4504,12,0,0,0,0.0,35.97717799993916,5.987684000047011,36.03070299959654,0.42839582052858016,1627,0,0,704,0.9918323863636364,0
28.48754,12,0,0,0,0.0,37.07524299989018,5.914475000281527,37.11375299963038,0.4281326781326781,1628,0,0,704,0.9928977272727273,0
28.52452,12,0,0,0,0.0,36.935667999841826,6.108069999754662,36.973401999603084,0.42786985880908535,1629,0,0,706,0.9911473087818697,0
28.56139,12,0,0,0,0.0,36.82354000011401,5.982393000067532,36.869426000066596,0.42760736196319016,1630,0,0,707,0.9908062234794908,0
28.59679,12,0,0,0,0.0,35.32373899997765,5.926808999902278,35.3662410002471,0.4273451870018393,1631,0,0,708,0.9904661016949152,0
28.6327,12,0,0,0,0.0,35.872340999958396,5.941063999671314,35.90930400014258,0.42708333333333337,1632,0,0,709,0.9901269393511989,0
28.66867,12,0,0,0,0.0,35.927395000271645,5.97011299987571,35.9614569997575,0.4268218003674219,1633,0,0,709,0.9911847672778561,0
28.70386,12,0,0,0,0.0,35.13484899985997,5.891810000321129,35.17842600012955,0.4265605875152999,1634,0,0,709,0.9922425952045134,0
28.73989,12,0,0,0,0.0,35.9870380002576,5.891776000225946,36.0221939999974,0.42629969418960245,1635,0,0,709,0.9933004231311706,0
28.77615,12,0,0,0,0.0,36.21660199996768,5.952902999979415,36.25810100038507,0.426039119804401,1636,0,0,709,0.9943582510578279,0
28.81164,12,0,0,0,0.0,35.43581199983237,5.971396999939316,35.47600500041881,0.4257788637751986,1637,0,0,710,0.9940140845070422,0
28.84666,12,0,0,0,0.0,34.97712699982003,5.882019000182481,35.01167600006738,0.42551892551892556,1638,0,0,712,0.9922752808988764,0
28.88139,12,0,0,0,0.0,34.68333099999654,5.922858999838354,34.72238600033961,0.42525930445393534,1639,0,0,713,0.9919354838709677,0
28.91836,12,0,0,0,0.0,36.92043099999864,5.932717000177945,36.9760070002485,0.42500000000000004,1640,0,0,714,0.9915966386554622,0
28.95502,12,0,0,0,0.0,36.612547999993694,6.202358999871649,36.64755900035743,0.4247410115783059,1641,0,0,714,0.9926470588235294,0
28.99075,12,0,0,0,0.0,35.68414900018979,5.966489999991609,35.72119199998269,0.42448233861144946,1642,0,0,715,0.9923076923076923,0
29.0263,12,0,0,0,0.0,35.48489699960555,5.945977000010316,35.53828700023587,0.4242239805234328,1643,0,0,613,0.9910277324632952,0
29.05941,11,0,0,0,0.0,33.06773100030114,4.818614000214438,33.114953999756835,0.2727272727272727,1215,0,0,613,0.9921492659053833,0
29.09325,11,0,0,0,0.0,33.78447899967796,4.784182000094006,33.824921999894286,0.272502990430622,1216,0,0,615,0.990040650406504,0
29.15551,12,1,0,1050,27.218393000111973,34.93958699982613,5.46044000020629,62.25157000017134,0.2610243768830457,1217,0,0,624,0.9906850961538461,0
29.21775,12,1,0,867,27.506332000029943,34.64959899974929,5.233534000126383,62.22526100009418,0.2639573070607554,1218,0,0,680,0.9898897058823529,0
29.25165,12,0,0,0,0.0,33.86282800011031,5.263409000235697,33.89325399984955,0.26374077112387206,1219,0,0,680,0.9909926470588235,0
29.28713,12,0,0,0,0.0,35.44230800025616,5.207424000218452,35.47611700014386,0.2635245901639345,1220,0,0,680,0.9920955882352941,0
29.35101,13,1,0,1075,28.768224000032205,35.03943799978515,5.774672000370629,63.877630999741086,0.25225225225225223,1221,0,0,748,0.9928141711229946,0
29.38633,13,0,0,0,0.0,35.27429399991888,5.748003999997309,35.31094500021936,0.2520458265139116,1222,0,0,748,0.9939004010695187,0
29.42088,13,0,0,0,0.0,34.49327299995275,5.7425189997957204,34.533166000073834,0.25183973834832385,1223,0,0,749,0.9936582109479306,0
29.45625,13,0,0,0,0.0,35.3321219999998,5.915437999647111,35.36837100000412,0.25163398692810457,1224,0,0,750,0.9934166666666666,0
29.52061,14,1,0,1171,27.78425899987269,36.48864200022217,6.418362999738747,64.34826899976542,0.23661807580174932,1225,0,0,826,0.9916767554479419,0
29.55666,14,0,0,0,0.0,36.006613000154175,6.257296000057977,36.04470799973569,0.23642507573992078,1226,0,0,827,0.9915356711003628,0
29.59266,14,0,0,0,0.0,35.950757000136946,6.290663000072527,35.99054999995133,0.23623239026662013,1227,0,0,828,0.9913949275362319,0
29.62855,14,0,0,0,0.0,35.84760100011408,6.266842000059114,35.880952999832516,0.23604001861330848,1228,0,0,828,0.9924516908212561,0
29.66476,14,0,0,0,0.0,36.161424000056286,6.289641999956075,36.20228499994482,0.2358479600139486,1229,0,0,829,0.9923100120627262,0
29.70103,14,0,0,0,0.0,36.224485999809986,6.281903999934002,36.26705900023808,0.23565621370499423,1230,0,0,830,0.9921686746987952,0
29.73646,14,0,0,0,0.0,35.378916000354366,6.313312999736809,35.41682299965032,0.2354647789253801,1231,0,0,831,0.9920276774969916,0
29.7725,14,0,0,0,0.0,35.99631199995201,6.313074999980017,36.03586799999903,0.2352736549165121,1232,0,0,833,0.9906962785114045,0
29.80861,14,0,0,0,0.0,36.0661039999286,6.307640000159154,36.10225799957334,0.23508284092225695,1233,0,0,833,0.9917466986794717,0
29.84488,14,0,0,0,0.0,36.22257899996839,6.31074200009607,36.263627000153065,0.23489233618893257,1234,0,0,835,0.9904191616766467,0
29.90852,15,1,0,1178,26.957728000070347,36.607586999707564,6.793878999815206,63.633359000050405,0.22213225371120104,1235,0,0,909,0.9918179317931793,0
29.94506,15,0,0,0,0.0,36.49598599986348,6.768288999865035,36.530662000132,0.2219525350593312,1236,0,0,909,0.9928492849284929,0
29.98162,15,0,0,0,0.0,36.517755999739165,6.7919339999207295,36.55934200014599,0.2217731069792509,1237,0,0,909,0.9938806380638063,0
30.01831,15,0,0,0,0.0,36.632374999953754,6.842710999990231,36.67245299993738,0.22159396876682824,1238,0,0,910,0.9938186813186813,0
30.05445,15,0,0,0,0.0,36.097694000090996,6.861058999675151,36.13832500013814,0.22141511972020445,1239,0,0,911,0.9937568605927553,0
30.09123,15,0,0,0,0.0,36.73208700001851,6.837073000042437,36.77092599991738,0.2212365591397849,1240,0,0,912,0.9936951754385965,0
30.12823,15,0,0,0,0.0,36.943082999641774,6.876952999846253,36.991439999837894,0.22105828632822988,1241,0,0,870,0.9914511494252873,0
30.1647,14,0,0,0,0.0,36.428162999982305,6.517047000215825,36.466416000166646,0.20629169542213022,1242,0,0,871,0.991317451205511,0
30.20117,14,0,0,0,0.0,36.418016999959946,6.543979999605654,36.4585139996052,0.20612573267440526,1243,0,0,872,0.9911840596330275,0
30.2384,14,0,0,0,0.0,37.1849729999667,6.895701000303234,37.21895199987557,0.20596003674781815,1244,0,0,872,0.9921875,0
30.27419,14,0,0,0,0.0,35.734348999994836,6.48786800002199,35.79322699988552,0.2057946069994263,1245,0,0,873,0.992053264604811,0
30.31245,14,0,0,0,0.0,38.20782499997222,7.010479000200576,38.25131699977646,0.20562944278835127,1246,0,0,874,0.9919193363844394,0
30.37498,15,1,0,530,26.684064000164653,35.740612000154215,6.845988999884867,62.512666000202444,0.2300989040363539,1247,0,0,909,0.9911991199119912,0
30.41148,15,0,0,0,0.0,36.45764299972143,6.858502999875782,36.49835400028678,0.22991452991452987,1248,0,0,910,0.9911401098901099,0
30.44806,15,0,0,0,0.0,36.53918300005898,6.86886899984529,36.57492499996806,0.22973045102748868,1249,0,0,910,0.9921703296703297,0
30.48508,15,0,0,0,0.0,36.96807299957072,6.875947000025917,37.00887700006206,0.22954666666666668,1250,0,0,912,0.9910224780701754,0
30.52241,15,0,0,0,0.0,37.29072099986297,7.052802000089287,37.342852000165294,0.22936317612576607,1251,0,0,912,0.9920504385964912,0
30.55892,15,0,0,0,0.0,36.44059699990976,6.7845440003111435,36.479832000168244,0.22917997870074547,1252,0,0,912,0.993078399122807,0
30.62569,16,1,0,1039,28.7196130002485,37.98173599989241,7.3371109997424355,66.76771699994788,0.22535913806863528,1253,0,0,977,0.9944984646878199,0
30.69364,17,1,0,1276,29.083020000143733,38.77996000028361,8.074894999936078,67.9436519999399,0.22450673059192328,1276,0,0,1059,0.9938031161473088,0
30.73147,17,0,0,0,0.0,37.77590700019573,8.1154089998563,37.81532299990431,0.22433092265880505,1277,0,0,1060,0.9938679245283019,0
30.76904,17,0,0,0,0.0,37.52886199981731,7.9209290001927,37.56884299991725,0.22415538985547268,1278,0,0,1061,0.9939326107445806,0
30.80597,17,0,0,0,0.0,36.87248400001408,7.958458000302926,36.912901000050624,0.22398013153658647,1279,0,0,1064,0.9921287593984962,0
30.84367,17,0,0,0,0.0,37.660219999906985,7.945640999878378,37.69810999983747,0.22380514705882348,1280,0,0,1066,0.9912640712945591,0
30.88103,17,0,0,0,0.0,37.3130999996647,7.9177460002028965,37.356132000240905,0.22363043578086972,1281,0,0,1067,0.9913308341143393,0
30.91945,17,0,0,0,0.0,38.369544000033784,7.9164459998537495,38.41387800002849,0.2234559970634119,1282,0,0,1067,0.9923266166822868,0
30.9574,17,0,0,0,0.0,37.896509999882255,7.974614999966434,37.9568130001644,0.2232818302691303,1283,0,0,1069,0.9914639850327409,0
30.99628,17,0,0,0,0.0,38.81199600027685,8.316736999859131,38.85486299986951,0.22310793476269009,1284,0,0,1070,0.9915303738317757,0
31.03816,17,0,0,0,0.0,41.82833999993818,8.06414999988192,41.871506000006775,0.2229343099107347,1285,0,0,1071,0.9915966386554622,0
31.07674,17,0,0,0,0.0,38.530559000264475,8.013562000087404,38.57006799989904,0.2227609550818772,1286,0,0,1072,0.9916627798507462,0
31.11509,17,0,0,0,0.0,38.30650000008973,8.142483000028733,38.3426349999354,0.2225878696466932,1287,0,0,1072,0.9926539179104478,0
31.15339,17,0,0,0,0.0,38.24903600025209,8.015620000151102,38.2923390002361,0.2224150529777128,1288,0,0,1074,0.9917946927374302,0
31.19137,17,0,0,0,0.0,37.92494400022406,8.011833000182378,37.97589699979653,0.22224250444941362,1289,0,0,1074,0.9927839851024208,0
31.22947,17,0,0,0,0.0,38.04491400023835,7.907128000169905,38.09221900019111,0.22207022343821248,1290,0,0,1074,0.9937732774674115,0
31.26771,17,0,0,0,0.0,38.19022700008645,8.37126199985505,38.227860999995755,0.22189820932245863,1291,0,0,1074,0.9947625698324022,0
31.30806,17,0,0,0,0.0,40.30373699970369,8.028184999602672,40.34818299987819,0.2217264614824258,1292,0,0,1076,0.9939010223048327,0
31.34619,17,0,0,0,0.0,38.07824500017887,8.021570999972027,38.11831000029997,0.22155497930030477,1293,0,0,1077,0.9939647168059424,0
31.38513,17,0,0,0,0.0,38.89034799976798,8.051976999922772,38.93441399986841,0.2213837621601964,1294,0,0,1078,0.994028293135436,0
31.42335,17,0,0,0,0.0,38.16979600014747,8.125884000037331,38.214276999951835,0.22121280944810362,1295,0,0,1081,0.9922525439407955,0
31.46165,17,0,0,0,0.0,38.24823400009336,8.128723000027094,38.28996800029927,0.22104212055192451,1296,0,0,1083,0.9914012003693444,0
31.5007,17,0,0,0,0.0,39.002588000130345,8.075631999872712,39.04160799993406,0.22087169486144498,1297,0,0,1084,0.9914667896678967,0
31.53951,17,0,0,0,0.0,38.77057699992292,8.18509200007611,38.80352200030757,0.2207015317683314,1298,0,0,1084,0.9924469557195572,0
31.57745,17,0,0,0,0.0,37.88625700008197,8.040631000312715,37.927463999949396,0.22053163066612325,1299,0,0,1086,0.991597605893186,0
31.6165,17,0,0,0,0.0,39.00242600002457,8.123822000015934,39.04311099995539,0.22036199095022624,1300,0,0,1087,0.9916628334866605,0
31.68122,18,1,0,552,27.010498999970878,37.63451899976644,8.237800999722822,64.71118899980866,0.23994363310274147,1301,0,0,1123,0.9915961709706145,0
31.71845,18,0,0,0,0.0,37.18677999995634,8.251564000147482,37.22414000003482,0.23975934459805426,1302,0,0,1124,0.9917148576512456,0
31.75521,18,0,0,0,0.0,36.72607499993319,8.220368000365852,36.756369000158884,0.23957533896137118,1303,0,0,1124,0.9927157473309609,0
31.79256,18,0,0,0,0.0,37.29043399971488,8.23745300021983,37.339767000048596,0.23939161554192234,1304,0,0,1045,0.9921052631578947,0
31.82919,17,0,0,0,0.0,36.59102800020264,7.726956000169594,36.62225700009003,0.2522875816993464,1305,0,0,1045,0.993122009569378,0
31.86641,17,0,0,0,0.0,37.182350999955815,7.74905000025683,37.23467500003608,0.2520944059093775,1306,0,0,1045,0.9941387559808612,0
31.93133,18,1,0,1313,26.928537000003416,37.87669800021831,8.379115000025195,64.89183600024262,0.24113565202674114,1313,0,0,1128,0.9947362588652482,0
31.99626,19,1,0,665,26.731216999905882,38.123585999983334,8.683707999807666,64.92364299992914,0.2542658014900264,1314,0,0,1172,0.9938673208191127,0
32.03475,19,0,0,0,0.0,38.42427299969131,8.709814000212646,38.48047099972973,0.2540724434660796,1315,0,0,1127,0.9929569653948536,0
32.074,18,0,0,0,0.0,39.205811000101676,8.726744999876246,39.245190000201546,0.24413204998311377,1316,0,0,1128,0.993074024822695,0
32.11272,18,0,0,0,0.0,38.6732199999642,8.43756799986295,38.71593999974721,0.24394668016535903,1317,0,0,1130,0.9923119469026549,0
32.15069,18,0,0,0,0.0,37.905701999989105,8.355275000212714,37.96068199972069,0.2437615916371607,1318,0,0,1078,0.9915352504638218,0
32.1883,17,0,0,0,0.0,37.56016599982104,8.033155000248371,37.60396200004834,0.23730098559514778,1319,0,0,1079,0.9916010194624653,0
32.22656,17,0,0,0,0.0,38.21219100018425,8.024343999750272,38.253081000220845,0.23712121212121207,1320,0,0,1079,0.9925857275254866,0
32.26626,17,0,0,0,0.0,39.64539800017519,8.143692999965424,39.68948400006411,0.2369417108251325,1321,0,0,1082,0.9908156192236599,0
32.30702,17,0,0,0,0.0,40.69732300013129,8.122129000184941,40.738307000083296,0.23676248108925868,1322,0,0,1083,0.990881809787627,0
32.37321,18,1,0,1360,27.06022699976529,39.02337899990016,9.202376999837725,66.1743129999195,0.24305555555555558,1360,0,0,1170,0.9908119658119658,0
32.41163,18,0,0,0,0.0,38.376550000066345,8.848997999848507,38.41313700013416,0.24287696954853455,1361,0,0,1170,0.9917735042735043,0
32.45058,18,0,0,0,0.0,38.910007999675145,8.576937000270846,38.94851800032484,0.24269864578234623,1362,0,0,1170,0.9927350427350428,0
32.51878,19,1,0,1230,27.389455999582424,40.722134999668924,9.224358000210486,68.18987099995866,0.23489207244082322,1363,0,0,1248,0.9932391826923077,0
32.55817,19,0,0,0,0.0,39.33981199998016,9.151524000117206,39.379941999868606,0.23471986417657043,1364,0,0,1248,0.9941907051282052,0
32.59758,19,0,0,0,0.0,39.360016000046016,9.278916000312165,39.40344400007234,0.2345479082321188,1365,0,0,1250,0.99355,0
32.63747,19,0,0,0,0.0,39.8417410001457,9.242746999916562,39.88312899991797,0.23437620405332515,1366,0,0,1250,0.9945,0
32.6772,19,0,0,0,0.0,39.676571000200056,9.980589999941003,39.71961700017346,0.23420475108766792,1367,0,0,1252,0.9938598242811502,0
32.74706,20,1,0,1407,27.026383000247733,42.739500000152475,11.8769919999977,69.84734999969078,0.24250177683013507,1407,0,0,1342,0.9936661698956781,0
32.78598,20,0,0,0,0.0,38.883113999872876,9.804990999782603,38.92013200038491,0.24232954545454544,1408,0,0,1344,0.9931175595238095,0
32.8257,20,0,0,0,0.0,39.674661999924865,9.952253999927052,39.71545200010951,0.2421575585521647,1409,0,0,1346,0.9925705794947994,0
32.8655,20,0,0,0,0.0,39.74569399997563,9.826147999774548,39.788556000075914,0.24198581560283683,1410,0,0,1348,0.9920252225519288,0
32.9053,20,0,0,0,0.0,39.75031600020884,9.858023999640864,39.79332000017166,0.24181431608788095,1411,0,0,1349,0.992216456634544,0
32.94582,20,0,0,0,0.0,40.48197300016909,9.90128499961429,40.515605000109645,0.24164305949008502,1412,0,0,1349,0.9931430689399555,0
32.98492,20,0,0,0,0.0,39.053817999956664,9.845466000115266,39.091262000056304,0.24147204529370137,1413,0,0,1352,0.9918639053254438,0
33.0239,20,0,0,0,0.0,38.933027999974,9.817285999815795,38.974784999936674,0.24130127298444126,1414,0,0,1353,0.9920546932742055,0
33.06287,20,0,0,0,0.0,38.92591799967704,9.873222000351234,38.962431000072684,0.24113074204946994,1415,0,0,1355,0.9915129151291513,0
33.1019,20,0,0,0,0.0,38.99375399987548,9.802737999962119,39.029188999847975,0.24096045197740112,1416,0,0,1355,0.9924354243542436,0
33.14106,20,0,0,0,0.0,39.113657000143576,9.875303000171698,39.150954999968235,0.24079040225829218,1417,0,0,1355,0.9933579335793358,0
33.18159,20,0,0,0,0.0,40.46688899961737,10.383023000031244,40.52736400035428,0.24062059238363898,1418,0,0,1308,0.993644877675841,0
33.22132,19,0,0,0,0.0,39.68012200039084,9.569528000156424,39.7203439997611,0.22870071584881868,1419,0,0,1308,0.994552752293578,0
33.2614,19,0,0,0,0.0,40.03589200010538,9.545748000164167,40.09173299982649,0.2285396590066716,1420,0,0,1310,0.9939408396946565,0
33.30311,19,0,0,0,0.0,41.64536600001156,9.543754999867815,41.69326000010187,0.22837882884551275,1421,0,0,1310,0.9948473282442748,0
33.34207,19,0,0,0,0.0,38.90732099989691,9.545283999614185,38.94999000021926,0.2282182248871123,1422,0,0,1312,0.9942358993902439,0
33.38211,19,0,0,0,0.0,39.98742300018421,10.300906000338728,40.03699199984112,0.2280578466545845,1423,0,0,1314,0.9936263318112634,0
33.42287,19,0,0,0,0.0,40.70408400002634,9.628280000015366,40.7488519999788,0.22789769367238322,1424,0,0,1316,0.9930186170212766,0
33.4629,19,0,0,0,0.0,39.97225300008722,9.703349000119488,40.016362000187655,0.22773776546629731,1425,0,0,1318,0.992412746585736,0
33.50308,19,0,0,0,0.0,40.12576200011608,9.59172100010619,40.168189000269194,0.22757806156344573,1426,0,0,1319,0.9925606520090978,0
33.54274,19,0,0,0,0.0,39.621226000235765,9.808654000153183,39.66305399990233,0.22741858149227312,1427,0,0,1320,0.9927083333333333,0
33.58221,19,0,0,0,0.0,39.41694200011625,9.603014000276744,39.45530300006794,0.22725932478254462,1428,0,0,1320,0.9936079545454546,0
33.6225,19,0,0,0,0.0,40.24301200024638,9.693504999631841,40.29302899971299,0.227100290965342,1429,0,0,1323,0.9922524565381708,0
33.66353,19,0,0,0,0.0,40.97549500011155,9.728770000037912,41.01833599997917,0.22694147957305855,1430,0,0,1324,0.9923999244712991,0
33.70312,19,0,0,0,0.0,39.53427499982354,9.641350000038074,39.59165000014764,0.22678289013939457,1431,0,0,1326,0.9917986425339367,0
33.74243,19,0,0,0,0.0,39.23961999998937,9.63564799985761,39.295068999763316,0.22662452219935314,1432,0,0,1326,0.9926941930618401,0
33.78161,19,0,0,0,0.0,39.133771999786404,9.62300699984553,39.1731009999603,0.22646637528923497,1433,0,0,1326,0.9935897435897436,0
33.82112,19,0,0,0,0.0,39.456708999750845,9.661670999776106,39.50876899989453,0.22630844894663438,1434,0,0,1327,0.9937358703843255,0
33.86213,19,0,0,0,0.0,40.937387000212766,9.728421999625425,41.00045699988186,0.22615074271043467,1435,0,0,1249,0.9946457165732586,0
33.90154,18,0,0,0,0.0,39.36021100025755,9.264223000172933,39.402947000326094,0.2310043330238316,1436,0,0,1251,0.9939548361310951,0
33.94005,18,0,0,0,0.0,38.45970700012913,9.140011999988928,38.49499200032369,0.2308435784427434,1437,0,0,1251,0.9948541167066347,0
33.97859,18,0,0,0,0.0,38.49443800027075,9.273279999888473,38.53366900011679,0.2306830474424355,1438,0,0,1253,0.9941640063846767,0
34.01648,18,0,0,0,0.0,37.845033999929,9.150613000201702,37.892822999765485,0.23052273955679103,1439,0,0,1255,0.9934760956175299,0
34.0567,18,0,0,0,0.0,40.16843499994138,9.227472000020498,40.20799899990379,0.23036265432098768,1440,0,0,1257,0.9927903739061257,0
34.09573,18,0,0,0,0.0,38.96858500002054,9.269788999972661,39.02172999960385,0.23020279127149357,1441,0,0,1182,0.991751269035533,0
34.13367,17,0,0,0,0.0,37.88963800025158,8.731164999971952,37.92945399982273,0.23488618748470258,1442,0,0,1183,0.9918110735418427,0
34.1717,17,0,0,0,0.0,37.98683900004107,8.656208000047627,38.0245329997706,0.23472341119399942,1443,0,0,1183,0.99270921386306,0
34.20928,17,0,0,0,0.0,37.543283000104566,8.641702000204532,37.57981099988683,0.2345608603552224,1444,0,0,1183,0.9936073541842773,0
34.24738,17,0,0,0,0.0,38.05084199984776,8.662490000006073,38.090143999852444,0.23439853450030534,1445,0,0,1185,0.9928270042194093,0
34.28723,17,0,0,0,0.0,39.79635999985476,8.836693999910494,39.83743399976447,0.23423643316247655,1446,0,0,1186,0.9928857504215851,0
34.32518,17,0,0,0,0.0,37.9038859996399,9.459327000058693,37.94636500015258,0.23407455587625514,1447,0,0,1188,0.9921085858585859,0
34.36319,17,0,0,0,0.0,37.96620100001746,8.629607000329997,37.999914000010904,0.23391290217744554,1448,0,0,1188,0.9930029461279462,0
34.40151,17,0,0,0,0.0,38.27903799992782,8.75509300021804,38.31525200030228,0.23375147160313403,1449,0,0,1188,0.9938973063973064,0
34.43968,17,0,0,0,0.0,38.13045500010048,8.770841999648837,38.168608999967546,0.23359026369168356,1450,0,0,1189,0.9939550042052144,0
34.47743,17,0,0,0,0.0,37.68665899997359,8.67497999979605,37.74524599975848,0.23342927798272994,1451,0,0,1120,0.9948102678571429,0
34.51597,16,0,0,0,0.0,38.49571899991133,8.15028400029405,38.533593000011024,0.2326532369146006,1452,0,0,1122,0.9939282531194296,0
34.55421,16,0,0,0,0.0,38.19391400020322,8.387342999867542,38.23019099991143,0.232493117687543,1453,0,0,1122,0.9948195187165776,0
34.59335,16,0,0,0,0.0,39.099062999866874,8.88608600007501,39.13970499979769,0.23233321870701518,1454,0,0,1124,0.9939390569395018,0
34.63143,16,0,0,0,0.0,38.01482099970599,8.3852120001211,38.06999900007213,0.2321735395189003,1455,0,0,1126,0.9930617229129662,0
34.67029,16,0,0,0,0.0,38.81120400001237,8.337429999755841,38.85222700000668,0.23201407967032972,1456,0,0,1128,0.9921875,0
34.70886,16,0,0,0,0.0,38.5271019999891,8.381672999803413,38.56787900031122,0.23185483870967738,1457,0,0,1129,0.9921944198405669,0
34.74753,16,0,0,0,0.0,38.619410999672255,8.374551999622781,38.66095300008965,0.23169581618655688,1458,0,0,1130,0.9922013274336283,0
34.78609,16,0,0,0,0.0,38.50967399966976,8.371015000193438,38.547435000054975,0.23153701165181628,1459,0,0,1130,0.9930862831858407,0
34.82476,16,0,0,0,0.0,38.63496199983274,8.452179999949294,38.67134800020722,0.23137842465753422,1460,0,0,1130,0.9939712389380531,0
34.86366,16,0,0,0,0.0,38.84615399965696,8.38408800018442,38.884662999862485,0.2312200547570158,1461,0,0,1132,0.9930984982332155,0
34.90235,16,0,0,0,0.0,38.647876999675645,8.32494999986011,38.68830800001888,0.231061901504788,1462,0,0,1133,0.9931045895851721,0
34.94009,16,0,0,0,0.0,37.69274700016467,8.326019999913115,37.73317499963014,0.230903964456596,1463,0,0,1135,0.9922356828193832,0
34.97886,16,0,0,0,0.0,38.70690600024318,8.34744799976761,38.75842300021759,0.23074624316939896,1464,0,0,1135,0.9931167400881057,0
35.01741,16,0,0,0,0.0,38.50636199967994,8.366420000129438,38.555440999971324,0.2305887372013652,1465,0,0,1135,0.9939977973568281,0
35.05614,16,0,0,0,0.0,38.659925000047224,8.431735000158369,38.71140100000048,0.23043144611186905,1466,0,0,1136,0.9940030809859155,0
35.0955,16,0,0,0,0.0,39.30508299981739,9.0220130000489,39.3553509998128,0.23027436946148605,1467,0,0,1073,0.9951654240447344,0
35.13357,15,0,0,0,0.0,38.02850100009891,8.030926000174077,38.06685500012463,0.22411444141689374,1468,0,0,1075,0.9941860465116279,0
35.17167,15,0,0,0,0.0,38.057791000028374,7.920275999822479,38.09259299987389,0.22396187882913543,1469,0,0,1075,0.9950581395348838,0
35.20971,15,0,0,0,0.0,37.98819799976627,7.914515000265965,38.028694999866275,0.2238095238095238,1470,0,0,1077,0.9940807799442897,0
35.24708,15,0,0,0,0.0,37.32452499980354,7.990689000052953,37.367209999956685,0.22365737593473822,1471,0,0,1079,0.9931070435588508,0
35.28693,15,0,0,0,0.0,39.801654999791936,7.988033999936306,39.842182000029425,0.22350543478260865,1472,0,0,1081,0.9921369102682701,0
35.32574,15,0,0,0,0.0,38.755998000397085,8.722001000023738,38.797095000063564,0.2233536999321113,1473,0,0,1082,0.9920864140480592,0
35.36394,15,0,0,0,0.0,38.151735000155895,8.006847000160633,38.18746500019188,0.22320217096336503,1474,0,0,1083,0.9920360110803325,0
35.40207,15,0,0,0,0.0,38.092380999842135,8.015927000087686,38.12868200020603,0.22305084745762715,1475,0,0,1083,0.9929016620498615,0
35.44013,15,0,0,0,0.0,38.01304799981153,8.079445000021224,38.05605299976378,0.22289972899728994,1476,0,0,1083,0.9937673130193906,0
35.47835,15,0,0,0,0.0,38.16553100023157,8.016357000087737,38.20726200001445,0.22274881516587675,1477,0,0,1085,0.9927995391705069,0
35.51783,15,0,0,0,0.0,39.43345500010764,7.987419000073714,39.4761689999541,0.22259810554803794,1478,0,0,1085,0.993663594470046,0
35.55548,15,0,0,0,0.0,37.604049000037776,8.256515000084619,37.64324600024338,0.22244759972954697,1479,0,0,1087,0.9926977920883164,0
35.59364,15,0,0,0,0.0,38.12041300034252,8.068868000009388,38.156619000346836,0.2222972972972973,1480,0,0,1087,0.9935602575896965,0
35.63206,15,0,0,0,0.0,38.3609149998847,8.131591000164917,38.40895499979524,0.22214719783929782,1481,0,0,1030,0.9944781553398059,0
35.66981,14,0,0,0,0.0,37.705875000028755,7.638304000010976,37.743904999842925,0.21009253903990743,1482,0,0,1031,0.9943622696411252,0
35.70732,14,0,0,0,0.0,37.46481999996831,7.644995000191557,37.500176999856194,0.20995087178499183,1483,0,0,1031,0.9952109602327837,0
35.7447,14,0,0,0,0.0,37.335387999974046,7.61166799975399,37.372932999915065,0.20980939545629573,1484,0,0,1033,0.9941311713455954,0
35.78214,14,0,0,0,0.0,37.40379999999277,7.611642000028951,37.43809499974304,0.20966810966810967,1485,0,0,1033,0.9949782187802517,0
35.81935,14,0,0,0,0.0,37.164364000091155,7.551745000000665,37.203961000159325,0.20952701403576235,1486,0,0,1035,0.9939009661835749,0
35.85592,14,0,0,0,0.0,36.51821099992958,7.6225799998610455,36.560377000114386,0.2093861081756172,1487,0,0,1037,0.992827868852459,0
35.8934,14,0,0,0,0.0,37.430952999784495,7.6894180001545465,37.46880000016972,0.20924539170506917,1488,0,0,1038,0.9927143545279383,0
35.93102,14,0,0,0,0.0,37.564195999948424,7.722741000179667,37.60174500030189,0.2091048642425405,1489,0,0,1039,0.9926010587102984,0
35.96888,14,0,0,0,0.0,37.810730999808584,7.653380000192556,37.84754900016196,0.20896452540747845,1490,0,0,1040,0.9924879807692307,0
36.00637,14,0,0,0,0.0,37.43883399965853,7.674224999846047,37.4860480001189,0.20882437482035066,1491,0,0,963,0.9935098650051921,0
36.04316,13,0,0,0,0.0,36.748106999766605,7.150824999826,36.78210299995044,0.21076510620746547,1492,0,0,963,0.9943535825545171,0
36.08,13,0,0,0,0.0,36.77682600027765,7.116053000117972,36.82865300015692,0.2106239373486527,1493,0,0,881,0.9932604994324631,0
36.1162,12,0,0,0,0.0,36.164738000024954,6.532180999784032,36.203415999807476,0.21904283801874158,1494,0,0,881,0.9941118047673099,0
36.15177,12,0,0,0,0.0,35.52132200002234,6.619185000090511,35.562349000429094,0.21889632107023416,1495,0,0,883,0.9927095130237825,0
36.18825,12,0,0,0,0.0,36.43343600015214,6.657601999904728,36.46844800005056,0.21875,1496,0,0,883,0.9935588901472253,0
36.22443,12,0,0,0,0.0,36.12572400015779,6.5996819998872525,36.17492800003674,0.21860387441549767,1497,0,0,883,0.9944082672706682,0
36.26068,12,0,0,0,0.0,36.20018399988112,6.610707000163529,36.23803900018174,0.21845794392523366,1498,0,0,884,0.9941317873303167,0
36.30082,12,0,0,0,0.0,40.09530999974231,6.975662000058946,40.13036300011663,0.21831220813875918,1499,0,0,884,0.9949802036199095,0
36.33731,12,0,0,0,0.0,36.45366499995362,6.694845000311034,36.491511999884096,0.21816666666666662,1500,0,0,886,0.9935806997742663,0
36.37392,12,0,0,0,0.0,36.560362999807694,6.6642570000112755,36.59480399983295,0.2180213191205863,1501,0,0,886,0.9944272009029346,0
36.41011,12,0,0,0,0.0,36.14513399998032,6.605850999676477,36.19311700003891,0.21787616511318242,1502,0,0,888,0.9930320945945946,0
36.44545,12,0,0,0,0.0,35.28136999966591,6.628711999837833,35.3208149999773,0.2177312042581504,1503,0,0,889,0.9927587176602924,0
36.48186,12,0,0,0,0.0,36.37044099968989,6.616052000026684,36.40873199992711,0.21758643617021278,1504,0,0,890,0.9924859550561798,0
36.51911,12,0,0,0,0.0,37.20283800021207,6.615920999593072,37.23962799995206,0.21744186046511627,1505,0,0,890,0.9933286516853933,0
36.55877,12,0,0,0,0.0,39.614642999822536,6.8035949998375145,39.66181300029348,0.21729747675962818,1506,0,0,891,0.9930555555555556,0
36.59617,12,0,0,0,0.0,37.343185000281665,6.714560000091296,37.396254999748635,0.21715328467153283,1507,0,0,891,0.9938973063973064,0
36.63303,12,0,0,0,0.0,36.79948599983618,6.812420999722235,36.83310899987191,0.2170092838196287,1508,0,0,891,0.9947390572390572,0
36.66914,12,0,0,0,0.0,36.05907500013927,6.661643000370532,36.09924600004888,0.21686547382372434,1509,0,0,893,0.9933510638297872,0
36.70491,12,0,0,0,0.0,35.71886999998242,6.607195000015054,35.754607999933796,0.21672185430463575,1510,0,0,893,0.9941909294512878,0
36.74009,12,0,0,0,0.0,35.134451000431,6.666288999895187,35.17740600000252,0.21657842488418266,1511,0,0,895,0.9928072625698324,0
36.7764,12,0,0,0,0.0,36.26168000027974,6.62334299977374,36.301228000411356,0.21643518518518523,1512,0,0,895,0.993645251396648,0
36.8115,12,0,0,0,0.0,35.04347800026153,6.692760000078124,35.077578999789694,0.2162921348314607,1513,0,0,895,0.9944832402234637,0
36.8463,12,0,0,0,0.0,34.761592999984714,6.554499000230862,34.79549900021084,0.2161492734478203,1514,0,0,896,0.9942103794642857,0
36.88149,12,0,0,0,0.0,35.153067000010196,6.585414999790373,35.18109599963282,0.21600660066006605,1515,0,0,896,0.9950474330357143,0
36.91604,12,0,0,0,0.0,34.515114999976504,6.5343679998477455,34.54645299962067,0.2158641160949868,1516,0,0,898,0.9936664810690423,0
36.95093,12,0,0,0,0.0,34.85812500002794,6.580500999916694,34.887275000073714,0.21572181938035595,1517,0,0,898,0.9945016703786191,0
36.98582,12,0,0,0,0.0,34.84382199985703,6.553213999723084,34.8735709999346,0.2155797101449275,1518,0,0,900,0.993125,0
37.01991,12,0,0,0,0.0,34.05803800023932,6.573494999884133,34.08626600003117,0.21543778801843316,1519,0,0,901,0.9928551609322974,0
37.05507,12,0,0,0,0.0,35.127135000038834,6.56066000010469,35.160988999905385,0.21529605263157892,1520,0,0,902,0.9925859201773836,0
37.09092,12,0,0,0,0.0,35.80462099989745,6.694744000014907,35.83784600004947,0.21515450361604205,1521,0,0,902,0.9934174057649667,0
37.12635,12,0,0,0,0.0,35.393500000282074,6.639022999934241,35.42838900011702,0.21501314060446786,1522,0,0,903,0.9931478405315615,0
37.16194,12,0,0,0,0.0,35.55225799982509,6.795670999963477,35.58547400007228,0.2148719632304662,1523,0,0,903,0.9939784053156147,0
37.19714,12,0,0,0,0.0,35.14615399990362,6.68944199969701,35.18923100000393,0.21473097112860895,1524,0,0,903,0.9948089700996677,0
37.2325,12,0,0,0,0.0,35.31584700021995,6.658869999682793,35.35206800006563,0.2145901639344262,1525,0,0,905,0.993439226519337,0
37.26848,12,0,0,0,0.0,35.93882899986056,6.727172999944742,35.97380300016084,0.21444954128440363,1526,0,0,905,0.9942679558011049,0
37.30744,12,0,0,0,0.0,38.90957800012984,7.3710450001271965,38.95843500004048,0.21430910281597904,1527,0,0,907,0.9929024255788313,0
37.34267,12,0,0,0,0.0,35.17992599972786,6.654527000137023,35.21908899983828,0.21416884816753923,1528,0,0,907,0.9937293274531422,0
37.37963,12,0,0,0,0.0,36.918060000061814,6.742025999756152,36.9514139997591,0.21402877697841727,1529,0,0,907,0.9945562293274531,0
37.41652,12,0,0,0,0.0,36.843572999714524,6.77080700006627,36.882882000099926,0.2138888888888889,1530,0,0,908,0.9942868942731278,0
37.45419,12,0,0,0,0.0,37.63104300014675,6.8116639999971085,37.66829300002428,0.2137491835401698,1531,0,0,908,0.995112885462555,0
37.49078,12,0,0,0,0.0,36.53976800023884,6.954644999950688,36.579457000243565,0.21360966057441255,1532,0,0,910,0.99375,0
37.52794,12,0,0,0,0.0,37.11629000008543,6.729419000294001,37.1515570000156,0.2134703196347032,1533,0,0,910,0.9945741758241758,0
37.56417,12,0,0,0,0.0,36.18917399990096,6.936881999990874,36.22681999968336,0.21333116036505873,1534,0,0,912,0.9932154605263158,0
37.59877,12,0,0,0,0.0,34.5510289998856,6.707147999804874,34.590134999689326,0.21319218241042348,1535,0,0,913,0.9929490690032858,0
37.63493,12,0,0,0,0.0,36.11795100005111,6.7278870001246105,36.15489699996033,0.21305338541666663,1536,0,0,914,0.9926832603938731,0
37.67054,12,0,0,0,0.0,35.5663939999431,6.760295000276528,35.59824200010553,0.21291476903057904,1537,0,0,914,0.993503829321663,0
37.70693,12,0,0,0,0.0,36.32177100007539,7.296201999906771,36.38411400015684,0.21277633289986997,1538,0,0,847,0.9929899645808736,0
37.742,11,0,0,0,0.0,35.03450099969996,6.269240000165155,35.068062000391365,0.20509185421466125,1539,0,0,847,0.993801652892562,0
37.7771,11,0,0,0,0.0,35.056405999966955,6.2445880002997,35.08487099998092,0.20495867768595044,1540,0,0,847,0.9946133412042503,0
37.81245,11,0,0,0,0.0,35.30832600017675,6.292822999967029,35.35186999988582,0.20482567400153384,1541,0,0,849,0.9930800942285041,0
37.84792,11,0,0,0,0.0,35.42102099982003,6.29546800018943,35.45896600007836,0.20469284282513855,1542,0,0,849,0.9938898704358068,0
37.88325,11,0,0,0,0.0,35.2653290001399,6.405696000001626,35.31777399985003,0.20456018382136332,1543,0,0,764,0.993128272251309,0
37.91717,10,0,0,0,0.0,33.88656900006026,5.724514000121417,33.92453900005421,0.2137305699481865,1544,0,0,764,0.993946335078534,0
37.95127,10,0,0,0,0.0,34.05612200003816,5.785243999980594,34.08785400006309,0.21359223300970875,1545,0,0,764,0.9947643979057592,0
37.98536,10,0,0,0,0.0,34.05199000007997,5.680922999999893,34.084935000009864,0.21345407503234148,1546,0,0,765,0.994281045751634,0
38.01936,10,0,0,0,0.0,33.96408800017525,5.72114100032195,33.99762299977738,0.21331609566903686,1547,0,0,765,0.9950980392156863,0
38.05383,10,0,0,0,0.0,34.425705000103335,5.7222619998356095,34.4726719999926,0.21317829457364346,1548,0,0,766,0.9946148825065274,0
38.08856,10,0,0,0,0.0,34.67502000012246,5.7918479997169925,34.70305800010465,0.21304067140090377,1549,0,0,766,0.9954308093994778,0
38.12215,10,0,0,0,0.0,33.55246299997816,5.69868000002316,33.585254999707104,0.2129032258064516,1550,0,0,768,0.99365234375,0
38.15516,10,0,0,0,0.0,32.97476900024776,5.673342000136472,33.00809699976526,0.21276595744680848,1551,0,0,769,0.9931729518855656,0
38.18908,10,0,0,0,0.0,33.88162800001737,5.6910020002760575,33.91203699993639,0.21262886597938147,1552,0,0,770,0.9926948051948052,0
38.22306,10,0,0,0,0.0,33.94981099972938,5.704829000023892,33.97834399993371,0.21249195106245977,1553,0,0,770,0.9935064935064936,0
38.25739,10,0,0,0,0.0,34.28574699955789,5.738194000059593,34.321386000101484,0.21235521235521237,1554,0,0,771,0.9930285343709468,0
38.29605,10,0,0,0,0.0,38.60900700010461,5.752066999775707,38.66036699992037,0.21221864951768488,1555,0,0,771,0.9938391699092088,0
38.33196,10,0,0,0,0.0,35.79269700003351,5.884030999823153,35.902548000194656,0.21208226221079696,1556,0,0,771,0.9946498054474708,0
38.36759,10,0,0,0,0.0,35.57088199977443,5.92095199999676,35.616714999832766,0.21194605009633916,1557,0,0,773,0.9928848641655886,0
38.403,10,0,0,0,0.0,35.37054200023704,5.820088999826112,35.40304099988134,0.21181001283697043,1558,0,0,773,0.9936934023285899,0
38.43684,10,0,0,0,0.0,33.792107999943255,5.812037999930908,33.82442700012689,0.21167415009621549,1559,0,0,774,0.9932170542635659,0
38.47132,10,0,0,0,0.0,34.44896799965136,5.754788000103872,34.48241399973995,0.21153846153846156,1560,0,0,774,0.9940245478036176,0
38.50683,10,0,0,0,0.0,35.459742000057304,5.833077000261255,35.4946409997865,0.21140294682895577,1561,0,0,774,0.9948320413436692,0
38.54323,10,0,0,0,0.0,36.34425700010979,5.8274610000808025,36.39337200002046,0.21126760563380287,1562,0,0,692,0.995032514450867,0
38.57769,9,0,0,0,0.0,34.4292959998711,5.300819999774831,34.461277999980666,0.21681950664676197,1563,0,0,692,0.9958453757225434,0
38.61273,9,0,0,0,0.0,34.97653500016895,5.918891999954212,35.02504999960365,0.2166808752486502,1564,0,0,599,0.9960350584307178,0
38.64661,8,0,0,0,0.0,33.83756799985349,4.71954700014976,33.88395899992247,0.23753993610223645,1565,0,0,511,0.9963307240704501,0
38.6803,7,0,0,0,0.0,33.646812999904796,4.082338999978674,33.68194599988783,0.25688742930122244,1566,0,0,512,0.9952392578125,0
38.71403,7,0,0,0,0.0,33.68244700004652,4.582834000302682,33.71938600002977,0.25672349348163004,1567,0,0,513,0.9941520467836257,0
38.7483,7,0,0,0,0.0,34.2248759998256,4.143857000144635,34.26154500039047,0.2565597667638484,1568,0,0,514,0.99306906614786,0
38.7821,7,0,0,0,0.0,33.76252999987628,4.143016999933025,33.79460599990125,0.2563962487480652,1569,0,0,514,0.993920233463035,0
38.81586,7,0,0,0,0.0,33.715017000304215,4.6017449999453675,33.75774200003434,0.25623293903548683,1570,0,0,515,0.9928398058252427,0
38.84868,7,0,0,0,0.0,32.77579399991737,4.063430000314838,32.80612100024882,0.256069837228335,1571,0,0,515,0.9936893203883496,0
38.88163,7,0,0,0,0.0,32.91321200003949,4.069327000252088,32.94460200004323,0.25590694292984373,1572,0,0,515,0.9945388349514563,0
38.91579,7,0,0,0,0.0,34.12459699984538,4.110366000077192,34.16012199977558,0.25574425574425574,1573,0,0,517,0.9915377176015474,0
38.94914,7,0,0,0,0.0,33.30690700022387,4.129017000195745,33.34016599956158,0.2555817752768198,1574,0,0,517,0.9923839458413927,0
38.98152,7,0,0,0,0.0,32.33301299997038,4.126335999899311,32.370592999996006,0.25541950113378686,1575,0,0,518,0.9913127413127413,0
39.01451,7,0,0,0,0.0,32.94687400011753,4.070556999977271,32.97658899964517,0.25525743292240755,1576,0,0,518,0.9921573359073359,0
39.04746,7,0,0,0,0.0,32.919178000156535,4.061272999933863,32.94967500005441,0.25509557025092855,1577,0,0,518,0.9930019305019305,0
39.08123,7,0,0,0,0.0,33.73005899993586,4.1556800001671945,33.76747399988744,0.25493391272858956,1578,0,0,518,0.993846525096525,0
39.11492,7,0,0,0,0.0,33.64366300002075,4.190889000255993,33.677470999919024,0.25477245996562015,1579,0,0,518,0.9946911196911197,0
39.14805,7,0,0,0,0.0,33.0951319997439,4.089115000169841,33.1261699998322,0.25461121157323685,1580,0,0,518,0.9955357142857143,0
39.18109,7,0,0,0,0.0,32.99632500011285,4.091700000117271,33.02870700008498,0.25445016716363966,1581,0,0,518,0.9963803088803089,0
39.2147,7,0,0,0,0.0,33.56497100003253,4.124436999973113,33.6008330000368,0.254289326350009,1582,0,0,519,0.9953034682080925,0
39.24848,7,0,0,0,0.0,33.74198199981038,4.154382999786321,33.7805969998044,0.2541286887465031,1583,0,0,520,0.9942307692307693,0
39.28362,7,0,0,0,0.0,35.07169699969381,4.223427999932028,35.12455200007025,0.25396825396825395,1584,0,0,441,0.9937641723356009,0
39.31756,6,0,0,0,0.0,33.90125399982935,4.10751400022491,33.931919999758975,0.26267087276551004,1585,0,0,441,0.9946145124716553,0
39.34948,6,0,0,0,0.0,31.882129999758035,3.5796500001197273,31.91624699957174,0.262505254308533,1586,0,0,442,0.9932126696832579,0
39.38131,6,0,0,0,0.0,31.780097000137175,3.5552979998101364,31.823153000004822,0.26233984457046844,1587,0,0,388,0.993395618556701,0
39.41308,5,0,0,0,0.0,31.736060000184807,3.114470000127767,31.76557699998739,0.2232997481108312,1588,0,0,388,0.9942010309278351,0
39.44544,5,0,0,0,0.0,32.29029600015565,3.1380730001728807,32.35873499988884,0.22315921963499052,1589,0,0,341,0.9930351906158358,0
39.47675,4,0,0,0,0.0,31.27191900011894,2.7361780003047897,31.303306999689084,0.14811320754716983,1590,0,0,341,0.9937683284457478,0
39.50776,4,0,0,0,0.0,30.961756000124296,2.727882000272075,30.996693999895797,0.14802011313639218,1591,0,0,342,0.991593567251462,0
39.54043,4,0,0,0,0.0,32.61947000009968,2.74820999993608,32.66354599963961,0.147927135678392,1592,0,0,342,0.9923245614035088,0
39.57122,4,0,0,0,0.0,30.75777799995194,2.708217999952467,30.78644799961694,0.147834274952919,1593,0,0,342,0.9930555555555556,0
39.60212,4,0,0,0,0.0,30.86707700003899,2.699429000131204,30.89223699998911,0.14774153074027607,1594,0,0,342,0.9937865497076024,0
39.63328,4,0,0,0,0.0,31.125196000175492,2.7002570000149717,31.160444999841275,0.1476489028213166,1595,0,0,342,0.9945175438596491,0
39.66472,4,0,0,0,0.0,31.397420999837777,2.759431999947992,31.430012000328134,0.14755639097744366,1596,0,0,342,0.9952485380116959,0
39.6962,4,0,0,0,0.0,31.441111000276578,2.758671000265167,31.468115999814472,0.14746399499060736,1597,0,0,342,0.9959795321637427,0
39.72772,4,0,0,0,0.0,31.490005000250676,2.761493999969389,31.518756999957986,0.14737171464330412,1598,0,0,342,0.9967105263157895,0
39.75833,4,0,0,0,0.0,30.569575000299665,2.740147999702458,30.598978999933024,0.14727954971857415,1599,0,0,342,0.9974415204678363,0
39.79005,4,0,0,0,0.0,31.68322600004103,2.763980000054289,31.71305499972732,0.14718750000000003,1600,0,0,343,0.9952623906705539,0
39.82173,4,0,0,0,0.0,31.644512000184477,2.834811000411719,31.674579000082304,0.1470955652717052,1601,0,0,343,0.9959912536443148,0
39.85323,4,0,0,0,0.0,31.465208999634342,2.74906300001021,31.497911999849748,0.14700374531835203,1602,0,0,344,0.9938226744186046,0
39.88486,4,0,0,0,0.0,31.59099000004062,2.758191999873816,31.620618000033573,0.14691203992514035,1603,0,0,344,0.9945494186046512,0
39.91665,4,0,0,0,0.0,31.742841999857774,2.771811999991769,31.781779000084498,0.14682044887780543,1604,0,0,295,0.9944915254237288,0
39.94772,3,0,0,0,0.0,31.01707299992995,2.3753719997330336,31.062815000041155,0.025129802699896175,1605,0,0,197,0.993020304568528,0
39.9778,2,0,0,0,0.0,30.03290799961178,1.6936580000219692,30.072690999986662,0.025529265255292644,1606,0,0,101,0.994430693069307,0
40.00322,1,0,0,0,0.0,25.391812000179925,1.109953999730351,25.42038899991894,0.0,1607,0,0,101,0.995049504950495,0
40.02887,1,0,0,0,0.0,25.610220000089612,1.1730840001291654,25.643960000252264,0.0,1608,0,0,101,0.9956683168316832,0
40.0541,1,0,0,0,0.0,25.19520600026226,1.1733369997273257,25.22355700011758,0.0,1609,0,0,101,0.9962871287128713,0
40.07908,1,0,0,0,0.0,24.93787000003067,1.1128439996355155,24.96480199988582,0.0,1610,0,0,101,0.9969059405940595,0
40.10428,1,0,0,0,0.0,25.164909000068292,1.1003409999830183,25.191077000272344,0.0,1611,0,0,101,0.9975247524752475,0
40.12944,1,0,0,0,0.0,25.114353999924788,1.1354879998179968,25.15574800008835,0.0,1612,0,0,101,0.9981435643564357,0
40.15438,1,0,0,0,0.0,24.901910000153293,1.1060619999625487,24.931379000008747,0.0,1613,0,0,101,0.9987623762376238,0
40.17954,1,0,0,0,0.0,25.130167000043002,1.120449000154622,25.15645500034225,0.0,1614,0,0,101,0.9993811881188119,0
40.20479,1,0,0,0,0.0,25.212727000052837,1.1023340002793702,25.24098799995045,0.0,1615,0,0,101,1.0,0
40.22986,1,0,0,0,0.0,25.028440999903978,1.1031110002477362,25.065865999749803,0.0,1616,0,0,102,0.9908088235294118,0
40.25548,1,0,0,0,0.0,25.58912499989674,1.1201930001334404,25.617572000101063,0.0,1617,0,0,102,0.991421568627451,0
40.28177,1,0,0,0,0.0,26.250056000208133,1.1388950001673948,26.280037999640626,0.0,1618,0,0,102,0.9920343137254902,0
40.30957,1,0,0,0,0.0,27.759768000123586,1.3322130002961785,27.788053999756812,0.0,1619,0,0,102,0.9926470588235294,0
40.33465,1,0,0,0,0.0,25.050853999800893,1.1212589997739997,25.07871999978306,0.0,1620,0,0,102,0.9932598039215687,0
40.3595,1,0,0,0,0.0,24.813717999677465,1.1160980002387078,24.84045499977583,0.0,1621,0,0,102,0.9938725490196079,0
40.38449,1,0,0,0,0.0,24.953050000021904,1.1114090002593002,24.980287000289536,0.0,1622,0,0,102,0.9944852941176471,0
40.40971,1,0,0,0,0.0,25.187466000261338,1.102571000046737,25.214545999915572,0.0,1623,0,0,102,0.9950980392156863,0
40.43475,1,0,0,0,0.0,25.009802000113268,1.120334000006551,25.035612000010588,0.0,1624,0,0,102,0.9957107843137255,0
40.45983,1,0,0,0,0.0,25.048548000086157,1.1087910002061108,25.075394000396045,0.0,1625,0,0,102,0.9963235294117647,0
40.48489,1,0,0,0,0.0,25.02229499987152,1.1266390001765103,25.047796000308153,0.0,1626,0,0,102,0.9969362745098039,0
40.51015,1,0,0,0,0.0,25.227709999853687,1.1123419999421458,25.25562400023773,0.0,1627,0,0,102,0.9975490196078431,0
40.53621,1,0,0,0,0.0,26.023119000001316,1.1140749998048705,26.051762999941275,0.0,1628,0,0,102,0.9981617647058824,0
40.56178,1,0,0,0,0.0,25.53766099981658,1.151945999936288,25.56567300007373,0.0,1629,0,0,102,0.9987745098039216,0
40.5868,1,0,0,0,0.0,24.988875999952143,1.1277260000497336,25.015908000113996,0.0,1630,0,0,102,0.9993872549019608,0
40.6117,1,0,0,0,0.0,24.860994999926334,1.1231049998059461,24.886001000140823,0.0,1631,0,0,102,1.0,0
40.63695,1,0,0,0,0.0,25.22155099995871,1.1082999999416643,25.252835000173945,0.0,1632,0,0,103,0.9908980582524272,0
40.66221,1,0,0,0,0.0,25.220096000339254,1.1400250000406231,25.248072000067623,0.0,1633,0,0,103,0.991504854368932,0
40.68705,1,0,0,0,0.0,24.806349000300543,1.106878999962646,24.832623999827774,0.0,1634,0,0,103,0.9921116504854369,0
40.71213,1,0,0,0,0.0,25.049352999758412,1.11982899989016,25.077206999867485,0.0,1635,0,0,103,0.9927184466019418,0
40.73724,1,0,0,0,0.0,25.072732999888103,1.121130999763409,25.10093999990204,0.0,1636,0,0,103,0.9933252427184466,0
40.76219,1,0,0,0,0.0,24.920153999573813,1.1691009999594826,24.94680800009519,0.0,1637,0,0,103,0.9939320388349514,0
40.78706,1,0,0,0,0.0,24.82114399981583,1.1015519999091339,24.848256000041147,0.0,1638,0,0,103,0.9945388349514563,0
40.81232,1,0,0,0,0.0,25.222521999694436,1.1092489999100508,25.249661000088963,0.0,1639,0,0,103,0.9951456310679612,0
40.83722,1,0,0,0,0.0,24.870309000107227,1.1204289999113826,24.89869800001543,0.0,1640,0,0,103,0.995752427184466,0
40.86224,1,0,0,0,0.0,24.971150000055786,1.123000999996293,25.010799000028783,0.0,1641,0,0,0,0.0,0
