t_s,batch,n_prefill,prefilling,prefill_tokens,prefill_ms,decode_ms,gather_ms,iteration_ms,padding_waste,context_max,waiting,preempted,kv_blocks_used,kv_slot_utilization,wasted_decode_tokens
0.05986,1,1,0,993,33.917788000053406,25.881741999910446,0.9320130002379301,59.85380399988571,0.0,993,0,0,63,0.9861111111111112,0
0.08621,1,0,0,0,0.0,26.305877000140754,0.9387570003127621,26.333248000355525,0.0,994,0,0,63,0.9871031746031746,0
0.11226,1,0,0,0,0.0,26.01355499973579,0.9265159997084993,26.041798000278504,0.0,995,0,0,63,0.9880952380952381,0
0.13748,1,0,0,0,0.0,25.18702699990172,0.9233069999936561,25.213412000084645,0.0,996,0,0,63,0.9890873015873016,0
0.16284,1,0,0,0,0.0,25.328552999781095,0.9149190000243834,25.35575699994297,0.0,997,0,0,63,0.9900793650793651,0
0.22348,2,1,0,1366,29.497867000372935,31.07639499967263,1.4563820000148553,60.63149200008411,0.13469985358711567,1366,0,0,149,0.9924496644295302,0
0.254,2,0,0,0,0.0,30.472217999886198,1.4386420002665545,30.50762000020768,0.1346013167520117,1367,0,0,149,0.9932885906040269,0
0.28535,2,0,0,0,0.0,31.316366999817546,1.4826459996584163,31.34369700001116,0.13450292397660824,1368,0,0,149,0.9941275167785235,0
0.31607,2,0,0,0,0.0,30.687154000133887,1.4458410000770527,30.71546799992575,0.13440467494521546,1369,0,0,149,0.9949664429530202,0
0.34667,2,0,0,0,0.0,30.561016999854473,1.440712000203348,30.595383000218135,0.13430656934306573,1370,0,0,149,0.9958053691275168,0
0.37798,2,0,0,0,0.0,31.26716800034046,1.4987030003794644,31.295023999973637,0.1342086068563093,1371,0,0,149,0.9966442953020134,0
0.40885,2,0,0,0,0.0,30.83974599985595,1.451495999845065,30.869880999944144,0.13411078717201164,1372,0,0,149,0.99748322147651,0
0.43971,2,0,0,0,0.0,30.825442999685038,1.454234999982873,30.85379300000568,0.13401310997815008,1373,0,0,149,0.9983221476510067,0
0.47161,2,0,0,0,0.0,31.86385600020003,1.4418349996958568,31.889331999991555,0.13391557496360995,1374,0,0,149,0.9991610738255033,0
0.5019,2,0,0,0,0.0,30.25110600037806,1.4839640002719534,30.280490000222926,0.13381818181818184,1375,0,0,149,1.0,0
0.53313,2,0,0,0,0.0,31.1936479997712,1.4557069998772931,31.226090000018303,0.13372093023255816,1376,0,0,151,0.9875827814569537,0
0.56418,2,0,0,0,0.0,31.010113999855093,1.4596029996027937,31.038882000302692,0.13362381989832972,1377,0,0,151,0.9884105960264901,0
0.59518,2,0,0,0,0.0,30.97037099996669,1.4281870003287622,30.99843600011809,0.13352685050798263,1378,0,0,151,0.9892384105960265,0
0.62575,2,0,0,0,0.0,30.53066900019985,1.4394249997167208,30.56235200028823,0.13343002175489482,1379,0,0,151,0.9900662251655629,0
0.65669,2,0,0,0,0.0,30.90154400024403,1.4525320002576336,30.929569999898376,0.1333333333333333,1380,0,0,151,0.9908940397350994,0
0.68797,2,0,0,0,0.0,31.246454000211088,1.4450769999712065,31.273415999748977,0.13323678493845037,1381,0,0,151,0.9917218543046358,0
0.71876,2,0,0,0,0.0,30.756979000216234,1.4436989999921934,30.786631999944802,0.13314037626628072,1382,0,0,151,0.9925496688741722,0
0.74915,2,0,0,0,0.0,30.348461999892606,1.4617500000895234,30.378966000171204,0.13304410701373826,1383,0,0,151,0.9933774834437086,0
0.78043,2,0,0,0,0.0,31.243871000242507,1.4834179996796593,31.271515999833355,0.1329479768786127,1384,0,0,151,0.9942052980132451,0
0.81137,2,0,0,0,0.0,30.904955999631056,1.457974999993894,30.934022999645094,0.1328519855595668,1385,0,0,151,0.9950331125827815,0
0.84251,2,0,0,0,0.0,31.10093599980246,1.4463659999819356,31.135583999912342,0.13275613275613274,1386,0,0,151,0.9958609271523179,0
0.8743,2,0,0,0,0.0,31.753256000229158,1.4640220001638227,31.779293999989022,0.13266041816870944,1387,0,0,151,0.9966887417218543,0
0.90513,2,0,0,0,0.0,30.7936070003052,1.459836999856634,30.82312100013951,0.13256484149855907,1388,0,0,151,0.9975165562913907,0
0.93603,2,0,0,0,0.0,30.860410000059346,1.461132000258658,30.891389999851526,0.13246940244780414,1389,0,0,151,0.9983443708609272,0
0.96695,2,0,0,0,0.0,30.878195999775926,1.4531679998981417,30.90760599980058,0.13237410071942446,1390,0,0,151,0.9991721854304636,0
0.99739,2,0,0,0,0.0,30.40216599993073,1.4642000001003908,30.430343000261928,0.13227893601725382,1391,0,0,151,1.0,0
1.02802,2,0,0,0,0.0,30.59997599984854,1.4455429995905433,30.63146600015898,0.13218390804597702,1392,0,0,153,0.9877450980392157,0
1.05916,2,0,0,0,0.0,31.10018300003503,1.4765699997951742,31.129161000080785,0.13208901651112703,1393,0,0,153,0.988562091503268,0
1.08947,2,0,0,0,0.0,30.275624999831052,1.427551999768184,30.298233999928925,0.13199426111908175,1394,0,0,153,0.9893790849673203,0
1.11978,2,0,0,0,0.0,30.278864000138128,1.428756999757752,30.303948999971908,0.1318996415770609,1395,0,0,153,0.9901960784313726,0
1.14997,2,0,0,0,0.0,30.160020000039367,1.453520999803004,30.184573000042292,0.13180515759312317,1396,0,0,153,0.9910130718954249,0
1.17995,2,0,0,0,0.0,29.94734799995058,1.4264290002756752,29.968968000048335,0.13171080887616315,1397,0,0,153,0.9918300653594772,0
1.20978,2,0,0,0,0.0,29.803401000208396,1.3927400000284251,29.82704800024294,0.1316165951359084,1398,0,0,153,0.9926470588235294,0
1.23908,2,0,0,0,0.0,29.26676899960512,1.39000599983774,29.291079999893554,0.13152251608291632,1399,0,0,153,0.9934640522875817,0
1.26925,2,0,0,0,0.0,30.14043400025912,1.402933999997913,30.166172000008373,0.13142857142857145,1400,0,0,153,0.994281045751634,0
1.29971,2,0,0,0,0.0,30.426328999965335,1.4201000003595254,30.455681000148616,0.1313347608850821,1401,0,0,153,0.9950980392156863,0
1.33009,2,0,0,0,0.0,30.337650000092253,1.4466519996858551,30.369654999958584,0.13124108416547786,1402,0,0,153,0.9959150326797386,0
1.36066,2,0,0,0,0.0,30.540418000327918,1.474768999742082,30.568503999802488,0.1311475409836066,1403,0,0,153,0.9967320261437909,0
1.39128,2,0,0,0,0.0,30.582753000089724,1.4385340000444558,30.608503999701497,0.1310541310541311,1404,0,0,153,0.9975490196078431,0
1.42164,2,0,0,0,0.0,30.327001999921777,1.451168000130565,30.3532359998826,0.13096085409252667,1405,0,0,153,0.9983660130718954,0
1.45179,2,0,0,0,0.0,30.12196000008771,1.4456690000770323,30.149167999752535,0.13086770981507823,1406,0,0,153,0.9991830065359477,0
1.48187,2,0,0,0,0.0,30.02053700038232,1.450182000098721,30.062122999879648,0.13077469793887708,1407,0,0,153,1.0,0
1.51285,2,0,0,0,0.0,30.941202999656525,1.4635520001320401,30.972937000115053,0.13068181818181823,1408,0,0,155,0.9879032258064516,0
1.54402,2,0,0,0,0.0,31.135742999595095,1.475507999657566,31.162595999830955,0.13058907026259758,1409,0,0,155,0.9887096774193549,0
1.5744,2,0,0,0,0.0,30.347249999977066,1.4619199996559473,30.372361999980058,0.1304964539007092,1410,0,0,155,0.989516129032258,0
1.60505,2,0,0,0,0.0,30.614081999829068,1.4439960000345309,30.64661400003388,0.13040396881644223,1411,0,0,155,0.9903225806451613,0
1.63602,2,0,0,0,0.0,30.929299000035826,1.4820619999227347,30.95862500003932,0.13031161473087816,1412,0,0,155,0.9911290322580645,0
1.66689,2,0,0,0,0.0,30.83551100007753,1.4609439999730967,30.866519000028347,0.13021939136588823,1413,0,0,155,0.9919354838709677,0
1.69888,2,0,0,0,0.0,31.954922000295483,1.487814000029175,31.984367999939423,0.13012729844413018,1414,0,0,155,0.992741935483871,0
1.72907,2,0,0,0,0.0,30.15284699995391,1.4714959997945698,30.1823360000526,0.1300353356890459,1415,0,0,155,0.9935483870967742,0
1.76077,2,0,0,0,0.0,31.661278000228776,1.466994000111299,31.692113999724825,0.12994350282485878,1416,0,0,155,0.9943548387096774,0
1.79196,2,0,0,0,0.0,31.15302400010478,1.4989520000199263,31.181812999875547,0.12985179957657023,1417,0,0,155,0.9951612903225806,0
1.82239,2,0,0,0,0.0,30.391905000215047,1.4685279998047918,30.417268999826774,0.1297602256699577,1418,0,0,155,0.9959677419354839,0
1.85267,2,0,0,0,0.0,30.255160999786312,1.4428210001824482,30.281204999937472,0.12966878083157152,1419,0,0,155,0.9967741935483871,0
1.88371,2,0,0,0,0.0,31.006644999706623,1.4738570002919005,31.03363199988962,0.12957746478873244,1420,0,0,155,0.9975806451612903,0
1.91442,2,0,0,0,0.0,30.670637000184797,1.465604999793868,30.699312000251666,0.12948627726952855,1421,0,0,155,0.9983870967741936,0
1.94491,2,0,0,0,0.0,30.45508900004279,1.4694579999741109,30.484980999972322,0.12939521800281295,1422,0,0,155,0.9991935483870967,0
1.97493,2,0,0,0,0.0,29.975146000197128,1.4583540000785433,30.001475000062783,0.12930428671820093,1423,0,0,155,1.0,0
2.00559,2,0,0,0,0.0,30.629755999598274,1.4660809997621982,30.663184999866644,0.1292134831460674,1424,0,0,157,0.9880573248407644,0
2.03626,2,0,0,0,0.0,30.631438000000344,1.4743799997631868,30.658829000003607,0.12912280701754386,1425,0,0,157,0.9888535031847133,0
2.0668,2,0,0,0,0.0,30.50811299999623,1.4628909998464223,30.553279999821825,0.12903225806451613,1426,0,0,157,0.9896496815286624,0
2.09828,2,0,0,0,0.0,31.423212999925454,1.4867019999655895,31.451792999632744,0.12894183601962161,1427,0,0,157,0.9904458598726115,0
2.12991,2,0,0,0,0.0,31.590771000082896,1.4865919997646415,31.62378599972726,0.12885154061624648,1428,0,0,157,0.9912420382165605,0
2.16125,2,0,0,0,0.0,31.307440000091447,1.5435649997925793,31.338016000063362,0.1287613715885234,1429,0,0,157,0.9920382165605095,0
2.19209,2,0,0,0,0.0,30.80187199975626,1.4903229998708412,30.827969000256417,0.1286713286713287,1430,0,0,157,0.9928343949044586,0
2.2221,2,0,0,0,0.0,29.9721760002285,1.4667610003016307,29.999920000136626,0.12858141160027947,1431,0,0,157,0.9936305732484076,0
2.25241,2,0,0,0,0.0,30.272927999703825,1.4634550002483593,30.300565999823448,0.12849162011173187,1432,0,0,157,0.9944267515923567,0
2.28328,2,0,0,0,0.0,30.841088999750355,1.4648620003754331,30.865956000070582,0.12840195394277742,1433,0,0,157,0.9952229299363057,0
2.31362,2,0,0,0,0.0,30.30733900004634,1.4640720000898,30.334949000007327,0.12831241283124128,1434,0,0,157,0.9960191082802548,0
2.34413,2,0,0,0,0.0,30.47303599987572,1.4577650003957388,30.502380000143603,0.12822299651567948,1435,0,0,157,0.9968152866242038,0
2.37555,2,0,0,0,0.0,31.380869999793504,1.4925299997230468,31.405962000008003,0.128133704735376,1436,0,0,157,0.9976114649681529,0
2.40548,2,0,0,0,0.0,29.89888299998711,1.4695229997414572,29.921511999873474,0.12804453723034104,1437,0,0,157,0.9984076433121019,0
2.43511,2,0,0,0,0.0,29.608999000174663,1.4113090001046658,29.630173000441573,0.12795549374130732,1438,0,0,157,0.9992038216560509,0
2.46433,2,0,0,0,0.0,29.19009700008246,1.4185039999574656,29.214614000011352,0.127866574009729,1439,0,0,157,1.0,0
2.49443,2,0,0,0,0.0,30.064134999975067,1.4336270000967488,30.09019699993587,0.12777777777777777,1440,0,0,159,0.9882075471698113,0
2.52442,2,0,0,0,0.0,29.961045000163722,1.4504929999930027,29.984738000166544,0.1276891047883414,1441,0,0,159,0.9889937106918238,0
2.55437,2,0,0,0,0.0,29.921750000085012,1.4388919998964411,29.946885999834194,0.12760055478502086,1442,0,0,159,0.9897798742138365,0
2.58975,2,0,0,0,0.0,35.34024999999019,5.652695999742718,35.36815100005697,0.12751212751212748,1443,0,0,159,0.9905660377358491,0
2.62119,2,0,0,0,0.0,31.403941999997187,1.5789030003361404,31.438497000181087,0.12742382271468145,1444,0,0,159,0.9913522012578616,0
2.65248,2,0,0,0,0.0,31.24930800004222,1.5966500000104134,31.28316799984532,0.12733564013840826,1445,0,0,159,0.9921383647798742,0
2.68359,2,0,0,0,0.0,31.057108999902994,1.5551269998468342,31.084163999821612,0.1272475795297372,1446,0,0,159,0.9929245283018868,0
2.71352,2,0,0,0,0.0,29.88812500007043,1.5420609997818246,29.92434499992669,0.1271596406357982,1447,0,0,159,0.9937106918238994,0
2.74421,2,0,0,0,0.0,30.650328999854537,1.514911999947799,30.67924100014352,0.1270718232044199,1448,0,0,159,0.9944968553459119,0
2.77499,2,0,0,0,0.0,30.7429399999819,1.5319100002670893,30.773739999858662,0.12698412698412698,1449,0,0,159,0.9952830188679245,0
2.80637,2,0,0,0,0.0,31.34949300010703,1.5851230000407668,31.378188999951817,0.12689655172413794,1450,0,0,159,0.9960691823899371,0
2.83844,2,0,0,0,0.0,32.02419399985956,1.5329130001191515,32.05771700004334,0.1268090971743625,1451,0,0,159,0.9968553459119497,0
2.87054,2,0,0,0,0.0,32.06466299980093,1.6283439999824623,32.09547799997381,0.1267217630853994,1452,0,0,159,0.9976415094339622,0
2.93136,3,1,0,539,28.3307180002339,32.428008999886515,2.2532919997502177,60.813946000052965,0.2941041523285157,1453,0,0,193,0.9974093264248705,0
2.96228,3,0,0,0,0.0,30.87399399964852,1.8987819998983468,30.902868000339367,0.29390187987161853,1454,0,0,193,0.998380829015544,0
2.993,3,0,0,0,0.0,30.679286000122374,1.8848110003091278,30.70490999971298,0.29369988545246273,1455,0,0,193,0.9993523316062176,0
3.02404,3,0,0,0,0.0,31.008052000288444,1.8750890003502718,31.043154999679246,0.29349816849816845,1456,0,0,195,0.9900641025641026,0
3.05564,3,0,0,0,0.0,31.55622599979324,1.9374480002625205,31.585825000092882,0.2932967284374285,1457,0,0,195,0.9910256410256411,0
3.11731,4,1,0,1414,29.02179700004126,32.58109299986245,2.9116249997969135,61.66697600019688,0.22736625514403297,1458,0,0,285,0.9890350877192983,0
3.17692,5,1,0,580,26.170312999965972,33.37417400007325,3.114017999905627,59.598301999812975,0.3022618231665525,1459,0,0,322,0.9889363354037267,0
3.2096,5,0,0,0,0.0,32.6314320000165,2.9520170000978396,32.670713999777945,0.30205479452054795,1460,0,0,322,0.9899068322981367,0
3.24197,5,0,0,0,0.0,32.32480899987422,2.84369200016954,32.36281299996335,0.30184804928131415,1461,0,0,322,0.9908773291925466,0
3.27446,5,0,0,0,0.0,32.44291900000462,2.8113989997109456,32.47443700001895,0.301641586867305,1462,0,0,322,0.9918478260869565,0
3.3056,5,0,0,0,0.0,31.10351700024694,2.8191249998599233,31.130584000038652,0.3014354066985646,1463,0,0,322,0.9928183229813664,0
3.33707,5,0,0,0,0.0,31.4360340003077,2.741724999850703,31.464303000120708,0.30122950819672134,1464,0,0,322,0.9937888198757764,0
3.36845,5,0,0,0,0.0,31.34367900020152,2.7410899997448723,31.373171999803162,0.30102389078498293,1465,0,0,322,0.9947593167701864,0
3.40081,5,0,0,0,0.0,32.33218500008661,2.7729059997909644,32.37577900017641,0.30081855388813095,1466,0,0,322,0.9957298136645962,0
3.43298,5,0,0,0,0.0,32.11316699980671,2.80466999993223,32.147503000032884,0.3006134969325154,1467,0,0,322,0.9967003105590062,0
3.4649,5,0,0,0,0.0,31.87313600028574,2.7943330001107825,31.9072390002475,0.30040871934604907,1468,0,0,323,0.9945820433436533,0
3.49657,5,0,0,0,0.0,31.638018999728956,2.7612280000539613,31.665388999954303,0.30020422055820284,1469,0,0,323,0.9955495356037152,0
3.52791,5,0,0,0,0.0,31.291254000279878,2.7394500002628774,31.321536999712407,0.30000000000000004,1470,0,0,323,0.996517027863777,0
3.55919,5,0,0,0,0.0,31.244288999914716,3.094624999903317,31.279368000014074,0.2997960571040109,1471,0,0,324,0.9944058641975309,0
3.59204,5,0,0,0,0.0,32.79787799965561,2.8116780003983877,32.833409999966534,0.2995923913043478,1472,0,0,326,0.9892638036809815,0
3.62423,5,0,0,0,0.0,32.15689399985422,2.8017220001856913,32.1888870003022,0.29938900203665986,1473,0,0,326,0.9902223926380368,0
3.65603,5,0,0,0,0.0,31.75686799977484,2.777315000003,31.79247599973678,0.29918588873812757,1474,0,0,327,0.9881498470948012,0
3.68772,5,0,0,0,0.0,31.649702000322577,2.7784239996435645,31.677212999966287,0.2989830508474576,1475,0,0,327,0.989105504587156,0
3.71921,5,0,0,0,0.0,31.458470999950805,2.7735599996958626,31.488295000144717,0.2987804878048781,1476,0,0,327,0.9900611620795107,0
3.75066,5,0,0,0,0.0,31.411644000399974,2.7723739999601094,31.444480999653024,0.2985781990521327,1477,0,0,327,0.9910168195718655,0
3.78251,5,0,0,0,0.0,31.81336400029977,2.7971729996352224,31.839330999900994,0.29837618403247634,1478,0,0,327,0.9919724770642202,0
3.81359,5,0,0,0,0.0,31.04167099991173,2.785182000025088,31.069439000020793,0.29817444219066935,1479,0,0,327,0.9929281345565749,0
3.84553,5,0,0,0,0.0,31.90815300013128,2.832392000073014,31.936309000229812,0.297972972972973,1480,0,0,327,0.9938837920489296,0
3.87759,5,0,0,0,0.0,32.02022899995427,2.7846869998029433,32.04847000006339,0.29777177582714387,1481,0,0,327,0.9948394495412844,0
3.90912,5,0,0,0,0.0,31.498479999754636,2.805893000186188,31.525741999757884,0.2975708502024291,1482,0,0,327,0.9957951070336392,0
3.94066,5,0,0,0,0.0,31.501979000040592,2.7854559998559125,31.534344999727182,0.2973701955495617,1483,0,0,327,0.9967507645259939,0
3.97292,5,0,0,0,0.0,32.21391199986101,2.8284489999350626,32.24963299999217,0.2971698113207547,1484,0,0,328,0.9946646341463414,0
4.00494,5,0,0,0,0.0,31.979023000076268,2.8067629996257892,32.00784000000567,0.296969696969697,1485,0,0,328,0.9956173780487805,0
4.06604,6,1,0,1086,28.03834599990296,32.99700000025041,3.802411999913602,61.09382100021321,0.29217137729923737,1486,0,0,396,0.9970012626262627,0
4.09824,6,0,0,0,0.0,32.16207600007692,3.3518140003252483,32.194915000218316,0.291974893521632,1487,0,0,397,0.9954345088161209,0
4.13104,6,0,0,0,0.0,32.74898100016799,3.34195000004911,32.79327200016269,0.29177867383512546,1488,0,0,400,0.98890625,0
4.1637,6,0,0,0,0.0,32.61693900003593,3.3384369999112096,32.647263999933784,0.2915827177076338,1489,0,0,400,0.98984375,0
4.19761,6,0,0,0,0.0,33.86025699956008,3.6786379996556207,33.89340500007165,0.2913870246085011,1490,0,0,401,0.9883104738154613,0
4.23136,6,0,0,0,0.0,33.704719999605004,3.4323259997108835,33.7341969998306,0.29119159400849537,1491,0,0,401,0.9892456359102244,0
4.26398,6,0,0,0,0.0,32.59280500014938,3.3538920001774386,32.621975999973074,0.2909964253798034,1492,0,0,401,0.9901807980049875,0
4.32603,7,1,0,1015,28.114039999763918,33.86627999998382,4.158019999977114,62.04049100006159,0.2949956941919434,1493,0,0,465,0.991263440860215,0
4.35924,7,0,0,0,0.0,33.16589699988981,3.8156539999363304,33.19503800003076,0.29479824058137316,1494,0,0,465,0.9922043010752688,0
4.39213,7,0,0,0,0.0,32.852090999767825,3.8373100001081184,32.881612999972276,0.2946010511227902,1495,0,0,465,0.9931451612903226,0
4.42547,7,0,0,0,0.0,33.303986999726476,3.8163279996297206,33.336054000301374,0.2944041252864782,1496,0,0,465,0.9940860215053764,0
4.45884,7,0,0,0,0.0,33.3372509999208,3.8374010000552516,33.37080499977674,0.2942074625441359,1497,0,0,465,0.9950268817204301,0
4.49248,7,0,0,0,0.0,33.598895000068296,3.822733000106382,33.63016399998742,0.29401106236887276,1498,0,0,465,0.9959677419354839,0
4.52575,7,0,0,0,0.0,33.23260699971797,3.848256000310357,33.26418900041972,0.2938149242352044,1499,0,0,465,0.9969086021505377,0
4.60256,9,2,0,1649,42.147986000145465,34.582710999984556,4.839453999920806,76.80244599987418,0.32844444444444443,1500,0,0,570,0.9950657894736842,0
4.63685,9,0,0,0,0.0,34.246548999817605,4.753766999783693,34.28151700018134,0.3282256273595381,1501,0,0,570,0.9960526315789474,0
4.67106,9,0,0,0,0.0,34.16339199975482,4.652727999655326,34.20096099989678,0.3280071016422548,1502,0,0,571,0.9952933450087565,0
4.70507,9,0,0,0,0.0,33.96135800039701,4.691710999850329,33.99804899981973,0.32778886671102236,1503,0,0,572,0.9945367132867133,0
4.73928,9,0,0,0,0.0,34.162345999902755,4.681617999722221,34.20661200016184,0.3275709219858156,1504,0,0,575,0.9903260869565217,0
4.77352,9,0,0,0,0.0,34.1929739997795,4.676462000134052,34.22648500009018,0.3273532668881506,1505,0,0,575,0.991304347826087,0
4.81021,9,0,0,0,0.0,36.652696000146534,4.684477999944647,36.689220999960526,0.32713590084108013,1506,0,0,577,0.9888431542461005,0
4.84548,9,0,0,0,0.0,35.21552900019742,4.737819000183663,35.24815199989462,0.3269188232691882,1507,0,0,577,0.9898180242634316,0
4.8804,9,0,0,0,0.0,34.872083000209386,4.8351690002164105,34.90792299999157,0.3267020335985853,1508,0,0,577,0.9907928942807626,0
4.91523,9,0,0,0,0.0,34.78067400010332,4.69936699983009,34.817875000044296,0.32648553125690305,1509,0,0,578,0.9900519031141869,0
4.97824,10,1,0,723,27.107797999633476,35.80828299982386,5.541235000237066,62.97829200002525,0.3457615894039735,1510,0,0,624,0.9904847756410257,0
5.01241,10,0,0,0,0.0,34.12587299999359,5.15501600011703,34.15661100007128,0.34553275976174713,1511,0,0,624,0.9914863782051282,0
5.04776,10,0,0,0,0.0,35.31667499964897,5.125701999986632,35.350044000097114,0.34530423280423284,1512,0,0,624,0.9924879807692307,0
5.08226,10,0,0,0,0.0,34.452672000043094,5.172743000002811,34.494818999974086,0.34507600793126236,1513,0,0,624,0.9934895833333334,0
5.11684,10,0,0,0,0.0,34.504339000250184,5.240391999905114,34.5637360001092,0.34484808454425364,1514,0,0,552,0.994338768115942,0
5.1511,9,0,0,0,0.0,34.218610000152694,4.5875599998908,34.251436999966245,0.3559222588925559,1515,0,0,552,0.9953577898550725,0
5.18574,9,0,0,0,0.0,34.59534200010239,4.615724999894155,34.6379910001815,0.35568748167692754,1516,0,0,553,0.9945750452079566,0
5.22095,9,0,0,0,0.0,35.16335700032869,4.912627000067005,35.19822600037514,0.3554530139895994,1517,0,0,553,0.9955922242314648,0
5.25626,9,0,0,0,0.0,35.25987700004407,4.687897999701818,35.303171999657934,0.3552188552188552,1518,0,0,554,0.9948104693140795,0
5.29042,9,0,0,0,0.0,34.12143500008824,4.611168000337784,34.15979400006108,0.35498500475459005,1519,0,0,555,0.9940315315315316,0
5.32477,9,0,0,0,0.0,34.29721900010918,4.702582999925653,34.33253200000763,0.3547514619883041,1520,0,0,557,0.9914721723518851,0
5.35906,9,0,0,0,0.0,34.25076800021998,4.639177000171912,34.28456499977983,0.35451822631309815,1521,0,0,557,0.9924820466786356,0
5.39326,9,0,0,0,0.0,34.15163199997551,4.602561999945465,34.19397100014976,0.35428529712366774,1522,0,0,559,0.9899373881932021,0
5.42744,9,0,0,0,0.0,34.137009999994916,4.622238000138168,34.1740320000099,0.35405267381629824,1523,0,0,560,0.9891741071428571,0
5.4902,10,1,0,855,27.509884999744827,35.180211999886524,5.499843000052351,62.74886599976526,0.3623359580052493,1524,0,0,614,0.990228013029316,0
5.52431,10,0,0,0,0.0,34.067963999859785,5.016207000153372,34.1050379997796,0.36209836065573775,1525,0,0,615,0.9896341463414634,0
5.55848,10,0,0,0,0.0,34.12943900002574,5.039787999976397,34.163423999871156,0.3618610747051114,1526,0,0,615,0.990650406504065,0
5.62276,11,1,0,1374,27.94743300000846,36.253374999887455,6.293424999967101,64.27301700023236,0.33785795082455206,1527,0,0,701,0.9925998573466477,0
5.65817,11,0,0,0,0.0,35.36497599998256,5.654672999753529,35.39747599961629,0.3376368396001904,1528,0,0,701,0.9935805991440799,0
5.69402,11,0,0,0,0.0,35.810463999951025,5.685993000042799,35.844849000113754,0.33741601759914386,1529,0,0,702,0.9931445868945868,0
5.72933,11,0,0,0,0.0,35.26917499993942,5.671948000326665,35.30357899990122,0.3371954842543078,1530,0,0,702,0.9941239316239316,0
5.76448,11,0,0,0,0.0,35.1054180000574,5.656306999753724,35.1404600000933,0.3369752390000593,1531,0,0,702,0.9951032763532763,0
5.80037,11,0,0,0,0.0,35.84699700013516,5.998632000228099,35.88052400027664,0.3367552812722525,1532,0,0,703,0.9946657183499289,0
5.8355,11,0,0,0,0.0,35.094661000130145,5.656681000345998,35.132368999711616,0.33653561050821323,1533,0,0,704,0.9942294034090909,0
5.87146,11,0,0,0,0.0,35.914300000058574,5.704709999918123,35.95108400031677,0.3363162261467346,1534,0,0,705,0.9937943262411347,0
5.9064,11,0,0,0,0.0,34.894945999894844,5.759551000210195,34.9310010001318,0.3360971276280722,1535,0,0,706,0.9933604815864022,0
5.94177,11,0,0,0,0.0,35.32260200017845,5.76686200020049,35.359307000362605,0.33587831439393945,1536,0,0,708,0.9915254237288136,0
5.97714,11,0,0,0,0.0,35.332188999745995,5.686299999979383,35.365980000278796,0.3356597858875022,1537,0,0,708,0.9924964689265536,0
6.0127,11,0,0,0,0.0,35.51617499988424,5.727338999804488,35.552415999973164,0.33544154155337513,1538,0,0,710,0.990669014084507,0
6.04788,11,0,0,0,0.0,35.1395960001355,5.705172999569186,35.17464199967435,0.33522358083761594,1539,0,0,711,0.9902426160337553,0
6.08241,11,0,0,0,0.0,34.48798999988867,5.669916999977431,34.52028199990309,0.3350059031877214,1540,0,0,711,0.9912095639943741,0
6.11828,11,0,0,0,0.0,35.83034199982649,6.018553000103566,35.86793700014823,0.3347885080526223,1541,0,0,712,0.9907830056179775,0
6.15348,11,0,0,0,0.0,35.149015999650146,5.698824999853969,35.18352299988692,0.33457139488267895,1542,0,0,712,0.991748595505618,0
6.18838,11,0,0,0,0.0,34.861604000070656,5.7248709999839775,34.89648599997963,0.3343545631296766,1543,0,0,712,0.9927141853932584,0
6.22294,11,0,0,0,0.0,34.51947999974436,5.7175710003321,34.547985999779485,0.3341380122468205,1544,0,0,712,0.9936797752808989,0
6.25778,11,0,0,0,0.0,34.80346600008488,5.586484000104974,34.83748100006778,0.333921741688732,1545,0,0,713,0.9932503506311361,0
6.29306,11,0,0,0,0.0,35.24421300016911,5.680087000200729,35.271409999950265,0.33370575091144306,1546,0,0,713,0.9942145862552595,0
6.32725,11,0,0,0,0.0,34.155528000155755,5.625826000141387,34.19389800001227,0.3334900393723923,1547,0,0,713,0.9951788218793829,0
6.36149,11,0,0,0,0.0,34.19930200016097,5.630827000004501,34.2308120002599,0.3332746065304205,1548,0,0,714,0.9947478991596639,0
6.3963,11,0,0,0,0.0,34.764897000059136,6.009515000187093,34.79365400016832,0.3330594518457656,1549,0,0,715,0.9943181818181818,0
6.45885,12,1,0,1389,26.449134000358754,36.03579600030571,6.662318000053347,62.54795399991053,0.313763440860215,1550,0,0,803,0.9943960149439601,0
6.4939,12,0,0,0,0.0,35.00962099997196,6.259869000132312,35.0429449999865,0.31356114334837737,1551,0,0,804,0.994092039800995,0
6.55789,13,1,0,1438,26.76689500003704,37.14459299999362,7.3220750000473345,63.98316399963733,0.2949048374306106,1552,0,0,896,0.9932338169642857,0
6.59423,13,0,0,0,0.0,36.29817099999855,6.887355999879219,36.333621999801835,0.29471494378126706,1553,0,0,897,0.9930323299888517,0
6.63143,13,0,0,0,0.0,37.14707700009967,7.350031999976636,37.19419900016874,0.2945252945252945,1554,0,0,900,0.990625,0
6.66852,13,0,0,0,0.0,37.04620300004535,6.984614999964833,37.08581699993374,0.2943358891911947,1555,0,0,901,0.9904273029966704,0
6.70496,13,0,0,0,0.0,36.38857199985068,6.926951999957964,36.41918099992836,0.2941467273086811,1556,0,0,901,0.9913290788013318,0
6.7416,13,0,0,0,0.0,36.59385499986456,6.844337000075029,36.633213000186515,0.29395780840867547,1557,0,0,902,0.991130820399113,0
6.7783,13,0,0,0,0.0,36.655535999670974,6.975380999847403,36.6936010000245,0.293769132023304,1558,0,0,902,0.9920315964523282,0
6.81467,13,0,0,0,0.0,36.330040999928315,6.944725999801449,36.36732899985873,0.29358069768589334,1559,0,0,902,0.9929323725055432,0
6.85218,13,0,0,0,0.0,37.4666919997253,6.9983289999981935,37.50517000025866,0.29339250493096647,1560,0,0,902,0.9938331485587583,0
6.88991,13,0,0,0,0.0,37.68124499993064,7.117972000287409,37.721354000041174,0.29320455329423945,1561,0,0,903,0.9936323366555925,0
6.95449,14,1,0,1355,27.14719100004004,37.340940999911254,7.8682230000595155,64.55366099999083,0.2815529540881654,1562,0,0,988,0.9947494939271255,0
7.0199,15,1,0,876,27.04896099976395,38.29863600003591,8.25567600031718,65.40675499991266,0.2919172531456601,1563,0,0,1043,0.9956855225311602,0
7.05894,15,0,0,0,0.0,38.992348999727255,8.432366999841179,39.031739000165544,0.29173060528559247,1564,0,0,1044,0.9956297892720306,0
7.09692,15,0,0,0,0.0,37.9351870001301,7.944504000079178,37.97275000033551,0.2915441959531416,1565,0,0,1045,0.9955741626794259,0
7.13523,15,0,0,0,0.0,38.266066999767645,7.987717999640154,38.30616799996278,0.2913580246913581,1566,0,0,1046,0.9955186424474187,0
7.17295,15,0,0,0,0.0,37.65745800001241,7.986708000316867,37.6992279998376,0.2911720910444586,1567,0,0,1049,0.9935653002859867,0
7.21129,15,0,0,0,0.0,38.298846000088815,7.990181999957713,38.33870800008299,0.29098639455782316,1568,0,0,1051,0.9925666032350142,0
7.25005,15,0,0,0,0.0,38.703889999851526,8.12330100006875,38.746220999655634,0.2908009347779902,1569,0,0,1052,0.9925142585551331,0
7.28976,15,0,0,0,0.0,39.66234800009261,8.154717999786953,39.70341400008692,0.29061571125265395,1570,0,0,1055,0.9905805687203791,0
7.32945,15,0,0,0,0.0,39.64684800030227,8.652084000004834,39.68776400006391,0.2904307235306599,1571,0,0,1056,0.990530303030303,0
7.36811,15,0,0,0,0.0,38.61745499989411,8.03368499964563,38.654666999718756,0.2902459711620017,1572,0,0,1056,0.9914180871212122,0
7.40652,15,0,0,0,0.0,38.35197699982018,8.177464999789663,38.39138300008926,0.29006145369781733,1573,0,0,1057,0.9913670766319773,0
7.47301,16,1,0,948,27.546182999685698,38.87370700022075,8.817584000098577,66.48627799995666,0.29661689961880555,1574,0,0,1117,0.9920546105640108,0
7.51151,16,0,0,0,0.0,38.45102900004349,8.521324999946955,38.486643000396725,0.2964285714285714,1575,0,0,1117,0.9929498657117278,0
7.55003,16,0,0,0,0.0,38.47728400023698,8.494293999774527,38.51497100004053,0.2962404822335025,1576,0,0,1117,0.993845120859445,0
7.58845,16,0,0,0,0.0,38.37608100002399,8.84606999989046,38.4153130003142,0.29605263157894735,1577,0,0,1118,0.993850626118068,0
7.62649,16,0,0,0,0.0,38.005264999810606,8.415971999966132,38.03834300015296,0.2958650190114068,1578,0,0,1118,0.9947450805008945,0
7.66437,16,0,0,0,0.0,37.838437000118574,8.421770000040851,37.87052100005894,0.2956776440785307,1579,0,0,1118,0.9956395348837209,0
7.73033,17,1,0,1450,26.77161800011163,39.10091799980364,9.416787000191107,65.95539599993572,0.2829486224869695,1580,0,0,1111,0.9954995499549955,0
7.76979,16,0,0,0,0.0,39.414922000105435,8.356852999895636,39.457014000163326,0.280416395575797,1537,0,0,1112,0.9955035971223022,0
7.80966,16,0,0,0,0.0,39.79727899968566,8.501276000060898,39.83706200006054,0.2802340702210663,1538,0,0,1113,0.995507637017071,0
7.8492,16,0,0,0,0.0,39.48535000017728,8.586519999880693,39.528408000023774,0.2800519818063678,1539,0,0,1116,0.9937275985663082,0
7.88851,16,0,0,0,0.0,39.270830000077694,8.555249999972148,39.310329999807436,0.2798701298701298,1540,0,0,1117,0.9937332139659804,0
7.927,16,0,0,0,0.0,38.44357100024354,8.388512000237824,38.48104999997304,0.27968851395197925,1541,0,0,1118,0.9937388193202147,0
7.96632,16,0,0,0,0.0,39.26586099987617,8.43651500008491,39.31259799992404,0.2795071335927367,1542,0,0,1123,0.9902048085485308,0
8.0051,16,0,0,0,0.0,38.72176999993826,8.456165000097826,38.76589499986949,0.27932598833441347,1543,0,0,1124,0.9902135231316725,0
8.07101,17,1,0,1321,26.995886999884533,38.840032999814866,8.979457999885199,65.9088040001734,0.2712206644315758,1544,0,0,1207,0.9914043082021541,0
8.11025,17,0,0,0,0.0,39.172339999822725,9.003859000131342,39.235231000020576,0.2710451170759566,1545,0,0,1208,0.9914631622516556,0
8.15076,17,0,0,0,0.0,40.4536129999542,9.065793999980087,40.49768799995945,0.2708697968191157,1546,0,0,1208,0.9923427152317881,0
8.19048,17,0,0,0,0.0,39.66927999999825,9.238689999619965,39.70921200016164,0.2706947032206548,1547,0,0,1208,0.9932222682119205,0
8.23081,17,0,0,0,0.0,40.28600699984963,9.17516599974988,40.33730899982402,0.2705198358413132,1548,0,0,1208,0.9941018211920529,0
8.26964,17,0,0,0,0.0,38.76649199992244,9.040354999797273,38.80832899994857,0.2703451942429651,1549,0,0,1209,0.9941583953680728,0
8.3111,17,0,0,0,0.0,41.41121900011058,9.137910999925225,41.448969000157376,0.2701707779886148,1550,0,0,1209,0.9950372208436724,0
8.35307,17,0,0,0,0.0,41.91453699968406,9.617435000109253,41.95928100034507,0.2699965866423939,1551,0,0,1210,0.9950929752066116,0
8.3936,17,0,0,0,0.0,40.473909999946045,9.36268299983567,40.52245699995183,0.26982261976955735,1552,0,0,1211,0.995148637489678,0
8.43318,17,0,0,0,0.0,39.527225000256294,9.16556699985449,39.56981999999698,0.26964887693647965,1553,0,0,1212,0.9952042079207921,0
8.4723,17,0,0,0,0.0,39.070284999979776,9.106986000006145,39.11200099992129,0.2694753577106518,1554,0,0,1213,0.9952596867271228,0
8.5116,17,0,0,0,0.0,39.2503759999272,9.112156000355753,39.291596000111895,0.26930206166067716,1555,0,0,1216,0.9936780427631579,0
8.55168,17,0,0,0,0.0,40.03406599986192,9.193801000037638,40.073336999739695,0.269128988356268,1556,0,0,1217,0.99373459326212,0
8.59209,17,0,0,0,0.0,40.365065000059985,9.174472000267997,40.41140500021356,0.2689561373682421,1557,0,0,1218,0.9937910509031199,0
8.63197,17,0,0,0,0.0,39.81965799994214,9.191397999984474,39.865227000063896,0.26878350826851927,1558,0,0,1223,0.990596892886345,0
8.67073,17,0,0,0,0.0,38.713058000212186,9.130170999924303,38.756695999836666,0.2686111006301174,1559,0,0,1224,0.9906556372549019,0
8.71109,17,0,0,0,0.0,40.3122589996201,9.076199999981327,40.35111199982566,0.26843891402714937,1560,0,0,1224,0.9915236928104575,0
8.75117,17,0,0,0,0.0,40.03288000012617,9.350474999791913,40.07864000004702,0.2682669480348193,1561,0,0,1225,0.9915816326530612,0
8.7907,17,0,0,0,0.0,39.47871699983807,9.238648000064131,39.520780999737326,0.2680952022294193,1562,0,0,1225,0.9924489795918368,0
8.83071,17,0,0,0,0.0,39.96001799987425,9.163882999928319,39.99579999981506,0.2679236761883256,1563,0,0,1225,0.9933163265306122,0
8.87056,17,0,0,0,0.0,39.80474999980288,9.2396899999585,39.845622000029834,0.2677523694899955,1564,0,0,1225,0.9941836734693877,0
8.90988,17,0,0,0,0.0,39.271826000003784,9.411978000116505,39.310006000050635,0.26758128171396356,1565,0,0,1226,0.9942393964110929,0
8.94924,17,0,0,0,0.0,39.31560599994555,9.17351799989774,39.35395000007702,0.2674104124408384,1566,0,0,1226,0.9951060358890701,0
8.9881,17,0,0,0,0.0,38.80093499992654,9.21708599980775,38.8434229998893,0.2672397612522993,1567,0,0,1227,0.9951609616951915,0
9.02769,17,0,0,0,0.0,39.54334600030052,9.202527000070404,39.58891999991465,0.2670693277310925,1568,0,0,1228,0.9952157980456026,0
9.0671,17,0,0,0,0.0,39.354355999876134,9.366400000089925,39.39730999991298,0.26689911146102796,1569,0,0,1229,0.9952705451586655,0
9.10617,17,0,0,0,0.0,39.02233900043939,9.190163999846845,39.059333999830415,0.26672911202697636,1570,0,0,1230,0.9953252032520326,0
9.14516,17,0,0,0,0.0,38.949599000261514,9.171311000045534,38.99032099980104,0.266559329014865,1571,0,0,1233,0.993765206812652,0
9.18479,17,0,0,0,0.0,39.57759100012481,9.20075000021825,39.627266000024974,0.26638976201167486,1572,0,0,1234,0.9938209076175041,0
9.22488,17,0,0,0,0.0,40.0085230003242,9.343449999960285,40.05842600008691,0.26622041060543733,1573,0,0,1235,0.9938765182186234,0
9.26467,17,0,0,0,0.0,39.740863000133686,9.246747999895888,39.78397400032918,0.2660512743852306,1574,0,0,1240,0.9907258064516129,0
9.30438,17,0,0,0,0.0,39.657868999711354,9.2979330001981,39.695821999885084,0.26588235294117646,1575,0,0,1241,0.9907836422240129,0
9.37306,18,1,0,769,27.510091999829456,41.101260999766964,10.202059000221197,68.68020499996419,0.2793993231810491,1576,0,0,1290,0.9912790697674418,0
9.41374,18,0,0,0,0.0,40.62230700037617,9.741762999965431,40.66306300001088,0.2792221517649546,1577,0,0,1291,0.9913826491092177,0
9.45475,18,0,0,0,0.0,40.97034699998403,10.178863999954046,41.009947000020475,0.27904520490071816,1578,0,0,1291,0.9922540666150271,0
9.49547,18,0,0,0,0.0,40.67094999982146,9.77313499970478,40.71028299995305,0.2788684821617057,1579,0,0,1291,0.9931254841208366,0
9.53656,18,0,0,0,0.0,41.04086500001358,9.789842000373028,41.08192500007135,0.2786919831223629,1580,0,0,1291,0.993996901626646,0
9.57809,18,0,0,0,0.0,41.47790500019255,9.885167999982514,41.524073999880784,0.2785157073582121,1581,0,0,1292,0.9940982972136223,0
9.61937,18,0,0,0,0.0,41.23315500009994,9.969217000161734,41.27047300016784,0.2783396544458492,1582,0,0,1292,0.9949690402476781,0
9.66018,18,0,0,0,0.0,40.75423399990541,10.251826000057918,40.809231999901385,0.2781638239629396,1583,0,0,1246,0.9950341091492777,0
9.70247,17,0,0,0,0.0,42.23916699993424,9.604606999801035,42.279446000065946,0.26333184789067143,1584,0,0,1247,0.9950882117080995,0
9.74506,17,0,0,0,0.0,42.53644699974757,9.92646800023067,42.57928400011224,0.263165707923548,1585,0,0,1248,0.9951422275641025,0
9.78643,17,0,0,0,0.0,41.31604599979255,9.713420000025508,41.35953300010442,0.2629997774645798,1586,0,0,1249,0.9951961569255404,0
9.82762,17,0,0,0,0.0,41.142218000004505,9.58566500003144,41.18275300015739,0.26283405611772115,1587,0,0,1251,0.9944544364508393,0
9.86977,17,0,0,0,0.0,42.09627999989607,9.613505999823246,42.14674900003956,0.2626685434879241,1588,0,0,1252,0.994508785942492,0
9.94045,18,1,0,602,28.072698999949353,42.49566499993307,10.522206000132428,70.66993199987337,0.2824278022515908,1589,0,0,1291,0.9944810224632068,0
9.98314,18,0,0,0,0.0,42.63753099985479,10.535079999954178,42.682465000325465,0.28225017470300484,1590,0,0,1296,0.9915123456790124,0
10.02513,18,0,0,0,0.0,41.93305699982375,10.123505000137811,41.97706600007223,0.28207277044486345,1591,0,0,1298,0.9908513097072419,0
10.06668,18,0,0,0,0.0,41.507934000037494,10.084005999942747,41.5469050003594,0.2818955890563931,1592,0,0,1298,0.9917180277349769,0
10.10913,18,0,0,0,0.0,42.39376799978345,10.535195000102249,42.43586900020091,0.2817186301178768,1593,0,0,1299,0.9918206312548113,0
10.15112,18,0,0,0,0.0,41.945044999920356,10.029439999925671,41.986187000020436,0.28154189321065104,1594,0,0,1299,0.9926866820631255,0
10.19272,18,0,0,0,0.0,41.54682199987292,10.093005999806337,41.59237099975144,0.28136537791710203,1595,0,0,1300,0.9927884615384616,0
10.23438,18,0,0,0,0.0,41.59564600013255,10.081878999699256,41.64705599987428,0.28118908382066277,1596,0,0,1247,0.9939855653568564,0
10.27528,17,0,0,0,0.0,40.85708499997054,9.64720000001762,40.898266000112926,0.26951268923348926,1597,0,0,1248,0.9940404647435898,0
10.31648,17,0,0,0,0.0,41.14235799988819,9.69461600016075,41.17712899960679,0.2693440329824045,1598,0,0,1248,0.9948918269230769,0
10.38612,18,1,0,1087,28.553917999943224,41.009496999777184,10.530106999794953,69.6359109997502,0.2720102842054062,1599,0,0,1317,0.9952069096431283,0
10.42773,18,0,0,0,0.0,41.55910999998014,10.100551000050473,41.60090300001684,0.27184027777777775,1600,0,0,1319,0.9945507960576194,0
10.46885,18,0,0,0,0.0,41.073951000271336,10.087216000101762,41.124498000044696,0.27167048372544933,1601,0,0,1320,0.9946496212121212,0
10.51043,18,0,0,0,0.0,41.51985799990143,10.190720999617042,41.56003700018118,0.2715009016507144,1602,0,0,1321,0.9947482967448902,0
10.55198,18,0,0,0,0.0,41.509559999667545,10.17406699975254,41.55200800005332,0.2713315311568587,1603,0,0,1323,0.9940948601662888,0
10.59378,18,0,0,0,0.0,41.75003000000288,10.567729999820585,41.795043000092846,0.2711623718481574,1604,0,0,1324,0.9941937311178247,0
10.63526,18,0,0,0,0.0,41.402104000098916,10.114938000242546,41.472152000096685,0.270993423329872,1605,0,0,1325,0.9942924528301886,0
10.67657,18,0,0,0,0.0,41.24899700036622,10.248429000057513,41.29343400018115,0.2708246852082469,1606,0,0,1330,0.9914003759398496,0
10.71711,18,0,0,0,0.0,40.49751699994886,10.152496000046085,40.53568300014376,0.27065615709050683,1607,0,0,1332,0.9907563813813813,0
10.75871,18,0,0,0,0.0,41.556453999874066,10.160326000004716,41.59572600019601,0.2704878385848535,1608,0,0,1332,0.991600975975976,0
10.80228,18,0,0,0,0.0,43.522948999907385,10.60709399962434,43.563195999922755,0.27031972930046266,1609,0,0,1332,0.9924455705705706,0
10.84487,18,0,0,0,0.0,42.53695599982166,10.45929400015666,42.57964399994307,0.270151828847481,1610,0,0,1332,0.9932901651651652,0
10.88745,18,0,0,0,0.0,42.53111500020168,10.32256899998174,42.57506099975217,0.26998413683702327,1611,0,0,1333,0.9933889722430608,0
10.93005,18,0,0,0,0.0,42.54948800007696,10.235269999611774,42.588668999997026,0.26981665288116896,1612,0,0,1333,0.9942329332333083,0
10.9728,18,0,0,0,0.0,42.69830399971397,10.33261800012042,42.74208100014221,0.26964937659295996,1613,0,0,1334,0.9943309595202399,0
11.01547,18,0,0,0,0.0,42.596609000156604,10.65339699971446,42.64133300011963,0.2694823075863968,1614,0,0,1334,0.995174287856072,0
11.05735,18,0,0,0,0.0,41.82415800005401,10.247595999771875,41.87853299981725,0.26931544547643615,1615,0,0,1335,0.9952715355805244,0
11.09968,18,0,0,0,0.0,42.27790200002346,10.25727000023835,42.32208099983836,0.26914878987898794,1616,0,0,1337,0.9946241585639491,0
11.14218,18,0,0,0,0.0,42.45073799984311,10.302606000095693,42.49264600002789,0.26898234041091185,1617,0,0,1338,0.9947215994020927,0
11.18455,18,0,0,0,0.0,42.29897499999424,10.292767000009917,42.35609899978954,0.26881609669001516,1618,0,0,1276,0.9952488244514106,0
11.22647,17,0,0,0,0.0,41.869393999604654,9.8390120001568,41.91328899969449,0.2617447225956473,1619,0,0,1278,0.9945226917057903,0
11.26832,17,0,0,0,0.0,41.80903499991473,9.91268100005982,41.849551999803225,0.2615831517792302,1620,0,0,1279,0.9945758405003909,0
11.31007,17,0,0,0,0.0,41.699511999922834,9.876593000171852,41.739392999716074,0.26142178030990315,1621,0,0,1280,0.99462890625,0
11.35161,17,0,0,0,0.0,41.472106000128406,10.289599999850907,41.531968000072084,0.2612606078189599,1622,0,0,1210,0.9916322314049587,0
11.39168,16,0,0,0,0.0,40.020609000293916,9.255544999632548,40.06416799984436,0.2607054836722119,1623,0,0,1212,0.9908209570957096,0
11.43306,16,0,0,0,0.0,41.33123100018565,9.351994000098784,41.36597700016864,0.26054495073891626,1624,0,0,1212,0.9916460396039604,0
11.47266,16,0,0,0,0.0,39.564431000144396,9.089889000279072,39.59983699996883,0.26038461538461544,1625,0,0,1212,0.9924711221122112,0
11.51231,16,0,0,0,0.0,39.58087000000887,9.066382999662892,39.62508699987666,0.2602244772447725,1626,0,0,1132,0.9933193462897526,0
11.5511,15,0,0,0,0.0,38.754167999741185,8.56035900005736,38.790628999777255,0.2628149969268593,1627,0,0,1133,0.993270079435128,0
11.58989,15,0,0,0,0.0,38.749327000004996,8.518157999787945,38.78380400010428,0.26265356265356266,1628,0,0,1133,0.9940975286849073,0
11.62849,15,0,0,0,0.0,38.553747000150906,8.547189000182698,38.586699000006774,0.2624923265807244,1629,0,0,1134,0.9940476190476191,0
11.6673,15,0,0,0,0.0,38.776823000262084,8.595993999733764,38.81912099996043,0.26233128834355823,1630,0,0,1134,0.9948743386243386,0
11.70558,15,0,0,0,0.0,38.22233800019603,8.703988999968715,38.26992699987386,0.26217044757817287,1631,0,0,1135,0.9948237885462555,0
11.74498,15,0,0,0,0.0,39.33811099977902,8.579305000239401,39.38275699965743,0.2620098039215686,1632,0,0,1137,0.9938984168865436,0
11.81428,16,1,0,1003,28.522297000108665,40.69124399984503,9.27778599998419,69.29441600004793,0.26959583588487446,1633,0,0,1200,0.9947916666666666,0
11.85457,16,0,0,0,0.0,40.24743200034209,9.177682000427012,40.28318699965894,0.2694308445532436,1634,0,0,1200,0.995625,0
11.89573,16,0,0,0,0.0,41.10513899968282,9.275674000036815,41.15010999976221,0.26926605504587153,1635,0,0,1202,0.9948003327787022,0
11.93708,16,0,0,0,0.0,41.311834000225645,9.27901400018527,41.35023099979662,0.269101466992665,1636,0,0,1202,0.9956322795341098,0
11.97769,16,0,0,0,0.0,40.553645999807486,9.192545000132668,40.59818499990797,0.26893708002443495,1637,0,0,1203,0.9956359102244389,0
12.01963,16,0,0,0,0.0,41.88946100020985,9.2597510001724,41.935215999728825,0.2687728937728938,1638,0,0,1209,0.9915219189412737,0
12.06052,16,0,0,0,0.0,40.83087799972418,9.417923999990307,40.87660999994114,0.26860890787065284,1639,0,0,1211,0.990710156895128,0
12.10221,16,0,0,0,0.0,41.64708700000119,9.31345200024225,41.68445799996334,0.2684451219512195,1640,0,0,1211,0.9915359207266722,0
12.14415,16,0,0,0,0.0,41.89076299962835,9.283931000027223,41.92918299986559,0.2682815356489945,1641,0,0,1211,0.9923616845582164,0
12.18435,16,0,0,0,0.0,40.13572999974713,9.292333999837865,40.19041399988055,0.2681181485992692,1642,0,0,1108,0.9928361913357401,0
12.22293,15,0,0,0,0.0,38.53860599974723,8.373913000014,38.57249000020602,0.2540368722186904,1573,0,0,1109,0.9927862939585211,0
12.26108,15,0,0,0,0.0,38.109293000161415,8.147558000018762,38.14508499999647,0.25387547649301145,1574,0,0,1109,0.993631650135257,0
12.29969,15,0,0,0,0.0,38.5667900000044,8.36738600037279,38.60717800034763,0.25371428571428567,1575,0,0,1110,0.9935810810810811,0
12.33877,15,0,0,0,0.0,39.02869500007,8.394199999656848,39.06367799982036,0.2535532994923858,1576,0,0,1110,0.9944256756756756,0
12.3777,15,0,0,0,0.0,38.86515400017743,8.322848000261729,38.92361899988828,0.2533925174381737,1577,0,0,982,0.9944628309572301,0
12.41515,13,0,0,0,0.0,37.409360999845376,7.379825000043638,37.44656999970175,0.2383250463098372,1578,0,0,983,0.9942777212614445,0
12.45265,13,0,0,0,0.0,37.452905000009196,7.347976999881212,37.490938999781065,0.23817411214497974,1579,0,0,983,0.9951042726347915,0
12.4907,13,0,0,0,0.0,38.0042950000643,7.444624000072508,38.0435080001007,0.23802336903602728,1580,0,0,983,0.9959308240081384,0
12.52928,13,0,0,0,0.0,38.535226000021794,7.44824499997776,38.58394799999587,0.23787281662044468,1581,0,0,985,0.994733502538071,0
12.56697,13,0,0,0,0.0,37.63105100006214,7.358222000220849,37.67411699982404,0.23772245453661378,1582,0,0,985,0.9955583756345178,0
12.60393,13,0,0,0,0.0,36.91293500014581,7.47655900022437,36.95403600022473,0.2375722824238301,1583,0,0,986,0.9953727180527383,0
12.64192,13,0,0,0,0.0,37.93254699985482,7.317809000142006,37.97540100003971,0.2374222999222999,1584,0,0,991,0.9911705348133198,0
12.68018,13,0,0,0,0.0,38.21223400018425,7.499914000163699,38.2505949996812,0.2372725066731376,1585,0,0,992,0.9909904233870968,0
12.71752,13,0,0,0,0.0,37.301762999959465,7.427670999732072,37.334438000016235,0.23712290231836264,1586,0,0,992,0.9918094758064516,0
12.7552,13,0,0,0,0.0,37.636980999650405,7.471871000234387,37.67132099983428,0.23697348650089667,1587,0,0,992,0.9926285282258065,0
12.819,14,1,0,766,26.53357999997752,37.19711899975664,7.695251999848551,63.78796199987846,0.25688197193234974,1588,0,0,1040,0.9936899038461539,0
12.85641,14,0,0,0,0.0,37.37733700017998,7.771259000037389,37.41488700006812,0.25672030926908207,1589,0,0,1041,0.993575888568684,0
12.89452,14,0,0,0,0.0,38.0640680000397,7.967187000303966,38.10081400024501,0.2565588499550764,1590,0,0,1042,0.9934620921305183,0
12.93154,14,0,0,0,0.0,36.974614999962796,7.742683999822475,37.01038300005166,0.25639759360689596,1591,0,0,1043,0.9933485139022051,0
12.96881,14,0,0,0,0.0,37.2162409998964,7.722859999830689,37.27626399995643,0.2562365398420675,1592,0,0,993,0.9943353474320241,0
13.00696,13,0,0,0,0.0,38.082083000062994,7.438113000262092,38.123309000184236,0.23714327104157618,1593,0,0,994,0.9941524144869215,0
13.04527,13,0,0,0,0.0,38.26151800012667,7.40951399984624,38.30105899987757,0.23699449860052113,1594,0,0,995,0.9939698492462311,0
13.08307,13,0,0,0,0.0,37.748677999843494,7.467979000011837,37.79277200010256,0.23684591270798172,1595,0,0,995,0.994786432160804,0
13.12034,13,0,0,0,0.0,37.217142000372405,7.476138999663817,37.26331500001834,0.23669751301330244,1596,0,0,931,0.9953007518796992,0
13.15683,12,0,0,0,0.0,36.433728000247356,6.911487999786914,36.48193800017907,0.22636192861615534,1597,0,0,932,0.9950375536480687,0
13.19406,12,0,0,0,0.0,37.19604600019011,6.946101000266935,37.23334200003592,0.2262202753441802,1598,0,0,932,0.9958422746781116,0
13.23064,12,0,0,0,0.0,36.52788499994131,6.969211999603431,36.56708800008346,0.226078799249531,1599,0,0,933,0.9955787781350482,0
13.2676,12,0,0,0,0.0,36.89887899963651,6.9734189996779605,36.93785499990554,0.2259375,1600,0,0,937,0.9921291355389541,0
13.30442,12,0,0,0,0.0,36.77307899988591,6.984302000091702,36.81070800030284,0.22579637726420987,1601,0,0,938,0.9918710021321961,0
13.34147,12,0,0,0,0.0,37.00518999994529,7.076779000271927,37.040745000012976,0.22565543071161054,1602,0,0,938,0.9926705756929638,0
13.40742,13,1,0,1166,27.80560700011847,38.07143099993482,7.5602500000968575,65.9456900002624,0.22913767455252176,1603,0,0,1011,0.9938798219584569,0
13.4455,13,0,0,0,0.0,38.03672200001529,7.639819999894826,38.06983200001923,0.22899482064070598,1604,0,0,1011,0.9946834817012858,0
13.4831,13,0,0,0,0.0,37.551592999989225,7.5589299999592185,37.59228900025846,0.22885214473999516,1605,0,0,1013,0.9935217176702863,0
13.5209,13,0,0,0,0.0,37.746901999980764,7.57341999997152,37.7839180000592,0.22870964651786574,1606,0,0,1014,0.9933431952662722,0
13.58801,14,1,0,1071,28.32345400020131,38.70280000001003,8.131615999900532,67.10901299993566,0.23606542803804786,1607,0,0,1082,0.9935882624768947,0
13.62709,14,0,0,0,0.0,39.02534200005903,8.160866000253009,39.06472799963012,0.2359186211798152,1608,0,0,1083,0.9934787626962143,0
13.6656,14,0,0,0,0.0,38.46518799991827,8.070828000199981,38.50896099993406,0.23577199680369354,1609,0,0,1084,0.9933694649446494,0
13.70454,14,0,0,0,0.0,38.887930999862874,8.184781000181829,38.92787499989936,0.23562555456965395,1610,0,0,1085,0.9932603686635945,0
13.74332,14,0,0,0,0.0,38.73873900010949,8.257772999968438,38.77618299975438,0.23547929413851199,1611,0,0,1085,0.9940668202764977,0
13.7826,14,0,0,0,0.0,39.229174999945826,8.171815999958199,39.26553800010879,0.23533321517192485,1612,0,0,1085,0.9948732718894009,0
13.8213,14,0,0,0,0.0,38.64848600005644,8.09337200007576,38.69429800033686,0.23518731733238862,1613,0,0,1086,0.994762891344383,0
13.85942,14,0,0,0,0.0,38.08148100006292,8.017967999876419,38.11975700000403,0.23504160028323595,1614,0,0,1086,0.9955686003683242,0
13.89735,14,0,0,0,0.0,37.87185300006968,8.150445999945077,37.912567000148556,0.23489606368863336,1615,0,0,1087,0.9954576816927323,0
13.93676,14,0,0,0,0.0,39.36520599972937,8.205953000015143,39.409704000263446,0.2347507072135785,1616,0,0,1091,0.9926099908340972,0
13.97504,14,0,0,0,0.0,38.2280830003765,8.13197300021784,38.26859000037075,0.23460553052389788,1617,0,0,1092,0.9925022893772893,0
14.013,14,0,0,0,0.0,37.90054399996734,8.06104499997673,37.95096800013198,0.23446053328624405,1618,0,0,1000,0.9930625,0
14.05006,13,0,0,0,0.0,37.017714000285196,7.420283000101335,37.05386299998281,0.24507055637383002,1619,0,0,1000,0.993875,0
14.08786,13,0,0,0,0.0,37.7529859997594,7.492488000025332,37.790037999911874,0.24491927825261162,1620,0,0,1000,0.9946875,0
14.12537,13,0,0,0,0.0,37.46401700027491,7.542929999999615,37.50225399971896,0.24476818677929102,1621,0,0,1002,0.9935129740518962,0
14.16253,13,0,0,0,0.0,37.11549700028627,7.462556000064069,37.157039000248915,0.24461728160865026,1622,0,0,1003,0.9933325024925225,0
14.19931,13,0,0,0,0.0,36.70660600027986,7.4745110000549175,36.77198600007614,0.24446656239632214,1623,0,0,903,0.9929401993355482,0
14.23567,12,0,0,0,0.0,36.313501999757136,6.774893000056181,36.35444000019561,0.2638546798029556,1624,0,0,904,0.9926714601769911,0
14.30042,13,1,0,940,27.849565999986226,36.827176000315376,7.319033999920066,64.74003899984382,0.2758343195266272,1625,0,0,963,0.9937045690550363,0
14.36593,14,1,0,620,27.484117000312835,37.94808500015279,7.693562999975256,65.5000189999555,0.30016693024073093,1626,0,0,1003,0.9935817547357926,0
14.40435,14,0,0,0,0.0,38.37701499969626,7.708421000188537,38.42419800002972,0.2999824391957152,1627,0,0,1003,0.9944541375872383,0
14.44285,14,0,0,0,0.0,38.44198500019047,7.715346000168211,38.481024000248,0.29979817479817483,1628,0,0,1003,0.995326520438684,0
14.48142,14,0,0,0,0.0,38.52695500017944,7.755524000003788,38.56918899964512,0.29961413663071124,1629,0,0,1005,0.9942164179104478,0
14.51984,14,0,0,0,0.0,38.353958999778115,7.798118000209797,38.41121100003875,0.29943032427695004,1630,0,0,1006,0.9940979125248509,0
14.56008,14,0,0,0,0.0,40.18528500000684,7.997243999852799,40.23392599992803,0.29924673732153806,1631,0,0,1007,0.9939796425024826,0
14.60008,14,0,0,0,0.0,39.94386800013672,7.833768000182317,39.98550999995132,0.29906337535014005,1632,0,0,1010,0.9918935643564356,0
14.63883,14,0,0,0,0.0,38.69052499976533,7.797867000135739,38.74427300024763,0.29888023794943575,1633,0,0,1011,0.9917779426310583,0
14.67768,14,0,0,0,0.0,38.79938000000038,7.769588999963162,38.83830000040689,0.29869732470711663,1634,0,0,1011,0.9926434223541049,0
14.71684,14,0,0,0,0.0,39.096446000257856,7.773000999804935,39.15896199987401,0.29851463521188293,1635,0,0,1011,0.9935089020771514,0
14.75607,14,0,0,0,0.0,39.17374999991807,7.9601469997214735,39.213584999743034,0.2983321690534404,1636,0,0,1011,0.9943743818001978,0
14.7942,14,0,0,0,0.0,38.07277099986095,7.754275000024791,38.1276660000367,0.29814992582249755,1637,0,0,913,0.9926067907995619,0
14.83162,13,0,0,0,0.0,37.3595450000721,7.119184999737627,37.40851699967607,0.31905701136470366,1638,0,0,857,0.9926341890315052,0
14.86842,12,0,0,0,0.0,36.76538599984269,6.71156200041878,36.801782000111416,0.30796217205613174,1639,0,0,857,0.9935093348891482,0
14.90549,12,0,0,0,0.0,37.019911000243155,6.870959000025323,37.05858100011028,0.3077743902439024,1640,0,0,858,0.9932255244755245,0
14.94265,12,0,0,0,0.0,37.1152110001276,6.707588000153919,37.14877900029023,0.30758683729433267,1641,0,0,858,0.9940996503496503,0
14.97901,12,0,0,0,0.0,36.31585199991605,6.688102999760304,36.354701000163914,0.30739951278928135,1642,0,0,859,0.9938154831199069,0
15.01514,12,0,0,0,0.0,36.08969800006889,6.692867999845475,36.127994999787916,0.3072124163116251,1643,0,0,859,0.9946885913853318,0
15.05203,12,0,0,0,0.0,36.84371100007411,6.753980000212323,36.87879300014174,0.30702554744525545,1644,0,0,859,0.9955616996507567,0
15.08903,12,0,0,0,0.0,36.94895599983283,6.728564999775699,36.98803599991152,0.306838905775076,1645,0,0,861,0.9941202090592335,0
15.12591,12,0,0,0,0.0,36.83974400018997,6.7411089999041,36.87582799966549,0.30665249088699875,1646,0,0,862,0.9938370069605569,0
15.16216,12,0,0,0,0.0,36.20522600022014,6.764588999885746,36.24567199994999,0.3064663023679417,1647,0,0,863,0.9935544611819235,0
15.19907,12,0,0,0,0.0,36.86009000011836,6.74338999988322,36.9011689999752,0.30628033980582525,1648,0,0,866,0.9909786374133949,0
15.23619,12,0,0,0,0.0,37.07191899957252,6.831583000348473,37.10535299978801,0.30609460278956946,1649,0,0,866,0.991844688221709,0
15.27281,12,0,0,0,0.0,36.575502999767195,6.663816000127554,36.62931799999569,0.3059090909090909,1650,0,0,866,0.992710739030023,0
15.31,12,0,0,0,0.0,37.13590100005604,6.76797500000248,37.17160899986993,0.30572380375529984,1651,0,0,866,0.9935767898383372,0
15.34758,12,0,0,0,0.0,37.53103899998678,6.847682000170607,37.566189000244776,0.3055387409200968,1652,0,0,866,0.9944428406466512,0
15.38453,12,0,0,0,0.0,36.89999700009139,6.815382999775466,36.942015000022366,0.30535390199637025,1653,0,0,868,0.9930155529953917,0
15.42202,12,0,0,0,0.0,37.447500999860495,6.777005000003555,37.488554999981716,0.3051692865779927,1654,0,0,869,0.9927359033371692,0
15.4587,12,0,0,0,0.0,36.63789599977463,7.026675999895815,36.67336599983173,0.3049848942598188,1655,0,0,869,0.9935989643268124,0
15.49579,12,0,0,0,0.0,37.03286700010722,6.853389999832871,37.07804799978476,0.30480072463768115,1656,0,0,870,0.9933189655172414,0
15.53289,12,0,0,0,0.0,37.04261299981226,6.784280999909242,37.088016999859974,0.30461677730838865,1657,0,0,870,0.9941810344827586,0
15.56958,12,0,0,0,0.0,36.6438430000926,6.73032599979706,36.684902000160946,0.3044330518697226,1658,0,0,871,0.9939006888633755,0
15.60643,12,0,0,0,0.0,36.809442000048875,6.864347000373527,36.845102999905066,0.304249547920434,1659,0,0,871,0.9947617680826636,0
15.64334,12,0,0,0,0.0,36.864633000277536,6.765663999885874,36.89722199987955,0.3040662650602409,1660,0,0,871,0.9956228473019518,0
15.68059,12,0,0,0,0.0,37.208190000001196,6.836980000116455,37.24822999993194,0.3038832028898254,1661,0,0,873,0.9942010309278351,0
15.71751,12,0,0,0,0.0,36.87358300021515,6.865534000098705,36.912410000240925,0.3037003610108303,1662,0,0,874,0.9939216247139588,0
15.75492,12,0,0,0,0.0,37.351449000198045,6.948745999579842,37.410320000162756,0.3035177390258569,1663,0,0,803,0.9930728518057285,0
15.79229,11,0,0,0,0.0,37.319543000194244,6.471049999618117,37.3597669999981,0.3029392482517482,1664,0,0,805,0.9914596273291926,0
15.82823,11,0,0,0,0.0,35.892100000182836,6.316301999959251,35.925125000176195,0.3027573027573027,1665,0,0,805,0.9923136645962732,0
15.86498,11,0,0,0,0.0,36.70745999988867,6.303010000010545,36.7415819996495,0.3025755756848194,1666,0,0,805,0.993167701863354,0
15.90129,11,0,0,0,0.0,36.26239000004716,6.366755000271951,36.298317999808205,0.30239406664121726,1667,0,0,805,0.9940217391304348,0
15.93723,11,0,0,0,0.0,35.89672899988727,6.25147399978232,35.929487999965204,0.30221277523435797,1668,0,0,805,0.9948757763975156,0
15.97352,11,0,0,0,0.0,36.24568600025668,6.384837000041443,36.28457599961621,0.3020317010730432,1669,0,0,807,0.9932620817843866,0
16.00959,11,0,0,0,0.0,36.02843599992411,6.305838999651314,36.06775199978074,0.30185084376701143,1670,0,0,808,0.9928836633663366,0
16.04537,11,0,0,0,0.0,35.74039900013304,6.358966999869153,35.77241999983016,0.30167020292693547,1671,0,0,808,0.9937345297029703,0
16.0816,11,0,0,0,0.0,36.1863190000804,6.340934999570891,36.224877999757155,0.30148977816441935,1672,0,0,809,0.9933559950556242,0
16.11779,11,0,0,0,0.0,36.145764000139025,6.36124499988,36.181630000100995,0.3013095690919959,1673,0,0,809,0.9942058096415327,0
16.15396,11,0,0,0,0.0,36.1067720000392,6.313225999747374,36.158332000013615,0.3011295753231237,1674,0,0,810,0.9938271604938271,0
16.18995,11,0,0,0,0.0,35.951487999682286,6.347352000375395,35.9848170000987,0.30094979647218456,1675,0,0,810,0.9946759259259259,0
16.226,11,0,0,0,0.0,36.005022000153986,6.342913000025874,36.04084900007365,0.3007702321544804,1676,0,0,810,0.9955246913580247,0
16.26218,11,0,0,0,0.0,36.137297000095714,6.4948210001603,36.17608600006861,0.30059088198623085,1677,0,0,812,0.9939193349753694,0
16.29816,11,0,0,0,0.0,35.93376200024068,6.3921080000000075,35.97117300023456,0.3004117455845704,1678,0,0,813,0.9935424354243543,0
16.33447,11,0,0,0,0.0,36.26222699995196,6.405121999705443,36.299026000051526,0.3002328225675456,1679,0,0,814,0.993166461916462,0
16.37086,11,0,0,0,0.0,36.33804599985524,6.36694200011334,36.37906399990243,0.3000541125541125,1680,0,0,816,0.9915747549019608,0
16.4069,11,0,0,0,0.0,36.001477999889175,6.345589999909862,36.035783999977866,0.29987561516413386,1681,0,0,816,0.9924172794117647,0
16.44381,11,0,0,0,0.0,36.84710300012739,6.375982999998087,36.91107499980717,0.2996973300183764,1682,0,0,710,0.9933978873239436,0
16.47914,10,0,0,0,0.0,35.279868000088754,5.6376880002062535,35.31347399984952,0.3102078239608802,1636,0,0,710,0.9942781690140845,0
16.51468,10,0,0,0,0.0,35.497065000072325,5.643409999720461,35.53289000001314,0.3100183262064753,1637,0,0,710,0.9951584507042254,0
16.55018,10,0,0,0,0.0,35.45581399976072,5.604205000054208,35.49377399986042,0.30982905982905984,1638,0,0,712,0.9932408707865169,0
16.58504,10,0,0,0,0.0,34.80922800008557,5.6359990003329585,34.85188900003777,0.30964002440512506,1639,0,0,713,0.9927244039270687,0
16.62048,10,0,0,0,0.0,35.39276199990127,5.739732000165532,35.42801300000065,0.3094512195121951,1640,0,0,713,0.9936009817671809,0
16.65487,10,0,0,0,0.0,34.3417489998501,5.613311999695725,34.392460999697505,0.3092626447288239,1641,0,0,611,0.9925327332242226,0
16.68904,9,0,0,0,0.0,34.12459199989826,4.807207999874663,34.15350000022954,0.32449178501810083,1596,0,0,611,0.9934533551554828,0
16.72259,9,0,0,0,0.0,33.509791000142286,4.864587000156462,33.53992799975458,0.32428859667431986,1597,0,0,612,0.9927491830065359,0
16.75644,9,0,0,0,0.0,33.81634100014708,4.82541500014122,33.84307500027717,0.32408566263384786,1598,0,0,612,0.9936683006535948,0
16.79052,9,0,0,0,0.0,34.05105199999525,4.907040000034613,34.08027400018909,0.3238829824195678,1599,0,0,612,0.9945874183006536,0
16.82465,9,0,0,0,0.0,34.08923300003153,5.151376000412711,34.12038800024675,0.3236805555555555,1600,0,0,614,0.9922638436482085,0
16.85914,9,0,0,0,0.0,34.45850200023415,4.8521339999751945,34.490688999994745,0.3234783815670761,1601,0,0,615,0.9915650406504065,0
16.89391,9,0,0,0,0.0,34.72727600001235,5.048003999945649,34.759211000164214,0.32327645998057986,1602,0,0,615,0.9924796747967479,0
16.92801,9,0,0,0,0.0,34.056329999657464,4.919954999877518,34.09209999972518,0.32307479032369857,1603,0,0,616,0.9917816558441559,0
16.96228,9,0,0,0,0.0,34.20784599984472,5.021530999783863,34.26090699986162,0.3228733721252425,1604,0,0,515,0.9925970873786408,0
16.99493,8,0,0,0,0.0,32.61836799993034,3.994018999947002,32.6502560001245,0.18923473433782712,1261,0,0,515,0.9935679611650485,0
17.02758,8,0,0,0,0.0,32.60843099997146,3.9858840000306373,32.642388999647665,0.18908478605388268,1262,0,0,515,0.9945388349514563,0
17.06015,8,0,0,0,0.0,32.527436000236776,4.025504999844998,32.55992699996568,0.18893507521773556,1263,0,0,515,0.995509708737864,0
17.09338,8,0,0,0,0.0,33.185574999606615,4.022181999971508,33.221823000076256,0.18878560126582278,1264,0,0,517,0.9926257253384912,0
17.12596,8,0,0,0,0.0,32.53651000022728,4.028333999940514,32.571752999956516,0.1886363636363636,1265,0,0,518,0.9916747104247104,0
17.15936,8,0,0,0,0.0,33.359579000261874,3.982192999956169,33.39686100025574,0.18848736176935232,1266,0,0,518,0.9926399613899614,0
17.19272,8,0,0,0,0.0,33.29319500016936,4.070084999966639,33.33132599982491,0.18833859510655093,1267,0,0,519,0.9916907514450867,0
17.22629,8,0,0,0,0.0,33.53259799996522,4.14186600028188,33.56597199990574,0.18819006309148267,1268,0,0,519,0.9926541425818882,0
17.26039,8,0,0,0,0.0,34.05671100017571,4.063799000050494,34.09166400024333,0.18804176516942472,1269,0,0,520,0.9917067307692308,0
17.29394,8,0,0,0,0.0,33.505739999782236,4.049782000038249,33.538431999659224,0.18789370078740153,1270,0,0,520,0.9926682692307692,0
17.32726,8,0,0,0,0.0,33.27333900006124,4.082452000147896,33.31372000002375,0.1877458693941778,1271,0,0,520,0.9936298076923077,0
17.36092,8,0,0,0,0.0,33.61659199981659,4.143553000176325,33.6508049999793,0.18759827044025157,1272,0,0,521,0.9926823416506718,0
17.39351,8,0,0,0,0.0,32.54758600041896,4.049398000006477,32.581421000031696,0.18745090337784764,1273,0,0,522,0.9917385057471264,0
17.4263,8,0,0,0,0.0,32.75521000023218,4.00168299984216,32.78685099985523,0.1873037676609105,1274,0,0,522,0.9926963601532567,0
17.4589,8,0,0,0,0.0,32.55738100006056,4.0152019996639865,32.58834100006425,0.18715686274509802,1275,0,0,523,0.9917543021032504,0
17.49128,8,0,0,0,0.0,32.3496230003002,3.9809820000300533,32.375690000208124,0.18701018808777425,1276,0,0,523,0.9927103250478011,0
17.52351,8,0,0,0,0.0,32.19542699980593,4.004658999747335,32.223972999872785,0.18686374314800314,1277,0,0,523,0.9936663479923518,0
17.55588,8,0,0,0,0.0,32.33248900005492,3.989040999840654,32.35992500003704,0.18671752738654146,1278,0,0,523,0.9946223709369025,0
17.58759,8,0,0,0,0.0,31.679260000146314,4.020901000330923,31.70699300017077,0.18657154026583267,1279,0,0,523,0.9955783938814532,0
17.61989,8,0,0,0,0.0,32.263383000099566,4.011702999832778,32.29471300028308,0.18642578124999998,1280,0,0,525,0.9927380952380952,0
17.65257,8,0,0,0,0.0,32.63740800002779,4.020166000373138,32.66747799989389,0.18628024980483993,1281,0,0,526,0.9918013307984791,0
17.68496,8,0,0,0,0.0,32.34655500000372,4.005299999789713,32.38798699976542,0.18613494539781594,1282,0,0,453,0.9926876379690949,0
17.7169,7,0,0,0,0.0,31.898973999886948,3.56626300026619,31.93050200025027,0.19886426901235943,1283,0,0,454,0.9914647577092511,0
17.74891,7,0,0,0,0.0,31.971130999863817,3.5566210003707965,31.997721000152524,0.19870939029817536,1284,0,0,454,0.9924284140969163,0
17.78067,7,0,0,0,0.0,31.729239000014786,3.5582279997470323,31.75768400024026,0.19855475264035571,1285,0,0,455,0.9912087912087912,0
17.81361,7,0,0,0,0.0,32.905716999721335,3.632943999946292,32.93470700009493,0.19840035547656076,1286,0,0,455,0.9921703296703297,0
17.84574,7,0,0,0,0.0,32.09365300017453,3.6630439999498776,32.11996000027284,0.19824619824619827,1287,0,0,455,0.9931318681318682,0
17.87897,7,0,0,0,0.0,33.18566899997677,3.6225710000508116,33.21680399994875,0.19809228039041704,1288,0,0,456,0.9919133771929824,0
17.91107,7,0,0,0,0.0,32.07050299988623,3.6464099998738675,32.102953999583406,0.19793860135210017,1289,0,0,457,0.9907002188183808,0
17.94301,7,0,0,0,0.0,31.90398800006733,3.61437899982775,31.928807999975106,0.19778516057585827,1290,0,0,457,0.9916575492341356,0
17.97507,7,0,0,0,0.0,32.01312099963616,3.5836930001096334,32.05332800007454,0.19763195750802254,1291,0,0,406,0.9923029556650246,0
18.00775,6,0,0,0,0.0,32.647701000314555,3.231708999919647,32.67634199983149,0.16847265221878227,1292,0,0,406,0.9932266009852216,0
18.03956,6,0,0,0,0.0,31.774868000411516,3.2191569998758496,31.79968499989627,0.16834235627739103,1293,0,0,406,0.9941502463054187,0
18.07102,6,0,0,0,0.0,31.42293700011578,3.210629000022891,31.457111000236182,0.16821226172076253,1294,0,0,325,0.995,0
18.10132,5,0,0,0,0.0,30.26537300002019,2.6318029999856662,30.291393999959837,0.20092664092664092,1295,0,0,325,0.9959615384615385,0
18.13213,5,0,0,0,0.0,30.768958999942697,2.616816999761795,30.7992979996925,0.20077160493827162,1296,0,0,326,0.9938650306748467,0
18.16387,5,0,0,0,0.0,31.70812799999112,2.6455430001988134,31.736982999973407,0.20061680801850423,1297,0,0,327,0.9917813455657493,0
18.19504,5,0,0,0,0.0,31.135371000345913,2.683210999748553,31.162784000116517,0.20046224961479198,1298,0,0,327,0.992737003058104,0
18.22589,5,0,0,0,0.0,30.814307000127883,2.6603400001476984,30.8426110000255,0.20030792917628948,1299,0,0,328,0.9906631097560976,0
18.25685,5,0,0,0,0.0,30.93217800005732,2.7145020003445097,30.956189000335144,0.20015384615384613,1300,0,0,328,0.9916158536585366,0
18.28752,5,0,0,0,0.0,30.63427799997953,2.625333999731083,30.658631000278547,0.19999999999999996,1301,0,0,328,0.9925685975609756,0
18.31842,5,0,0,0,0.0,30.87826299997687,2.6500849999138154,30.903517000297143,0.19984639016897077,1302,0,0,328,0.9935213414634146,0
18.34975,5,0,0,0,0.0,31.290908999835665,2.6992889997927705,31.31472599989138,0.1996930161166539,1303,0,0,328,0.9944740853658537,0
18.38047,5,0,0,0,0.0,30.68957000004957,2.672997999979998,30.714916000306403,0.1995398773006135,1304,0,0,329,0.9924012158054711,0
18.41124,5,0,0,0,0.0,30.738691999886214,2.6491120001992385,30.763423000280454,0.1993869731800766,1305,0,0,330,0.9903409090909091,0
18.44196,5,0,0,0,0.0,30.687015999774303,2.6547400002527866,30.718121000063547,0.1992343032159265,1306,0,0,330,0.9912878787878788,0
18.47261,5,0,0,0,0.0,30.618082999808394,2.6580439998724614,30.64143600022362,0.1990818668706963,1307,0,0,330,0.9922348484848484,0
18.50362,5,0,0,0,0.0,30.9830559999682,2.697444999739673,31.006330999844067,0.19892966360856268,1308,0,0,330,0.9931818181818182,0
18.56055,6,1,0,708,25.846803999684198,31.020940999951563,3.018855999926018,56.92116799991709,0.24216959511077163,1309,0,0,375,0.993,0
18.5915,6,0,0,0,0.0,30.924801000310254,3.0030759999135626,30.94874999987951,0.24198473282442745,1310,0,0,375,0.994,0
18.62178,6,0,0,0,0.0,30.24524400007067,3.0048819999137777,30.267068999819458,0.2418001525553013,1311,0,0,375,0.995,0
18.67996,7,1,0,865,26.59924099998534,31.53764799981218,3.4859800002777774,58.18365100003575,0.25577090592334495,1312,0,0,431,0.992169373549884,0
18.71177,7,0,0,0,0.0,31.765876000008575,3.4431179997227446,31.800842999928136,0.25557610706125555,1313,0,0,432,0.9908854166666666,0
18.74456,7,0,0,0,0.0,32.7551720001793,3.4799750001184293,32.78497500014055,0.25538160469667315,1314,0,0,432,0.9918981481481481,0
18.77743,7,0,0,0,0.0,32.821249999869906,3.5589640001489897,32.86082099975829,0.2551873981531776,1315,0,0,433,0.9906177829099307,0
18.81008,7,0,0,0,0.0,32.60951099991871,3.49634199983484,32.641486000102304,0.25499348675640465,1316,0,0,433,0.9916281755196305,0
18.84445,7,0,0,0,0.0,34.31425600001603,3.5612680003396235,34.35928099997909,0.25479986983403835,1317,0,0,356,0.9933286516853933,0
18.87773,6,0,0,0,0.0,33.24280600008933,3.0172850001690676,33.27773299997716,0.2845220030349014,1318,0,0,356,0.9943820224719101,0
18.91108,6,0,0,0,0.0,33.30818700032978,3.1047759998727997,33.34436800014373,0.28430629264594387,1319,0,0,356,0.995435393258427,0
18.94355,6,0,0,0,0.0,32.4247399998967,3.048430000035296,32.45879899986903,0.28409090909090906,1320,0,0,357,0.9936974789915967,0
18.97607,6,0,0,0,0.0,32.47810999982903,3.0274609998741653,32.514026000171725,0.2838758516275549,1321,0,0,359,0.9892061281337048,0
19.00971,6,0,0,0,0.0,33.59766299990952,3.0225109999264532,33.63373899992439,0.283661119515885,1322,0,0,359,0.9902506963788301,0
19.04311,6,0,0,0,0.0,33.356596999965404,3.1235639999067644,33.38597999982085,0.28344671201814053,1323,0,0,359,0.9912952646239555,0
19.07573,6,0,0,0,0.0,32.58805300038148,3.0257710000114457,32.62445400014258,0.2832326283987915,1324,0,0,359,0.9923398328690808,0
19.10777,6,0,0,0,0.0,31.987178000235872,3.0768950000492623,32.020477000060055,0.28301886792452835,1325,0,0,359,0.9933844011142061,0
19.13985,6,0,0,0,0.0,32.04365300007339,3.029099999821483,32.07267800007685,0.2828054298642534,1326,0,0,359,0.9944289693593314,0
19.17125,6,0,0,0,0.0,31.358644999727403,3.045657999791729,31.400589999975637,0.2825923134890731,1327,0,0,360,0.9927083333333333,0
19.20325,6,0,0,0,0.0,31.940163999934157,3.0176290001691086,31.98681599997144,0.2823795180722891,1328,0,0,361,0.9909972299168975,0
19.23634,6,0,0,0,0.0,33.04716999991797,3.0719110000063665,33.084051000059844,0.28216704288939054,1329,0,0,362,0.9892955801104972,0
19.26801,6,0,0,0,0.0,31.634005999876535,3.0129689998830145,31.65945599994302,0.28195488721804507,1330,0,0,362,0.9903314917127072,0
19.30014,6,0,0,0,0.0,32.076448000225355,2.9678659998353396,32.10483100019701,0.28174305033809166,1331,0,0,362,0.9913674033149171,0
19.33237,6,0,0,0,0.0,32.19643900001756,3.051554999728978,32.222913000168774,0.28153153153153154,1332,0,0,362,0.9924033149171271,0
19.36436,6,0,0,0,0.0,31.961346000116464,2.9848680001123284,31.98768700030996,0.28132033008252066,1333,0,0,362,0.993439226519337,0
19.39664,6,0,0,0,0.0,32.24795100004485,2.9862629999115597,32.27573100002701,0.28110944527736137,1334,0,0,362,0.994475138121547,0
19.42774,6,0,0,0,0.0,31.060496999998577,3.0196689999684168,31.08892900036153,0.2808988764044944,1335,0,0,362,0.9955110497237569,0
19.46087,6,0,0,0,0.0,33.08881700013444,3.0129730002954602,33.12426200000118,0.280688622754491,1336,0,0,363,0.993801652892562,0
19.49425,6,0,0,0,0.0,33.32693299989842,3.0783029997110134,33.373470999777055,0.2804786836200449,1337,0,0,365,0.9893835616438356,0
19.52736,6,0,0,0,0.0,33.067065000068396,3.055037000194716,33.10192900016773,0.28026905829596416,1338,0,0,365,0.9904109589041096,0
19.55992,6,0,0,0,0.0,32.51708600009806,3.095769000083237,32.54623200018614,0.2800597460791635,1339,0,0,365,0.9914383561643836,0
19.5921,6,0,0,0,0.0,32.14898600026572,3.0797019999226904,32.177182999930665,0.2798507462686567,1340,0,0,365,0.9924657534246575,0
19.62434,6,0,0,0,0.0,32.19982099972185,3.0601399998886336,32.2324299995671,0.2796420581655481,1341,0,0,365,0.9934931506849315,0
19.65813,6,0,0,0,0.0,33.73971699966205,3.100633000030939,33.784894999826065,0.27943368107302535,1342,0,0,296,0.995143581081081,0
19.68994,5,0,0,0,0.0,31.76485500034687,2.6243299998895964,31.799054000202887,0.298138495904691,1343,0,0,297,0.9928451178451179,0
19.72156,5,0,0,0,0.0,31.575523000356043,2.616078999835736,31.611535000138247,0.2979166666666667,1344,0,0,298,0.9905620805369127,0
19.75306,5,0,0,0,0.0,31.463959000120667,2.5922429999809538,31.494887999997445,0.29769516728624534,1345,0,0,299,0.9882943143812709,0
19.78439,5,0,0,0,0.0,31.28793299993049,2.5780810001378995,31.318407000071602,0.29747399702823185,1346,0,0,299,0.9893394648829431,0
19.81728,5,0,0,0,0.0,32.85646800031827,2.567090999946231,32.88844700000482,0.2972531551596139,1347,0,0,299,0.9903846153846154,0
19.85017,5,0,0,0,0.0,32.849132000137615,2.6319399999010784,32.88215200018385,0.29703264094955495,1348,0,0,299,0.9914297658862876,0
19.88359,5,0,0,0,0.0,33.38558200039188,2.7530289999049273,33.41598299994075,0.2968124536693847,1349,0,0,299,0.9924749163879598,0
19.94472,6,1,0,1246,28.65205900025103,32.40426700040189,3.10953200005315,61.115848000099504,0.26,1350,0,0,377,0.9946949602122016,0
19.97662,6,0,0,0,0.0,31.855598000220198,3.14274500033207,31.897836000098323,0.2598075499629904,1351,0,0,316,0.9966376582278481,0
20.00961,5,0,0,0,0.0,32.942355000159296,2.7135079999425216,32.97968500010029,0.25458579881656807,1352,0,0,317,0.9944794952681388,0
20.04263,5,0,0,0,0.0,32.971654999983,2.762585999789735,33.00502100000813,0.25439763488543976,1353,0,0,319,0.9892241379310345,0
20.0758,5,0,0,0,0.0,33.13670099987576,2.7615560002232087,33.169279000048846,0.2542097488921713,1354,0,0,319,0.9902037617554859,0
20.108,5,0,0,0,0.0,32.14665499990588,2.7115479997519287,32.177549000152794,0.25402214022140224,1355,0,0,319,0.9911833855799373,0
20.13959,5,0,0,0,0.0,31.547860000046057,2.688580000267393,31.578315000388102,0.25383480825958704,1356,0,0,319,0.9921630094043887,0
20.17128,5,0,0,0,0.0,31.658454000080383,2.7236559999437304,31.685779000326875,0.25364775239498893,1357,0,0,319,0.9931426332288401,0
20.20321,5,0,0,0,0.0,31.894787999590335,2.6939310000670957,31.92770500027109,0.25346097201767304,1358,0,0,319,0.9941222570532915,0
20.2352,5,0,0,0,0.0,31.935146000250825,2.7692280000337632,31.97864000003392,0.2532744665194996,1359,0,0,320,0.9919921875,0
20.26772,5,0,0,0,0.0,32.46263699975316,2.732960999765055,32.5012630000856,0.2530882352941176,1360,0,0,321,0.9898753894080997,0
20.29937,5,0,0,0,0.0,31.61768600011783,2.6868079999076144,31.646704000195314,0.25290227773695817,1361,0,0,321,0.9908489096573209,0
20.33121,5,0,0,0,0.0,31.7987550001817,2.6989689999936672,31.82654600004753,0.25271659324522766,1362,0,0,321,0.991822429906542,0
20.36334,5,0,0,0,0.0,32.09600899981524,2.7210700000068755,32.12732400015739,0.25253118121790163,1363,0,0,321,0.9927959501557633,0
20.39574,5,0,0,0,0.0,32.3634710002807,2.746727000157989,32.399148999957106,0.25234604105571845,1364,0,0,321,0.9937694704049844,0
20.42802,5,0,0,0,0.0,32.23224199973629,2.7773110000453016,32.26381100012077,0.2521611721611722,1365,0,0,321,0.9947429906542056,0
20.45975,5,0,0,0,0.0,31.693481000274915,2.7119159999529074,31.720503000087774,0.2519765739385066,1366,0,0,321,0.9957165109034268,0
20.49055,5,0,0,0,0.0,30.77217899999596,2.696194999771251,30.799753999872337,0.25179224579370885,1367,0,0,321,0.996690031152648,0
20.52206,5,0,0,0,0.0,31.464736000089033,2.6917649997812987,31.49899399977585,0.25160818713450295,1368,0,0,322,0.9945652173913043,0
20.5546,5,0,0,0,0.0,32.49875099982091,2.7791080001406954,32.53136200009976,0.2514243973703433,1369,0,0,324,0.9893904320987654,0
20.58654,5,0,0,0,0.0,31.901754000045912,2.785800999845378,31.93457399993349,0.25124087591240873,1370,0,0,324,0.9903549382716049,0
20.61856,5,0,0,0,0.0,31.98186200006603,2.743484000347962,32.0129229999111,0.25105762217359595,1371,0,0,324,0.9913194444444444,0
20.65029,5,0,0,0,0.0,31.693406000158575,2.7172300001439,31.72133299995039,0.2508746355685131,1372,0,0,324,0.9922839506172839,0
20.68189,5,0,0,0,0.0,31.560869999793795,2.7202520000173536,31.59186699986094,0.25069191551347414,1373,0,0,324,0.9932484567901234,0
20.71346,5,0,0,0,0.0,31.533582000065508,2.686003999770037,31.56554299994241,0.250509461426492,1374,0,0,324,0.9942129629629629,0
20.74493,5,0,0,0,0.0,31.423475999872608,2.7182009998796275,31.457523999961268,0.25032727272727273,1375,0,0,325,0.9921153846153846,0
20.77655,5,0,0,0,0.0,31.588467999881686,2.7605370000856055,31.621060999896144,0.2501453488372093,1376,0,0,326,0.9900306748466258,0
20.80793,5,0,0,0,0.0,31.343806999757362,2.729484000155935,31.372056999771303,0.2499636891793755,1377,0,0,326,0.990989263803681,0
20.86843,6,1,0,524,27.348593000169785,33.082212999943295,3.04246299992883,60.49045200006731,0.31144170295113693,1378,0,0,359,0.9921657381615598,0
20.90172,6,0,0,0,0.0,33.2470429998466,3.1856619998507085,33.286479000253166,0.31121585690113607,1379,0,0,359,0.9932103064066853,0
20.9347,6,0,0,0,0.0,32.92678700017859,3.2319250003638444,32.96373500006666,0.31099033816425126,1380,0,0,359,0.9942548746518106,0
20.96793,6,0,0,0,0.0,33.19399800011524,3.1132359999901382,33.22781099996064,0.31076514602944727,1381,0,0,359,0.995299442896936,0
21.0299,7,1,0,1088,28.13460599963946,33.757615000013175,3.532063999955426,61.961215999872366,0.29656812073599337,1382,0,0,429,0.9924242424242424,0
21.06332,7,0,0,0,0.0,33.37520400009453,3.6747160002050805,33.40877900018313,0.29635368247081917,1383,0,0,429,0.9934440559440559,0
21.09694,7,0,0,0,0.0,33.57610000011846,3.586075999919558,33.61251399974208,0.296139554087531,1384,0,0,430,0.9921511627906977,0
21.13045,7,0,0,0,0.0,33.472738999989815,3.5871780000888975,33.50834000002578,0.2959257349149046,1385,0,0,432,0.9885706018518519,0
21.164,7,0,0,0,0.0,33.50902900001529,3.566196000065247,33.540219999849796,0.29571222428365285,1386,0,0,432,0.9895833333333334,0
21.19761,7,0,0,0,0.0,33.57361799999126,3.6667899998974463,33.60559700013255,0.2954990215264188,1387,0,0,432,0.9905960648148148,0
21.23101,7,0,0,0,0.0,33.35912800002916,3.5843970003952563,33.39083900027617,0.2952861259777686,1388,0,0,432,0.9916087962962963,0
21.26457,7,0,0,0,0.0,33.51919299984729,3.5832769999615266,33.54936399955477,0.2950735369741849,1389,0,0,432,0.9926215277777778,0
21.29852,7,0,0,0,0.0,33.91261599972495,3.584408999813604,33.94462200003545,0.2948612538540596,1390,0,0,432,0.9936342592592593,0
21.3308,7,0,0,0,0.0,32.23223399982089,3.6160750000817643,32.26795499995205,0.2946492759576872,1391,0,0,433,0.9923498845265589,0
21.36407,7,0,0,0,0.0,33.20879300008528,3.604127000016888,33.244502000343346,0.2944376026272578,1392,0,0,434,0.9910714285714286,0
21.39703,7,0,0,0,0.0,32.9255180004111,3.5904060000575555,32.956669999748556,0.2942262332068506,1393,0,0,434,0.9920794930875576,0
21.42967,7,0,0,0,0.0,32.59776300001249,3.57986000017263,32.630105999942316,0.2940151670424267,1394,0,0,434,0.9930875576036866,0
21.4618,7,0,0,0,0.0,32.08959400035383,3.5845309998876473,32.11617100032527,0.2938044034818228,1395,0,0,434,0.9940956221198156,0
21.49457,7,0,0,0,0.0,32.724963999953616,3.535662000103912,32.7777249999599,0.2935939418747442,1396,0,0,434,0.9951036866359447,0
21.52718,7,0,0,0,0.0,32.557427999563515,3.6522700002024067,32.59173800006465,0.2933837815727579,1397,0,0,434,0.9961117511520737,0
21.56015,7,0,0,0,0.0,32.92829600013647,3.597646000343957,32.963672000278166,0.2931739219292867,1398,0,0,436,0.992545871559633,0
21.59238,7,0,0,0,0.0,32.195530999615585,3.6289310000938713,32.22866099986277,0.29296436229960177,1399,0,0,436,0.9935493119266054,0
21.62549,7,0,0,0,0.0,33.04821699975946,3.6213690000295173,33.10581799996726,0.29275510204081634,1400,0,0,349,0.9915830945558739,0
21.65786,6,0,0,0,0.0,32.318602000032115,2.9610669998874073,32.353298000089126,0.2884862503212542,1297,0,0,351,0.9870014245014245,0
21.69021,6,0,0,0,0.0,32.315996999841445,2.9561649998868234,32.347145000130695,0.2882639958911145,1298,0,0,351,0.9880698005698005,0
21.7226,6,0,0,0,0.0,32.315449999714474,2.9357419998632395,32.349109000278986,0.2880420836540929,1299,0,0,351,0.9891381766381766,0
21.75459,6,0,0,0,0.0,31.94495099978667,2.96389300001465,31.97285800024474,0.2878205128205128,1300,0,0,351,0.9902065527065527,0
21.7862,6,0,0,0,0.0,31.57594100002825,2.9578389999187493,31.608419999884063,0.28759928260312584,1301,0,0,351,0.9912749287749287,0
21.8185,6,0,0,0,0.0,32.256001999940054,2.958669999770791,32.297154999923805,0.28737839221710193,1302,0,0,351,0.9923433048433048,0
21.84983,6,0,0,0,0.0,31.26917899999171,2.978829999847221,31.316229999902134,0.2871578408800205,1303,0,0,352,0.9905894886363636,0
21.88255,6,0,0,0,0.0,32.676852000349754,3.0120340002213197,32.71074300027976,0.28693762781186094,1304,0,0,352,0.9916548295454546,0
21.9435,7,1,0,570,27.59881800011499,33.28113299994584,3.3705589999044605,60.94590600014271,0.3262178434592228,1305,0,0,388,0.992590206185567,0
22.00472,8,1,0,560,26.941563000036695,34.20723899989753,3.612054999848624,61.21480999991036,0.35662327718223585,1306,0,0,424,0.9920400943396226,0
22.03852,8,0,0,0,0.0,33.754669000245485,3.706813000007969,33.785919999900216,0.35635042081101764,1307,0,0,424,0.9932193396226415,0
22.07221,8,0,0,0,0.0,33.652738999990106,3.646440000011353,33.68268699978216,0.35607798165137616,1308,0,0,424,0.9943985849056604,0
22.10512,8,0,0,0,0.0,32.87382299959063,3.639594000105717,32.90794599979563,0.35580595874713516,1309,0,0,424,0.9955778301886793,0
22.13843,8,0,0,0,0.0,33.25810999967871,3.604713000186166,33.29937000034988,0.3555343511450382,1310,0,0,426,0.9920774647887324,0
22.17258,8,0,0,0,0.0,34.0996179998001,3.6435209999581275,34.136005000164005,0.35526315789473684,1311,0,0,427,0.9909250585480094,0
22.20769,8,0,0,0,0.0,35.06621999986237,3.770630999952118,35.10299500021574,0.3549923780487805,1312,0,0,428,0.9897780373831776,0
22.24287,8,0,0,0,0.0,35.13205499984906,3.780074000133027,35.177017000023625,0.35472201066260467,1313,0,0,430,0.9863372093023256,0
22.27815,8,0,0,0,0.0,35.235580999597005,3.7661429996660445,35.26862699982303,0.3544520547945206,1314,0,0,430,0.9875,0
22.31269,8,0,0,0,0.0,34.50139999995372,3.768184999898949,34.53558000001067,0.3541825095057034,1315,0,0,430,0.9886627906976744,0
22.34734,8,0,0,0,0.0,34.61379500004114,3.811044000030961,34.64649099987582,0.3539133738601824,1316,0,0,430,0.9898255813953488,0
22.38176,8,0,0,0,0.0,34.37603599968497,3.966110999954253,34.40735899994252,0.3536446469248291,1317,0,0,430,0.9909883720930233,0
22.4156,8,0,0,0,0.0,33.80066799991255,3.742595999938203,33.83457400013867,0.35337632776934746,1318,0,0,430,0.9921511627906977,0
22.44919,8,0,0,0,0.0,33.55061000002024,3.7804490002599778,33.584296999833896,0.35310841546626237,1319,0,0,431,0.9910092807424594,0
22.48349,8,0,0,0,0.0,34.25728299998809,3.88111599977492,34.290839999812306,0.35284090909090904,1320,0,0,431,0.992169373549884,0
22.51748,8,0,0,0,0.0,33.94867799988788,3.7767150001855043,33.98225099999763,0.3525738077214232,1321,0,0,431,0.9933294663573086,0
22.55177,8,0,0,0,0.0,34.24567899992326,3.7451920002240513,34.27934399996957,0.3523071104387292,1322,0,0,432,0.9921875,0
22.58602,8,0,0,0,0.0,34.20845600021494,3.7595650001094327,34.24113499977466,0.3520408163265306,1323,0,0,432,0.9933449074074074,0
22.6482,9,1,0,1471,27.800996999758354,34.30706299968733,4.462560999854759,62.17571199977101,0.3702696578291411,1471,0,0,524,0.9954675572519084,0
22.68296,9,0,0,0,0.0,34.700978999808285,4.6585600002799765,34.75030499976128,0.37001811594202894,1472,0,0,471,0.9944267515923567,0
22.71713,8,0,0,0,0.0,34.12682099997255,4.02663000022585,34.16580699968108,0.36405295315682284,1473,0,0,473,0.9912790697674418,0
22.75202,8,0,0,0,0.0,34.846418000142876,4.076971999893431,34.880286999850796,0.36380597014925375,1474,0,0,474,0.9902426160337553,0
22.7867,8,0,0,0,0.0,34.63691299975835,4.121929000120872,34.67394399967816,0.3635593220338983,1475,0,0,475,0.9892105263157894,0
22.8215,8,0,0,0,0.0,34.75587200000518,4.052243000387534,34.795805999692675,0.36331300813008127,1476,0,0,476,0.9881827731092437,0
22.85663,8,0,0,0,0.0,35.083678000319196,4.063777000283153,35.11780100006945,0.36306702775897093,1477,0,0,476,0.989233193277311,0
22.89202,8,0,0,0,0.0,35.34843400029786,4.18638600012855,35.38124299984702,0.36282138024357236,1478,0,0,476,0.9902836134453782,0
22.92641,8,0,0,0,0.0,34.354196999629494,4.110627999580174,34.386961000109295,0.3625760649087221,1479,0,0,476,0.9913340336134454,0
22.96274,8,0,0,0,0.0,36.282467000091856,4.105395999886241,36.31580399996892,0.36233108108108103,1480,0,0,476,0.9923844537815126,0
22.99827,8,0,0,0,0.0,35.490216000198416,4.208438000205206,35.52235400002246,0.36208642808912894,1481,0,0,476,0.9934348739495799,0
23.03367,8,0,0,0,0.0,35.35570700023527,4.125875000227097,35.394331000134116,0.36184210526315785,1482,0,0,477,0.9924004192872118,0
23.06929,8,0,0,0,0.0,35.5801889995746,4.12487899984626,35.61475899959987,0.36159811193526636,1483,0,0,477,0.9934486373165619,0
23.10511,8,0,0,0,0.0,35.774870999830455,4.140581000228849,35.807055000077526,0.3613544474393531,1484,0,0,477,0.9944968553459119,0
23.13924,8,0,0,0,0.0,34.094364999873505,4.091493000032642,34.13039600036427,0.36111111111111116,1485,0,0,478,0.9934623430962343,0
23.17381,8,0,0,0,0.0,34.53309599990462,4.058171999986371,34.579436000058195,0.3608681022880216,1486,0,0,478,0.9945083682008368,0
23.23265,9,1,0,1179,26.499683000110963,32.24939999972776,4.511701999945217,58.8049940001838,0.3435702010012702,1487,0,0,552,0.995697463768116,0
23.29259,10,1,0,1065,27.03995699994266,32.84396199978801,4.887504000180343,59.934337999948184,0.3374327956989247,1488,0,0,620,0.994858870967742,0
23.32536,10,0,0,0,0.0,32.738610000251356,4.915547000109655,32.768469999609806,0.33720617864338487,1489,0,0,622,0.9926647909967846,0
23.35886,10,0,0,0,0.0,33.45785999999862,4.890000000159489,33.48816299967439,0.33697986577181205,1490,0,0,623,0.9920746388443018,0
23.39227,10,0,0,0,0.0,33.371200999681605,4.976199999873643,33.406346999981906,0.3367538564721664,1491,0,0,624,0.9914863782051282,0
23.42563,10,0,0,0,0.0,33.31007699989641,4.980399000032776,33.34832700011248,0.33652815013404824,1492,0,0,626,0.9893170926517572,0
23.45974,10,0,0,0,0.0,34.07576200015683,5.043268999997963,34.109097000055044,0.33630274614869393,1493,0,0,626,0.9903154952076677,0
23.49322,10,0,0,0,0.0,33.43574099972102,5.000575999929424,33.46829900010562,0.3360776439089692,1494,0,0,626,0.9913138977635783,0
23.52622,10,0,0,0,0.0,32.9534379998222,5.021504000069399,32.98995599971022,0.33585284280936456,1495,0,0,627,0.9907296650717703,0
23.56038,10,0,0,0,0.0,34.121362999940175,5.014085999846429,34.15067700007057,0.33562834224598925,1496,0,0,627,0.9917264752791068,0
23.59472,10,0,0,0,0.0,34.30803299988838,5.075831999874936,34.34306999997716,0.3354041416165665,1497,0,0,627,0.9927232854864434,0
23.62843,10,0,0,0,0.0,33.664574999875185,5.058378000285302,33.700495999710256,0.33518024032042726,1498,0,0,628,0.9921377388535032,0
23.66268,10,0,0,0,0.0,34.20507100008763,5.0350970000181405,34.23823999992237,0.3349566377585057,1499,0,0,628,0.9931329617834395,0
23.69713,10,0,0,0,0.0,34.415030000218394,5.07835200005502,34.45012599968322,0.3347333333333333,1500,0,0,628,0.9941281847133758,0
23.73151,10,0,0,0,0.0,34.32846799978506,5.060172999947099,34.36799099972632,0.334510326449034,1501,0,0,629,0.9935413354531002,0
23.76674,10,0,0,0,0.0,35.19104199995127,5.126230999849213,35.221689000081824,0.3342876165113182,1502,0,0,629,0.9945349761526232,0
23.82886,11,1,0,839,27.66232099975241,34.385917999770754,5.520721999801026,62.11233300018648,0.34385773906731987,1503,0,0,682,0.9951429618768328,0
23.86756,11,0,0,0,0.0,38.66096199999447,5.493429000125616,38.696680999692035,0.3436291102514507,1504,0,0,683,0.9946925329428989,0
23.9021,11,0,0,0,0.0,34.49928100008037,5.521928999769443,34.535011000116356,0.3434007852612504,1505,0,0,685,0.9927919708029197,0
23.93861,11,0,0,0,0.0,36.46698900001866,6.603560000257858,36.505105000287585,0.3431727634914886,1506,0,0,686,0.9923469387755102,0
23.97512,11,0,0,0,0.0,36.45738000022902,5.5816150002101494,36.49553100012781,0.34294504433854134,1507,0,0,687,0.9919032023289666,0
24.01112,11,0,0,0,0.0,35.95748499992624,5.693585000244639,35.99499999972977,0.3427176272003858,1508,0,0,689,0.990021770682148,0
24.04613,11,0,0,0,0.0,34.97153399985109,5.498303999956988,35.00809599972854,0.3424905114765949,1509,0,0,689,0.9910195936139332,0
24.08075,11,0,0,0,0.0,34.56857899982424,5.558349999773782,34.604449000198656,0.34226369656833233,1510,0,0,689,0.9920174165457184,0
24.11457,11,0,0,0,0.0,33.78257100030169,5.5245349999495375,33.82291800016901,0.34203718187834664,1511,0,0,690,0.9915760869565218,0
24.14941,11,0,0,0,0.0,34.779325000272365,5.535388999760471,34.83203699988735,0.3418109668109668,1512,0,0,636,0.9914504716981132,0
24.18487,10,0,0,0,0.0,35.408246999850235,5.253472999811493,35.44427699989683,0.33317911434236613,1513,0,0,636,0.992433176100629,0
24.22029,10,0,0,0,0.0,35.37211399998341,5.258202000277379,35.41192400007276,0.33295904887714667,1514,0,0,637,0.9918563579277865,0
24.25479,10,0,0,0,0.0,34.46179599995958,5.201003999900422,34.4960969996464,0.3327392739273928,1515,0,0,637,0.9928375196232339,0
24.28959,10,0,0,0,0.0,34.74884600018413,5.359141000099044,34.79456900004152,0.33251978891820577,1516,0,0,637,0.9938186813186813,0
24.32355,10,0,0,0,0.0,33.91236400011621,5.143995999787876,33.9489540001523,0.332300593276203,1517,0,0,638,0.9932405956112853,0
24.3577,10,0,0,0,0.0,34.11294299985457,5.115994000334467,34.1438539999217,0.3320816864295125,1518,0,0,638,0.9942202194357367,0
24.39136,10,0,0,0,0.0,33.62233200004994,5.196238000280573,33.65660600002229,0.3318630678077683,1519,0,0,638,0.9951998432601881,0
24.42595,10,0,0,0,0.0,34.54553900019164,5.088060000161931,34.582306999709544,0.33164473684210527,1520,0,0,639,0.9946205007824727,0
24.45988,10,0,0,0,0.0,33.88296199955221,5.1369050001994765,33.91665200024363,0.3314266929651545,1521,0,0,641,0.9924921996879875,0
24.49357,10,0,0,0,0.0,33.6527629997363,5.1044049996562535,33.68659199986723,0.33120893561103815,1522,0,0,642,0.9919197819314641,0
24.52746,10,0,0,0,0.0,33.84969299986551,5.157575999874098,33.8842700002715,0.3309914642153644,1523,0,0,643,0.9913491446345256,0
24.56136,10,0,0,0,0.0,33.85730499985584,5.13280700033647,33.8912510001137,0.3307742782152231,1524,0,0,644,0.9907802795031055,0
24.59507,10,0,0,0,0.0,33.6747030000879,5.14138099970296,33.70601999995415,0.3305573770491803,1525,0,0,644,0.9917507763975155,0
24.62918,10,0,0,0,0.0,34.07346599988159,5.150095999852056,34.10752300032982,0.33034076015727387,1526,0,0,644,0.9927212732919255,0
24.66346,10,0,0,0,0.0,34.2374669999117,5.16333499990651,34.275562000402715,0.3301244269810085,1527,0,0,645,0.9921511627906977,0
24.6983,10,0,0,0,0.0,34.78565299974434,5.215702999976202,34.827250999569515,0.32990837696335074,1528,0,0,646,0.9915828173374613,0
24.73265,10,0,0,0,0.0,34.30764599988834,5.1574849999269645,34.34381599981862,0.3296926095487247,1529,0,0,646,0.9925503095975232,0
24.76676,10,0,0,0,0.0,34.06363599970064,5.16499900004419,34.09697600000072,0.32947712418300656,1530,0,0,647,0.9919822256568779,0
24.80036,10,0,0,0,0.0,33.55843500003175,5.149658999926032,33.59282300016275,0.32926192031352053,1531,0,0,647,0.9929482225656878,0
24.83397,10,0,0,0,0.0,33.56810900004348,5.1175799999327864,33.6026159998255,0.329046997389034,1532,0,0,647,0.9939142194744977,0
24.87231,10,0,0,0,0.0,38.30166999978246,5.199971999900299,38.34032399981879,0.32883235485975215,1533,0,0,648,0.9933449074074074,0
24.90749,10,0,0,0,0.0,35.13606200021968,5.286525999963487,35.17005000003337,0.32861799217731424,1534,0,0,648,0.9943094135802469,0
24.94189,10,0,0,0,0.0,34.35712300006344,5.205673000091338,34.39128900026844,0.3284039087947883,1535,0,0,648,0.9952739197530864,0
24.97734,10,0,0,0,0.0,35.40565699995568,5.175901000256999,35.442064000108076,0.3281901041666667,1536,0,0,649,0.9947033898305084,0
25.01297,10,0,0,0,0.0,35.59051199999885,5.240107999725296,35.63020799992955,0.32797657774886146,1537,0,0,651,0.9926075268817204,0
25.0509,10,0,0,0,0.0,37.88118600004964,5.631087999972806,37.923013999716204,0.32776332899869964,1538,0,0,652,0.9920437116564417,0
25.08634,10,0,0,0,0.0,35.39193999995405,5.317235999882541,35.43248300002233,0.3275503573749188,1539,0,0,653,0.9914816232771823,0
25.1212,10,0,0,0,0.0,34.8134310002024,5.2395599996089,34.85067400015396,0.32733766233766237,1540,0,0,654,0.99092125382263,0
25.15554,10,0,0,0,0.0,34.29702399989765,5.19385699999475,34.33095000036701,0.32712524334847504,1541,0,0,654,0.9918769113149847,0
25.18974,10,0,0,0,0.0,34.154264999870065,5.187879999994038,34.18847700004335,0.32691309987029826,1542,0,0,654,0.9928325688073395,0
25.22371,10,0,0,0,0.0,33.92866800004413,5.2549390002241125,33.96433899979456,0.326701231367466,1543,0,0,655,0.9922709923664123,0
25.25926,10,0,0,0,0.0,35.51060599966149,5.275530999824696,35.547858999962045,0.32648963730569946,1544,0,0,656,0.9917111280487805,0
25.29468,10,0,0,0,0.0,35.374802999740496,5.517016999874613,35.41175500004101,0.32627831715210354,1545,0,0,656,0.9926638719512195,0
25.3293,10,0,0,0,0.0,34.573973000078695,5.292664000080549,34.61293600003046,0.3260672703751617,1546,0,0,657,0.9921042617960426,0
25.36379,10,0,0,0,0.0,34.443790999830526,5.245048999768187,34.47458100026779,0.3258564964447317,1547,0,0,657,0.9930555555555556,0
25.39862,10,0,0,0,0.0,34.797100000105274,5.1976810000269325,34.83125899992956,0.3256459948320414,1548,0,0,657,0.9940068493150684,0
25.43371,10,0,0,0,0.0,35.04120300021896,5.286428000090382,35.079806000339886,0.32543576500968363,1549,0,0,658,0.9934460486322189,0
25.46869,10,0,0,0,0.0,34.935936000238144,5.285301000185427,34.968939000009414,0.3252258064516129,1550,0,0,658,0.9943958966565349,0
25.50263,10,0,0,0,0.0,33.89908499957528,5.324349000147777,33.93387799997072,0.32501611863313995,1551,0,0,658,0.995345744680851,0
25.53672,10,0,0,0,0.0,34.0524580001329,5.2669390001938154,34.089278999999806,0.3248067010309278,1552,0,0,659,0.9947837632776935,0
25.57121,10,0,0,0,0.0,34.435931999723834,5.207517000144435,34.479926000130945,0.32459755312298777,1553,0,0,661,0.9927193645990923,0
25.60623,10,0,0,0,0.0,34.95104800003901,5.402282999966701,35.02342599995245,0.32438867438867436,1554,0,0,574,0.9909625435540069,0
25.64067,9,0,0,0,0.0,34.387527000035334,4.659345999698417,34.42634699968039,0.3496963201143265,1555,0,0,574,0.9919425087108014,0
25.70278,10,1,0,1039,27.854255999955058,34.16729399987162,5.147633999968093,62.09287200044855,0.34775064267352185,1556,0,0,640,0.99208984375,0
25.73673,10,0,0,0,0.0,33.91079599987279,5.161593000138964,33.94663800008857,0.34752729608220934,1557,0,0,641,0.9915171606864275,0
25.77139,10,0,0,0,0.0,34.61461400002008,5.147527000190166,34.647813999981736,0.34730423620025674,1558,0,0,641,0.9924921996879875,0
25.80573,10,0,0,0,0.0,34.29507500004547,5.194593999931385,34.33776500014574,0.34708146247594607,1559,0,0,642,0.9919197819314641,0
25.83946,10,0,0,0,0.0,33.68581599988829,5.154872999810323,33.72369399994568,0.3468589743589744,1560,0,0,643,0.9913491446345256,0
25.876,10,0,0,0,0.0,36.497395999958826,5.272549999972398,36.530429999857006,0.34663677130044845,1561,0,0,643,0.9923211508553654,0
25.90968,10,0,0,0,0.0,33.6360420001256,5.191494999962742,33.67288999970697,0.346414852752881,1562,0,0,644,0.9917507763975155,0
25.9432,10,0,0,0,0.0,33.476005000011355,5.168181000044569,33.509518999835564,0.34619321817018556,1563,0,0,644,0.9927212732919255,0
25.97681,10,0,0,0,0.0,33.57336599992777,5.215682000198285,33.6155370000597,0.3459718670076727,1564,0,0,644,0.9936917701863354,0
26.01088,10,0,0,0,0.0,34.010702000159654,5.167977999917639,34.047528999963106,0.3457507987220447,1565,0,0,645,0.9931201550387597,0
26.04572,10,0,0,0,0.0,34.79571899970324,5.183875000057014,34.83300199968653,0.34553001277139206,1566,0,0,645,0.9940891472868217,0
26.10875,11,1,0,1050,28.748495999934676,34.20676700034164,5.751425999733328,63.02647899974545,0.3439113534837849,1567,0,0,711,0.9950773558368495,0
26.14372,11,0,0,0,0.0,34.923781999623316,5.731935999847337,34.95989800012467,0.34369202226345086,1568,0,0,712,0.9946453651685393,0
26.17918,11,0,0,0,0.0,35.41922400017938,5.749973000092723,35.457438999856095,0.34347297062402227,1569,0,0,714,0.9928221288515406,0
26.21449,11,0,0,0,0.0,35.252328000296984,5.733233999762888,35.30468700000711,0.3432541980312681,1570,0,0,637,0.9928375196232339,0
26.24902,10,0,0,0,0.0,34.48057100013102,5.202316000122664,34.51404699990235,0.3558879694462126,1571,0,0,637,0.9938186813186813,0
26.28367,10,0,0,0,0.0,34.61090100017827,5.204347000017151,34.649050000098214,0.35566157760814254,1572,0,0,638,0.9932405956112853,0
26.31804,10,0,0,0,0.0,34.31976699994266,5.24221400019087,34.35794799997893,0.3554354736172918,1573,0,0,640,0.99111328125,0
26.38112,11,1,0,1330,27.21258300016416,35.789137999927334,5.818712000291271,63.0735210002058,0.33701051172461594,1574,0,0,724,0.991885359116022,0
26.41548,11,0,0,0,0.0,34.31723499988948,5.813989999751357,34.35366099984094,0.33679653679653676,1575,0,0,725,0.9914655172413793,0
26.45035,11,0,0,0,0.0,34.82675900022514,5.762951000178873,34.8653020000711,0.33658283341024453,1576,0,0,726,0.9910468319559229,0
26.48558,11,0,0,0,0.0,35.180727999886585,5.750097999680293,35.21576799994364,0.3363694010491728,1577,0,0,726,0.9919938016528925,0
26.52057,11,0,0,0,0.0,34.94697599990104,5.77567700020154,34.984596999947826,0.33615623919806426,1578,0,0,727,0.9915749656121046,0
26.55571,11,0,0,0,0.0,35.104955000406335,5.788554999980988,35.14107299997704,0.3359433473429674,1579,0,0,727,0.9925206327372765,0
26.59107,11,0,0,0,0.0,35.30081300004895,5.793687000277714,35.34287599995878,0.33573072497123135,1580,0,0,658,0.9940159574468085,0
26.6252,10,0,0,0,0.0,34.09471599979952,5.268283000077645,34.13021400001526,0.3380771663504112,1581,0,0,659,0.9934559939301972,0
26.68705,11,1,0,1330,26.290693000191823,35.48303199977454,5.813999000110925,61.83971800010113,0.32162969773589245,1582,0,0,743,0.993943472409152,0
26.72179,11,0,0,0,0.0,34.69681899969146,5.93316300000879,34.733190999759245,0.32142652041578135,1583,0,0,743,0.9948687752355316,0
26.75752,11,0,0,0,0.0,35.66425600001821,5.920944000081363,35.71854399979202,0.32122359963269054,1584,0,0,744,0.9944556451612904,0
26.79296,11,0,0,0,0.0,35.40348199976506,5.925724999997328,35.43788500019218,0.3210209349010611,1585,0,0,745,0.9940436241610738,0
26.82826,11,0,0,0,0.0,35.24176700011594,5.932585999744333,35.28671200001554,0.32081852573655856,1586,0,0,746,0.993632707774799,0
26.86712,11,0,0,0,0.0,38.821731000098225,5.9773259999929,38.85424600002807,0.32061637165606915,1587,0,0,746,0.994554289544236,0
26.90357,11,0,0,0,0.0,36.41130100004375,6.018393999966065,36.450739999963844,0.32041447217769636,1588,0,0,748,0.9928141711229946,0
26.93979,11,0,0,0,0.0,36.16773200019452,5.956788999810669,36.21117599959689,0.32021282682075636,1589,0,0,750,0.9910833333333333,0
26.97574,11,0,0,0,0.0,35.885528000108025,5.938030000379513,35.93363300024066,0.3200114351057747,1590,0,0,750,0.992,0
27.01089,11,0,0,0,0.0,35.09550599983413,5.991699999867706,35.146000999702665,0.31981029655448256,1591,0,0,707,0.9915134370579916,0
27.04607,10,0,0,0,0.0,35.14100900019912,5.542043999867019,35.17835499997091,0.2954773869346734,1592,0,0,708,0.9909957627118644,0
27.08287,10,0,0,0,0.0,36.74625600024228,5.545686000004935,36.7859689999932,0.2952919020715631,1593,0,0,708,0.9918785310734464,0
27.11929,10,0,0,0,0.0,36.38066900020931,5.6670699996175244,36.41523899977983,0.29510664993726476,1594,0,0,708,0.9927612994350282,0
27.15509,10,0,0,0,0.0,35.75678400011384,5.533599000045797,35.791834999599814,0.29492163009404393,1595,0,0,708,0.9936440677966102,0
27.18994,10,0,0,0,0.0,34.805762999894796,5.557836000207317,34.84129900016342,0.2947368421052632,1596,0,0,709,0.9931241184767278,0
27.22485,10,0,0,0,0.0,34.864855999785505,5.557510000016919,34.90179200025523,0.2945522855353788,1597,0,0,709,0.9940056417489421,0
27.28744,11,1,0,544,27.03047199975117,35.48790700006066,5.886381999971491,62.5783689997661,0.3275685515985891,1598,0,0,744,0.9938676075268817,0
27.32245,11,0,0,0,0.0,34.97300500021083,5.98245399987718,35.006046000034985,0.3273636932173517,1599,0,0,744,0.9947916666666666,0
27.35808,11,0,0,0,0.0,35.581659999934345,5.8993729999201605,35.620328999812045,0.3271590909090909,1600,0,0,745,0.9943791946308724,0
27.39397,11,0,0,0,0.0,35.85437199990338,5.968178999864904,35.89096699988659,0.32695474419396964,1601,0,0,746,0.9939678284182306,0
27.42958,11,0,0,0,0.0,35.56544799994299,5.968313999801467,35.60394500027542,0.32675065259334923,1602,0,0,747,0.9935575635876841,0
27.46516,11,0,0,0,0.0,35.52883900010784,5.968391000351403,35.563577999710105,0.32654681562978505,1603,0,0,747,0.9944779116465864,0
27.52878,12,1,0,917,27.40436799967938,36.144332000276336,6.305662000158918,63.61777699976301,0.33483998337489607,1604,0,0,807,0.9924876084262702,0
27.56498,12,0,0,0,0.0,36.136161999820615,6.365004000144836,36.19271399975332,0.3346313603322949,1605,0,0,809,0.9909610630407911,0
27.60136,12,0,0,0,0.0,36.333476999971026,6.529753999984678,36.36720200029231,0.33442299709422996,1606,0,0,809,0.9918881334981459,0
27.66536,13,1,0,1076,27.747829999952955,36.17350800004715,6.952455999908125,63.99163700007193,0.3339236992006127,1607,0,0,878,0.9914578587699316,0
27.70263,13,0,0,0,0.0,37.22882700003538,7.171578999987105,37.26781800014578,0.3337160352085725,1608,0,0,879,0.9912542662116041,0
27.7394,13,0,0,0,0.0,36.724151999806054,6.925302000126976,36.7582339999899,0.3335086293445523,1609,0,0,879,0.9921786120591581,0
27.7762,13,0,0,0,0.0,36.75580799972522,6.88184699993144,36.78792300024725,0.3333014811275681,1610,0,0,879,0.9931029579067122,0
27.81305,13,0,0,0,0.0,36.81421600003887,6.861624000066513,36.851618999662605,0.33309459007783027,1611,0,0,879,0.9940273037542662,0
27.8503,13,0,0,0,0.0,37.19927700012704,6.87957699983599,37.23921299979338,0.3328879557167398,1612,0,0,880,0.9938210227272727,0
27.88839,13,0,0,0,0.0,38.05210799964698,7.180776000041078,38.08595200007403,0.33268157756688443,1613,0,0,880,0.9947443181818182,0
27.92513,13,0,0,0,0.0,36.672368999916216,6.9552439999824855,36.711847000333364,0.332475455152035,1614,0,0,881,0.9945374574347332,0
27.96123,13,0,0,0,0.0,36.056610999821714,6.929728999693907,36.09468799959359,0.3322695879971421,1615,0,0,882,0.9943310657596371,0
27.99891,13,0,0,0,0.0,37.62275899998713,6.973662999826047,37.66171100005522,0.332063975628332,1616,0,0,883,0.9941251415628539,0
28.03619,13,0,0,0,0.0,37.24261200022738,6.989409999732743,37.2805850001896,0.33185861757290325,1617,0,0,884,0.9939196832579186,0
28.07368,13,0,0,0,0.0,37.43797099969015,6.953486999918823,37.47382000028665,0.331653513359323,1618,0,0,885,0.9937146892655367,0
28.11159,13,0,0,0,0.0,37.849763999929564,7.007353999597399,37.906633999682526,0.3314486625172234,1619,0,0,811,0.9931411837237978,0
28.17705,13,1,0,1464,27.671378999912122,37.70470000017667,7.236465999994834,65.45033700012937,0.31856600189933526,1620,0,0,905,0.9919889502762431,0
28.21455,13,0,0,0,0.0,37.458294999851205,7.09455500009426,37.49633999996149,0.3183694775304893,1621,0,0,907,0.9906973539140022,0
28.25057,13,0,0,0,0.0,35.982661999696575,6.936630999916815,36.01358500009155,0.318173195485156,1622,0,0,907,0.9915931642778391,0
28.28615,13,0,0,0,0.0,35.54241700021521,6.924191000052815,35.57170100020812,0.3179771553154178,1623,0,0,907,0.9924889746416758,0
28.32193,13,0,0,0,0.0,35.74408999975276,7.14542400010032,35.77654899982008,0.31778135657446005,1624,0,0,908,0.9922907488986784,0
28.35759,13,0,0,0,0.0,35.615585000414285,6.897413999922719,35.64846800009036,0.317585798816568,1625,0,0,908,0.9931855726872246,0
28.39316,13,0,0,0,0.0,35.5382739999186,6.939259999853675,35.56727099976342,0.3173904815971237,1626,0,0,908,0.994080396475771,0
28.42851,13,0,0,0,0.0,35.31387600014568,6.912353000188887,35.339918000317994,0.31719540447260175,1627,0,0,908,0.9949752202643172,0
28.46447,13,0,0,0,0.0,35.91993800000637,6.896247999975458,35.957356999915646,0.317000567000567,1628,0,0,910,0.9936813186813187,0
28.50053,13,0,0,0,0.0,36.008390999995754,7.025103000160016,36.055241000212845,0.3168059687396704,1629,0,0,864,0.9945023148148148,0
28.53623,12,0,0,0,0.0,35.651999000037904,6.593305000023975,35.68912599985197,0.29713701431492845,1630,0,0,865,0.9942196531791907,0
28.57138,12,0,0,0,0.0,35.09996899992984,6.660951999947429,35.13831000009304,0.2969548334355201,1631,0,0,866,0.9939376443418014,0
28.60691,12,0,0,0,0.0,35.48458799969012,6.824914999924658,35.51885200022298,0.2967728758169934,1632,0,0,867,0.9936562860438293,0
28.64245,12,0,0,0,0.0,35.5049620002319,6.572726999820588,35.53855399968597,0.2965911410491937,1633,0,0,867,0.9945213379469435,0
28.68026,12,0,0,0,0.0,37.75948700013032,7.044038999993063,37.796632000208774,0.29640962872297016,1634,0,0,868,0.9942396313364056,0
28.71754,12,0,0,0,0.0,37.24304600018513,6.749907999619609,37.281355000232,0.29622833843017327,1635,0,0,869,0.9939585730724971,0
28.75342,12,0,0,0,0.0,35.82689099994241,6.679974000235234,35.86631400003171,0.29604726976365114,1636,0,0,871,0.9925373134328358,0
28.78977,12,0,0,0,0.0,36.30661700026394,6.62800200007041,36.34323599999334,0.295866422317247,1637,0,0,873,0.9911225658648339,0
28.82594,12,0,0,0,0.0,36.124424999798066,6.681566999759525,36.161631000140915,0.29568579568579567,1638,0,0,873,0.9919816723940436,0
28.86489,12,0,0,0,0.0,38.90802399973836,6.755104000149004,38.94529599983798,0.29550538946512106,1639,0,0,873,0.9928407789232532,0
28.93055,13,1,0,1476,27.83542799988936,37.72646100014754,7.308856000236119,65.64782300029037,0.28030018761726083,1640,0,0,967,0.9925672182006204,0
28.96803,13,0,0,0,0.0,37.44468000013512,7.349603999955434,37.48038300000189,0.28012937702151597,1641,0,0,967,0.9934074457083765,0
29.00449,13,0,0,0,0.0,36.41742299987527,7.300373999896692,36.44598800019594,0.27995877447765394,1642,0,0,967,0.9942476732161324,0
29.04116,13,0,0,0,0.0,36.62748399983684,7.232390999888594,36.663243000020884,0.27978837960578684,1643,0,0,967,0.9950879007238883,0
29.079,13,0,0,0,0.0,37.79313599989109,7.314155000130995,37.82689199988454,0.27961819202695115,1644,0,0,969,0.9938725490196079,0
29.11654,13,0,0,0,0.0,37.50438799988842,7.596762999583007,37.540646999786986,0.27944821136310494,1645,0,0,969,0.9947110423116615,0
29.15399,13,0,0,0,0.0,37.401476000013645,7.372660999863001,37.440591999711614,0.279278437237125,1646,0,0,970,0.9945231958762887,0
29.19124,13,0,0,0,0.0,37.20895300011762,7.38645900037227,37.245923999762454,0.27910886927280365,1647,0,0,971,0.994335736354274,0
29.22917,13,0,0,0,0.0,37.87511900009122,7.381775999874662,37.91806200024439,0.27893950709484694,1648,0,0,972,0.9941486625514403,0
29.26751,13,0,0,0,0.0,38.28609399988636,7.498479000332736,38.32387700003892,0.27877035032887065,1649,0,0,972,0.9949845679012346,0
29.33425,14,1,0,992,28.41907899983198,38.24634499960666,7.830100999854039,66.74565499997698,0.2871861471861472,1650,0,0,1036,0.9942084942084942,0
29.37194,14,0,0,0,0.0,37.634111999977904,7.796688999860635,37.674704999972164,0.2870122003980272,1651,0,0,1037,0.9940935390549662,0
29.40957,14,0,0,0,0.0,37.580471000183024,7.932517999961419,37.620483999944554,0.286838464199239,1652,0,0,1040,0.9920673076923077,0
29.44711,14,0,0,0,0.0,37.49147100006667,7.8638099998897815,37.536042999818164,0.286664938207588,1653,0,0,1042,0.9910028790786948,0
29.48498,14,0,0,0,0.0,37.81680900010542,7.852691000152845,37.850627999887365,0.28649162204180345,1654,0,0,1042,0.9918426103646834,0
29.52263,14,0,0,0,0.0,37.616048000018054,7.898650999777601,37.65427600001203,0.2863185153215365,1655,0,0,1042,0.9926823416506718,0
29.5616,14,0,0,0,0.0,38.915260000067065,7.946340000216878,38.956924000103754,0.2861456176673568,1656,0,0,1043,0.9925695110258869,0
29.59942,14,0,0,0,0.0,37.77175999994142,7.867409000027692,37.80616999983977,0.2859729287007501,1657,0,0,1043,0.9934084372003835,0
29.63678,14,0,0,0,0.0,37.32573799970851,7.805685999755951,37.35743800007185,0.2858004480441151,1658,0,0,1043,0.9942473633748802,0
29.67407,14,0,0,0,0.0,37.24924500011184,7.804822999787575,37.281849999999395,0.28562817532076124,1659,0,0,1043,0.9950862895493768,0
29.71135,14,0,0,0,0.0,37.24293799996303,7.859945000291191,37.27705100027379,0.28545611015490535,1660,0,0,1045,0.9940191387559809,0
29.74892,14,0,0,0,0.0,37.51876100022855,7.819968000148947,37.567122999917046,0.2852842521716694,1661,0,0,996,0.9948544176706827,0
29.78809,13,0,0,0,0.0,39.12330999992264,7.626431000062439,39.16452199973719,0.26622234564472835,1662,0,0,997,0.9946715145436309,0
29.82627,13,0,0,0,0.0,38.12326000024768,7.639987999937148,38.16663999987213,0.266062260049031,1663,0,0,998,0.9944889779559118,0
29.86614,13,0,0,0,0.0,39.820938000048045,7.513488000313373,39.86376200009545,0.26590236686390534,1664,0,0,999,0.9943068068068068,0
29.90355,13,0,0,0,0.0,37.36394299994572,7.757482000215532,37.3971439998968,0.2657426657426657,1665,0,0,999,0.9951201201201201,0
29.94117,13,0,0,0,0.0,37.57463600004485,7.479984999918088,37.620366999817634,0.26558315633945884,1666,0,0,1000,0.9949375,0
29.97897,13,0,0,0,0.0,37.75150600040433,7.620009000220307,37.794806999954744,0.2654238383092612,1667,0,0,1001,0.9947552447552448,0
30.01662,13,0,0,0,0.0,37.59914000011122,7.876638999732677,37.639258000126574,0.26526471130787677,1668,0,0,1004,0.9925921314741036,0
30.05351,13,0,0,0,0.0,36.845211000127165,7.549533000201336,36.88377400021636,0.26510577499193433,1669,0,0,1006,0.9914264413518886,0
30.09129,13,0,0,0,0.0,37.71998299998813,7.721457000116061,37.76615800006766,0.26494702901888534,1670,0,0,1006,0.9922340954274353,0
30.12864,13,0,0,0,0.0,37.31199599997126,7.643069000096148,37.35063500016622,0.2647884730470009,1671,0,0,1006,0.9930417495029821,0
30.16672,13,0,0,0,0.0,38.0333459997928,7.633327999883477,38.073496999913914,0.2646301067353699,1672,0,0,1007,0.9928624627606752,0
30.20415,13,0,0,0,0.0,37.383280000085506,7.630437999978312,37.41721899996264,0.2644719297438962,1673,0,0,1007,0.9936693147964251,0
30.24114,13,0,0,0,0.0,36.94619699990653,7.507160999921325,36.98151299977326,0.2643139417332966,1674,0,0,1007,0.9944761668321748,0
30.2786,13,0,0,0,0.0,37.423256000238325,7.51773400043021,37.46288199999981,0.26415614236509755,1675,0,0,1007,0.9952830188679245,0
30.31698,13,0,0,0,0.0,38.31993699986924,7.77787700008048,38.362112999948295,0.263998531301634,1676,0,0,1009,0.994115460852329,0
30.35593,13,0,0,0,0.0,38.913227999728406,7.6926199999434175,38.9488299997538,0.26384110820604556,1677,0,0,1009,0.9949207135777998,0
30.39428,13,0,0,0,0.0,38.293042999612226,7.647883000117872,38.33928600033687,0.26368387274227556,1678,0,0,1010,0.994740099009901,0
30.45868,14,1,0,727,26.609891999669344,37.672495000151685,8.018046999950457,64.39042799956951,0.28520377775887007,1679,0,0,971,0.9940782698249228,0
30.52476,14,1,0,695,27.084070999990217,38.90201900003376,7.853282000269246,66.07665199999246,0.31381802721088436,1680,0,0,1016,0.9936638779527559,0
30.56386,14,0,0,0,0.0,39.0461189999769,7.835612000235415,39.08640400004515,0.31363134188833175,1681,0,0,1016,0.9945250984251969,0
30.60191,14,0,0,0,0.0,37.999899000169535,7.830252000076143,38.03937600014251,0.3134448785459487,1682,0,0,1017,0.9944075712881023,0
30.6395,14,0,0,0,0.0,37.54929100023219,7.837988999654044,37.58888800030036,0.31325863678804855,1683,0,0,1018,0.9942902750491159,0
30.70643,15,1,0,886,27.615718000106426,39.23073099986141,8.22704199981672,66.9174079998811,0.3237925574030087,1684,0,0,1076,0.9930297397769516,0
30.81005,17,2,0,2038,63.38521600036984,40.13805600015985,9.262712000236206,103.61681499989572,0.3320300226915692,1685,0,0,1207,0.9916632145816073,0
30.84931,17,0,0,0,0.0,39.19994699981544,9.45014099988839,39.251617999980226,0.3318330891075292,1686,0,0,1101,0.9923365122615804,0
30.88881,16,0,0,0,0.0,39.45379300012064,8.92949699982637,39.50253899984091,0.2863732854343566,1531,0,0,1101,0.9932447774750227,0
30.92681,16,0,0,0,0.0,37.938379000024725,8.257472999957827,37.99928499984162,0.2861863577023499,1532,0,0,1103,0.9923504079782411,0
30.96476,16,0,0,0,0.0,37.884652000229835,8.288815000014438,37.92976200020348,0.28599967384213965,1533,0,0,1104,0.9923573369565217,0
31.00287,16,0,0,0,0.0,38.06035400020846,8.275770000182092,38.095604999853094,0.28581323337679265,1534,0,0,1104,0.9932631340579711,0
31.06757,17,1,0,892,27.575677999720938,37.05870599969785,8.731934000024921,64.69520099972215,0.29346618126077795,1535,0,0,1160,0.9942887931034483,0
31.10565,17,0,0,0,0.0,38.03127199989831,8.671360999869648,38.07099999994534,0.29327512254901966,1536,0,0,1162,0.9934918244406197,0
31.1437,17,0,0,0,0.0,38.00334700008534,8.735576999697514,38.04175599998416,0.2930843124497684,1537,0,0,1162,0.9944061962134251,0
31.18207,17,0,0,0,0.0,38.31806499965751,8.77587200011476,38.36826299993845,0.29289375047808464,1538,0,0,1164,0.9936103951890034,0
31.22091,17,0,0,0,0.0,38.78169900008288,9.019342999636137,38.82704400029979,0.2927034361502886,1539,0,0,1166,0.9928173241852487,0
31.25964,17,0,0,0,0.0,38.67951600022934,8.885865000138438,38.72833000013998,0.2925133689839572,1540,0,0,1101,0.993755676657584,0
31.29858,16,0,0,0,0.0,38.889153999662085,8.41699000011431,38.924712000152795,0.2899902660609993,1541,0,0,1101,0.9946639418710264,0
31.33726,16,0,0,0,0.0,38.631046999853424,8.480452000185323,38.67767700012337,0.28980220492866404,1542,0,0,1104,0.9928668478260869,0
31.37555,16,0,0,0,0.0,38.239684000018315,8.464368999739236,38.27798900010748,0.28961438755670776,1543,0,0,1105,0.9928733031674208,0
31.41441,16,0,0,0,0.0,38.81072500007576,8.479485999941971,38.85277800009135,0.28942681347150256,1544,0,0,1107,0.9919828364950316,0
31.45291,16,0,0,0,0.0,38.457142999959615,8.429969000189885,38.49785600004907,0.2892394822006472,1545,0,0,1109,0.9910955816050496,0
31.51761,17,1,0,659,26.12545500005581,38.491978000365634,8.65735700017467,64.68790899998567,0.3057986454607716,1546,0,0,1151,0.9916377063423111,0
31.55581,17,0,0,0,0.0,38.15578099965933,8.788377000200853,38.20690900010959,0.30560097342104264,1547,0,0,1151,0.9925608166811468,0
31.59467,17,0,0,0,0.0,38.79742700019051,8.76903600010337,38.83567299999413,0.30540355677154585,1548,0,0,1152,0.9926215277777778,0
31.63359,17,0,0,0,0.0,38.878813000337686,8.917442999972991,38.92171600000438,0.30520639501765845,1549,0,0,1153,0.9926821335646141,0
31.67236,17,0,0,0,0.0,38.71652299994821,8.801311000297574,38.75578899987886,0.3050094876660342,1550,0,0,1153,0.9936036426712923,0
31.71081,17,0,0,0,0.0,38.407319000270945,8.916855999814288,38.459087000319414,0.3048128342245989,1551,0,0,1153,0.9945251517779705,0
31.7496,17,0,0,0,0.0,38.73086100020373,8.857999999690946,38.77278300024045,0.304616434202547,1552,0,0,1155,0.9937229437229437,0
31.7881,17,0,0,0,0.0,38.451948999863816,8.85432099994432,38.48814699995273,0.30442028711033675,1553,0,0,1155,0.9946428571428572,0
31.82683,17,0,0,0,0.0,38.6685739999848,9.087642999929813,38.7294700003622,0.3042243924596866,1554,0,0,1157,0.9938418323249784,0
31.86817,17,0,0,0,0.0,41.28175400001055,8.853392000219173,41.3276220001535,0.30402874976357097,1555,0,0,1159,0.9930435720448663,0
31.9074,17,0,0,0,0.0,39.19020700004694,9.036520999870845,39.229528000305436,0.3038333585362165,1556,0,0,1159,0.993960310612597,0
31.94629,17,0,0,0,0.0,38.83696599996256,8.931447000122716,38.87724800006254,0.30363821829309756,1557,0,0,1159,0.9948770491803278,0
31.98619,17,0,0,0,0.0,39.83029199980592,8.87915899966174,39.872880000075384,0.3034433285509326,1558,0,0,1162,0.9932228915662651,0
32.02492,17,0,0,0,0.0,38.685135999912745,8.980874999906518,38.725965000139695,0.30324868882767986,1559,0,0,1164,0.9924291237113402,0
32.06445,17,0,0,0,0.0,39.482662999944296,8.88716999997996,39.52722799976982,0.30305429864253397,1560,0,0,1166,0.9916380789022299,0
32.10423,17,0,0,0,0.0,39.72947399961413,8.97611800019149,39.769391999925574,0.3028601575159212,1561,0,0,1168,0.990849743150685,0
32.14373,17,0,0,0,0.0,39.44405200036272,8.899511999970855,39.49056099963855,0.3026662649694961,1562,0,0,1168,0.9917594178082192,0
32.18432,17,0,0,0,0.0,40.54683499998646,9.480216999691038,40.58573699967383,0.30247262052613755,1563,0,0,1168,0.9926690924657534,0
32.22401,17,0,0,0,0.0,39.6456510002281,9.00265300015235,39.68592699993678,0.3022792237099443,1564,0,0,1169,0.9927288280581694,0
32.26375,17,0,0,0,0.0,39.691870999831735,9.018806999847584,39.73285300025964,0.3020860740462319,1565,0,0,1170,0.9927884615384616,0
32.30406,17,0,0,0,0.0,40.26263499963534,9.027457000229333,40.29724499969234,0.301893171061528,1566,0,0,1170,0.9936965811965812,0
32.34305,17,0,0,0,0.0,38.946223999573704,9.02126800019687,38.9850579999802,0.30170051428356925,1567,0,0,1170,0.9946047008547009,0
32.38274,17,0,0,0,0.0,39.63065600009941,9.001267999792617,39.680738000242854,0.3015081032412965,1568,0,0,1172,0.9938139931740614,0
32.42216,17,0,0,0,0.0,39.3735170000582,9.0658170001916,39.40911200015762,0.3013159374648521,1569,0,0,1172,0.9947205631399317,0
32.46165,17,0,0,0,0.0,39.440673000171955,8.985404999748425,39.481906999753846,0.3011240164855751,1570,0,0,1174,0.9939310051107325,0
32.50133,17,0,0,0,0.0,39.62974300020505,9.047319000274001,39.66846799994528,0.3009323398359981,1571,0,0,1176,0.9931441326530612,0
32.56855,18,1,0,1394,27.050382000197715,40.080828000100155,9.593309999672783,67.2161640000013,0.2903237206672321,1572,0,0,1188,0.9936342592592593,0
32.6083,17,0,0,0,0.0,39.704490000076476,9.097061999909783,39.7385100000065,0.29370629370629375,1573,0,0,1188,0.9945286195286195,0
32.64732,17,0,0,0,0.0,38.97525799993673,9.037724999870989,39.01683399999456,0.29351969504447273,1574,0,0,1191,0.9929156171284634,0
32.686,17,0,0,0,0.0,38.62844000013865,9.00098900001467,38.6752270001125,0.29333333333333333,1575,0,0,1193,0.9921416596814753,0
32.72521,17,0,0,0,0.0,39.159476999884646,9.047069999724044,39.19886099993164,0.2931472081218274,1576,0,0,1195,0.9913702928870293,0
32.76471,17,0,0,0,0.0,39.445941999929346,9.130971000104182,39.49903400007315,0.29296131896005073,1577,0,0,1196,0.9914297658862876,0
32.80454,17,0,0,0,0.0,39.783600000191655,9.117482999954518,39.8177410002063,0.2927756653992395,1578,0,0,1196,0.992318143812709,0
32.84413,17,0,0,0,0.0,39.54323800007842,9.148053999979311,39.58172100010415,0.29259024699176694,1579,0,0,1196,0.9932065217391305,0
32.91542,18,1,0,979,30.761841000185086,40.44820699982665,9.592080999937025,71.28681899985168,0.2972925457102672,1580,0,0,1259,0.9930003971405877,0
32.9556,18,0,0,0,0.0,40.11719099980837,9.621561999665573,40.16930800025875,0.297104504884391,1581,0,0,1217,0.9930669679539852,0
33.03365,19,2,0,1406,36.755329000243364,41.211950999695546,10.778193000078318,78.04375300020183,0.3099008583405416,1582,0,0,1306,0.9935872894333844,0
33.07375,19,0,0,0,0.0,40.05848799988598,10.447794999890903,40.09595400020771,0.3097050902683114,1583,0,0,1306,0.9944965543644717,0
33.20491,20,1,0,624,26.47670599981211,104.60253299970645,72.72518699983266,131.14995299974908,0.3243371212121212,1584,0,0,1348,0.9933698071216617,0
33.24776,20,0,0,0,0.0,42.80445599988525,12.376647000110097,42.841106000196305,0.32413249211356465,1585,0,0,1348,0.9942971068249258,0
33.29033,20,0,0,0,0.0,42.51806000002034,11.500758999773097,42.56395399988833,0.3239281210592686,1586,0,0,1350,0.99375,0
33.33502,20,0,0,0,0.0,44.635498999923584,12.060815000040748,44.67900300005567,0.3237240075614367,1587,0,0,1352,0.9932045118343196,0
33.41099,21,1,0,972,32.28376200013372,43.61655200000314,13.294697000219458,75.9653300001446,0.32658630202710803,1588,0,0,1413,0.9942498230714791,0
33.45316,21,0,0,0,0.0,42.12570900017454,12.376369999856252,42.16357199993581,0.3263807725733465,1589,0,0,1414,0.9944748939179632,0
33.49584,21,0,0,0,0.0,42.63265600002342,12.22556800030361,42.66997900003844,0.3261755016471998,1590,0,0,1417,0.9932956951305575,0
33.53898,21,0,0,0,0.0,43.10041000007914,12.671525000314432,43.13589800040063,0.3259704887611864,1591,0,0,1419,0.9928206483439042,0
33.58348,21,0,0,0,0.0,44.45490399984919,14.500212999791984,44.48969299983219,0.32576573342905,1592,0,0,1422,0.9916490857946554,0
33.62605,21,0,0,0,0.0,42.52277099976709,12.285242999951151,42.56254100027945,0.32556123516575497,1593,0,0,1425,0.9904824561403509,0
33.6691,21,0,0,0,0.0,43.01014700013184,12.783165000200825,43.04749700031607,0.3253569934874828,1594,0,0,1425,0.9914035087719298,0
33.7127,21,0,0,0,0.0,43.55051199991067,12.873201000275003,43.58595999974568,0.3251530079116286,1595,0,0,1425,0.9923245614035088,0
33.75735,21,0,0,0,0.0,44.61394600002677,14.404172000013205,44.65475399956631,0.32494927795679673,1596,0,0,1426,0.9925490883590463,0
33.80057,21,0,0,0,0.0,43.16749899999195,12.923401000080048,43.21010500007105,0.32474580314279755,1597,0,0,1427,0.9927733006306938,0
33.84462,21,0,0,0,0.0,44.00238399966838,12.798949000170978,44.04306500009625,0.3245425829906431,1598,0,0,1427,0.9936930623686054,0
33.89084,21,0,0,0,0.0,46.15783000008378,13.988667999910831,46.2114299998575,0.3243396170225439,1599,0,0,1427,0.9946128241065172,0
33.93562,21,0,0,0,0.0,44.73463600015748,12.879820999842195,44.780165999782184,0.3241369047619047,1600,0,0,1430,0.9934440559440559,0
33.98128,21,0,0,0,0.0,45.60025999990103,13.740388000314852,45.64995299961083,0.3239344457333214,1601,0,0,1430,0.9943618881118881,0
34.05243,22,1,0,681,27.75538800005961,43.308938999871316,11.785983000208944,71.14148600021508,0.33514924526160483,1602,0,0,1475,0.9938135593220339,0
34.09577,22,0,0,0,0.0,43.280372000026546,11.50569599985829,43.325507000190555,0.3349401690013044,1603,0,0,1477,0.9933987813134733,0
34.16612,23,1,0,670,26.774630000090838,43.49597000009453,12.070897999819863,70.33999399982349,0.34549495825653254,1604,0,0,1519,0.9944453587886768,0
34.20948,23,0,0,0,0.0,43.31566800010478,11.746432000109053,43.354683999950794,0.345279696600298,1605,0,0,1520,0.9947368421052631,0
34.25399,23,0,0,0,0.0,44.450202000007266,11.864686000080837,44.51048400005675,0.34506470301586445,1606,0,0,1446,0.9927818118948825,0
34.29732,22,0,0,0,0.0,43.270447999930184,11.244825000176206,43.316996000157815,0.35031396730214404,1607,0,0,1448,0.9923601519337016,0
34.34012,22,0,0,0,0.0,42.74835299975166,11.332005999975081,42.79489700002159,0.35009611035730437,1608,0,0,1451,0.9912560303239145,0
34.38396,22,0,0,0,0.0,43.789369000023726,11.412191000090388,43.83521599993401,0.3498785242104073,1609,0,0,1454,0.9901564649243466,0
34.42735,22,0,0,0,0.0,43.33836500018151,11.559452999790665,43.37969300013356,0.34966120835686054,1610,0,0,1454,0.9911021320495186,0
34.47034,22,0,0,0,0.0,42.94874400011395,11.341859999902226,42.9882670000552,0.3494441622933243,1611,0,0,1454,0.9920477991746905,0
34.51309,22,0,0,0,0.0,42.69982899995739,11.311297999782255,42.73953400024766,0.34922738551770804,1612,0,0,1455,0.9923109965635739,0
34.55674,22,0,0,0,0.0,43.59908800006451,11.377849999917089,43.64334499996403,0.3490108775291665,1613,0,0,1456,0.9925738324175825,0
34.59998,22,0,0,0,0.0,43.19221800005835,11.307765999845287,43.23470599956636,0.34879463782809506,1614,0,0,1456,0.9935182005494505,0
34.64353,22,0,0,0,0.0,43.50040999997873,11.50494500006971,43.53967599990938,0.3485786659161272,1615,0,0,1456,0.9944625686813187,0
34.68915,22,0,0,0,0.0,45.552917000350135,12.684486000125617,45.61547799994514,0.34836296129612965,1616,0,0,1363,0.9935803374908291,0
34.7338,21,0,0,0,0.0,44.59578699970734,12.322461000167095,44.64083399989249,0.3618988721029537,1617,0,0,1363,0.9945432868672047,0
34.77695,21,0,0,0,0.0,43.07396800004426,12.28371800016248,43.12194600015573,0.36167520160103594,1618,0,0,1365,0.9940476190476191,0
34.81962,21,0,0,0,0.0,42.62536499982161,12.172835999990639,42.6631450000059,0.36145180740610017,1619,0,0,1367,0.9935534016093636,0
34.86231,21,0,0,0,0.0,42.646198000056756,12.188421000246308,42.684621999796946,0.36122868900646676,1620,0,0,1367,0.9945135332845647,0
34.90501,21,0,0,0,0.0,42.650443999718846,12.227263000113453,42.697444000168616,0.3610058458917188,1621,0,0,1368,0.9947459795321637,0
34.9497,21,0,0,0,0.0,44.63345800013485,12.63603500001409,44.6837599997707,0.360783277552698,1622,0,0,1372,0.9928024781341108,0
34.99346,21,0,0,0,0.0,43.70789299991884,12.407566000092629,43.75798899991423,0.360560983481501,1623,0,0,1374,0.9923125909752547,0
35.03653,21,0,0,0,0.0,43.01343699989957,12.274529000023904,43.056297000021004,0.3603389631714755,1624,0,0,1377,0.9911038489469862,0
35.07893,21,0,0,0,0.0,42.34881899992615,12.23436500004027,42.39500599987878,0.36011721611721614,1625,0,0,1380,0.9899003623188406,0
35.1223,21,0,0,0,0.0,43.3176189999358,12.177500999769109,43.35600500007786,0.35989574181456097,1626,0,0,1380,0.9908514492753623,0
35.16558,21,0,0,0,0.0,43.232070000158274,12.409842999659304,43.276091999814525,0.3596745397605877,1627,0,0,1380,0.9918025362318841,0
35.20837,21,0,0,0,0.0,42.72423200018238,12.324404000082723,42.787668999608286,0.3594536094536095,1628,0,0,1279,0.9919370602032838,0
35.24871,20,0,0,0,0.0,40.29368400006206,10.327536000204418,40.33454199998232,0.37694904849600985,1629,0,0,1280,0.992138671875,0
35.28904,20,0,0,0,0.0,40.2758069999436,10.139408999748412,40.31509800006461,0.3767177914110429,1630,0,0,1280,0.993115234375,0
35.33055,20,0,0,0,0.0,41.45742899981997,10.260345000006055,41.51198399995337,0.3764868179031269,1631,0,0,1209,0.9940550041356493,0
35.37198,19,0,0,0,0.0,41.3787819998106,9.886205999919184,41.42217199978404,0.3798697110423117,1632,0,0,1211,0.9933938893476466,0
35.41363,19,0,0,0,0.0,41.58856399999422,10.072183999909612,41.64385400008541,0.37963709027621106,1633,0,0,1142,0.9940893169877408,0
35.45307,18,0,0,0,0.0,39.38991099994382,9.400589000051696,39.43280400017102,0.38242894056847543,1634,0,0,1144,0.9933347902097902,0
35.4924,18,0,0,0,0.0,39.27979799982495,9.097129000110726,39.32103599981929,0.382195039075773,1635,0,0,1145,0.9934497816593887,0
35.53181,18,0,0,0,0.0,39.3588130000353,9.055280000211496,39.413585999682255,0.38196142352621565,1636,0,0,1145,0.9944323144104803,0
35.57199,18,0,0,0,0.0,40.08978299998489,9.285490999900503,40.15608700001394,0.3817280933957782,1637,0,0,1067,0.9942010309278351,0
35.61066,17,0,0,0,0.0,38.61840499985192,8.719792000192683,38.66159199969843,0.3904690081160669,1638,0,0,1070,0.9924065420560748,0
35.64861,17,0,0,0,0.0,37.90752899976724,8.763459999954648,37.94873200013171,0.39023077199153,1639,0,0,1071,0.9924719887955182,0
35.68719,17,0,0,0,0.0,38.527763999809395,8.647609000036027,38.56978199974037,0.38999282639885224,1640,0,0,1073,0.9916123019571296,0
35.72668,17,0,0,0,0.0,39.437897999960114,8.796202999747038,39.481498999975884,0.3897551708068968,1641,0,0,1076,0.9898350371747212,0
35.76599,17,0,0,0,0.0,39.26440499981254,8.805951000340428,39.30281400016611,0.38951780468582076,1642,0,0,1076,0.9908224907063197,0
35.80454,17,0,0,0,0.0,38.508238999838795,8.749073000217322,38.54531400020278,0.389280727507071,1643,0,0,1076,0.9918099442379182,0
35.84263,17,0,0,0,0.0,38.04172199988898,8.637122999971325,38.07991099984065,0.3890439387433806,1644,0,0,1077,0.9918755803156918,0
35.88085,17,0,0,0,0.0,38.17003900030613,8.613484999841603,38.21212000002561,0.3888074378687645,1645,0,0,1078,0.9919410946196661,0
35.92011,17,0,0,0,0.0,39.21945300044172,8.676717000071221,39.2536790000122,0.3885712243585162,1646,0,0,1078,0.9929267161410018,0
35.95796,17,0,0,0,0.0,37.80500999982905,8.646357999623433,37.844095999844285,0.38833529768920316,1647,0,0,1078,0.9939123376623377,0
35.99729,17,0,0,0,0.0,39.283297000110906,8.783567000136827,39.32734599993637,0.3880996573386636,1648,0,0,1080,0.9930555555555556,0
36.03564,17,0,0,0,0.0,38.30129300013141,8.725528000013583,38.34047200007262,0.38786430278600226,1649,0,0,1080,0.9940393518518519,0
36.07367,17,0,0,0,0.0,37.96939099993324,8.604875999935757,38.02673299969683,0.3876292335115864,1650,0,0,984,0.992822662601626,0
36.11131,16,0,0,0,0.0,37.587718999930075,7.984606000263739,37.6283859995965,0.40827528770442156,1651,0,0,985,0.9928299492385787,0
36.1495,16,0,0,0,0.0,38.14868799963733,8.00939600003403,38.18994200037196,0.4080281476997578,1652,0,0,985,0.9938451776649746,0
36.18739,16,0,0,0,0.0,37.83418900002289,8.076525999967998,37.875355999858584,0.4077813067150635,1653,0,0,986,0.9938514198782962,0
36.22496,16,0,0,0,0.0,37.52094500032399,7.972126000368007,37.55768899964096,0.4075347642079806,1654,0,0,989,0.9918478260869565,0
36.26169,16,0,0,0,0.0,36.696803999802796,7.94841999959317,36.731505999796354,0.40728851963746227,1655,0,0,990,0.9918560606060606,0
36.29954,16,0,0,0,0.0,37.80581399996663,7.928913999876386,37.842459000330564,0.40704257246376807,1656,0,0,991,0.991864278506559,0
36.3379,16,0,0,0,0.0,38.313492000270344,8.137407999583957,38.354734999757056,0.4067969221484611,1657,0,0,994,0.9898767605633803,0
36.37645,16,0,0,0,0.0,38.506393000261596,8.056132999627152,38.55164100014008,0.40655156815440285,1658,0,0,994,0.9908827967806841,0
36.41514,16,0,0,0,0.0,38.63444700027685,8.151673000156734,38.67460799983746,0.40630650994575046,1659,0,0,994,0.9918888329979879,0
36.45445,16,0,0,0,0.0,39.24804200005383,8.458066999992297,39.301614000123664,0.40606174698795183,1660,0,0,891,0.9911616161616161,0
36.49149,15,0,0,0,0.0,36.99046300016562,7.420524000281148,37.03035499984253,0.4195933456561922,1623,0,0,892,0.9911014573991032,0
36.52946,15,0,0,0,0.0,37.92485499980103,7.368563999989419,37.96055099974183,0.4193349753694581,1624,0,0,892,0.992152466367713,0
36.56739,15,0,0,0,0.0,37.89242299990292,7.529603999955725,37.92878300009761,0.4190769230769231,1625,0,0,892,0.9932034753363229,0
36.60487,15,0,0,0,0.0,37.42970500024967,7.456240000010439,37.469323000095756,0.4188191881918819,1626,0,0,893,0.9931410974244121,0
36.642,15,0,0,0,0.0,37.08750699979646,7.3708670001906285,37.126515000181826,0.4185617701290719,1627,0,0,893,0.9941909294512878,0
36.68115,15,0,0,0,0.0,39.101431999824854,7.473671999832732,39.1424320000624,0.4183046683046683,1628,0,0,895,0.9930167597765364,0
36.71946,15,0,0,0,0.0,38.26820399990538,7.529087999955664,38.30917200002659,0.41804788213627997,1629,0,0,896,0.9929547991071429,0
36.75868,15,0,0,0,0.0,39.15897300021243,7.923026999833382,39.208158000292315,0.4177914110429448,1630,0,0,843,0.9942170818505338,0
36.79617,14,0,0,0,0.0,37.44486400000824,7.20734700007597,37.48363199974847,0.4127178768503109,1631,0,0,844,0.9940758293838863,0
36.83357,14,0,0,0,0.0,37.34747499993318,7.1119610001915134,37.387837000096624,0.41246498599439774,1632,0,0,847,0.9915879574970484,0
36.87088,14,0,0,0,0.0,37.27144000004046,7.10181200020088,37.30966900002386,0.4122124048639664,1633,0,0,848,0.9914504716981132,0
36.90817,14,0,0,0,0.0,37.24319800039666,7.07226000031369,37.281721999988804,0.4119601328903655,1634,0,0,849,0.9913133097762074,0
36.94583,14,0,0,0,0.0,37.6011399998788,7.435642000018561,37.652345999958925,0.4117081695063346,1635,0,0,852,0.988849765258216,0
36.98269,14,0,0,0,0.0,36.81292999999641,6.9837249998272455,36.85247800012803,0.4114565141460007,1636,0,0,852,0.9898767605633803,0
37.02049,14,0,0,0,0.0,37.75732100029927,7.12127299993881,37.79413700021905,0.411205166244873,1637,0,0,852,0.9909037558685446,0
37.05794,14,0,0,0,0.0,37.39945600000283,7.18189799999891,37.43967700029316,0.41095412523983954,1638,0,0,853,0.990767878077374,0
37.09449,14,0,0,0,0.0,36.50965699989683,7.1007729998200375,36.54653600005986,0.4107033905691624,1639,0,0,853,0.9917936694021102,0
37.13184,14,0,0,0,0.0,37.28824799964059,7.087927999691601,37.3376009997628,0.4104529616724739,1640,0,0,853,0.9928194607268465,0
37.16914,14,0,0,0,0.0,37.26066200033529,7.069089999731659,37.29643699989538,0.4102028379907722,1641,0,0,853,0.9938452520515827,0
37.20617,14,0,0,0,0.0,36.98414100017544,7.057684999836056,37.02112600012697,0.4099530189664172,1642,0,0,854,0.9937060889929742,0
37.2431,14,0,0,0,0.0,36.8875310000476,7.066080000186048,36.92083099986121,0.4097035040431267,1643,0,0,854,0.9947306791569087,0
37.2802,14,0,0,0,0.0,37.06235699974059,7.03134700006558,37.10172199998851,0.40945429266597155,1644,0,0,856,0.993428738317757,0
37.31738,14,0,0,0,0.0,37.127599000086775,7.032471999991685,37.16709999980594,0.4092053842813721,1645,0,0,857,0.9932905484247374,0
37.3545,14,0,0,0,0.0,37.07761599980586,7.082944000103453,37.111292999725265,0.4089567783370942,1646,0,0,857,0.9943115519253208,0
37.3912,14,0,0,0,0.0,36.66291400031696,7.165832999817212,36.701355000332114,0.40870847428224477,1647,0,0,858,0.9941724941724942,0
37.42953,14,0,0,0,0.0,38.27759600017089,7.138701000258152,38.31768600002761,0.4084604715672677,1648,0,0,861,0.9917247386759582,0
37.467,14,0,0,0,0.0,37.42415900023843,7.295149000128731,37.46259200033819,0.40821276964394004,1649,0,0,862,0.9915893271461717,0
37.50416,14,0,0,0,0.0,37.11702500004321,7.083883000177593,37.15623700009019,0.407965367965368,1650,0,0,863,0.9914542294322132,0
37.54144,14,0,0,0,0.0,37.23276700020506,7.199789999958739,37.26834700000836,0.4077182659859825,1651,0,0,866,0.9890300230946882,0
37.57855,14,0,0,0,0.0,37.06666800007952,7.063713000206917,37.1075389998623,0.4074714631615358,1652,0,0,866,0.9900404157043879,0
37.61548,14,0,0,0,0.0,36.88965899982577,7.114447000276414,36.927395000020624,0.4072249589490968,1653,0,0,866,0.9910508083140878,0
37.65284,14,0,0,0,0.0,37.29082900008507,7.135113000003912,37.34502399993289,0.40697875280704787,1654,0,0,867,0.990916955017301,0
37.68963,14,0,0,0,0.0,36.75335299976723,7.170369000050414,36.78963799984558,0.4067328441950798,1655,0,0,867,0.9919261822376009,0
37.72701,14,0,0,0,0.0,37.33484900021722,7.191050999608706,37.37270700003137,0.40648723257418906,1656,0,0,867,0.9929354094579008,0
37.76478,14,0,0,0,0.0,37.71956600030535,7.4824009998337715,37.75718999986566,0.40624191740667304,1657,0,0,867,0.9939446366782007,0
37.80349,14,0,0,0,0.0,38.66433599978336,7.146844000089914,38.70466100033809,0.40599689815612616,1658,0,0,868,0.9938076036866359,0
37.84154,14,0,0,0,0.0,38.005253999926936,7.361518999914551,38.039695999941614,0.4057521742874365,1659,0,0,868,0.994815668202765,0
37.87888,14,0,0,0,0.0,37.29766499964171,7.188556000073731,37.34204500005944,0.40550774526678146,1660,0,0,870,0.9935344827586207,0
37.91705,14,0,0,0,0.0,38.114433999908215,7.162400999732199,38.15722200033633,0.40526361056162385,1661,0,0,871,0.993398392652124,0
37.95496,14,0,0,0,0.0,37.874867000027734,7.207914999980858,37.909301000127016,0.4050197696407083,1662,0,0,871,0.9944029850746269,0
37.99202,14,0,0,0,0.0,37.013784000009764,7.210132999716734,37.052849999781756,0.40477622197405716,1663,0,0,872,0.9942660550458715,0
38.02984,14,0,0,0,0.0,37.75858700009849,7.1979029999056365,37.808615999892936,0.40453296703296704,1664,0,0,875,0.9918571428571429,0
38.06777,14,0,0,0,0.0,37.885168000229896,7.2594370003571385,37.92412900020281,0.4042900042900043,1665,0,0,876,0.9917237442922374,0
38.1055,14,0,0,0,0.0,37.68529299986767,7.23180599970874,37.72505699998874,0.4040473332190019,1666,0,0,877,0.9915906499429875,0
38.14338,14,0,0,0,0.0,37.83582699998078,7.298874000298383,37.87438299968926,0.4038049532950553,1667,0,0,880,0.9892045454545455,0
38.18119,14,0,0,0,0.0,37.76172600009886,7.173032000082458,37.80175900010363,0.4035628639945187,1668,0,0,880,0.9901988636363637,0
38.21889,14,0,0,0,0.0,37.655119999726594,7.219226999950479,37.69241300005888,0.4033210647950013,1669,0,0,880,0.9911931818181818,0
38.25674,14,0,0,0,0.0,37.80323799992402,7.220860999950673,37.84066800017172,0.40307955517536354,1670,0,0,881,0.9910612939841089,0
38.29398,14,0,0,0,0.0,37.20563900014895,7.276869999714108,37.24039500002618,0.4028383346157134,1671,0,0,881,0.9920544835414302,0
38.33222,14,0,0,0,0.0,38.19140599989623,7.255442999849038,38.22602400032338,0.4025974025974026,1672,0,0,881,0.9930476730987514,0
38.37011,14,0,0,0,0.0,37.84253900039403,7.291851999980281,37.879950999922585,0.4023567586030228,1673,0,0,881,0.9940408626560726,0
38.40783,14,0,0,0,0.0,37.65822900004423,7.222870000077819,37.71362900033637,0.4021164021164021,1674,0,0,882,0.99390589569161,0
38.44565,14,0,0,0,0.0,37.75938600028894,7.257628999923327,37.8085249999458,0.40187633262260125,1675,0,0,836,0.9949162679425837,0
38.48321,13,0,0,0,0.0,37.51473900001656,6.874295999750757,37.56424099992728,0.38920506700936297,1676,0,0,838,0.9935113365155132,0
38.52057,13,0,0,0,0.0,37.29052099970431,6.900629000028857,37.334088000079646,0.38897298289069304,1677,0,0,839,0.9932955899880811,0
38.55904,13,0,0,0,0.0,38.432671999999,7.221671000024799,38.46582000005583,0.3887411753919501,1678,0,0,839,0.9942640047675805,0
38.59503,13,0,0,0,0.0,35.945091000030516,6.880704000195692,35.97995299969625,0.38850964401887567,1679,0,0,840,0.9940476190476191,0
38.63117,13,0,0,0,0.0,36.096063000059075,6.766716999663913,36.13150899991524,0.38827838827838823,1680,0,0,842,0.9926514251781473,0
38.66744,13,0,0,0,0.0,36.23010699993756,6.954665000193927,36.26378199987812,0.3880474076785796,1681,0,0,843,0.9924377224199288,0
38.70339,13,0,0,0,0.0,35.908715999994456,6.749680999746488,35.940311000103975,0.3878167017287112,1682,0,0,844,0.9922245260663507,0
38.73983,13,0,0,0,0.0,36.39200099996742,6.896381999922596,36.43880799972976,0.3875862699392111,1683,0,0,847,0.9896694214876033,0
38.77568,13,0,0,0,0.0,35.814006999771664,6.752107000011165,35.841634000007616,0.38735611182167007,1684,0,0,847,0.9906286894923259,0
38.81252,13,0,0,0,0.0,36.80436200011172,6.756702000075165,36.83706699985123,0.38712622688883813,1685,0,0,847,0.9915879574970484,0
38.84945,13,0,0,0,0.0,36.881685000025755,6.8342170002324565,36.91795799977626,0.3868966146546218,1686,0,0,848,0.9913767688679245,0
38.8853,13,0,0,0,0.0,35.814356000173575,6.8643409999822325,35.849761000008584,0.38666727463407957,1687,0,0,848,0.9923349056603774,0
38.92227,13,0,0,0,0.0,36.91504600010376,6.877123000322172,36.96380799965482,0.38643820634341963,1688,0,0,780,0.992948717948718,0
38.95816,12,0,0,0,0.0,35.85032699993462,6.3350919999720645,35.88321500001257,0.3885928557331755,1689,0,0,780,0.9939102564102564,0
38.99437,12,0,0,0,0.0,36.16114199985532,6.335318999845185,36.1998470002618,0.38836291913214993,1690,0,0,781,0.9935979513444302,0
39.03121,12,0,0,0,0.0,36.80137199989986,6.440139000005729,36.83655800023189,0.38813325448452596,1691,0,0,781,0.9945582586427657,0
39.06781,12,0,0,0,0.0,36.54433799965773,6.62789000034536,36.604490999707195,0.3879038613081166,1692,0,0,782,0.9942455242966752,0
39.10423,12,0,0,0,0.0,36.346587000025465,6.378790999860939,36.414132000118116,0.38767473912187433,1693,0,0,724,0.9941298342541437,0
39.14022,11,0,0,0,0.0,35.92631099991195,5.99964999992153,35.96008400018036,0.3819899109155307,1694,0,0,724,0.9950794198895028,0
39.17568,11,0,0,0,0.0,35.406948999934684,5.983812000067701,35.45583100003569,0.3817645481362295,1695,0,0,725,0.9946551724137931,0
39.21228,11,0,0,0,0.0,36.55328900003951,6.043773999863333,36.59491100006562,0.3815394511149228,1696,0,0,727,0.9928645116918845,0
39.24963,11,0,0,0,0.0,37.30806500016115,6.0633859998233675,37.34539800007042,0.3813146193817968,1697,0,0,728,0.992445054945055,0
39.2859,11,0,0,0,0.0,36.22110500009512,6.076435999602836,36.25809899995147,0.3810900524681443,1698,0,0,729,0.9920267489711934,0
39.32123,11,0,0,0,0.0,35.28873000004751,6.003484000302706,35.33231299979889,0.380865749906362,1699,0,0,732,0.9889002732240437,0
39.35614,11,0,0,0,0.0,34.86176799970053,5.869114999768499,34.88952599991535,0.3806417112299465,1700,0,0,732,0.989839480874317,0
39.39222,11,0,0,0,0.0,36.04870299977847,6.074491000163107,36.08051199989859,0.3804179359734915,1701,0,0,732,0.9907786885245902,0
39.42808,11,0,0,0,0.0,35.80691800016211,6.076182000015251,35.84261099967989,0.3801944236726845,1702,0,0,732,0.9917178961748634,0
39.46309,11,0,0,0,0.0,34.955316000377934,6.017722000251524,35.00216400016143,0.3799711738643037,1703,0,0,663,0.9923642533936652,0
39.49814,10,0,0,0,0.0,35.01511300009952,5.474242999753187,35.049137999976665,0.38221830985915495,1704,0,0,663,0.9933069381598794,0
39.53317,10,0,0,0,0.0,34.97149500026353,5.441514000267489,35.02260400000523,0.38199413489736067,1705,0,0,614,0.9937907166123778,0
39.56812,9,0,0,0,0.0,34.90943900033017,5.134079000072234,34.94420799961517,0.36413963787938,1706,0,0,614,0.9947068403908795,0
39.60379,9,0,0,0,0.0,35.61979100004464,5.118061999837664,35.65714700016542,0.3639263164746469,1707,0,0,614,0.9956229641693811,0
39.63935,9,0,0,0,0.0,35.49186700001883,5.122790999848803,35.554934999709076,0.3637132448607858,1708,0,0,563,0.9951154529307282,0
39.67432,8,0,0,0,0.0,34.924779999983,4.707105999841588,34.95833599981779,0.34435342305441774,1709,0,0,563,0.9960035523978685,0
39.70825,8,0,0,0,0.0,33.88632900032462,4.654666000078578,33.92940499998076,0.34415204678362576,1710,0,0,563,0.9968916518650088,0
39.74232,8,0,0,0,0.0,34.02560800032006,4.767508000441012,34.059542000250076,0.3439509059029807,1711,0,0,564,0.9960106382978723,0
39.77628,8,0,0,0,0.0,33.92233500017028,4.64306799995029,33.95827700023801,0.34375,1712,0,0,566,0.9933745583038869,0
39.81058,8,0,0,0,0.0,34.25237900000866,4.647324999950797,34.28885299990725,0.343549328663164,1713,0,0,567,0.9925044091710759,0
39.84515,8,0,0,0,0.0,34.52288200014664,4.616999000063515,34.561032000056,0.3433488914819136,1714,0,0,568,0.991637323943662,0
39.87957,8,0,0,0,0.0,34.37676099974851,4.7637050001867465,34.4132290001653,0.3431486880466472,1715,0,0,570,0.9890350877192983,0
39.91318,8,0,0,0,0.0,33.573554000213335,4.6089860002211935,33.60361200020634,0.34294871794871795,1716,0,0,570,0.9899122807017544,0
39.94793,8,0,0,0,0.0,34.71217700007401,4.838561000269692,34.73817299982329,0.34274898078043103,1717,0,0,570,0.9907894736842106,0
39.98156,8,0,0,0,0.0,33.597775000089314,4.585705999943457,33.62783800002944,0.3425494761350407,1718,0,0,570,0.9916666666666667,0
40.01457,8,0,0,0,0.0,32.972137999877305,4.628699000022607,33.002081000176986,0.34235020360674806,1719,0,0,570,0.9925438596491228,0
40.0483,8,0,0,0,0.0,33.69711200002712,4.603695000241714,33.72335300036866,0.3421511627906977,1720,0,0,570,0.993421052631579,0
40.0826,8,0,0,0,0.0,34.271194000211835,4.639738000150828,34.30568300018422,0.341952353282975,1721,0,0,570,0.9942982456140351,0
40.11781,8,0,0,0,0.0,35.16090899984192,4.708553999989817,35.21575800004939,0.34175377468060397,1722,0,0,570,0.9951754385964913,0
40.15285,8,0,0,0,0.0,34.97510300030626,4.749225000068691,35.0083880002785,0.3415554265815438,1723,0,0,570,0.9960526315789474,0
40.18713,8,0,0,0,0.0,34.241175999795814,4.709794999598671,34.27936900015993,0.3413573085846868,1724,0,0,571,0.9951838879159369,0
40.22117,8,0,0,0,0.0,34.002696000243304,4.692581000199425,34.03544100001454,0.341159420289855,1725,0,0,571,0.9960595446584939,0
40.2559,8,0,0,0,0.0,34.68524299978526,4.6744880000915146,34.718826999778685,0.3409617612977984,1726,0,0,571,0.9969352014010507,0
40.28977,8,0,0,0,0.0,33.83047399984207,4.7017279998726735,33.86790700005804,0.3407643312101911,1727,0,0,572,0.9960664335664335,0
40.32492,8,0,0,0,0.0,35.062292000020534,4.702110999915021,35.149762999935774,0.34056712962962965,1728,0,0,502,0.9926543824701195,0
40.37034,7,0,0,0,0.0,45.36602400003176,4.21505199983585,45.40428600012092,0.3412377096587623,1729,0,0,503,0.9915506958250497,0
40.40397,7,0,0,0,0.0,33.59460899991973,4.192817000330251,33.62786600018808,0.34104046242774566,1730,0,0,503,0.992420477137177,0
40.43742,7,0,0,0,0.0,33.401999000034266,4.23005499987994,33.438727000429935,0.3408434430964761,1731,0,0,505,0.9893564356435643,0
40.47088,7,0,0,0,0.0,33.42595599997367,4.1659949997665535,33.45791999981884,0.3406466512702079,1732,0,0,505,0.9902227722772278,0
40.50495,7,0,0,0,0.0,34.0194660002453,4.185730000244803,34.0650020002613,0.3404500865551068,1733,0,0,449,0.9915089086859689,0
40.53972,6,0,0,0,0.0,34.726729999874806,3.758800000014162,34.7585969998363,0.315359477124183,1734,0,0,449,0.9923440979955457,0
40.57337,6,0,0,0,0.0,33.60425499977282,3.780851000101393,33.635360000062065,0.3151777137367916,1735,0,0,449,0.9931792873051225,0
40.6069,6,0,0,0,0.0,33.49352600025668,3.7753359997623193,33.52547699978459,0.31499615975422424,1736,0,0,449,0.9940144766146993,0
40.63968,6,0,0,0,0.0,32.72961700031374,3.757708999728493,32.77955600015048,0.31481481481481477,1737,0,0,275,0.9940909090909091,0
40.67126,4,0,0,0,0.0,31.53638100002354,2.4914529999477963,31.56556899966745,0.3708285385500575,1738,0,0,275,0.995,0
40.70331,4,0,0,0,0.0,32.01295400003801,2.5301599998783786,32.04823199985185,0.370615296147211,1739,0,0,275,0.9959090909090909,0
40.73569,4,0,0,0,0.0,32.33788499983348,2.590063999832637,32.37510899998597,0.37040229885057474,1740,0,0,275,0.9968181818181818,0
40.76786,4,0,0,0,0.0,32.1309719997771,2.577221000137797,32.16084799987584,0.3701895462377943,1741,0,0,275,0.9977272727272727,0
40.79996,4,0,0,0,0.0,32.06360300009692,2.53272999998444,32.093940999857296,0.3699770378874856,1742,0,0,275,0.9986363636363637,0
40.83093,4,0,0,0,0.0,30.911766000372154,2.5242699998671014,30.956982000134303,0.3697647733792312,1743,0,0,167,0.9932634730538922,0
40.86188,3,0,0,0,0.0,30.914002999907098,1.5550089997304894,30.948897000143916,0.1468981035036966,1037,0,0,168,0.9884672619047619,0
40.89314,3,0,0,0,0.0,31.218214000091393,1.5924310000627884,31.250301000000036,0.14675658317276818,1038,0,0,168,0.9895833333333334,0
40.92402,3,0,0,0,0.0,30.83844200000385,1.5963190003276395,30.868635999922844,0.1466153352582612,1039,0,0,168,0.9906994047619048,0
40.95504,3,0,0,0,0.0,30.982534000031592,1.5916329998617584,31.013705000077607,0.146474358974359,1040,0,0,169,0.9859467455621301,0
40.98563,3,0,0,0,0.0,30.55947600023501,1.586753000083263,30.588468000132707,0.14633365353826444,1041,0,0,169,0.9870562130177515,0
41.01631,3,0,0,0,0.0,30.63913699998011,1.5617139997630147,30.669238999962545,0.1461932181701855,1042,0,0,169,0.9881656804733728,0
41.04704,3,0,0,0,0.0,30.690984000102617,1.5717720002612623,30.71805099989433,0.14605305209332053,1043,0,0,169,0.9892751479289941,0
41.0778,3,0,0,0,0.0,30.727644999842596,1.5680579999752808,30.757343000004767,0.14591315453384424,1044,0,0,169,0.9903846153846154,0
41.1087,3,0,0,0,0.0,30.834677999791893,1.5773710001667496,30.878999999913503,0.1457735247208931,1045,0,0,120,0.9911458333333333,0
41.14002,2,0,0,0,0.0,31.27550199997131,1.2674109998442873,31.31201600035638,0.09034416826003822,1046,0,0,120,0.9921875,0
41.17007,2,0,0,0,0.0,30.00405900002079,1.2878100001216808,30.035481000140862,0.0902578796561605,1047,0,0,120,0.9932291666666667,0
41.20031,2,0,0,0,0.0,30.208411999865348,1.2617580000551243,30.239212000196858,0.09017175572519087,1048,0,0,120,0.9942708333333333,0
41.23041,2,0,0,0,0.0,30.06348100007017,1.2252540000190493,30.09312799986219,0.09008579599618682,1049,0,0,120,0.9953125,0
41.26054,2,0,0,0,0.0,30.093877000126668,1.221735999934026,30.11915599972781,0.08999999999999997,1050,0,0,120,0.9963541666666667,0
41.29073,2,0,0,0,0.0,30.148630999974557,1.2867169998571626,30.18544299993664,0.08991436726926738,1051,0,0,54,0.9988425925925926,0
41.31617,1,0,0,0,0.0,25.41210500021407,0.8571670000492304,25.438946000122087,0.0,863,0,0,54,1.0,0
41.34135,1,0,0,0,0.0,25.12490399976741,0.8627849997537851,25.1556360003633,0.0,864,0,0,55,0.9829545454545454,0
41.36646,1,0,0,0,0.0,25.071674000173516,0.8835140001792752,25.09419700027138,0.0,865,0,0,55,0.9840909090909091,0
41.39122,1,0,0,0,0.0,24.728238000079727,0.8694630000718462,24.752791000082652,0.0,866,0,0,55,0.9852272727272727,0
41.41607,1,0,0,0,0.0,24.823389000175666,0.8607770000708115,24.8466279999775,0.0,867,0,0,55,0.9863636363636363,0
41.44078,1,0,0,0,0.0,24.676966999777505,0.8477050000692543,24.70649199995023,0.0,868,0,0,55,0.9875,0
41.46618,1,0,0,0,0.0,25.366745000155788,0.8541779998267884,25.391720000243367,0.0,869,0,0,55,0.9886363636363636,0
41.49185,1,0,0,0,0.0,25.636403000135033,0.8840790001158894,25.666437999916525,0.0,870,0,0,55,0.9897727272727272,0
41.51785,1,0,0,0,0.0,25.957234999623324,0.9167170001092018,25.988176000282692,0.0,871,0,0,55,0.990909090909091,0
41.54349,1,0,0,0,0.0,25.609246999920288,0.9437059998163022,25.638020999849687,0.0,872,0,0,55,0.9920454545454546,0
41.56956,1,0,0,0,0.0,26.02491600009671,0.9344139998574974,26.053169000078924,0.0,873,0,0,55,0.9931818181818182,0
41.59504,1,0,0,0,0.0,25.446256999657635,0.9260649999305315,25.47449299981963,0.0,874,0,0,55,0.9943181818181818,0
41.62058,1,0,0,0,0.0,25.50659500002439,0.9025869999277347,25.53404899981615,0.0,875,0,0,55,0.9954545454545455,0
41.64603,1,0,0,0,0.0,25.412941000013234,0.9057190000021365,25.44151399979455,0.0,876,0,0,55,0.9965909090909091,0
41.67171,1,0,0,0,0.0,25.640026000019134,0.9250999996766041,25.677482999981294,0.0,877,0,0,0,0.0,0
