t_s,batch,n_prefill,prefill_tokens,prefill_ms,decode_ms,gather_ms,iteration_ms,padding_waste,context_max,waiting,preempted,kv_blocks_used,kv_slot_utilization,wasted_decode_tokens
0.07154,1,1,235,37.272159999702126,34.22302299804869,0.6077600010030437,71.53411399849574,0.0,235,0,0,15,0.9833333333333333,0
0.1054,1,0,0,0.0,33.835599999292754,0.5899729985685553,33.85982799954945,0.0,236,0,0,15,0.9875,0
0.13868,1,0,0,0.0,33.245086000533774,0.5800229992019013,33.26782899966929,0.0,237,0,0,15,0.9916666666666667,0
0.17249,1,0,0,0.0,33.78311100095743,0.5881530014448799,33.80458900210215,0.0,238,0,0,15,0.9958333333333333,0
0.20569,1,0,0,0.0,33.18235500046285,0.5745180023950525,33.20374600298237,0.0,239,0,0,15,1.0,0
0.23932,1,0,0,0.0,33.59253999951761,0.5800549988634884,33.617494998907205,0.0,240,0,0,16,0.94140625,0
0.27319,1,0,0,0.0,33.85161099868128,0.5798729980597273,33.89041199989151,0.0,241,0,0,16,0.9453125,0
0.30669,1,0,0,0.0,33.45288700074889,0.5773010016127955,33.475053001893684,0.0,242,0,0,16,0.94921875,0
0.3406,1,0,0,0.0,33.87821499927668,0.613207997957943,33.899688998644706,0.0,243,0,0,16,0.953125,0
0.37366,1,0,0,0.0,33.04304700213834,0.611681000009412,33.06451000025845,0.0,244,0,0,16,0.95703125,0
0.4069,1,0,0,0.0,33.208319000550546,0.5788810012745671,33.23132800142048,0.0,245,0,0,16,0.9609375,0
0.44028,1,0,0,0.0,33.35147300094832,0.6008050004311372,33.37388799991459,0.0,246,0,0,16,0.96484375,0
0.47412,1,0,0,0.0,33.81470000022091,0.6016620027367026,33.83716700045625,0.0,247,0,0,16,0.96875,0
0.50717,1,0,0,0.0,33.02812800029642,0.6031910015735775,33.050107002054574,0.0,248,0,0,16,0.97265625,0
0.53976,1,0,0,0.0,32.55839000121341,0.5617040005745366,32.579604998318246,0.0,249,0,0,16,0.9765625,0
0.64028,4,3,555,62.68074499894283,37.792388000525534,0.8332789984706324,100.52314700078568,0.19499999999999995,250,0,0,52,0.9723557692307693,0
0.67781,4,0,0,0.0,37.49176999917836,0.841982000565622,37.51914700114867,0.19422310756972117,251,0,0,53,0.9587264150943396,0
0.71514,4,0,0,0.0,37.30143500069971,0.8627889983472414,37.3262720022467,0.19345238095238093,252,0,0,53,0.9634433962264151,0
0.75266,4,0,0,0.0,37.48733700194862,0.862648001202615,37.509780002437765,0.19268774703557312,253,0,0,53,0.9681603773584906,0
0.78976,4,0,0,0.0,37.078564000694314,0.8751809982641134,37.101150999660604,0.1919291338582677,254,0,0,53,0.972877358490566,0
0.82661,4,0,0,0.0,36.82375000062166,0.8717949967831373,36.848248997557675,0.19117647058823528,255,0,0,53,0.9775943396226415,0
0.89819,5,1,98,33.208290002221474,38.320884999848204,0.9988420024455991,71.59263500216184,0.27578125,256,0,0,61,0.9549180327868853,0
0.9357,5,0,0,0.0,37.46214700004202,0.9874169991235249,37.49165699991863,0.2747081712062257,257,0,0,62,0.9445564516129032,0
0.97362,5,0,0,0.0,37.88308299772325,1.0077989973069634,37.90811799990479,0.27364341085271315,258,0,0,62,0.9495967741935484,0
1.01085,5,0,0,0.0,37.20396499920753,1.0098130005644634,37.22908700001426,0.27258687258687264,259,0,0,62,0.9546370967741935,0
1.04837,5,0,0,0.0,37.491659000806976,1.00078900140943,37.514444997214014,0.2715384615384615,260,0,0,62,0.9596774193548387,0
1.08591,5,0,0,0.0,37.513801999011775,0.9853390001808293,37.53855500326608,0.2704980842911877,261,0,0,62,0.9647177419354839,0
1.12552,5,0,0,0.0,39.574004000314744,1.0171600006287917,39.59921400019084,0.2694656488549618,262,0,0,62,0.969758064516129,0
1.16274,5,0,0,0.0,37.187642003118526,1.0045470007753465,37.21420399961062,0.26844106463878326,263,0,0,63,0.9593253968253969,0
1.20118,5,0,0,0.0,38.417443000071216,1.02142000105232,38.44364000178757,0.26742424242424245,264,0,0,63,0.9642857142857143,0
1.24134,5,0,0,0.0,40.108326997142285,1.0043520014733076,40.134994000254665,0.2664150943396226,265,0,0,63,0.9692460317460317,0
1.27975,5,0,0,0.0,38.381632999517024,1.022641001327429,38.40740200030268,0.26541353383458643,266,0,0,63,0.9742063492063492,0
1.31813,5,0,0,0.0,38.343438998708734,1.0384609995526262,38.37087299689301,0.26441947565543067,267,0,0,64,0.9638671875,0
1.35669,5,0,0,0.0,38.53383499881602,1.0261360002914444,38.55901999850175,0.2634328358208955,268,0,0,64,0.96875,0
1.39461,5,0,0,0.0,37.8846980020171,1.047239999024896,37.91067199927056,0.26245353159851303,269,0,0,64,0.9736328125,0
1.43252,5,0,0,0.0,37.87648900106433,1.0447590029798448,37.90529400066589,0.26148148148148154,270,0,0,65,0.9634615384615385,0
1.46984,5,0,0,0.0,37.28786799911177,1.0215200018137693,37.31225899900892,0.2605166051660517,271,0,0,65,0.9682692307692308,0
1.50799,5,0,0,0.0,38.11473899986595,1.036099001794355,38.1520900009491,0.25955882352941173,272,0,0,66,0.9583333333333334,0
1.54575,5,0,0,0.0,37.722774999565445,1.0476280003786087,37.74905500176828,0.2586080586080586,273,0,0,67,0.9486940298507462,0
1.58446,5,0,0,0.0,38.68259899900295,1.0408119997009635,38.707656000042334,0.25766423357664237,274,0,0,67,0.9533582089552238,0
1.6259,5,0,0,0.0,41.40982800163329,1.039194998156745,41.43748400019831,0.2567272727272727,275,0,0,67,0.9580223880597015,0
1.70485,6,1,146,40.90124799768091,37.99377199902665,1.1768259973905515,78.95500000086031,0.29166666666666663,276,0,0,77,0.9569805194805194,0
1.7431,6,0,0,0.0,38.206011999136535,1.1844139989989344,38.233674997172784,0.29061371841155237,277,0,0,77,0.9618506493506493,0
1.78171,6,0,0,0.0,38.584337999054696,1.208489000418922,38.60975800125743,0.289568345323741,278,0,0,77,0.9667207792207793,0
1.81884,6,0,0,0.0,37.09874600099283,1.2059079999744426,37.128415002371185,0.2885304659498208,279,0,0,78,0.9591346153846154,0
1.8568,6,0,0,0.0,37.92909199910355,1.220953003212344,37.95254999931785,0.2875,280,0,0,78,0.9639423076923077,0
1.89482,6,0,0,0.0,37.99350400004187,1.1956979979004245,38.01935700175818,0.28647686832740216,281,0,0,78,0.96875,0
1.9329,6,0,0,0.0,38.05225899850484,1.258360000065295,38.07793699888862,0.28546099290780147,282,0,0,78,0.9735576923076923,0
1.97082,6,0,0,0.0,37.8849970002193,1.201009999931557,37.912268002401106,0.284452296819788,283,0,0,79,0.9659810126582279,0
2.04185,7,1,207,32.966393999231514,38.009676998626674,1.4007060017320327,71.02763399961987,0.2816901408450704,284,0,0,74,0.9712837837837838,0
2.0801,6,0,0,0.0,38.211996001336956,1.1659079973469488,38.2402089999232,0.3004866180048662,274,0,0,75,0.9633333333333334,0
2.11802,6,0,0,0.0,37.88273399914033,1.1802789995272178,37.912077001237776,0.29939393939393943,275,0,0,76,0.9555921052631579,0
2.15589,6,0,0,0.0,37.840840999706415,1.1681549985951278,37.873003999266075,0.29830917874396135,276,0,0,76,0.9605263157894737,0
2.19364,6,0,0,0.0,37.71461799988174,1.1695749999489635,37.74022099969443,0.2972322503008423,277,0,0,76,0.9654605263157895,0
2.23143,6,0,0,0.0,37.757176000013715,1.1961559976043645,37.78691800107481,0.29616306954436455,278,0,0,77,0.9577922077922078,0
2.26839,6,0,0,0.0,36.932543000148144,1.1713029998645652,36.96016300091287,0.29510155316606934,279,0,0,78,0.9503205128205128,0
2.3063,6,0,0,0.0,37.875376001466066,1.1813710007118061,37.90264000053867,0.294047619047619,280,0,0,78,0.9551282051282052,0
2.3545,6,0,0,0.0,48.17093500241754,1.180841998575488,48.198592998232925,0.29300118623962035,281,0,0,78,0.9599358974358975,0
2.43235,7,1,228,39.72459299984621,38.06490200076951,1.3246779999462888,77.84332100345637,0.27760891590678827,282,0,0,93,0.9630376344086021,0
2.48082,7,0,0,0.0,48.432201001560315,1.3555839977925643,48.46036199887749,0.276627965673902,283,0,0,93,0.967741935483871,0
2.5211,7,0,0,0.0,40.25275700041675,1.4666589995613322,40.28341400044155,0.2756539235412475,284,0,0,94,0.9621010638297872,0
2.55946,7,0,0,0.0,38.32919799970114,1.3684509976883419,38.35395199712366,0.27468671679198,285,0,0,94,0.9667553191489362,0
2.59991,7,0,0,0.0,40.42047099937918,1.383274000545498,40.4494730028091,0.2737262737262737,286,0,0,94,0.9714095744680851,0
2.63879,7,0,0,0.0,38.848061001772294,1.4146840003377292,38.875415000802604,0.2727725236436038,287,0,0,94,0.976063829787234,0
2.67772,7,0,0,0.0,38.89162500126986,1.45679100023699,38.93684599825065,0.27182539682539686,288,0,0,95,0.9703947368421053,0
2.71587,7,0,0,0.0,38.094526000350015,1.4089850010350347,38.12924100202508,0.2708848245180425,289,0,0,95,0.975,0
2.754,7,0,0,0.0,38.09196599831921,1.3870109978597611,38.1215159977728,0.2699507389162562,290,0,0,96,0.9694010416666666,0
2.79171,7,0,0,0.0,37.682776997826295,1.3990010011184495,37.71149000021978,0.26902307314678453,291,0,0,97,0.9639175257731959,0
2.82948,7,0,0,0.0,37.74178499952541,1.3879300022381358,37.769067002955126,0.2681017612524462,292,0,0,97,0.9684278350515464,0
2.86747,7,0,0,0.0,37.95426600117935,1.424105001206044,37.9788969985384,0.2671867381764993,293,0,0,97,0.9729381443298969,0
2.90517,7,0,0,0.0,37.66803300095489,1.4060250032343902,37.69909199763788,0.2662779397473275,294,0,0,99,0.9577020202020202,0
2.94329,7,0,0,0.0,38.08808800022234,1.3952049994259141,38.11988799861865,0.26537530266343823,295,0,0,100,0.9525,0
2.98137,7,0,0,0.0,38.04952100108494,1.4576169996871613,38.07743200013647,0.2644787644787645,296,0,0,100,0.956875,0
3.01921,7,0,0,0.0,37.784635002026334,1.410119999491144,37.83357100110152,0.2635882635882636,297,0,0,81,0.9567901234567902,0
3.05677,6,0,0,0.0,37.5294670011499,1.1663049990602303,37.55464299683808,0.20512820512820518,260,0,0,81,0.9614197530864198,0
3.09448,6,0,0,0.0,37.67684499689494,1.172382999357069,37.702230001741555,0.20434227330779053,261,0,0,81,0.9660493827160493,0
3.13191,6,0,0,0.0,37.40063399891369,1.163683999038767,37.430462001793785,0.20356234096692116,262,0,0,82,0.9588414634146342,0
3.16888,6,0,0,0.0,36.9338569980755,1.1726220000127796,36.95932700065896,0.20278833967046894,263,0,0,82,0.9634146341463414,0
3.20626,6,0,0,0.0,37.34353099935106,1.180154002213385,37.370609999925364,0.202020202020202,264,0,0,82,0.9679878048780488,0
3.24363,6,0,0,0.0,37.34011400229065,1.1780919994635042,37.36613599903649,0.20125786163522008,265,0,0,82,0.9725609756097561,0
3.28106,6,0,0,0.0,37.40082200238248,1.2049560027662665,37.42549600065104,0.20050125313283207,266,0,0,82,0.9771341463414634,0
3.31879,6,0,0,0.0,37.69525999814505,1.1928860003536101,37.73007400013739,0.19975031210986272,267,0,0,70,0.9875,0
3.35673,5,0,0,0.0,37.90928899979917,1.1019699995813426,37.93587899781414,0.17462686567164176,268,0,0,71,0.9779929577464789,0
3.39465,5,0,0,0.0,37.88343300038832,1.0870869991777,37.91294599795947,0.17397769516728623,269,0,0,72,0.96875,0
3.43795,5,0,0,0.0,43.27192199707497,1.0695249984564725,43.29784500077949,0.17333333333333334,270,0,0,72,0.9730902777777778,0
3.47493,5,0,0,0.0,36.95481000249856,1.106185998651199,36.98004900070373,0.17269372693726937,271,0,0,72,0.9774305555555556,0
3.51264,5,0,0,0.0,37.66869899845915,1.0799800002132542,37.69855700011249,0.17205882352941182,272,0,0,74,0.9552364864864865,0
3.55052,5,0,0,0.0,37.8446510003414,1.0842869996849913,37.872970999160316,0.17142857142857137,273,0,0,75,0.9466666666666667,0
3.58781,5,0,0,0.0,37.269129999913275,1.067945999238873,37.29639100129134,0.1708029197080292,274,0,0,75,0.9508333333333333,0
3.62527,5,0,0,0.0,37.423672001750674,1.0825159988598898,37.45050699944841,0.1701818181818182,275,0,0,75,0.955,0
3.66261,5,0,0,0.0,37.3113480018219,1.0604540002532303,37.33660899888491,0.16956521739130437,276,0,0,75,0.9591666666666666,0
3.69989,5,0,0,0.0,37.24566099845106,1.1177699998370372,37.27141099807341,0.16895306859205772,277,0,0,75,0.9633333333333334,0
3.73708,5,0,0,0.0,37.16075699776411,1.0790800006361678,37.18668600049568,0.1683453237410072,278,0,0,75,0.9675,0
3.80675,6,1,174,32.92708300068625,36.69930099931662,1.2266070007171948,69.67221499871812,0.20250896057347667,279,0,0,86,0.9745639534883721,0
3.84417,6,0,0,0.0,37.38276700096321,1.2588339996000286,37.410387998534134,0.20178571428571423,280,0,0,86,0.9789244186046512,0
3.88179,6,0,0,0.0,37.58525800003554,1.2264930010132957,37.613989999954356,0.20106761565836295,281,0,0,87,0.9719827586206896,0
3.91915,6,0,0,0.0,37.33369800102082,1.2481569974625017,37.36012900117203,0.20035460992907805,282,0,0,87,0.9762931034482759,0
3.95744,6,0,0,0.0,38.256949999777135,1.2308389996178448,38.2815289995051,0.1996466431095406,283,0,0,87,0.9806034482758621,0
3.99485,6,0,0,0.0,37.38141099893255,1.2747109976771753,37.411262001114665,0.198943661971831,284,0,0,88,0.9737215909090909,0
4.03251,6,0,0,0.0,37.62567599915201,1.256071001989767,37.65426500103786,0.19824561403508767,285,0,0,89,0.9669943820224719,0
4.07004,6,0,0,0.0,37.49889000027906,1.2570180006150622,37.52456499933032,0.1975524475524476,286,0,0,89,0.9712078651685393,0
4.10689,6,0,0,0.0,36.822034999204334,1.2617860011232551,36.84971100301482,0.1968641114982579,287,0,0,89,0.9754213483146067,0
4.14534,6,0,0,0.0,38.40793700146605,1.2805609985662159,38.43910300201969,0.19618055555555558,288,0,0,91,0.9581043956043956,0
4.18389,6,0,0,0.0,38.52080200158525,1.2698540012934245,38.5516229980567,0.19550173010380623,289,0,0,92,0.951766304347826,0
4.22184,6,0,0,0.0,37.9202570002235,1.287953000428388,37.94646199821727,0.19482758620689655,290,0,0,92,0.9558423913043478,0
4.26013,6,0,0,0.0,38.24920799888787,1.2665129979723133,38.272867001069244,0.19415807560137455,291,0,0,92,0.9599184782608695,0
4.29832,6,0,0,0.0,38.16485200150055,1.289330997678917,38.191627001651796,0.19349315068493156,292,0,0,92,0.9639945652173914,0
4.33701,6,0,0,0.0,38.65114400105085,1.279981999687152,38.67774399986956,0.19283276450511944,293,0,0,92,0.9680706521739131,0
4.3798,6,0,0,0.0,42.76425100033521,1.3141370000084862,42.79104700253811,0.19217687074829937,294,0,0,92,0.9721467391304348,0
4.41809,6,0,0,0.0,38.23031100182561,1.3682349999726284,38.26594299971475,0.19152542372881354,295,0,0,80,0.9765625,0
4.45735,5,0,0,0.0,39.22250600226107,1.1833820026367903,39.255864001461305,0.15540540540540537,296,0,0,63,0.9781746031746031,0
4.4955,4,0,0,0.0,38.125719998788554,0.9705419979582075,38.15409800154157,0.17003367003366998,297,0,0,64,0.966796875,0
4.53356,4,0,0,0.0,38.030300001992146,0.9598489996278659,38.05616300087422,0.16946308724832215,298,0,0,64,0.970703125,0
4.57187,4,0,0,0.0,38.277685998764355,0.977763000264531,38.30450900204596,0.1688963210702341,299,0,0,64,0.974609375,0
4.61005,4,0,0,0.0,38.14567500012345,1.0057560029963497,38.17237499970361,0.16833333333333333,300,0,0,64,0.978515625,0
4.64912,4,0,0,0.0,39.037146998452954,0.9962069998437073,39.07119799987413,0.16777408637873759,301,0,0,64,0.982421875,0
4.68738,4,0,0,0.0,38.22536699954071,1.0152930008189287,38.24830799931078,0.16721854304635764,302,0,0,64,0.986328125,0
4.72468,4,0,0,0.0,37.27209399949061,0.9615970011509489,37.29878599915537,0.16666666666666663,303,0,0,64,0.990234375,0
4.76302,4,0,0,0.0,38.308438000967726,1.0087820010085125,38.335270997777116,0.16611842105263153,304,0,0,66,0.9640151515151515,0
4.80136,4,0,0,0.0,38.308431998302694,0.998803003312787,38.337934001901885,0.16557377049180333,305,0,0,67,0.9533582089552238,0
4.83967,4,0,0,0.0,38.282210000033956,0.985659997240873,38.307565002469346,0.16503267973856206,306,0,0,67,0.957089552238806,0
4.87802,4,0,0,0.0,38.31502899993211,1.0134760013897903,38.3408950001467,0.16449511400651462,307,0,0,67,0.960820895522388,0
4.91643,4,0,0,0.0,38.375057996745454,1.0263999974995386,38.401550002163276,0.16396103896103897,308,0,0,67,0.9645522388059702,0
4.95457,4,0,0,0.0,38.10980599882896,0.9827439971559215,38.13461999743595,0.1634304207119741,309,0,0,67,0.9682835820895522,0
4.99286,4,0,0,0.0,38.25407999829622,1.0024119983427227,38.288203002593946,0.16290322580645167,310,0,0,47,0.9720744680851063,0
5.02927,3,0,0,0.0,36.38557299927925,0.83435200212989,36.412258003110765,0.17401129943502824,295,0,0,47,0.976063829787234,0
5.06652,3,0,0,0.0,37.217379998764955,0.787381999543868,37.241240999719594,0.17342342342342343,296,0,0,47,0.9800531914893617,0
5.10394,3,0,0,0.0,37.39190700071049,0.811401001556078,37.42032999798539,0.1728395061728395,297,0,0,48,0.9635416666666666,0
5.14105,3,0,0,0.0,37.08115300105419,0.8263700001407415,37.10706399942865,0.17225950782997768,298,0,0,48,0.9674479166666666,0
5.17817,3,0,0,0.0,37.08922000078019,0.8165010003722273,37.112134999915725,0.17168338907469338,299,0,0,48,0.9713541666666666,0
5.2153,3,0,0,0.0,37.10096199938562,0.7882630015956238,37.12643099788693,0.1711111111111111,300,0,0,48,0.9752604166666666,0
5.25261,3,0,0,0.0,37.280775999533944,0.7980590016813949,37.30512699985411,0.1705426356589147,301,0,0,48,0.9791666666666666,0
5.28996,3,0,0,0.0,37.32416999991983,0.7939329989312682,37.34639399772277,0.16997792494481234,302,0,0,48,0.9830729166666666,0
5.32628,3,0,0,0.0,36.28961100184824,0.8172490015567746,36.315687000751495,0.16941694169416943,303,0,0,48,0.9869791666666666,0
5.36365,3,0,0,0.0,37.33554899736191,0.820324999949662,37.361238999437774,0.16885964912280704,304,0,0,49,0.9706632653061225,0
5.40065,3,0,0,0.0,36.967866002669325,0.7909749983809888,36.99331399911898,0.1683060109289618,305,0,0,50,0.955,0
5.43762,3,0,0,0.0,36.94486699896515,0.7965980003064033,36.96802900230978,0.16775599128540308,306,0,0,50,0.95875,0
5.47473,3,0,0,0.0,37.079723999340786,0.8081100022536702,37.10103900084505,0.16720955483170463,307,0,0,50,0.9625,0
5.51189,3,0,0,0.0,37.140537999221124,0.8277630004158709,37.16542899928754,0.16666666666666663,308,0,0,50,0.96625,0
5.54909,3,0,0,0.0,37.17338800197467,0.8449490014754701,37.19841700149118,0.16612729234088452,309,0,0,50,0.97,0
5.58639,3,0,0,0.0,37.268271000357345,0.8274659994640388,37.292190001608105,0.16559139784946242,310,0,0,50,0.97375,0
5.62259,3,0,0,0.0,36.17342800134793,0.7977980021678377,36.19594699921436,0.165058949624866,311,0,0,50,0.9775,0
5.65966,3,0,0,0.0,37.037718000647146,0.7968220015754923,37.06005499770981,0.1645299145299145,312,0,0,50,0.98125,0
5.69664,3,0,0,0.0,36.95571599746472,0.8153989983838983,36.98138999970979,0.16400425985090517,313,0,0,51,0.9656862745098039,0
5.73367,3,0,0,0.0,36.997176001023035,0.8082089989329688,37.02234699812834,0.16348195329087045,314,0,0,51,0.9693627450980392,0
5.77099,3,0,0,0.0,37.29385699989507,0.8439199991698842,37.31630000038422,0.16296296296296298,315,0,0,51,0.9730392156862745,0
5.80824,3,0,0,0.0,37.22089099755976,0.8459700002276804,37.24602200236404,0.16244725738396626,316,0,0,51,0.9767156862745098,0
5.8454,3,0,0,0.0,37.136717000976205,0.8226320023823064,37.160836000111885,0.1619348054679285,317,0,0,51,0.9803921568627451,0
5.88279,3,0,0,0.0,37.36319300151081,0.8193450012186076,37.385333998827264,0.16142557651991618,318,0,0,51,0.9840686274509803,0
5.91903,3,0,0,0.0,36.199376998411026,0.8319269982166588,36.22346299744095,0.16091954022988508,319,0,0,51,0.9877450980392157,0
5.95624,3,0,0,0.0,37.18592199948034,0.8472560002701357,37.21251000024495,0.16041666666666665,320,0,0,52,0.9723557692307693,0
5.99352,3,0,0,0.0,37.24052899997332,0.9484260008321144,37.267751002218574,0.15991692627206644,321,0,0,53,0.9575471698113207,0
6.03089,3,0,0,0.0,37.348924997786526,0.8297189997392707,37.372953000158304,0.1594202898550725,322,0,0,53,0.9610849056603774,0
6.06841,3,0,0,0.0,37.485990000277525,0.8669509988976642,37.509894002141664,0.1589267285861713,323,0,0,53,0.964622641509434,0
6.10581,3,0,0,0.0,37.37746899787453,0.8396850025746971,37.40237899910426,0.15843621399176955,324,0,0,53,0.9681603773584906,0
6.14288,3,0,0,0.0,37.03570099969511,0.8606240007793531,37.06017400327255,0.1579487179487179,325,0,0,53,0.9716981132075472,0
6.18013,3,0,0,0.0,37.21718200176838,0.858303999848431,37.25193300124374,0.15746421267893662,326,0,0,53,0.9752358490566038,0
6.21644,3,0,0,0.0,36.28211799878045,0.8485690013912972,36.306400998000754,0.15698267074413863,327,0,0,53,0.9787735849056604,0
6.25336,3,0,0,0.0,36.89105100056622,0.8326210008817725,36.914511998475064,0.1565040650406504,328,0,0,53,0.9823113207547169,0
6.29074,3,0,0,0.0,37.34834200076875,0.8262599985755514,37.374613999418216,0.15602836879432624,329,0,0,54,0.9675925925925926,0
6.32799,3,0,0,0.0,37.220597001578426,0.8706620028533507,37.24242900352692,0.15555555555555556,330,0,0,54,0.9710648148148148,0
6.36527,3,0,0,0.0,37.24950000105309,0.8641629974590614,37.27942399927997,0.1550855991943605,331,0,0,37,0.9712837837837838,0
6.40231,2,0,0,0.0,37.008168997999746,0.6903430003148969,37.03252699779114,0.13403614457831325,332,0,0,37,0.9746621621621622,0
6.43942,2,0,0,0.0,37.086141001054784,0.7071380023262464,37.11068600023282,0.13363363363363367,333,0,0,37,0.9780405405405406,0
6.47678,2,0,0,0.0,37.32598100032192,0.7296959993254859,37.34762499880162,0.13323353293413176,334,0,0,37,0.981418918918919,0
6.51319,2,0,0,0.0,36.38146800221875,0.7436829982907511,36.43199899670435,0.13283582089552237,335,0,0,21,1.0,0
6.54666,1,0,0,0.0,33.42111700112582,0.6176300012157299,33.444961001805495,0.0,336,0,0,22,0.9573863636363636,0
6.58003,1,0,0,0.0,33.348369997838745,0.6270039993978571,33.36858699913137,0.0,337,0,0,22,0.9602272727272727,0
6.61324,1,0,0,0.0,33.181490001879865,0.6233530002646148,33.203848000994185,0.0,338,0,0,22,0.9630681818181818,0
6.6466,1,0,0,0.0,33.321742001135135,0.6068250004318543,33.35143000003882,0.0,339,0,0,0,0.0,0
6.83047,1,1,98,34.549534000689164,33.063061000575544,0.5259989993646741,67.66184000298381,0.0,98,0,0,7,0.8839285714285714,0
6.86364,1,0,0,0.0,33.13503500248771,0.5108999976073392,33.15640299842926,0.0,99,0,0,7,0.8928571428571429,0
6.89687,1,0,0,0.0,33.20839699881617,0.5441440007416531,33.232403999136295,0.0,100,0,0,7,0.9017857142857143,0
6.92982,1,0,0,0.0,32.90108399960445,0.5683130002580583,32.92535800210317,0.0,101,0,0,7,0.9107142857142857,0
6.96292,1,0,0,0.0,33.07090900125331,0.5562939986702986,33.093081998231355,0.0,102,0,0,7,0.9196428571428571,0
6.99579,1,0,0,0.0,32.83998700135271,0.560625998332398,32.864557000721106,0.0,103,0,0,7,0.9285714285714286,0
7.02898,1,0,0,0.0,33.16313300092588,0.5649839986290317,33.18798200052697,0.0,104,0,0,7,0.9375,0
7.06207,1,0,0,0.0,33.063246999518014,0.5543209990719333,33.084249997045845,0.0,105,0,0,7,0.9464285714285714,0
7.09512,1,0,0,0.0,33.02580899980967,0.5431839999801014,33.06103100112523,0.0,106,0,0,7,0.9553571428571429,0
7.12816,1,0,0,0.0,33.001233998220414,0.5454809979710262,33.0242999989423,0.0,107,0,0,7,0.9642857142857143,0
7.16122,1,0,0,0.0,33.03287999733584,0.5488280003191903,33.05480999915744,0.0,108,0,0,7,0.9732142857142857,0
7.19405,1,0,0,0.0,32.800998000311665,0.5252269984339364,32.82342600141419,0.0,109,0,0,7,0.9821428571428571,0
7.22703,1,0,0,0.0,32.95825900204363,0.5919569994148333,32.98092600016389,0.0,110,0,0,7,0.9910714285714286,0
7.25974,1,0,0,0.0,32.67589700044482,0.547849998838501,32.6977619988611,0.0,111,0,0,7,1.0,0
7.29273,1,0,0,0.0,32.96283899908303,0.5570200009969994,32.98709400041844,0.0,112,0,0,8,0.8828125,0
7.32549,1,0,0,0.0,32.740630998887355,0.5601409975497518,32.763303999672644,0.0,113,0,0,8,0.890625,0
7.35838,1,0,0,0.0,32.861168998351786,0.5131180005264468,32.88378400247893,0.0,114,0,0,8,0.8984375,0
7.39126,1,0,0,0.0,32.85444500215817,0.5153370002517477,32.87595100118779,0.0,115,0,0,8,0.90625,0
7.42423,1,0,0,0.0,32.93870900233742,0.5344310011423659,32.96390700052143,0.0,116,0,0,8,0.9140625,0
7.45712,1,0,0,0.0,32.86148999904981,0.5679019996023271,32.89441900051315,0.0,117,0,0,8,0.921875,0
7.49024,1,0,0,0.0,33.079526998335496,0.5366069999581669,33.101404002081836,0.0,118,0,0,8,0.9296875,0
7.52309,1,0,0,0.0,32.83014299813658,0.514145998749882,32.86635300173657,0.0,119,0,0,8,0.9375,0
7.55584,1,0,0,0.0,32.70139600135735,0.5754179983341601,32.72957100125495,0.0,120,0,0,8,0.9453125,0
7.58873,1,0,0,0.0,32.86091400150326,0.533588001417229,32.88103399972897,0.0,121,0,0,8,0.953125,0
7.62161,1,0,0,0.0,32.85596500063548,0.5492780001077335,32.877757999813184,0.0,122,0,0,8,0.9609375,0
7.65441,1,0,0,0.0,32.78217700062669,0.5345609970390797,32.803172998683294,0.0,123,0,0,8,0.96875,0
7.68728,1,0,0,0.0,32.84026799883577,0.5223090010986198,32.86004900292028,0.0,124,0,0,8,0.9765625,0
7.71997,1,0,0,0.0,32.66959199754638,0.5216629979258869,32.68988299896591,0.0,125,0,0,8,0.984375,0
7.75256,1,0,0,0.0,32.56307399715297,0.5509160000656266,32.584057000349276,0.0,126,0,0,8,0.9921875,0
7.78563,1,0,0,0.0,33.04322099938872,0.5196000020077918,33.06224900006782,0.0,127,0,0,8,1.0,0
7.81893,1,0,0,0.0,33.2773289992474,0.5634670014842413,33.303745000011986,0.0,128,0,0,9,0.8958333333333334,0
7.85226,1,0,0,0.0,33.28224900178611,0.5684040006599389,33.30488400024478,0.0,129,0,0,9,0.9027777777777778,0
7.88558,1,0,0,0.0,33.29227799986256,0.5397259992605541,33.31290799906128,0.0,130,0,0,9,0.9097222222222222,0
7.91858,1,0,0,0.0,32.97528300026897,0.5421000023488887,32.99636099836789,0.0,131,0,0,9,0.9166666666666666,0
7.95185,1,0,0,0.0,33.24664899992058,0.5436649989860598,33.26837100030389,0.0,132,0,0,9,0.9236111111111112,0
7.98548,1,0,0,0.0,33.59922199888388,0.5727789975935593,33.62152299814625,0.0,133,0,0,9,0.9305555555555556,0
8.0187,1,0,0,0.0,33.19725999972434,0.5606359991361387,33.220146000530804,0.0,134,0,0,9,0.9375,0
8.05194,1,0,0,0.0,33.21657499691355,0.5720939989259932,33.2395940022252,0.0,135,0,0,9,0.9444444444444444,0
8.08544,1,0,0,0.0,33.469070000137435,0.5673580017173663,33.490354999230476,0.0,136,0,0,9,0.9513888888888888,0
8.11879,1,0,0,0.0,33.32841399969766,0.5444829985208344,33.35325900116004,0.0,137,0,0,9,0.9583333333333334,0
8.15235,1,0,0,0.0,33.524326001497684,0.5923339995206334,33.547351999004604,0.0,138,0,0,9,0.9652777777777778,0
8.18585,1,0,0,0.0,33.47062199827633,0.5516009987331927,33.49354799865978,0.0,139,0,0,9,0.9722222222222222,0
8.21921,1,0,0,0.0,33.32429700094508,0.5775259996880777,33.36189800029388,0.0,140,0,0,9,0.9791666666666666,0
8.25253,1,0,0,0.0,33.2962159991439,0.5751229982706718,33.31906699895626,0.0,141,0,0,9,0.9861111111111112,0
8.28644,1,0,0,0.0,33.87841600124375,0.532482001290191,33.901535000040894,0.0,142,0,0,9,0.9930555555555556,0
8.31998,1,0,0,0.0,33.51470599955064,0.5644490011036396,33.53876799883437,0.0,143,0,0,9,1.0,0
8.35353,1,0,0,0.0,33.52024900232209,0.5904089994146489,33.544135996635305,0.0,144,0,0,10,0.90625,0
8.38699,1,0,0,0.0,33.42804899875773,0.5426409989013337,33.44849399945815,0.0,145,0,0,10,0.9125,0
8.4204,1,0,0,0.0,33.385452999937115,0.5731429992010817,33.409432999178534,0.0,146,0,0,10,0.91875,0
8.49728,3,2,308,39.60143499716651,37.230578000162495,0.679015000059735,76.88172599955578,0.12331406551059731,173,0,0,30,0.9541666666666667,0
8.53473,3,0,0,0.0,37.41823100062902,0.6943759981368203,37.443488003191305,0.12260536398467436,174,0,0,30,0.9604166666666667,0
8.57128,3,0,0,0.0,36.519954999675974,0.7203679997473955,36.54268500031321,0.12190476190476196,175,0,0,30,0.9666666666666667,0
8.6085,3,0,0,0.0,37.19278100106749,0.6789290018787142,37.21955499713658,0.12121212121212122,176,0,0,31,0.9415322580645161,0
8.64586,3,0,0,0.0,37.33067099892651,0.7037319992377888,37.35507300007157,0.12052730696798497,177,0,0,31,0.9475806451612904,0
8.68294,3,0,0,0.0,37.04448200005572,0.7140019988582935,37.06608499851427,0.11985018726591756,178,0,0,31,0.9536290322580645,0
8.71996,3,0,0,0.0,37.002346998633584,0.7030619999568444,37.02635899753659,0.11918063314711358,179,0,0,31,0.9596774193548387,0
8.75688,3,0,0,0.0,36.88788200088311,0.7079280003381427,36.91125499972259,0.11851851851851847,180,0,0,31,0.9657258064516129,0
8.79417,3,0,0,0.0,37.26473300048383,0.6998149983701296,37.28628899989417,0.11786372007366486,181,0,0,31,0.9717741935483871,0
8.83134,3,0,0,0.0,37.14038000180153,0.6866980002087075,37.16874299789197,0.11721611721611724,182,0,0,32,0.947265625,0
8.86776,3,0,0,0.0,36.39063099763007,0.718215000233613,36.41345000141882,0.1165755919854281,183,0,0,32,0.953125,0
8.905,3,0,0,0.0,37.21523900094326,0.7162600013543852,37.24163000151748,0.1159420289855072,184,0,0,32,0.958984375,0
8.94226,3,0,0,0.0,37.22513200045796,0.7416029984597117,37.2514400005457,0.11531531531531536,185,0,0,32,0.96484375,0
8.9795,3,0,0,0.0,37.20583999893279,0.7030319975456223,37.232324000797234,0.11469534050179209,186,0,0,33,0.9412878787878788,0
9.01655,3,0,0,0.0,37.004322999564465,0.6942860018170904,37.02845699808677,0.11408199643493766,187,0,0,33,0.946969696969697,0
9.05368,3,0,0,0.0,37.10576000230503,0.713105000613723,37.131123997824034,0.11347517730496459,188,0,0,33,0.9526515151515151,0
9.09094,3,0,0,0.0,37.222371000098065,0.7247219982673414,37.24838600101066,0.1128747795414462,189,0,0,33,0.9583333333333334,0
9.12839,3,0,0,0.0,37.42505899936077,0.7219190010800958,37.45075299957534,0.11228070175438598,190,0,0,33,0.9640151515151515,0
9.16487,3,0,0,0.0,36.453902001085225,0.7178409978223499,36.47814600117272,0.11169284467713791,191,0,0,33,0.9696969696969697,0
9.20242,3,0,0,0.0,37.51876200112747,0.735408000764437,37.54559899971355,0.11111111111111116,192,0,0,34,0.9466911764705882,0
9.23972,3,0,0,0.0,37.264884002070175,0.7040670025162399,37.29112699875259,0.11053540587219346,193,0,0,34,0.9522058823529411,0
9.27738,3,0,0,0.0,37.62729899972328,0.7502990010834765,37.65112299879547,0.10996563573883167,194,0,0,34,0.9577205882352942,0
9.3146,3,0,0,0.0,37.19180699772551,0.7211280026240274,37.21701900212793,0.10940170940170946,195,0,0,34,0.9632352941176471,0
9.35197,3,0,0,0.0,37.34156200152938,0.7253629992192145,37.366016000305535,0.108843537414966,196,0,0,34,0.96875,0
9.38945,3,0,0,0.0,37.453029999596765,0.7331660017371178,37.47438400023384,0.10829103214890012,197,0,0,34,0.9742647058823529,0
9.42663,3,0,0,0.0,37.149457999476,0.7043229998089373,37.176289999479195,0.1077441077441077,198,0,0,35,0.9517857142857142,0
9.46309,3,0,0,0.0,36.43745200315607,0.7280829995579552,36.46210899751168,0.10720268006700162,199,0,0,35,0.9571428571428572,0
9.50051,3,0,0,0.0,37.3854380013654,0.7235339980979916,37.40923599980306,0.10666666666666669,200,0,0,35,0.9625,0
9.53768,3,0,0,0.0,37.14116999981343,0.7325660008064006,37.16557000007015,0.10613598673300162,201,0,0,35,0.9678571428571429,0
9.57527,3,0,0,0.0,37.56237199922907,0.7572519971290603,37.589278999803355,0.10561056105610556,202,0,0,36,0.9461805555555556,0
9.64703,4,1,82,33.71983599936357,37.986609000654425,0.7701649992668536,71.75129800089053,0.2278325123152709,203,0,0,42,0.9389880952380952,0
9.71883,5,1,253,33.82626899838215,37.93237900026725,0.9693610008980613,71.8021350003255,0.3011857707509882,253,0,0,58,0.9579741379310345,0
9.75687,5,0,0,0.0,38.00316900014877,0.9813729993766174,38.03147600046941,0.30000000000000004,254,0,0,58,0.9633620689655172,0
9.79453,5,0,0,0.0,37.62670099968091,0.9937539980455767,37.656192002032185,0.2988235294117647,255,0,0,58,0.96875,0
9.8328,5,0,0,0.0,38.23621100309538,0.9653029992477968,38.265105002210476,0.29765624999999996,256,0,0,59,0.9576271186440678,0
9.87106,5,0,0,0.0,38.22632000083104,1.0002250019169878,38.25312499975553,0.2964980544747081,257,0,0,60,0.946875,0
9.90922,5,0,0,0.0,38.105651998193935,1.0133070027222857,38.152190998516744,0.2953488372093023,258,0,0,46,0.9565217391304348,0
9.94742,4,0,0,0.0,38.176969002961414,0.8255680004367605,38.20289400027832,0.3204633204633205,259,0,0,46,0.9619565217391305,0
9.98557,4,0,0,0.0,38.11584199866047,0.8385490000364371,38.14594199866406,0.3192307692307692,260,0,0,34,0.9669117647058824,0
10.0228,3,0,0,0.0,37.203410000074655,0.7085120014380664,37.22825200020452,0.3282247765006385,261,0,0,34,0.9724264705882353,0
10.06014,3,0,0,0.0,37.29930599729414,0.7461490022251382,37.33240600195131,0.32697201017811706,262,0,0,34,0.9779411764705882,0
10.09693,3,0,0,0.0,36.76164699936635,0.7139289991755504,36.78980699987733,0.3257287705956907,263,0,0,35,0.9553571428571429,0
10.13458,3,0,0,0.0,37.61495000071591,0.786620999861043,37.64097399835009,0.3244949494949495,264,0,0,35,0.9607142857142857,0
10.2064,4,1,225,33.19514399845502,38.57468099886319,0.868256000103429,71.8151469991426,0.280188679245283,265,0,0,50,0.95875,0
10.24456,4,0,0,0.0,38.125061997561716,0.8652910000819247,38.158977000421146,0.2791353383458647,266,0,0,51,0.9448529411764706,0
10.283,4,0,0,0.0,38.41000199827249,0.8528119979018811,38.43256899926928,0.2780898876404494,267,0,0,51,0.9497549019607843,0
10.32112,4,0,0,0.0,38.08503199979896,0.8968229994934518,38.11969600064913,0.2770522388059702,268,0,0,51,0.9546568627450981,0
10.35937,4,0,0,0.0,38.217058001464466,0.882095999259036,38.24167900165776,0.2760223048327137,269,0,0,51,0.9595588235294118,0
10.39755,4,0,0,0.0,38.15030799887609,0.867989998369012,38.17453800002113,0.275,270,0,0,51,0.9644607843137255,0
10.43493,4,0,0,0.0,37.34677900138195,0.8861219976097345,37.37193500273861,0.27398523985239853,271,0,0,51,0.9693627450980392,0
10.47304,4,0,0,0.0,38.08056299749296,0.9083850018214434,38.10586400140892,0.27297794117647056,272,0,0,52,0.9555288461538461,0
10.51119,4,0,0,0.0,38.119193999591516,0.8953879987529945,38.15863000272657,0.271978021978022,273,0,0,52,0.9603365384615384,0
10.54944,4,0,0,0.0,38.21457500089309,0.9016860021802131,38.24038099992322,0.27098540145985406,274,0,0,52,0.9651442307692307,0
10.6217,5,1,251,33.79844799928833,38.40806399966823,1.0398159975011367,72.25033700160566,0.23345454545454547,275,0,0,68,0.9733455882352942,0
10.65983,5,0,0,0.0,38.09596300197882,1.0637650011631195,38.122255999041954,0.2326086956521739,276,0,0,68,0.9779411764705882,0
10.69835,5,0,0,0.0,38.49786100181518,1.080596000974765,38.521757000125945,0.23176895306859202,277,0,0,68,0.9825367647058824,0
10.73655,5,0,0,0.0,38.16882599858218,1.0409870010334998,38.19536900118692,0.23093525179856111,278,0,0,68,0.9871323529411765,0
10.77415,5,0,0,0.0,37.56945100030862,1.0766550003609154,37.59590900153853,0.23010752688172043,279,0,0,69,0.9773550724637681,0
10.81249,5,0,0,0.0,38.30833800020628,1.0761569974420127,38.338247999490704,0.22928571428571431,280,0,0,71,0.954225352112676,0
10.8509,5,0,0,0.0,38.37910299989744,1.0677749996830244,38.40517299977364,0.2284697508896797,281,0,0,71,0.9586267605633803,0
10.88925,5,0,0,0.0,38.314984001772245,1.0950700016110204,38.34289699807414,0.22765957446808516,282,0,0,72,0.9496527777777778,0
10.92786,5,0,0,0.0,38.58235299776425,1.075756001228001,38.60915600307635,0.22685512367491167,283,0,0,72,0.9539930555555556,0
10.96631,5,0,0,0.0,38.40238599877921,1.1036119976779446,38.44016999937594,0.22605633802816905,284,0,0,54,0.9479166666666666,0
11.0046,4,0,0,0.0,38.26080699946033,0.8882519978214987,38.285482998617226,0.2155172413793104,261,0,0,54,0.9525462962962963,0
11.04264,4,0,0,0.0,38.01015199860558,0.8829180005704984,38.03510600118898,0.21469465648854957,262,0,0,54,0.9571759259259259,0
11.08031,4,0,0,0.0,37.64668000076199,0.8785409991105553,37.67146200334537,0.2138783269961977,263,0,0,54,0.9618055555555556,0
11.11834,4,0,0,0.0,37.99569699913263,0.8907200026442297,38.027299000532366,0.21306818181818177,264,0,0,41,0.9649390243902439,0
11.156,3,0,0,0.0,37.62721400198643,0.7829289970686659,37.65272899909178,0.20377358490566033,265,0,0,41,0.9695121951219512,0
11.19329,3,0,0,0.0,37.264030001097126,0.783717001468176,37.28788499938673,0.20300751879699253,266,0,0,41,0.9740853658536586,0
11.23075,3,0,0,0.0,37.42574599891668,0.7370759994955733,37.45230799904675,0.202247191011236,267,0,0,41,0.9786585365853658,0
11.26814,3,0,0,0.0,37.348791000113124,0.7898449985077605,37.38380900176708,0.20149253731343286,268,0,0,41,0.9832317073170732,0
11.30581,3,0,0,0.0,37.644205996912206,0.7609400017827284,37.66943800292211,0.2007434944237918,269,0,0,41,0.9878048780487805,0
11.34309,3,0,0,0.0,37.255031002132455,0.7836490003683139,37.28022600262193,0.19999999999999996,270,0,0,41,0.9923780487804879,0
11.38001,3,0,0,0.0,36.88191899709636,0.7551599992439151,36.90562300107558,0.19926199261992616,271,0,0,41,0.9969512195121951,0
11.41741,3,0,0,0.0,37.375839998276206,0.7907810031611007,37.40360099982354,0.19852941176470584,272,0,0,43,0.9549418604651163,0
11.45507,3,0,0,0.0,37.623595002514776,0.7958969981700648,37.64993900040281,0.19780219780219777,273,0,0,43,0.9593023255813954,0
11.49249,3,0,0,0.0,37.39274599865894,0.7892089997767471,37.41739199904259,0.1970802919708029,274,0,0,44,0.9417613636363636,0
11.52987,3,0,0,0.0,37.35320900159422,0.7551650014647748,37.37862499838229,0.1963636363636364,275,0,0,44,0.9460227272727273,0
11.56712,3,0,0,0.0,37.21516699806671,0.79100000220933,37.24838699781685,0.19565217391304346,276,0,0,44,0.9502840909090909,0
11.60509,3,0,0,0.0,37.94061699954909,0.7940459981909953,37.96456700001727,0.19494584837545126,277,0,0,44,0.9545454545454546,0
11.64214,3,0,0,0.0,37.02009300104692,0.7969809994392563,37.04326799925184,0.19424460431654678,278,0,0,44,0.9588068181818182,0
11.67868,3,0,0,0.0,36.51386799901957,0.7764339970890433,36.53665400270256,0.19354838709677424,279,0,0,44,0.9630681818181818,0
11.715,3,0,0,0.0,36.29150000051595,0.7842590021027718,36.314626999228494,0.19285714285714284,280,0,0,44,0.9673295454545454,0
11.75133,3,0,0,0.0,36.296568003308494,0.7563609979115427,36.32055200068862,0.19217081850533813,281,0,0,44,0.9715909090909091,0
11.78776,3,0,0,0.0,36.40502600319451,0.757599002099596,36.4258619993052,0.19148936170212771,282,0,0,44,0.9758522727272727,0
11.82424,3,0,0,0.0,36.46016199854785,0.770948998251697,36.48613400218892,0.19081272084805656,283,0,0,44,0.9801136363636364,0
11.86066,3,0,0,0.0,36.390065997693455,0.786579999839887,36.415144000784494,0.1901408450704225,284,0,0,44,0.984375,0
11.89714,3,0,0,0.0,36.44240500216256,0.7616350012540352,36.466942001425195,0.18947368421052635,285,0,0,44,0.9886363636363636,0
11.93361,3,0,0,0.0,36.44614500080934,0.8035249993554316,36.471583996899426,0.18881118881118886,286,0,0,44,0.9928977272727273,0
11.96914,3,0,0,0.0,35.50132999953348,0.7752759993309155,35.5255960021168,0.18815331010452963,287,0,0,44,0.9971590909090909,0
12.00568,3,0,0,0.0,36.48910799893201,0.7451370001945179,36.51534899836406,0.1875,288,0,0,46,0.9578804347826086,0
12.04191,3,0,0,0.0,36.2018679988978,0.7778390026942361,36.225428000761895,0.18685121107266434,289,0,0,46,0.9619565217391305,0
12.07862,3,0,0,0.0,36.68736699910369,0.776778000727063,36.71114900134853,0.18620689655172418,290,0,0,47,0.9454787234042553,0
12.11486,3,0,0,0.0,36.20853599932161,0.7883910002419725,36.23773000072106,0.18556701030927836,291,0,0,47,0.949468085106383,0
12.18537,4,1,198,32.935786999587435,37.52540200002841,0.9436569998797495,70.50171100127045,0.2191780821917808,292,0,0,60,0.9541666666666667,0
12.22269,4,0,0,0.0,37.29272300188313,0.9508990005997475,37.31914799936931,0.21843003412969286,293,0,0,60,0.9583333333333334,0
12.25975,4,0,0,0.0,37.02284400060307,0.9672440028225537,37.05752399764606,0.217687074829932,294,0,0,41,0.9588414634146342,0
12.29536,3,0,0,0.0,35.57664900290547,0.7540240003436338,35.59841399692232,0.2485065710872163,279,0,0,41,0.9634146341463414,0
12.36481,4,1,182,32.38663400043151,37.02487099872087,0.8968330002971925,69.45280100262607,0.27321428571428574,280,0,0,53,0.964622641509434,0
12.40263,4,0,0,0.0,37.79101200052537,0.9016620024340227,37.81529000116279,0.27224199288256223,281,0,0,53,0.9693396226415094,0
12.43976,4,0,0,0.0,37.10258200226235,0.920684000448091,37.126606999663636,0.2712765957446809,282,0,0,53,0.9740566037735849,0
12.47724,4,0,0,0.0,37.449655999807874,0.9136049993685447,37.472683001396945,0.27031802120141346,283,0,0,53,0.9787735849056604,0
12.54827,5,1,211,32.787260999612045,38.18825700000161,1.0841619987331796,71.0232769997674,0.2669014084507042,284,0,0,67,0.9757462686567164,0
12.58618,5,0,0,0.0,37.878758001170354,1.0591259997454472,37.90438900250592,0.26596491228070174,285,0,0,67,0.980410447761194,0
12.62386,5,0,0,0.0,37.63929799970356,1.062259998434456,37.684825001633726,0.26503496503496504,286,0,0,68,0.9705882352941176,0
12.6607,5,0,0,0.0,36.80450800311519,1.0867339988180902,36.83037500013597,0.26411149825783975,287,0,0,68,0.9751838235294118,0
12.69879,5,0,0,0.0,38.056219000282,1.079456000297796,38.08500599916442,0.2631944444444444,288,0,0,69,0.9655797101449275,0
12.73616,5,0,0,0.0,37.34390899990103,1.102259000617778,37.368803001299966,0.2622837370242215,289,0,0,69,0.970108695652174,0
12.77366,5,0,0,0.0,37.464524000824895,1.0648280003806576,37.49352100203396,0.26137931034482753,290,0,0,71,0.9471830985915493,0
12.81114,5,0,0,0.0,37.45431700008339,1.089141002012184,37.47879599904991,0.26048109965635735,291,0,0,71,0.9515845070422535,0
12.8488,5,0,0,0.0,37.62813499997719,1.0861919981834944,37.65478999775951,0.2595890410958904,292,0,0,71,0.9559859154929577,0
12.88636,5,0,0,0.0,37.53173000222887,1.1115679990325589,37.5565030008147,0.25870307167235496,293,0,0,71,0.960387323943662,0
12.92396,5,0,0,0.0,37.562474000878865,1.0860940019483678,37.595963000057964,0.2578231292517007,294,0,0,71,0.9647887323943662,0
12.9606,5,0,0,0.0,36.604493001505034,1.111863002734026,36.63057700032368,0.2569491525423728,295,0,0,71,0.9691901408450704,0
12.99831,5,0,0,0.0,37.681355999666266,1.1081189986725803,37.707916999352165,0.2560810810810811,296,0,0,71,0.9735915492957746,0
13.03563,5,0,0,0.0,37.28449499976705,1.0987280002154876,37.31349899680936,0.25521885521885523,297,0,0,72,0.9644097222222222,0
13.07299,5,0,0,0.0,37.334054002712946,1.111375997425057,37.36124799979734,0.2543624161073825,298,0,0,72,0.96875,0
13.11062,5,0,0,0.0,37.59432900187676,1.1099010007455945,37.618197999108816,0.25351170568561876,299,0,0,72,0.9730902777777778,0
13.14806,5,0,0,0.0,37.41325399823836,1.1050980028812774,37.43974499957403,0.2526666666666667,300,0,0,72,0.9774305555555556,0
13.18565,5,0,0,0.0,37.55934099899605,1.1203049980395008,37.583430002996465,0.25182724252491695,301,0,0,72,0.9817708333333334,0
13.22317,5,0,0,0.0,37.48942200036254,1.1184899994987063,37.519260000408394,0.25099337748344375,302,0,0,73,0.9726027397260274,0
13.29928,7,2,309,38.90841499742237,37.136057002499,1.4534250003634952,76.10628299880773,0.31871758604431877,303,0,0,93,0.9758064516129032,0
13.37002,8,1,223,32.81678799976362,37.86986599880038,1.5766389988129959,70.73543300066376,0.311266447368421,304,0,0,108,0.9739583333333334,0
13.40803,8,0,0,0.0,37.97121100069489,1.5503869981330354,38.000816999556264,0.3102459016393443,305,0,0,110,0.9607954545454546,0
13.44589,8,0,0,0.0,37.83058400222217,1.5689519968873356,37.861423999856925,0.30923202614379086,306,0,0,112,0.9481026785714286,0
13.48434,8,0,0,0.0,38.41673799979617,1.633865998883266,38.44198400111054,0.3082247557003257,307,0,0,112,0.9525669642857143,0
13.52249,8,0,0,0.0,38.122065998322796,1.6026900011638645,38.15056799794547,0.307224025974026,308,0,0,112,0.95703125,0
13.56077,8,0,0,0.0,38.24308200273663,1.6099770000437275,38.27177800121717,0.30622977346278313,309,0,0,112,0.9614955357142857,0
13.59894,8,0,0,0.0,38.140487999044126,1.6155650009750389,38.17645000162884,0.305241935483871,310,0,0,112,0.9659598214285714,0
13.63646,8,0,0,0.0,37.477235000551445,1.6360549998353235,37.505467000300996,0.30426045016077174,311,0,0,112,0.9704241071428571,0
13.67456,8,0,0,0.0,38.05739699964761,1.626426001166692,38.089748999482254,0.3032852564102564,312,0,0,113,0.9662610619469026,0
13.71316,8,0,0,0.0,38.566448998608394,1.6344780015060678,38.59849100263091,0.3023162939297125,313,0,0,114,0.962171052631579,0
13.75147,8,0,0,0.0,38.279631997284014,1.619800998014398,38.308581002638675,0.3013535031847133,314,0,0,114,0.9665570175438597,0
13.79035,8,0,0,0.0,38.841485999000724,1.6380169981857762,38.86977399815805,0.30039682539682544,315,0,0,114,0.9709429824561403,0
13.86276,9,1,207,32.9953979999118,39.346370998828206,1.8032200023299083,72.3905199993169,0.30450070323488043,316,0,0,127,0.9778543307086615,0
13.90168,9,0,0,0.0,38.88235399790574,1.8232749971502926,38.91386399845942,0.30354013319313,317,0,0,128,0.974609375,0
13.9403,9,0,0,0.0,38.58541000226978,1.8127190014638472,38.616590998572065,0.3025856044723969,318,0,0,129,0.9714147286821705,0
13.97798,9,0,0,0.0,37.65118999945116,1.8099929984600749,37.68093200051226,0.30163706025774994,319,0,0,129,0.9757751937984496,0
14.01678,9,0,0,0.0,38.761776999308495,1.8184290020144545,38.793458999862196,0.3006944444444445,320,0,0,130,0.9725961538461538,0
14.05543,9,0,0,0.0,38.61536099793739,1.8561760007287376,38.64712100039469,0.29975770162686055,321,0,0,132,0.9621212121212122,0
14.09439,9,0,0,0.0,38.92237699983525,1.8414129990560468,38.954428000579355,0.2988267770876466,322,0,0,134,0.9519589552238806,0
14.13286,9,0,0,0.0,38.4373590022733,1.8517469979997259,38.46580300159985,0.2979016167870657,323,0,0,134,0.9561567164179104,0
14.17155,9,0,0,0.0,38.65819599741371,1.8377970009169076,38.68672099997639,0.2969821673525377,324,0,0,134,0.9603544776119403,0
14.21022,9,0,0,0.0,38.63391899722046,1.8542519974289462,38.66465499959304,0.2960683760683761,325,0,0,134,0.9645522388059702,0
14.28301,10,1,156,33.09101999911945,39.63733500131639,1.987857001950033,72.77688400063198,0.31779141104294484,326,0,0,144,0.9696180555555556,0
14.32123,10,0,0,0.0,38.18911599955754,2.010436997807119,38.21922199858818,0.3168195718654434,327,0,0,144,0.9739583333333334,0
14.35972,10,0,0,0.0,38.45022299719858,2.009821000683587,38.48236699923291,0.3158536585365853,328,0,0,145,0.971551724137931,0
14.39854,10,0,0,0.0,38.78260899728048,2.0054900014656596,38.81426400039345,0.3148936170212766,329,0,0,146,0.9691780821917808,0
14.43714,10,0,0,0.0,38.571077999222325,2.0226220003678463,38.60291099772439,0.31393939393939396,330,0,0,147,0.9668367346938775,0
14.47551,10,0,0,0.0,38.32633799902396,2.0554080001602415,38.36422099993797,0.3129909365558913,331,0,0,126,0.9682539682539683,0
14.51379,9,0,0,0.0,38.24662300030468,1.644692998524988,38.274547001492465,0.16259116259116257,259,0,0,126,0.972718253968254,0
14.55166,9,0,0,0.0,37.83339999790769,1.6655279978294857,37.86448399841902,0.16196581196581195,260,0,0,127,0.969488188976378,0
14.58996,9,0,0,0.0,38.269431999651715,1.6497469987371005,38.30035200007842,0.1613452532992763,261,0,0,128,0.96630859375,0
14.63686,9,0,0,0.0,46.85756099934224,1.6697190003469586,46.8975070034503,0.1607294317217981,262,0,0,128,0.970703125,0
14.68118,9,0,0,0.0,44.279165002080845,1.837171999795828,44.308447002549656,0.16011829319814108,263,0,0,128,0.97509765625,0
14.71903,9,0,0,0.0,37.795623000420164,1.7738200003805105,37.84914500283776,0.1595117845117845,264,0,0,117,0.9604700854700855,0
14.75672,8,0,0,0.0,37.65467599805561,1.5307749999919906,37.686751998990076,0.1518867924528302,265,0,0,118,0.9565677966101694,0
14.79459,8,0,0,0.0,37.833923001016956,1.5389270010928158,37.86035799930687,0.15131578947368418,266,0,0,118,0.9608050847457628,0
14.8326,8,0,0,0.0,37.9818069995963,1.5598310019413475,38.009821000741795,0.15074906367041196,267,0,0,118,0.965042372881356,0
14.87056,8,0,0,0.0,37.930755999695975,1.575031001266325,37.96028400029172,0.1501865671641791,268,0,0,118,0.9692796610169492,0
14.91022,8,0,0,0.0,39.60487800213741,1.5829870026209392,39.647452998906374,0.1496282527881041,269,0,0,118,0.9735169491525424,0
14.94994,8,0,0,0.0,39.682030997937545,1.5542249966529198,39.7208970025531,0.14907407407407403,270,0,0,107,0.9754672897196262,0
14.98796,7,0,0,0.0,37.990220000210684,1.4645330011262558,38.01492999991751,0.11966262519768056,271,0,0,107,0.9795560747663551,0
15.02623,7,0,0,0.0,38.203664000320714,1.4414700017368887,38.26085199762019,0.11922268907563027,272,0,0,91,0.9725274725274725,0
15.06404,6,0,0,0.0,37.782425999466795,1.2457939992600586,37.81361299843411,0.1355311355311355,273,0,0,92,0.9660326086956522,0
15.13549,7,1,249,33.3288360016013,38.064696000219556,1.4375550017575733,71.44005700320122,0.12877997914494266,274,0,0,108,0.9710648148148148,0
15.17304,7,0,0,0.0,37.51572300097905,1.4361790017574094,37.544811002589995,0.12831168831168827,275,0,0,108,0.9751157407407407,0
15.2109,7,0,0,0.0,37.828530999831855,1.445125999453012,37.8575409995392,0.12784679089026918,276,0,0,109,0.9701834862385321,0
15.24871,7,0,0,0.0,37.780716997076524,1.4480280005955137,37.80811300021014,0.12738525012893243,277,0,0,109,0.974197247706422,0
15.28691,7,0,0,0.0,38.16889800145873,1.4612230006605387,38.19442999883904,0.1269270298047277,278,0,0,109,0.9782110091743119,0
15.35606,8,1,78,32.211555997491814,36.88412499832339,1.5444910022779368,69.14198000231409,0.2007168458781362,279,0,0,114,0.9824561403508771,0
15.39446,8,0,0,0.0,38.36212600072031,1.5571900003124028,38.393767001252854,0.19999999999999996,280,0,0,116,0.9698275862068966,0
15.43242,8,0,0,0.0,37.928107998595806,1.6034569998737425,37.96268299993244,0.19928825622775803,281,0,0,119,0.9495798319327731,0
15.47024,8,0,0,0.0,37.77991499737254,1.5849160008656327,37.817133001226466,0.1985815602836879,282,0,0,102,0.9546568627450981,0
15.5078,7,0,0,0.0,37.528956003370695,1.3787839998258278,37.55586199986283,0.21352852094901564,283,0,0,102,0.9589460784313726,0
15.57863,8,1,225,32.56387600049493,38.20769899903098,1.6074209997896105,70.82579399866518,0.21214788732394363,284,0,0,117,0.9604700854700855,0
15.61678,8,0,0,0.0,38.11409899935825,1.5738720030640252,38.14459400018677,0.21140350877192982,285,0,0,117,0.9647435897435898,0
15.6549,8,0,0,0.0,38.08050399675267,1.635501001146622,38.10865199920954,0.21066433566433562,286,0,0,117,0.969017094017094,0
15.69256,8,0,0,0.0,37.63348600114114,1.5947200008668005,37.65948500222294,0.20993031358885017,287,0,0,117,0.9732905982905983,0
15.73079,8,0,0,0.0,38.193792999663856,1.6254420006589498,38.22503199990024,0.20920138888888884,288,0,0,118,0.9692796610169492,0
15.76941,8,0,0,0.0,38.58029299954069,1.6411289980169386,38.611995998508064,0.20847750865051906,289,0,0,119,0.9653361344537815,0
15.80777,8,0,0,0.0,38.330761999532115,1.6278980001516175,38.35784100010642,0.20775862068965523,290,0,0,119,0.9695378151260504,0
15.84625,8,0,0,0.0,38.42705399802071,1.5840680025576148,38.460951000161,0.20704467353951894,291,0,0,119,0.9737394957983193,0
15.88443,8,0,0,0.0,38.14422099821968,1.6298800001095515,38.1760550008039,0.20633561643835618,292,0,0,120,0.9697916666666667,0
15.92264,8,0,0,0.0,38.17768699809676,1.6148200011230074,38.20657400137861,0.20563139931740615,293,0,0,120,0.9739583333333334,0
15.96045,8,0,0,0.0,37.78030000103172,1.6123230016091838,37.80672900029458,0.20493197278911568,294,0,0,120,0.978125,0
15.99776,8,0,0,0.0,37.271348999638576,1.6196450014831498,37.30672500023502,0.20423728813559328,295,0,0,102,0.9791666666666666,0
16.03517,7,0,0,0.0,37.37614199781092,1.4536819981003646,37.40416100117727,0.2287644787644788,296,0,0,103,0.9739077669902912,0
16.07293,7,0,0,0.0,37.72347500125761,1.414234000549186,37.75495899753878,0.22799422799422797,297,0,0,105,0.9595238095238096,0
16.11098,7,0,0,0.0,38.01716599991778,1.4922720001777634,38.04330699858838,0.22722914669223393,298,0,0,105,0.9636904761904762,0
16.14867,7,0,0,0.0,37.649071997293504,1.4592929983336944,37.69283300061943,0.2264691829909221,299,0,0,74,0.9484797297297297,0
16.18624,5,0,0,0.0,37.53834900271613,1.0924029993475415,37.564161997579504,0.18327272727272725,275,0,0,74,0.9527027027027027,0
16.22366,5,0,0,0.0,37.38696900109062,1.225875999807613,37.4135780002689,0.18260869565217386,276,0,0,74,0.9569256756756757,0
16.2607,5,0,0,0.0,37.01623999950243,1.0998319994541816,37.042984997242456,0.18194945848375454,277,0,0,74,0.9611486486486487,0
16.29871,5,0,0,0.0,37.97634700094932,1.0898920008912683,37.999444000888616,0.18129496402877698,278,0,0,74,0.9653716216216216,0
16.33497,5,0,0,0.0,36.2310169984994,1.0959210012515541,36.256003000744386,0.1806451612903226,279,0,0,74,0.9695945945945946,0
16.3723,5,0,0,0.0,37.301360000128625,1.081129001249792,37.32907300218358,0.18000000000000005,280,0,0,74,0.9738175675675675,0
16.40949,5,0,0,0.0,37.15697900042869,1.0757990021375008,37.1832250020816,0.17935943060498216,281,0,0,74,0.9780405405405406,0
16.48032,6,1,197,32.91652199914097,37.86293099983595,1.237691001733765,70.826939001563,0.19917257683215128,282,0,0,87,0.9777298850574713,0
16.518,6,0,0,0.0,37.64536400194629,1.2416290010150988,37.6742340013152,0.1984687868080094,283,0,0,88,0.9708806818181818,0
16.55556,6,0,0,0.0,37.52639100275701,1.2623129987332504,37.55555199677474,0.19776995305164324,284,0,0,88,0.9751420454545454,0
16.59293,6,0,0,0.0,37.34090799844125,1.2668859999394044,37.36574099821155,0.19707602339181285,285,0,0,88,0.9794034090909091,0
16.63069,6,0,0,0.0,37.73388899935526,1.2684180001087952,37.762261999887414,0.19638694638694643,286,0,0,88,0.9836647727272727,0
16.66938,6,0,0,0.0,38.647069999569794,1.2839930022892077,38.72835599759128,0.19570267131242736,287,0,0,89,0.9768258426966292,0
16.7106,6,0,0,0.0,41.120023000985384,1.2859670023317449,41.16730100213317,0.19502314814814814,288,0,0,74,0.9619932432432432,0
16.74886,5,0,0,0.0,38.22865999973146,1.1716739973053336,38.25484700064408,0.21176470588235297,289,0,0,74,0.9662162162162162,0
16.78711,5,0,0,0.0,38.217405999603216,1.1155039974255487,38.24751000138349,0.2110344827586207,290,0,0,75,0.9575,0
16.82487,5,0,0,0.0,37.716973001806764,1.1517390012159012,37.74971600068966,0.2103092783505155,291,0,0,75,0.9616666666666667,0
16.86295,5,0,0,0.0,38.051379000535235,1.12906499998644,38.07773900189204,0.20958904109589038,292,0,0,75,0.9658333333333333,0
16.90143,5,0,0,0.0,38.43941499872017,1.167652000731323,38.47752700312412,0.20887372013651873,293,0,0,58,0.9493534482758621,0
16.94349,4,0,0,0.0,42.0309119981539,0.951876998442458,42.056666999997105,0.25085034013605445,294,0,0,58,0.9536637931034483,0
16.98193,4,0,0,0.0,38.41381299935165,0.9552170013193972,38.43953999967198,0.25,295,0,0,58,0.9579741379310345,0
17.02003,4,0,0,0.0,38.06763099782984,0.9500739979557693,38.09352499956731,0.24915540540540537,296,0,0,58,0.9622844827586207,0
17.05733,4,0,0,0.0,37.27339899705839,0.953097998717567,37.297700000635814,0.24831649831649827,297,0,0,58,0.9665948275862069,0
17.0955,4,0,0,0.0,38.13952300333767,0.9628529987821821,38.16258199731237,0.24748322147651003,298,0,0,58,0.9709051724137931,0
17.13327,4,0,0,0.0,37.742115000583,0.9453639977436978,37.76731800098787,0.24665551839464883,299,0,0,58,0.9752155172413793,0
17.17101,4,0,0,0.0,37.708975996793015,0.9523230000922922,37.73483099939767,0.24583333333333335,300,0,0,58,0.9795258620689655,0
17.2086,4,0,0,0.0,37.56105399952503,0.9675270011939574,37.58360700157937,0.24501661129568109,301,0,0,58,0.9838362068965517,0
17.24542,4,0,0,0.0,36.79008100152714,0.9379510011058301,36.81450500153005,0.2442052980132451,302,0,0,58,0.9881465517241379,0
17.28134,4,0,0,0.0,35.88903200216009,0.947224998526508,35.914324998884695,0.24339933993399343,303,0,0,58,0.9924568965517241,0
17.35199,5,1,112,33.26121999998577,37.348071000451455,1.1029260022041854,70.65592099752394,0.3203947368421053,304,0,0,68,0.9540441176470589,0
17.38932,5,0,0,0.0,37.29154900065623,1.0733700000855606,37.31658600008814,0.31934426229508195,305,0,0,68,0.9586397058823529,0
17.42639,5,0,0,0.0,37.04559299876564,1.1485120012366679,37.07251599917072,0.3183006535947712,306,0,0,69,0.9492753623188406,0
17.46339,5,0,0,0.0,36.96511499947519,1.0807610015035607,36.98941599941463,0.3172638436482085,307,0,0,69,0.9538043478260869,0
17.53456,6,1,129,33.22967100029928,37.8963000002841,1.2371470002108254,71.17090599786025,0.36038961038961037,308,0,0,78,0.9519230769230769,0
17.60616,7,1,134,33.4299940004712,38.11330700045801,1.386858999467222,71.59105699975044,0.3888118354137772,309,0,0,88,0.9438920454545454,0
17.64449,7,0,0,0.0,38.2941479983856,1.3699060000362806,38.32606399737415,0.38755760368663594,310,0,0,88,0.9488636363636364,0
17.68162,7,0,0,0.0,37.104287002875935,1.39532699904521,37.13121399778174,0.38631143775838306,311,0,0,88,0.9538352272727273,0
17.71993,7,0,0,0.0,38.274915001238696,1.3919470002292655,38.3014529979846,0.38507326007326004,312,0,0,88,0.9588068181818182,0
17.7586,7,0,0,0.0,38.63744000045699,1.3955469985376112,38.66535099950852,0.38384299406663624,313,0,0,88,0.9637784090909091,0
17.79784,7,0,0,0.0,39.210437000292586,1.499990001320839,39.23843300071894,0.3826205641492265,314,0,0,88,0.96875,0
17.83659,7,0,0,0.0,38.70160699807457,1.4281590010796208,38.74163400178077,0.38140589569161,315,0,0,73,0.976027397260274,0
17.87508,6,0,0,0.0,38.43943700121599,1.2617970023711678,38.489938000566326,0.3987341772151899,316,0,0,64,0.9814453125,0
17.91361,5,0,0,0.0,38.493945001391694,1.1338219992467202,38.52113899847609,0.3659305993690851,317,0,0,64,0.986328125,0
17.95201,5,0,0,0.0,38.37716600173735,1.1269629976595752,38.405347000662005,0.3647798742138365,318,0,0,64,0.9912109375,0
17.98953,5,0,0,0.0,37.48282100059441,1.1302120001346339,37.51408899915987,0.36363636363636365,319,0,0,65,0.9807692307692307,0
18.02823,5,0,0,0.0,38.66055999969831,1.1407860001781955,38.691310001013335,0.36250000000000004,320,0,0,67,0.9561567164179104,0
18.06652,5,0,0,0.0,38.25499199956539,1.1226749993511476,38.28270299709402,0.36137071651090347,321,0,0,67,0.960820895522388,0
18.10536,5,0,0,0.0,38.7920210014272,1.1168300006829668,38.823417999083176,0.36024844720496896,322,0,0,68,0.9512867647058824,0
18.14358,5,0,0,0.0,38.180448002094636,1.1432669998612255,38.21205500207725,0.35913312693498456,323,0,0,69,0.9420289855072463,0
18.18209,5,0,0,0.0,38.48114499851363,1.1506640003062785,38.50909800166846,0.3580246913580247,324,0,0,69,0.9465579710144928,0
18.25366,6,1,229,33.16110800005845,38.35031400012667,1.2697019992629066,71.55937499919673,0.3466666666666667,325,0,0,84,0.9523809523809523,0
18.29211,6,0,0,0.0,38.42596699905698,1.3296300021465868,38.452812001196435,0.34560327198364005,326,0,0,84,0.9568452380952381,0
18.33574,6,0,0,0.0,43.59313500026474,1.3653379974130075,43.62505399694783,0.3445463812436289,327,0,0,84,0.9613095238095238,0
18.3845,6,0,0,0.0,48.7273799990362,1.5151449988479726,48.7549859972205,0.3434959349593496,328,0,0,84,0.9657738095238095,0
18.4231,6,0,0,0.0,38.561864999792306,1.3356019990169443,38.58851500262972,0.34245187436676794,329,0,0,84,0.9702380952380952,0
18.49466,7,1,94,33.18848300114041,38.31966999860015,1.4302370000223164,71.55204199807486,0.3948051948051948,330,0,0,90,0.9756944444444444,0
18.53283,7,0,0,0.0,38.14145900105359,1.4682110013382044,38.16920800090884,0.39361242986620626,331,0,0,90,0.9805555555555555,0
18.57118,7,0,0,0.0,38.31540199826122,1.502080001955619,38.34607499811682,0.3924268502581756,332,0,0,91,0.9745879120879121,0
18.60977,7,0,0,0.0,38.545962001080625,1.440509997337358,38.58647399829351,0.3912483912483913,333,0,0,91,0.9793956043956044,0
18.64792,7,0,0,0.0,38.11417500037351,1.4678929983347189,38.141880999319255,0.39007698887938413,334,0,0,91,0.9842032967032966,0
18.68553,7,0,0,0.0,37.577814000542276,1.4698529994348064,37.60841999974218,0.38891257995735606,335,0,0,92,0.9782608695652174,0
18.72386,7,0,0,0.0,38.29147700162139,1.4890540005580988,38.32989199872827,0.3877551020408163,336,0,0,95,0.9519736842105263,0
18.76609,7,0,0,0.0,42.19822000231943,1.474322001740802,42.22798199771205,0.38660449342941927,337,0,0,95,0.9565789473684211,0
18.80534,7,0,0,0.0,39.20496700084186,1.486985998781165,39.23462900274899,0.3854606931530008,338,0,0,96,0.951171875,0
18.8466,7,0,0,0.0,41.228646998206386,1.4852460008114576,41.25996799848508,0.38432364096080907,339,0,0,97,0.9458762886597938,0
18.91945,8,1,88,33.6839269984921,39.11295600119047,1.6102929985208903,72.84519099994213,0.42794117647058827,340,0,0,103,0.9490291262135923,0
18.95832,8,0,0,0.0,38.84020700206747,1.6463059982925188,38.86978299851762,0.4266862170087976,341,0,0,103,0.9538834951456311,0
18.99708,8,0,0,0.0,38.72731500086957,1.644616000703536,38.75338299985742,0.42543859649122806,342,0,0,103,0.9587378640776699,0
19.03485,8,0,0,0.0,37.73506300058216,1.6458239988423884,37.76542900232016,0.42419825072886297,343,0,0,103,0.9635922330097088,0
19.07408,8,0,0,0.0,39.19256700100959,1.6532049994566478,39.22191500168992,0.42296511627906974,344,0,0,103,0.9684466019417476,0
19.11308,8,0,0,0.0,38.97124899958726,1.6563059980398975,38.99887999796192,0.4217391304347826,345,0,0,103,0.9733009708737864,0
19.15205,8,0,0,0.0,38.924659998883726,1.6554899993934669,38.96386400083429,0.42052023121387283,346,0,0,92,0.9782608695652174,0
19.1905,7,0,0,0.0,38.42075100328657,1.4942460002203006,38.44855500210542,0.4071634417455743,347,0,0,92,0.983016304347826,0
19.22923,7,0,0,0.0,38.69814400241012,1.4997209982539061,38.72859599869116,0.40599343185550085,348,0,0,94,0.9667553191489362,0
19.2677,7,0,0,0.0,38.43001700079185,1.4786639985686634,38.45850699872244,0.4048301268931641,349,0,0,94,0.9714095744680851,0
19.3065,7,0,0,0.0,38.77272099998663,1.5288700014934875,38.79865199996857,0.40367346938775506,350,0,0,94,0.976063829787234,0
19.34423,7,0,0,0.0,37.70188400085317,1.5064879989949986,37.72996900079306,0.4025234025234026,351,0,0,94,0.980718085106383,0
19.38378,7,0,0,0.0,39.50447600072948,1.5050090005388483,39.53674200238311,0.4013798701298701,352,0,0,97,0.9548969072164949,0
19.45629,8,1,100,33.507210999232484,38.94173899971065,1.656275002460461,72.50752499749069,0.4398016997167139,353,0,0,81,0.9537037037037037,0
19.49541,7,0,0,0.0,39.09135600042646,1.3733890009461902,39.12257900083205,0.4482142857142857,320,0,0,82,0.9474085365853658,0
19.53409,7,0,0,0.0,38.636444998701336,1.3834169985784683,38.667230001010466,0.44681797952825986,321,0,0,83,0.9412650602409639,0
19.5729,7,0,0,0.0,38.762082000175724,1.383848000841681,38.80788799870061,0.44543034605146403,322,0,0,62,0.9415322580645161,0
19.61142,6,0,0,0.0,38.48672800086206,1.1065700018662028,38.51382400171133,0.40357598978288634,261,0,0,62,0.9475806451612904,0
19.64952,6,0,0,0.0,38.06977799831657,1.0957689992210362,38.09693900257116,0.40203562340966925,262,0,0,62,0.9536290322580645,0
19.68737,6,0,0,0.0,37.806314998306334,1.080754998838529,37.846093997359276,0.4005069708491762,263,0,0,50,0.96375,0
19.72614,5,0,0,0.0,38.73590999864973,0.9982169976865407,38.76342000148725,0.4159090909090909,264,0,0,50,0.97,0
19.76432,5,0,0,0.0,38.15660199688864,0.9844349988270551,38.18378899813979,0.4143396226415095,265,0,0,50,0.97625,0
19.80225,5,0,0,0.0,37.89122799935285,0.9648470004322007,37.91496099802316,0.412781954887218,266,0,0,50,0.9825,0
19.84018,5,0,0,0.0,37.90477399888914,0.9405330019944813,37.93019599834224,0.4112359550561798,267,0,0,50,0.98875,0
19.87806,5,0,0,0.0,37.83020699847839,0.974564998614369,37.87478500089492,0.40970149253731347,268,0,0,52,0.9567307692307693,0
19.91626,5,0,0,0.0,38.175022000359604,0.9671119987615384,38.203191998036345,0.40817843866171,269,0,0,53,0.9445754716981132,0
19.95411,5,0,0,0.0,37.8128629999992,0.9785570000531152,37.839618998987135,0.4066666666666666,270,0,0,53,0.9504716981132075,0
19.99119,5,0,0,0.0,37.05154100316577,0.9769190000952221,37.09384100147872,0.40516605166051656,271,0,0,53,0.9563679245283019,0
20.06299,6,1,110,33.62001200002851,38.10498999882839,1.1156599975947756,71.77728199894773,0.43566176470588236,272,0,0,62,0.9344758064516129,0
20.1019,6,0,0,0.0,38.87905500232591,1.1159349996887613,38.904701999854296,0.4340659340659341,273,0,0,62,0.9405241935483871,0
20.1399,6,0,0,0.0,37.97026000029291,1.1262120024184696,37.999056999979075,0.4324817518248175,274,0,0,63,0.9315476190476191,0
20.17817,6,0,0,0.0,38.23640400150907,1.1250069983361755,38.26450699853012,0.4309090909090909,275,0,0,63,0.9375,0
20.21628,6,0,0,0.0,38.080702997831395,1.1212230019737035,38.10523100037244,0.42934782608695654,276,0,0,63,0.9434523809523809,0
20.25429,6,0,0,0.0,37.97664800003986,1.1227149989281315,38.0023430006986,0.427797833935018,277,0,0,63,0.9494047619047619,0
20.29237,6,0,0,0.0,38.05780800030334,1.1160149988427293,38.083441999333445,0.4262589928057554,278,0,0,63,0.9553571428571429,0
20.32959,6,0,0,0.0,37.19092200117302,1.1226019996684045,37.21532800045679,0.4247311827956989,279,0,0,63,0.9613095238095238,0
20.36769,6,0,0,0.0,38.068294001277536,1.1347660001774784,38.09343900138629,0.42321428571428577,280,0,0,63,0.9672619047619048,0
20.40631,6,0,0,0.0,38.594377001572866,1.1404820033931173,38.618169997789664,0.4217081850533808,281,0,0,63,0.9732142857142857,0
20.44446,6,0,0,0.0,38.12037500028964,1.1410170009185094,38.14470900033484,0.42021276595744683,282,0,0,63,0.9791666666666666,0
20.48248,6,0,0,0.0,37.99023700048565,1.1332309986755718,38.01665200080606,0.41872791519434627,283,0,0,63,0.9851190476190477,0
20.52059,6,0,0,0.0,38.0756670019764,1.128910000261385,38.104746003227774,0.4172535211267606,284,0,0,65,0.9605769230769231,0
20.55889,6,0,0,0.0,38.255934003245784,1.1508560019137803,38.2907899984275,0.4157894736842105,285,0,0,66,0.9517045454545454,0
20.59684,6,0,0,0.0,37.92703199724201,1.1499040010676254,37.95264899963513,0.4143356643356644,286,0,0,66,0.9573863636363636,0
20.63421,6,0,0,0.0,37.326232999475906,1.1486129988043103,37.36633300286485,0.4128919860627178,287,0,0,66,0.9630681818181818,0
20.67227,6,0,0,0.0,38.02043399991817,1.1484870010463055,38.049871000112034,0.41145833333333337,288,0,0,68,0.9402573529411765,0
20.71025,6,0,0,0.0,37.949912999465596,1.1461789981694892,37.973753998812754,0.4100346020761245,289,0,0,68,0.9457720588235294,0
20.74813,6,0,0,0.0,37.83911899881787,1.1310520021652337,37.86727599799633,0.4086206896551724,290,0,0,69,0.9375,0
20.78605,6,0,0,0.0,37.89132300153142,1.1531569980434142,37.917066998488735,0.4072164948453608,291,0,0,69,0.9429347826086957,0
20.82432,6,0,0,0.0,38.23834099966916,1.1746499985747505,38.26407700034906,0.4058219178082192,292,0,0,69,0.9483695652173914,0
20.86231,6,0,0,0.0,37.95393399923341,1.1730430014722515,37.98945499875117,0.4044368600682594,293,0,0,59,0.9523305084745762,0
20.90017,5,0,0,0.0,37.82278499784297,1.028624999889871,37.849873002414824,0.3884353741496599,294,0,0,59,0.9576271186440678,0
20.93719,5,0,0,0.0,36.98919599992223,1.0771939996629953,37.014347999502206,0.3871186440677966,295,0,0,59,0.9629237288135594,0
20.97518,5,0,0,0.0,37.95403599724523,1.0480919991096016,37.98068899777718,0.3858108108108108,296,0,0,59,0.9682203389830508,0
21.01314,5,0,0,0.0,37.90112199931173,1.0429219983052462,37.935050000669435,0.38451178451178447,297,0,0,50,0.97125,0
21.05085,4,0,0,0.0,37.67737300222507,0.916944001801312,37.70281600009184,0.3481543624161074,298,0,0,50,0.97625,0
21.08901,4,0,0,0.0,38.13067100054468,0.9128050005529076,38.15609299999778,0.346989966555184,299,0,0,50,0.98125,0
21.12682,4,0,0,0.0,37.77547599747777,0.9234419994754717,37.80759999790462,0.3458333333333333,300,0,0,41,0.9832317073170732,0
21.16376,3,0,0,0.0,36.91475300001912,0.7843569983378984,36.938489000021946,0.2857142857142857,301,0,0,41,0.9878048780487805,0
21.20089,3,0,0,0.0,37.0852689993626,0.7860259975132067,37.11974800171447,0.2847682119205298,302,0,0,41,0.9923780487804879,0
21.23704,3,0,0,0.0,36.12751100081368,0.8489389983878937,36.14969899717835,0.2838283828382838,303,0,0,41,0.9969512195121951,0
21.27404,3,0,0,0.0,36.95916600190685,0.7778159997542389,36.99610300100176,0.2828947368421053,304,0,0,23,0.9565217391304348,0
21.31091,2,0,0,0.0,36.845051999989664,0.6569219985976815,36.866438000288326,0.1578947368421053,209,0,0,23,0.9619565217391305,0
21.34767,2,0,0,0.0,36.73279699796694,0.6453170026361477,36.75921000103699,0.15714285714285714,210,0,0,24,0.9270833333333334,0
21.38437,2,0,0,0.0,36.67084399785381,0.6523899974126834,36.69387099944288,0.1563981042654028,211,0,0,24,0.9322916666666666,0
21.42193,2,0,0,0.0,37.52783699746942,0.6392239993147086,37.552679001237266,0.1556603773584906,212,0,0,24,0.9375,0
21.45941,2,0,0,0.0,37.44888699657167,0.6722050020471215,37.47277300135465,0.15492957746478875,213,0,0,24,0.9427083333333334,0
21.52978,3,1,189,33.23646799981361,37.08709299826296,0.7273760020325426,70.36416600021766,0.14174454828660432,214,0,0,36,0.9618055555555556,0
21.60035,4,1,129,33.50993800268043,37.01738900053897,0.7589560009364504,70.57085400083452,0.20581395348837206,215,0,0,45,0.9541666666666667,0
21.63821,4,0,0,0.0,37.8159220017551,0.7580729979963508,37.85593600332504,0.20486111111111116,216,0,0,45,0.9597222222222223,0
21.67584,4,0,0,0.0,37.59550199902151,0.7800710009178147,37.62261700103409,0.20391705069124422,217,0,0,46,0.9442934782608695,0
21.71362,4,0,0,0.0,37.74839600009727,0.7885890008765273,37.77056400213041,0.20298165137614677,218,0,0,46,0.9497282608695652,0
21.75127,4,0,0,0.0,37.62259100039955,0.7815149983798619,37.64615099862567,0.20205479452054798,219,0,0,46,0.9551630434782609,0
21.78892,4,0,0,0.0,37.62233700035722,0.763741998525802,37.646654000127455,0.20113636363636367,220,0,0,46,0.9605978260869565,0
21.8269,4,0,0,0.0,37.95627599902218,0.7965629993123002,37.981170000421116,0.20022624434389136,221,0,0,46,0.9660326086956522,0
21.8646,4,0,0,0.0,37.6639249989239,0.8119929989334196,37.69395000199438,0.19932432432432434,222,0,0,32,0.9609375,0
21.90153,3,0,0,0.0,36.90603799987002,0.7135109990485944,36.93152100095176,0.1717171717171717,198,0,0,32,0.966796875,0
21.93808,3,0,0,0.0,36.51994900064892,0.7265329986694269,36.547613999573514,0.17085427135678388,199,0,0,32,0.97265625,0
21.9754,3,0,0,0.0,37.283663001289824,0.7413679995806888,37.309901003027335,0.17000000000000004,200,0,0,32,0.978515625,0
22.01245,3,0,0,0.0,37.01598699990427,0.7085030010784976,37.04244799882872,0.1691542288557214,201,0,0,33,0.9545454545454546,0
22.04942,3,0,0,0.0,36.944514999049716,0.7078999988152646,36.96961899913731,0.16831683168316836,202,0,0,33,0.9602272727272727,0
22.08694,3,0,0,0.0,37.48554499907186,0.7207509988802485,37.511202001041966,0.16748768472906406,203,0,0,33,0.9659090909090909,0
22.12399,3,0,0,0.0,37.02772699762136,0.7522079977206886,37.05138600344071,0.16666666666666663,204,0,0,33,0.9715909090909091,0
22.16084,3,0,0,0.0,36.80954200171982,0.7061069991323166,36.84506900026463,0.1658536585365854,205,0,0,23,0.9538043478260869,0
22.19771,2,0,0,0.0,36.835809998592595,0.65693600117811,36.86157699848991,0.1480582524271845,206,0,0,23,0.9592391304347826,0
22.23399,2,0,0,0.0,36.2390839982254,0.6771799999114592,36.26586600148585,0.1473429951690821,207,0,0,23,0.9646739130434783,0
22.27158,2,0,0,0.0,37.55447000003187,0.8482360026391689,37.58294099679915,0.14663461538461542,208,0,0,24,0.9296875,0
22.34316,3,1,161,34.06339000139269,37.46692600179813,0.7519680002587847,71.57552600256167,0.17384370015948958,209,0,0,35,0.9303571428571429,0
22.38013,3,0,0,0.0,36.93935800038162,0.7108859972504433,36.96554099951754,0.17301587301587307,210,0,0,35,0.9357142857142857,0
22.41757,3,0,0,0.0,37.416916002257494,0.7076570000208449,37.43961999862222,0.17219589257503953,211,0,0,35,0.9410714285714286,0
22.45508,3,0,0,0.0,37.48201800044626,0.7419800022034906,37.50589300034335,0.17138364779874216,212,0,0,35,0.9464285714285714,0
22.49382,3,0,0,0.0,38.70499599725008,0.7332509994739667,38.730266998754814,0.17057902973395933,213,0,0,35,0.9517857142857142,0
22.5308,3,0,0,0.0,36.94874400025583,0.7406810000247788,36.97215699867229,0.16978193146417442,214,0,0,35,0.9571428571428572,0
22.56689,3,0,0,0.0,36.06418599883909,0.7132479986466933,36.0960999969393,0.16899224806201552,215,0,0,35,0.9625,0
22.60366,3,0,0,0.0,36.73516400158405,0.7099930007825606,36.76011099742027,0.16820987654320985,216,0,0,35,0.9678571428571429,0
22.64062,3,0,0,0.0,36.93450200080406,0.7280259997060057,36.95807700205478,0.16743471582181257,217,0,0,35,0.9732142857142857,0
22.67733,3,0,0,0.0,36.68087400001241,0.7279620003828313,36.70525499910582,0.16666666666666663,218,0,0,35,0.9785714285714285,0
22.71413,3,0,0,0.0,36.77139499995974,0.7265069980348926,36.793618000956485,0.16590563165905636,219,0,0,35,0.9839285714285714,0
22.7508,3,0,0,0.0,36.64021700024023,0.7059679992380552,36.66357899783179,0.16515151515151516,220,0,0,35,0.9892857142857143,0
22.78751,3,0,0,0.0,36.68217200174695,0.7192379998741671,36.70739899826003,0.1644042232277526,221,0,0,36,0.9670138888888888,0
22.82476,3,0,0,0.0,37.226074000500375,0.7181830005720258,37.24994799995329,0.1636636636636637,222,0,0,36,0.9722222222222222,0
22.89525,4,1,123,33.54821500033722,36.89325799859944,0.7728229975327849,70.48627199765178,0.23430493273542596,223,0,0,44,0.9758522727272727,0
22.93285,4,0,0,0.0,37.56175899980008,0.7962659983604681,37.589998999465024,0.2332589285714286,224,0,0,46,0.938858695652174,0
22.97064,4,0,0,0.0,37.76398300033179,0.8037599982344545,37.789154001075076,0.23222222222222222,225,0,0,46,0.9442934782608695,0
23.00824,4,0,0,0.0,37.57182299887063,0.8255970024038106,37.5947639986407,0.23119469026548678,226,0,0,46,0.9497282608695652,0
23.04554,4,0,0,0.0,37.267211999278516,0.7879180011514109,37.29220500099473,0.23017621145374445,227,0,0,46,0.9551630434782609,0
23.08294,4,0,0,0.0,37.37078299673158,0.8535320012015291,37.39854400191689,0.22916666666666663,228,0,0,47,0.9401595744680851,0
23.12054,4,0,0,0.0,37.57217000020319,0.817544998426456,37.5953490001848,0.22816593886462877,229,0,0,47,0.9454787234042553,0
23.15781,4,0,0,0.0,37.236651998682646,0.7927149999886751,37.261408997437684,0.22717391304347823,230,0,0,47,0.9507978723404256,0
23.19454,4,0,0,0.0,36.70400099872495,0.8198610012186691,36.730298001202755,0.22619047619047616,231,0,0,47,0.9561170212765957,0
23.23232,4,0,0,0.0,37.746649999462534,0.817663996713236,37.77154099952895,0.22521551724137934,232,0,0,47,0.961436170212766,0
23.26978,4,0,0,0.0,37.43613900223863,0.8061959997576196,37.46147600031691,0.22424892703862664,233,0,0,47,0.9667553191489362,0
23.30766,4,0,0,0.0,37.847006002266426,0.8377989979635458,37.87280599863152,0.22329059829059827,234,0,0,47,0.9720744680851063,0
23.34518,4,0,0,0.0,37.4962259993481,0.9659949973865878,37.5215570020373,0.2223404255319149,235,0,0,47,0.9773936170212766,0
23.38257,4,0,0,0.0,37.34419300235459,0.8134660020004958,37.36864799793693,0.22139830508474578,236,0,0,47,0.9827127659574468,0
23.42041,4,0,0,0.0,37.80695399836986,0.8182839992514346,37.832647998584434,0.22046413502109707,237,0,0,48,0.9674479166666666,0
23.45789,4,0,0,0.0,37.453713001013966,0.8278959976451006,37.47859699797118,0.21953781512605042,238,0,0,48,0.97265625,0
23.49488,4,0,0,0.0,36.949792000086745,0.8295670013467316,36.98389400233282,0.2186192468619247,239,0,0,48,0.9778645833333334,0
23.53309,4,0,0,0.0,38.175223002326675,0.8496209993609227,38.20522699970752,0.21770833333333328,240,0,0,50,0.94375,0
23.57116,4,0,0,0.0,38.02199600249878,0.8313129983434919,38.04922999916016,0.21680497925311204,241,0,0,50,0.94875,0
23.60979,4,0,0,0.0,38.6031579982955,0.8424819970969111,38.62599200147088,0.21590909090909094,242,0,0,50,0.95375,0
23.64761,4,0,0,0.0,37.79134000069462,0.8675230019434821,37.81768000044394,0.21502057613168724,243,0,0,50,0.95875,0
23.68545,4,0,0,0.0,37.80776299754507,0.8384290013054851,37.836546998732956,0.21413934426229508,244,0,0,51,0.9448529411764706,0
23.72339,4,0,0,0.0,37.908031001279596,0.8484529971610755,37.93334800138837,0.21326530612244898,245,0,0,51,0.9497549019607843,0
23.76119,4,0,0,0.0,37.77363599874661,0.8480039978167042,37.81483399870922,0.21239837398373984,246,0,0,51,0.9546568627450981,0
23.79829,4,0,0,0.0,37.04022500096471,0.8303579998027999,37.07733899864252,0.21153846153846156,247,0,0,39,0.9551282051282052,0
23.86945,4,1,143,33.462037001299905,37.646696997398976,0.8440519995929208,71.15403200077708,0.25504032258064513,248,0,0,48,0.9674479166666666,0
23.90699,4,0,0,0.0,37.511268001253484,0.8358320010302123,37.54095000113011,0.25401606425702816,249,0,0,49,0.9528061224489796,0
23.94489,4,0,0,0.0,37.84563700173749,0.8527239988325164,37.88795600121375,0.253,250,0,0,33,0.946969696969697,0
23.98168,3,0,0,0.0,36.76111299864715,0.7203140012279619,36.784920001082355,0.17898193760262726,203,0,0,33,0.9526515151515151,0
24.0184,3,0,0,0.0,36.69182999874465,0.7182259978435468,36.71466599917039,0.17810457516339873,204,0,0,33,0.9583333333333334,0
24.05512,3,0,0,0.0,36.70052899906295,0.696864997735247,36.72304400242865,0.1772357723577236,205,0,0,33,0.9640151515151515,0
24.09204,3,0,0,0.0,36.894267999741714,0.7024949991318863,36.916703000315465,0.1763754045307443,206,0,0,33,0.9696969696969697,0
24.1614,4,1,185,32.707518999814056,36.59883599902969,0.7708060002187267,69.34945299872197,0.15821256038647347,207,0,0,45,0.9736111111111111,0
24.19877,4,0,0,0.0,37.34418400199502,0.805334002507152,37.3728900012793,0.15745192307692313,208,0,0,46,0.9578804347826086,0
24.23623,4,0,0,0.0,37.42895499817678,0.7928889972390607,37.453921999258455,0.15669856459330145,209,0,0,46,0.9633152173913043,0
24.27384,4,0,0,0.0,37.569913001789246,0.7849490029911976,37.600376999762375,0.15595238095238095,210,0,0,46,0.96875,0
24.31155,4,0,0,0.0,37.67997400063905,0.8332569996127859,37.70521899787127,0.15521327014218012,211,0,0,46,0.9741847826086957,0
24.3819,5,1,112,32.8483689991117,37.45111500029452,0.8839069996611215,70.34782200207701,0.2179245283018868,212,0,0,55,0.9477272727272728,0
24.41943,5,0,0,0.0,37.49929599871393,0.9034670001710765,37.52337900004932,0.21690140845070427,213,0,0,55,0.9534090909090909,0
24.45675,5,0,0,0.0,37.29259800093132,0.9011059992189985,37.31862499989802,0.21588785046728975,214,0,0,56,0.9419642857142857,0
24.49341,5,0,0,0.0,36.62785399865243,0.9099390008486807,36.654372001066804,0.21488372093023256,215,0,0,56,0.9475446428571429,0
24.53117,5,0,0,0.0,37.72944699812797,0.9062880017154384,37.75459600001341,0.2138888888888889,216,0,0,56,0.953125,0
24.5687,5,0,0,0.0,37.49705299924244,0.9021440018841531,37.525782998272916,0.2129032258064516,217,0,0,57,0.9418859649122807,0
24.60627,5,0,0,0.0,37.53737900115084,0.9253659991372842,37.56394700030796,0.2119266055045872,218,0,0,57,0.9473684210526315,0
24.64384,5,0,0,0.0,37.53844200036838,0.9159200017165858,37.564240003121085,0.21095890410958906,219,0,0,57,0.9528508771929824,0
24.68108,5,0,0,0.0,37.212832998193335,0.9268389985663816,37.23816300043836,0.20999999999999996,220,0,0,57,0.9583333333333334,0
24.71872,5,0,0,0.0,37.604901001031976,0.9172589998343028,37.62908000135212,0.20904977375565614,221,0,0,57,0.9638157894736842,0
24.78951,6,1,141,33.017972000379814,37.730615000327816,1.0448229986650404,70.79319100012071,0.23423423423423428,222,0,0,66,0.9715909090909091,0
24.8264,6,0,0,0.0,36.86001800087979,1.045709002937656,36.88720600257511,0.23318385650224216,223,0,0,66,0.9772727272727273,0
24.86399,6,0,0,0.0,37.546714000200154,1.0511559994483832,37.577179002255434,0.2321428571428571,224,0,0,67,0.9682835820895522,0
24.93526,7,1,208,33.082128000387456,38.14072900058818,1.197202000184916,71.27228700119304,0.2088888888888889,225,0,0,82,0.9550304878048781,0
24.97328,7,0,0,0.0,37.982041998475324,1.2067489988112357,38.01018199737882,0.2079646017699115,226,0,0,82,0.9603658536585366,0
25.01126,7,0,0,0.0,37.953122999169864,1.1900649988092482,37.98088700204971,0.2070484581497798,227,0,0,82,0.9657012195121951,0
25.04931,7,0,0,0.0,38.00866300298367,1.239757999428548,38.03855500154896,0.20614035087719296,228,0,0,84,0.9479166666666666,0
25.08723,7,0,0,0.0,37.892332999035716,1.1981350035057403,37.92030900149257,0.20524017467248912,229,0,0,84,0.953125,0
25.12515,7,0,0,0.0,37.88785999859101,1.2129999995522667,37.914976997853955,0.20434782608695656,230,0,0,85,0.9470588235294117,0
25.16229,7,0,0,0.0,37.109048000274925,1.2163589999545366,37.136207000003196,0.20346320346320346,231,0,0,85,0.9522058823529411,0
25.20012,7,0,0,0.0,37.79525299978559,1.2200210003356915,37.821297999471426,0.2025862068965517,232,0,0,85,0.9573529411764706,0
25.23822,7,0,0,0.0,38.052413998229895,1.219320998643525,38.09575500054052,0.20171673819742486,233,0,0,86,0.9513081395348837,0
25.30922,8,1,121,32.91374600303243,38.040838997403625,1.3409589992079418,71.00136500230292,0.23611111111111116,234,0,0,94,0.9561170212765957,0
25.3809,9,1,256,33.33911099980469,38.286393999442225,1.5539160012849607,71.67365699933725,0.2647569444444444,256,0,0,111,0.9588963963963963,0
25.41941,9,0,0,0.0,38.473472002806375,1.5434849992743693,38.500934999319725,0.26372676178123644,257,0,0,111,0.963963963963964,0
25.45755,9,0,0,0.0,38.11357599988696,1.5761630020278972,38.14026699910755,0.2627045650301464,258,0,0,111,0.9690315315315315,0
25.49579,9,0,0,0.0,38.209104000998195,1.571330998558551,38.235952000832185,0.26169026169026166,259,0,0,111,0.9740990990990991,0
25.53428,9,0,0,0.0,38.455074001831235,1.5755989988974761,38.48208599811187,0.26068376068376065,260,0,0,111,0.9791666666666666,0
25.57286,9,0,0,0.0,38.545711999177,1.5611800008628052,38.58644800129696,0.2596849723286505,261,0,0,112,0.9754464285714286,0
25.61124,9,0,0,0.0,38.333529999363236,1.5916280026431195,38.36653499820386,0.25869380831212896,262,0,0,115,0.9548913043478261,0
25.64897,9,0,0,0.0,37.70088700184715,1.582273998792516,37.728939998487476,0.2577101816645543,263,0,0,115,0.9597826086956521,0
25.68723,9,0,0,0.0,38.22035199846141,1.6104050009744242,38.249763998464914,0.2567340067340067,264,0,0,115,0.9646739130434783,0
25.72575,9,0,0,0.0,38.47812100138981,1.581358999828808,38.51834199667792,0.2557651991614256,265,0,0,101,0.9523514851485149,0
25.76413,8,0,0,0.0,38.346441000612685,1.4623319984821137,38.37360599936801,0.2767857142857143,266,0,0,101,0.9573019801980198,0
25.8023,8,0,0,0.0,38.134780999826035,1.4401170010387432,38.16603000086616,0.27574906367041196,267,0,0,102,0.9528186274509803,0
25.84048,8,0,0,0.0,38.153532001160784,1.4442319989029784,38.17875000095228,0.27472014925373134,268,0,0,102,0.9577205882352942,0
25.87853,8,0,0,0.0,38.018590999854496,1.4499069984594826,38.04452999975183,0.27369888475836435,269,0,0,102,0.9626225490196079,0
25.91672,8,0,0,0.0,38.1552990002092,1.4729430004081223,38.184306999028195,0.27268518518518514,270,0,0,103,0.9581310679611651,0
25.95401,8,0,0,0.0,37.260182998579694,1.484051001170883,37.28936300103669,0.27167896678966785,271,0,0,103,0.9629854368932039,0
25.99216,8,0,0,0.0,38.11406200111378,1.4949500000511762,38.14438299741596,0.2706801470588235,272,0,0,104,0.9585336538461539,0
26.03041,8,0,0,0.0,38.217290999455145,1.466585999878589,38.24253699713154,0.26968864468864473,273,0,0,104,0.9633413461538461,0
26.06881,8,0,0,0.0,38.372597002307884,1.481725001212908,38.40081599992118,0.26870437956204385,274,0,0,104,0.9681490384615384,0
26.10698,8,0,0,0.0,38.13949699906516,1.5085930026543792,38.16803600057028,0.2677272727272727,275,0,0,104,0.9729567307692307,0
26.17791,9,1,77,32.75379800106748,38.117571002658224,1.605456000106642,70.91801700153155,0.31723027375201285,276,0,0,109,0.9776376146788991,0
26.21601,9,0,0,0.0,38.07508500176482,1.6022000017983373,38.10430000157794,0.31608503810669875,277,0,0,109,0.9827981651376146,0
26.25427,9,0,0,0.0,38.22039399892674,1.6116810002131388,38.250388999585994,0.3149480415667466,278,0,0,112,0.9614955357142857,0
26.29193,9,0,0,0.0,37.62228900086484,1.5961229983076919,37.65314100019168,0.3138191955396257,279,0,0,113,0.9579646017699115,0
26.3303,9,0,0,0.0,38.344226999470266,1.61735000074259,38.370100999600254,0.3126984126984127,280,0,0,113,0.9629424778761062,0
26.36854,9,0,0,0.0,38.20711300068069,1.6192440016311593,38.23971300153062,0.3115856069592724,281,0,0,115,0.9510869565217391,0
26.4067,9,0,0,0.0,38.11966699868208,1.6489460031152703,38.14619700278854,0.31048069345941687,282,0,0,115,0.9559782608695652,0
26.44552,9,0,0,0.0,38.79056900041178,1.649835001444444,38.82273799899849,0.30938358853553205,283,0,0,116,0.9525862068965517,0
26.48399,9,0,0,0.0,38.430901997344336,1.6544889986107592,38.46072099986486,0.3082942097026604,284,0,0,116,0.9574353448275862,0
26.52272,9,0,0,0.0,38.69961099917418,1.6989020004984923,38.72673399746418,0.30721247563352827,285,0,0,116,0.9622844827586207,0
26.56103,9,0,0,0.0,38.279270000202814,1.6607990000920836,38.30966600071406,0.30613830613830617,286,0,0,117,0.9588675213675214,0
26.59873,9,0,0,0.0,37.6649149984587,1.666008000029251,37.694743998144986,0.3050716221447929,287,0,0,117,0.9636752136752137,0
26.63718,9,0,0,0.0,38.41088900298928,1.67504899945925,38.439436997578014,0.30401234567901236,288,0,0,118,0.9602754237288136,0
26.67546,9,0,0,0.0,38.24370599977556,1.6627879995212425,38.28661200168426,0.30296039984621304,289,0,0,118,0.965042372881356,0
26.71352,9,0,0,0.0,38.02422300213948,1.6835559981700499,38.05132400157163,0.3019157088122605,290,0,0,118,0.9698093220338984,0
26.75205,9,0,0,0.0,38.49190000255476,1.680953999311896,38.5201480021351,0.30087819778541425,291,0,0,118,0.9745762711864406,0
26.79033,9,0,0,0.0,38.24886900110869,1.6912979990593158,38.27725100200041,0.29984779299847797,292,0,0,118,0.979343220338983,0
26.82898,9,0,0,0.0,38.617311998677906,1.7047369983629324,38.64387000066927,0.29882442169131584,293,0,0,118,0.9841101694915254,0
26.86748,9,0,0,0.0,38.444723999418784,1.6914170009840745,38.47922400018433,0.2978080120937264,294,0,0,121,0.9643595041322314,0
26.90551,9,0,0,0.0,37.98971200012602,1.7220859990629833,38.03291700023692,0.29679849340866293,295,0,0,111,0.9577702702702703,0
26.94428,8,0,0,0.0,38.72986799979117,1.5847459981159773,38.757178001105785,0.28167229729729726,296,0,0,111,0.9622747747747747,0
26.98286,8,0,0,0.0,38.54345099898637,1.5702860000601504,38.57546700237435,0.2807239057239057,297,0,0,112,0.9581473214285714,0
27.02119,8,0,0,0.0,38.28268299912452,1.5706919984950218,38.3327020026627,0.2797818791946308,298,0,0,96,0.9563802083333334,0
27.05943,7,0,0,0.0,38.19977700186428,1.3904679981351364,38.22667299755267,0.2981366459627329,299,0,0,96,0.9609375,0
27.09764,7,0,0,0.0,38.170834002812626,1.4196199990692548,38.19849899809924,0.29714285714285715,300,0,0,96,0.9654947916666666,0
27.13591,7,0,0,0.0,38.245542000368005,1.431663000403205,38.272451998636825,0.296155671570954,301,0,0,96,0.9700520833333334,0
27.17391,7,0,0,0.0,37.95931399872643,1.424148998921737,37.989901000401005,0.2951750236518449,302,0,0,97,0.9645618556701031,0
27.21173,7,0,0,0.0,37.786829998367466,1.410838001902448,37.82071699970402,0.29420084865629426,303,0,0,97,0.9690721649484536,0
27.25213,7,0,0,0.0,40.358788002777146,1.9560000000637956,40.393898998445366,0.29323308270676696,304,0,0,98,0.9636479591836735,0
27.32686,8,1,175,35.34441399824573,39.32396299933316,1.5882849984336644,74.72533799955272,0.309016393442623,305,0,0,92,0.96875,0
27.36551,7,0,0,0.0,38.60809600155335,1.4184370011207648,38.63933899992844,0.3342670401493931,306,0,0,93,0.9630376344086021,0
27.40405,7,0,0,0.0,38.50230700118118,1.4284760000009555,38.52871300114202,0.3331782224290367,307,0,0,93,0.967741935483871,0
27.44289,7,0,0,0.0,38.80492200187291,1.4098540013947058,38.84271499919123,0.3320964749536178,308,0,0,93,0.9724462365591398,0
27.48168,7,0,0,0.0,38.752707001549425,1.4341549976961687,38.78156999780913,0.3310217290799815,309,0,0,93,0.9771505376344086,0
27.5203,7,0,0,0.0,38.585907001106534,1.4311599989014212,38.61904999939725,0.3299539170506912,310,0,0,95,0.9611842105263158,0
27.59208,8,1,198,33.73048200228368,37.985011000273516,1.5692840024712496,71.77065099676838,0.33319935691318325,311,0,0,109,0.955848623853211,0
27.63117,8,0,0,0.0,39.05911299807485,1.608083002793137,39.08565900201211,0.33213141025641024,312,0,0,109,0.9604357798165137,0
27.67001,8,0,0,0.0,38.8022719998844,1.5765999996801838,38.833939001051476,0.33107028753993606,313,0,0,110,0.95625,0
27.70881,8,0,0,0.0,38.773342999775195,1.6085130009741988,38.80095800195704,0.33001592356687903,314,0,0,110,0.9607954545454546,0
27.74789,8,0,0,0.0,39.03227000046172,1.6072250000433996,39.070894999895245,0.328968253968254,315,0,0,110,0.9653409090909091,0
27.78671,8,0,0,0.0,38.78903399890987,1.6242509991570842,38.818231001641834,0.32792721518987344,316,0,0,110,0.9698863636363636,0
27.82608,8,0,0,0.0,39.34031300013885,1.6307269979733974,39.366862998576835,0.32689274447949523,317,0,0,110,0.9744318181818182,0
27.86474,8,0,0,0.0,38.62319900144939,1.6366589989047498,38.65320899785729,0.3258647798742138,318,0,0,111,0.9701576576576577,0
27.90278,8,0,0,0.0,38.01000800012844,1.6177159996004775,38.039053997636074,0.32484326018808773,319,0,0,111,0.9746621621621622,0
27.94186,8,0,0,0.0,39.03761699984898,1.6286299978673924,39.06767299849889,0.323828125,320,0,0,112,0.9704241071428571,0
27.98159,8,0,0,0.0,39.68613800316234,1.6269270017801318,39.725965001707664,0.3228193146417445,321,0,0,113,0.9662610619469026,0
28.02115,8,0,0,0.0,39.51729400068871,1.6489699992234819,39.55633700024919,0.32181677018633537,322,0,0,98,0.9598214285714286,0
28.06059,7,0,0,0.0,39.41131499959738,1.5068200009409338,39.440431999537395,0.33436532507739936,323,0,0,98,0.9642857142857143,0
28.10014,7,0,0,0.0,39.5207740002661,1.5217559994198382,39.549927998450585,0.33333333333333337,324,0,0,98,0.96875,0
28.13922,7,0,0,0.0,39.04353400139371,1.4936420011508744,39.072403000318445,0.3323076923076923,325,0,0,98,0.9732142857142857,0
28.17883,7,0,0,0.0,39.576404000399634,1.4780999990762211,39.60743800053024,0.3312883435582822,326,0,0,100,0.958125,0
28.21782,7,0,0,0.0,38.94788499746937,1.5269029972841963,38.98004999791738,0.3302752293577982,327,0,0,101,0.9529702970297029,0
28.25714,7,0,0,0.0,39.28939899924444,1.5279190010915045,39.31641799863428,0.3292682926829268,328,0,0,101,0.9573019801980198,0
28.29614,7,0,0,0.0,38.9646450021246,1.4977809987613,38.99441999965347,0.32826747720364746,329,0,0,101,0.9616336633663366,0
28.33517,7,0,0,0.0,38.994783000816824,1.5170139995461795,39.02267800003756,0.32727272727272727,330,0,0,101,0.9659653465346535,0
28.37462,7,0,0,0.0,39.419748001819244,1.5062370002851821,39.450102998671355,0.3262839879154078,331,0,0,101,0.9702970297029703,0
28.41395,7,0,0,0.0,39.290666001761565,1.5585399996780325,39.3202459999884,0.32530120481927716,332,0,0,101,0.9746287128712872,0
28.45313,7,0,0,0.0,39.153519999672426,1.517878998129163,39.18308400170645,0.32432432432432434,333,0,0,101,0.9789603960396039,0
28.49185,7,0,0,0.0,38.67419800008065,1.5209490011329763,38.70700400148053,0.32335329341317365,334,0,0,102,0.9736519607843137,0
28.52988,7,0,0,0.0,37.996977000148036,1.5110880012798589,38.03109499858692,0.32238805970149254,335,0,0,102,0.9779411764705882,0
28.56882,7,0,0,0.0,38.90301499995985,1.5289010007109027,38.93469899776392,0.3214285714285714,336,0,0,103,0.9726941747572816,0
28.60783,7,0,0,0.0,38.9708669972606,1.5433129992743488,39.00239200083888,0.3204747774480712,337,0,0,104,0.9675480769230769,0
28.64708,7,0,0,0.0,39.21502299999702,1.5504119983233977,39.24853300122777,0.3195266272189349,338,0,0,105,0.9625,0
28.68663,7,0,0,0.0,39.50514099778957,1.5494610015593935,39.54477000297629,0.31858407079646023,339,0,0,88,0.9673295454545454,0
28.72618,6,0,0,0.0,39.518939000117825,1.3873809984943364,39.54595300092478,0.33235294117647063,340,0,0,88,0.9715909090909091,0
28.765,6,0,0,0.0,38.76611699888599,1.3516540020646062,38.82176899787737,0.33137829912023464,341,0,0,66,0.9772727272727273,0
28.80358,5,0,0,0.0,38.528908997250255,1.0297910012013745,38.56765100135817,0.14,240,0,0,52,0.9567307692307693,0
28.84187,4,0,0,0.0,38.256411000475055,0.832871999591589,38.29218100145226,0.13478260869565217,230,0,0,53,0.9433962264150944,0
28.87934,4,0,0,0.0,37.433857996802544,0.8507079983246513,37.460488001670456,0.1341991341991342,231,0,0,53,0.9481132075471698,0
28.91754,4,0,0,0.0,38.174092002009274,0.841218999994453,38.20086099949549,0.13362068965517238,232,0,0,53,0.9528301886792453,0
28.95652,4,0,0,0.0,38.94326199952047,0.8687360023031943,38.96951199931209,0.1330472103004292,233,0,0,53,0.9575471698113207,0
28.99469,4,0,0,0.0,38.136941999255214,0.8418149991484825,38.163228000485105,0.13247863247863245,234,0,0,53,0.9622641509433962,0
29.03306,4,0,0,0.0,38.34786099832854,0.8680389983055647,38.37238000051002,0.13191489361702124,235,0,0,53,0.9669811320754716,0
29.07126,4,0,0,0.0,38.165054997080006,0.8643259970995132,38.192232001165394,0.1313559322033898,236,0,0,53,0.9716981132075472,0
29.10948,4,0,0,0.0,38.19144400040386,0.8487580016662832,38.217926001379965,0.13080168776371304,237,0,0,53,0.9764150943396226,0
29.18149,5,1,154,33.56126300059259,38.39850300209946,0.9778979983821046,72.00377999834018,0.1747899159663866,238,0,0,63,0.9791666666666666,0
29.25372,6,1,137,33.865473997138906,38.31097900183522,1.102636000723578,72.2236880028504,0.21617852161785212,239,0,0,72,0.9809027777777778,0
29.29356,6,0,0,0.0,39.80437399877701,1.162844000646146,39.834641000197735,0.2152777777777778,240,0,0,73,0.9726027397260274,0
29.36626,7,1,152,34.10372100188397,38.52833400014788,1.2352710000413936,72.69230800011428,0.2365145228215768,241,0,0,70,0.9589285714285715,0
29.40458,6,0,0,0.0,38.29792699980317,1.0875989974010736,38.32359399893903,0.2603305785123967,242,0,0,70,0.9642857142857143,0
29.4435,6,0,0,0.0,38.883501998498105,1.1130240018246695,38.91080299945315,0.2592592592592593,243,0,0,70,0.9696428571428571,0
29.51742,7,1,235,34.387239000352565,39.47576100108563,1.2786609986505937,73.91628900222713,0.22658079625292737,244,0,0,86,0.9651162790697675,0
29.55627,7,0,0,0.0,38.82084399810992,1.2980290011910256,38.84879500037641,0.22565597667638482,245,0,0,86,0.970203488372093,0
29.59473,7,0,0,0.0,38.418878000811674,1.26465100038331,38.44912200293038,0.2247386759581882,246,0,0,88,0.953125,0
29.63256,7,0,0,0.0,37.80113299944787,1.2757270014844835,37.82699300063541,0.22382880277617123,247,0,0,88,0.9580965909090909,0
29.67108,7,0,0,0.0,38.48748100062949,1.2884749994555023,38.51334000137285,0.22292626728110598,248,0,0,88,0.9630681818181818,0
29.70966,7,0,0,0.0,38.54653300004429,1.2648869997065049,38.57679200154962,0.2220309810671256,249,0,0,90,0.9465277777777777,0
29.74834,7,0,0,0.0,38.64679600155796,1.3018239988014102,38.67151499798638,0.2211428571428572,250,0,0,90,0.9513888888888888,0
29.78689,7,0,0,0.0,38.51381899949047,1.2667779992625583,38.546519997908035,0.22026180990324418,251,0,0,90,0.95625,0
29.82527,7,0,0,0.0,38.34715799894184,1.2987219997739885,38.374523999664234,0.21938775510204078,252,0,0,90,0.9611111111111111,0
29.89736,8,1,159,33.53942000103416,38.502036997670075,1.4292759988165926,72.08697799796937,0.23764822134387353,253,0,0,100,0.969375,0
29.93615,8,0,0,0.0,38.76019399831421,1.4413819990295451,38.789169000665424,0.23671259842519687,254,0,0,101,0.9647277227722773,0
29.97417,8,0,0,0.0,37.98601399830659,1.458121001633117,38.012712000636384,0.23578431372549025,255,0,0,101,0.9696782178217822,0
30.01285,8,0,0,0.0,38.642494997475296,1.4252639994083438,38.67334700044012,0.23486328125,256,0,0,102,0.9650735294117647,0
30.05144,8,0,0,0.0,38.55603500051075,1.4446349996433128,38.584228001127485,0.2339494163424124,257,0,0,103,0.9605582524271845,0
30.09018,8,0,0,0.0,38.712889996531885,1.4527170023939107,38.74134299985599,0.2330426356589147,258,0,0,103,0.9654126213592233,0
30.129,8,0,0,0.0,38.766085999668576,1.4660019987786654,38.81233600259293,0.2321428571428571,259,0,0,103,0.9702669902912622,0
30.16758,8,0,0,0.0,38.54746700017131,1.4571179999620654,38.57807099848287,0.23124999999999996,260,0,0,104,0.9657451923076923,0
30.2066,8,0,0,0.0,38.995488997898065,1.5207559990813024,39.02318099790136,0.2303639846743295,261,0,0,104,0.9705528846153846,0
30.24467,8,0,0,0.0,38.026076999813085,1.4716789992235135,38.05488299985882,0.2294847328244275,262,0,0,106,0.9569575471698113,0
30.28209,8,0,0,0.0,37.395554998511216,1.4638139982707798,37.42321300160256,0.22861216730038025,263,0,0,106,0.9616745283018868,0
30.35364,9,1,83,32.825693997438066,38.672204998874804,1.56686500122305,71.54542500211392,0.27861952861952866,264,0,0,112,0.9614955357142857,0
30.39157,9,0,0,0.0,37.892156000452815,1.598283000930678,37.92242299823556,0.27756813417190773,265,0,0,114,0.9495614035087719,0
30.43004,9,0,0,0.0,38.44244699939736,1.5792800004419405,38.46839800098678,0.2765246449456976,266,0,0,114,0.9544956140350878,0
30.46788,9,0,0,0.0,37.79520199896069,1.6093699996417854,37.82890599904931,0.27548897211818557,267,0,0,114,0.9594298245614035,0
30.50649,9,0,0,0.0,38.58431899789139,1.5827819988771807,38.61313100060215,0.2744610281923715,268,0,0,114,0.9643640350877193,0
30.54467,9,0,0,0.0,38.124075002997415,1.6051190032158047,38.14984599739546,0.27344072697232547,269,0,0,114,0.9692982456140351,0
30.58291,9,0,0,0.0,38.195949000510154,1.6146240013767965,38.23581599863246,0.2724279835390947,270,0,0,103,0.9648058252427184,0
30.65353,9,1,255,32.868400998268044,37.70266599894967,1.623726999241626,70.61600199813256,0.24354243542435428,271,0,0,119,0.9737394957983193,0
30.7248,10,1,180,32.65798600114067,38.545711999177,1.7719600000418723,71.26433799930965,0.25220588235294117,272,0,0,121,0.9591942148760331,0
30.76315,9,0,0,0.0,38.31570799957262,1.6584820004936773,38.35361099845613,0.24420024420024422,273,0,0,111,0.9538288288288288,0
30.80128,8,0,0,0.0,38.09309700227459,1.5059630022733472,38.12087099868222,0.2271897810218978,274,0,0,111,0.9583333333333334,0
30.83944,8,0,0,0.0,38.13488000014331,1.5132100015762262,38.159010000526905,0.22636363636363632,275,0,0,111,0.9628378378378378,0
30.87754,8,0,0,0.0,38.063458996475674,1.5135499997995794,38.092307000624714,0.2255434782608695,276,0,0,111,0.9673423423423423,0
30.91601,8,0,0,0.0,38.43493899694295,1.5624340012436733,38.468070000817534,0.2247292418772563,277,0,0,112,0.9631696428571429,0
30.95469,8,0,0,0.0,38.64085500026704,1.5437829970323946,38.66880499845138,0.22392086330935257,278,0,0,112,0.9676339285714286,0
30.99205,8,0,0,0.0,37.327817000914365,1.5566639995086007,37.35521500129835,0.2231182795698925,279,0,0,112,0.9720982142857143,0
31.0301,8,0,0,0.0,38.0238690013357,1.5406400016217958,38.050669001677306,0.22232142857142856,280,0,0,112,0.9765625,0
31.06839,8,0,0,0.0,38.24536299725878,1.680033001321135,38.285244001599494,0.22153024911032027,281,0,0,114,0.9638157894736842,0
31.10646,8,0,0,0.0,38.04098399996292,1.5438499976880848,38.06909199920483,0.2207446808510638,282,0,0,114,0.9682017543859649,0
31.14474,8,0,0,0.0,38.25160899941693,1.55913499838789,38.2770120013447,0.21996466431095407,283,0,0,114,0.9725877192982456,0
31.18306,8,0,0,0.0,38.28179699848988,1.5606039996782783,38.313475997711066,0.21919014084507038,284,0,0,115,0.9684782608695652,0
31.22135,8,0,0,0.0,38.25320800024201,1.5809340002306271,38.28224899916677,0.21842105263157896,285,0,0,115,0.9728260869565217,0
31.25956,8,0,0,0.0,38.178241997229634,1.5643269980500918,38.20695800095564,0.2176573426573427,286,0,0,116,0.96875,0
31.29718,8,0,0,0.0,37.58576100153732,1.5772379992995411,37.61501699773362,0.2168989547038328,287,0,0,116,0.9730603448275862,0
31.33544,8,0,0,0.0,38.21663000053377,1.5995909998309799,38.25918999791611,0.21614583333333337,288,0,0,118,0.9608050847457628,0
31.37382,8,0,0,0.0,38.34551199906855,1.578465999045875,38.37591000046814,0.21539792387543255,289,0,0,119,0.9569327731092437,0
31.41207,8,0,0,0.0,38.21314200104098,1.5994040004443377,38.24043999702553,0.21465517241379306,290,0,0,119,0.9611344537815126,0
31.45058,8,0,0,0.0,38.48171000208822,1.5932800015434623,38.507501001731725,0.2139175257731959,291,0,0,119,0.9653361344537815,0
31.48873,8,0,0,0.0,38.122835001559,1.6104089991131332,38.14983700067387,0.21318493150684936,292,0,0,119,0.9695378151260504,0
31.52705,8,0,0,0.0,38.28315799910342,1.6060639973147772,38.31344900027034,0.21245733788395904,293,0,0,120,0.965625,0
31.56529,8,0,0,0.0,38.20687200277462,1.6076020001491997,38.23198999816668,0.21173469387755106,294,0,0,120,0.9697916666666667,0
31.60287,8,0,0,0.0,37.5495519983815,1.6017699999792967,37.57671499988646,0.21101694915254232,295,0,0,120,0.9739583333333334,0
31.641,8,0,0,0.0,38.09898799954681,1.6268350009340793,38.12400099923252,0.21030405405405406,296,0,0,120,0.978125,0
31.71214,9,1,192,32.73643700231332,38.35358500145958,1.765449000231456,71.14157800242538,0.22558922558922556,297,0,0,135,0.9625,0
31.7508,9,0,0,0.0,38.62985599698732,1.7786240023269784,38.656141001411015,0.22483221476510062,298,0,0,135,0.9666666666666667,0
31.78917,9,0,0,0.0,38.32966400295845,1.7876349993457552,38.36735500226496,0.2240802675585284,299,0,0,116,0.9682112068965517,0
31.82734,8,0,0,0.0,38.12886699961382,1.5480689980904572,38.15995799959637,0.2280927835051546,291,0,0,117,0.9642094017094017,0
31.86543,8,0,0,0.0,38.0494910023117,1.5959529991960153,38.08834600204136,0.22731164383561642,292,0,0,91,0.9663461538461539,0
31.93667,7,1,211,32.94825199918705,38.23730000294745,1.4330040030472446,71.23071800015168,0.21111652852267182,293,0,0,106,0.9581367924528302,0
32.00783,8,1,129,33.03341599894338,38.081352002336644,1.5731410021544434,71.15980399976252,0.25425170068027214,294,0,0,115,0.9576086956521739,0
32.0461,8,0,0,0.0,38.24046199952136,1.8514769981266,38.26804300115327,0.2533898305084745,295,0,0,116,0.9536637931034483,0
32.08425,8,0,0,0.0,38.103261998912785,1.5932139976939652,38.13712099872646,0.25253378378378377,296,0,0,116,0.9579741379310345,0
32.12232,8,0,0,0.0,38.03606599831255,1.569803000165848,38.07477700320305,0.25168350168350173,297,0,0,102,0.9626225490196079,0
32.16042,7,0,0,0.0,38.066776000050595,1.4408770002773963,38.09221400297247,0.2468839884947267,298,0,0,102,0.9669117647058824,0
32.19837,7,0,0,0.0,37.91909299980034,1.4317499990283977,37.94848899997305,0.2460582895365504,299,0,0,102,0.9712009803921569,0
32.23646,7,0,0,0.0,38.05424000165658,1.470213999709813,38.07979799967143,0.24523809523809526,300,0,0,102,0.9754901960784313,0
32.27439,7,0,0,0.0,37.898998001764994,1.452668002457358,37.927042998489924,0.24442335073564314,301,0,0,102,0.9797794117647058,0
32.31247,7,0,0,0.0,38.0471429998579,1.4584589989681263,38.07584100286476,0.24361400189214755,302,0,0,102,0.9840686274509803,0
32.38262,8,1,180,32.75374100121553,37.351888000557665,1.574723999510752,70.15196499924059,0.26320132013201325,303,0,0,114,0.9835526315789473,0
32.42067,8,0,0,0.0,38.014531000953866,1.6207720000238623,38.045604997023474,0.2623355263157895,304,0,0,117,0.9626068376068376,0
32.45929,8,0,0,0.0,38.588174000324216,1.618493002752075,38.61521799990442,0.26147540983606554,305,0,0,117,0.9668803418803419,0
32.53083,9,1,71,32.93925199977821,38.53883099873201,1.7336289965896867,71.52843800213304,0.31699346405228757,306,0,0,123,0.9603658536585366,0
32.56962,9,0,0,0.0,38.7582969997311,1.7247499999939464,38.784579002822284,0.3159609120521173,307,0,0,123,0.9649390243902439,0
32.60824,9,0,0,0.0,38.59224600091693,1.7462760006310418,38.62017499704962,0.31493506493506496,308,0,0,123,0.9695121951219512,0
32.64707,9,0,0,0.0,38.790491002146155,1.7497220032964833,38.81891499986523,0.31391585760517804,309,0,0,125,0.9585,0
32.68564,9,0,0,0.0,38.54412099826732,1.7712860026222188,38.57213899755152,0.3129032258064516,310,0,0,125,0.963,0
32.77268,10,1,79,38.3195060021535,48.66372899778071,2.036559999396559,87.03519399932702,0.3553054662379421,311,0,0,131,0.961354961832061,0
32.81141,10,0,0,0.0,38.69025000312831,1.8850929991458543,38.72168099769624,0.35416666666666663,312,0,0,132,0.9588068181818182,0
32.85035,10,0,0,0.0,38.908263999474,1.880755000456702,38.937140998314135,0.35303514376996803,313,0,0,132,0.9635416666666666,0
32.88938,10,0,0,0.0,38.99693099810975,1.9180689996574074,39.0258100014762,0.3519108280254777,314,0,0,132,0.9682765151515151,0
32.92828,10,0,0,0.0,38.8721439994697,1.9266909985162783,38.904544002434704,0.35079365079365077,315,0,0,134,0.9584888059701493,0
32.96783,10,0,0,0.0,39.51573200174607,1.9231059995945543,39.54365800018422,0.34968354430379744,316,0,0,134,0.9631529850746269,0
33.00667,10,0,0,0.0,38.806545999250375,1.931049999257084,38.835217001178535,0.3485804416403786,317,0,0,134,0.9678171641791045,0
33.04564,10,0,0,0.0,38.93614600019646,1.9311300020490307,38.96180800074944,0.3474842767295597,318,0,0,134,0.972481343283582,0
33.0835,10,0,0,0.0,37.828611999429995,1.9342209998285398,37.85672800222528,0.3463949843260188,319,0,0,134,0.9771455223880597,0
33.12224,10,0,0,0.0,38.70232800181839,1.9376290001673624,38.744380999560235,0.3453125,320,0,0,122,0.9631147540983607,0
33.16091,9,0,0,0.0,38.63634300068952,1.7463960029999726,38.66248499980429,0.3492557978539287,321,0,0,122,0.9677254098360656,0
33.19918,9,0,0,0.0,38.23349599770154,1.7557569990458433,38.26312800083542,0.34817115251897857,322,0,0,123,0.9644308943089431,0
33.23777,9,0,0,0.0,38.545056002476485,1.7495359970780555,38.58516900072573,0.347093223254214,323,0,0,123,0.9690040650406504,0
33.27598,9,0,0,0.0,38.17900300055044,1.7954729992197827,38.20671500216122,0.3460219478737997,324,0,0,123,0.9735772357723578,0
33.31439,9,0,0,0.0,38.3796469977824,1.7840280015661847,38.41124200334889,0.344957264957265,325,0,0,125,0.9625,0
33.35282,9,0,0,0.0,38.39281600085087,1.818984997953521,38.4173259990348,0.34389911383776417,326,0,0,125,0.967,0
33.39447,9,0,0,0.0,41.62216099939542,2.0762300009664614,41.6532079980243,0.3428474345905539,327,0,0,126,0.9637896825396826,0
33.4328,9,0,0,0.0,38.29517399935867,1.8200089980382472,38.325885998347076,0.3418021680216802,328,0,0,127,0.9606299212598425,0
33.47089,9,0,0,0.0,38.05753000051482,1.8138490013370756,38.08373100036988,0.3407632556568727,329,0,0,127,0.9650590551181102,0
33.50898,9,0,0,0.0,38.06519899808336,1.801978000003146,38.09204299977864,0.33973063973063977,330,0,0,127,0.969488188976378,0
33.54697,9,0,0,0.0,37.95436599830282,1.8134689998987596,37.981508001394104,0.33870426317556224,331,0,0,129,0.9588178294573644,0
33.58519,9,0,0,0.0,38.18909099936718,1.8286089980392717,38.23067299890681,0.33768406961178044,332,0,0,129,0.9631782945736435,0
33.62323,9,0,0,0.0,37.99690000232658,1.8068350000248756,38.02399899723241,0.33667000333666997,333,0,0,129,0.9675387596899225,0
33.6615,9,0,0,0.0,38.24210400125594,1.8308609978703316,38.26694300005329,0.3356620093147039,334,0,0,129,0.9718992248062015,0
33.69856,9,0,0,0.0,37.02830099791754,1.830110002629226,37.0553699976881,0.3346600331674958,335,0,0,129,0.9762596899224806,0
33.73678,9,0,0,0.0,38.19130499687162,1.8433030018059071,38.222659000894055,0.33366402116402116,336,0,0,131,0.9656488549618321,0
33.7754,9,0,0,0.0,38.58495100212167,1.8753219992504455,38.614295997831505,0.33267392021101216,337,0,0,131,0.9699427480916031,0
33.81388,9,0,0,0.0,38.43907899863552,1.8739759980235249,38.470865998533554,0.331689677843524,338,0,0,132,0.9668560606060606,0
33.85223,9,0,0,0.0,38.317597998684505,1.8656329993973486,38.35014099968248,0.33071124221566695,339,0,0,132,0.9711174242424242,0
33.89047,9,0,0,0.0,38.19654400285799,1.8837909992726054,38.22755300279823,0.3297385620915033,340,0,0,132,0.9753787878787878,0
33.92848,9,0,0,0.0,37.97684399978607,1.8597560010675807,38.00789300294127,0.32877158683610297,341,0,0,134,0.965018656716418,0
33.96711,9,0,0,0.0,38.60688500208198,1.869735999207478,38.63172399724135,0.3278102664067576,342,0,0,134,0.9692164179104478,0
34.00431,9,0,0,0.0,37.16434500165633,1.872827997431159,37.193460997514194,0.32685455134434727,343,0,0,135,0.9662037037037037,0
34.04283,9,0,0,0.0,38.486706998810405,1.8809670000337064,38.515177999215666,0.32590439276485783,344,0,0,136,0.9632352941176471,0
34.08101,9,0,0,0.0,38.153817997226724,1.8812189991876949,38.181085998076014,0.32495974235104674,345,0,0,136,0.9673713235294118,0
34.11957,9,0,0,0.0,38.513177998538595,1.8981359971803613,38.5511399981624,0.32402055234425176,346,0,0,129,0.9699612403100775,0
34.15767,8,0,0,0.0,38.069668000389356,1.767318000929663,38.09741899749497,0.27881844380403453,347,0,0,130,0.9663461538461539,0
34.19585,8,0,0,0.0,38.15503800069564,1.784282001608517,38.19004400065751,0.2780172413793104,348,0,0,130,0.9701923076923077,0
34.23372,8,0,0,0.0,37.830244000360835,1.7766880009730812,37.856088998523774,0.2772206303724928,349,0,0,130,0.9740384615384615,0
34.27211,8,0,0,0.0,38.36174299794948,1.7794600025808904,38.38723300214042,0.27642857142857147,350,0,0,130,0.9778846153846154,0
34.30938,8,0,0,0.0,37.23531700234162,1.784209998731967,37.261105000652606,0.27564102564102566,351,0,0,130,0.9817307692307692,0
34.34956,8,0,0,0.0,40.14637300133472,1.7935760006366763,40.17678800300928,0.2748579545454546,352,0,0,132,0.9706439393939394,0
34.3942,8,0,0,0.0,44.5988240026054,1.9581779997679405,44.64743200151133,0.2740793201133145,353,0,0,114,0.9780701754385965,0
34.43219,7,0,0,0.0,37.94544099946506,1.5871889991103671,37.98861899849726,0.28006456820016146,354,0,0,115,0.9733695652173913,0
34.47009,7,0,0,0.0,37.856248000025516,1.6079109991551377,37.87964399816701,0.27927565392354126,355,0,0,115,0.9771739130434782,0
34.50792,7,0,0,0.0,37.805102998390794,1.6062450013123453,37.83254099835176,0.2784911717495987,356,0,0,115,0.9809782608695652,0
34.54575,7,0,0,0.0,37.7816990003339,1.6231290028372314,37.82398499970441,0.27771108443377346,357,0,0,81,0.9729938271604939,0
34.58253,5,0,0,0.0,36.744029999681516,1.219391000631731,36.778749999939464,0.28148148148148144,351,0,0,63,0.9841269841269841,0
34.61971,4,0,0,0.0,37.149151001358405,1.0223829995084088,37.17664600117132,0.2954545454545454,352,0,0,64,0.97265625,0
34.6568,4,0,0,0.0,37.044092001451645,1.0301059992343653,37.07315700012259,0.29461756373937675,353,0,0,65,0.9615384615384616,0
34.6938,4,0,0,0.0,36.96857300019474,1.0525649995543063,36.99276399856899,0.29378531073446323,354,0,0,65,0.9653846153846154,0
34.7307,4,0,0,0.0,36.86710700276308,1.0419210011605173,36.89230000236421,0.2929577464788733,355,0,0,65,0.9692307692307692,0
34.7678,4,0,0,0.0,37.07037899948773,1.0515249996387865,37.09454699855996,0.2921348314606742,356,0,0,66,0.9583333333333334,0
34.80482,4,0,0,0.0,36.99511499871733,1.0450139998283703,37.01956499935477,0.2913165266106442,357,0,0,66,0.9621212121212122,0
34.84232,4,0,0,0.0,37.47329999896465,1.0631930017552804,37.49616799905198,0.2905027932960894,358,0,0,66,0.9659090909090909,0
34.87859,4,0,0,0.0,36.24425200177939,1.0309770004823804,36.271308999857865,0.2896935933147632,359,0,0,66,0.9696969696969697,0
34.91574,4,0,0,0.0,37.117846000910504,1.0655699989001732,37.14500700152712,0.28888888888888886,360,0,0,66,0.9734848484848485,0
34.95317,4,0,0,0.0,37.39533000043593,1.0657059974619187,37.41871400052332,0.2880886426592798,361,0,0,66,0.9772727272727273,0
34.9904,4,0,0,0.0,37.1989859995665,1.0489649976079818,37.232577000395395,0.28729281767955805,362,0,0,43,0.9781976744186046,0
35.02658,3,0,0,0.0,36.14766400278313,0.7537889978266321,36.174618999211816,0.22106481481481477,288,0,0,44,0.9602272727272727,0
35.06316,3,0,0,0.0,36.54653400008101,0.7720760004303884,36.57113100052811,0.22029988465974626,289,0,0,44,0.9644886363636364,0
35.09976,3,0,0,0.0,36.57018400190282,0.7900780001364183,36.6046240014839,0.2195402298850575,290,0,0,35,0.9660714285714286,0
35.1358,2,0,0,0.0,36.00641900266055,0.7254480005940422,36.03084199858131,0.07044673539518898,291,0,0,35,0.9696428571428571,0
35.17222,2,0,0,0.0,36.39714100063429,0.7151509998948313,36.42273399964324,0.0702054794520548,292,0,0,35,0.9732142857142857,0
35.20827,2,0,0,0.0,36.018882998178015,0.7077240006765351,36.04368599917507,0.06996587030716728,293,0,0,35,0.9767857142857143,0
35.24428,2,0,0,0.0,35.977388000901556,0.7233099968289025,35.99908799878904,0.0697278911564626,294,0,0,35,0.9803571428571428,0
35.27968,2,0,0,0.0,35.37870300351642,0.704718997440068,35.40245900148875,0.06949152542372883,295,0,0,35,0.9839285714285714,0
35.31573,2,0,0,0.0,36.02113300075871,0.7245519991556648,36.04471899961936,0.0692567567567568,296,0,0,35,0.9875,0
35.3519,2,0,0,0.0,36.1414560029516,0.7059550007397775,36.16531599982409,0.06902356902356899,297,0,0,36,0.9635416666666666,0
35.3879,2,0,0,0.0,35.96994300096412,0.7036469978629611,35.99348200077657,0.06879194630872487,298,0,0,36,0.9670138888888888,0
35.42372,2,0,0,0.0,35.792546997981844,0.6975420001253951,35.81504799876711,0.06856187290969895,299,0,0,36,0.9704861111111112,0
35.45981,2,0,0,0.0,36.06719500021427,0.7110750011634082,36.087991000385955,0.06833333333333336,300,0,0,36,0.9739583333333334,0
35.49573,2,0,0,0.0,35.89147799721104,0.7156320025387686,35.91301200140151,0.06810631229235875,301,0,0,36,0.9774305555555556,0
35.5316,2,0,0,0.0,35.84974199839053,0.7100279981386848,35.873059001460206,0.06788079470198671,302,0,0,36,0.9809027777777778,0
35.56681,2,0,0,0.0,35.18336100023589,0.7139170011214446,35.204403997340705,0.06765676567656764,303,0,0,36,0.984375,0
35.60285,2,0,0,0.0,36.00682899923413,0.7021370001893956,36.03249299703748,0.06743421052631582,304,0,0,37,0.9611486486486487,0
35.63863,2,0,0,0.0,35.76251099730143,0.7001809972280171,35.78485500111128,0.06721311475409841,305,0,0,37,0.964527027027027,0
35.67482,2,0,0,0.0,36.15753499980201,0.7042620018182788,36.181955998472404,0.06699346405228757,306,0,0,37,0.9679054054054054,0
35.71083,2,0,0,0.0,35.98459799832199,0.7298390009964351,36.00654800175107,0.0667752442996743,307,0,0,37,0.9712837837837838,0
35.74701,2,0,0,0.0,36.152793996734545,0.7200359978014603,36.17420899900026,0.0665584415584416,308,0,0,37,0.9746621621621622,0
35.78315,2,0,0,0.0,36.112686997512355,0.7152050020522438,36.13556299751508,0.06634304207119746,309,0,0,37,0.9780405405405406,0
35.81946,2,0,0,0.0,36.283902998548,0.7234360018628649,36.308430000644876,0.06612903225806455,310,0,0,37,0.981418918918919,0
35.85483,2,0,0,0.0,35.3476740019687,0.7365839992417023,35.368045999348396,0.06591639871382637,311,0,0,37,0.9847972972972973,0
35.89084,2,0,0,0.0,35.98101600073278,0.7058049995976035,36.003152999910526,0.0657051282051282,312,0,0,37,0.9881756756756757,0
35.9268,2,0,0,0.0,35.93745400212356,0.7125779993657488,35.96276200187276,0.06549520766773165,313,0,0,38,0.9654605263157895,0
35.9631,2,0,0,0.0,36.26709300078801,0.7125480005925056,36.287279002863215,0.0652866242038217,314,0,0,38,0.96875,0
35.99896,2,0,0,0.0,35.844721998728346,0.6987710003159009,35.865683999873,0.06507936507936507,315,0,0,38,0.9720394736842105,0
36.03485,2,0,0,0.0,35.8616580015223,0.6992029993853066,35.88370899888105,0.064873417721519,316,0,0,38,0.975328947368421,0
36.07116,2,0,0,0.0,36.265635997551726,0.705023998307297,36.29301600085455,0.06466876971608837,317,0,0,38,0.9786184210526315,0
36.10729,2,0,0,0.0,36.102792000747286,0.7252609975694213,36.125637001532596,0.06446540880503149,318,0,0,38,0.9819078947368421,0
36.14247,2,0,0,0.0,35.157935999450274,0.7107509991328698,35.18037400135654,0.06426332288401249,319,0,0,38,0.9851973684210527,0
36.17873,2,0,0,0.0,36.23457599678659,0.722176002454944,36.25926699896809,0.06406250000000002,320,0,0,39,0.9631410256410257,0
36.21473,2,0,0,0.0,35.95855299863615,0.7206009977380745,35.99120199942263,0.06386292834890961,321,0,0,18,0.9756944444444444,0
36.24699,1,0,0,0.0,32.237017003353685,0.61114999698475,32.25599399956991,0.0,281,0,0,18,0.9791666666666666,0
36.27922,1,0,0,0.0,32.18939799990039,0.581059000978712,32.225393999397056,0.0,282,0,0,18,0.9826388888888888,0
36.31161,1,0,0,0.0,32.36456999729853,0.5915959991398267,32.38521999810473,0.0,283,0,0,18,0.9861111111111112,0
36.34387,1,0,0,0.0,32.23639800125966,0.6022669986123219,32.26506499777315,0.0,284,0,0,18,0.9895833333333334,0
36.37618,1,0,0,0.0,32.28329400008079,0.5891569999221247,32.304233998729615,0.0,285,0,0,18,0.9930555555555556,0
36.40843,1,0,0,0.0,32.20523700292688,0.5808919995615724,32.241354001598665,0.0,286,0,0,18,0.9965277777777778,0
36.44102,1,0,0,0.0,32.568648999586,0.6001620022288989,32.591270999546396,0.0,287,0,0,18,1.0,0
36.47364,1,0,0,0.0,32.58579699831898,0.6198399969434831,32.61041400037357,0.0,288,0,0,19,0.9506578947368421,0
36.50615,1,0,0,0.0,32.488692999322666,0.622808001935482,32.51191099843709,0.0,289,0,0,19,0.9539473684210527,0
36.53872,1,0,0,0.0,32.54669100351748,0.626130000455305,32.56901399799972,0.0,290,0,0,19,0.9572368421052632,0
36.57131,1,0,0,0.0,32.56215699730092,0.6160680022730958,32.581899999058805,0.0,291,0,0,19,0.9605263157894737,0
36.60341,1,0,0,0.0,32.08145199823775,0.5808360001537949,32.102278997626854,0.0,292,0,0,19,0.9638157894736842,0
36.63565,1,0,0,0.0,32.21169900280074,0.5808949972561095,32.23409000202082,0.0,293,0,0,19,0.9671052631578947,0
36.66801,1,0,0,0.0,32.33637700031977,0.6279059998632874,32.35676800250076,0.0,294,0,0,19,0.9703947368421053,0
36.70029,1,0,0,0.0,32.250194999505766,0.6055989979358856,32.27108699866221,0.0,295,0,0,19,0.9736842105263158,0
36.73249,1,0,0,0.0,32.17046100326115,0.6019060019752942,32.198468998103635,0.0,296,0,0,0,0.0,0
