t_s,batch,n_prefill,prefill_tokens,prefill_ms,decode_ms,gather_ms,iteration_ms,padding_waste,context_max,waiting,preempted,kv_blocks_used,kv_slot_utilization,wasted_decode_tokens
0.06988,1,1,235,36.69533200081787,33.13278100176831,0.6112390001362655,69.8653520012158,0.0,235,0,0,15,0.9833333333333333,0
0.10245,1,0,0,0.0,32.54951099734171,0.6157479983812664,32.56979700017837,0.0,236,0,0,15,0.9875,0
0.1354,1,0,0,0.0,32.918834000156494,0.54754000302637,32.941579000180354,0.0,237,0,0,15,0.9916666666666667,0
0.1683,1,0,0,0.0,32.876650999241974,0.5682230003003497,32.897994002269115,0.0,238,0,0,15,0.9958333333333333,0
0.20119,1,0,0,0.0,32.85954799866886,0.5824289983138442,32.88130600049044,0.0,239,0,0,15,1.0,0
0.23417,1,0,0,0.0,32.95276000062586,0.5784599998150952,32.976204998703906,0.0,240,0,0,16,0.94140625,0
0.26684,1,0,0,0.0,32.64953400139348,0.5688410019502044,32.67033800148056,0.0,241,0,0,16,0.9453125,0
0.2995,1,0,0,0.0,32.63260400126455,0.599630999204237,32.65370500230347,0.0,242,0,0,16,0.94921875,0
0.33199,1,0,0,0.0,32.462798000779,0.5584620012086816,32.48288000031607,0.0,243,0,0,16,0.953125,0
0.36488,1,0,0,0.0,32.8634189972945,0.5739609987358563,32.88359699945431,0.0,244,0,0,16,0.95703125,0
0.39743,1,0,0,0.0,32.523871999728726,0.5945080010860693,32.54561699941405,0.0,245,0,0,16,0.9609375,0
0.4301,1,0,0,0.0,32.64861600109725,0.5425759991339874,32.6712719979696,0.0,246,0,0,16,0.96484375,0
0.46278,1,0,0,0.0,32.654923998052254,0.5831600028614048,32.67493699968327,0.0,247,0,0,16,0.96875,0
0.49548,1,0,0,0.0,32.67066700209398,0.5750349992013071,32.69347899913555,0.0,248,0,0,16,0.97265625,0
0.5283,1,0,0,0.0,32.80096499656793,0.5832099996041507,32.82324899919331,0.0,249,0,0,16,0.9765625,0
0.56126,1,0,0,0.0,32.93319899967173,0.5754030025855172,32.95394800079521,0.0,250,0,0,16,0.98046875,0
0.59392,1,0,0,0.0,32.634278999466915,0.573471999814501,32.655544997396646,0.0,251,0,0,16,0.984375,0
0.6274,1,0,0,0.0,33.453239000664325,0.5935499975748826,33.47683500032872,0.0,252,0,0,16,0.98828125,0
0.66056,1,0,0,0.0,33.13285399781307,0.5919879986322485,33.154141001432436,0.0,253,0,0,16,0.9921875,0
0.69542,1,0,0,0.0,34.83167199738091,0.5838300021423493,34.854180998081574,0.0,254,0,0,16,0.99609375,0
0.7295,1,0,0,0.0,34.05106100035482,0.5877339972357731,34.07366200190154,0.0,255,0,0,16,1.0,0
0.76254,1,0,0,0.0,33.01283099790453,0.5872660003660712,33.0371029995149,0.0,256,0,0,17,0.9448529411764706,0
0.7951,1,0,0,0.0,32.53080200011027,0.5826609994983301,32.552471002418315,0.0,257,0,0,17,0.9485294117647058,0
0.82791,1,0,0,0.0,32.78857999976026,0.5764279994764365,32.81168699686532,0.0,258,0,0,17,0.9522058823529411,0
0.86069,1,0,0,0.0,32.75243399912142,0.6183440018503461,32.77247799996985,0.0,259,0,0,17,0.9558823529411765,0
0.89315,1,0,0,0.0,32.43131099952734,0.5631000021821819,32.45359300126438,0.0,260,0,0,17,0.9595588235294118,0
0.92595,1,0,0,0.0,32.777185002487386,0.5803889980597887,32.801017001474975,0.0,261,0,0,17,0.9632352941176471,0
0.95872,1,0,0,0.0,32.74442700057989,0.6108070010668598,32.76481599823455,0.0,262,0,0,17,0.9669117647058824,0
0.99154,1,0,0,0.0,32.7966139993805,0.5826550004712772,32.81895799955237,0.0,263,0,0,17,0.9705882352941176,0
1.02444,1,0,0,0.0,32.86386999752722,0.5839539990120102,32.88678799799527,0.0,264,0,0,17,0.9742647058823529,0
1.09539,2,1,201,33.33613300128491,37.56935499768588,0.6723320002492983,70.94574900111184,0.12075471698113205,265,0,0,30,0.975,0
1.17969,4,2,354,46.50181899705785,37.749093000456924,0.8718600001884624,84.3003759982821,0.22744360902255634,266,0,0,53,0.9740566037735849,0
1.21727,4,0,0,0.0,37.543962000199826,0.8639489969937131,37.57130799931474,0.22659176029962547,267,0,0,54,0.9606481481481481,0
1.25483,4,0,0,0.0,37.53546499865479,0.8839239999360871,37.55761900174548,0.22574626865671643,268,0,0,54,0.9652777777777778,0
1.29224,4,0,0,0.0,37.37987299973611,0.8749609987717122,37.40640800242545,0.22490706319702602,269,0,0,54,0.9699074074074074,0
1.32956,4,0,0,0.0,37.29270300027565,0.8939600011217408,37.317449001420755,0.2240740740740741,270,0,0,54,0.9745370370370371,0
1.3663,4,0,0,0.0,36.71172399845091,0.865703997988021,36.73532299944782,0.2232472324723247,271,0,0,54,0.9791666666666666,0
1.40355,4,0,0,0.0,37.20197599977837,0.8759980009926949,37.24189599961392,0.22242647058823528,272,0,0,56,0.9486607142857143,0
1.44087,4,0,0,0.0,37.2890680009732,0.8719210018170998,37.314271001378074,0.2216117216117216,273,0,0,56,0.953125,0
1.47831,4,0,0,0.0,37.415440998302074,0.9051329980138689,37.437522998516215,0.22080291970802923,274,0,0,56,0.9575892857142857,0
1.51554,4,0,0,0.0,37.18540099725942,0.8649749979667831,37.209647001873236,0.21999999999999997,275,0,0,56,0.9620535714285714,0
1.55282,4,0,0,0.0,37.25539000151912,0.882362000993453,37.27846299807425,0.2192028985507246,276,0,0,56,0.9665178571428571,0
1.59012,4,0,0,0.0,37.26603199902456,0.8952749994932674,37.29225799906999,0.2184115523465704,277,0,0,56,0.9709821428571429,0
1.62746,4,0,0,0.0,37.31029900154681,0.9063720026460942,37.33468200152856,0.21762589928057552,278,0,0,56,0.9754464285714286,0
1.69761,5,1,98,33.07599899926572,37.03049899922917,1.1682779986585956,70.15388399668154,0.3032258064516129,279,0,0,64,0.9541015625,0
1.7352,5,0,0,0.0,37.55946500314167,1.013224999041995,37.58455400020466,0.30214285714285716,280,0,0,64,0.958984375,0
1.77277,5,0,0,0.0,37.53531800248311,1.0123230022145435,37.56171900022309,0.30106761565836304,281,0,0,64,0.9638671875,0
1.8102,5,0,0,0.0,37.402334997750586,1.0399599996162578,37.427040999318706,0.30000000000000004,282,0,0,64,0.96875,0
1.84783,5,0,0,0.0,37.59664799872553,1.014482000755379,37.628619000315666,0.2989399293286219,283,0,0,65,0.9586538461538462,0
1.88553,5,0,0,0.0,37.66049700061558,1.0918799998762552,37.68998600207851,0.297887323943662,284,0,0,47,0.9534574468085106,0
1.92289,4,0,0,0.0,37.33515199928661,0.8145780011545867,37.35975900053745,0.30523255813953487,258,0,0,47,0.9587765957446809,0
1.96065,4,0,0,0.0,37.72740400017938,0.855327001772821,37.75105200111284,0.30405405405405406,259,0,0,47,0.964095744680851,0
1.99814,4,0,0,0.0,37.462495998624945,0.8306309973704629,37.48749899750692,0.3028846153846154,260,0,0,47,0.9694148936170213,0
2.03579,4,0,0,0.0,37.620744999003364,0.8514530018146615,37.64758499892196,0.3017241379310345,261,0,0,48,0.9544270833333334,0
2.07332,4,0,0,0.0,37.500312999327434,0.8361820000573061,37.53957800290664,0.3005725190839694,262,0,0,48,0.9596354166666666,0
2.11012,4,0,0,0.0,36.75373999794829,0.8509629988111556,36.77865699864924,0.2994296577946768,263,0,0,48,0.96484375,0
2.14762,4,0,0,0.0,37.46954600137542,0.8665629975439515,37.49533999871346,0.2982954545454546,264,0,0,48,0.9700520833333334,0
2.18547,4,0,0,0.0,37.81830399748287,0.8539710033801384,37.841862002096605,0.2971698113207547,265,0,0,48,0.9752604166666666,0
2.22274,4,0,0,0.0,37.24696100107394,0.8396369994443376,37.2735829987505,0.29605263157894735,266,0,0,49,0.9604591836734694,0
2.26057,4,0,0,0.0,37.79402199870674,0.849648000439629,37.81695799989393,0.2949438202247191,267,0,0,49,0.9655612244897959,0
2.29808,4,0,0,0.0,37.487148998479825,0.8492489978380036,37.51492599985795,0.29384328358208955,268,0,0,50,0.95125,0
2.33593,4,0,0,0.0,37.820838999323314,0.8642960019642487,37.847316001716536,0.2927509293680297,269,0,0,50,0.95625,0
2.37377,4,0,0,0.0,37.80845199798932,0.8852829996612854,37.83199600002263,0.29166666666666663,270,0,0,50,0.96125,0
2.4104,4,0,0,0.0,36.60458699960145,0.8722359998500906,36.629140999139054,0.29059040590405905,271,0,0,50,0.96625,0
2.44763,4,0,0,0.0,37.19872999863583,0.8437299984507263,37.22720999940066,0.28952205882352944,272,0,0,51,0.9522058823529411,0
2.48512,4,0,0,0.0,37.46097299881512,0.8638229992357083,37.48564899797202,0.28846153846153844,273,0,0,51,0.9571078431372549,0
2.5224,4,0,0,0.0,37.24454099938157,0.8684360000188462,37.26979599741753,0.2874087591240876,274,0,0,51,0.9620098039215687,0
2.56005,4,0,0,0.0,37.620980001520365,0.8616169980086852,37.64473399860435,0.2863636363636364,275,0,0,51,0.9669117647058824,0
2.5974,4,0,0,0.0,37.32679699896835,0.8810939980321564,37.351506001868984,0.28532608695652173,276,0,0,51,0.9718137254901961,0
2.63495,4,0,0,0.0,37.519943001825595,0.8597119995101821,37.54769900115207,0.28429602888086647,277,0,0,52,0.9579326923076923,0
2.67272,4,0,0,0.0,37.73161500066635,0.8956990022852551,37.75834599946393,0.28327338129496404,278,0,0,52,0.9627403846153846,0
2.70955,4,0,0,0.0,36.806700998567976,0.8861160022206604,36.83193399774609,0.282258064516129,279,0,0,52,0.9675480769230769,0
2.74708,4,0,0,0.0,37.5007420007023,0.8843350005918182,37.5265720031166,0.28125,280,0,0,52,0.9723557692307693,0
2.78468,4,0,0,0.0,37.56569700271939,0.8861339993018191,37.592355998640414,0.28024911032028466,281,0,0,52,0.9771634615384616,0
2.82202,4,0,0,0.0,37.300553998647956,0.8917419982026331,37.33714799818699,0.2792553191489362,282,0,0,53,0.9634433962264151,0
2.8598,4,0,0,0.0,37.74670499842614,0.891167001100257,37.77059899948654,0.2782685512367491,283,0,0,53,0.9681603773584906,0
2.89716,4,0,0,0.0,37.333670999942115,0.9097309994103853,37.36021700024139,0.27728873239436624,284,0,0,54,0.9548611111111112,0
2.93465,4,0,0,0.0,37.4597280024318,0.879084000189323,37.48546900169458,0.2763157894736842,285,0,0,54,0.9594907407407407,0
2.97221,4,0,0,0.0,37.526201998844044,0.8971250026661437,37.54874399965047,0.2753496503496503,286,0,0,54,0.9641203703703703,0
3.00874,4,0,0,0.0,36.49872899768525,0.8867630021995865,36.52478200092446,0.27439024390243905,287,0,0,54,0.96875,0
3.04616,4,0,0,0.0,37.39309400043567,0.9264019972761162,37.42002600120031,0.2734375,288,0,0,55,0.9556818181818182,0
3.08375,4,0,0,0.0,37.556062001385726,0.9088209990295582,37.58169600041583,0.27249134948096887,289,0,0,55,0.9602272727272727,0
3.12124,4,0,0,0.0,37.46049300025334,0.911382998310728,37.483809999685036,0.27155172413793105,290,0,0,55,0.9647727272727272,0
3.15898,4,0,0,0.0,37.710313001298346,0.9094619999814313,37.73416599869961,0.27061855670103097,291,0,0,55,0.9693181818181819,0
3.19665,4,0,0,0.0,37.64156100078253,0.9305120001954492,37.667069998860825,0.2696917808219178,292,0,0,55,0.9738636363636364,0
3.23406,4,0,0,0.0,37.38472999975784,0.9008640008687507,37.413537997053936,0.2687713310580204,293,0,0,56,0.9609375,0
3.30507,5,1,146,33.25791400129674,37.69919799742638,1.1932449997402728,70.99987599940505,0.31496598639455786,294,0,0,66,0.9583333333333334,0
3.34188,5,0,0,0.0,36.785450000024866,1.050177997967694,36.810284000239335,0.3138983050847458,295,0,0,66,0.9630681818181818,0
3.37947,5,0,0,0.0,37.55677000299329,1.06943299761042,37.58016400024644,0.3128378378378378,296,0,0,66,0.9678030303030303,0
3.4172,5,0,0,0.0,37.69613799886429,1.046159002726199,37.728143001004355,0.31178451178451183,297,0,0,47,0.9694148936170213,0
3.45449,4,0,0,0.0,37.25737399872742,0.842515000840649,37.282543002220336,0.3017241379310345,261,0,0,48,0.9544270833333334,0
3.49196,4,0,0,0.0,37.441689000843326,0.8310430021083448,37.46796099949279,0.3005725190839694,262,0,0,48,0.9596354166666666,0
3.52854,4,0,0,0.0,36.54934999940451,0.8626499984529801,36.577072998625226,0.2994296577946768,263,0,0,49,0.9451530612244898,0
3.56636,4,0,0,0.0,37.793505001900485,0.8543189978809096,37.81768000044394,0.2982954545454546,264,0,0,49,0.9502551020408163,0
3.60584,4,0,0,0.0,39.450819000194315,0.8370449977519456,39.47759199945722,0.2971698113207547,265,0,0,49,0.9553571428571429,0
3.64573,4,0,0,0.0,39.852074998634635,0.8891780016710982,39.878370000224095,0.29605263157894735,266,0,0,49,0.9604591836734694,0
3.68389,4,0,0,0.0,38.128088002849836,0.8606939991295803,38.153555997268995,0.2949438202247191,267,0,0,49,0.9655612244897959,0
3.72157,4,0,0,0.0,37.644516000000294,0.8814729990263004,37.679342000046745,0.29384328358208955,268,0,0,37,0.9780405405405406,0
3.75958,3,0,0,0.0,37.98194800037891,0.7412730010400992,38.00373199919704,0.2825278810408922,269,0,0,37,0.9831081081081081,0
3.79627,3,0,0,0.0,36.670159999630414,0.7289259992830921,36.69522099880851,0.28148148148148144,270,0,0,37,0.9881756756756757,0
3.83212,3,0,0,0.0,35.80762300043716,0.7431190024362877,35.83596899989061,0.28044280442804426,271,0,0,38,0.9671052631578947,0
3.86881,3,0,0,0.0,36.66201799933333,0.7277840013557579,36.68650799954776,0.27941176470588236,272,0,0,39,0.9471153846153846,0
3.90547,3,0,0,0.0,36.631170001783175,0.7601739998790435,36.65561199886724,0.2783882783882784,273,0,0,39,0.9519230769230769,0
3.97699,4,1,207,33.029972000804264,38.44208300142782,0.8784350029600319,71.51264200001606,0.2691605839416058,274,0,0,52,0.9675480769230769,0
4.01461,4,0,0,0.0,37.59202400033246,0.8931759984989185,37.61985600067419,0.2681818181818182,275,0,0,53,0.9540094339622641,0
4.05238,4,0,0,0.0,37.74114199768519,0.8889670025382657,37.767597001220565,0.26721014492753625,276,0,0,53,0.9587264150943396,0
4.08984,4,0,0,0.0,37.428985000588,0.8648250004625879,37.45532599714352,0.26624548736462095,277,0,0,54,0.9456018518518519,0
4.12822,4,0,0,0.0,38.35042199716554,0.8914879981603008,38.37466999902972,0.2652877697841727,278,0,0,54,0.9502314814814815,0
4.16492,4,0,0,0.0,36.666673000581795,0.8961409985204227,36.68897999887122,0.26433691756272404,279,0,0,54,0.9548611111111112,0
4.20249,4,0,0,0.0,37.530763998802286,0.8990330024971627,37.55672599800164,0.2633928571428571,280,0,0,54,0.9594907407407407,0
4.23993,4,0,0,0.0,37.4181929983024,0.8922070010157768,37.442046999785816,0.2624555160142349,281,0,0,54,0.9641203703703703,0
4.2778,4,0,0,0.0,37.83722699881764,0.9003190025396179,37.86048199981451,0.2615248226950354,282,0,0,54,0.96875,0
4.31587,4,0,0,0.0,38.04452899930766,0.9198959996865597,38.06980700028362,0.2606007067137809,283,0,0,54,0.9733796296296297,0
4.3544,4,0,0,0.0,38.49367899965728,0.93803200070397,38.52089199790498,0.25968309859154926,284,0,0,54,0.9780092592592593,0
4.39253,4,0,0,0.0,38.107972002762835,0.91309699928388,38.132568002765765,0.25877192982456143,285,0,0,54,0.9826388888888888,0
4.43097,4,0,0,0.0,38.408939999499125,0.9021740006573964,38.43434299778892,0.2578671328671329,286,0,0,54,0.9872685185185185,0
4.46831,4,0,0,0.0,37.307449001673376,0.947298998653423,37.33261899833451,0.25696864111498263,287,0,0,55,0.9738636363636364,0
4.5062,4,0,0,0.0,37.84233300029882,0.9212840013788082,37.87116400053492,0.25607638888888884,288,0,0,56,0.9609375,0
4.54373,4,0,0,0.0,37.506497003050754,0.9178149994113483,37.53200299979653,0.2551903114186851,289,0,0,56,0.9654017857142857,0
4.58158,4,0,0,0.0,37.81931400226313,0.915536998945754,37.844028000108665,0.2543103448275862,290,0,0,56,0.9698660714285714,0
4.61894,4,0,0,0.0,37.32573900197167,0.9128259989665821,37.353692001488525,0.2534364261168385,291,0,0,57,0.9572368421052632,0
4.65667,4,0,0,0.0,37.70403599992278,0.9339640018879436,37.7303059976839,0.25256849315068497,292,0,0,57,0.9616228070175439,0
4.72717,5,1,228,32.52383000290138,37.9222910014505,1.0823029988387134,70.49495499813929,0.24573378839590443,293,0,0,73,0.9503424657534246,0
4.76505,5,0,0,0.0,37.84665899729589,1.091771999199409,37.8709689975949,0.24489795918367352,294,0,0,73,0.9546232876712328,0
4.80185,5,0,0,0.0,36.767505000170786,1.0862749986699782,36.79358099907404,0.24406779661016953,295,0,0,73,0.958904109589041,0
4.83982,5,0,0,0.0,37.94440299679991,1.1004050029441714,37.97037799813552,0.2432432432432432,296,0,0,73,0.9631849315068494,0
4.87782,5,0,0,0.0,37.959864999720594,1.0930970020126551,37.987357998645166,0.24242424242424243,297,0,0,73,0.9674657534246576,0
4.91583,5,0,0,0.0,37.98746900065453,1.1121589996037073,38.01249599928269,0.24161073825503354,298,0,0,73,0.9717465753424658,0
4.95372,5,0,0,0.0,37.85603999858722,1.0976240009767935,37.88120699755382,0.24080267558528423,299,0,0,73,0.976027397260274,0
4.99198,5,0,0,0.0,38.22248399956152,1.2560169998323545,38.24724800142576,0.24,300,0,0,73,0.9803082191780822,0
5.02985,5,0,0,0.0,37.83817599833128,1.102226997318212,37.8637419998995,0.23920265780730898,301,0,0,73,0.9845890410958904,0
5.06797,5,0,0,0.0,38.08411799764144,1.1313609975331929,38.10683899791911,0.23841059602649006,302,0,0,73,0.9888698630136986,0
5.10491,5,0,0,0.0,36.90506900238688,1.116559000365669,36.941228001523996,0.2376237623762376,303,0,0,62,0.9808467741935484,0
5.14261,4,0,0,0.0,37.673950999305816,0.9732719991006888,37.69966999971075,0.1998355263157895,304,0,0,63,0.9692460317460317,0
5.18031,4,0,0,0.0,37.66208500019275,0.9523980006633792,37.688258998969104,0.19918032786885242,305,0,0,64,0.9580078125,0
5.21783,4,0,0,0.0,37.4873340006161,0.9480019980401266,37.52418300064164,0.19852941176470584,306,0,0,64,0.9619140625,0
5.25526,4,0,0,0.0,37.39734800183214,0.973075999354478,37.42407600293518,0.19788273615635177,307,0,0,65,0.9509615384615384,0
5.29296,4,0,0,0.0,37.67026499917847,0.9687759993539657,37.69422500045039,0.19724025974025972,308,0,0,65,0.9548076923076924,0
5.33066,4,0,0,0.0,37.671969999792054,1.0367160030000377,37.69765599645325,0.19660194174757284,309,0,0,65,0.9586538461538462,0
5.36847,4,0,0,0.0,37.770909002574626,0.9754929997143336,37.800862002768554,0.19596774193548383,310,0,0,45,0.9583333333333334,0
5.40494,3,0,0,0.0,36.447155001951614,0.7849670000723563,36.46984900115058,0.06504065040650409,246,0,0,45,0.9625,0
5.44086,3,0,0,0.0,35.89585900044767,0.7621859986102208,35.91981600038707,0.06477732793522262,247,0,0,45,0.9666666666666667,0
5.47761,3,0,0,0.0,36.72160800124402,0.7686829994781874,36.743781998666236,0.06451612903225812,248,0,0,45,0.9708333333333333,0
5.51432,3,0,0,0.0,36.67420900092111,0.7566959975520149,36.715649999678135,0.06425702811244982,249,0,0,45,0.975,0
5.55096,3,0,0,0.0,36.60030700120842,0.76370299939299,36.624526997911744,0.06399999999999995,250,0,0,45,0.9791666666666666,0
5.58796,3,0,0,0.0,36.971028999687405,0.7687249999435153,36.996494000050006,0.06374501992031878,251,0,0,45,0.9833333333333333,0
5.62478,3,0,0,0.0,36.78814399972907,0.78456299888785,36.81309300009161,0.06349206349206349,252,0,0,45,0.9875,0
5.66316,3,0,0,0.0,38.34938599902671,0.7987499993760139,38.37221199864871,0.06324110671936756,253,0,0,45,0.9916666666666667,0
5.69997,3,0,0,0.0,36.78235099869198,0.7896770002844278,36.8081099986739,0.06299212598425197,254,0,0,46,0.9741847826086957,0
5.73642,3,0,0,0.0,36.420806998648914,0.8002140020835213,36.4465829989058,0.06274509803921569,255,0,0,46,0.9782608695652174,0
5.77374,3,0,0,0.0,37.28659199987305,0.7822020015737507,37.313024997274624,0.0625,256,0,0,47,0.961436170212766,0
5.81053,3,0,0,0.0,36.762290001206566,0.7822309999028221,36.786952001421014,0.0622568093385214,257,0,0,47,0.9654255319148937,0
5.84782,3,0,0,0.0,37.25804799978505,0.8005569980014116,37.28780299934442,0.06201550387596899,258,0,0,48,0.94921875,0
5.88796,3,0,0,0.0,40.115756000886904,0.7928490013000555,40.13854799995897,0.061776061776061764,259,0,0,48,0.953125,0
5.92474,3,0,0,0.0,36.74807800052804,0.7779910010867752,36.771578998013865,0.06153846153846154,260,0,0,48,0.95703125,0
5.96142,3,0,0,0.0,36.649862999183824,0.7890679989941418,36.67228099948261,0.06130268199233713,261,0,0,48,0.9609375,0
5.99804,3,0,0,0.0,36.59774799962179,0.7572880022053141,36.62291300133802,0.06106870229007633,262,0,0,48,0.96484375,0
6.03385,3,0,0,0.0,35.77836900149123,0.7737140003882814,35.80373400109238,0.06083650190114065,263,0,0,48,0.96875,0
6.07069,3,0,0,0.0,36.809610999625875,0.7908109982963651,36.83215399723849,0.06060606060606055,264,0,0,48,0.97265625,0
6.10732,3,0,0,0.0,36.606510999263264,0.7897340001363773,36.64444899914088,0.060377358490566024,265,0,0,48,0.9765625,0
6.14418,3,0,0,0.0,36.81519000019762,0.7536230004916433,36.841950997768436,0.06015037593984962,266,0,0,48,0.98046875,0
6.18084,3,0,0,0.0,36.63102999780676,0.7891900022514164,36.65455599912093,0.05992509363295884,267,0,0,48,0.984375,0
6.21778,3,0,0,0.0,36.91226899900357,0.788870998803759,36.93668599953526,0.05970149253731338,268,0,0,48,0.98828125,0
6.25518,3,0,0,0.0,37.3697680006444,0.8030249991861638,37.39540400056285,0.059479553903345694,269,0,0,48,0.9921875,0
6.29222,3,0,0,0.0,37.00081300121383,0.7763479989080224,37.03622600005474,0.059259259259259234,270,0,0,32,0.96875,0
6.32793,2,0,0,0.0,35.684920996573055,0.6864019997010473,35.70693799701985,0.08487084870848705,271,0,0,32,0.97265625,0
6.3645,2,0,0,0.0,36.53685899917036,0.6874220016470645,36.56167300141533,0.0845588235294118,272,0,0,33,0.946969696969697,0
6.40108,2,0,0,0.0,36.55631599758635,0.7082009979058057,36.578090002876706,0.08424908424908428,273,0,0,33,0.9507575757575758,0
6.43736,2,0,0,0.0,36.25605799970799,0.672303001920227,36.27919500286225,0.08394160583941601,274,0,0,33,0.9545454545454546,0
6.4738,2,0,0,0.0,36.40737900059321,0.6792240019422024,36.42886000307044,0.08363636363636362,275,0,0,33,0.9583333333333334,0
6.51008,2,0,0,0.0,36.2570359975507,0.6887919989821967,36.28016999937245,0.08333333333333337,276,0,0,33,0.9621212121212122,0
6.54659,2,0,0,0.0,36.48123400125769,0.6798989998060279,36.5034310016199,0.0830324909747292,277,0,0,33,0.9659090909090909,0
6.58309,2,0,0,0.0,36.471026000072015,0.6705270025122445,36.49287600273965,0.08273381294964033,278,0,0,33,0.9696969696969697,0
6.61923,2,0,0,0.0,36.09431500080973,0.6671739974990487,36.118144998908974,0.08243727598566308,279,0,0,33,0.9734848484848485,0
6.65583,2,0,0,0.0,36.577697999746306,0.6946709982003085,36.603076001483714,0.08214285714285718,280,0,0,33,0.9772727272727273,0
6.69291,2,0,0,0.0,37.04926899808925,0.716081998689333,37.07117500016466,0.08185053380782914,281,0,0,33,0.9810606060606061,0
6.72949,2,0,0,0.0,36.55391099891858,0.7117649984138552,36.57771600046544,0.08156028368794321,282,0,0,33,0.9848484848484849,0
6.76637,2,0,0,0.0,36.84835999956704,0.6911470009072218,36.871465999865904,0.08127208480565373,283,0,0,33,0.9886363636363636,0
6.80293,2,0,0,0.0,36.53450499768951,0.7018299984338228,36.55632799927844,0.08098591549295775,284,0,0,33,0.9924242424242424,0
6.83982,2,0,0,0.0,36.86815300170565,0.7055360001686495,36.89246300200466,0.08070175438596494,285,0,0,33,0.9962121212121212,0
6.87656,2,0,0,0.0,36.704608999571064,0.7153119986469392,36.729592000483535,0.08041958041958042,286,0,0,34,0.9705882352941176,0
6.91195,2,0,0,0.0,35.36627300127293,0.6963749983697198,35.38972800015472,0.08013937282229966,287,0,0,34,0.9742647058823529,0
6.94854,2,0,0,0.0,36.560645003191894,0.6834129999333527,36.58698999788612,0.07986111111111116,288,0,0,35,0.95,0
6.98509,2,0,0,0.0,36.51291599817341,0.7163699992815964,36.53509099967778,0.07958477508650519,289,0,0,35,0.9535714285714286,0
7.02184,2,0,0,0.0,36.729171999468235,0.6938030019227881,36.75303499767324,0.07931034482758625,290,0,0,35,0.9571428571428572,0
7.05847,2,0,0,0.0,36.60322599898791,0.7261660030053463,36.626618002628675,0.07903780068728528,291,0,0,35,0.9607142857142857,0
7.09517,2,0,0,0.0,36.66620300282375,0.6774029970983975,36.69004000039422,0.07876712328767121,292,0,0,35,0.9642857142857143,0
7.13168,2,0,0,0.0,36.48864100250648,0.6924609988345765,36.51217000151519,0.07849829351535831,293,0,0,35,0.9678571428571429,0
7.16852,2,0,0,0.0,36.80700699987938,0.7046989994705655,36.8283550014894,0.07823129251700678,294,0,0,35,0.9714285714285714,0
7.2043,2,0,0,0.0,35.7531879999442,0.7151859972509556,35.77558299730299,0.07796610169491525,295,0,0,35,0.975,0
7.24099,2,0,0,0.0,36.662024998804554,0.6768690000171773,36.6867020020436,0.07770270270270274,296,0,0,35,0.9785714285714285,0
7.27766,2,0,0,0.0,36.642891998781124,0.7068679988151416,36.66485599751468,0.07744107744107742,297,0,0,35,0.9821428571428571,0
7.3145,2,0,0,0.0,36.813227998209186,0.6955200005904771,36.83733500292874,0.07718120805369133,298,0,0,35,0.9857142857142858,0
7.35101,2,0,0,0.0,36.48106699984055,0.7016659983491991,36.51264299696777,0.07692307692307687,299,0,0,35,0.9892857142857143,0
7.38822,2,0,0,0.0,37.179601000389084,0.6877220002934337,37.203782001597574,0.07666666666666666,300,0,0,35,0.9928571428571429,0
7.4248,2,0,0,0.0,36.54492999703507,0.7191280019469559,36.5683310010354,0.07641196013289031,301,0,0,35,0.9964285714285714,0
7.46137,2,0,0,0.0,36.543096000968944,0.7005089973972645,36.5699410031084,0.07615894039735094,302,0,0,36,0.9722222222222222,0
7.49738,2,0,0,0.0,35.98045000035199,0.708454997948138,36.00440599984722,0.07590759075907594,303,0,0,36,0.9756944444444444,0
7.56684,3,1,174,32.634584000334144,36.77321299983305,0.7824420026736334,69.45425999947474,0.19298245614035092,304,0,0,48,0.9622395833333334,0
7.6037,3,0,0,0.0,36.82870699776686,0.8085180015768856,36.85323299941956,0.1923497267759563,305,0,0,48,0.9661458333333334,0
7.64037,3,0,0,0.0,36.64521899918327,0.78944399865577,36.67221000068821,0.1917211328976035,306,0,0,49,0.9502551020408163,0
7.67728,3,0,0,0.0,36.858608000329696,0.7655260014871601,36.88228900136892,0.19109663409337674,307,0,0,49,0.9540816326530612,0
7.71391,3,0,0,0.0,36.6093960001308,0.8121409991872497,36.63186999983736,0.19047619047619047,308,0,0,49,0.9579081632653061,0
7.75055,3,0,0,0.0,36.613879001379246,0.8092450007097796,36.63726000013412,0.1898597626752967,309,0,0,49,0.9617346938775511,0
7.78745,3,0,0,0.0,36.87150099722203,0.7900550008343998,36.895793997246074,0.18924731182795695,310,0,0,49,0.9655612244897959,0
7.82358,3,0,0,0.0,36.102180998568656,0.7960620023368392,36.12719800003106,0.1886387995712755,311,0,0,49,0.9693877551020408,0
7.86037,3,0,0,0.0,36.743295000633225,0.8010609999473672,36.77716300080647,0.18803418803418803,312,0,0,32,0.96875,0
7.89694,2,0,0,0.0,36.54205199927674,0.6850589998066425,36.56519500145805,0.207667731629393,313,0,0,32,0.97265625,0
7.93341,2,0,0,0.0,36.44539599918062,0.6999700017331634,36.469483999098884,0.20700636942675155,314,0,0,32,0.9765625,0
7.97027,2,0,0,0.0,36.83355699831736,0.6823900002927985,36.85491699798149,0.2063492063492064,315,0,0,32,0.98046875,0
8.00678,2,0,0,0.0,36.48501800125814,0.6954630007385276,36.50748200016096,0.20569620253164556,316,0,0,32,0.984375,0
8.04343,2,0,0,0.0,36.61866600305075,0.6874550017528236,36.64350100007141,0.20504731861198733,317,0,0,32,0.98828125,0
8.08029,2,0,0,0.0,36.834307000390254,0.6915710000612307,36.8561180002871,0.2044025157232704,318,0,0,32,0.9921875,0
8.11614,2,0,0,0.0,35.821962999762036,0.689006999891717,35.84567800135119,0.20376175548589337,319,0,0,32,0.99609375,0
8.15273,2,0,0,0.0,36.556765997374896,0.7013810027274303,36.58255600021221,0.203125,320,0,0,33,0.9696969696969697,0
8.18949,2,0,0,0.0,36.73397799866507,0.6987560009292793,36.758491998625686,0.20249221183800625,321,0,0,33,0.9734848484848485,0
8.22594,2,0,0,0.0,36.42264199879719,0.6845700008852873,36.44915999757359,0.20186335403726707,322,0,0,34,0.9485294117647058,0
8.26259,2,0,0,0.0,36.61831700082985,0.7154859995353036,36.64209199996549,0.20123839009287925,323,0,0,34,0.9522058823529411,0
8.29952,2,0,0,0.0,36.905261000356404,0.693927999236621,36.92693899938604,0.2006172839506173,324,0,0,34,0.9558823529411765,0
8.3359,2,0,0,0.0,36.35301599933882,0.6812310020904988,36.37499199976446,0.19999999999999996,325,0,0,34,0.9595588235294118,0
8.37235,2,0,0,0.0,36.42797999782488,0.6951909999770578,36.44865900059813,0.19938650306748462,326,0,0,34,0.9632352941176471,0
8.40792,2,0,0,0.0,35.54331100167474,0.6773029999749269,35.564379999414086,0.19877675840978593,327,0,0,34,0.9669117647058824,0
8.44447,2,0,0,0.0,36.522034999507014,0.705056001606863,36.54494099828298,0.19817073170731703,328,0,0,34,0.9705882352941176,0
8.48096,2,0,0,0.0,36.46038000078988,0.685271999827819,36.48153899848694,0.19756838905775076,329,0,0,34,0.9742647058823529,0
8.51743,2,0,0,0.0,36.44622999854619,0.6925630004843697,36.46866800045245,0.19696969696969702,330,0,0,34,0.9779411764705882,0
8.55388,2,0,0,0.0,36.42060399943148,0.6803160031267907,36.44252899903222,0.1963746223564955,331,0,0,34,0.9816176470588235,0
8.5906,2,0,0,0.0,36.7010419977305,0.7197010017989669,36.724151999806054,0.19578313253012047,332,0,0,34,0.9852941176470589,0
8.62719,2,0,0,0.0,36.56119600054808,0.7100250004441477,36.58611200080486,0.19519519519519524,333,0,0,34,0.9889705882352942,0
8.66375,2,0,0,0.0,36.52429100111476,0.713219000317622,36.54757800177322,0.1946107784431138,334,0,0,34,0.9926470588235294,0
8.69973,2,0,0,0.0,35.9511280003062,0.715656002284959,35.97433300092234,0.19402985074626866,335,0,0,34,0.9963235294117647,0
8.73649,2,0,0,0.0,36.72910900058923,0.6986629996390548,36.75438700156519,0.19345238095238093,336,0,0,35,0.9714285714285714,0
8.77317,2,0,0,0.0,36.65580300003057,0.6764290010323748,36.67577400119626,0.19287833827893175,337,0,0,35,0.975,0
8.8096,2,0,0,0.0,36.40552400247543,0.6861049987492152,36.429411000426626,0.1923076923076923,338,0,0,36,0.9513888888888888,0
8.84613,2,0,0,0.0,36.49474600024405,0.6787789970985614,36.52718699959223,0.19174041297935107,339,0,0,14,0.9375,0
8.87926,1,0,0,0.0,33.10104699994554,0.5950369995844085,33.122220000223024,0.0,210,0,0,14,0.9419642857142857,0
8.91184,1,0,0,0.0,32.55846399770235,0.5890339998586569,32.57915399808553,0.0,211,0,0,14,0.9464285714285714,0
8.94439,1,0,0,0.0,32.52017099657678,0.5773449993284885,32.54211300009047,0.0,212,0,0,14,0.9508928571428571,0
8.97726,1,0,0,0.0,32.84338500088779,0.5520980012079235,32.86258799926145,0.0,213,0,0,14,0.9553571428571429,0
9.00982,1,0,0,0.0,32.53681899877847,0.5714830003853422,32.557504000578774,0.0,214,0,0,14,0.9598214285714286,0
9.04263,1,0,0,0.0,32.791487999929814,0.5858619988430291,32.81528099978459,0.0,215,0,0,14,0.9642857142857143,0
9.07546,1,0,0,0.0,32.801956996991066,0.5803349995403551,32.821517001139,0.0,216,0,0,14,0.96875,0
9.10793,1,0,0,0.0,32.443444000819,0.5638799993903376,32.46307800145587,0.0,217,0,0,14,0.9732142857142857,0
9.14048,1,0,0,0.0,32.52988399981405,0.5679850000888109,32.55029199863202,0.0,218,0,0,14,0.9776785714285714,0
9.17328,1,0,0,0.0,32.77421100210631,0.560697000764776,32.79466100138961,0.0,219,0,0,14,0.9821428571428571,0
9.20592,1,0,0,0.0,32.61410000050091,0.5744480004068464,32.6365020009689,0.0,220,0,0,14,0.9866071428571429,0
9.23862,1,0,0,0.0,32.6732629982871,0.5838580000272486,32.69478700167383,0.0,221,0,0,14,0.9910714285714286,0
9.2713,1,0,0,0.0,32.65552000084426,0.559129002795089,32.67492899976787,0.0,222,0,0,14,0.9955357142857143,0
9.30381,1,0,0,0.0,32.49210200010566,0.5537470024137292,32.512328998564044,0.0,223,0,0,14,1.0,0
9.33648,1,0,0,0.0,32.63854100077879,0.5681660004484002,32.66201199949137,0.0,224,0,0,15,0.9375,0
9.36907,1,0,0,0.0,32.56577499996638,0.5627690006804187,32.58823999931337,0.0,225,0,0,15,0.9416666666666667,0
9.4019,1,0,0,0.0,32.79909299817518,0.577782000618754,32.82054000010248,0.0,226,0,0,15,0.9458333333333333,0
9.43449,1,0,0,0.0,32.568410999374464,0.5992010010231752,32.59034900111146,0.0,227,0,0,15,0.95,0
9.46716,1,0,0,0.0,32.64128700175206,0.5645040000672452,32.663981000951026,0.0,228,0,0,15,0.9541666666666667,0
9.50027,1,0,0,0.0,33.083635000366485,0.6003919988870621,33.10452199730207,0.0,229,0,0,15,0.9583333333333334,0
9.53317,1,0,0,0.0,32.87138199812034,0.5955269989499357,32.89242900063982,0.0,230,0,0,15,0.9625,0
9.56583,1,0,0,0.0,32.633602000714745,0.5845640007464681,32.6543640003365,0.0,231,0,0,15,0.9666666666666667,0
9.59852,1,0,0,0.0,32.66531900226255,0.580263997107977,32.68522899816162,0.0,232,0,0,15,0.9708333333333333,0
9.6312,1,0,0,0.0,32.66267500293907,0.5662529983965214,32.686328999261605,0.0,233,0,0,15,0.975,0
9.66382,1,0,0,0.0,32.58520400049747,0.5924970027990639,32.60918899832177,0.0,234,0,0,15,0.9791666666666666,0
9.69665,1,0,0,0.0,32.8043669978797,0.6049740004527848,32.82453100109706,0.0,235,0,0,15,0.9833333333333333,0
9.72923,1,0,0,0.0,32.55837599863298,0.5608339997706935,32.57816800032742,0.0,236,0,0,15,0.9875,0
9.76174,1,0,0,0.0,32.48954599985154,0.5720560002373531,32.511303998035146,0.0,237,0,0,15,0.9916666666666667,0
9.79453,1,0,0,0.0,32.75946500070859,0.5783220003650058,32.778905999293784,0.0,238,0,0,15,0.9958333333333333,0
9.82718,1,0,0,0.0,32.627261000016006,0.5578339987550862,32.64891500293743,0.0,239,0,0,15,1.0,0
9.8599,1,0,0,0.0,32.69309300230816,0.5890609972993843,32.71803100142279,0.0,240,0,0,16,0.94140625,0
9.89263,1,0,0,0.0,32.69606200046837,0.596427998971194,32.71697300078813,0.0,241,0,0,16,0.9453125,0
9.92534,1,0,0,0.0,32.67510299701826,0.5764029992860742,32.712412998080254,0.0,242,0,0,16,0.94921875,0
9.95808,1,0,0,0.0,32.7082830008294,0.5777080004918389,32.730573999288026,0.0,243,0,0,16,0.953125,0
9.99084,1,0,0,0.0,32.74240999962785,0.6435680006688926,32.76208700117422,0.0,244,0,0,16,0.95703125,0
10.02358,1,0,0,0.0,32.706802998291096,0.5951019993517548,32.72920100062038,0.0,245,0,0,16,0.9609375,0
10.05659,1,0,0,0.0,32.97630200177082,0.5920549992879387,33.00808499989216,0.0,246,0,0,0,0.0,0
13.5944,1,1,98,34.91335199942114,33.88967700084322,0.5407130011008121,68.86324799779686,0.0,98,0,0,7,0.8839285714285714,0
13.62775,1,0,0,0.0,33.32198399948538,0.5599209980573505,33.346314001391875,0.0,99,0,0,7,0.8928571428571429,0
13.66108,1,0,0,0.0,33.286105001025135,0.5598089992417954,33.31884300132515,0.0,100,0,0,7,0.9017857142857143,0
13.69459,1,0,0,0.0,33.48409300087951,0.5669650017807726,33.5081960001844,0.0,101,0,0,7,0.9107142857142857,0
13.728,1,0,0,0.0,33.38317899761023,0.5576030016527511,33.410149000701495,0.0,102,0,0,7,0.9196428571428571,0
13.76194,1,0,0,0.0,33.90621699873009,0.576638998609269,33.93029399740044,0.0,103,0,0,7,0.9285714285714286,0
13.79547,1,0,0,0.0,33.49903199705295,0.5675389984389767,33.52375699978438,0.0,104,0,0,7,0.9375,0
13.82893,1,0,0,0.0,33.43285799928708,0.5588610001723282,33.457452002039645,0.0,105,0,0,7,0.9464285714285714,0
13.86235,1,0,0,0.0,33.39240099739982,0.5736240018450189,33.41867299968726,0.0,106,0,0,7,0.9553571428571429,0
13.89611,1,0,0,0.0,33.73334500065539,0.5588050007645506,33.756243999960134,0.0,107,0,0,7,0.9642857142857143,0
13.92943,1,0,0,0.0,33.28843599956599,0.5670020000252407,33.31341400189558,0.0,108,0,0,7,0.9732142857142857,0
13.963,1,0,0,0.0,33.53792400230304,0.5708099997718818,33.56275300029665,0.0,109,0,0,7,0.9821428571428571,0
13.99673,1,0,0,0.0,33.70269299921347,0.6046119997336064,33.725617999152746,0.0,110,0,0,7,0.9910714285714286,0
14.03006,1,0,0,0.0,33.298758000455564,0.5924680008320138,33.32380099891452,0.0,111,0,0,7,1.0,0
14.06345,1,0,0,0.0,33.35478200096986,0.6038710016582627,33.38296299989452,0.0,112,0,0,8,0.8828125,0
14.09672,1,0,0,0.0,33.24351999981445,0.5506800007424317,33.26519999973243,0.0,113,0,0,8,0.890625,0
14.12981,1,0,0,0.0,33.066232001147,0.5462539993459359,33.08961899892893,0.0,114,0,0,8,0.8984375,0
14.16274,1,0,0,0.0,32.90296900013345,0.5665809985657688,32.925601000897586,0.0,115,0,0,8,0.90625,0
14.19603,1,0,0,0.0,33.2621849993302,0.5784980021417141,33.283999997365754,0.0,116,0,0,8,0.9140625,0
14.22918,1,0,0,0.0,33.11953100273968,0.5744009977206588,33.142841999506345,0.0,117,0,0,8,0.921875,0
14.26306,1,0,0,0.0,33.8564010016853,0.5762629989476409,33.88138399895979,0.0,118,0,0,8,0.9296875,0
14.29671,1,0,0,0.0,33.61954600040917,0.5895100002817344,33.64093100026366,0.0,119,0,0,8,0.9375,0
14.32984,1,0,0,0.0,33.10078499998781,0.5652100007864647,33.123485001851805,0.0,120,0,0,8,0.9453125,0
14.36304,1,0,0,0.0,33.176388998981565,0.5726039998990018,33.20165599870961,0.0,121,0,0,8,0.953125,0
14.39631,1,0,0,0.0,33.232413999940036,0.5798080019303598,33.25395499996375,0.0,122,0,0,8,0.9609375,0
14.42935,1,0,0,0.0,33.017437999660615,0.5491829979291651,33.040450001863064,0.0,123,0,0,8,0.96875,0
14.46272,1,0,0,0.0,33.34376400016481,0.5638189977617003,33.36745500200777,0.0,124,0,0,8,0.9765625,0
14.49589,1,0,0,0.0,33.14601199963363,0.5561860016314313,33.16694800014375,0.0,125,0,0,8,0.984375,0
14.52926,1,0,0,0.0,33.33889100031229,0.5782260013802443,33.363997001288226,0.0,126,0,0,8,0.9921875,0
14.56253,1,0,0,0.0,33.238233998417854,0.5674650019500405,33.26348099653842,0.0,127,0,0,8,1.0,0
14.5961,1,0,0,0.0,33.53629599951091,0.5705209987354465,33.56224699746235,0.0,128,0,0,9,0.8958333333333334,0
14.62967,1,0,0,0.0,33.54780399968149,0.5997319967718795,33.57146900088992,0.0,129,0,0,9,0.9027777777777778,0
14.66304,1,0,0,0.0,33.33847300018533,0.5625829980999697,33.36466700056917,0.0,130,0,0,9,0.9097222222222222,0
14.69668,1,0,0,0.0,33.61165699971025,0.6008739983371925,33.63394800180686,0.0,131,0,0,9,0.9166666666666666,0
14.73015,1,0,0,0.0,33.44596599708893,0.5737989995395765,33.47101300096256,0.0,132,0,0,9,0.9236111111111112,0
14.76381,1,0,0,0.0,33.62846799791441,0.580877996981144,33.65283800303587,0.0,133,0,0,9,0.9305555555555556,0
14.79736,1,0,0,0.0,33.5183449969918,0.575305999518605,33.54116099944804,0.0,134,0,0,9,0.9375,0
14.83118,1,0,0,0.0,33.80062600263045,0.5682320006599184,33.82557400254882,0.0,135,0,0,9,0.9444444444444444,0
14.86468,1,0,0,0.0,33.44931800165796,0.5635890011035372,33.47419499914395,0.0,136,0,0,9,0.9513888888888888,0
14.89836,1,0,0,0.0,33.64651299852994,0.5562200021813624,33.66959499908262,0.0,137,0,0,9,0.9583333333333334,0
14.93176,1,0,0,0.0,33.37216100044316,0.5678230008925311,33.39582799890195,0.0,138,0,0,9,0.9652777777777778,0
14.96506,1,0,0,0.0,33.27594800066436,0.5718009997508489,33.30081600142876,0.0,139,0,0,9,0.9722222222222222,0
14.99858,1,0,0,0.0,33.48727599950507,0.5945260018052068,33.50779499669443,0.0,140,0,0,9,0.9791666666666666,0
15.03195,1,0,0,0.0,33.34320200156071,0.5502829990291502,33.36774900162709,0.0,141,0,0,9,0.9861111111111112,0
15.0656,1,0,0,0.0,33.62905899848556,0.5830009977216832,33.65313900212641,0.0,142,0,0,9,0.9930555555555556,0
15.09898,1,0,0,0.0,33.34972800075775,0.5572779991780408,33.36971399767208,0.0,143,0,0,9,1.0,0
15.13234,1,0,0,0.0,33.31658000024618,0.5487340022227727,33.35456000058912,0.0,144,0,0,10,0.90625,0
15.16566,1,0,0,0.0,33.29954500077292,0.543992002349114,33.32079800020438,0.0,145,0,0,10,0.9125,0
15.19931,1,0,0,0.0,33.61593200315838,0.5529400004888885,33.63730400087661,0.0,146,0,0,10,0.91875,0
15.23253,1,0,0,0.0,33.20095399976708,0.5563390004681423,33.22346500135609,0.0,147,0,0,10,0.925,0
15.2658,1,0,0,0.0,33.24171900021611,0.5413489998318255,33.265597998251906,0.0,148,0,0,10,0.93125,0
15.29922,1,0,0,0.0,33.386611998139415,0.5852009999216534,33.40756900070119,0.0,149,0,0,10,0.9375,0
15.3325,1,0,0,0.0,33.260249001614284,0.5559230012295302,33.28237800087663,0.0,150,0,0,10,0.94375,0
15.36586,1,0,0,0.0,33.336422999127535,0.5570379980781581,33.360475001245504,0.0,151,0,0,10,0.95,0
15.3993,1,0,0,0.0,33.40673000275274,0.6110340000304859,33.427286998630734,0.0,152,0,0,10,0.95625,0
15.43257,1,0,0,0.0,33.24475800036453,0.5386519987951033,33.26800099966931,0.0,153,0,0,10,0.9625,0
15.46588,1,0,0,0.0,33.28665699882549,0.5617889983113855,33.30924300098559,0.0,154,0,0,10,0.96875,0
15.49925,1,0,0,0.0,33.34375999838812,0.5713840000680648,33.36489199864445,0.0,155,0,0,10,0.975,0
15.53283,1,0,0,0.0,33.54840899919509,0.5619469993689563,33.571881998796016,0.0,156,0,0,10,0.98125,0
15.566,1,0,0,0.0,33.14151700033108,0.5757310027547646,33.17242800039821,0.0,157,0,0,10,0.9875,0
15.59941,1,0,0,0.0,33.38071100006346,0.5580920005741064,33.40144499816233,0.0,158,0,0,10,0.99375,0
15.63255,1,0,0,0.0,33.11773699897458,0.542776000656886,33.14033599963295,0.0,159,0,0,10,1.0,0
15.66583,1,0,0,0.0,33.24607700051274,0.5475360012496822,33.27240100043127,0.0,160,0,0,11,0.9147727272727273,0
15.6992,1,0,0,0.0,33.34584799813456,0.5815810000058264,33.36640699853888,0.0,161,0,0,11,0.9204545454545454,0
15.7324,1,0,0,0.0,33.17435799908708,0.5572529989876784,33.19737999845529,0.0,162,0,0,11,0.9261363636363636,0
15.76573,1,0,0,0.0,33.30002000075183,0.5444560010801069,33.32404500179109,0.0,163,0,0,11,0.9318181818181818,0
15.79899,1,0,0,0.0,33.23018000082811,0.5854929986526258,33.2514439978695,0.0,164,0,0,11,0.9375,0
15.83227,1,0,0,0.0,33.244500002183486,0.5589269967458677,33.26802399897133,0.0,165,0,0,11,0.9431818181818182,0
15.86577,1,0,0,0.0,33.470816000772174,0.5888470004720148,33.49374000026728,0.0,166,0,0,11,0.9488636363636364,0
15.89951,1,0,0,0.0,33.71388200321235,0.5771449978055898,33.74184800122748,0.0,167,0,0,11,0.9545454545454546,0
15.93539,1,0,0,0.0,35.84286299883388,0.84175200026948,35.868741000740556,0.0,168,0,0,11,0.9602272727272727,0
15.97067,1,0,0,0.0,35.2500590015552,0.6142620004538912,35.274385001685005,0.0,169,0,0,11,0.9659090909090909,0
16.00437,1,0,0,0.0,33.67695300039486,0.5837380012962967,33.69951100103208,0.0,170,0,0,11,0.9715909090909091,0
16.03767,1,0,0,0.0,33.26997900148854,0.5719729997508693,33.294454999122536,0.0,171,0,0,11,0.9772727272727273,0
16.07121,1,0,0,0.0,33.51741299775313,0.5762799992226064,33.54271400166908,0.0,172,0,0,11,0.9829545454545454,0
16.10447,1,0,0,0.0,33.226539999304805,0.5943260002823081,33.24737299772096,0.0,173,0,0,11,0.9886363636363636,0
16.13772,1,0,0,0.0,33.224487997358665,0.5599020005320199,33.25039400078822,0.0,174,0,0,11,0.9943181818181818,0
16.17117,1,0,0,0.0,33.41747900049086,0.6088029986131005,33.44193399971118,0.0,175,0,0,11,1.0,0
16.20467,1,0,0,0.0,33.471871000074316,0.584528999752365,33.49749399785651,0.0,176,0,0,12,0.921875,0
16.23823,1,0,0,0.0,33.53013100058888,0.5890220018045511,33.5528229988995,0.0,177,0,0,12,0.9270833333333334,0
16.27157,1,0,0,0.0,33.31328099739039,0.5962219984212425,33.3373159992334,0.0,178,0,0,12,0.9322916666666666,0
16.30525,1,0,0,0.0,33.650966001005145,0.5779909988632426,33.672408000711584,0.0,179,0,0,12,0.9375,0
16.33853,1,0,0,0.0,33.2582730006834,0.5792749980173539,33.281060997978784,0.0,180,0,0,12,0.9427083333333334,0
16.37181,1,0,0,0.0,33.247495997784426,0.5607010025414638,33.27039400028298,0.0,181,0,0,12,0.9479166666666666,0
16.40524,1,0,0,0.0,33.40859099989757,0.5901129989069887,33.4310669968545,0.0,182,0,0,12,0.953125,0
16.43854,1,0,0,0.0,33.269042000029,0.5859539996890817,33.29071199914324,0.0,183,0,0,12,0.9583333333333334,0
16.47179,1,0,0,0.0,33.22887499962235,0.5689509998774156,33.25206999943475,0.0,184,0,0,12,0.9635416666666666,0
16.5054,1,0,0,0.0,33.57649399913498,0.6124420033302158,33.60288000112632,0.0,185,0,0,0,0.0,0
16.88104,1,1,173,34.92587599976105,34.12255199873471,0.5901469994569197,69.10265300030005,0.0,173,0,0,11,0.9886363636363636,0
16.9523,2,1,135,34.019802002148936,37.18396000112989,0.6195269997988362,71.24681999994209,0.11206896551724133,174,0,0,20,0.971875,0
16.98821,2,0,0,0.0,35.880903000361286,0.6212820007931441,35.90383900154848,0.11142857142857143,175,0,0,20,0.978125,0
17.02561,2,0,0,0.0,37.375272000645055,0.6371359995682724,37.40405999997165,0.11079545454545459,176,0,0,21,0.9375,0
17.06325,2,0,0,0.0,37.60955100005958,0.64027899861685,37.634025000443216,0.11016949152542377,177,0,0,21,0.9434523809523809,0
17.10072,2,0,0,0.0,37.442467000801116,0.649508998321835,37.4641310008883,0.1095505617977528,178,0,0,21,0.9494047619047619,0
17.13767,2,0,0,0.0,36.91901400088682,0.6483719989773817,36.94287200050894,0.10893854748603349,179,0,0,21,0.9553571428571429,0
17.17521,2,0,0,0.0,37.51542699683341,0.6351109987008385,37.53942199909943,0.10833333333333328,180,0,0,21,0.9613095238095238,0
17.21262,2,0,0,0.0,37.37905899834004,0.6968769994273316,37.40092099906178,0.10773480662983426,181,0,0,21,0.9672619047619048,0
17.24977,2,0,0,0.0,37.12016300050891,0.630663002084475,37.14441700140014,0.1071428571428571,182,0,0,21,0.9732142857142857,0
17.28587,2,0,0,0.0,36.073515002499335,0.6539889982377645,36.10224400108564,0.10655737704918034,183,0,0,22,0.9346590909090909,0
17.32327,2,0,0,0.0,37.3710409985506,0.6478020004578866,37.39610599950538,0.10597826086956519,184,0,0,22,0.9403409090909091,0
17.36037,2,0,0,0.0,37.068018998979824,0.6481569980678614,37.093235998327145,0.10540540540540544,185,0,0,22,0.9460227272727273,0
17.39761,2,0,0,0.0,37.210734000836965,0.6291129975579679,37.23209400050109,0.10483870967741937,186,0,0,22,0.9517045454545454,0
17.43447,2,0,0,0.0,36.83315899979789,0.6417479999072384,36.857473001873586,0.10427807486631013,187,0,0,22,0.9573863636363636,0
17.47143,2,0,0,0.0,36.93492999809678,0.6307359981292393,36.95982399949571,0.10372340425531912,188,0,0,22,0.9630681818181818,0
17.50873,2,0,0,0.0,37.26544000164722,0.6426850013667718,37.28715399847715,0.10317460317460314,189,0,0,22,0.96875,0
17.54578,2,0,0,0.0,37.029356997663854,0.6635339996137191,37.05297800115659,0.10263157894736841,190,0,0,22,0.9744318181818182,0
17.58217,2,0,0,0.0,36.36002799976268,0.6658500024059322,36.385572002473054,0.10209424083769636,191,0,0,22,0.9801136363636364,0
17.61958,2,0,0,0.0,37.38161200089962,0.6455570000980515,37.40681400086032,0.1015625,192,0,0,23,0.9429347826086957,0
17.65741,2,0,0,0.0,37.79994499927852,0.6335830003081355,37.82441099974676,0.10103626943005184,193,0,0,23,0.9483695652173914,0
17.69441,2,0,0,0.0,36.97203699994134,0.6459739997808356,36.99657700053649,0.10051546391752575,194,0,0,23,0.9538043478260869,0
17.7318,2,0,0,0.0,37.364108000474516,0.7544020008936059,37.38888199950452,0.09999999999999998,195,0,0,23,0.9592391304347826,0
17.7693,2,0,0,0.0,37.466531997779384,0.6901499982632231,37.49049500038382,0.09948979591836737,196,0,0,23,0.9646739130434783,0
17.80655,2,0,0,0.0,37.225676998787094,0.6334099998639431,37.24785200029146,0.09898477157360408,197,0,0,23,0.970108695652174,0
17.84397,2,0,0,0.0,37.38599099960993,0.6398049990821164,37.40932100117789,0.09848484848484851,198,0,0,23,0.9755434782608695,0
17.88093,2,0,0,0.0,36.935993000952294,0.6695590018352959,36.96342499824823,0.09798994974874375,199,0,0,24,0.9401041666666666,0
17.91878,2,0,0,0.0,37.820371999259805,0.7076949987094849,37.844967999262735,0.09750000000000003,200,0,0,24,0.9453125,0
17.95722,2,0,0,0.0,38.404697999794735,0.6637460028287023,38.43054800017853,0.09701492537313428,201,0,0,24,0.9505208333333334,0
17.99573,2,0,0,0.0,38.48308699889458,0.7014250004431233,38.50504399815691,0.09653465346534651,202,0,0,24,0.9557291666666666,0
18.03379,2,0,0,0.0,38.037618000089424,0.683171001583105,38.061965999077074,0.09605911330049266,203,0,0,24,0.9609375,0
18.07191,2,0,0,0.0,38.08839300108957,0.6894469988765195,38.11499400035245,0.09558823529411764,204,0,0,24,0.9661458333333334,0
18.11041,2,0,0,0.0,38.473242999316426,0.7129180012270808,38.496807999763405,0.09512195121951217,205,0,0,24,0.9713541666666666,0
18.14831,2,0,0,0.0,37.864591999095865,0.6668869973509572,37.888086000748444,0.09466019417475724,206,0,0,24,0.9765625,0
18.18564,2,0,0,0.0,37.2894100000849,0.6917309983691666,37.3304900022049,0.09420289855072461,207,0,0,24,0.9817708333333334,0
18.22351,2,0,0,0.0,37.83712500080583,0.6864309980301186,37.86056399985682,0.09375,208,0,0,25,0.9475,0
18.26074,2,0,0,0.0,37.202359999355394,0.639210000372259,37.23366399935912,0.09330143540669855,209,0,0,11,0.9715909090909091,0
18.29418,1,0,0,0.0,33.41163200093433,0.5898310009797569,33.43448499799706,0.0,171,0,0,11,0.9772727272727273,0
18.32779,1,0,0,0.0,33.577107002201956,0.5676469991158228,33.600953000131994,0.0,172,0,0,11,0.9829545454545454,0
18.36116,1,0,0,0.0,33.34204899874749,0.5890460015507415,33.36582100018859,0.0,173,0,0,11,0.9886363636363636,0
18.3943,1,0,0,0.0,33.11307500189287,0.5644519987981766,33.13626399904024,0.0,174,0,0,11,0.9943181818181818,0
18.42775,1,0,0,0.0,33.42930500002694,0.5663820011250209,33.45086500121397,0.0,175,0,0,11,1.0,0
18.46094,1,0,0,0.0,33.161030001792824,0.6824129995948169,33.186312997713685,0.0,176,0,0,12,0.921875,0
18.49406,1,0,0,0.0,33.0869530007476,0.5781769978057127,33.11075199962943,0.0,177,0,0,12,0.9270833333333334,0
18.52751,1,0,0,0.0,33.42552400135901,0.5759779996878933,33.44759299943689,0.0,178,0,0,12,0.9322916666666666,0
18.56069,1,0,0,0.0,33.15411999938078,0.5695270010619424,33.1761439992988,0.0,179,0,0,12,0.9375,0
18.59414,1,0,0,0.0,33.4203910024371,0.5532190007215831,33.44327499871724,0.0,180,0,0,12,0.9427083333333334,0
18.628,1,0,0,0.0,33.83009199751541,0.5812010022054892,33.860635998280486,0.0,181,0,0,12,0.9479166666666666,0
18.66167,1,0,0,0.0,33.64013300233637,0.5851759997312911,33.66417500001262,0.0,182,0,0,12,0.953125,0
18.69502,1,0,0,0.0,33.309441001620144,0.5861580029886682,33.34093800003757,0.0,183,0,0,12,0.9583333333333334,0
18.72864,1,0,0,0.0,33.59613800057559,0.5888539999432396,33.620244001212995,0.0,184,0,0,12,0.9635416666666666,0
18.76241,1,0,0,0.0,33.73820499837166,0.6045800000720192,33.761226000933675,0.0,185,0,0,12,0.96875,0
18.79564,1,0,0,0.0,33.208385000762064,0.5511330018634908,33.23034200002439,0.0,186,0,0,12,0.9739583333333334,0
18.82931,1,0,0,0.0,33.64266800053883,0.5675350003002677,33.66535299937823,0.0,187,0,0,12,0.9791666666666666,0
18.86273,1,0,0,0.0,33.37668599851895,0.5691780024790205,33.39865900125005,0.0,188,0,0,12,0.984375,0
18.89616,1,0,0,0.0,33.4056440005952,0.5762820001109503,33.42927899939241,0.0,189,0,0,12,0.9895833333333334,0
18.92967,1,0,0,0.0,33.47959700113279,0.5853220027347561,33.501682002679445,0.0,190,0,0,12,0.9947916666666666,0
18.96304,1,0,0,0.0,33.34077100225841,0.5627089994959533,33.36422400025185,0.0,191,0,0,12,1.0,0
18.99626,1,0,0,0.0,33.195698000781704,0.5903910023334902,33.21980900000199,0.0,192,0,0,13,0.9278846153846154,0
19.02975,1,0,0,0.0,33.465763001004234,0.5619900002784561,33.48874999937834,0.0,193,0,0,13,0.9326923076923077,0
19.06327,1,0,0,0.0,33.492968999780715,0.6096239994803909,33.51484700033325,0.0,194,0,0,13,0.9375,0
19.09672,1,0,0,0.0,33.41973699934897,0.5835699994349852,33.442394000303466,0.0,195,0,0,13,0.9423076923076923,0
19.16874,2,1,82,34.63658399778069,37.33773500061943,0.6218130001798272,72.01547699878574,0.2908163265306123,196,0,0,19,0.9210526315789473,0
19.24023,3,1,253,34.060762998706196,37.379442001110874,0.7339300027524587,71.4821790024871,0.2977602108036891,253,0,0,35,0.9571428571428572,0
19.27732,3,0,0,0.0,37.06399500151747,0.7119500005501322,37.104740000359016,0.2965879265091863,254,0,0,35,0.9625,0
19.31386,3,0,0,0.0,36.49970699916594,0.7203990026027896,36.52113499992993,0.29542483660130714,255,0,0,35,0.9678571428571429,0
19.35099,3,0,0,0.0,37.09589999925811,0.7309010034077801,37.1229750016937,0.29427083333333337,256,0,0,36,0.9461805555555556,0
19.38829,3,0,0,0.0,37.25789999953122,0.7287510015885346,37.28966199923889,0.2931258106355382,257,0,0,23,0.9402173913043478,0
19.42534,2,0,0,0.0,37.00987100091879,0.6471150009019766,37.047475001600105,0.3294573643410853,258,0,0,23,0.9456521739130435,0
19.46244,2,0,0,0.0,37.07386099995347,0.6302049987425562,37.09744699881412,0.3281853281853282,259,0,0,23,0.9510869565217391,0
19.49927,2,0,0,0.0,36.79542399913771,0.6388280016835779,36.818911001319066,0.32692307692307687,260,0,0,23,0.9565217391304348,0
19.53672,2,0,0,0.0,37.42144100033329,0.6433609996747691,37.445505000505364,0.32567049808429116,261,0,0,23,0.9619565217391305,0
19.57379,2,0,0,0.0,37.04877500058501,0.6735579991072882,37.072863000503276,0.3244274809160306,262,0,0,23,0.967391304347826,0
19.61012,2,0,0,0.0,36.294484001700766,0.6683579995296896,36.31768800187274,0.3231939163498099,263,0,0,23,0.9728260869565217,0
19.64701,2,0,0,0.0,36.85853299975861,0.6599270018341485,36.890103001496755,0.321969696969697,264,0,0,23,0.9782608695652174,0
19.68381,2,0,0,0.0,36.77654299826827,0.643442999717081,36.79914099848247,0.3207547169811321,265,0,0,23,0.9836956521739131,0
19.72111,2,0,0,0.0,37.26126900073723,0.6626260001212358,37.28531299930182,0.31954887218045114,266,0,0,24,0.9479166666666666,0
19.75823,2,0,0,0.0,37.10107799997786,0.6604529989999719,37.124613001651596,0.31835205992509363,267,0,0,24,0.953125,0
19.79545,2,0,0,0.0,37.190225997619564,0.6935630008229055,37.21509400202194,0.3171641791044776,268,0,0,24,0.9583333333333334,0
19.83278,2,0,0,0.0,37.2941189998528,0.6568409989995416,37.31704500023625,0.3159851301115242,269,0,0,24,0.9635416666666666,0
19.87002,2,0,0,0.0,37.21901999961119,0.6678299978375435,37.24374399826047,0.31481481481481477,270,0,0,24,0.96875,0
19.90642,2,0,0,0.0,36.36883599756402,0.6656990008195862,36.39168600057019,0.3136531365313653,271,0,0,24,0.9739583333333334,0
19.94384,2,0,0,0.0,37.39463999954751,0.6552390004799236,37.4222140017082,0.3125,272,0,0,25,0.94,0
19.98132,2,0,0,0.0,37.44946399820037,0.7189669995568693,37.48833899953752,0.31135531135531136,273,0,0,25,0.945,0
20.01928,2,0,0,0.0,37.91636799724074,0.7282070000655949,37.94094099794165,0.3102189781021898,274,0,0,25,0.95,0
20.05675,2,0,0,0.0,37.43441500046174,0.7007710009929724,37.460745003045304,0.3090909090909091,275,0,0,25,0.955,0
20.09439,2,0,0,0.0,37.615234999975655,0.7026099992799573,37.641290997271426,0.30797101449275366,276,0,0,25,0.96,0
20.13209,2,0,0,0.0,37.66400899985456,0.6777380003768485,37.68802500053425,0.3068592057761733,277,0,0,25,0.965,0
20.17011,2,0,0,0.0,37.992984001903096,0.6782310010748915,38.01783100061584,0.3057553956834532,278,0,0,25,0.97,0
20.2072,2,0,0,0.0,37.06277799938107,0.6948830014152918,37.08467899923562,0.3046594982078853,279,0,0,25,0.975,0
20.24466,2,0,0,0.0,37.432540997542674,0.6690530026389752,37.45731099843397,0.3035714285714286,280,0,0,25,0.98,0
20.31576,3,1,225,33.29780800049775,37.75627699724282,0.7372350009973161,71.09464899986051,0.2680901542111507,281,0,0,40,0.96875,0
20.35319,3,0,0,0.0,37.39994700299576,0.7739889988442883,37.42671399959363,0.2671394799054374,282,0,0,41,0.9496951219512195,0
20.39071,3,0,0,0.0,37.49472299750778,0.7498489976569545,37.521301997912815,0.2661955241460542,283,0,0,41,0.9542682926829268,0
20.4282,3,0,0,0.0,37.44359600023017,0.7673799991607666,37.478409001778346,0.26525821596244137,284,0,0,23,0.9347826086956522,0
20.46559,2,0,0,0.0,37.36421600115136,0.6618070001422893,37.38903900011792,0.24890829694323147,229,0,0,23,0.9402173913043478,0
20.5029,2,0,0,0.0,37.27691400126787,0.6452470006479416,37.29968200059375,0.24782608695652175,230,0,0,23,0.9456521739130435,0
20.53945,2,0,0,0.0,36.52369500196073,0.722218999726465,36.54723599902354,0.24675324675324672,231,0,0,23,0.9510869565217391,0
20.57647,2,0,0,0.0,36.99094499825151,0.6470810003520455,37.01541799819097,0.2456896551724138,232,0,0,23,0.9565217391304348,0
20.61361,2,0,0,0.0,37.11533000023337,0.6394970005203504,37.138330000743736,0.24463519313304716,233,0,0,23,0.9619565217391305,0
20.65096,2,0,0,0.0,37.32591900188709,0.649393998173764,37.350175000028685,0.2435897435897436,234,0,0,23,0.967391304347826,0
20.68814,2,0,0,0.0,37.148950999835506,0.6648079979640897,37.17351199884433,0.24255319148936172,235,0,0,23,0.9728260869565217,0
20.72541,2,0,0,0.0,37.23774299942306,0.6594119986402802,37.259314001858,0.24152542372881358,236,0,0,23,0.9782608695652174,0
20.76265,2,0,0,0.0,37.21696799766505,0.6497950016637333,37.239696001051925,0.240506329113924,237,0,0,23,0.9836956521739131,0
20.80023,2,0,0,0.0,37.54622099950211,0.6621419997827616,37.56979999889154,0.23949579831932777,238,0,0,23,0.9891304347826086,0
20.8366,2,0,0,0.0,36.341532999358606,0.6679280013486277,36.36385199934011,0.2384937238493724,239,0,0,23,0.9945652173913043,0
20.8735,2,0,0,0.0,36.87831099887262,0.6358790014928672,36.90373700010241,0.23750000000000004,240,0,0,24,0.9583333333333334,0
20.91026,2,0,0,0.0,36.72646999984863,0.6385140004567802,36.7479389969958,0.2365145228215768,241,0,0,24,0.9635416666666666,0
20.94705,2,0,0,0.0,36.76351700050873,0.6461800003307872,36.79020400159061,0.23553719008264462,242,0,0,25,0.93,0
20.98389,2,0,0,0.0,36.81321300246054,0.6600409979000688,36.83832300157519,0.23456790123456794,243,0,0,25,0.935,0
21.02078,2,0,0,0.0,36.861627999314805,0.6726799983880483,36.88438900280744,0.23360655737704916,244,0,0,25,0.94,0
21.05718,2,0,0,0.0,36.374205999891274,0.6687770001008175,36.3987239979906,0.2326530612244898,245,0,0,25,0.945,0
21.09363,2,0,0,0.0,36.41750699898694,0.6445260005421005,36.44222399816499,0.23170731707317072,246,0,0,25,0.95,0
21.1684,3,1,251,37.72906599988346,36.98843600068358,0.7277580007212237,74.76219800082617,0.16201859229747673,251,0,0,41,0.9664634146341463,0
21.20512,3,0,0,0.0,36.69842900126241,0.7721289985056501,36.72212600213243,0.1613756613756614,252,0,0,41,0.9710365853658537,0
21.24156,3,0,0,0.0,36.41217000040342,0.8497849994455464,36.43531600027927,0.16073781291172595,253,0,0,41,0.975609756097561,0
21.27788,3,0,0,0.0,36.28704599759658,0.7601809993502684,36.310978000983596,0.16010498687664043,254,0,0,41,0.9801829268292683,0
21.31339,3,0,0,0.0,35.47961599906557,0.7500360006815754,35.50229300162755,0.15947712418300652,255,0,0,41,0.9847560975609756,0
21.34982,3,0,0,0.0,36.408093001227826,0.7316269984585233,36.434497000300325,0.15885416666666663,256,0,0,42,0.9657738095238095,0
21.38599,3,0,0,0.0,36.14277300221147,0.7445509982062504,36.165839999739546,0.1582360570687419,257,0,0,42,0.9702380952380952,0
21.42239,3,0,0,0.0,36.365169999044156,0.741317002393771,36.38690400111955,0.15762273901808788,258,0,0,42,0.9747023809523809,0
21.45856,3,0,0,0.0,36.14736600138713,0.7253980002133176,36.1705039977096,0.157014157014157,259,0,0,42,0.9791666666666666,0
21.49496,3,0,0,0.0,36.367148997669574,0.7446610034094192,36.39338999710162,0.1564102564102564,260,0,0,43,0.9607558139534884,0
21.53129,3,0,0,0.0,36.30221599814831,0.7547100030933507,36.3236670018523,0.15581098339719024,261,0,0,43,0.9651162790697675,0
21.56773,3,0,0,0.0,36.40884999913396,0.7273349983734079,36.4369290000468,0.15521628498727735,262,0,0,44,0.9474431818181818,0
21.60315,3,0,0,0.0,35.39743899818859,0.7621880031365436,35.42017900326755,0.15462610899873253,263,0,0,44,0.9517045454545454,0
21.63957,3,0,0,0.0,36.392825000802986,0.7341930031543598,36.41585299919825,0.1540404040404041,264,0,0,44,0.9559659090909091,0
21.67612,3,0,0,0.0,36.51815600096597,0.7663840005989186,36.54110999923432,0.1534591194968553,265,0,0,44,0.9602272727272727,0
21.71235,3,0,0,0.0,36.20300400143606,0.7474289996025618,36.22415700010606,0.1528822055137845,266,0,0,44,0.9644886363636364,0
21.74872,3,0,0,0.0,36.34821200103033,0.7316429982893169,36.37275000073714,0.15230961298377033,267,0,0,44,0.96875,0
21.78514,3,0,0,0.0,36.391726996953366,0.7719089990132488,36.41598999820417,0.15174129353233834,268,0,0,44,0.9730113636363636,0
21.82188,3,0,0,0.0,36.70811299889465,0.750935996620683,36.73053500097012,0.15117719950433706,269,0,0,44,0.9772727272727273,0
21.8585,3,0,0,0.0,36.59246700044605,0.7733729980827775,36.614893997466424,0.15061728395061724,270,0,0,44,0.9815340909090909,0
21.89401,3,0,0,0.0,35.48239600058878,0.7377080000878777,35.51547700044466,0.15006150061500612,271,0,0,44,0.9857954545454546,0
21.93054,3,0,0,0.0,36.49446999770589,0.7710529971518554,36.51983500094502,0.14950980392156865,272,0,0,45,0.9680555555555556,0
21.96693,3,0,0,0.0,36.36023899889551,0.7635780020791572,36.38417999900412,0.148962148962149,273,0,0,45,0.9722222222222222,0
22.0032,3,0,0,0.0,36.24191100243479,0.7789170012983959,36.26495899879956,0.14841849148418496,274,0,0,45,0.9763888888888889,0
22.0399,3,0,0,0.0,36.66868299842463,0.7485070018447004,36.692538000352215,0.14787878787878783,275,0,0,45,0.9805555555555555,0
22.07673,3,0,0,0.0,36.79698799896869,0.7863329992687795,36.824521001108224,0.1473429951690821,276,0,0,46,0.9633152173913043,0
22.11335,3,0,0,0.0,36.576317997969454,0.7683690018893685,36.6131230002793,0.14681107099879664,277,0,0,46,0.967391304347826,0
22.14977,3,0,0,0.0,36.39761199883651,0.765914999647066,36.42556699924171,0.1462829736211031,278,0,0,47,0.9507978723404256,0
22.18547,3,0,0,0.0,35.66979300012463,0.7732980011496693,35.69380800036015,0.14575866188769415,279,0,0,47,0.9547872340425532,0
22.22239,3,0,0,0.0,36.88791200329433,0.7684400006837677,36.91110500221839,0.14523809523809528,280,0,0,47,0.9587765957446809,0
22.25888,3,0,0,0.0,36.46720499818912,0.7633969980815891,36.49261800092063,0.1447212336892052,281,0,0,47,0.9627659574468085,0
22.29527,3,0,0,0.0,36.355158998048864,0.7926620019134134,36.37796299881302,0.1442080378250591,282,0,0,47,0.9667553191489362,0
22.33162,3,0,0,0.0,36.3198459999694,0.7649930012121331,36.343484000099124,0.14369846878680803,283,0,0,47,0.9707446808510638,0
22.36797,3,0,0,0.0,36.32799499973771,0.7806279973010533,36.350456000946,0.14319248826291076,284,0,0,47,0.9747340425531915,0
22.40419,3,0,0,0.0,36.1816929980705,0.7816539982741233,36.21385899896268,0.1426900584795322,285,0,0,47,0.9787234042553191,0
22.44072,3,0,0,0.0,36.5007419968606,0.7827589979569893,36.52183000303921,0.14219114219114215,286,0,0,47,0.9827127659574468,0
22.47651,3,0,0,0.0,35.76389500085497,0.7653100001334678,35.78701100195758,0.14169570267131237,287,0,0,47,0.9867021276595744,0
22.5128,3,0,0,0.0,36.26064199852408,0.7903240002633538,36.28412800026126,0.14120370370370372,288,0,0,48,0.9700520833333334,0
22.54896,3,0,0,0.0,36.13418699751492,0.7689430021855514,36.157375001494074,0.14071510957324107,289,0,0,48,0.9739583333333334,0
22.58541,3,0,0,0.0,36.42274600133533,0.7908029983809683,36.44876399994246,0.14022988505747125,290,0,0,48,0.9778645833333334,0
22.62182,3,0,0,0.0,36.37753799921484,0.7860730001993943,36.401375000423286,0.13974799541809846,291,0,0,48,0.9817708333333334,0
22.65824,3,0,0,0.0,36.39043300063349,0.8024960006878246,36.41879800125025,0.13926940639269403,292,0,0,49,0.9655612244897959,0
22.6948,3,0,0,0.0,36.53361800024868,0.8233150001615286,36.55912400063244,0.13879408418657568,293,0,0,49,0.9693877551020408,0
22.73122,3,0,0,0.0,36.37979300037841,0.8150719986588228,36.414404999959515,0.13832199546485258,294,0,0,31,0.9435483870967742,0
22.76759,2,0,0,0.0,36.3357320020441,0.6707529973937199,36.36079400166636,0.19587628865979378,291,0,0,31,0.9475806451612904,0
22.80366,2,0,0,0.0,36.047769001015695,0.6743989979440812,36.06968199892435,0.1952054794520548,292,0,0,31,0.9516129032258065,0
22.84036,2,0,0,0.0,36.66814100142801,0.6633829980273731,36.6938939987449,0.1945392491467577,293,0,0,31,0.9556451612903226,0
22.87673,2,0,0,0.0,36.34471799887251,0.6905599984747823,36.369336001371266,0.19387755102040816,294,0,0,31,0.9596774193548387,0
22.91255,2,0,0,0.0,35.783234001428355,0.7008799984760117,35.805630999675486,0.1932203389830508,295,0,0,31,0.9637096774193549,0
22.94874,2,0,0,0.0,36.16047999821603,0.6822570030635688,36.18615300001693,0.19256756756756754,296,0,0,31,0.967741935483871,0
22.98487,2,0,0,0.0,36.103279002418276,0.7134810002753511,36.12658900237875,0.19191919191919193,297,0,0,31,0.9717741935483871,0
23.02124,2,0,0,0.0,36.34505800073384,0.7051989996398333,36.36789099982707,0.1912751677852349,298,0,0,31,0.9758064516129032,0
23.05755,2,0,0,0.0,36.28459099854808,0.6902040004206356,36.30837899981998,0.1906354515050167,299,0,0,31,0.9798387096774194,0
23.09369,2,0,0,0.0,36.111445999267744,0.6808580001234077,36.13351300009526,0.18999999999999995,300,0,0,31,0.9838709677419355,0
23.12992,2,0,0,0.0,36.20458799923654,0.6759960015187971,36.227431999577675,0.18936877076411962,301,0,0,31,0.9879032258064516,0
23.16598,2,0,0,0.0,36.02805599803105,0.7038600015221164,36.05322799921851,0.1887417218543046,302,0,0,31,0.9919354838709677,0
23.20188,2,0,0,0.0,35.86592899955576,0.7187849987531081,35.88860899981228,0.18811881188118806,303,0,0,31,0.9959677419354839,0
23.23851,2,0,0,0.0,36.59939099816256,0.7080330033204518,36.623935997340595,0.1875,304,0,0,32,0.96875,0
23.27473,2,0,0,0.0,36.18953600016539,0.6719439988955855,36.212907998560695,0.18688524590163935,305,0,0,32,0.97265625,0
23.31087,2,0,0,0.0,36.120210999797564,0.7001410012890119,36.14603499954683,0.18627450980392157,306,0,0,33,0.946969696969697,0
23.34696,2,0,0,0.0,36.05667499869014,0.7445720002579037,36.079220997635275,0.18566775244299671,307,0,0,33,0.9507575757575758,0
23.3831,2,0,0,0.0,36.11279400138301,0.6824330012022983,36.13622199918609,0.18506493506493504,308,0,0,33,0.9545454545454546,0
23.4192,2,0,0,0.0,36.07709700008854,0.6906900016474538,36.097675998462364,0.18446601941747576,309,0,0,33,0.9583333333333334,0
23.45513,2,0,0,0.0,35.89828199983458,0.6866680014354642,35.91982799844118,0.18387096774193545,310,0,0,33,0.9621212121212122,0
23.49025,2,0,0,0.0,35.096463001536904,0.6672260024060961,35.11761299887439,0.18327974276527326,311,0,0,33,0.9659090909090909,0
23.52658,2,0,0,0.0,36.306434998550685,0.6704179977532476,36.32777200255077,0.1826923076923077,312,0,0,33,0.9696969696969697,0
23.56265,2,0,0,0.0,36.04248100236873,0.677526000799844,36.0654149990296,0.1821086261980831,313,0,0,33,0.9734848484848485,0
23.59876,2,0,0,0.0,36.09065099954023,0.6995090006967075,36.11282300335006,0.18152866242038213,314,0,0,33,0.9772727272727273,0
23.63495,2,0,0,0.0,36.16117600176949,0.6867770025564823,36.182309999276185,0.18095238095238098,315,0,0,33,0.9810606060606061,0
23.67098,2,0,0,0.0,35.999072999402415,0.6958640005905181,36.0218830028316,0.180379746835443,316,0,0,33,0.9848484848484849,0
23.70709,2,0,0,0.0,36.07421299966518,0.6784309989598114,36.10551699966891,0.17981072555205047,317,0,0,33,0.9886363636363636,0
23.74349,2,0,0,0.0,36.37890000027255,0.6911490017955657,36.40337999968324,0.17924528301886788,318,0,0,33,0.9924242424242424,0
23.779,2,0,0,0.0,35.474923002766445,0.6838119988969993,35.50751199873048,0.17868338557993735,319,0,0,33,0.9962121212121212,0
23.8152,2,0,0,0.0,36.16587199940113,0.6848340017313603,36.18840499984799,0.17812499999999998,320,0,0,34,0.9705882352941176,0
23.85177,2,0,0,0.0,36.54092000215314,0.6829070007370319,36.57045400177594,0.17757009345794394,321,0,0,21,0.9583333333333334,0
23.8843,1,0,0,0.0,32.50408300300478,0.6167800020193681,32.524882997677196,0.0,322,0,0,21,0.9613095238095238,0
23.91666,1,0,0,0.0,32.328449000488035,0.5829250003444031,32.34823399907327,0.0,323,0,0,21,0.9642857142857143,0
23.94908,1,0,0,0.0,32.3959420020401,0.5854279988852795,32.41892299774918,0.0,324,0,0,21,0.9672619047619048,0
23.98138,1,0,0,0.0,32.28004099946702,0.6157999996503349,32.30314400207135,0.0,325,0,0,21,0.9702380952380952,0
24.01371,1,0,0,0.0,32.29965799982892,0.5848359978699591,32.31785500247497,0.0,326,0,0,21,0.9732142857142857,0
24.04606,1,0,0,0.0,32.33185599674471,0.5832369970448781,32.35232999941218,0.0,327,0,0,21,0.9761904761904762,0
24.07826,1,0,0,0.0,32.17378000044846,0.6047290007700212,32.19415899729938,0.0,328,0,0,21,0.9791666666666666,0
24.11043,1,0,0,0.0,32.144945002073655,0.5936420020589139,32.165633001568494,0.0,329,0,0,21,0.9821428571428571,0
24.14325,1,0,0,0.0,32.792751997476444,0.5820410005981103,32.815474001836265,0.0,330,0,0,21,0.9851190476190477,0
24.17594,1,0,0,0.0,32.65536899925792,0.630515998636838,32.6858340013132,0.0,331,0,0,0,0.0,0
24.29173,1,1,198,34.99045700300485,33.63430699755554,0.5826529995829333,68.6838980000175,0.0,198,0,0,13,0.9567307692307693,0
24.32527,1,0,0,0.0,33.51149399895803,0.596930996834999,33.53384700312745,0.0,199,0,0,13,0.9615384615384616,0
24.35865,1,0,0,0.0,33.34526999969967,0.5787740010418929,33.36732299794676,0.0,200,0,0,13,0.9663461538461539,0
24.3918,1,0,0,0.0,33.129315001133364,0.5669390011462383,33.150952996948035,0.0,201,0,0,13,0.9711538461538461,0
24.42472,1,0,0,0.0,32.89523200146505,0.5714869985240512,32.91536299730069,0.0,202,0,0,13,0.9759615384615384,0
24.4578,1,0,0,0.0,33.057601998734754,0.5524309999600518,33.07781300100032,0.0,203,0,0,13,0.9807692307692307,0
24.49084,1,0,0,0.0,33.01179100162699,0.5760919993917923,33.0333329984569,0.0,204,0,0,13,0.9855769230769231,0
24.52365,1,0,0,0.0,32.79050499986624,0.5804440006613731,32.80912500122213,0.0,205,0,0,13,0.9903846153846154,0
24.55669,1,0,0,0.0,33.00829799991334,0.5388639983721077,33.032505998562556,0.0,206,0,0,13,0.9951923076923077,0
24.58988,1,0,0,0.0,33.16412400090485,0.588114999118261,33.18778499669861,0.0,207,0,0,13,1.0,0
24.66039,2,1,182,33.34470499976305,37.116276998858666,0.6448290005209856,70.50561299911351,0.0625,208,0,0,26,0.9423076923076923,0
24.69742,2,0,0,0.0,36.99844800212304,0.6623260014748666,37.02361199975712,0.062200956937799035,209,0,0,26,0.9471153846153846,0
24.73431,2,0,0,0.0,36.85661499912385,0.655143001495162,36.87731699756114,0.06190476190476191,210,0,0,26,0.9519230769230769,0
24.77122,2,0,0,0.0,36.885828001686605,0.6166839993966278,36.90841800198541,0.06161137440758291,211,0,0,26,0.9567307692307693,0
24.80799,2,0,0,0.0,36.745028002769686,0.6417020013032015,36.76711099979002,0.061320754716981174,212,0,0,26,0.9615384615384616,0
24.84551,2,0,0,0.0,37.490598999283975,0.6444630016630981,37.523005998082226,0.06103286384976525,213,0,0,26,0.9663461538461539,0
24.88262,2,0,0,0.0,37.083593000716064,0.6501770003524143,37.1074819995556,0.06074766355140182,214,0,0,26,0.9711538461538461,0
24.9188,2,0,0,0.0,36.146874001133256,0.6511149986181408,36.16846699878806,0.06046511627906981,215,0,0,26,0.9759615384615384,0
24.98942,3,1,211,33.43819099973189,37.14161999960197,0.7273140035977121,70.62083999699098,0.0478395061728395,216,0,0,40,0.96875,0
25.02669,3,0,0,0.0,37.24152599897934,0.7194859972514678,37.26409999944735,0.04761904761904767,217,0,0,40,0.9734375,0
25.06369,3,0,0,0.0,36.965030998544535,0.73023199729505,36.99022600267199,0.04740061162079512,218,0,0,41,0.9542682926829268,0
25.10089,3,0,0,0.0,37.17536700060009,0.7354289991781116,37.19975800049724,0.04718417047184176,219,0,0,41,0.9588414634146342,0
25.13828,3,0,0,0.0,37.359974998253165,0.7550409973191563,37.38296899973648,0.046969696969696995,220,0,0,41,0.9634146341463414,0
25.17556,3,0,0,0.0,37.259953998727724,0.7458949985448271,37.28358399894205,0.04675716440422317,221,0,0,41,0.9679878048780488,0
25.21314,3,0,0,0.0,37.545057999523124,0.7554589974461123,37.56844499730505,0.04654654654654655,222,0,0,41,0.9725609756097561,0
25.24964,3,0,0,0.0,36.478874000749784,0.7469850024790503,36.50056100013899,0.046337817638266054,223,0,0,41,0.9771341463414634,0
25.28742,3,0,0,0.0,37.74374099884881,0.7491629985452164,37.77243900185567,0.04613095238095233,224,0,0,42,0.9583333333333334,0
25.32511,3,0,0,0.0,37.66526500112377,0.7702000002609566,37.68733700053417,0.045925925925925926,225,0,0,42,0.9627976190476191,0
25.3623,3,0,0,0.0,37.15606199693866,0.7490739990316797,37.17895899899304,0.04572271386430682,226,0,0,42,0.9672619047619048,0
25.39917,3,0,0,0.0,36.85191499971552,0.7358510010817554,36.874916000670055,0.04552129221732748,227,0,0,42,0.9717261904761905,0
25.4361,3,0,0,0.0,36.89508200113778,0.7318499992834404,36.916570003086235,0.04532163742690054,228,0,0,42,0.9761904761904762,0
25.47291,3,0,0,0.0,36.78855799807934,0.7438780012307689,36.81307200167794,0.0451237263464338,229,0,0,43,0.9578488372093024,0
25.50986,3,0,0,0.0,36.92137799953343,0.7627849990967661,36.94422699845745,0.04492753623188406,230,0,0,43,0.9622093023255814,0
25.54618,3,0,0,0.0,36.29220600123517,0.7612949993927032,36.314556000434095,0.044733044733044736,231,0,0,43,0.9665697674418605,0
25.58309,3,0,0,0.0,36.8841790004808,0.7564529987575952,36.907531997712795,0.04454022988505746,232,0,0,43,0.9709302325581395,0
25.6201,3,0,0,0.0,36.9849639973836,0.7551050002803095,37.006173999543535,0.044349070100143106,233,0,0,43,0.9752906976744186,0
25.65697,3,0,0,0.0,36.836865001532715,0.7337179995374754,36.86294300132431,0.04415954415954415,234,0,0,44,0.9573863636363636,0
25.69371,3,0,0,0.0,36.7151329992339,0.7464759983122349,36.737860998982796,0.04397163120567371,235,0,0,44,0.9616477272727273,0
25.7304,3,0,0,0.0,36.662383001385024,0.7435129991790745,36.68339199793991,0.043785310734463234,236,0,0,44,0.9659090909090909,0
25.76736,3,0,0,0.0,36.934122999809915,0.7205500005511567,36.958970998966834,0.043600562587904346,237,0,0,44,0.9701704545454546,0
25.80428,3,0,0,0.0,36.89605999898049,0.743489003070863,36.919504000252346,0.04341736694677867,238,0,0,44,0.9744318181818182,0
25.84111,3,0,0,0.0,36.79906499746721,0.7497320002585184,36.82388800007175,0.04323570432357038,239,0,0,44,0.9786931818181818,0
25.87831,3,0,0,0.0,37.17043800133979,0.7656210000277497,37.211751001450466,0.043055555555555514,240,0,0,45,0.9611111111111111,0
25.91549,3,0,0,0.0,37.12923200146179,0.7585410021420103,37.15467900110525,0.04287690179806358,241,0,0,45,0.9652777777777778,0
25.95283,3,0,0,0.0,37.30986599839525,0.7805050008755643,37.33302299951902,0.04269972451790638,242,0,0,45,0.9694444444444444,0
25.98987,3,0,0,0.0,37.01934099808568,0.7750410004518926,37.04511999967508,0.04252400548696844,243,0,0,45,0.9736111111111111,0
26.02732,3,0,0,0.0,37.412631001643604,0.7782050015521236,37.450354000611696,0.042349726775956276,244,0,0,45,0.9777777777777777,0
26.06438,3,0,0,0.0,37.02144999988377,0.7626059996255208,37.05000700210803,0.042176870748299344,245,0,0,46,0.9605978260869565,0
26.10139,3,0,0,0.0,36.97458699753042,0.7577989999845158,37.00042700074846,0.04200542005420049,246,0,0,46,0.9646739130434783,0
26.13789,3,0,0,0.0,36.46875799677218,0.7632659981027246,36.490988997684326,0.04183535762483126,247,0,0,46,0.96875,0
26.17572,3,0,0,0.0,37.80449199985014,0.9519990016997326,37.831622998055536,0.04166666666666663,248,0,0,46,0.9728260869565217,0
26.21349,3,0,0,0.0,37.742991000413895,0.7926079997560009,37.769048001791816,0.04149933065595712,249,0,0,46,0.9769021739130435,0
26.25091,3,0,0,0.0,37.384852999821305,0.7791120006004348,37.41087299931678,0.04133333333333333,250,0,0,47,0.9601063829787234,0
26.28805,3,0,0,0.0,37.10789999968256,0.7862820020818617,37.13253399837413,0.04116865869853914,251,0,0,47,0.964095744680851,0
26.32615,3,0,0,0.0,38.072507002652856,0.8111419992928859,38.09572899990599,0.041005291005291045,252,0,0,47,0.9680851063829787,0
26.36331,3,0,0,0.0,37.13373099890305,0.792491999163758,37.15881099924445,0.040843214756258184,253,0,0,47,0.9720744680851063,0
26.40038,3,0,0,0.0,37.01883899702807,0.771138998970855,37.044592998427106,0.040682414698162694,254,0,0,47,0.976063829787234,0
26.47126,4,1,135,33.39280200088979,37.44177800035686,0.8830469996610191,70.87762700029998,0.14803921568627454,255,0,0,56,0.9743303571428571,0
26.54266,5,1,174,32.99853800126584,38.34520599775715,1.01902000096743,71.3902949973999,0.18203124999999998,256,0,0,68,0.9669117647058824,0
26.58097,5,0,0,0.0,38.27803300009691,1.007049999316223,38.30538699912722,0.1813229571984436,257,0,0,68,0.9715073529411765,0
26.65314,6,1,223,33.43674099960481,38.68036100175232,1.3676199996552896,72.16707399857114,0.17312661498708015,258,0,0,83,0.9683734939759037,0
26.69122,6,0,0,0.0,38.049480001063785,1.193086998682702,38.07687500011525,0.1724581724581724,259,0,0,84,0.9613095238095238,0
26.72949,6,0,0,0.0,38.239339999563526,1.1814339995908085,38.26340899831848,0.17179487179487174,260,0,0,84,0.9657738095238095,0
26.76777,6,0,0,0.0,38.24629800146795,1.1660729978757445,38.276231000054395,0.17113665389527455,261,0,0,85,0.9588235294117647,0
26.80605,6,0,0,0.0,38.25544600113062,1.255883998965146,38.281831999483984,0.17048346055979646,262,0,0,85,0.9632352941176471,0
26.84438,6,0,0,0.0,38.29182000117726,1.3677120005013421,38.32008500103257,0.16983523447401772,263,0,0,85,0.9676470588235294,0
26.88277,6,0,0,0.0,38.352532999851974,1.2056439991283696,38.38197899676743,0.16919191919191923,264,0,0,86,0.9607558139534884,0
26.92094,6,0,0,0.0,38.1327129980491,1.2120440005674027,38.16084600111935,0.16855345911949682,265,0,0,86,0.9651162790697675,0
26.95941,6,0,0,0.0,38.43361500184983,1.3841940017300658,38.464240002213046,0.1679197994987469,266,0,0,87,0.9583333333333334,0
26.99771,6,0,0,0.0,38.26379299789551,1.2107879992981907,38.30086699963431,0.16729088639200995,267,0,0,70,0.9571428571428572,0
27.03501,5,0,0,0.0,37.269488002493745,1.0390140014351346,37.29404500336386,0.18479087452471488,263,0,0,70,0.9616071428571429,0
27.07304,5,0,0,0.0,37.9960399986885,1.0471889981999993,38.023400000383845,0.18409090909090908,264,0,0,70,0.9660714285714286,0
27.11111,5,0,0,0.0,38.04283700083033,1.0476750030647963,38.07052000047406,0.18339622641509434,265,0,0,70,0.9705357142857143,0
27.14913,5,0,0,0.0,37.987781997799175,1.0404189997643698,38.01190800004406,0.18270676691729326,266,0,0,70,0.975,0
27.18714,5,0,0,0.0,37.98148700298043,1.0400430001027416,38.00814600253943,0.18202247191011234,267,0,0,70,0.9794642857142857,0
27.22587,5,0,0,0.0,38.697527001204435,1.051660998200532,38.72132700053044,0.1813432835820895,268,0,0,70,0.9839285714285714,0
27.26401,5,0,0,0.0,38.107412998215295,1.06274900099379,38.13809900020715,0.18066914498141262,269,0,0,71,0.9744718309859155,0
27.30203,5,0,0,0.0,37.98504199949093,1.0697940015234053,38.015222002286464,0.18000000000000005,270,0,0,72,0.9652777777777778,0
27.33971,5,0,0,0.0,37.65513899998041,1.0739749995991588,37.67988500112551,0.1793357933579336,271,0,0,72,0.9696180555555556,0
27.37789,5,0,0,0.0,38.14050999790197,1.0803490004036576,38.169201001437614,0.17867647058823533,272,0,0,73,0.9606164383561644,0
27.41601,5,0,0,0.0,38.09442399870022,1.0756190022220835,38.12115700202412,0.17802197802197806,273,0,0,73,0.9648972602739726,0
27.4541,5,0,0,0.0,38.06151099706767,1.0835569992195815,38.08786900117411,0.17737226277372264,274,0,0,73,0.9691780821917808,0
27.49231,5,0,0,0.0,38.16980400006287,1.0648669995134696,38.19951599871274,0.17672727272727273,275,0,0,74,0.9603040540540541,0
27.53073,5,0,0,0.0,38.37934300099732,1.0757329982880037,38.41710500273621,0.1760869565217391,276,0,0,74,0.964527027027027,0
27.5689,5,0,0,0.0,38.1404889994883,1.0734169991337694,38.16984700097237,0.1754512635379062,277,0,0,75,0.9558333333333333,0
27.60734,5,0,0,0.0,38.384568000765285,1.1068669991800562,38.43419300028472,0.1748201438848921,278,0,0,58,0.9633620689655172,0
27.67824,5,1,207,33.520662000228185,37.332731000788044,1.0612439982651267,70.89722800083109,0.21075268817204296,279,0,0,71,0.9735915492957746,0
27.7163,5,0,0,0.0,38.0206879999605,1.0651029988366645,38.04831900197314,0.20999999999999996,280,0,0,72,0.9644097222222222,0
27.75478,5,0,0,0.0,38.457793001725804,1.0561529998085462,38.482619002024876,0.20925266903914586,281,0,0,72,0.96875,0
27.79336,5,0,0,0.0,38.54933799811988,1.0773159992822912,38.576212002226384,0.2085106382978723,282,0,0,72,0.9730902777777778,0
27.83193,5,0,0,0.0,38.5342550034693,1.0496510003576986,38.56141000142088,0.20777385159010597,283,0,0,72,0.9774305555555556,0
27.87038,5,0,0,0.0,38.4194110010867,1.1329669978294987,38.44514099910157,0.2070422535211267,284,0,0,72,0.9817708333333334,0
27.90846,5,0,0,0.0,38.04452899930766,1.0623590023897123,38.07382900049561,0.20631578947368423,285,0,0,73,0.9726027397260274,0
27.94677,5,0,0,0.0,38.27557099793921,1.0930810021818615,38.30335199745605,0.20559440559440556,286,0,0,74,0.9636824324324325,0
27.98386,5,0,0,0.0,37.06523399887374,1.0937279985228088,37.090792997332755,0.20487804878048776,287,0,0,74,0.9679054054054054,0
28.02204,5,0,0,0.0,38.143358997331234,1.0935829996014945,38.17260700088809,0.20416666666666672,288,0,0,75,0.9591666666666666,0
28.06031,5,0,0,0.0,38.24533900115057,1.0946760012302548,38.26974899857305,0.20346020761245676,289,0,0,75,0.9633333333333334,0
28.0984,5,0,0,0.0,38.033316002838546,1.0675779994926415,38.067688001319766,0.20275862068965522,290,0,0,64,0.9619140625,0
28.13628,4,0,0,0.0,37.85371699996176,0.9351760018034838,37.875784997595474,0.15378006872852235,291,0,0,64,0.9658203125,0
28.17428,4,0,0,0.0,37.967757001752034,0.9475059996475466,37.99832900040201,0.15325342465753422,292,0,0,64,0.9697265625,0
28.21287,4,0,0,0.0,38.556925999728264,0.9739630004332867,38.58294499877957,0.15273037542662116,293,0,0,64,0.9736328125,0
28.25231,4,0,0,0.0,39.4086710002739,0.9851660033746157,39.43677600182127,0.15221088435374153,294,0,0,64,0.9775390625,0
28.29089,4,0,0,0.0,38.53069800243247,0.9864639978331979,38.55867900347221,0.15169491525423728,295,0,0,64,0.9814453125,0
28.32983,4,0,0,0.0,38.90637299991795,0.9806279995245859,38.93260099721374,0.15118243243243246,296,0,0,65,0.9701923076923077,0
28.36835,4,0,0,0.0,38.49975299817743,0.9879460012598429,38.52484800154343,0.15067340067340063,297,0,0,65,0.9740384615384615,0
28.4408,5,1,156,33.851302996481536,38.5452209993673,1.1082609998993576,72.43887200093013,0.21543624161073827,298,0,0,75,0.9783333333333334,0
28.47902,5,0,0,0.0,38.18777299966314,1.1110199993709102,38.223235998884775,0.21471571906354514,299,0,0,56,0.9810267857142857,0
28.51695,4,0,0,0.0,37.894855999184074,0.9241609986929689,37.91965899654315,0.18611111111111112,270,0,0,56,0.9854910714285714,0
28.55419,4,0,0,0.0,37.20531600265531,0.9045719998539425,37.23334599999362,0.18542435424354242,271,0,0,57,0.9725877192982456,0
28.59272,4,0,0,0.0,38.50580099970102,0.9196210012305528,38.53487900050823,0.18474264705882348,272,0,0,59,0.9438559322033898,0
28.63101,4,0,0,0.0,38.25108300225111,0.9126250006374903,38.277543000731384,0.18406593406593408,273,0,0,59,0.948093220338983,0
28.66905,4,0,0,0.0,38.01352600203245,0.9441559996048454,38.04058800233179,0.18339416058394165,274,0,0,59,0.9523305084745762,0
28.70723,4,0,0,0.0,38.143254998431075,0.9249100003216881,38.1762319993868,0.18272727272727274,275,0,0,59,0.9565677966101694,0
28.74547,4,0,0,0.0,38.20826200171723,0.9364210018247832,38.23200900296797,0.18206521739130432,276,0,0,59,0.9608050847457628,0
28.78361,4,0,0,0.0,38.10867100037285,0.8992660004878417,38.13368099872605,0.18140794223826717,277,0,0,59,0.965042372881356,0
28.8217,4,0,0,0.0,38.05879800347611,0.9201719985867385,38.08640799979912,0.18075539568345322,278,0,0,59,0.9692796610169492,0
28.85925,4,0,0,0.0,37.50608799964539,0.9112879997701384,37.53067200159421,0.18010752688172038,279,0,0,59,0.9735169491525424,0
28.89742,4,0,0,0.0,38.14495700135012,0.922938997973688,38.17204200095148,0.17946428571428574,280,0,0,59,0.9777542372881356,0
28.93571,4,0,0,0.0,38.259937002294464,0.9188050025841221,38.28373799842666,0.17882562277580072,281,0,0,59,0.9819915254237288,0
28.97438,4,0,0,0.0,38.63523600011831,0.936929998715641,38.665424999635434,0.17819148936170215,282,0,0,60,0.9697916666666667,0
29.0128,4,0,0,0.0,38.383958999475,0.9255850018234923,38.41032000127598,0.17756183745583043,283,0,0,60,0.9739583333333334,0
29.05149,4,0,0,0.0,38.66724700128543,0.9574389987392351,38.69331999885617,0.17693661971830987,284,0,0,60,0.978125,0
29.09008,4,0,0,0.0,38.54789699835237,0.9397829999215901,38.58254000078887,0.1763157894736842,285,0,0,60,0.9822916666666667,0
29.1287,4,0,0,0.0,38.59015100169927,0.9493809993728064,38.61356899869861,0.17569930069930073,286,0,0,60,0.9864583333333333,0
29.16635,4,0,0,0.0,37.59391800122103,0.948898999922676,37.6495509990491,0.17508710801393723,287,0,0,43,0.9636627906976745,0
29.20396,3,0,0,0.0,37.57700799906161,0.76232900028117,37.60510300344322,0.10162601626016265,246,0,0,44,0.9460227272727273,0
29.24068,3,0,0,0.0,36.68686599849025,0.7750090007903054,36.709775999042904,0.10121457489878538,247,0,0,44,0.9502840909090909,0
29.27767,3,0,0,0.0,36.96212900104001,0.7687720026297029,36.98651299782796,0.10080645161290325,248,0,0,44,0.9545454545454546,0
29.31479,3,0,0,0.0,37.09285799777717,0.759546001063427,37.11696499885875,0.10040160642570284,249,0,0,44,0.9588068181818182,0
29.35186,3,0,0,0.0,37.0479540033557,0.7687530014663935,37.06988699923386,0.09999999999999998,250,0,0,44,0.9630681818181818,0
29.38935,3,0,0,0.0,37.441329997818684,0.7565900014014915,37.48114100017119,0.09960159362549803,251,0,0,44,0.9673295454545454,0
29.42667,3,0,0,0.0,37.29617899807636,0.7732880003459286,37.32259999742382,0.09920634920634919,252,0,0,44,0.9715909090909091,0
29.46395,3,0,0,0.0,37.2503520011378,0.7869789988035336,37.27680899828556,0.09881422924901184,253,0,0,44,0.9758522727272727,0
29.50124,3,0,0,0.0,37.257345000398345,0.7837439989089034,37.28214700095123,0.09842519685039375,254,0,0,44,0.9801136363636364,0
29.53777,3,0,0,0.0,36.502984003163874,0.7896490023995284,36.52707299988833,0.0980392156862745,255,0,0,44,0.984375,0
29.57499,3,0,0,0.0,37.185900000622496,0.7876840027165599,37.21403000236023,0.09765625,256,0,0,45,0.9666666666666667,0
29.612,3,0,0,0.0,36.979587999667274,0.7805370005371515,37.00457400191226,0.09727626459143968,257,0,0,45,0.9708333333333333,0
29.64938,3,0,0,0.0,37.34939200148801,0.7798149999871384,37.37280300265411,0.0968992248062015,258,0,0,45,0.975,0
29.68624,3,0,0,0.0,36.84070700182929,0.7538109966844786,36.863798999547726,0.09652509652509655,259,0,0,45,0.9791666666666666,0
29.72326,3,0,0,0.0,36.98641300070449,0.7684199990762863,37.00986000330886,0.09615384615384615,260,0,0,45,0.9833333333333333,0
29.76036,3,0,0,0.0,37.07112299889559,0.757408000936266,37.09829700164846,0.09578544061302685,261,0,0,46,0.9660326086956522,0
29.79775,3,0,0,0.0,37.34923699812498,0.7611180008098017,37.383594000857556,0.09541984732824427,262,0,0,30,0.95,0
29.83403,2,0,0,0.0,36.25244599970756,0.6918539984326344,36.27502399831428,0.13307984790874527,263,0,0,30,0.9541666666666667,0
29.87125,2,0,0,0.0,37.197680001554545,0.698386000294704,37.223205999907805,0.13257575757575757,264,0,0,30,0.9583333333333334,0
29.90809,2,0,0,0.0,36.804315001063515,0.684204998833593,36.82855000079144,0.13207547169811318,265,0,0,30,0.9625,0
29.94552,2,0,0,0.0,37.4000560004788,0.6788709979446139,37.42554400014342,0.13157894736842102,266,0,0,30,0.9666666666666667,0
29.98287,2,0,0,0.0,37.32094500082894,0.6830310012446716,37.344669002777664,0.13108614232209737,267,0,0,30,0.9708333333333333,0
30.01999,2,0,0,0.0,37.09447900109808,0.693433998094406,37.1181019982032,0.13059701492537312,268,0,0,30,0.975,0
30.05692,2,0,0,0.0,36.901339000905864,0.6919430015841499,36.9262299973343,0.13011152416356875,269,0,0,30,0.9791666666666666,0
30.09376,2,0,0,0.0,36.80992900262936,0.6973490017117001,36.83307000028435,0.12962962962962965,270,0,0,30,0.9833333333333333,0
30.16318,3,1,249,33.23032699699979,36.14836500128149,0.8202819990401622,69.41948999883607,0.11316113161131613,271,0,0,46,0.9836956521739131,0
30.2005,3,0,0,0.0,37.277154999173945,0.7745429975329898,37.31603499909397,0.11274509803921573,272,0,0,34,0.9632352941176471,0
30.23752,2,0,0,0.0,36.9944480007689,0.6869600001664367,37.01635700053885,0.04029304029304026,273,0,0,34,0.9669117647058824,0
30.27492,2,0,0,0.0,37.371111000538804,0.6840450005256571,37.39841200149385,0.04014598540145986,274,0,0,34,0.9705882352941176,0
30.3129,2,0,0,0.0,37.94758299773093,0.7708660014031921,37.97153000050457,0.040000000000000036,275,0,0,34,0.9742647058823529,0
30.35041,2,0,0,0.0,37.4766989989439,0.7049380001262762,37.500672002352076,0.03985507246376807,276,0,0,34,0.9779411764705882,0
30.38762,2,0,0,0.0,37.18629899958614,0.6991160007601138,37.20991699810838,0.03971119133574008,277,0,0,34,0.9816176470588235,0
30.42491,2,0,0,0.0,37.25825999936205,0.7048920015222393,37.287122999259736,0.03956834532374098,278,0,0,35,0.9571428571428572,0
30.46136,2,0,0,0.0,36.42441600095481,0.7158999978855718,36.447051003051456,0.03942652329749108,279,0,0,35,0.9607142857142857,0
30.49942,2,0,0,0.0,38.02737200021511,0.6907740025781095,38.05240099973162,0.03928571428571426,280,0,0,35,0.9642857142857143,0
30.537,2,0,0,0.0,37.548034997598734,0.7006929990893696,37.570770997263025,0.039145907473309594,281,0,0,35,0.9678571428571429,0
30.60716,3,1,78,33.082280002417974,37.02691299986327,0.7639599971298594,70.1596309991146,0.2671394799054374,282,0,0,22,0.9659090909090909,0
30.64474,2,0,0,0.0,37.558328000159236,0.6491280000773259,37.67864299879875,0.3486590038314177,261,0,0,22,0.9715909090909091,0
30.68591,2,0,0,0.0,41.0391420009546,0.7023869984550402,41.08677600015653,0.34732824427480913,262,0,0,23,0.9347826086956522,0
30.72337,2,0,0,0.0,37.40621099859709,0.8004039991647005,37.431745000503724,0.3460076045627376,263,0,0,23,0.9402173913043478,0
30.76016,2,0,0,0.0,36.76464299860527,0.6460440017690416,36.78618300182279,0.3446969696969697,264,0,0,23,0.9456521739130435,0
30.79688,2,0,0,0.0,36.69503600031021,0.639552999928128,36.71843000120134,0.3433962264150944,265,0,0,23,0.9510869565217391,0
30.83394,2,0,0,0.0,37.03372300151386,0.6529819984280039,37.055117998534115,0.3421052631578947,266,0,0,23,0.9565217391304348,0
30.87061,2,0,0,0.0,36.639818998082774,0.6553909988724627,36.66463699846645,0.34082397003745324,267,0,0,23,0.9619565217391305,0
30.90713,2,0,0,0.0,36.49205600231653,0.6414080016838852,36.515513002086664,0.3395522388059702,268,0,0,23,0.967391304347826,0
30.94372,2,0,0,0.0,36.56168700035778,0.6482950011559296,36.58356999949319,0.3382899628252788,269,0,0,23,0.9728260869565217,0
30.98044,2,0,0,0.0,36.68901799755986,0.6666699991910718,36.71340500295628,0.337037037037037,270,0,0,23,0.9782608695652174,0
31.05897,3,1,225,33.293262000370305,45.1800490009191,0.7493019984394778,78.53205600258661,0.28044280442804426,271,0,0,38,0.9671052631578947,0
31.09752,3,0,0,0.0,38.515092001034645,1.2243340024724603,38.54535300342832,0.27941176470588236,272,0,0,39,0.9471153846153846,0
31.13473,3,0,0,0.0,37.17491900169989,0.726753001799807,37.19714700127952,0.2783882783882784,273,0,0,39,0.9519230769230769,0
31.17153,3,0,0,0.0,36.78071299873409,0.7488070004910696,36.80470100152888,0.2773722627737226,274,0,0,39,0.9567307692307693,0
31.20858,3,0,0,0.0,37.01460299998871,0.7176520011853427,37.039516002550954,0.27636363636363637,275,0,0,39,0.9615384615384616,0
31.24639,3,0,0,0.0,37.78648400111706,0.7749890028208029,37.80867599925841,0.2753623188405797,276,0,0,39,0.9663461538461539,0
31.28369,3,0,0,0.0,37.26826400088612,0.7320449985854793,37.29220699824509,0.2743682310469314,277,0,0,39,0.9711538461538461,0
31.32075,3,0,0,0.0,37.03121299986378,0.7615430004079826,37.05825900033233,0.27338129496402874,278,0,0,40,0.9515625,0
31.35726,3,0,0,0.0,36.481594001088524,0.7324959988181945,36.50551900136634,0.2724014336917563,279,0,0,40,0.95625,0
31.39449,3,0,0,0.0,37.20365399931325,0.755311000830261,37.22634800215019,0.27142857142857146,280,0,0,40,0.9609375,0
31.43171,3,0,0,0.0,37.188629001320805,0.718631999916397,37.21273699920857,0.2704626334519573,281,0,0,40,0.965625,0
31.46908,3,0,0,0.0,37.34890499981702,0.7652790009160526,37.37326899863547,0.2695035460992907,282,0,0,40,0.9703125,0
31.50625,3,0,0,0.0,37.13821400015149,0.7506349975301418,37.16435299793375,0.26855123674911663,283,0,0,40,0.975,0
31.54351,3,0,0,0.0,37.228305998723954,0.7499729981645942,37.24953699929756,0.2676056338028169,284,0,0,40,0.9796875,0
31.58073,3,0,0,0.0,37.19939599977806,0.7327710009121802,37.22342900073272,0.2666666666666667,285,0,0,40,0.984375,0
31.61791,3,0,0,0.0,37.14523600137909,0.7684979973419104,37.170711999351624,0.26573426573426573,286,0,0,41,0.9649390243902439,0
31.65451,3,0,0,0.0,36.57183300310862,0.7604179991176352,36.596763999114046,0.264808362369338,287,0,0,41,0.9695121951219512,0
31.69162,3,0,0,0.0,37.08030499910819,0.7524629982071929,37.10773700004211,0.26388888888888884,288,0,0,42,0.9508928571428571,0
31.72871,3,0,0,0.0,37.05516000263742,0.7441249981638975,37.079981000715634,0.26297577854671284,289,0,0,42,0.9553571428571429,0
31.76596,3,0,0,0.0,37.22455600291141,0.783298000897048,37.24675400007982,0.26206896551724135,290,0,0,42,0.9598214285714286,0
31.80344,3,0,0,0.0,37.451909000083106,0.770376998843858,37.47714300334337,0.26116838487972505,291,0,0,42,0.9642857142857143,0
31.84118,3,0,0,0.0,37.71119600060047,0.7555129996035248,37.73372599971481,0.26027397260273977,292,0,0,42,0.96875,0
31.87861,3,0,0,0.0,37.41015799823799,0.7620590004080441,37.434888999996474,0.2593856655290102,293,0,0,42,0.9732142857142857,0
31.91571,3,0,0,0.0,37.06494500147528,0.7733490019745659,37.091174999659415,0.25850340136054417,294,0,0,43,0.9549418604651163,0
31.9523,3,0,0,0.0,36.556187998940004,0.7579049997730181,36.579610998160206,0.25762711864406784,295,0,0,43,0.9593023255813954,0
31.98949,3,0,0,0.0,37.17168799994397,0.7701109971094411,37.1941080011311,0.2567567567567568,296,0,0,43,0.9636627906976745,0
32.0266,3,0,0,0.0,37.07942599794478,0.7548339999630116,37.10500899978797,0.25589225589225584,297,0,0,43,0.9680232558139535,0
32.06397,3,0,0,0.0,37.34359400186804,0.7909199994173832,37.36490699884598,0.25503355704697983,298,0,0,43,0.9723837209302325,0
32.10098,3,0,0,0.0,36.97627899964573,0.7715000028838404,37.000663000071654,0.254180602006689,299,0,0,43,0.9767441860465116,0
32.13819,3,0,0,0.0,37.18413699971279,0.7931069994810969,37.20682900166139,0.2533333333333333,300,0,0,43,0.9811046511627907,0
32.17526,3,0,0,0.0,37.04434300016146,0.7726559997536242,37.0686009991914,0.25249169435215946,301,0,0,43,0.9854651162790697,0
32.2126,3,0,0,0.0,37.310731000616215,0.7859629986342043,37.33877899867366,0.2516556291390728,302,0,0,44,0.9673295454545454,0
32.24926,3,0,0,0.0,36.60628400029964,0.7700210007897113,36.62893000000622,0.25082508250825086,303,0,0,44,0.9715909090909091,0
32.28657,3,0,0,0.0,37.27775399966049,0.79409599857172,37.30746100336546,0.25,304,0,0,45,0.9541666666666667,0
32.32396,3,0,0,0.0,37.35872600009316,0.8013929982553236,37.38400200018077,0.24918032786885247,305,0,0,45,0.9583333333333334,0
32.3614,3,0,0,0.0,37.41569799967692,0.7942949996504467,37.4392000012449,0.24836601307189543,306,0,0,45,0.9625,0
32.39829,3,0,0,0.0,36.866260998067446,0.7810769966454245,36.890046998451,0.247557003257329,307,0,0,45,0.9666666666666667,0
32.43537,3,0,0,0.0,37.04611600187491,0.7701360009377822,37.070716000016546,0.24675324675324672,308,0,0,45,0.9708333333333333,0
32.47302,3,0,0,0.0,37.626123001246015,0.7797479993314482,37.649726000381634,0.24595469255663427,309,0,0,45,0.975,0
32.51053,3,0,0,0.0,37.476868001249386,0.8029529999475926,37.50369400222553,0.2451612903225806,310,0,0,46,0.9578804347826086,0
32.54695,3,0,0,0.0,36.39331399972434,0.7895279995864257,36.4151559988386,0.24437299035369775,311,0,0,46,0.9619565217391305,0
32.58432,3,0,0,0.0,37.33914700205787,0.8127559995045885,37.379528002929874,0.2435897435897436,312,0,0,46,0.9660326086956522,0
32.62159,3,0,0,0.0,37.22697199918912,0.7929269995656796,37.252038997394266,0.24281150159744413,313,0,0,46,0.970108695652174,0
32.65901,3,0,0,0.0,37.387333999504335,0.7982090028235689,37.419927000883035,0.2420382165605095,314,0,0,46,0.9741847826086957,0
32.69621,3,0,0,0.0,37.16495300250244,0.82044299779227,37.18927099907887,0.2412698412698413,315,0,0,46,0.9782608695652174,0
32.73341,3,0,0,0.0,37.1772639991832,0.8118059995467775,37.20142300153384,0.240506329113924,316,0,0,46,0.9823369565217391,0
32.77083,3,0,0,0.0,37.39028000200051,0.7955979999678675,37.412689001939725,0.23974763406940058,317,0,0,46,0.9864130434782609,0
32.80834,3,0,0,0.0,37.46811000019079,0.81460799992783,37.51034599918057,0.23899371069182385,318,0,0,47,0.9694148936170213,0
32.87982,4,1,197,34.266602000570856,37.15616800036514,0.9521389984001871,71.46695899791666,0.27429467084639503,319,0,0,60,0.96875,0
32.91797,4,0,0,0.0,38.11953799959156,0.9896430019580293,38.147315000969684,0.2734375,320,0,0,61,0.9569672131147541,0
32.95598,4,0,0,0.0,37.98042900234577,0.9734689992910717,38.004382000508485,0.27258566978193144,321,0,0,61,0.9610655737704918,0
32.99419,4,0,0,0.0,38.1748450017767,0.9934310000971891,38.20774999985588,0.2717391304347826,322,0,0,52,0.9627403846153846,0
33.03131,3,0,0,0.0,37.0942660010769,0.8295959996758029,37.133301000721985,0.17337461300309598,323,0,0,52,0.9663461538461539,0
33.06888,3,0,0,0.0,37.52784300013445,0.8297630010929424,37.55151199948159,0.1728395061728395,324,0,0,52,0.9699519230769231,0
33.10597,3,0,0,0.0,37.05968099893653,0.8501430020260159,37.083248997078044,0.17230769230769227,325,0,0,52,0.9735576923076923,0
33.14339,3,0,0,0.0,37.38709400204243,0.848122999741463,37.40955299872439,0.17177914110429449,326,0,0,52,0.9771634615384616,0
33.17971,3,0,0,0.0,36.289997999119805,0.830274002510123,36.31548499834025,0.17125382262996947,327,0,0,52,0.9807692307692307,0
33.21717,3,0,0,0.0,37.434575002407655,0.8503640019625891,37.458923001395306,0.1707317073170732,328,0,0,52,0.984375,0
33.25493,3,0,0,0.0,37.731573000201024,0.8642270004202146,37.7554520018748,0.17021276595744683,329,0,0,52,0.9879807692307693,0
33.29255,3,0,0,0.0,37.58581199872424,0.8696869990671985,37.6145459995314,0.16969696969696968,330,0,0,53,0.972877358490566,0
33.32986,3,0,0,0.0,37.28382299959776,0.8521780000592116,37.308259001292754,0.16918429003021151,331,0,0,53,0.9764150943396226,0
33.36742,3,0,0,0.0,37.53225499895052,0.8639840016257949,37.55568099950324,0.1686746987951807,332,0,0,53,0.9799528301886793,0
33.40464,3,0,0,0.0,37.192708001384744,0.8629900003143121,37.215797001408646,0.16816816816816815,333,0,0,53,0.9834905660377359,0
33.44221,3,0,0,0.0,37.53667300043162,0.8345999995071907,37.560537002718775,0.16766467065868262,334,0,0,54,0.96875,0
33.47877,3,0,0,0.0,36.53902899895911,0.855942998896353,36.563282999850344,0.16716417910447756,335,0,0,54,0.9722222222222222,0
33.51689,3,0,0,0.0,38.080784001067514,0.8495389993186109,38.11049099749653,0.16666666666666663,336,0,0,55,0.9579545454545455,0
33.55479,3,0,0,0.0,37.86818299704464,0.8966009991127066,37.891173000389244,0.16617210682492578,337,0,0,55,0.9613636363636363,0
33.59204,3,0,0,0.0,37.22191499764449,0.8824959986668546,37.248627999360906,0.16568047337278102,338,0,0,55,0.9647727272727272,0
33.6293,3,0,0,0.0,37.23084800003562,0.8852680002746638,37.254763999953866,0.16519174041297935,339,0,0,55,0.9681818181818181,0
33.66664,3,0,0,0.0,37.309108000044944,0.8487569975841325,37.33408699918073,0.16470588235294115,340,0,0,55,0.9715909090909091,0
33.70419,3,0,0,0.0,37.52237699882244,0.8764029989833944,37.546202998782974,0.16422287390029322,341,0,0,55,0.975,0
33.74119,3,0,0,0.0,36.97205099888379,0.8601160006946884,36.99513300307444,0.16374269005847952,342,0,0,55,0.9784090909090909,0
33.77766,3,0,0,0.0,36.446887999773026,0.9260410006390885,36.47090799859143,0.16326530612244894,343,0,0,55,0.9818181818181818,0
33.81498,3,0,0,0.0,37.289135998435086,0.8695020005689003,37.313144999643555,0.16279069767441856,344,0,0,55,0.9852272727272727,0
33.85288,3,0,0,0.0,37.8671359976579,0.9023269994941074,37.890739000431495,0.16231884057971013,345,0,0,55,0.9886363636363636,0
33.88985,3,0,0,0.0,36.94784899926162,0.8866440002748277,36.97421499964548,0.161849710982659,346,0,0,56,0.9743303571428571,0
33.92707,3,0,0,0.0,37.18103099890868,0.8776600006967783,37.20705900195753,0.16138328530259372,347,0,0,56,0.9776785714285714,0
33.96438,3,0,0,0.0,37.28077300183941,0.8893320009519812,37.303912999050226,0.16091954022988508,348,0,0,56,0.9810267857142857,0
34.00147,3,0,0,0.0,37.067609999212436,0.8556710017728619,37.09247200094978,0.16045845272206305,349,0,0,56,0.984375,0
34.03867,3,0,0,0.0,37.16600000188919,0.875955000083195,37.1911780021037,0.16000000000000003,350,0,0,57,0.9703947368421053,0
34.07513,3,0,0,0.0,36.43290000036359,0.8738809992792085,36.45761300140293,0.15954415954415957,351,0,0,57,0.9736842105263158,0
34.11216,3,0,0,0.0,36.995014001149684,0.8926109985623043,37.03017500083661,0.15909090909090906,352,0,0,43,0.9593023255813954,0
34.14944,2,0,0,0.0,37.23657599766739,0.7067959995765705,37.26743399965926,0.06515580736543913,353,0,0,20,0.9625,0
34.18277,1,0,0,0.0,33.31092799999169,0.6134470022516325,33.332104998407885,0.0,308,0,0,20,0.965625,0
34.21601,1,0,0,0.0,33.20401100063464,0.6230919971130788,33.23496500161127,0.0,309,0,0,20,0.96875,0
34.25021,1,0,0,0.0,34.1687340005592,0.6311720026133116,34.18998800043482,0.0,310,0,0,20,0.971875,0
34.28352,1,0,0,0.0,33.28502399745048,0.6260289992496837,33.30745699713589,0.0,311,0,0,20,0.975,0
34.31686,1,0,0,0.0,33.31971299849101,0.6191030006448273,33.34266299862065,0.0,312,0,0,20,0.978125,0
34.35023,1,0,0,0.0,33.34115000325255,0.62803599939798,33.36114700141479,0.0,313,0,0,20,0.98125,0
34.38355,1,0,0,0.0,33.289482998952735,0.6112230003054719,33.312237999780336,0.0,314,0,0,20,0.984375,0
34.41684,1,0,0,0.0,33.26717000163626,0.6132589987828396,33.28879899709136,0.0,315,0,0,20,0.9875,0
34.45016,1,0,0,0.0,33.29171700170264,0.6309560012596194,33.310868002445204,0.0,316,0,0,20,0.990625,0
34.48353,1,0,0,0.0,33.35212800084264,0.6056380007066764,33.37451500192401,0.0,317,0,0,20,0.99375,0
34.51692,1,0,0,0.0,33.35510399847408,0.6122200029494707,33.378058000380406,0.0,318,0,0,20,0.996875,0
34.55099,1,0,0,0.0,34.047223001834936,0.6323570014501456,34.068672997818794,0.0,319,0,0,20,1.0,0
34.62136,2,1,112,33.18297199803055,37.132375000510365,0.6546330005221535,70.36177700138069,0.32499999999999996,320,0,0,29,0.9353448275862069,0
34.65869,2,0,0,0.0,37.29741999995895,0.6878349995531607,37.32105800008867,0.32398753894081,321,0,0,29,0.9396551724137931,0
34.69587,2,0,0,0.0,37.141601998882834,0.6857439984742086,37.177009999140864,0.3229813664596274,322,0,0,8,0.8984375,0
34.72887,1,0,0,0.0,32.97598599965568,0.5998550004733261,32.99999600130832,0.0,115,0,0,8,0.90625,0
34.76194,1,0,0,0.0,33.03486599907046,0.5589659995166585,33.05580100277439,0.0,116,0,0,8,0.9140625,0
34.79522,1,0,0,0.0,33.256483999139164,0.5628140024782624,33.27902800083393,0.0,117,0,0,8,0.921875,0
34.82842,1,0,0,0.0,33.17684899957385,0.5669399979524314,33.200679998117266,0.0,118,0,0,8,0.9296875,0
34.86186,1,0,0,0.0,33.40930600097636,0.5823030005558394,33.430571002099896,0.0,119,0,0,8,0.9375,0
34.9323,2,1,129,33.337492001010105,37.06008299923269,0.5915779984206893,70.43927399718086,0.03488372093023251,129,0,0,17,0.9227941176470589,0
34.96931,2,0,0,0.0,36.980880999180954,0.5975390013190918,37.002519999077776,0.0346153846153846,130,0,0,17,0.9301470588235294,0
35.00631,2,0,0,0.0,36.954325001715915,0.5900090000068303,36.978691998228896,0.03435114503816794,131,0,0,17,0.9375,0
35.04319,2,0,0,0.0,36.83668399753515,0.6228570018720347,36.87745999923209,0.03409090909090906,132,0,0,17,0.9448529411764706,0
35.08011,2,0,0,0.0,36.893069998768624,0.6119490026321728,36.91624299972318,0.03383458646616544,133,0,0,17,0.9522058823529411,0
35.15078,3,1,134,33.38972200072021,37.22917399863945,0.6358190003084019,70.65957699887804,0.02238805970149249,134,0,0,26,0.9519230769230769,0
35.18742,3,0,0,0.0,36.62150899981498,0.6814279986429028,36.64492099778727,0.022222222222222254,135,0,0,26,0.9591346153846154,0
35.22435,3,0,0,0.0,36.88017599779414,0.657168999168789,36.91926399915246,0.022058823529411797,136,0,0,26,0.9663461538461539,0
35.26208,3,0,0,0.0,37.70048300066264,0.6698720026179217,37.72543399827555,0.021897810218978075,137,0,0,27,0.9375,0
35.29896,3,0,0,0.0,36.855532998743,0.6699840014334768,36.87933599940152,0.021739130434782594,138,0,0,27,0.9444444444444444,0
35.33597,3,0,0,0.0,36.984818001656095,0.6817129979026504,37.00762100197608,0.021582733812949617,139,0,0,27,0.9513888888888888,0
35.37282,3,0,0,0.0,36.81791900089593,0.6762220000382513,36.839693999354495,0.021428571428571463,140,0,0,27,0.9583333333333334,0
35.40987,3,0,0,0.0,37.02590600005351,0.6734779999533202,37.04868999921018,0.021276595744680882,141,0,0,27,0.9652777777777778,0
35.44692,3,0,0,0.0,37.01900599844521,0.6809429978602566,37.04246699999203,0.021126760563380254,142,0,0,27,0.9722222222222222,0
35.48317,3,0,0,0.0,36.22976800033939,0.6763799974578433,36.25300400017295,0.020979020979020935,143,0,0,27,0.9791666666666666,0
35.52025,3,0,0,0.0,37.04559799734852,0.6853369995951653,37.072847997478675,0.02083333333333337,144,0,0,29,0.9181034482758621,0
35.55782,3,0,0,0.0,37.53764499924728,0.6737570001860149,37.56118900128058,0.020689655172413834,145,0,0,29,0.9245689655172413,0
35.59517,3,0,0,0.0,37.32299100011005,0.7340980009757914,37.34747699854779,0.020547945205479423,146,0,0,29,0.9310344827586207,0
35.63203,3,0,0,0.0,36.832394001976354,0.6706519998260774,36.85770199808758,0.020408163265306145,147,0,0,29,0.9375,0
35.66915,3,0,0,0.0,37.095272997248685,0.6921330023033079,37.11781200036057,0.020270270270270285,148,0,0,29,0.9439655172413793,0
35.70607,3,0,0,0.0,36.88650699768914,0.6731930006935727,36.90975799690932,0.020134228187919434,149,0,0,29,0.9504310344827587,0
35.74321,3,0,0,0.0,37.11868199752644,0.6945940003788564,37.14141300224583,0.020000000000000018,150,0,0,29,0.9568965517241379,0
35.7796,3,0,0,0.0,36.354476997075835,0.6622910004807636,36.37757699834765,0.019867549668874163,151,0,0,29,0.9633620689655172,0
35.81708,3,0,0,0.0,37.45851399798994,0.6806839992350433,37.482816998817725,0.019736842105263164,152,0,0,29,0.9698275862068966,0
35.85467,3,0,0,0.0,37.56031800003257,0.693421003234107,37.58545399978175,0.019607843137254943,153,0,0,30,0.94375,0
35.8918,3,0,0,0.0,37.0986689995334,0.6941370011190884,37.12330599955749,0.01948051948051943,154,0,0,30,0.95,0
35.92891,3,0,0,0.0,37.081017002492445,0.6957689984119497,37.10569800023222,0.01935483870967747,155,0,0,30,0.95625,0
35.9661,3,0,0,0.0,37.16640199854737,0.703801000781823,37.18871300225146,0.019230769230769273,156,0,0,30,0.9625,0
36.00311,3,0,0,0.0,36.97772200030158,0.6921820022398606,37.00278000178514,0.019108280254777066,157,0,0,30,0.96875,0
36.0403,3,0,0,0.0,37.16673500093748,0.6810790000599809,37.19194299992523,0.01898734177215189,158,0,0,30,0.975,0
36.07673,3,0,0,0.0,36.378366999997525,0.686139002937125,36.41609800251899,0.018867924528301883,159,0,0,30,0.98125,0
36.11384,3,0,0,0.0,37.08498299965868,0.7048980005492922,37.11167000074056,0.018750000000000044,160,0,0,32,0.92578125,0
36.15099,3,0,0,0.0,37.12010500021279,0.7055700007185806,37.14307500194991,0.018633540372670843,161,0,0,32,0.931640625,0
36.18845,3,0,0,0.0,37.42560099999537,0.6856449981569313,37.45134199925815,0.01851851851851849,162,0,0,32,0.9375,0
36.22564,3,0,0,0.0,37.15582900258596,0.7136149979487527,37.182560001383536,0.018404907975460127,163,0,0,32,0.943359375,0
36.26403,3,0,0,0.0,38.36378599953605,0.7093999993230682,38.38711400021566,0.018292682926829285,164,0,0,32,0.94921875,0
36.30134,3,0,0,0.0,37.26541400101269,0.7136710009945091,37.30294200067874,0.018181818181818188,165,0,0,32,0.955078125,0
36.37263,4,1,229,33.15722600018489,38.088833000074374,0.7936920010251924,71.28758799808566,0.21615720524017468,229,0,0,47,0.9601063829787234,0
36.41079,4,0,0,0.0,38.12535099859815,0.7973050014697947,38.150112002767855,0.2152173913043478,230,0,0,47,0.9654255319148937,0
36.44778,4,0,0,0.0,36.96857400063891,0.8100859995465726,36.99237500040908,0.2142857142857143,231,0,0,47,0.9707446808510638,0
36.48587,4,0,0,0.0,38.054314001783496,0.7983469986356795,38.08067199861398,0.21336206896551724,232,0,0,48,0.9557291666666666,0
36.52389,4,0,0,0.0,37.98986200126819,0.8236989997385535,38.014009998732945,0.21244635193133043,233,0,0,48,0.9609375,0
36.56199,4,0,0,0.0,38.06492400326533,0.8259170026576612,38.10951099876547,0.21153846153846156,234,0,0,37,0.9628378378378378,0
36.59995,3,0,0,0.0,37.916231998678995,0.7395020002149977,37.94046300026821,0.19148936170212771,235,0,0,37,0.9679054054054054,0
36.63706,3,0,0,0.0,37.08060400094837,0.7514089993492234,37.10643500016886,0.19067796610169496,236,0,0,37,0.972972972972973,0
36.67442,3,0,0,0.0,37.33969899985823,0.7429830002365634,37.36362299969187,0.189873417721519,237,0,0,37,0.9780405405405406,0
36.71158,3,0,0,0.0,37.12891800023499,0.736288999178214,37.15359000125318,0.18907563025210083,238,0,0,37,0.9831081081081081,0
36.74785,3,0,0,0.0,36.2348730013764,0.7473559999198187,36.262620000343304,0.18828451882845187,239,0,0,38,0.962171052631579,0
36.78491,3,0,0,0.0,37.02998700100579,0.7388820013147779,37.05603100024746,0.1875,240,0,0,39,0.9423076923076923,0
36.8226,3,0,0,0.0,37.664356001187116,0.7466649985872209,37.688773998524994,0.18672199170124482,241,0,0,39,0.9471153846153846,0
36.85998,3,0,0,0.0,37.351553997723386,0.7393030027742498,37.37369900045451,0.18595041322314054,242,0,0,39,0.9519230769230769,0
36.93146,4,1,94,33.46141400106717,37.952628001221456,0.7942730007926002,71.47220400293008,0.29218106995884774,243,0,0,33,0.9678030303030303,0
36.96871,3,0,0,0.0,37.22194500005571,0.691826000547735,37.24466400308302,0.3019125683060109,244,0,0,33,0.9734848484848485,0
37.00555,3,0,0,0.0,36.812589001783635,0.725838999642292,36.837254996498814,0.3006802721088435,245,0,0,34,0.9503676470588235,0
37.04266,3,0,0,0.0,37.080449001223315,0.6810140002926346,37.10473599858233,0.2994579945799458,246,0,0,34,0.9558823529411765,0
37.079,3,0,0,0.0,36.31432399924961,0.7303009988390841,36.34650299864006,0.29824561403508776,247,0,0,34,0.9613970588235294,0
37.11616,3,0,0,0.0,37.1234230005939,0.7122739989426918,37.150330001168186,0.29704301075268813,248,0,0,35,0.9392857142857143,0
37.15327,3,0,0,0.0,37.07630899953074,0.724697998521151,37.09806199913146,0.2958500669344043,249,0,0,35,0.9446428571428571,0
37.19047,3,0,0,0.0,37.17623500051559,0.7243000000016764,37.20201500254916,0.29466666666666663,250,0,0,35,0.95,0
37.22734,3,0,0,0.0,36.824222002906026,0.7148660006350838,36.86262799965334,0.2934926958831341,251,0,0,35,0.9553571428571429,0
37.2651,3,0,0,0.0,37.73695899872109,0.7043590012472123,37.759781000204384,0.2923280423280423,252,0,0,35,0.9607142857142857,0
37.30223,3,0,0,0.0,37.104815997736296,0.7287949993042275,37.128493997443,0.29117259552042163,253,0,0,35,0.9660714285714286,0
37.3395,3,0,0,0.0,37.236479998682626,0.7077450027281884,37.261647998093395,0.2900262467191601,254,0,0,35,0.9714285714285714,0
37.3761,3,0,0,0.0,36.5764060006768,0.7167459989432245,36.59880900158896,0.28888888888888886,255,0,0,35,0.9767857142857143,0
37.41338,3,0,0,0.0,37.24613099984708,0.7540869992226362,37.273948997608386,0.28776041666666663,256,0,0,36,0.9548611111111112,0
37.4503,3,0,0,0.0,36.88757599957171,0.7168230004026555,36.91108999919379,0.28664072632944226,257,0,0,36,0.9600694444444444,0
37.48738,3,0,0,0.0,37.0513320012833,0.7105240001692437,37.0730979993823,0.28552971576227393,258,0,0,36,0.9652777777777778,0
37.52458,3,0,0,0.0,37.17685499941581,0.7103919997462071,37.20118600176647,0.2844272844272844,259,0,0,36,0.9704861111111112,0
37.56198,3,0,0,0.0,37.37506800098345,0.749099999666214,37.398232001578435,0.2833333333333333,260,0,0,36,0.9756944444444444,0
37.59945,3,0,0,0.0,37.426707000122406,0.7322130004467908,37.46443399722921,0.2822477650063857,261,0,0,37,0.9543918918918919,0
37.63695,3,0,0,0.0,37.470207000296796,0.7397900008072611,37.49576199697913,0.28117048346055984,262,0,0,37,0.9594594594594594,0
37.67347,3,0,0,0.0,36.48751900254865,0.7444240000040736,36.51142699891352,0.28010139416983526,263,0,0,37,0.964527027027027,0
37.71069,3,0,0,0.0,37.188477002928266,0.7301859986910131,37.217379998764955,0.2790404040404041,264,0,0,38,0.944078947368421,0
37.78244,4,1,88,33.37490500052809,38.324420998833375,0.8281970003736205,71.74360799763235,0.3754716981132076,265,0,0,44,0.9460227272727273,0
37.82071,4,0,0,0.0,38.247379001404624,0.8287279997603036,38.27298100077314,0.37406015037593987,266,0,0,44,0.9517045454545454,0
37.85929,4,0,0,0.0,38.54774400315364,0.8314549995702691,38.572694997128565,0.37265917602996257,267,0,0,44,0.9573863636363636,0
37.89742,4,0,0,0.0,38.09971800001222,0.8342540022567846,38.12597200158052,0.37126865671641796,268,0,0,44,0.9630681818181818,0
37.93534,4,0,0,0.0,37.87421800006996,0.8353339981113095,37.91427200121689,0.36988847583643125,269,0,0,44,0.96875,0
37.97353,4,0,0,0.0,38.15985999972327,0.832799996715039,38.1843699979072,0.36851851851851847,270,0,0,44,0.9744318181818182,0
38.01058,4,0,0,0.0,37.01911499956623,0.8444039995083585,37.043743999674916,0.3671586715867159,271,0,0,44,0.9801136363636364,0
38.04852,4,0,0,0.0,37.90584699891042,0.8286799966299441,37.93376600151532,0.3658088235294118,272,0,0,45,0.9638888888888889,0
38.08645,4,0,0,0.0,37.90157799812732,0.8540620001440402,37.92886900191661,0.3644688644688645,273,0,0,46,0.9483695652173914,0
38.12447,4,0,0,0.0,37.99403499942855,0.834051999845542,38.02055499909329,0.3631386861313869,274,0,0,46,0.9538043478260869,0
38.16258,4,0,0,0.0,38.07333300210303,0.8550159982405603,38.09855099825654,0.3618181818181818,275,0,0,46,0.9592391304347826,0
38.20059,4,0,0,0.0,37.985944996762555,0.8521179988747463,38.012250002793735,0.36050724637681164,276,0,0,46,0.9646739130434783,0
38.23876,4,0,0,0.0,38.13625900147599,0.8627280003565829,38.16510499746073,0.3592057761732852,277,0,0,47,0.949468085106383,0
38.27722,4,0,0,0.0,38.42797900142614,0.8770790009293705,38.45405500032939,0.3579136690647482,278,0,0,47,0.9547872340425532,0
38.31456,4,0,0,0.0,37.30396099854261,0.8777969997026958,37.33071599708637,0.35663082437275984,279,0,0,47,0.9601063829787234,0
38.3527,4,0,0,0.0,38.10916299698874,0.8805130019027274,38.1389020003553,0.3553571428571428,280,0,0,48,0.9453125,0
38.39097,4,0,0,0.0,38.24257499945816,0.8788480008661281,38.26688100161846,0.3540925266903915,281,0,0,48,0.9505208333333334,0
38.42929,4,0,0,0.0,38.28953500124044,0.8957719983300194,38.31633600202622,0.3528368794326241,282,0,0,48,0.9557291666666666,0
38.46754,4,0,0,0.0,38.219873000343796,0.8804780009086244,38.244906998443184,0.3515901060070671,283,0,0,48,0.9609375,0
38.50571,4,0,0,0.0,38.135329999931855,0.8931580014177598,38.16328900211374,0.35035211267605637,284,0,0,48,0.9661458333333334,0
38.54396,4,0,0,0.0,38.22243900140165,0.8988990011857823,38.2490219999454,0.34912280701754383,285,0,0,48,0.9713541666666666,0
38.58229,4,0,0,0.0,38.29897799732862,0.9108939993893728,38.32478200274636,0.3479020979020979,286,0,0,48,0.9765625,0
38.61963,4,0,0,0.0,37.31119099757052,0.8846230011840817,37.33692400055588,0.3466898954703833,287,0,0,48,0.9817708333333334,0
38.65847,4,0,0,0.0,38.8033750023169,0.9008300003188197,38.831852998555405,0.34548611111111116,288,0,0,49,0.9668367346938775,0
38.69662,4,0,0,0.0,38.1213039981958,0.9062140015885234,38.15201800171053,0.3442906574394463,289,0,0,50,0.9525,0
38.7349,4,0,0,0.0,38.24194299886585,0.9047169987752568,38.26866100280313,0.34310344827586203,290,0,0,50,0.9575,0
38.80706,5,1,100,33.640478999586776,38.46474400052102,1.0231189990008716,72.15088199882302,0.4048109965635739,291,0,0,57,0.9550438596491229,0
38.84598,5,0,0,0.0,38.89546999926097,1.0314679966541007,38.92238199841813,0.4034246575342466,292,0,0,57,0.9605263157894737,0
38.88455,5,0,0,0.0,38.52648699830752,1.0333110003557522,38.56241099856561,0.4020477815699659,293,0,0,58,0.9493534482758621,0
38.92296,5,0,0,0.0,38.369886999134906,1.039679002133198,38.40548700100044,0.4006802721088435,294,0,0,44,0.9417613636363636,0
38.9605,4,0,0,0.0,37.51079499852494,0.8936039994296152,37.53516600045259,0.438135593220339,295,0,0,44,0.9474431818181818,0
38.99859,4,0,0,0.0,38.05936199933058,0.8732690002943855,38.085616997705074,0.4366554054054054,296,0,0,44,0.953125,0
39.03687,4,0,0,0.0,38.25032500026282,0.8838590001687407,38.27727499810862,0.43518518518518523,297,0,0,44,0.9588068181818182,0
39.07524,4,0,0,0.0,38.33858100188081,0.899825001397403,38.3662189997267,0.4337248322147651,298,0,0,44,0.9644886363636364,0
39.11345,4,0,0,0.0,38.16993500004173,0.8939030012697913,38.1973650000873,0.4322742474916388,299,0,0,44,0.9701704545454546,0
39.1516,4,0,0,0.0,38.12724399904255,0.8758559997659177,38.15461699923617,0.4308333333333333,300,0,0,44,0.9758522727272727,0
39.18965,4,0,0,0.0,38.010751999536296,0.8743590005906299,38.034354998671915,0.4294019933554817,301,0,0,44,0.9815340909090909,0
39.22751,4,0,0,0.0,37.82726899953559,0.874739998835139,37.86154699992039,0.4279801324503312,302,0,0,34,0.9944852941176471,0
39.26435,3,0,0,0.0,36.78965200015227,0.7310049986699596,36.829888998909155,0.4048404840484049,303,0,0,35,0.9714285714285714,0
39.30161,3,0,0,0.0,37.22091300005559,0.7323050012928434,37.25814100107527,0.4035087719298246,304,0,0,16,0.9453125,0
39.33848,2,0,0,0.0,36.841893997916486,0.6132840026111808,36.86955699959071,0.0546875,128,0,0,17,0.8970588235294118,0
39.37567,2,0,0,0.0,37.158387996896636,0.6259349975152873,37.18189000210259,0.054263565891472854,129,0,0,17,0.9044117647058824,0
39.41249,2,0,0,0.0,36.793827999645146,0.6038060018909164,36.81618799964781,0.05384615384615388,130,0,0,17,0.9117647058823529,0
39.44934,2,0,0,0.0,36.806766998779494,0.5985480020171963,36.84646200053976,0.05343511450381677,131,0,0,17,0.9191176470588235,0
39.48627,2,0,0,0.0,36.90065900082118,0.5966719982097857,36.923345000104746,0.05303030303030298,132,0,0,17,0.9264705882352942,0
39.52299,2,0,0,0.0,36.70054100075504,0.6180580021464266,36.73478500058991,0.052631578947368474,133,0,0,17,0.9338235294117647,0
39.56008,2,0,0,0.0,37.04853800081764,0.6160299999464769,37.07113599739387,0.052238805970149294,134,0,0,17,0.9411764705882353,0
39.59635,2,0,0,0.0,36.2387220011442,0.6313329977274407,36.26468899892643,0.051851851851851816,135,0,0,17,0.9485294117647058,0
39.63341,2,0,0,0.0,37.031208998087095,0.633070998446783,37.057870998978615,0.05147058823529416,136,0,0,17,0.9558823529411765,0
39.67091,2,0,0,0.0,37.46626800057129,0.6264850017032586,37.49163300017244,0.051094890510948954,137,0,0,17,0.9632352941176471,0
39.70855,2,0,0,0.0,37.61414999826229,0.6457480012613814,37.63838599843439,0.050724637681159424,138,0,0,17,0.9705882352941176,0
39.74581,2,0,0,0.0,37.231731999781914,0.6379549995472189,37.25753699836787,0.05035971223021585,139,0,0,17,0.9779411764705882,0
39.78294,2,0,0,0.0,37.09283599891933,0.6441790028475225,37.11620200192556,0.050000000000000044,140,0,0,17,0.9852941176470589,0
39.82051,2,0,0,0.0,37.53658799905679,0.6505119999928866,37.570413001958514,0.049645390070921946,141,0,0,8,1.0,0
39.85411,1,0,0,0.0,33.565879999514436,0.5748959993070457,33.593018000829034,0.0,128,0,0,9,0.8958333333333334,0
39.88757,1,0,0,0.0,33.4348010001122,0.5720480003219564,33.45763600009377,0.0,129,0,0,9,0.9027777777777778,0
39.92082,1,0,0,0.0,33.219885001017246,0.5635749985231087,33.24542400150676,0.0,130,0,0,9,0.9097222222222222,0
39.95391,1,0,0,0.0,33.067804000893375,0.5727809984819032,33.09093300049426,0.0,131,0,0,9,0.9166666666666666,0
39.98711,1,0,0,0.0,33.16937299678102,0.5582039993896615,33.19283400196582,0.0,132,0,0,9,0.9236111111111112,0
40.05768,2,1,110,33.57330000289949,36.94630500103813,0.604054999712389,70.56138600091799,0.0864661654135338,133,0,0,16,0.95703125,0
40.09465,2,0,0,0.0,36.94120200088946,0.6064099979994353,36.96355600186507,0.08582089552238803,134,0,0,16,0.96484375,0
40.13065,2,0,0,0.0,35.97348599942052,0.5926220001128968,35.999526000523474,0.08518518518518514,135,0,0,17,0.9154411764705882,0
40.16764,2,0,0,0.0,36.96009600025718,0.6059699990146328,36.98225200059824,0.0845588235294118,136,0,0,17,0.9227941176470589,0
40.20454,2,0,0,0.0,36.881403997540474,0.6098289995861705,36.90520300006028,0.08394160583941601,137,0,0,17,0.9301470588235294,0
40.24127,2,0,0,0.0,36.70028499982436,0.597039997956017,36.72333400027128,0.08333333333333337,138,0,0,17,0.9375,0
40.2786,2,0,0,0.0,37.30064499904984,0.6099489983171225,37.32357599801617,0.08273381294964033,139,0,0,17,0.9448529411764706,0
40.31529,2,0,0,0.0,36.66260700265411,0.6063629989512265,36.684564998722635,0.08214285714285718,140,0,0,17,0.9522058823529411,0
40.35186,2,0,0,0.0,36.53937600029167,0.5935589979344513,36.56300399961765,0.08156028368794321,141,0,0,17,0.9595588235294118,0
40.38863,2,0,0,0.0,36.7249789997004,0.6047869974281639,36.746062000020174,0.08098591549295775,142,0,0,17,0.9669117647058824,0
40.42437,2,0,0,0.0,35.71050399841624,0.6101809995016083,35.739761999138864,0.08041958041958042,143,0,0,8,0.9453125,0
40.45707,1,0,0,0.0,32.67369300010614,0.5276019983284641,32.69360800186405,0.0,121,0,0,8,0.953125,0
40.48985,1,0,0,0.0,32.75474200199824,0.5370210019464139,32.77438100121799,0.0,122,0,0,8,0.9609375,0
40.52265,1,0,0,0.0,32.78286799832131,0.5558580014621839,32.80248800001573,0.0,123,0,0,8,0.96875,0
40.55621,1,0,0,0.0,33.53599299953203,0.5473339988384396,33.5593739982869,0.0,124,0,0,8,0.9765625,0
40.5907,1,0,0,0.0,34.45864400055143,0.5748809999204241,34.48336899964488,0.0,125,0,0,8,0.984375,0
40.62444,1,0,0,0.0,33.708001999912085,0.5623810029646847,33.73253999961889,0.0,126,0,0,8,0.9921875,0
40.65791,1,0,0,0.0,33.444115997554036,0.5792049996671267,33.46837999924901,0.0,127,0,0,8,1.0,0
40.69155,1,0,0,0.0,33.60304700254346,0.5842419996042736,33.62905299945851,0.0,128,0,0,9,0.8958333333333334,0
40.7251,1,0,0,0.0,33.52557199832518,0.5683790004695766,33.54901900092955,0.0,129,0,0,9,0.9027777777777778,0
40.75824,1,0,0,0.0,33.11138400022173,0.566880997212138,33.13411199997063,0.0,130,0,0,9,0.9097222222222222,0
40.79153,1,0,0,0.0,33.26480000032461,0.5590279979514889,33.28621800028486,0.0,131,0,0,9,0.9166666666666666,0
40.82493,1,0,0,0.0,33.372398000210524,0.5486070003826171,33.395300997653976,0.0,132,0,0,9,0.9236111111111112,0
40.85829,1,0,0,0.0,33.33078899959219,0.5682199989678338,33.354053000948625,0.0,133,0,0,9,0.9305555555555556,0
40.89152,1,0,0,0.0,33.20696000082535,0.5614630026684608,33.22862699860707,0.0,134,0,0,9,0.9375,0
40.92505,1,0,0,0.0,33.50476099876687,0.5449979980767239,33.52794099919265,0.0,135,0,0,9,0.9444444444444444,0
40.95844,1,0,0,0.0,33.36402300192276,0.6021500012138858,33.38801700010663,0.0,136,0,0,9,0.9513888888888888,0
40.99203,1,0,0,0.0,33.55301199917449,0.569580002775183,33.57641600086936,0.0,137,0,0,9,0.9583333333333334,0
41.02523,1,0,0,0.0,33.17451299881213,0.5913690001762006,33.19756800192408,0.0,138,0,0,9,0.9652777777777778,0
41.05862,1,0,0,0.0,33.36275900073815,0.5748350013163872,33.38779399928171,0.0,139,0,0,9,0.9722222222222222,0
41.09202,1,0,0,0.0,33.37478300090879,0.5632540014630649,33.3972869993886,0.0,140,0,0,9,0.9791666666666666,0
41.12526,1,0,0,0.0,33.21258800133364,0.5735009981435724,33.23661299873493,0.0,141,0,0,9,0.9861111111111112,0
41.15854,1,0,0,0.0,33.24628300106269,0.5756859973189421,33.26962299979641,0.0,142,0,0,9,0.9930555555555556,0
41.19225,1,0,0,0.0,33.67867999986629,0.5624249970423989,33.70241099764826,0.0,143,0,0,9,1.0,0
41.22561,1,0,0,0.0,33.33522500179242,0.5663150004693307,33.36198500255705,0.0,144,0,0,10,0.90625,0
41.25942,1,0,0,0.0,33.778828001231886,0.566612998227356,33.803104000980966,0.0,145,0,0,10,0.9125,0
41.29346,1,0,0,0.0,34.01481900073122,0.5863199985469691,34.03839300153777,0.0,146,0,0,10,0.91875,0
41.32735,1,0,0,0.0,33.839560997876106,0.5806889967061579,33.88131199972122,0.0,147,0,0,10,0.925,0
41.36127,1,0,0,0.0,33.8877490030427,0.5779450002592057,33.91253500012681,0.0,148,0,0,10,0.93125,0
41.3953,1,0,0,0.0,34.00465600134339,0.5922540003666654,34.028228001261596,0.0,149,0,0,10,0.9375,0
41.42906,1,0,0,0.0,33.72913700150093,0.5638619986712001,33.753712003090186,0.0,150,0,0,10,0.94375,0
41.46296,1,0,0,0.0,33.874595999805024,0.5951839993940666,33.90032199968118,0.0,151,0,0,10,0.95,0
41.49686,1,0,0,0.0,33.87293400010094,0.6030830008967314,33.898295998369576,0.0,152,0,0,10,0.95625,0
41.53059,1,0,0,0.0,33.697186001518276,0.5825920015922748,33.719996998115676,0.0,153,0,0,10,0.9625,0
41.56403,1,0,0,0.0,33.41543299757177,0.5566279978665989,33.438987000408815,0.0,154,0,0,10,0.96875,0
41.59756,1,0,0,0.0,33.503656999528175,0.6212030020833481,33.526554001582554,0.0,155,0,0,10,0.975,0
41.63093,1,0,0,0.0,33.33878600096796,0.5762399996456224,33.36161399784032,0.0,156,0,0,10,0.98125,0
41.66412,1,0,0,0.0,33.160720002342714,0.5925360019318759,33.184248000907246,0.0,157,0,0,10,0.9875,0
41.69757,1,0,0,0.0,33.4193509988836,0.5792400006612297,33.442427000409225,0.0,158,0,0,10,0.99375,0
41.73121,1,0,0,0.0,33.61842400045134,0.5724650000047404,33.64212999804295,0.0,159,0,0,10,1.0,0
41.76463,1,0,0,0.0,33.39051900184131,0.5783910019090399,33.41605800233083,0.0,160,0,0,11,0.9147727272727273,0
41.79788,1,0,0,0.0,33.216917003301205,0.6017889973009005,33.23878499941202,0.0,161,0,0,11,0.9204545454545454,0
41.83136,1,0,0,0.0,33.44936600115034,0.574850997509202,33.479833997262176,0.0,162,0,0,11,0.9261363636363636,0
41.86469,1,0,0,0.0,33.29812499941909,0.5710219993488863,33.32079599931603,0.0,163,0,0,11,0.9318181818181818,0
41.89806,1,0,0,0.0,33.34244199868408,0.5513309988600668,33.37364699837053,0.0,164,0,0,0,0.0,0
42.95766,1,1,189,34.232065998367034,33.42329199949745,0.5599420001090039,67.71041599859018,0.0,189,0,0,12,0.9895833333333334,0
42.99109,1,0,0,0.0,33.40203500192729,0.5839789992023725,33.424381999793695,0.0,190,0,0,12,0.9947916666666666,0
43.02444,1,0,0,0.0,33.32165699976031,0.57370499780518,33.3456149965059,0.0,191,0,0,12,1.0,0
43.05764,1,0,0,0.0,33.17380099906586,0.5819160032842774,33.20007699949201,0.0,192,0,0,13,0.9278846153846154,0
43.12817,2,1,129,33.42111699748784,37.06257500016363,0.6224730022950098,70.52433500211919,0.1658031088082902,193,0,0,22,0.9204545454545454,0
43.165,2,0,0,0.0,36.795817999518476,0.6321479995676782,36.81947600125568,0.1649484536082474,194,0,0,22,0.9261363636363636,0
43.20211,2,0,0,0.0,37.08263299995451,0.6339350002235733,37.104020000697346,0.16410256410256407,195,0,0,22,0.9318181818181818,0
43.23899,2,0,0,0.0,36.8535570014501,0.6402780018106569,36.87738399821683,0.16326530612244894,196,0,0,22,0.9375,0
43.27623,2,0,0,0.0,37.19679600180825,0.6351800002448726,37.21862900056294,0.1624365482233503,197,0,0,22,0.9431818181818182,0
43.31339,2,0,0,0.0,37.133058001927566,0.6521840005007107,37.15815599935013,0.16161616161616166,198,0,0,22,0.9488636363636364,0
43.34987,2,0,0,0.0,36.45798199795536,0.6436510011553764,36.48326600159635,0.16080402010050254,199,0,0,22,0.9545454545454546,0
43.38743,2,0,0,0.0,37.522872000408825,0.6635800018557347,37.545878996752435,0.16000000000000003,200,0,0,22,0.9602272727272727,0
43.42461,2,0,0,0.0,37.1512919991801,0.6494840017694514,37.17616400172119,0.15920398009950254,201,0,0,22,0.9659090909090909,0
43.46162,2,0,0,0.0,36.98378400076763,0.6258279972826131,37.007433998951456,0.15841584158415845,202,0,0,22,0.9715909090909091,0
43.49858,2,0,0,0.0,36.93628299879492,0.6346650006889831,36.958871998649556,0.1576354679802956,203,0,0,22,0.9772727272727273,0
43.53559,2,0,0,0.0,36.98461399835651,0.6261320013436489,37.00991200093995,0.1568627450980392,204,0,0,22,0.9829545454545454,0
43.57263,2,0,0,0.0,37.00739799751318,0.6471690030593891,37.02938499918673,0.15609756097560978,205,0,0,22,0.9886363636363636,0
43.60966,2,0,0,0.0,37.00165000191191,0.6524759992316831,37.026409001555294,0.15533980582524276,206,0,0,22,0.9943181818181818,0
43.64553,2,0,0,0.0,35.843744000885636,0.653276001685299,35.86631800135365,0.15458937198067635,207,0,0,22,1.0,0
43.68244,2,0,0,0.0,36.88082599910558,0.6299660017248243,36.905639000906376,0.15384615384615385,208,0,0,24,0.921875,0
43.71927,2,0,0,0.0,36.804334002226824,0.646262000373099,36.82750000007218,0.15311004784688997,209,0,0,24,0.9270833333333334,0
43.75623,2,0,0,0.0,36.92380400025286,0.6479100011347327,36.94735699900775,0.1523809523809524,210,0,0,24,0.9322916666666666,0
43.79431,2,0,0,0.0,38.051937001000624,0.6852610022178851,38.07533000144758,0.15165876777251186,211,0,0,24,0.9375,0
43.83183,2,0,0,0.0,37.47962700072094,0.6419620003725868,37.51811799884308,0.15094339622641506,212,0,0,24,0.9427083333333334,0
43.86882,2,0,0,0.0,36.96239100099774,0.6976919976295903,36.98667300341185,0.1502347417840375,213,0,0,24,0.9479166666666666,0
43.90593,2,0,0,0.0,37.085625997860916,0.6612809993384872,37.10857199985185,0.14953271028037385,214,0,0,24,0.953125,0
43.9422,2,0,0,0.0,36.237066000467166,0.6704119987261947,36.2608489995182,0.14883720930232558,215,0,0,24,0.9583333333333334,0
43.97915,2,0,0,0.0,36.92538299947046,0.6577349995495752,36.94880599869066,0.14814814814814814,216,0,0,24,0.9635416666666666,0
44.01636,2,0,0,0.0,37.17789499933133,0.658810997265391,37.20249199977843,0.14746543778801846,217,0,0,24,0.96875,0
44.05582,2,0,0,0.0,39.43642800004454,0.6516700013889931,39.463515000534244,0.14678899082568808,218,0,0,24,0.9739583333333334,0
44.10436,2,0,0,0.0,48.50329900000361,0.8694280004419852,48.52835899873753,0.1461187214611872,219,0,0,24,0.9791666666666666,0
44.14541,2,0,0,0.0,41.02102699835086,0.8490609980071895,41.04641400044784,0.1454545454545455,220,0,0,24,0.984375,0
44.18266,2,0,0,0.0,37.22758000003523,0.6594460028281901,37.24881999733043,0.14479638009049778,221,0,0,24,0.9895833333333334,0
44.21945,2,0,0,0.0,36.759231003088644,0.6672659983451013,36.782081002456835,0.14414414414414412,222,0,0,24,0.9947916666666666,0
44.25563,2,0,0,0.0,36.15327499937848,0.6307619987637736,36.17711500191945,0.1434977578475336,223,0,0,24,1.0,0
44.2928,2,0,0,0.0,37.13948999939021,0.6462960009230301,37.16448299746844,0.1428571428571429,224,0,0,26,0.9278846153846154,0
44.32979,2,0,0,0.0,36.958824002795154,0.6709179979225155,36.98288300074637,0.14222222222222225,225,0,0,26,0.9326923076923077,0
44.36661,2,0,0,0.0,36.79466399989906,0.6937030011613388,36.818890999711584,0.1415929203539823,226,0,0,26,0.9375,0
44.40395,2,0,0,0.0,37.309743001969764,0.6642719999945257,37.33275400009006,0.1409691629955947,227,0,0,26,0.9423076923076923,0
44.44075,2,0,0,0.0,36.77723000146216,0.6670050024695229,36.80114999951911,0.14035087719298245,228,0,0,26,0.9471153846153846,0
44.47786,2,0,0,0.0,37.07833800217486,0.6688840003334917,37.100145000295015,0.13973799126637554,229,0,0,26,0.9519230769230769,0
44.51464,2,0,0,0.0,36.75827800179832,0.6756729999324307,36.78113800197025,0.13913043478260867,230,0,0,26,0.9567307692307693,0
44.58801,3,1,161,35.5009560007602,37.81536899987259,0.714738001988735,73.36039800065919,0.1933621933621934,231,0,0,37,0.9493243243243243,0
44.62715,3,0,0,0.0,39.11260400127503,0.9720509988255799,39.140542001405265,0.19252873563218387,232,0,0,37,0.9543918918918919,0
44.66413,3,0,0,0.0,36.95101499761222,0.7327220009756275,36.976606999814976,0.19170243204577964,233,0,0,37,0.9594594594594594,0
44.70152,3,0,0,0.0,37.35827899799915,0.7353619985224213,37.38150100252824,0.19088319088319083,234,0,0,37,0.964527027027027,0
44.73843,3,0,0,0.0,36.884974000713555,0.7292179980140645,36.9086469981994,0.19007092198581566,235,0,0,37,0.9695945945945946,0
44.77526,3,0,0,0.0,36.80210300080944,0.7000750010774937,36.82436099916231,0.18926553672316382,236,0,0,37,0.9746621621621622,0
44.81255,3,0,0,0.0,37.26417799771298,0.7507430018449668,37.28758299985202,0.1884669479606188,237,0,0,37,0.9797297297297297,0
44.85018,3,0,0,0.0,37.595466998027405,0.7287959997483995,37.61923099955311,0.1876750700280112,238,0,0,37,0.9847972972972973,0
44.88637,3,0,0,0.0,36.16002399940044,0.7443819995387457,36.18256900153938,0.1868898186889819,239,0,0,37,0.9898648648648649,0
44.92311,3,0,0,0.0,36.714958001539344,0.7161360008467454,36.743489999935264,0.18611111111111112,240,0,0,39,0.9439102564102564,0
44.96589,3,0,0,0.0,42.74957699817605,0.753444001020398,42.77390599963837,0.18533886583679116,241,0,0,39,0.9487179487179487,0
45.00228,3,0,0,0.0,36.364859999594046,0.7318210009543691,36.389265002071625,0.18457300275482091,242,0,0,39,0.9535256410256411,0
45.03877,3,0,0,0.0,36.46200599905569,0.7322860001295339,36.48571300072945,0.1838134430727023,243,0,0,39,0.9583333333333334,0
45.07524,3,0,0,0.0,36.436791997402906,0.7403330018860288,36.459150000155205,0.18306010928961747,244,0,0,39,0.9631410256410257,0
45.11132,3,0,0,0.0,36.056534001545515,0.7249920017784461,36.096618001465686,0.18231292517006803,245,0,0,39,0.967948717948718,0
45.14758,3,0,0,0.0,36.21192799982964,0.7203290006145835,36.2380740007211,0.18157181571815717,246,0,0,40,0.9484375,0
45.18329,3,0,0,0.0,35.68229799930123,0.7322269993892405,35.7046850003826,0.18083670715249667,247,0,0,40,0.953125,0
45.21936,3,0,0,0.0,36.03917800137424,0.7244929984153714,36.061886999959825,0.18010752688172038,248,0,0,40,0.9578125,0
45.25547,3,0,0,0.0,36.08336499746656,0.7091229999787174,36.107463001826545,0.17938420348058903,249,0,0,40,0.9625,0
45.29664,3,0,0,0.0,41.1392669993802,0.7343779980146792,41.17123499963782,0.17866666666666664,250,0,0,12,0.9427083333333334,0
45.32946,1,0,0,0.0,32.79252600259497,0.5641720017592888,32.81501899982686,0.0,181,0,0,12,0.9479166666666666,0
45.36205,1,0,0,0.0,32.55688100034604,0.5753830009780359,32.57937899979879,0.0,182,0,0,12,0.953125,0
45.39682,1,0,0,0.0,34.750744998746086,0.57583799934946,34.77290099908714,0.0,183,0,0,12,0.9583333333333334,0
45.42945,1,0,0,0.0,32.60191300068982,0.5889409985684324,32.62403599728714,0.0,184,0,0,12,0.9635416666666666,0
45.46202,1,0,0,0.0,32.539088002522476,0.5570620014623273,32.56233600041014,0.0,185,0,0,12,0.96875,0
45.49524,1,0,0,0.0,33.19482400183915,0.5762740001955535,33.218323998880805,0.0,186,0,0,12,0.9739583333333334,0
45.52862,1,0,0,0.0,33.35656599665526,0.5891319997317623,33.37920400008443,0.0,187,0,0,12,0.9791666666666666,0
45.5619,1,0,0,0.0,33.245982998778345,0.5882449986529537,33.26953600117122,0.0,188,0,0,12,0.984375,0
45.59523,1,0,0,0.0,33.30747300060466,0.5978949993732385,33.32860400041682,0.0,189,0,0,12,0.9895833333333334,0
45.62834,1,0,0,0.0,33.067256001231726,0.5642929972964339,33.10362399861333,0.0,190,0,0,12,0.9947916666666666,0
45.66147,1,0,0,0.0,33.10642599899438,0.5730289994971827,33.128338000096846,0.0,191,0,0,12,1.0,0
45.73166,2,1,123,33.18449599828455,36.95749899998191,0.5974410014459863,70.18516400057706,0.1796875,192,0,0,21,0.9434523809523809,0
45.76831,2,0,0,0.0,36.62203899875749,0.6185419988469221,36.644724998041056,0.1787564766839378,193,0,0,21,0.9494047619047619,0
45.80548,2,0,0,0.0,37.12690400061547,0.6202010008564685,37.152046999835875,0.1778350515463918,194,0,0,21,0.9553571428571429,0
45.84331,2,0,0,0.0,37.80218700194382,0.6379670012393035,37.82657600095263,0.17692307692307696,195,0,0,21,0.9613095238095238,0
45.88077,2,0,0,0.0,37.41101999912644,0.6300159984675702,37.43322099762736,0.17602040816326525,196,0,0,21,0.9672619047619048,0
45.91779,2,0,0,0.0,36.98772099960479,0.6478730028902646,37.012414999480825,0.17512690355329952,197,0,0,22,0.9289772727272727,0
45.95488,2,0,0,0.0,37.061902999994345,0.6500630006485153,37.08592900147778,0.1742424242424242,198,0,0,22,0.9346590909090909,0
45.99111,2,0,0,0.0,36.20700199826388,0.657016000332078,36.22841800097376,0.1733668341708543,199,0,0,22,0.9403409090909091,0
46.02802,2,0,0,0.0,36.88256800160161,0.6376700002874713,36.90638999978546,0.1725,200,0,0,22,0.9460227272727273,0
46.065,2,0,0,0.0,36.94564399847877,0.6556469998031389,36.97023900167551,0.17164179104477617,201,0,0,22,0.9517045454545454,0
46.10184,2,0,0,0.0,36.81993499776581,0.6527880032081157,36.842071000137366,0.17079207920792083,202,0,0,22,0.9573863636363636,0
46.13906,2,0,0,0.0,37.18823600138421,0.6340569998428691,37.22071299853269,0.16995073891625612,203,0,0,22,0.9630681818181818,0
46.1762,2,0,0,0.0,37.103402999491664,0.6613939985982142,37.12884199921973,0.16911764705882348,204,0,0,22,0.96875,0
46.21348,2,0,0,0.0,37.25363500052481,0.651637001283234,37.27729099773569,0.1682926829268293,205,0,0,22,0.9744318181818182,0
46.25047,2,0,0,0.0,36.95664500264684,0.6506479985546321,36.981474000640446,0.16747572815533984,206,0,0,22,0.9801136363636364,0
46.28701,2,0,0,0.0,36.511825001070974,0.6353999997372739,36.53393200147548,0.16666666666666663,207,0,0,22,0.9857954545454546,0
46.32392,2,0,0,0.0,36.884334000205854,0.6751700020686258,36.91072299989173,0.16586538461538458,208,0,0,23,0.9483695652173914,0
46.36089,2,0,0,0.0,36.94128400093177,0.6526500001200475,36.96569800013094,0.16507177033492826,209,0,0,23,0.9538043478260869,0
46.39791,2,0,0,0.0,36.99432100256672,0.6618869992962573,37.01612399891019,0.16428571428571426,210,0,0,23,0.9592391304347826,0
46.43477,2,0,0,0.0,36.83119600100326,0.6466220002039336,36.85460799897555,0.1635071090047393,211,0,0,23,0.9646739130434783,0
46.4715,2,0,0,0.0,36.703441001009196,0.656175001495285,36.72585499953129,0.16273584905660377,212,0,0,23,0.970108695652174,0
46.50856,2,0,0,0.0,37.0269900013227,0.6217029986146372,37.052484000014374,0.1619718309859155,213,0,0,24,0.9348958333333334,0
46.54524,2,0,0,0.0,36.657011001807405,0.6519510025100317,36.67894299724139,0.16121495327102808,214,0,0,24,0.9401041666666666,0
46.58157,2,0,0,0.0,36.300976997154066,0.6230669969227165,36.322733998531476,0.16046511627906979,215,0,0,24,0.9453125,0
46.61857,2,0,0,0.0,36.97177499998361,0.6461759985540994,36.99569899981725,0.1597222222222222,216,0,0,24,0.9505208333333334,0
46.65558,2,0,0,0.0,36.98348800025997,0.6338640014291741,37.00935500091873,0.1589861751152074,217,0,0,24,0.9557291666666666,0
46.69275,2,0,0,0.0,37.13784399951692,0.6468569990829565,37.160420997679466,0.15825688073394495,218,0,0,24,0.9609375,0
46.72967,2,0,0,0.0,36.896707002597395,0.6516100002045278,36.92186000262154,0.15753424657534243,219,0,0,24,0.9661458333333334,0
46.76657,2,0,0,0.0,36.87094900305965,0.6776890004402958,36.89353200024925,0.15681818181818186,220,0,0,24,0.9713541666666666,0
46.80352,2,0,0,0.0,36.91538699786179,0.6198480004968587,36.93781699985266,0.15610859728506787,221,0,0,24,0.9765625,0
46.84108,2,0,0,0.0,37.53338699971209,0.6461429984483402,37.56672800227534,0.15540540540540537,222,0,0,24,0.9817708333333334,0
46.87777,2,0,0,0.0,36.65402100159554,0.6583050017070491,36.67902199958917,0.1547085201793722,223,0,0,24,0.9869791666666666,0
46.91497,2,0,0,0.0,37.17079099806142,0.6718170006934088,37.19654599990463,0.1540178571428571,224,0,0,25,0.9525,0
46.95174,2,0,0,0.0,36.74241599946981,0.6548919991473667,36.76523100148188,0.15333333333333332,225,0,0,25,0.9575,0
46.98866,2,0,0,0.0,36.89821100124391,0.6535920001624618,36.91916400202899,0.15265486725663713,226,0,0,25,0.9625,0
47.02552,2,0,0,0.0,36.825336999754654,0.6863639973744284,36.84944000269752,0.1519823788546255,227,0,0,25,0.9675,0
47.06241,2,0,0,0.0,36.862920998828486,0.6403600018529687,36.88631599652581,0.15131578947368418,228,0,0,25,0.9725,0
47.09926,2,0,0,0.0,36.82756399939535,0.6426290019589942,36.84999500183039,0.1506550218340611,229,0,0,26,0.9399038461538461,0
47.13622,2,0,0,0.0,36.93089799708105,0.6371720010065474,36.953470000298694,0.15000000000000002,230,0,0,26,0.9447115384615384,0
47.17223,2,0,0,0.0,35.98646799946437,0.6518500013044104,36.00859100333764,0.14935064935064934,231,0,0,26,0.9495192307692307,0
47.20915,2,0,0,0.0,36.89058199961437,0.6474540023191366,36.91408500162652,0.1487068965517241,232,0,0,26,0.9543269230769231,0
47.24596,2,0,0,0.0,36.778387999220286,0.671850997605361,36.802335001993924,0.148068669527897,233,0,0,26,0.9591346153846154,0
47.283,2,0,0,0.0,37.01136800009408,0.6697369972243905,37.03334800229641,0.14743589743589747,234,0,0,26,0.9639423076923077,0
47.3202,2,0,0,0.0,37.180694002017844,0.6893300014780834,37.20448500098428,0.14680851063829792,235,0,0,26,0.96875,0
47.35702,2,0,0,0.0,36.789996000152314,0.6530859973281622,36.815776002185885,0.14618644067796616,236,0,0,26,0.9735576923076923,0
47.39429,2,0,0,0.0,37.23548799825949,0.6865789982839487,37.25731799931964,0.14556962025316456,237,0,0,26,0.9783653846153846,0
47.43114,2,0,0,0.0,36.82200999901397,0.655717001791345,36.84557599990512,0.14495798319327735,238,0,0,26,0.9831730769230769,0
47.46716,2,0,0,0.0,35.996702001284575,0.662313999782782,36.01937700295821,0.14435146443514646,239,0,0,26,0.9879807692307693,0
47.50402,2,0,0,0.0,36.82676300013554,0.6633440025325399,36.85046999817132,0.14375000000000004,240,0,0,27,0.9560185185185185,0
47.54101,2,0,0,0.0,36.97232800186612,0.6623059998673853,36.99618899918278,0.1431535269709544,241,0,0,27,0.9606481481481481,0
47.61172,3,1,143,33.37224000279093,37.28848600076162,0.7057289985823445,70.70490100159077,0.23140495867768596,242,0,0,36,0.9739583333333334,0
47.64859,3,0,0,0.0,36.8323299990152,0.7293240014405455,36.85891500208527,0.2304526748971193,243,0,0,37,0.9527027027027027,0
47.6857,3,0,0,0.0,37.08302700033528,0.7382910007436294,37.11085100076161,0.2295081967213115,244,0,0,21,0.9583333333333334,0
47.72241,2,0,0,0.0,36.67566800140776,0.645266001811251,36.70063200115692,0.08522727272727271,176,0,0,22,0.9204545454545454,0
47.7592,2,0,0,0.0,36.76106899729348,0.5959840018476825,36.78405699974974,0.0847457627118644,177,0,0,22,0.9261363636363636,0
47.79606,2,0,0,0.0,36.835595998127246,0.6292990001384169,36.856507998891175,0.0842696629213483,178,0,0,22,0.9318181818181818,0
47.83349,2,0,0,0.0,37.39313799815136,0.6266720010899007,37.41697599980398,0.08379888268156421,179,0,0,22,0.9375,0
47.87039,2,0,0,0.0,36.86741800265736,0.6418420016416349,36.895965997246094,0.08333333333333337,180,0,0,22,0.9431818181818182,0
47.90792,2,0,0,0.0,37.505910000618314,0.6252780003705993,37.5301620006212,0.08287292817679559,181,0,0,22,0.9488636363636364,0
47.94485,2,0,0,0.0,36.900128001434496,0.6898239989823196,36.92456199860317,0.08241758241758246,182,0,0,22,0.9545454545454546,0
47.98076,2,0,0,0.0,35.88234200287843,0.6472260029113386,35.90521799924318,0.08196721311475408,183,0,0,22,0.9602272727272727,0
48.01781,2,0,0,0.0,37.02376400178764,0.6507650032290258,37.04736299914657,0.08152173913043481,184,0,0,22,0.9659090909090909,0
48.05468,2,0,0,0.0,36.84392699869932,0.6579969995073043,36.86713700153632,0.08108108108108103,185,0,0,22,0.9715909090909091,0
48.09193,2,0,0,0.0,37.217255998257315,0.6413220035028644,37.239064997265814,0.08064516129032262,186,0,0,22,0.9772727272727273,0
48.12894,2,0,0,0.0,36.98225200059824,0.6661750012426637,37.00533799928962,0.0802139037433155,187,0,0,22,0.9829545454545454,0
48.16584,2,0,0,0.0,36.87759799868218,0.6487919999926817,36.90297000139253,0.07978723404255317,188,0,0,22,0.9886363636363636,0
48.23599,3,1,185,33.346399999572895,36.753386000782484,0.682257999869762,70.14063699898543,0.059964726631393295,189,0,0,34,0.9852941176470589,0
48.27302,3,0,0,0.0,36.99422499994398,0.7219030012493022,37.02267200060305,0.05964912280701751,190,0,0,35,0.9625,0
48.30961,3,0,0,0.0,36.56380999746034,0.7464379996235948,36.58662199813989,0.05933682373472948,191,0,0,35,0.9678571428571429,0
48.34667,3,0,0,0.0,37.03086000314215,0.7210350013338029,37.05609899770934,0.05902777777777779,192,0,0,36,0.9461805555555556,0
48.38371,3,0,0,0.0,37.008745999628445,0.7187369992607273,37.03359700011788,0.05872193436960271,193,0,0,36,0.9513888888888888,0
48.42103,3,0,0,0.0,37.29398399809725,0.7339049989241175,37.316698999347864,0.05841924398625431,194,0,0,36,0.9565972222222222,0
48.45804,3,0,0,0.0,36.98138099935022,0.7169719974626787,37.00475100049516,0.058119658119658135,195,0,0,36,0.9618055555555556,0
48.49528,3,0,0,0.0,37.217790999420686,0.7181559994933195,37.2412169999734,0.05782312925170063,196,0,0,37,0.9408783783783784,0
48.53218,3,0,0,0.0,36.875273999612546,0.7085920005920343,36.897082998621045,0.05752961082910324,197,0,0,37,0.9459459459459459,0
48.56931,3,0,0,0.0,37.10275800040108,0.7032600005913991,37.14222900089226,0.0572390572390572,198,0,0,37,0.9510135135135135,0
48.6057,3,0,0,0.0,36.338685000373516,0.7246780005516484,36.36191799887456,0.05695142378559459,199,0,0,37,0.956081081081081,0
48.67706,4,1,112,33.35590699862223,37.96399899874814,0.7802140025887638,71.3728410009935,0.15249999999999997,200,0,0,45,0.9472222222222222,0
48.71519,4,0,0,0.0,38.08994099745178,0.7924909987195861,38.115568000648636,0.15174129353233834,201,0,0,45,0.9527777777777777,0
48.75292,4,0,0,0.0,37.6953089980816,0.7734729988442268,37.71956499986118,0.150990099009901,202,0,0,45,0.9583333333333334,0
48.79104,4,0,0,0.0,38.095494001026964,0.7735310027783271,38.11834700172767,0.1502463054187192,203,0,0,45,0.9638888888888889,0
48.82904,4,0,0,0.0,37.97307999775512,0.7804950000718236,37.99691300082486,0.14950980392156865,204,0,0,45,0.9694444444444444,0
48.8673,4,0,0,0.0,38.23410900076851,0.7859900033508893,38.258180997218005,0.14878048780487807,205,0,0,45,0.975,0
48.90541,4,0,0,0.0,38.05874500176287,0.7781889980833512,38.10062000047765,0.1480582524271845,206,0,0,46,0.9592391304347826,0
48.94293,4,0,0,0.0,37.49178299767664,0.7848080022085924,37.51657999964664,0.1473429951690821,207,0,0,46,0.9646739130434783,0
48.98073,4,0,0,0.0,37.769880997075234,0.801680998847587,37.798003999341745,0.14663461538461542,208,0,0,47,0.949468085106383,0
49.01882,4,0,0,0.0,38.06014099973254,0.7823580017429776,38.084324998635566,0.14593301435406703,209,0,0,47,0.9547872340425532,0
49.05668,4,0,0,0.0,37.82973200213746,0.7985330012161285,37.85302299729665,0.14523809523809528,210,0,0,47,0.9601063829787234,0
49.09461,4,0,0,0.0,37.89779699945939,0.781091999670025,37.92121899823542,0.14454976303317535,211,0,0,47,0.9654255319148937,0
49.13253,4,0,0,0.0,37.89427700030501,0.7946449986775406,37.92148399952566,0.14386792452830188,212,0,0,48,0.9505208333333334,0
49.17029,4,0,0,0.0,37.730796000687405,0.7869429973652586,37.75472100096522,0.14319248826291076,213,0,0,48,0.9557291666666666,0
49.20843,4,0,0,0.0,38.1142340011138,0.7787470021867193,38.13656000056653,0.14252336448598135,214,0,0,48,0.9609375,0
49.24549,4,0,0,0.0,37.03081600178848,0.8037839979806449,37.05370399984531,0.14186046511627903,215,0,0,48,0.9661458333333334,0
49.28363,4,0,0,0.0,38.10752400022466,0.7752700003038626,38.13394300232176,0.14120370370370372,216,0,0,49,0.951530612244898,0
49.32164,4,0,0,0.0,37.98747099790489,0.8063159984885715,38.009559000784066,0.14055299539170507,217,0,0,49,0.9566326530612245,0
49.35961,4,0,0,0.0,37.94328599906294,0.7855599978938699,37.967552001646254,0.13990825688073394,218,0,0,49,0.9617346938775511,0
49.39773,4,0,0,0.0,38.09116800039192,0.8028199990803842,38.113214999611955,0.13926940639269403,219,0,0,49,0.9668367346938775,0
49.43578,4,0,0,0.0,38.02055900086998,0.7972080020408612,38.04539200064028,0.13863636363636367,220,0,0,49,0.9719387755102041,0
49.50694,5,1,141,33.2914639984665,37.82495799896424,0.9191480021399911,71.15657800022746,0.1828054298642534,221,0,0,58,0.978448275862069,0
49.54465,5,0,0,0.0,37.67342200080748,0.943338996876264,37.69952999937232,0.181981981981982,222,0,0,59,0.9671610169491526,0
49.58173,5,0,0,0.0,37.05640499902074,0.9130649996222928,37.081799000588944,0.18116591928251125,223,0,0,59,0.972457627118644,0
49.61967,5,0,0,0.0,37.90129700064426,0.9437209992029238,37.927486999251414,0.18035714285714288,224,0,0,61,0.9456967213114754,0
49.65748,5,0,0,0.0,37.790323000081116,0.9211510005115997,37.814470000739675,0.17955555555555558,225,0,0,61,0.9508196721311475,0
49.6955,5,0,0,0.0,37.99151700150105,0.9277159988414496,38.01345600004424,0.17876106194690267,226,0,0,61,0.9559426229508197,0
49.76682,6,1,208,33.378552998328814,37.890339001023676,1.0789610023493879,71.31432800088078,0.16226138032305437,227,0,0,75,0.9558333333333333,0
49.80508,6,0,0,0.0,38.220397000259254,1.0849159989447799,38.25596299793688,0.16154970760233922,228,0,0,76,0.9481907894736842,0
49.84364,6,0,0,0.0,38.52847900270717,1.0927850016742013,38.55480100173736,0.16084425036390104,229,0,0,76,0.953125,0
49.88173,6,0,0,0.0,38.059271002566675,1.0828230006154627,38.085437001427636,0.16014492753623188,230,0,0,76,0.9580592105263158,0
49.91892,6,0,0,0.0,37.15571900102077,1.0898680011450779,37.18004199981806,0.1594516594516594,231,0,0,76,0.9629934210526315,0
49.95766,6,0,0,0.0,38.709463999111904,1.1013749972335063,38.739123003324494,0.15876436781609193,232,0,0,77,0.9553571428571429,0
49.996,6,0,0,0.0,38.31195100065088,1.1060870019719005,38.335799999913434,0.15808297567954221,233,0,0,77,0.9602272727272727,0
50.03425,6,0,0,0.0,38.21654399871477,1.1200450026080944,38.24305300076958,0.15740740740740744,234,0,0,77,0.9650974025974026,0
50.07238,6,0,0,0.0,38.10781300126109,1.1133059997519013,38.13423000246985,0.15673758865248222,235,0,0,77,0.9699675324675324,0
50.11036,6,0,0,0.0,37.94245599783608,1.0947400005534291,37.966888998198556,0.1560734463276836,236,0,0,77,0.9748376623376623,0
50.14853,6,0,0,0.0,38.14754099948914,1.0849760001292452,38.174874000105774,0.1554149085794655,237,0,0,77,0.9797077922077922,0
50.18661,6,0,0,0.0,38.04391000085161,1.1275549986748956,38.073256000643596,0.15476190476190477,238,0,0,78,0.9719551282051282,0
50.22404,6,0,0,0.0,37.39224300079513,1.115606999519514,37.41957099919091,0.15411436541143653,239,0,0,78,0.9767628205128205,0
50.26216,6,0,0,0.0,38.08689500147011,1.1312149981677067,38.11584199866047,0.15347222222222223,240,0,0,80,0.95703125,0
50.30071,6,0,0,0.0,38.52097100025276,1.1201919987797737,38.54524700000184,0.15283540802213003,241,0,0,80,0.96171875,0
50.33868,6,0,0,0.0,37.941647999105044,1.143858000432374,37.96622400113847,0.15220385674931125,242,0,0,80,0.96640625,0
50.37684,6,0,0,0.0,38.12920999916969,1.1314209987176582,38.15816899805213,0.15157750342935528,243,0,0,81,0.9591049382716049,0
50.41592,6,0,0,0.0,39.04572900137282,1.1448299992480315,39.072241001122165,0.15095628415300544,244,0,0,82,0.9519817073170732,0
50.45404,6,0,0,0.0,38.08925599878421,1.1332690010021906,38.11476900227717,0.15034013605442176,245,0,0,82,0.9565548780487805,0
50.52601,7,1,121,33.025243999873055,38.90306699759094,1.4855070003250148,71.97281700064195,0.20092915214866436,246,0,0,90,0.9604166666666667,0
50.56349,7,0,0,0.0,37.444614001287846,1.2929699987580534,37.47026099881623,0.20011567379988437,247,0,0,90,0.9652777777777778,0
50.63632,8,1,256,33.54166799908853,39.2238210006326,1.4858280010230374,72.8362219997507,0.1962890625,256,0,0,108,0.9571759259259259,0
50.67505,8,0,0,0.0,38.680699002725305,1.542506000987487,38.71879899816122,0.19552529182879375,257,0,0,92,0.9592391304347826,0
50.71328,7,0,0,0.0,38.19770200061612,1.310329000261845,38.22361600032309,0.21816168327796237,258,0,0,92,0.9639945652173914,0
50.75146,7,0,0,0.0,38.145026002894156,1.3068709995422978,38.171907002833905,0.217319360176503,259,0,0,92,0.96875,0
50.78939,7,0,0,0.0,37.90109499823302,1.3014229989494197,37.927908000710886,0.2164835164835165,260,0,0,92,0.9735054347826086,0
50.82799,7,0,0,0.0,38.5587939999823,1.2919250002596527,38.59822999947937,0.21565407772304324,261,0,0,93,0.967741935483871,0
50.86627,7,0,0,0.0,38.24757799884537,1.3420340001175646,38.27818799982197,0.2148309705561614,262,0,0,94,0.9621010638297872,0
50.90384,7,0,0,0.0,37.532543999986956,1.3187419972382486,37.55790499781142,0.21401412275936993,263,0,0,94,0.9667553191489362,0
50.94195,7,0,0,0.0,38.08261800077162,1.330539998889435,38.112060999992536,0.21320346320346317,264,0,0,95,0.9611842105263158,0
50.98077,7,0,0,0.0,38.78555100163794,1.3204989991209004,38.81330500007607,0.2123989218328841,265,0,0,95,0.9657894736842105,0
51.01918,7,0,0,0.0,38.37477100023534,1.348579000477912,38.40287500133854,0.21160042964554238,266,0,0,95,0.9703947368421053,0
51.05749,7,0,0,0.0,38.26872899662703,1.3546589980251156,38.310017000185326,0.21080791867308724,267,0,0,80,0.9578125,0
51.09553,6,0,0,0.0,38.00710499854176,1.1725579970516264,38.03160799725447,0.23756218905472637,268,0,0,80,0.9625,0
51.13351,6,0,0,0.0,37.95603799881064,1.1616759984462988,37.98301200004062,0.23667905824039648,269,0,0,80,0.9671875,0
51.17139,6,0,0,0.0,37.83124199981103,1.1845939989143517,37.867937000555685,0.2358024691358025,270,0,0,69,0.9682971014492754,0
51.20845,5,0,0,0.0,37.031466999906115,1.0390280003775842,37.05799399904208,0.21107011070110704,271,0,0,69,0.9728260869565217,0
51.24635,5,0,0,0.0,37.84877500220318,1.0654130019247532,37.89217599842232,0.21029411764705885,272,0,0,70,0.9633928571428572,0
51.28414,5,0,0,0.0,37.76004099927377,1.0346279996156227,37.78682799747912,0.20952380952380956,273,0,0,70,0.9678571428571429,0
51.32262,5,0,0,0.0,38.45116000229609,1.0923949994321447,38.47777000191854,0.20875912408759123,274,0,0,70,0.9723214285714286,0
51.36224,5,0,0,0.0,39.596578000782756,1.050627000950044,39.622331998543814,0.20799999999999996,275,0,0,70,0.9767857142857143,0
51.40045,5,0,0,0.0,38.17428600086714,1.0620239991112612,38.198935999389505,0.2072463768115942,276,0,0,70,0.98125,0
51.43826,5,0,0,0.0,37.782553998113144,1.0561010021774564,37.81176199845504,0.20649819494584842,277,0,0,71,0.971830985915493,0
51.47605,5,0,0,0.0,37.75809500075411,1.076825999916764,37.7865450027457,0.20575539568345325,278,0,0,72,0.9626736111111112,0
51.51282,5,0,0,0.0,36.73739200166892,1.066568998794537,36.76154300046619,0.20501792114695339,279,0,0,72,0.9670138888888888,0
51.55078,5,0,0,0.0,37.92891600096482,1.070034999429481,37.95705300217378,0.2042857142857143,280,0,0,73,0.9580479452054794,0
51.58866,5,0,0,0.0,37.84270299729542,1.093645998480497,37.868782001169166,0.20355871886121002,281,0,0,73,0.9623287671232876,0
51.62741,5,0,0,0.0,38.7240389973158,1.184272001410136,38.75007200258551,0.20283687943262407,282,0,0,73,0.9666095890410958,0
51.66512,5,0,0,0.0,37.68124400085071,1.0806120008055586,37.70940300091752,0.20212014134275613,283,0,0,74,0.9577702702702703,0
51.70309,5,0,0,0.0,37.919127997156465,1.0641859989846125,37.9434679998667,0.2014084507042253,284,0,0,74,0.9619932432432432,0
51.74061,5,0,0,0.0,37.498172001505736,1.083795003069099,37.522353002714226,0.20070175438596494,285,0,0,74,0.9662162162162162,0
51.77849,5,0,0,0.0,37.851151999348076,1.0818390001077205,37.875722999160644,0.19999999999999996,286,0,0,74,0.9704391891891891,0
51.81534,5,0,0,0.0,36.801336998905754,1.0917069994320627,36.84025099937571,0.1993031358885018,287,0,0,74,0.9746621621621622,0
51.8538,5,0,0,0.0,38.43093199975556,1.0964880020765122,38.45791099956841,0.19861111111111107,288,0,0,75,0.9658333333333333,0
51.89155,5,0,0,0.0,37.724483001511544,1.0972989985020831,37.74987300130306,0.197923875432526,289,0,0,75,0.97,0
51.92963,5,0,0,0.0,38.041799001803156,1.0860820002562832,38.06921100112959,0.1972413793103448,290,0,0,75,0.9741666666666666,0
51.96719,5,0,0,0.0,37.52826100026141,1.1031079993699677,37.55411800011643,0.19656357388316148,291,0,0,75,0.9783333333333334,0
52.00583,5,0,0,0.0,38.61689800032764,1.0963999993691687,38.641248997009825,0.19589041095890414,292,0,0,75,0.9825,0
52.04397,5,0,0,0.0,38.10929600149393,1.1275469987594988,38.14698800124461,0.19522184300341294,293,0,0,76,0.9736842105263158,0
52.08179,5,0,0,0.0,37.7602670014312,1.107750998926349,37.79952300101286,0.19455782312925174,294,0,0,60,0.959375,0
52.11858,4,0,0,0.0,36.76385300059337,0.9507399990980048,36.787609999009874,0.21949152542372885,295,0,0,60,0.9635416666666666,0
52.15618,4,0,0,0.0,37.56988099848968,0.9245190012734383,37.598140002955915,0.21875,296,0,0,61,0.951844262295082,0
52.19369,4,0,0,0.0,37.475272998563014,0.9463110000069719,37.500161000934895,0.218013468013468,297,0,0,61,0.9559426229508197,0
52.26466,5,1,77,33.11346099872026,37.81798300042283,1.0795840025821235,70.97569200050202,0.3221476510067114,298,0,0,66,0.9611742424242424,0
52.30266,5,0,0,0.0,37.956225001835264,1.0524079989409074,37.987804000295,0.3210702341137124,299,0,0,49,0.9668367346938775,0
52.34053,4,0,0,0.0,37.844971997401444,0.8949640032369643,37.87037599977339,0.3683333333333333,300,0,0,49,0.9719387755102041,0
52.37792,4,0,0,0.0,37.35731699998723,0.8928350034693722,37.383779999800026,0.36710963455149503,301,0,0,50,0.9575,0
52.41574,4,0,0,0.0,37.787749999552034,0.916717999643879,37.81177700147964,0.3658940397350994,302,0,0,50,0.9625,0
52.45234,4,0,0,0.0,36.55651599910925,0.8958069993241224,36.5944799996214,0.3646864686468647,303,0,0,50,0.9675,0
52.48994,4,0,0,0.0,37.56859400164103,0.883237000380177,37.59591199923307,0.36348684210526316,304,0,0,51,0.9534313725490197,0
52.52738,4,0,0,0.0,37.415908998809755,0.9191169992845971,37.439383999299025,0.36229508196721316,305,0,0,51,0.9583333333333334,0
52.56494,4,0,0,0.0,37.532270998781314,0.8867700016708113,37.55782100051874,0.36111111111111116,306,0,0,51,0.9632352941176471,0
52.60256,4,0,0,0.0,37.5938609977311,0.9158739994745702,37.616213001456345,0.3599348534201955,307,0,0,51,0.9681372549019608,0
52.64023,4,0,0,0.0,37.634873999195406,0.9055539994733408,37.660285001038574,0.35876623376623373,308,0,0,51,0.9730392156862745,0
52.67794,4,0,0,0.0,37.68336199937039,0.9249540016753599,37.71120300007169,0.35760517799352753,309,0,0,52,0.9591346153846154,0
52.71572,4,0,0,0.0,37.75193600085913,0.9459440007049125,37.77549500227906,0.3564516129032258,310,0,0,52,0.9639423076923077,0
52.75226,4,0,0,0.0,36.51037599775009,0.9250529983546585,36.533285998302745,0.3553054662379421,311,0,0,52,0.96875,0
52.7898,4,0,0,0.0,37.50804399896879,0.919540998438606,37.53511700051604,0.35416666666666663,312,0,0,53,0.9551886792452831,0
52.82757,4,0,0,0.0,37.74012199937715,0.9436940017621964,37.76491600001464,0.35303514376996803,313,0,0,53,0.9599056603773585,0
52.86572,4,0,0,0.0,38.12241699779406,0.93864699738333,38.14966099889716,0.3519108280254777,314,0,0,53,0.964622641509434,0
52.90466,4,0,0,0.0,38.90408399820444,0.9486130002187565,38.930667000386165,0.35079365079365077,315,0,0,53,0.9693396226415094,0
52.94385,4,0,0,0.0,39.15855900049792,0.9434790008526761,39.18432900172775,0.34968354430379744,316,0,0,53,0.9740566037735849,0
52.98237,4,0,0,0.0,38.4870289999526,0.9775059988896828,38.51758299788344,0.3485804416403786,317,0,0,54,0.9606481481481481,0
53.02066,4,0,0,0.0,38.260456996795256,0.9455600011278875,38.28855300162104,0.3474842767295597,318,0,0,54,0.9652777777777778,0
53.05836,4,0,0,0.0,37.66362299938919,0.9626440005376935,37.691575998906046,0.3463949843260188,319,0,0,54,0.9699074074074074,0
53.09632,4,0,0,0.0,37.92924099980155,0.9509230003459379,37.973157999658724,0.3453125,320,0,0,55,0.9568181818181818,0
53.13458,4,0,0,0.0,38.21949299890548,0.9483730027568527,38.24433900081203,0.3442367601246106,321,0,0,55,0.9613636363636363,0
53.17287,4,0,0,0.0,38.26094000032754,0.9591570014890749,38.28747599982307,0.343167701863354,322,0,0,55,0.9659090909090909,0
53.21122,4,0,0,0.0,38.31962399999611,0.9811479976633564,38.34470199944917,0.3421052631578947,323,0,0,55,0.9704545454545455,0
53.24961,4,0,0,0.0,38.3577040011005,0.9651120017224457,38.38465299850213,0.34104938271604934,324,0,0,55,0.975,0
53.28744,4,0,0,0.0,37.79893799946876,0.9636149989091791,37.828769000043394,0.33999999999999997,325,0,0,56,0.9620535714285714,0
53.32555,4,0,0,0.0,38.07891700125765,0.9654589994170237,38.10504799912451,0.33895705521472397,326,0,0,56,0.9665178571428571,0
53.36266,4,0,0,0.0,37.07152999777463,0.9766270013642497,37.09869800150045,0.3379204892966361,327,0,0,56,0.9709821428571429,0
53.40057,4,0,0,0.0,37.868399998842506,0.9549440001137555,37.90290899996762,0.33689024390243905,328,0,0,41,0.9649390243902439,0
53.43741,3,0,0,0.0,36.81193599913968,0.7725620016572066,36.83686599833891,0.3586626139817629,329,0,0,41,0.9695121951219512,0
53.47432,3,0,0,0.0,36.88483299993095,0.7927330007078126,36.92379199856077,0.35757575757575755,330,0,0,41,0.9740853658536586,0
53.51164,3,0,0,0.0,37.275781000062125,0.7900540003902279,37.29943899816135,0.35649546827794565,331,0,0,41,0.9786585365853658,0
53.54895,3,0,0,0.0,37.279874999512685,0.7815930002834648,37.30577600072138,0.35542168674698793,332,0,0,41,0.9832317073170732,0
53.58601,3,0,0,0.0,37.028975999419345,0.820138997369213,37.057322999316966,0.35435435435435436,333,0,0,42,0.9642857142857143,0
53.62312,3,0,0,0.0,37.08388800077955,0.814453000202775,37.10620700076106,0.3532934131736527,334,0,0,42,0.96875,0
53.65924,3,0,0,0.0,36.07836099763517,0.8134069976222236,36.112977999437135,0.3522388059701492,335,0,0,42,0.9732142857142857,0
53.69615,3,0,0,0.0,36.88215600050171,0.8032029982132372,36.90847899997607,0.35119047619047616,336,0,0,43,0.9549418604651163,0
53.7333,3,0,0,0.0,37.11627099983161,0.8132579969242215,37.14084100283799,0.35014836795252224,337,0,0,43,0.9593023255813954,0
53.77004,3,0,0,0.0,36.716590002470184,0.8031200013647322,36.74090600179625,0.34911242603550297,338,0,0,43,0.9636627906976745,0
53.80686,3,0,0,0.0,36.785863998375135,0.8215219968406018,36.809067001740914,0.3480825958702065,339,0,0,43,0.9680232558139535,0
53.84524,3,0,0,0.0,38.34378399915295,0.8223980003094766,38.37752400067984,0.34705882352941175,340,0,0,43,0.9723837209302325,0
53.88235,3,0,0,0.0,37.05180800170638,0.8261529983428773,37.107206000655424,0.3460410557184751,341,0,0,22,0.9375,0
53.91907,2,0,0,0.0,36.69040400200174,0.6291279969445895,36.71216499787988,0.21052631578947367,209,0,0,22,0.9431818181818182,0
53.95559,2,0,0,0.0,36.49834400130203,0.6513929984066635,36.52190499997232,0.20952380952380956,210,0,0,22,0.9488636363636364,0
53.9923,2,0,0,0.0,36.67652700096369,0.6414140007109381,36.69954799988773,0.20853080568720384,211,0,0,22,0.9545454545454546,0
54.02877,2,0,0,0.0,36.44739499941352,0.6246249977266416,36.47128900047392,0.2075471698113207,212,0,0,22,0.9602272727272727,0
54.066,2,0,0,0.0,37.19961900060298,0.6624130001000594,37.223111001367215,0.20657276995305163,213,0,0,22,0.9659090909090909,0
54.10264,2,0,0,0.0,36.61095200004638,0.6570410005224403,36.63298799801851,0.20560747663551404,214,0,0,22,0.9715909090909091,0
54.13815,2,0,0,0.0,35.4859809995105,0.6241529990802519,35.50981299849809,0.20465116279069773,215,0,0,22,0.9772727272727273,0
54.1754,2,0,0,0.0,37.21352400316391,0.648815999738872,37.24191599758342,0.20370370370370372,216,0,0,23,0.9402173913043478,0
54.21202,2,0,0,0.0,36.60056999797234,0.6361880004988052,36.621340997953666,0.20276497695852536,217,0,0,23,0.9456521739130435,0
54.24842,2,0,0,0.0,36.369497000123374,0.6418299999495503,36.3927140024316,0.2018348623853211,218,0,0,23,0.9510869565217391,0
54.28484,2,0,0,0.0,36.395001003256766,0.6471749984484632,36.418380001123296,0.2009132420091324,219,0,0,23,0.9565217391304348,0
54.3215,2,0,0,0.0,36.62709099808126,0.6534109998028725,36.65722300138441,0.19999999999999996,220,0,0,9,0.9236111111111112,0
54.35436,1,0,0,0.0,32.82924700033618,0.5284530016069766,32.851125000888715,0.0,133,0,0,9,0.9305555555555556,0
54.38703,1,0,0,0.0,32.647580999764614,0.531109999428736,32.67065399995772,0.0,134,0,0,9,0.9375,0
54.41994,1,0,0,0.0,32.87644300144166,0.5753750010626391,32.8967970017402,0.0,135,0,0,9,0.9444444444444444,0
54.4526,1,0,0,0.0,32.63825699832523,0.555394002731191,32.66039799927967,0.0,136,0,0,9,0.9513888888888888,0
54.48534,1,0,0,0.0,32.70313000030001,0.5268490021990146,32.735947002947796,0.0,137,0,0,9,0.9583333333333334,0
54.55349,2,1,175,32.56777100250474,35.535832997993566,0.6057989994587842,68.14772600046126,0.10571428571428576,175,0,0,20,0.984375,0
54.58982,2,0,0,0.0,36.301281998021295,0.6021189983584918,36.326273999293335,0.10511363636363635,176,0,0,21,0.9434523809523809,0
54.62675,2,0,0,0.0,36.896793000778416,0.6310649987426586,36.92181400037953,0.10451977401129942,177,0,0,21,0.9494047619047619,0
54.66351,2,0,0,0.0,36.73633800281095,0.6509080012619961,36.75950099932379,0.1039325842696629,178,0,0,21,0.9553571428571429,0
54.7002,2,0,0,0.0,36.65451199776726,0.6164119986351579,36.67885699906037,0.1033519553072626,179,0,0,21,0.9613095238095238,0
54.7366,2,0,0,0.0,36.37635699851671,0.6391919996531215,36.399141001311364,0.10277777777777775,180,0,0,21,0.9672619047619048,0
54.77289,2,0,0,0.0,36.258168998756446,0.6124579995230306,36.28448900053627,0.10220994475138123,181,0,0,22,0.9289772727272727,0
54.80939,2,0,0,0.0,36.46945699802018,0.6228710008144844,36.49165400202037,0.10164835164835162,182,0,0,22,0.9346590909090909,0
54.84819,2,0,0,0.0,38.77241100053652,0.6195599999045953,38.79915400102618,0.10109289617486339,183,0,0,22,0.9403409090909091,0
54.88504,2,0,0,0.0,36.82370300157345,0.6739560012647416,36.84787499878439,0.10054347826086951,184,0,0,22,0.9460227272727273,0
54.92209,2,0,0,0.0,37.019013998360606,0.6613549994654022,37.04391099745408,0.09999999999999998,185,0,0,22,0.9517045454545454,0
54.95925,2,0,0,0.0,37.13543999765534,0.662884001940256,37.160511001275154,0.09946236559139787,186,0,0,22,0.9573863636363636,0
54.99614,2,0,0,0.0,36.85773599863751,0.6620140011364128,36.88271599821746,0.09893048128342241,187,0,0,22,0.9630681818181818,0
55.03345,2,0,0,0.0,37.28275899993605,0.682827001583064,37.307876998966094,0.09840425531914898,188,0,0,22,0.96875,0
55.10437,3,1,198,33.6869580023631,37.18571200079168,0.7086439982231241,70.91380600104458,0.09259259259259256,198,0,0,35,0.9678571428571429,0
55.14112,3,0,0,0.0,36.71794099864201,0.7002109996392392,36.74309100097162,0.09212730318257956,199,0,0,35,0.9732142857142857,0
55.17917,3,0,0,0.0,38.01784300230793,0.7619019997946452,38.043029002437834,0.09166666666666667,200,0,0,35,0.9785714285714285,0
55.21583,3,0,0,0.0,36.63156900074682,0.7385909993899986,36.655895000876626,0.09121061359867333,201,0,0,36,0.9565972222222222,0
55.25252,3,0,0,0.0,36.66033300032723,0.7032610010355711,36.683910999272484,0.0907590759075908,202,0,0,36,0.9618055555555556,0
55.2893,3,0,0,0.0,36.75490499881562,0.6935550009075087,36.778426001546904,0.090311986863711,203,0,0,36,0.9670138888888888,0
55.32622,3,0,0,0.0,36.89588799898047,0.6987119995756075,36.92984100052854,0.08986928104575165,204,0,0,36,0.9722222222222222,0
55.36302,3,0,0,0.0,36.75308799938648,0.704638001479907,36.7781790009758,0.08943089430894313,205,0,0,36,0.9774305555555556,0
55.39984,3,0,0,0.0,36.79334399930667,0.7346960010181647,36.819421002292074,0.0889967637540453,206,0,0,37,0.956081081081081,0
55.43589,3,0,0,0.0,36.02071899877046,0.7213249991764314,36.04270900177653,0.08856682769726243,207,0,0,37,0.9611486486486487,0
55.47263,3,0,0,0.0,36.70813899952918,0.7270850001077633,36.73559700109763,0.08814102564102566,208,0,0,38,0.9407894736842105,0
55.50949,3,0,0,0.0,36.838014999375446,0.7282149999809917,36.8607679993147,0.08771929824561409,209,0,0,38,0.9457236842105263,0
55.54615,3,0,0,0.0,36.62885800076765,0.7200670006568544,36.652521001087734,0.08730158730158732,210,0,0,38,0.9506578947368421,0
55.58278,3,0,0,0.0,36.60735700032092,0.7296689982467797,36.63045100256568,0.08688783570300163,211,0,0,38,0.9555921052631579,0
55.61952,3,0,0,0.0,36.70668400081922,0.7329889995162375,36.72813500088523,0.08647798742138368,212,0,0,38,0.9605263157894737,0
55.65593,3,0,0,0.0,36.38458199930028,0.7030580018181354,36.4058870000008,0.0860719874804382,213,0,0,38,0.9654605263157895,0
55.69236,3,0,0,0.0,36.41014999811887,0.7066290017974097,36.43322900097701,0.08566978193146413,214,0,0,38,0.9703947368421053,0
55.72812,3,0,0,0.0,35.73232300186646,0.707239996700082,35.7535379989713,0.0852713178294574,215,0,0,38,0.975328947368421,0
55.76462,3,0,0,0.0,36.468483001954155,0.7332490022236016,36.489835001702886,0.08487654320987659,216,0,0,38,0.9802631578947368,0
55.80096,3,0,0,0.0,36.3148030010052,0.7131279999157414,36.33865699885064,0.08448540706605223,217,0,0,39,0.9599358974358975,0
55.84041,3,0,0,0.0,39.428050000424264,0.7176500002969988,39.45112499786774,0.08409785932721714,218,0,0,39,0.9647435897435898,0
55.87702,3,0,0,0.0,36.584495999704814,0.7102929994289298,36.60579200004577,0.08371385083713856,219,0,0,39,0.969551282051282,0
55.91375,3,0,0,0.0,36.70244900058606,0.7348959989030845,36.72295399883296,0.08333333333333337,220,0,0,39,0.9743589743589743,0
55.95032,3,0,0,0.0,36.54127499976312,0.722905999282375,36.57594900141703,0.0829562594268477,221,0,0,39,0.9791666666666666,0
55.98689,3,0,0,0.0,36.53334699993138,0.6928750008228235,36.55792000063229,0.08258258258258255,222,0,0,40,0.959375,0
56.02302,3,0,0,0.0,36.10330999799771,0.7351599997491576,36.12528499797918,0.08221225710014946,223,0,0,40,0.9640625,0
56.06015,3,0,0,0.0,37.09874299966032,0.7633099994563963,37.12600799917709,0.08184523809523814,224,0,0,41,0.9451219512195121,0
56.09708,3,0,0,0.0,36.895627999911085,0.7401930015475955,36.919681002473226,0.08148148148148149,225,0,0,41,0.9496951219512195,0
56.13436,3,0,0,0.0,37.25174200008041,0.7529619979322888,37.282073997630505,0.08112094395280234,226,0,0,41,0.9542682926829268,0
56.17128,3,0,0,0.0,36.884540997562,0.7507609989261255,36.91052300200681,0.0807635829662261,227,0,0,41,0.9588414634146342,0
56.20836,3,0,0,0.0,37.05625099973986,0.7551410017185844,37.07900700101163,0.08040935672514615,228,0,0,41,0.9634146341463414,0
56.24535,3,0,0,0.0,36.94152599928202,0.7775630001560785,36.979737000365276,0.08005822416302766,229,0,0,41,0.9679878048780488,0
56.2821,3,0,0,0.0,36.723536999488715,0.7324819998757448,36.74925699669984,0.07971014492753625,230,0,0,41,0.9725609756097561,0
56.31841,3,0,0,0.0,36.28174600089551,0.7465160015271977,36.30640499977744,0.07936507936507942,231,0,0,41,0.9771341463414634,0
56.35521,3,0,0,0.0,36.76004899898544,0.759014998038765,36.792033999518026,0.07902298850574707,232,0,0,29,0.9849137931034483,0
56.3919,2,0,0,0.0,36.65362599713262,0.6788050013710745,36.687795000034384,0.01931330472102999,233,0,0,30,0.95625,0
56.42899,2,0,0,0.0,37.060032998851966,0.6989489993429743,37.08455599917215,0.019230769230769273,234,0,0,30,0.9604166666666667,0
56.46573,2,0,0,0.0,36.71212300105253,0.7028410000202712,36.73593399798847,0.019148936170212738,235,0,0,30,0.9645833333333333,0
56.50231,2,0,0,0.0,36.55304599669762,0.6786440026189666,36.57644399936544,0.01906779661016944,236,0,0,30,0.96875,0
56.53934,2,0,0,0.0,36.975128001358826,0.6615979982598219,37.01250900121522,0.01898734177215189,237,0,0,30,0.9729166666666667,0
56.57613,2,0,0,0.0,36.76129299856257,0.6686289998469874,36.78593300355715,0.018907563025210128,238,0,0,30,0.9770833333333333,0
56.6122,2,0,0,0.0,36.03583199947025,0.6970769973122515,36.05799000069965,0.01882845188284521,239,0,0,30,0.98125,0
56.64917,2,0,0,0.0,36.94136800186243,0.6919070001458749,36.969651002436876,0.018750000000000044,240,0,0,31,0.9536290322580645,0
56.68587,2,0,0,0.0,36.67289299846743,0.6982330014579929,36.69793299923185,0.018672199170124526,241,0,0,31,0.9576612903225806,0
56.72267,2,0,0,0.0,36.77002200129209,0.6992140006332193,36.79236400057562,0.018595041322314043,242,0,0,31,0.9616935483870968,0
56.75929,2,0,0,0.0,36.59540199805633,0.676194998959545,36.61898200152791,0.01851851851851849,243,0,0,31,0.9657258064516129,0
56.79613,2,0,0,0.0,36.81412399964756,0.6765979996998794,36.83781799918506,0.018442622950819665,244,0,0,31,0.969758064516129,0
56.8353,2,0,0,0.0,39.139296000939794,0.6906080016051419,39.16289900007541,0.01836734693877551,245,0,0,31,0.9737903225806451,0
56.87207,2,0,0,0.0,36.7435869993642,0.6749839994881768,36.76622400234919,0.018292682926829285,246,0,0,31,0.9778225806451613,0
56.90785,2,0,0,0.0,35.747124999033986,0.6769999999960419,35.771009999734815,0.018218623481781382,247,0,0,31,0.9818548387096774,0
56.94456,2,0,0,0.0,36.686956002085935,0.7024749975244049,36.70981200048118,0.01814516129032262,248,0,0,31,0.9858870967741935,0
56.98126,2,0,0,0.0,36.67150500041316,0.6742549994669389,36.69817600166425,0.01807228915662651,249,0,0,32,0.958984375,0
57.01794,2,0,0,0.0,36.65449500113027,0.6741899996995926,36.67555900028674,0.018000000000000016,250,0,0,32,0.962890625,0
57.05507,2,0,0,0.0,37.09779500059085,0.6893249992572237,37.122431000170764,0.017928286852589626,251,0,0,32,0.966796875,0
57.09193,2,0,0,0.0,36.829340999247506,0.7030689994280692,36.8536630012386,0.017857142857142905,252,0,0,32,0.970703125,0
57.12881,2,0,0,0.0,36.851693999778945,0.6897320017742459,36.876551999739604,0.017786561264822143,253,0,0,32,0.974609375,0
57.16625,2,0,0,0.0,37.40134999679867,0.7279960009327624,37.43695800221758,0.017716535433070835,254,0,0,32,0.978515625,0
57.20231,2,0,0,0.0,36.03103799832752,0.694309997925302,36.05648300072062,0.01764705882352946,255,0,0,32,0.982421875,0
57.23929,2,0,0,0.0,36.93172500061337,0.6811470011598431,36.95837699706317,0.017578125,256,0,0,33,0.9564393939393939,0
57.27607,2,0,0,0.0,36.75726700021187,0.7045679994917009,36.7818270024145,0.017509727626459193,257,0,0,33,0.9602272727272727,0
57.31279,2,0,0,0.0,36.68679399925168,0.7134629995562136,36.70819900071365,0.01744186046511631,258,0,0,33,0.9640151515151515,0
57.34941,2,0,0,0.0,36.594803001207765,0.7276300020748749,36.61850100252195,0.01737451737451734,259,0,0,33,0.9678030303030303,0
57.38595,2,0,0,0.0,36.511916001472855,0.6625909991271328,36.53751099773217,0.017307692307692357,260,0,0,33,0.9715909090909091,0
57.42281,2,0,0,0.0,36.8347920011729,0.7260370002768468,36.856694001471624,0.017241379310344862,261,0,0,33,0.9753787878787878,0
57.45944,2,0,0,0.0,36.5994089988817,0.6934960001672152,36.62415000144392,0.01717557251908397,262,0,0,33,0.9791666666666666,0
57.49531,2,0,0,0.0,35.84786899955361,0.682597001286922,35.88580400173669,0.017110266159695797,263,0,0,33,0.9829545454545454,0
57.53188,2,0,0,0.0,36.52284900090308,0.6761320000805426,36.544380000123056,0.017045454545454586,264,0,0,33,0.9867424242424242,0
57.5686,2,0,0,0.0,36.691631001303904,0.6941489991731942,36.71939899868448,0.016981132075471694,265,0,0,34,0.9613970588235294,0
57.60543,2,0,0,0.0,36.79528100110474,0.7538999998359941,36.82124099941575,0.016917293233082664,266,0,0,34,0.9650735294117647,0
57.64222,2,0,0,0.0,36.769008002011105,0.6888989992148709,36.79992299657897,0.016853932584269704,267,0,0,34,0.96875,0
57.67877,2,0,0,0.0,36.50790399842663,0.6963649975659791,36.53058700001566,0.016791044776119368,268,0,0,34,0.9724264705882353,0
57.71561,2,0,0,0.0,36.79290899890475,0.6950509996386245,36.81497300203773,0.016728624535315983,269,0,0,34,0.9761029411764706,0
57.75217,2,0,0,0.0,36.53824099819758,0.7078589987941086,36.562133998813806,0.01666666666666672,270,0,0,34,0.9797794117647058,0
57.78789,2,0,0,0.0,35.69248300118488,0.7066259968269151,35.71718799867085,0.016605166051660514,271,0,0,34,0.9834558823529411,0
57.82638,2,0,0,0.0,38.45624499808764,0.7150579986046068,38.48586499952944,0.016544117647058876,272,0,0,35,0.9589285714285715,0
57.86405,2,0,0,0.0,37.638827998307534,0.7331050001084805,37.662451999494806,0.016483516483516536,273,0,0,35,0.9625,0
57.90054,2,0,0,0.0,36.458373000641586,0.7121579983504489,36.48238000096171,0.01642335766423353,274,0,0,35,0.9660714285714286,0
57.93749,2,0,0,0.0,36.92854700057069,0.6950469978619367,36.949449000530876,0.016363636363636358,275,0,0,35,0.9696428571428571,0
57.97396,2,0,0,0.0,36.4436800009571,0.6831790014985017,36.46534699873882,0.016304347826086918,276,0,0,35,0.9732142857142857,0
58.0107,2,0,0,0.0,36.713956000312464,0.6975329997658264,36.73716700359364,0.016245487364620947,277,0,0,35,0.9767857142857143,0
58.04749,2,0,0,0.0,36.75859800205217,0.6997700002102647,36.780443999305135,0.01618705035971224,278,0,0,35,0.9803571428571428,0
58.08337,2,0,0,0.0,35.852294000505935,0.6765329999325331,35.87587600122788,0.016129032258064502,279,0,0,35,0.9839285714285714,0
58.11984,2,0,0,0.0,36.44177400201443,0.6881109984533396,36.46178599956329,0.016071428571428625,280,0,0,35,0.9875,0
58.15647,2,0,0,0.0,36.60522399877664,0.6863670023449231,36.63202000097954,0.016014234875444844,281,0,0,36,0.9635416666666666,0
58.19335,2,0,0,0.0,36.85253699950408,0.6961159997445066,36.87672700107214,0.015957446808510634,282,0,0,36,0.9670138888888888,0
58.26388,3,1,154,33.28289700220921,37.200102997303475,0.773994001065148,70.52538400239428,0.16254416961130747,283,0,0,46,0.970108695652174,0
58.30102,3,0,0,0.0,37.11392100012745,0.7964300020830706,37.14002999913646,0.1619718309859155,284,0,0,46,0.9741847826086957,0
58.3728,4,1,137,33.753076000721194,37.97283300082199,0.92342700008885,71.76914699812187,0.25087719298245614,285,0,0,55,0.975,0
58.41081,4,0,0,0.0,37.97762799877091,0.9367010025016498,38.00399400279275,0.25,286,0,0,55,0.9795454545454545,0
58.44818,4,0,0,0.0,37.342416999308625,0.9321109973825514,37.36743700210354,0.24912891986062713,287,0,0,55,0.9840909090909091,0
58.48637,4,0,0,0.0,38.157101000251714,0.9521720021439251,38.187146001291694,0.24826388888888884,288,0,0,56,0.9709821428571429,0
58.52443,4,0,0,0.0,38.02180499769747,0.9258489990315866,38.050687002396444,0.24740484429065746,289,0,0,57,0.9583333333333334,0
58.56279,4,0,0,0.0,38.32829300154117,0.9212269978888799,38.356508001015754,0.24655172413793103,290,0,0,57,0.9627192982456141,0
58.63475,5,1,152,33.385530001396546,38.525521998963086,1.061001999914879,71.95517000218388,0.29209621993127144,291,0,0,67,0.9654850746268657,0
58.6728,5,0,0,0.0,38.021664000552846,1.0759360011434183,38.05127799932961,0.29109589041095896,292,0,0,68,0.9558823529411765,0
58.71088,5,0,0,0.0,38.040018000174314,1.087007000023732,38.076018001447665,0.2901023890784983,293,0,0,50,0.95,0
58.74898,4,0,0,0.0,38.07198999857064,0.9362109994981438,38.09646900117514,0.3537414965986394,294,0,0,50,0.955,0
58.78602,4,0,0,0.0,37.00073400250403,0.9206620015902445,37.02721399895381,0.3525423728813559,295,0,0,50,0.96,0
58.82581,4,0,0,0.0,39.764279001246905,0.9233000018866733,39.79076799805625,0.3513513513513513,296,0,0,50,0.965,0
58.865,4,0,0,0.0,39.156745002401294,1.0122959974978585,39.18617099770927,0.35016835016835013,297,0,0,50,0.97,0
58.93644,5,1,235,33.04774700154667,38.34014799940633,1.083533999917563,71.43552900015493,0.3214765100671141,298,0,0,65,0.9769230769230769,0
58.97472,5,0,0,0.0,38.235498999711126,1.0660099978849757,38.27390000151354,0.3204013377926421,299,0,0,47,0.9587765957446809,0
59.01261,4,0,0,0.0,37.8617230016971,0.824981998448493,37.8892939988873,0.23945147679324896,237,0,0,47,0.964095744680851,0
59.05075,4,0,0,0.0,38.10139899724163,0.8179120013664942,38.1264480020036,0.23844537815126055,238,0,0,47,0.9694148936170213,0
59.08783,4,0,0,0.0,37.054241001897026,0.8243160009442363,37.07957699953113,0.2374476987447699,239,0,0,47,0.9747340425531915,0
59.12589,4,0,0,0.0,38.026697002351284,0.8475199974782299,38.05327100053546,0.23645833333333333,240,0,0,48,0.9596354166666666,0
59.16354,4,0,0,0.0,37.62235199974384,0.8436429998255335,37.64803200101596,0.23547717842323657,241,0,0,48,0.96484375,0
59.20145,4,0,0,0.0,37.87678599837818,0.8107409994408954,37.90769400075078,0.23450413223140498,242,0,0,49,0.9502551020408163,0
59.23931,4,0,0,0.0,37.82510399832972,0.8265140022558626,37.849514999834355,0.23353909465020573,243,0,0,49,0.9553571428571429,0
59.27718,4,0,0,0.0,37.82619000048726,0.822115001938073,37.86724200108438,0.23258196721311475,244,0,0,49,0.9604591836734694,0
59.31497,4,0,0,0.0,37.76141900016228,0.8578930028306786,37.78861699902336,0.2316326530612245,245,0,0,50,0.94625,0
59.35329,4,0,0,0.0,38.28216299734777,0.9728529985295609,38.307411999994656,0.23069105691056913,246,0,0,50,0.95125,0
59.39025,4,0,0,0.0,36.92059100285405,0.8362799999304116,36.956796000595205,0.22975708502024295,247,0,0,50,0.95625,0
59.42825,4,0,0,0.0,37.972523998178076,0.8490459986205678,37.996222999936435,0.22883064516129037,248,0,0,50,0.96125,0
59.46596,4,0,0,0.0,37.68380600013188,0.8595760009484366,37.70933699706802,0.22791164658634533,249,0,0,50,0.96625,0
59.50403,4,0,0,0.0,38.03754999898956,0.8651759999338537,38.062743999034865,0.22699999999999998,250,0,0,50,0.97125,0
59.54199,4,0,0,0.0,37.933488998532994,0.8695709984749556,37.957504002406495,0.2260956175298805,251,0,0,50,0.97625,0
59.58077,4,0,0,0.0,38.74266700222506,0.8734719995118212,38.77790099795675,0.22519841269841268,252,0,0,39,0.9583333333333334,0
59.61759,3,0,0,0.0,36.786848002520856,0.7551009985036217,36.809311000979505,0.21212121212121215,253,0,0,39,0.9631410256410257,0
59.6546,3,0,0,0.0,36.984630998631474,0.7476010032405611,37.01014100079192,0.21128608923884518,254,0,0,39,0.967948717948718,0
59.72472,4,1,159,33.1015980009397,36.97353600000497,0.8276840017060749,70.11659899944789,0.2519607843137255,255,0,0,49,0.9783163265306123,0
59.76278,4,0,0,0.0,38.01274699799251,0.8552840008633211,38.04930999831413,0.2509765625,256,0,0,40,0.9359375,0
59.79962,3,0,0,0.0,36.815886000113096,0.7594460003019776,36.840387001575436,0.22308690012970167,257,0,0,40,0.940625,0
59.8396,3,0,0,0.0,39.947290999407414,0.7518640013586264,39.97171299852198,0.2222222222222222,258,0,0,40,0.9453125,0
59.87671,3,0,0,0.0,37.08346799976425,0.7856649972382002,37.10927899737726,0.2213642213642214,259,0,0,40,0.95,0
59.91394,3,0,0,0.0,37.19379699759884,0.7493539997085463,37.220376998448046,0.2205128205128205,260,0,0,40,0.9546875,0
59.95085,3,0,0,0.0,36.889191000227584,0.7622449993505143,36.91287000037846,0.21966794380587484,261,0,0,40,0.959375,0
59.98777,3,0,0,0.0,36.88628300005803,0.7506580004701391,36.910194998199586,0.21882951653944016,262,0,0,40,0.9640625,0
60.02386,3,0,0,0.0,36.059810998267494,0.7543520005128812,36.082345999602694,0.21799746514575413,263,0,0,40,0.96875,0
60.06083,3,0,0,0.0,36.943259998224676,0.7420100009767339,36.967841999285156,0.21717171717171713,264,0,0,40,0.9734375,0
60.0976,3,0,0,0.0,36.744269000337226,0.7533860007242765,36.767718996998155,0.2163522012578616,265,0,0,40,0.978125,0
60.13475,3,0,0,0.0,37.12226100105909,0.7301139994524419,37.14510700228857,0.21553884711779447,266,0,0,40,0.9828125,0
60.1715,3,0,0,0.0,36.72559700135025,0.756725999963237,36.74914200018975,0.21473158551810234,267,0,0,40,0.9875,0
60.20831,3,0,0,0.0,36.77267899911385,0.7306979969143867,36.80043900021701,0.2139303482587065,268,0,0,41,0.9679878048780488,0
60.24546,3,0,0,0.0,37.113780999789014,0.7589269989694003,37.15130899945507,0.21313506815365546,269,0,0,41,0.9725609756097561,0
60.28258,3,0,0,0.0,37.08214399739518,0.7404290008707903,37.10982500342652,0.2123456790123457,270,0,0,41,0.9771341463414634,0
60.31906,3,0,0,0.0,36.45262400095817,0.7759969994367566,36.474475000431994,0.21156211562115623,271,0,0,41,0.9817073170731707,0
60.35599,3,0,0,0.0,36.905709999700775,0.7746689989289735,36.934300002030795,0.21078431372549022,272,0,0,43,0.940406976744186,0
60.39298,3,0,0,0.0,36.95733300264692,0.7824189997336362,36.98106500087306,0.21001221001221004,273,0,0,43,0.9447674418604651,0
60.42986,3,0,0,0.0,36.84979800164001,0.7533669995609671,36.87281900056405,0.2092457420924574,274,0,0,43,0.9491279069767442,0
60.46675,3,0,0,0.0,36.8599510002241,0.7717560001765378,36.8838219983445,0.2084848484848485,275,0,0,43,0.9534883720930233,0
60.50357,3,0,0,0.0,36.80020100000547,0.7430840014421847,36.82599400053732,0.20772946859903385,276,0,0,43,0.9578488372093024,0
60.54071,3,0,0,0.0,37.10944100021152,0.7678869988012593,37.132326997380005,0.20697954271961494,277,0,0,43,0.9622093023255814,0
60.5777,3,0,0,0.0,36.962878999474924,0.7877930001995992,36.98815100142383,0.20623501199040772,278,0,0,43,0.9665697674418605,0
60.64786,4,1,83,33.29470500102616,36.80927900131792,0.8910949982237071,70.14657000036095,0.32974910394265233,279,0,0,49,0.9591836734693877,0
60.6858,4,0,0,0.0,37.91706399715622,0.8946250018198043,37.94349300005706,0.3285714285714286,280,0,0,49,0.9642857142857143,0
60.72358,4,0,0,0.0,37.75024399874383,0.889565002580639,37.77408800306148,0.32740213523131667,281,0,0,49,0.9693877551020408,0
60.76172,4,0,0,0.0,38.11130499889259,0.8638850013085175,38.13666399946669,0.3262411347517731,282,0,0,49,0.9744897959183674,0
60.80224,4,0,0,0.0,40.48561200033873,0.8759689990256447,40.51073300070129,0.3250883392226148,283,0,0,49,0.9795918367346939,0
60.84264,4,0,0,0.0,40.36874799930956,0.8796279980742838,40.397182001470355,0.323943661971831,284,0,0,50,0.965,0
60.88032,4,0,0,0.0,37.653691000741674,0.8858100009092595,37.69227800148656,0.32280701754385965,285,0,0,50,0.97,0
60.91793,4,0,0,0.0,37.564302001555916,0.8695069991517812,37.59021600126289,0.32167832167832167,286,0,0,50,0.975,0
60.95504,4,0,0,0.0,37.08015899974271,0.9028829990711529,37.10574800061295,0.32055749128919864,287,0,0,50,0.98,0
60.9967,4,0,0,0.0,41.622536002250854,0.9121660004893783,41.65246000047773,0.3194444444444444,288,0,0,52,0.9471153846153846,0
61.03405,4,0,0,0.0,37.318122002034215,0.9057780007424299,37.34234800140257,0.31833910034602075,289,0,0,52,0.9519230769230769,0
61.07121,4,0,0,0.0,37.1341139980359,0.8945839981606696,37.158388000534615,0.3172413793103448,290,0,0,52,0.9567307692307693,0
61.10865,4,0,0,0.0,37.41629399883095,0.893383999937214,37.441279000631766,0.3161512027491409,291,0,0,52,0.9615384615384616,0
61.17913,5,1,255,32.94887299853144,37.47551500055124,1.055472999723861,70.47171100202831,0.2773972602739726,292,0,0,69,0.9601449275362319,0
61.21745,5,0,0,0.0,38.28648199851159,1.078389999747742,38.31540499959374,0.2764505119453925,293,0,0,70,0.9508928571428571,0
61.25574,5,0,0,0.0,38.261023997620214,1.0867499986488838,38.285440001345705,0.2755102040816326,294,0,0,70,0.9553571428571429,0
61.32499,6,1,180,32.24211999986437,36.958581000362756,1.2134530006733257,69.25154999771621,0.29378531073446323,295,0,0,82,0.9573170731707317,0
61.36227,6,0,0,0.0,37.24676300043939,1.2419000013323966,37.271848999807844,0.2927927927927928,296,0,0,82,0.961890243902439,0
61.39971,6,0,0,0.0,37.4064499992528,1.2157830024079885,37.43398599908687,0.29180695847362514,297,0,0,82,0.9664634146341463,0
61.4371,6,0,0,0.0,37.35593100282131,1.249744000233477,37.38024999984191,0.29082774049217,298,0,0,82,0.9710365853658537,0
61.47455,6,0,0,0.0,37.42807199887466,1.228812998306239,37.45479300050647,0.28985507246376807,299,0,0,82,0.975609756097561,0
61.51191,6,0,0,0.0,37.32548499829136,1.2308069999562576,37.35448500083294,0.28888888888888886,300,0,0,83,0.9683734939759037,0
61.54965,6,0,0,0.0,37.704571997892344,1.2414419979904778,37.72826400017948,0.2879291251384275,301,0,0,83,0.9728915662650602,0
61.58693,6,0,0,0.0,37.25302000020747,1.25973200192675,37.27698200236773,0.2869757174392936,302,0,0,83,0.9774096385542169,0
61.6251,6,0,0,0.0,38.14046899788082,1.2506909988587722,38.16460500092944,0.286028602860286,303,0,0,83,0.9819277108433735,0
61.66235,6,0,0,0.0,37.20422200058238,1.253629001439549,37.24509500170825,0.2850877192982456,304,0,0,85,0.9632352941176471,0
61.69964,6,0,0,0.0,37.26435600037803,1.2372959972708486,37.29021699837176,0.28415300546448086,305,0,0,85,0.9676470588235294,0
61.737,6,0,0,0.0,37.31975899790996,1.2627549986063968,37.3526449984638,0.2832244008714597,306,0,0,85,0.9720588235294118,0
61.77456,6,0,0,0.0,37.528197000938235,1.2529649975476786,37.557702999038156,0.28230184581976114,307,0,0,86,0.9651162790697675,0
61.81201,6,0,0,0.0,37.40718100016238,1.2661559994739946,37.44391500003985,0.2813852813852814,308,0,0,87,0.9583333333333334,0
61.8507,6,0,0,0.0,38.65742699781549,1.2632670004677493,38.68558799877064,0.2804746494066882,309,0,0,88,0.9517045454545454,0
61.88827,6,0,0,0.0,37.53807899920503,1.2947220020578243,37.563343001238536,0.27956989247311825,310,0,0,88,0.9559659090909091,0
61.92506,6,0,0,0.0,36.761782997928094,1.299659998039715,36.78697400027886,0.2786709539121115,311,0,0,88,0.9602272727272727,0
61.96262,6,0,0,0.0,37.531287998717744,1.288098999793874,37.55722700225306,0.2777777777777778,312,0,0,88,0.9644886363636364,0
61.99993,6,0,0,0.0,37.28756900090957,1.2909739998576697,37.313363998691784,0.27689030883919064,313,0,0,88,0.96875,0
62.03756,6,0,0,0.0,37.59661900039646,1.3098959971102886,37.620220999087906,0.2760084925690022,314,0,0,88,0.9730113636363636,0
62.07497,6,0,0,0.0,37.38099900147063,1.2787830019078683,37.40695000306005,0.2751322751322751,315,0,0,88,0.9772727272727273,0
62.11239,6,0,0,0.0,37.36607099926914,1.2986170004296582,37.4123250003322,0.2742616033755274,316,0,0,81,0.9729938271604939,0
62.14958,5,0,0,0.0,37.15696299695992,1.1483669986773748,37.18405799736502,0.20441640378548898,317,0,0,81,0.9768518518518519,0
62.18699,5,0,0,0.0,37.38269899986335,1.1569669986783992,37.41672099931748,0.20377358490566033,318,0,0,81,0.9807098765432098,0
62.22362,5,0,0,0.0,36.590743002307136,1.172574997326592,36.61483500036411,0.20313479623824449,319,0,0,81,0.9845679012345679,0
62.26105,5,0,0,0.0,37.399057000584435,1.1732999992091209,37.42807000162429,0.2025,320,0,0,83,0.9646084337349398,0
62.29862,5,0,0,0.0,37.53911099920515,1.183162003144389,37.565514001471456,0.20186915887850465,321,0,0,83,0.9683734939759037,0
62.33658,5,0,0,0.0,37.932406998152146,1.1744420007744338,37.95821700259694,0.2012422360248447,322,0,0,83,0.9721385542168675,0
62.37417,5,0,0,0.0,37.55898899908061,1.1911090005014557,37.587031998555176,0.20061919504643966,323,0,0,84,0.9642857142857143,0
62.41169,5,0,0,0.0,37.49261999837472,1.1858530015160795,37.51858599935076,0.19999999999999996,324,0,0,84,0.9680059523809523,0
62.44901,5,0,0,0.0,37.28657199826557,1.1928989988518879,37.313542001356836,0.19938461538461538,325,0,0,85,0.9602941176470589,0
62.4863,5,0,0,0.0,37.25670399944647,1.1863180006912444,37.28225200029556,0.1987730061349693,326,0,0,85,0.9639705882352941,0
62.52303,5,0,0,0.0,36.69581299982383,1.1804189998656511,36.72186000039801,0.1981651376146789,327,0,0,85,0.9676470588235294,0
62.56053,5,0,0,0.0,37.47177499826648,1.1968329999945126,37.49791500013089,0.19756097560975605,328,0,0,85,0.9713235294117647,0
62.59793,5,0,0,0.0,37.363421000918606,1.1906479994649999,37.39952699834248,0.19696048632218843,329,0,0,71,0.9779929577464789,0
62.6355,4,0,0,0.0,37.544100003287895,1.0444540021126159,37.566954000794794,0.15833333333333333,330,0,0,71,0.9815140845070423,0
62.67285,4,0,0,0.0,37.31509000135702,1.0272479994455352,37.338991001888644,0.15785498489425986,331,0,0,71,0.9850352112676056,0
62.71024,4,0,0,0.0,37.36120999747072,1.0482729994691908,37.38936399895465,0.15737951807228912,332,0,0,72,0.9748263888888888,0
62.74765,4,0,0,0.0,37.38491700278246,1.0343029971409123,37.40747199844918,0.1569069069069069,333,0,0,72,0.9782986111111112,0
62.78497,4,0,0,0.0,37.286417002178496,1.0246330020891037,37.31237299871282,0.156437125748503,334,0,0,72,0.9817708333333334,0
62.82166,4,0,0,0.0,36.66553999937605,1.055771001119865,36.690834000182804,0.15597014925373132,335,0,0,72,0.9852430555555556,0
62.86065,4,0,0,0.0,38.95797899895115,1.0276859975419939,38.98524000032921,0.15550595238095233,336,0,0,74,0.9619932432432432,0
62.89794,4,0,0,0.0,37.26159899815684,1.033706997986883,37.28747700006352,0.15504451038575673,337,0,0,74,0.9653716216216216,0
62.9353,4,0,0,0.0,37.327844998799264,1.0566609998932108,37.350152000726666,0.1545857988165681,338,0,0,74,0.96875,0
62.97256,4,0,0,0.0,37.22777800066979,1.0232339991489425,37.252449001243804,0.15412979351032452,339,0,0,74,0.9721283783783784,0
63.00968,4,0,0,0.0,37.092439000844024,1.0473379988980014,37.11679000116419,0.1536764705882353,340,0,0,74,0.9755067567567568,0
63.04719,4,0,0,0.0,37.478903999726754,1.0331500016036443,37.504464999074116,0.15322580645161288,341,0,0,75,0.9658333333333333,0
63.0844,4,0,0,0.0,37.18307700182777,1.0581360002106521,37.20588800206315,0.1527777777777778,342,0,0,75,0.9691666666666666,0
63.12076,4,0,0,0.0,36.336045999632915,1.027905000228202,36.359739999170415,0.15233236151603502,343,0,0,75,0.9725,0
63.15794,4,0,0,0.0,37.1501840018027,1.069849997293204,37.17223800049396,0.15188953488372092,344,0,0,75,0.9758333333333333,0
63.1953,4,0,0,0.0,37.33784300129628,1.0568170000624377,37.36359499816899,0.1514492753623189,345,0,0,75,0.9791666666666666,0
63.23252,4,0,0,0.0,37.16876500038779,1.0575790001894347,37.2059729998,0.15101156069364163,346,0,0,75,0.9825,0
63.30235,5,1,192,32.33209999962128,37.45510800217744,1.2458359997253865,69.83210500038695,0.20979827089337177,347,0,0,88,0.9772727272727273,0
63.34024,5,0,0,0.0,37.856848000956234,1.2297730027057696,37.88476699992316,0.20919540229885059,348,0,0,89,0.9698033707865169,0
63.37765,5,0,0,0.0,37.37593700134312,1.2552039988804609,37.408366002637194,0.208595988538682,349,0,0,71,0.9788732394366197,0
63.41472,4,0,0,0.0,37.03782000229694,1.0408849993837066,37.062532999698306,0.20571428571428574,350,0,0,71,0.9823943661971831,0
63.45109,4,0,0,0.0,36.34579099889379,1.0664550027286168,36.36833100244985,0.20512820512820518,351,0,0,71,0.9859154929577465,0
63.48823,4,0,0,0.0,37.10867400150164,1.0477539981366135,37.13765100110322,0.20454545454545459,352,0,0,73,0.9623287671232876,0
63.52556,4,0,0,0.0,37.29536999890115,1.0739889985416085,37.32169800059637,0.20396600566572243,353,0,0,73,0.9657534246575342,0
63.56295,4,0,0,0.0,37.360242000431754,1.0611010002321564,37.385282001196174,0.2033898305084746,354,0,0,73,0.9691780821917808,0
63.60024,4,0,0,0.0,37.26020400063135,1.1325220002618153,37.28604199932306,0.20281690140845066,355,0,0,73,0.9726027397260274,0
63.63751,4,0,0,0.0,37.23752400037483,1.0664940018614288,37.26128199923551,0.202247191011236,356,0,0,73,0.976027397260274,0
63.67481,4,0,0,0.0,37.25948099963716,1.0616409999784082,37.295600999641465,0.2016806722689075,357,0,0,51,0.9632352941176471,0
63.711,3,0,0,0.0,36.16217300077551,0.8082130007096566,36.196028002450475,0.18380062305295952,321,0,0,51,0.9669117647058824,0
63.74769,3,0,0,0.0,36.658315002569,0.8137250006257091,36.68001500045648,0.18322981366459623,322,0,0,51,0.9705882352941176,0
63.81784,4,1,211,32.46808699987014,37.63324100145837,0.9701179988041986,70.14630599951488,0.22368421052631582,323,0,0,65,0.9682692307692308,0
63.85729,4,0,0,0.0,39.425303002644796,1.1830229996121489,39.449249001336284,0.22299382716049387,324,0,0,65,0.9721153846153846,0
63.92735,5,1,129,32.524844998988556,37.46653599955607,1.144546000432456,70.05030200161855,0.29846153846153844,325,0,0,74,0.9670608108108109,0
63.96447,5,0,0,0.0,37.091810001584236,1.1116899986518547,37.11893699801294,0.2975460122699386,326,0,0,75,0.9583333333333334,0
64.00109,5,0,0,0.0,36.585341000318294,1.127078001445625,36.611072999221506,0.29663608562691135,327,0,0,75,0.9625,0
64.03856,5,0,0,0.0,37.44481300236657,1.1392209999030456,37.46722700088867,0.2957317073170732,328,0,0,75,0.9666666666666667,0
64.07603,5,0,0,0.0,37.44293199997628,1.1381900003470946,37.46774200044456,0.2948328267477204,329,0,0,75,0.9708333333333333,0
64.11313,5,0,0,0.0,37.07091399701312,1.1547020003490616,37.09471099864459,0.29393939393939394,330,0,0,75,0.975,0
64.15067,5,0,0,0.0,37.514154999371385,1.1321050005790312,37.53987900199718,0.2930513595166163,331,0,0,76,0.9662828947368421,0
64.18789,5,0,0,0.0,37.17469699768117,1.1627429994405247,37.20831399914459,0.29216867469879515,332,0,0,58,0.9762931034482759,0
64.22507,4,0,0,0.0,37.15553700021701,0.9728969998832326,37.17980799774523,0.3198198198198198,333,0,0,58,0.9806034482758621,0
64.26236,4,0,0,0.0,37.25672700238647,0.9851309987425338,37.27962299672072,0.31886227544910184,334,0,0,58,0.9849137931034483,0
64.29872,4,0,0,0.0,36.34105200035265,0.9584590006852522,36.3672060011595,0.31791044776119404,335,0,0,58,0.9892241379310345,0
64.33648,4,0,0,0.0,37.71311899981811,0.9830109993345104,37.74328800136573,0.3169642857142857,336,0,0,60,0.9604166666666667,0
64.37388,4,0,0,0.0,37.377690998255275,0.9729990015330259,37.40320499855443,0.31602373887240354,337,0,0,60,0.9645833333333333,0
64.4109,4,0,0,0.0,36.989636999351205,0.9914789989124984,37.0132050011307,0.3150887573964497,338,0,0,60,0.96875,0
64.448,4,0,0,0.0,37.06515899830265,0.9800360021472443,37.09853399777785,0.3141592920353983,339,0,0,60,0.9729166666666667,0
64.4851,4,0,0,0.0,37.064998999994714,0.9882170015771408,37.09330399942701,0.31323529411764706,340,0,0,61,0.9610655737704918,0
64.52269,4,0,0,0.0,37.562936999165686,1.0062289984489325,37.59009900022647,0.31231671554252194,341,0,0,61,0.9651639344262295,0
64.56048,4,0,0,0.0,37.74242000145023,1.0088700000778772,37.781766997795785,0.3114035087719298,342,0,0,47,0.9587765957446809,0
64.59657,3,0,0,0.0,36.064321000594646,0.8379300015803892,36.09027299899026,0.29931972789115646,343,0,0,47,0.9627659574468085,0
64.6336,3,0,0,0.0,36.99804300049436,0.8456329996988643,37.02177100058179,0.29844961240310075,344,0,0,47,0.9667553191489362,0
64.7042,4,1,180,32.74757100007264,37.806667998665944,0.979291999101406,70.59924100030912,0.34275362318840574,345,0,0,59,0.965042372881356,0
64.74201,4,0,0,0.0,37.76464000111446,1.0037479987659026,37.79757300071651,0.3417630057803468,346,0,0,59,0.9692796610169492,0
64.77963,4,0,0,0.0,37.59657499904279,1.013642002362758,37.623895001161145,0.34077809798270897,347,0,0,59,0.9735169491525424,0
64.81758,4,0,0,0.0,37.919334001344396,1.0039139997388702,37.94715599724441,0.3397988505747126,348,0,0,59,0.9777542372881356,0
64.85769,4,0,0,0.0,40.05150800003321,1.0102380001626443,40.07808000096702,0.3388252148997135,349,0,0,59,0.9819915254237288,0
64.89551,4,0,0,0.0,37.787654997373465,1.013679000607226,37.81537199756713,0.33785714285714286,350,0,0,59,0.986228813559322,0
64.96529,5,1,71,32.61645599923213,37.11724800086813,1.131389999500243,69.77900399942882,0.4290598290598291,351,0,0,64,0.9833984375,0
65.00326,5,0,0,0.0,37.93977000168525,1.1443580006016418,37.970691999362316,0.4278409090909091,352,0,0,66,0.9583333333333334,0
65.04098,5,0,0,0.0,37.687273001211,1.147172002674779,37.71917599806329,0.42662889518413594,353,0,0,66,0.9630681818181818,0
65.07859,5,0,0,0.0,37.56494399931398,1.1487259980640374,37.59088600054383,0.4254237288135593,354,0,0,66,0.9678030303030303,0
65.11583,5,0,0,0.0,37.21636100090109,1.1370039974281099,37.240931000269484,0.4242253521126761,355,0,0,66,0.9725378787878788,0
65.15345,5,0,0,0.0,37.591554999380605,1.1488620002637617,37.61805200338131,0.4230337078651686,356,0,0,67,0.9626865671641791,0
65.1911,5,0,0,0.0,37.61654400295811,1.1471719990368001,37.64562699871021,0.42184873949579826,357,0,0,68,0.953125,0
65.2306,5,0,0,0.0,39.46828300104244,1.1624159997154493,39.49583400026313,0.42067039106145254,358,0,0,68,0.9577205882352942,0
65.26895,5,0,0,0.0,38.319162998959655,1.1692849984683562,38.346327000908786,0.4194986072423398,359,0,0,68,0.9623161764705882,0
65.30786,5,0,0,0.0,38.8720579976507,1.1755149971577339,38.90347400010796,0.41833333333333333,360,0,0,69,0.9528985507246377,0
65.34596,5,0,0,0.0,38.06809999878169,1.220113001181744,38.09234300206299,0.417174515235457,361,0,0,69,0.957427536231884,0
65.41781,6,1,79,33.76516500065918,38.029407001886284,1.3562579988501966,71.84785199933685,0.47697974217311234,362,0,0,51,0.9546568627450981,0
65.45513,5,0,0,0.0,37.28714300086722,0.9287549983127974,37.31416900336626,0.37928286852589643,251,0,0,52,0.9423076923076923,0
65.49205,5,0,0,0.0,36.89632399982656,0.9475299993937369,36.921779999829596,0.37777777777777777,252,0,0,52,0.9483173076923077,0
65.52934,5,0,0,0.0,37.2429529998044,0.9333759990113322,37.282533001416596,0.3762845849802372,253,0,0,52,0.9543269230769231,0
65.56656,5,0,0,0.0,37.187703001109185,0.9287719985877629,37.21504799977993,0.37480314960629924,254,0,0,52,0.9603365384615384,0
65.60305,5,0,0,0.0,36.45654700085288,0.9205050009768456,36.48313799931202,0.3733333333333333,255,0,0,52,0.9663461538461539,0
65.64055,5,0,0,0.0,37.468621998414164,0.9582890015735757,37.495284999749856,0.37187499999999996,256,0,0,53,0.9540094339622641,0
65.67783,5,0,0,0.0,37.249935001455015,0.929226000152994,37.2757820005063,0.37042801556420235,257,0,0,53,0.9599056603773585,0
65.71497,5,0,0,0.0,37.11310300059267,0.9653890010667965,37.13951600002474,0.36899224806201547,258,0,0,53,0.9658018867924528,0
65.75232,5,0,0,0.0,37.319610000849934,0.9631510001781862,37.36309799933224,0.3675675675675676,259,0,0,53,0.9716981132075472,0
65.78947,5,0,0,0.0,37.10218299966073,0.9661490003054496,37.13174200311187,0.36615384615384616,260,0,0,54,0.9594907407407407,0
65.82666,5,0,0,0.0,37.149960997339804,0.9382420030306093,37.18193999884534,0.36475095785440614,261,0,0,55,0.9477272727272728,0
65.86404,5,0,0,0.0,37.34866900049383,0.9602019999874756,37.374206996901194,0.3633587786259542,262,0,0,55,0.9534090909090909,0
65.90031,5,0,0,0.0,36.24472400042578,0.9734029990795534,36.27147199949832,0.3619771863117871,263,0,0,55,0.9590909090909091,0
65.93793,5,0,0,0.0,37.57651400155737,0.9572800008754712,37.61690399915096,0.3606060606060606,264,0,0,56,0.9475446428571429,0
65.97507,5,0,0,0.0,37.10853600205155,0.9873279996099882,37.135876998945605,0.35924528301886793,265,0,0,56,0.953125,0
66.01244,5,0,0,0.0,37.33883500171942,0.9948260012606625,37.36582599958638,0.35789473684210527,266,0,0,56,0.9587053571428571,0
66.04992,5,0,0,0.0,37.44788900075946,0.9694330001366325,37.47713300253963,0.3565543071161049,267,0,0,57,0.9473684210526315,0
66.08722,5,0,0,0.0,37.26320599889732,0.9935230009432416,37.291029999323655,0.35522388059701493,268,0,0,57,0.9528508771929824,0
66.12458,5,0,0,0.0,37.32830200169701,0.9952670006896369,37.355127999035176,0.3539033457249071,269,0,0,57,0.9583333333333334,0
66.16204,5,0,0,0.0,37.43350000149803,0.96663099975558,37.4632129969541,0.35259259259259257,270,0,0,57,0.9638157894736842,0
66.1988,5,0,0,0.0,36.722438999277074,1.0230770021735225,36.750147002749145,0.35129151291512917,271,0,0,57,0.9692982456140351,0
66.23611,5,0,0,0.0,37.28074000173365,1.0091490003105719,37.30824100057362,0.35,272,0,0,58,0.9579741379310345,0
66.27383,5,0,0,0.0,37.68859999763663,1.0355619997426402,37.71589099778794,0.3487179487179487,273,0,0,58,0.9633620689655172,0
66.31094,5,0,0,0.0,37.07732600014424,1.0074179990624543,37.10328699889942,0.3474452554744526,274,0,0,58,0.96875,0
66.34867,5,0,0,0.0,37.699912001698976,1.004302001092583,37.72483699867735,0.34618181818181815,275,0,0,58,0.9741379310344828,0
66.38671,5,0,0,0.0,38.00757499993779,1.024892000714317,38.04505500011146,0.3449275362318841,276,0,0,46,0.9728260869565217,0
66.42417,4,0,0,0.0,37.41904699927545,0.869897998200031,37.448388000484556,0.3537906137184116,277,0,0,47,0.9574468085106383,0
66.4615,4,0,0,0.0,37.30376100065769,0.8933530007197987,37.32910700273351,0.3525179856115108,278,0,0,47,0.9627659574468085,0
66.49791,4,0,0,0.0,36.36865899898112,0.851436001539696,36.4040250024118,0.35125448028673834,279,0,0,40,0.9625,0
66.53411,3,0,0,0.0,36.176470002828864,0.7496130019717384,36.200593000103254,0.2666666666666667,280,0,0,40,0.9671875,0
66.57053,3,0,0,0.0,36.38625800158479,0.747385998693062,36.41215199968428,0.26571767497034404,281,0,0,40,0.971875,0
66.60672,3,0,0,0.0,36.16215300280601,0.7476659993699286,36.187920999509515,0.264775413711584,282,0,0,40,0.9765625,0
66.64323,3,0,0,0.0,36.47481100051664,0.7574439987365622,36.500040001556044,0.26383981154299174,283,0,0,41,0.9573170731707317,0
66.67952,3,0,0,0.0,36.255396000342444,0.7508070011681411,36.28807600034634,0.26291079812206575,284,0,0,41,0.961890243902439,0
66.71581,3,0,0,0.0,36.26658200300881,0.7396959990728647,36.291983000410255,0.2619883040935672,285,0,0,41,0.9664634146341463,0
66.7521,3,0,0,0.0,36.26192599767819,0.7561000020359643,36.284133999288315,0.2610722610722611,286,0,0,41,0.9710365853658537,0
66.78755,3,0,0,0.0,35.42213599939714,0.7626309998158831,35.44679799961159,0.26016260162601623,287,0,0,41,0.975609756097561,0
66.82387,3,0,0,0.0,36.28510199996526,0.7537179990322329,36.3132879974728,0.2592592592592593,288,0,0,42,0.9568452380952381,0
66.86045,3,0,0,0.0,36.55730099853827,0.767629000620218,36.582267999619944,0.2583621683967705,289,0,0,42,0.9613095238095238,0
66.89666,3,0,0,0.0,36.17351899811183,0.7581790014228318,36.19785099726869,0.2574712643678161,290,0,0,42,0.9657738095238095,0
66.93301,3,0,0,0.0,36.320449002232635,0.7441100024152547,36.3450559998455,0.2565864833906071,291,0,0,42,0.9702380952380952,0
66.96967,3,0,0,0.0,36.63448700172012,0.7878020005591679,36.65834999992512,0.2557077625570776,292,0,0,42,0.9747023809523809,0
67.00579,3,0,0,0.0,36.08672100017429,0.7428009994328022,36.114099999394966,0.25483503981797495,293,0,0,43,0.9563953488372093,0
67.04246,3,0,0,0.0,36.64792999916244,0.7490429998142645,36.67051999946125,0.25396825396825395,294,0,0,43,0.9607558139534884,0
67.07781,3,0,0,0.0,35.32580200044322,0.7599050004500896,35.34989699983271,0.2531073446327684,295,0,0,43,0.9651162790697675,0
67.114,3,0,0,0.0,36.15467700001318,0.7597040021209978,36.1799219972454,0.25225225225225223,296,0,0,43,0.9694767441860465,0
67.15034,3,0,0,0.0,36.29953700146871,0.7775180019962136,36.33720200014068,0.2514029180695847,297,0,0,43,0.9738372093023255,0
67.18674,3,0,0,0.0,36.372487997141434,0.7619910029461607,36.398554999323096,0.2505592841163311,298,0,0,43,0.9781976744186046,0
67.22321,3,0,0,0.0,36.43880099843955,0.7691760001762304,36.46850699806237,0.24972129319955405,299,0,0,44,0.9602272727272727,0
67.26028,3,0,0,0.0,37.03883499838412,0.7793240001774393,37.06598400094663,0.24888888888888894,300,0,0,44,0.9644886363636364,0
67.29714,3,0,0,0.0,36.82476399990264,0.8109909977065399,36.84858100314159,0.24806201550387597,301,0,0,44,0.96875,0
67.33368,3,0,0,0.0,36.51971999715897,0.7790119998389855,36.546735998854274,0.2472406181015453,302,0,0,44,0.9730113636363636,0
67.36991,3,0,0,0.0,36.19756099942606,0.7869569999456871,36.22294900196721,0.24642464246424645,303,0,0,44,0.9772727272727273,0
67.40689,3,0,0,0.0,36.94860500036157,0.802443999418756,36.977087998820934,0.24561403508771928,304,0,0,45,0.9597222222222223,0
67.44425,3,0,0,0.0,37.328037000406766,0.8170250002876855,37.35217699795612,0.24480874316939893,305,0,0,45,0.9638888888888889,0
67.48111,3,0,0,0.0,36.83194899713271,0.8159099998010788,36.85831899929326,0.24400871459694984,306,0,0,45,0.9680555555555556,0
67.51791,3,0,0,0.0,36.76642299978994,0.818844997411361,36.79131500030053,0.24321389793702497,307,0,0,45,0.9722222222222222,0
67.55453,3,0,0,0.0,36.59064599924022,0.7939460010675248,36.61469500002568,0.24242424242424243,308,0,0,45,0.9763888888888889,0
67.591,3,0,0,0.0,36.43430800002534,0.7923560006020125,36.469180002313806,0.24163969795037754,309,0,0,46,0.9592391304347826,0
67.62729,3,0,0,0.0,36.25952700167545,0.7938999988255091,36.283370998717146,0.24086021505376343,310,0,0,46,0.9633152173913043,0
67.66303,3,0,0,0.0,35.702828001376474,0.7967509991431143,35.735359000682365,0.240085744908896,311,0,0,37,0.964527027027027,0
67.69895,2,0,0,0.0,35.89410800123005,0.7039159972919151,35.915570999350166,0.08493589743589747,312,0,0,37,0.9679054054054054,0
67.7352,2,0,0,0.0,36.228461998689454,0.693848000082653,36.251694000384305,0.0846645367412141,313,0,0,37,0.9712837837837838,0
67.77134,2,0,0,0.0,36.094815000979,0.7069720013532788,36.130517000856344,0.08439490445859876,314,0,0,37,0.9746621621621622,0
67.80767,2,0,0,0.0,36.305481000454165,0.6959569982427638,36.330478000309085,0.08412698412698416,315,0,0,37,0.9780405405405406,0
67.844,2,0,0,0.0,36.29614999954356,0.7195029975264333,36.32593400106998,0.08386075949367089,316,0,0,37,0.981418918918919,0
67.88043,2,0,0,0.0,36.40752200226416,0.7086140030878596,36.43132599972887,0.08359621451104104,317,0,0,37,0.9847972972972973,0
67.91665,2,0,0,0.0,36.18693899989012,0.7026230014162138,36.211648999596946,0.08333333333333337,318,0,0,37,0.9881756756756757,0
67.95237,2,0,0,0.0,35.69043799870997,0.713222998456331,35.71450500021456,0.08307210031347967,319,0,0,37,0.9915540540540541,0
67.98872,2,0,0,0.0,36.31813600077294,0.7213720018626191,36.34445599891478,0.08281249999999996,320,0,0,38,0.96875,0
68.02497,2,0,0,0.0,36.212207000062335,0.7353820001299027,36.24574499917799,0.08255451713395634,321,0,0,17,0.9889705882352942,0
68.05776,1,0,0,0.0,32.76891300265561,0.5968359982944094,32.79079999992973,0.0,269,0,0,17,0.9926470588235294,0
68.09041,1,0,0,0.0,32.62505199745647,0.6201169999258127,32.64718900027219,0.0,270,0,0,17,0.9963235294117647,0
68.12292,1,0,0,0.0,32.48111399807385,0.593683998886263,32.503274000191595,0.0,271,0,0,17,1.0,0
68.15554,1,0,0,0.0,32.59588999935659,0.6080279999878258,32.620090001728386,0.0,272,0,0,18,0.9479166666666666,0
68.18809,1,0,0,0.0,32.52659300051164,0.6032299970684107,32.549159001064254,0.0,273,0,0,18,0.9513888888888888,0
68.22063,1,0,0,0.0,32.50476000175695,0.6100590035202913,32.52742399854469,0.0,274,0,0,18,0.9548611111111112,0
68.25314,1,0,0,0.0,32.49003199744038,0.5838610013597645,32.509763001144165,0.0,275,0,0,18,0.9583333333333334,0
68.28554,1,0,0,0.0,32.37747499952093,0.5873109985259362,32.39972799929092,0.0,276,0,0,18,0.9618055555555556,0
68.31804,1,0,0,0.0,32.472065002366435,0.5839109981025103,32.4934710006346,0.0,277,0,0,18,0.9652777777777778,0
68.35065,1,0,0,0.0,32.58541000104742,0.595509001868777,32.605308002530364,0.0,278,0,0,18,0.96875,0
68.38314,1,0,0,0.0,32.46548199967947,0.6010170000081416,32.485953997820616,0.0,279,0,0,18,0.9722222222222222,0
68.41535,1,0,0,0.0,32.18378599922289,0.5908219973207451,32.20472799876006,0.0,280,0,0,18,0.9756944444444444,0
68.44808,1,0,0,0.0,32.708672999433475,0.5703409988200292,32.72979000030318,0.0,281,0,0,18,0.9791666666666666,0
68.48039,1,0,0,0.0,32.28344400122296,0.5985009993310086,32.304748998285504,0.0,282,0,0,18,0.9826388888888888,0
68.51289,1,0,0,0.0,32.4701389981783,0.5844350016559474,32.49146300004213,0.0,283,0,0,18,0.9861111111111112,0
68.54545,1,0,0,0.0,32.542698998440756,0.5961030001344625,32.56256999884499,0.0,284,0,0,18,0.9895833333333334,0
68.57797,1,0,0,0.0,32.49488800065592,0.5839900004502852,32.51681700203335,0.0,285,0,0,18,0.9930555555555556,0
68.61045,1,0,0,0.0,32.450699000037275,0.6119949975982308,32.47267899860162,0.0,286,0,0,18,0.9965277777777778,0
68.64302,1,0,0,0.0,32.54588199706632,0.603405998845119,32.566121000854764,0.0,287,0,0,18,1.0,0
68.67557,1,0,0,0.0,32.52587799943285,0.6053729994164314,32.5507879970246,0.0,288,0,0,19,0.9506578947368421,0
68.70825,1,0,0,0.0,32.652256999426754,0.6007339979987592,32.67640900230617,0.0,289,0,0,19,0.9539473684210527,0
68.74081,1,0,0,0.0,32.52818400142132,0.6224890021258034,32.55174799778615,0.0,290,0,0,19,0.9572368421052632,0
68.77343,1,0,0,0.0,32.59355500267702,0.5993479971948545,32.61531099997228,0.0,291,0,0,19,0.9605263157894737,0
68.8056,1,0,0,0.0,32.15049000209547,0.5865950006409548,32.17111800040584,0.0,292,0,0,19,0.9638157894736842,0
68.83802,1,0,0,0.0,32.39389399823267,0.579079998715315,32.41738300130237,0.0,293,0,0,19,0.9671052631578947,0
68.87054,1,0,0,0.0,32.49004600002081,0.6191539978317451,32.511246001377,0.0,294,0,0,19,0.9703947368421053,0
68.90291,1,0,0,0.0,32.34702199915773,0.6078900005377363,32.368674997997005,0.0,295,0,0,19,0.9736842105263158,0
68.93543,1,0,0,0.0,32.48359500139486,0.6132540001999587,32.513640999241034,0.0,296,0,0,0,0.0,0
