t_s,batch,n_prefill,prefill_tokens,prefill_ms,decode_ms,gather_ms,iteration_ms,padding_waste,context_max,waiting,preempted,kv_blocks_used,kv_slot_utilization,wasted_decode_tokens
0.08101,1,1,235,35.879667000699556,45.058908999635605,12.747777000186034,81.00095800182316,0.0,235,0,0,15,0.9833333333333333,0
0.11389,1,0,0,0.0,32.838809998793295,0.5909520004934166,32.873430998733966,0.0,236,0,0,15,0.9875,0
0.14661,1,0,0,0.0,32.69271200042567,0.5875620008737314,32.71612800017465,0.0,237,0,0,15,0.9916666666666667,0
0.17925,1,0,0,0.0,32.614301999274176,0.574349000089569,32.636392999847885,0.0,238,0,0,15,0.9958333333333333,0
0.21147,1,0,0,0.0,32.18611400006921,0.5769470008090138,32.208861000981415,0.0,239,0,0,15,1.0,0
0.24368,1,0,0,0.0,32.18256499894778,0.5633639993902761,32.213398000749294,0.0,240,0,0,16,0.94140625,0
0.27626,1,0,0,0.0,32.54537400061963,0.5538020013773348,32.56662100102403,0.0,241,0,0,16,0.9453125,0
0.30857,1,0,0,0.0,32.28829599902383,0.569507999898633,32.31045299980906,0.0,242,0,0,16,0.94921875,0
0.34076,1,0,0,0.0,32.16436300135683,0.5491189986059908,32.18700500292471,0.0,243,0,0,16,0.953125,0
0.37333,1,0,0,0.0,32.54193300017505,0.5663740012096241,32.56170000167913,0.0,244,0,0,16,0.95703125,0
0.40594,1,0,0,0.0,32.58285599804367,0.5950340018898714,32.60618500280543,0.0,245,0,0,16,0.9609375,0
0.43839,1,0,0,0.0,32.42527999827871,0.5832679999002721,32.449786998768104,0.0,246,0,0,16,0.96484375,0
0.47104,1,0,0,0.0,32.619673998851795,0.5774570017820224,32.642529000440845,0.0,247,0,0,16,0.96875,0
0.5046,1,0,0,0.0,33.53098899970064,0.6305030001385603,33.55476100114174,0.0,248,0,0,16,0.97265625,0
0.53725,1,0,0,0.0,32.62873700077762,0.5836300006194506,32.653531001415104,0.0,249,0,0,16,0.9765625,0
0.56969,1,0,0,0.0,32.413364002422895,0.5906199985474814,32.43726400251035,0.0,250,0,0,16,0.98046875,0
0.6024,1,0,0,0.0,32.67702300217934,0.573929999518441,32.70008599793073,0.0,251,0,0,16,0.984375,0
0.64075,1,0,0,0.0,38.32286000033491,0.5725689989048988,38.34931500023231,0.0,252,0,0,16,0.98828125,0
0.67469,1,0,0,0.0,33.911545000592014,0.8373890013899654,33.932763999473536,0.0,253,0,0,16,0.9921875,0
0.70765,1,0,0,0.0,32.9283220016805,0.5653070002153981,32.949952998023946,0.0,254,0,0,16,0.99609375,0
0.74031,1,0,0,0.0,32.638487999065546,0.5522629980987404,32.65950700006215,0.0,255,0,0,16,1.0,0
0.773,1,0,0,0.0,32.65234600257827,0.5550889982259832,32.681157001206884,0.0,256,0,0,17,0.9448529411764706,0
0.80575,1,0,0,0.0,32.727452999097295,0.6365130029735155,32.74785799658275,0.0,257,0,0,17,0.9485294117647058,0
0.83834,1,0,0,0.0,32.56245599914109,0.5645170022035018,32.584537999355234,0.0,258,0,0,17,0.9522058823529411,0
0.87112,1,0,0,0.0,32.759483001427725,0.5670409991580527,32.78150600090157,0.0,259,0,0,17,0.9558823529411765,0
0.904,1,0,0,0.0,32.85668000171427,0.5897360024391674,32.877434001420625,0.0,260,0,0,17,0.9595588235294118,0
0.93667,1,0,0,0.0,32.6455079994048,0.5925810000917409,32.666966999386204,0.0,261,0,0,17,0.9632352941176471,0
0.97513,1,0,0,0.0,38.42934900239925,0.565546997677302,38.45045799971558,0.0,262,0,0,17,0.9669117647058824,0
1.00775,1,0,0,0.0,32.594682001217734,0.5996879990561865,32.61639500124147,0.0,263,0,0,17,0.9705882352941176,0
1.04023,1,0,0,0.0,32.448996000312036,0.5734269980166573,32.47045099851675,0.0,264,0,0,17,0.9742647058823529,0
1.0729,1,0,0,0.0,32.648755000991514,0.5651899991789833,32.67289900031756,0.0,265,0,0,17,0.9779411764705882,0
1.10585,1,0,0,0.0,32.916472999204416,0.5963559997326229,32.94107699912274,0.0,266,0,0,17,0.9816176470588235,0
1.139,1,0,0,0.0,33.12279599776957,0.5843580001965165,33.14519100240432,0.0,267,0,0,17,0.9852941176470589,0
1.17186,1,0,0,0.0,32.83781599748181,0.5846490021212958,32.860147999599576,0.0,268,0,0,17,0.9889705882352942,0
1.20461,1,0,0,0.0,32.7238040008524,0.576450998778455,32.74579999924754,0.0,269,0,0,17,0.9926470588235294,0
1.23705,1,0,0,0.0,32.4146569982986,0.5699590001313481,32.437113000924,0.0,270,0,0,17,0.9963235294117647,0
1.2697,1,0,0,0.0,32.61330799796269,0.5825429980177432,32.63782299836748,0.0,271,0,0,17,1.0,0
1.30267,1,0,0,0.0,32.9435010025918,0.5774829987785779,32.96892199796275,0.0,272,0,0,18,0.9479166666666666,0
1.33543,1,0,0,0.0,32.72859500066261,0.5742100001953077,32.75140299956547,0.0,273,0,0,18,0.9513888888888888,0
1.36825,1,0,0,0.0,32.797929998196196,0.5864079976163339,32.821228000102565,0.0,274,0,0,18,0.9548611111111112,0
1.40132,1,0,0,0.0,33.042258000932634,0.6089420021453407,33.064484003261896,0.0,275,0,0,18,0.9583333333333334,0
1.43431,1,0,0,0.0,32.96279599817353,0.6072770011087414,32.98604500014335,0.0,276,0,0,18,0.9618055555555556,0
1.46698,1,0,0,0.0,32.64419699917198,0.5894599999010097,32.67505400071968,0.0,277,0,0,18,0.9652777777777778,0
1.49999,1,0,0,0.0,32.97681399999419,0.6025539987604134,32.99894999872777,0.0,278,0,0,18,0.96875,0
1.53309,1,0,0,0.0,33.07079300066107,0.6101479993958492,33.0951180003467,0.0,279,0,0,18,0.9722222222222222,0
1.56884,1,0,0,0.0,35.715186000743415,0.61316400024225,35.74060900064069,0.0,280,0,0,18,0.9756944444444444,0
1.60218,1,0,0,0.0,33.313502000964945,0.5999210006848443,33.337486998789245,0.0,281,0,0,18,0.9791666666666666,0
1.63541,1,0,0,0.0,33.203236998815555,0.6066200003260747,33.22897600082797,0.0,282,0,0,18,0.9826388888888888,0
1.66872,1,0,0,0.0,33.283638000284554,0.6165700033307076,33.30792199994903,0.0,283,0,0,18,0.9861111111111112,0
1.70147,1,0,0,0.0,32.70051199797308,0.5937530004302971,32.73646899833693,0.0,284,0,0,0,0.0,0
2.10744,1,1,201,34.69507900081226,33.36327899887692,0.581328000407666,68.12357699891436,0.0,201,0,0,13,0.9711538461538461,0
2.19254,3,2,354,47.34260199984419,37.700239998230245,0.7381649993476458,85.08983899810119,0.22454672245467222,239,0,0,36,0.9704861111111112,0
2.22963,3,0,0,0.0,37.0603650007979,0.713142999302363,37.08846200242988,0.2236111111111111,240,0,0,37,0.9493243243243243,0
2.26651,3,0,0,0.0,36.83876600189251,0.703499998053303,36.877319998893654,0.2226832641770401,241,0,0,37,0.9543918918918919,0
2.30359,3,0,0,0.0,37.04859700155794,0.7161760004237294,37.07438099809224,0.221763085399449,242,0,0,37,0.9594594594594594,0
2.34047,3,0,0,0.0,36.85005099760019,0.7422220005537383,36.87304900086019,0.2208504801097394,243,0,0,37,0.964527027027027,0
2.37731,3,0,0,0.0,36.815480001678225,0.6898179999552667,36.84034700199845,0.2199453551912568,244,0,0,37,0.9695945945945946,0
2.41465,3,0,0,0.0,37.306031001207884,0.7657670030312147,37.333127002057154,0.21904761904761905,245,0,0,38,0.9490131578947368,0
2.45167,3,0,0,0.0,36.988081999879796,0.7229580005514435,37.01376099706977,0.21815718157181574,246,0,0,38,0.9539473684210527,0
2.48803,3,0,0,0.0,36.33052399891312,0.7181990004028194,36.353315001179,0.21727395411605943,247,0,0,38,0.9588815789473685,0
2.52507,3,0,0,0.0,37.013340999692446,0.7444180009770207,37.03867500007618,0.21639784946236562,248,0,0,38,0.9638157894736842,0
2.56218,3,0,0,0.0,37.08600900063175,0.7509370007028338,37.11083400048665,0.21552878179384205,249,0,0,38,0.96875,0
2.59934,3,0,0,0.0,37.128495998331346,0.7675989982089959,37.15354800078785,0.21466666666666667,250,0,0,38,0.9736842105263158,0
2.63626,3,0,0,0.0,36.88903299917001,0.7351090025622398,36.91356700073811,0.21381142098273576,251,0,0,38,0.9786184210526315,0
2.67299,3,0,0,0.0,36.69719800018356,0.7316739975067321,36.7265220011177,0.2129629629629629,252,0,0,39,0.9583333333333334,0
2.71027,3,0,0,0.0,37.25267200206872,0.7430179975926876,37.279726999258855,0.21212121212121215,253,0,0,39,0.9631410256410257,0
2.74725,3,0,0,0.0,36.930557998857694,0.7702660004724748,36.96576999936951,0.21128608923884518,254,0,0,39,0.967948717948718,0
2.7838,3,0,0,0.0,36.52663799948641,0.7356520000030287,36.55113499917206,0.2104575163398693,255,0,0,39,0.9727564102564102,0
2.82114,3,0,0,0.0,37.30222000012873,0.7644420002179686,37.3309579990746,0.20963541666666663,256,0,0,40,0.953125,0
2.85813,3,0,0,0.0,36.96833700087154,0.7448539981851354,36.99285100083216,0.20881971465629057,257,0,0,40,0.9578125,0
2.89539,3,0,0,0.0,37.22846999880858,0.7522189989686012,37.25097400092636,0.20801033591731266,258,0,0,40,0.9625,0
2.93244,3,0,0,0.0,37.01690600064467,0.7381659997918177,37.04207600094378,0.2072072072072072,259,0,0,40,0.9671875,0
2.96962,3,0,0,0.0,37.1509460019297,0.7413980019919109,37.175993998971535,0.20641025641025645,260,0,0,40,0.971875,0
3.00675,3,0,0,0.0,37.100258999998914,0.7358959992416203,37.12686499784468,0.20561941251596427,261,0,0,41,0.9527439024390244,0
3.04378,3,0,0,0.0,37.003707999247126,0.7515910001529846,37.028593997092685,0.2048346055979644,262,0,0,41,0.9573170731707317,0
3.08037,3,0,0,0.0,36.558946001605364,0.7601720026286785,36.58314000131213,0.20405576679340942,263,0,0,41,0.961890243902439,0
3.1176,3,0,0,0.0,37.19578000163892,0.7722199989075307,37.22290899895597,0.2032828282828283,264,0,0,41,0.9664634146341463,0
3.15521,3,0,0,0.0,37.575925001874566,0.7382119983958546,37.60363299807068,0.2025157232704402,265,0,0,41,0.9710365853658537,0
3.19316,3,0,0,0.0,37.9198019982141,0.7820389982953202,37.94378600287018,0.20175438596491224,266,0,0,41,0.975609756097561,0
3.26558,4,1,98,33.77158099829103,38.606238002103055,0.8838039975671563,72.42469500124571,0.3089887640449438,267,0,0,48,0.9661458333333334,0
3.30406,4,0,0,0.0,38.43980300007388,0.8627860006527044,38.469009999971604,0.3078358208955224,268,0,0,49,0.951530612244898,0
3.34219,4,0,0,0.0,38.10461499961093,0.8829409998725168,38.131203000375535,0.30669144981412644,269,0,0,49,0.9566326530612245,0
3.37999,4,0,0,0.0,37.763936998089775,0.8733329996175598,37.789115001942264,0.3055555555555556,270,0,0,49,0.9617346938775511,0
3.41743,4,0,0,0.0,37.41488900050172,0.8655809979245532,37.44229999938398,0.3044280442804428,271,0,0,49,0.9668367346938775,0
3.45527,4,0,0,0.0,37.800366000737995,0.8649329975014552,37.83081000074162,0.3033088235294118,272,0,0,50,0.9525,0
3.49348,4,0,0,0.0,38.178358001459856,0.8642579996376298,38.204317999770865,0.30219780219780223,273,0,0,50,0.9575,0
3.53143,4,0,0,0.0,37.90982599821291,0.8606930023233872,37.93612000299618,0.30109489051094895,274,0,0,50,0.9625,0
3.56952,4,0,0,0.0,38.05792299681343,0.8746969979256392,38.0859960023372,0.30000000000000004,275,0,0,50,0.9675,0
3.60768,4,0,0,0.0,38.120819997857325,0.8609259966760874,38.14631899876986,0.29891304347826086,276,0,0,50,0.9725,0
3.64573,4,0,0,0.0,38.02694700061693,0.8703839994268492,38.05655699761701,0.29783393501805056,277,0,0,51,0.9583333333333334,0
3.68366,4,0,0,0.0,37.889784998696996,0.8883690024958923,37.91429199918639,0.2967625899280576,278,0,0,51,0.9632352941176471,0
3.72085,4,0,0,0.0,37.16131200053496,0.8706619992153719,37.18836999905761,0.29569892473118276,279,0,0,51,0.9681372549019608,0
3.75861,4,0,0,0.0,37.731865002569975,0.866616999701364,37.75739800039446,0.2946428571428571,280,0,0,51,0.9730392156862745,0
3.79714,4,0,0,0.0,38.499026999488706,0.8787009974184912,38.53009600061341,0.29359430604982206,281,0,0,52,0.9591346153846154,0
3.83513,4,0,0,0.0,37.95153800092521,0.9141330010606907,37.97754000333953,0.29255319148936165,282,0,0,52,0.9639423076923077,0
3.87312,4,0,0,0.0,37.95744899980491,0.8988800000224728,37.984155998856295,0.2915194346289752,283,0,0,52,0.96875,0
3.91103,4,0,0,0.0,37.882885000726674,0.9058729992830195,37.90879499865696,0.2904929577464789,284,0,0,53,0.9551886792452831,0
3.94893,4,0,0,0.0,37.86646099979407,0.8916900005715434,37.89316000256804,0.2894736842105263,285,0,0,53,0.9599056603773585,0
3.98686,4,0,0,0.0,37.89832799884607,0.8863959992595483,37.921418999758316,0.28846153846153844,286,0,0,53,0.964622641509434,0
4.02388,4,0,0,0.0,36.99967699867557,0.877901999047026,37.024647997895954,0.28745644599303133,287,0,0,53,0.9693396226415094,0
4.0616,4,0,0,0.0,37.68873900116887,0.9014559982460923,37.716714999987744,0.28645833333333337,288,0,0,54,0.9560185185185185,0
4.09964,4,0,0,0.0,38.00709999995888,0.8765910024521872,38.034111999877496,0.2854671280276817,289,0,0,54,0.9606481481481481,0
4.13777,4,0,0,0.0,38.09721899961005,0.9025720028148498,38.12468800242641,0.2844827586206896,290,0,0,54,0.9652777777777778,0
4.17563,4,0,0,0.0,37.828965003427584,0.9088830011023674,37.855422000575345,0.28350515463917525,291,0,0,54,0.9699074074074074,0
4.21397,4,0,0,0.0,38.312954999128124,0.8982090002973564,38.339288999850396,0.28253424657534243,292,0,0,54,0.9745370370370371,0
4.25162,4,0,0,0.0,37.609151000651764,0.9214510027959477,37.63767700002063,0.28156996587030714,293,0,0,55,0.9613636363636363,0
4.28966,4,0,0,0.0,38.01805799957947,0.8825810000416823,38.041916999645764,0.2806122448979592,294,0,0,55,0.9659090909090909,0
4.32658,4,0,0,0.0,36.89385500183562,0.8977469988167286,36.919350997777656,0.2796610169491526,295,0,0,55,0.9704545454545455,0
4.36441,4,0,0,0.0,37.79745199790341,0.8978870027931407,37.82254999896395,0.27871621621621623,296,0,0,55,0.975,0
4.40215,4,0,0,0.0,37.68417399987811,0.916643999516964,37.72303400182864,0.2777777777777778,297,0,0,37,0.9527027027027027,0
4.43926,3,0,0,0.0,37.08900999845355,0.7155340026656631,37.1132159998524,0.27969348659003834,261,0,0,37,0.9577702702702703,0
4.47606,3,0,0,0.0,36.76912599985371,0.7298460004676599,36.79385800205637,0.27862595419847325,262,0,0,37,0.9628378378378378,0
4.51253,3,0,0,0.0,36.432682998565724,0.7396130022243597,36.46189600112848,0.2775665399239544,263,0,0,38,0.9424342105263158,0
4.54948,3,0,0,0.0,36.924642001395114,0.7294409988389816,36.95092999987537,0.2765151515151515,264,0,0,38,0.9473684210526315,0
4.58669,3,0,0,0.0,37.166427999181906,0.7234869990497828,37.18966499945964,0.2754716981132076,265,0,0,38,0.9523026315789473,0
4.62367,3,0,0,0.0,36.95084400169435,0.7428880016959738,36.97555100006866,0.2744360902255639,266,0,0,38,0.9572368421052632,0
4.66083,3,0,0,0.0,37.13096499996027,0.7201020016509574,37.15596099937102,0.27340823970037453,267,0,0,38,0.962171052631579,0
4.6982,3,0,0,0.0,37.33138800089364,0.7357469985436182,37.36335999928997,0.2723880597014925,268,0,0,26,0.9759615384615384,0
4.73494,2,0,0,0.0,36.71626900177216,0.6632529984926805,36.74122799930046,0.24535315985130113,269,0,0,26,0.9807692307692307,0
4.77176,2,0,0,0.0,36.786242002563085,0.6735339993610978,36.81002900339081,0.24444444444444446,270,0,0,26,0.9855769230769231,0
4.80791,2,0,0,0.0,36.12256300039007,0.6492819993582089,36.147083999821916,0.24354243542435428,271,0,0,26,0.9903846153846154,0
4.84467,2,0,0,0.0,36.72802000073716,0.6752660010533873,36.75347100215731,0.24264705882352944,272,0,0,27,0.9583333333333334,0
4.88146,2,0,0,0.0,36.766384000657126,0.6423220002034213,36.7902790021617,0.2417582417582418,273,0,0,27,0.9629629629629629,0
4.91835,2,0,0,0.0,36.85947399935685,0.6452400011767168,36.881079999147914,0.24087591240875916,274,0,0,27,0.9675925925925926,0
4.95505,2,0,0,0.0,36.67755700007547,0.6518900008813944,36.70240200153785,0.24,275,0,0,27,0.9722222222222222,0
4.99226,2,0,0,0.0,37.17663000134053,0.6857189982838463,37.200957998720696,0.23913043478260865,276,0,0,28,0.9419642857142857,0
5.02896,2,0,0,0.0,36.67280599984224,0.6596109997190069,36.6956720026792,0.2382671480144405,277,0,0,28,0.9464285714285714,0
5.06584,2,0,0,0.0,36.852401000942336,0.663765000354033,36.87506999995094,0.237410071942446,278,0,0,28,0.9508928571428571,0
5.10194,2,0,0,0.0,36.07108100186451,0.6750009997631423,36.09410499848309,0.23655913978494625,279,0,0,28,0.9553571428571429,0
5.13892,2,0,0,0.0,36.944119001418585,0.6638729973929003,36.969955999666126,0.23571428571428577,280,0,0,28,0.9598214285714286,0
5.17592,2,0,0,0.0,36.97157200076617,0.6984979991102591,36.99735900227097,0.23487544483985767,281,0,0,28,0.9642857142857143,0
5.21326,2,0,0,0.0,37.31345800042618,0.6969650021346752,37.338794998504454,0.23404255319148937,282,0,0,28,0.96875,0
5.25044,2,0,0,0.0,37.141797998629045,0.6983979983488098,37.167158003285294,0.2332155477031802,283,0,0,28,0.9732142857142857,0
5.28775,2,0,0,0.0,37.28365999995731,0.6721799982187804,37.307806000171695,0.23239436619718312,284,0,0,28,0.9776785714285714,0
5.32512,2,0,0,0.0,37.339749997045146,0.6834879968664609,37.36526300053811,0.2315789473684211,285,0,0,28,0.9821428571428571,0
5.36233,2,0,0,0.0,37.183190001087496,0.6843839983048383,37.209135000011884,0.23076923076923073,286,0,0,28,0.9866071428571429,0
5.39901,2,0,0,0.0,36.646395001298515,0.711351000063587,36.66987299948232,0.22996515679442509,287,0,0,28,0.9910714285714286,0
5.43626,2,0,0,0.0,37.20227699886891,0.692509001964936,37.22971999741276,0.22916666666666663,288,0,0,29,0.9612068965517241,0
5.47371,2,0,0,0.0,37.426386999868555,0.6855120009277016,37.452184998983284,0.22837370242214527,289,0,0,29,0.9655172413793104,0
5.51111,2,0,0,0.0,37.36610000123619,0.6776419977541082,37.3910930029524,0.22758620689655173,290,0,0,29,0.9698275862068966,0
5.54854,2,0,0,0.0,37.40538300189655,0.7025320010143332,37.432240998896305,0.22680412371134018,291,0,0,29,0.9741379310344828,0
5.58568,2,0,0,0.0,37.10683200188214,0.6790029983676504,37.13474500182201,0.226027397260274,292,0,0,30,0.9458333333333333,0
5.6232,2,0,0,0.0,37.491931001568446,0.688131000060821,37.51651399943512,0.22525597269624575,293,0,0,30,0.95,0
5.66046,2,0,0,0.0,37.22288399876561,0.6874800019431859,37.24847099874751,0.22448979591836737,294,0,0,30,0.9541666666666667,0
5.69708,2,0,0,0.0,36.59190400139778,0.6694419971609022,36.61476799970842,0.22372881355932206,295,0,0,30,0.9583333333333334,0
5.73431,2,0,0,0.0,37.20703900035005,0.7014620023255702,37.23287499815342,0.22297297297297303,296,0,0,30,0.9625,0
5.77172,2,0,0,0.0,37.37707899927045,0.6877610030642245,37.40185399874463,0.2222222222222222,297,0,0,30,0.9666666666666667,0
5.80898,2,0,0,0.0,37.233020997518906,0.6793980028305668,37.25649899934069,0.2214765100671141,298,0,0,30,0.9708333333333333,0
5.84638,2,0,0,0.0,37.3740139984875,0.7025080012681428,37.39971299728495,0.22073578595317722,299,0,0,30,0.975,0
5.88359,2,0,0,0.0,37.165293000725796,0.6784899997001048,37.192383999354206,0.21999999999999997,300,0,0,30,0.9791666666666666,0
5.92109,2,0,0,0.0,37.466213001607684,0.6797529968025628,37.49148399947444,0.21926910299003322,301,0,0,30,0.9833333333333333,0
5.95823,2,0,0,0.0,37.10800200133235,0.703187000908656,37.13248200074304,0.2185430463576159,302,0,0,30,0.9875,0
5.99474,2,0,0,0.0,36.47332400214509,0.6871290024719201,36.49620800206321,0.2178217821782178,303,0,0,30,0.9916666666666667,0
6.03158,2,0,0,0.0,36.81426700131851,0.6915270023455378,36.84180599884712,0.2171052631578947,304,0,0,31,0.9637096774193549,0
6.06857,2,0,0,0.0,36.95817900006659,0.6623369990848005,36.98378499757382,0.2163934426229508,305,0,0,31,0.967741935483871,0
6.10573,2,0,0,0.0,37.13600199989742,0.6789620019844733,37.1601910010213,0.21568627450980393,306,0,0,31,0.9717741935483871,0
6.14272,2,0,0,0.0,36.961076002626214,0.6743320009263698,36.98757399979513,0.21498371335504884,307,0,0,31,0.9758064516129032,0
6.17987,2,0,0,0.0,37.112582998815924,0.6846519972896203,37.140342999919085,0.2142857142857143,308,0,0,32,0.94921875,0
6.21712,2,0,0,0.0,37.223234998236876,0.687063999066595,37.24652300297748,0.21359223300970875,309,0,0,32,0.953125,0
6.25443,2,0,0,0.0,37.27529200114077,0.7000580008025281,37.30948199881823,0.2129032258064516,310,0,0,12,0.9322916666666666,0
6.2877,1,0,0,0.0,33.24090499882004,0.5734619990107603,33.26362500229152,0.0,179,0,0,12,0.9375,0
6.32102,1,0,0,0.0,33.288957998593105,0.5567019979935139,33.311678998870775,0.0,180,0,0,12,0.9427083333333334,0
6.35433,1,0,0,0.0,33.2848570033093,0.5930520019319374,33.30875600295258,0.0,181,0,0,12,0.9479166666666666,0
6.38753,1,0,0,0.0,33.167706002132036,0.5636890018649865,33.19294700122555,0.0,182,0,0,12,0.953125,0
6.42107,1,0,0,0.0,33.51345400005812,0.562186000024667,33.536425999045605,0.0,183,0,0,12,0.9583333333333334,0
6.45411,1,0,0,0.0,33.0127490015002,0.5861150020791683,33.034300002327655,0.0,184,0,0,12,0.9635416666666666,0
6.52465,2,1,146,33.491824000520865,37.004951998824254,0.6137339987617452,70.53848600116908,0.10540540540540544,185,0,0,22,0.9460227272727273,0
6.56176,2,0,0,0.0,37.07668299830402,0.633751002169447,37.10991899788496,0.10483870967741937,186,0,0,10,0.925,0
6.59519,1,0,0,0.0,33.393540001270594,0.5553350019908976,33.415383000829024,0.0,148,0,0,10,0.93125,0
6.62848,1,0,0,0.0,33.26721800112864,0.5805069995403755,33.291553998424206,0.0,149,0,0,10,0.9375,0
6.6617,1,0,0,0.0,33.179007998114685,0.5531640017579775,33.20394899856183,0.0,150,0,0,10,0.94375,0
6.6949,1,0,0,0.0,33.17158999925596,0.5536200005735736,33.19321399976616,0.0,151,0,0,10,0.95,0
6.72807,1,0,0,0.0,33.138261998828966,0.5802589985250961,33.162145999085624,0.0,152,0,0,10,0.95625,0
6.76119,1,0,0,0.0,33.089194002968725,0.5518760008271784,33.11433999988367,0.0,153,0,0,10,0.9625,0
6.79489,1,0,0,0.0,33.6616899985529,0.5795569995825645,33.68185799990897,0.0,154,0,0,10,0.96875,0
6.82787,1,0,0,0.0,32.96232299908297,0.5639320006594062,32.984311001200695,0.0,155,0,0,10,0.975,0
6.86116,1,0,0,0.0,33.260049000091385,0.5418469991127495,33.28381400206126,0.0,156,0,0,10,0.98125,0
6.89441,1,0,0,0.0,33.218844000657555,0.5789389979327098,33.23969600023702,0.0,157,0,0,10,0.9875,0
6.92759,1,0,0,0.0,33.15877500062925,0.565729002119042,33.18531300101313,0.0,158,0,0,10,0.99375,0
6.96077,1,0,0,0.0,33.14370400039479,0.5476870028360281,33.16706500118016,0.0,159,0,0,10,1.0,0
6.99369,1,0,0,0.0,32.89177999977255,0.5462260014610365,32.91515199816786,0.0,160,0,0,11,0.9147727272727273,0
7.02669,1,0,0,0.0,32.977205999486614,0.5372800005716272,32.998916001815815,0.0,161,0,0,11,0.9204545454545454,0
7.05961,1,0,0,0.0,32.89802099970984,0.5472510019899346,32.919927001785254,0.0,162,0,0,11,0.9261363636363636,0
7.09268,1,0,0,0.0,33.040640999388415,0.5221959982009139,33.062803999200696,0.0,163,0,0,11,0.9318181818181818,0
7.1256,1,0,0,0.0,32.898194000154035,0.5616349990305025,32.92036499988171,0.0,164,0,0,11,0.9375,0
7.15867,1,0,0,0.0,33.04239099816186,0.5287319982016925,33.06564400190837,0.0,165,0,0,11,0.9431818181818182,0
7.19167,1,0,0,0.0,32.97114599990891,0.570154999877559,32.99234199948842,0.0,166,0,0,11,0.9488636363636364,0
7.22474,1,0,0,0.0,33.04184099761187,0.5258300006971695,33.062177997635445,0.0,167,0,0,11,0.9545454545454546,0
7.25793,1,0,0,0.0,33.173717001773184,0.5435279999801423,33.19633900173358,0.0,168,0,0,11,0.9602272727272727,0
7.29112,1,0,0,0.0,33.155076002003625,0.5737989995395765,33.17790800065268,0.0,169,0,0,11,0.9659090909090909,0
7.32431,1,0,0,0.0,33.167018002131954,0.5685090000042692,33.189056997798616,0.0,170,0,0,11,0.9715909090909091,0
7.35744,1,0,0,0.0,33.0988179994165,0.5558369994105306,33.12285599895404,0.0,171,0,0,11,0.9772727272727273,0
7.39041,1,0,0,0.0,32.94634299891186,0.5636429996229708,32.96961399973952,0.0,172,0,0,11,0.9829545454545454,0
7.42363,1,0,0,0.0,33.19031400314998,0.5531850001716521,33.21324099670164,0.0,173,0,0,11,0.9886363636363636,0
7.45667,1,0,0,0.0,33.01422299773549,0.554289003048325,33.03737999885925,0.0,174,0,0,11,0.9943181818181818,0
7.48972,1,0,0,0.0,33.02722599983099,0.5467139999382198,33.051262002118165,0.0,175,0,0,11,1.0,0
7.5228,1,0,0,0.0,33.03983799924026,0.5588400017586537,33.06336100285989,0.0,176,0,0,12,0.921875,0
7.55577,1,0,0,0.0,32.955044000118505,0.5482359993038699,32.97654500056524,0.0,177,0,0,12,0.9270833333333334,0
7.58877,1,0,0,0.0,32.97089999978198,0.5530750022444408,32.992755997838685,0.0,178,0,0,12,0.9322916666666666,0
7.62172,1,0,0,0.0,32.925556999543915,0.5522699975699652,32.94561200164026,0.0,179,0,0,12,0.9375,0
7.65484,1,0,0,0.0,33.09121299753315,0.5355719986255281,33.11394000047585,0.0,180,0,0,12,0.9427083333333334,0
7.68778,1,0,0,0.0,32.903114002692746,0.5458380001073238,32.924983999691904,0.0,181,0,0,12,0.9479166666666666,0
7.72089,1,0,0,0.0,33.08424699935131,0.5410960002336651,33.10484599933261,0.0,182,0,0,12,0.953125,0
7.75386,1,0,0,0.0,32.94924800138688,0.5547870023292489,32.971071002975805,0.0,183,0,0,12,0.9583333333333334,0
7.78692,1,0,0,0.0,33.03622599923983,0.5440530003397726,33.05929799898877,0.0,184,0,0,12,0.9635416666666666,0
7.82022,1,0,0,0.0,33.267879000050016,0.5933619977440685,33.28767100174446,0.0,185,0,0,12,0.96875,0
7.8896,2,1,207,33.25795700220624,36.07318799913628,0.6200079988047946,69.38252000327338,0.050724637681159424,207,0,0,25,0.9875,0
7.92643,2,0,0,0.0,36.79108600044856,0.6386909990396816,36.81594500085339,0.050480769230769273,208,0,0,26,0.9543269230769231,0
7.96352,2,0,0,0.0,37.07171200221637,0.6341469998005778,37.096795000252314,0.05023923444976075,209,0,0,26,0.9591346153846154,0
8.00034,2,0,0,0.0,36.79053299856605,0.6324340029095765,36.81114400023944,0.050000000000000044,210,0,0,26,0.9639423076923077,0
8.03713,2,0,0,0.0,36.75835700050811,0.6312830009846948,36.7819769999187,0.049763033175355464,211,0,0,26,0.96875,0
8.07396,2,0,0,0.0,36.80663499835646,0.6582479982171208,36.830060998909175,0.04952830188679247,212,0,0,26,0.9735576923076923,0
8.11118,2,0,0,0.0,37.19117999935406,0.6576839987246785,37.21826399851125,0.04929577464788737,213,0,0,27,0.9421296296296297,0
8.14816,2,0,0,0.0,36.94451699993806,0.6708850014547352,36.9684489996871,0.0490654205607477,214,0,0,27,0.9467592592592593,0
8.18432,2,0,0,0.0,36.134825997578446,0.6595599988941103,36.159917999611935,0.0488372093023256,215,0,0,27,0.9513888888888888,0
8.22119,2,0,0,0.0,36.84130399778951,0.6475789996329695,36.86211199965328,0.04861111111111116,216,0,0,27,0.9560185185185185,0
8.2584,2,0,0,0.0,37.186181001743535,0.6502840005850885,37.21210200092173,0.048387096774193505,217,0,0,27,0.9606481481481481,0
8.29575,2,0,0,0.0,37.31730700019398,0.6964280000829604,37.34076299951994,0.04816513761467889,218,0,0,27,0.9652777777777778,0
8.33323,2,0,0,0.0,37.45420599807403,0.7440800000040326,37.486883000383386,0.047945205479452024,219,0,0,27,0.9699074074074074,0
8.37063,2,0,0,0.0,37.35579399653943,0.6714869996358175,37.3808510012168,0.04772727272727273,220,0,0,27,0.9745370370370371,0
8.40799,2,0,0,0.0,37.33155400186661,0.6575689985766076,37.354711999796564,0.04751131221719462,221,0,0,27,0.9791666666666666,0
8.44521,2,0,0,0.0,37.19537900178693,0.6873160018585622,37.22107099747518,0.04729729729729726,222,0,0,27,0.9837962962962963,0
8.48179,2,0,0,0.0,36.54567400008091,0.6743300000380259,36.57034799834946,0.047085201793722,223,0,0,27,0.9884259259259259,0
8.51949,2,0,0,0.0,37.66887699748622,0.6601589993806556,37.70856999835814,0.046875,224,0,0,28,0.9575892857142857,0
8.55675,2,0,0,0.0,37.22199199910392,0.6511720021080691,37.2475759977533,0.046666666666666634,225,0,0,28,0.9620535714285714,0
8.59437,2,0,0,0.0,37.59232099764631,0.666015999740921,37.616795001667924,0.04646017699115046,226,0,0,28,0.9665178571428571,0
8.63153,2,0,0,0.0,37.12615100084804,0.6706439999106806,37.15015999841853,0.04625550660792954,227,0,0,28,0.9709821428571429,0
8.66874,2,0,0,0.0,37.184348999289796,0.6396059980033897,37.20878399690264,0.046052631578947345,228,0,0,28,0.9754464285714286,0
8.70581,2,0,0,0.0,37.03996200056281,0.6477640017692465,37.06546900139074,0.04585152838427953,229,0,0,29,0.9461206896551724,0
8.74285,2,0,0,0.0,37.011464999523014,0.6641670006501954,37.037198002508376,0.04565217391304344,230,0,0,29,0.9504310344827587,0
8.77915,2,0,0,0.0,36.27419699841994,0.6700259982608259,36.29745400030515,0.045454545454545414,231,0,0,29,0.9547413793103449,0
8.81642,2,0,0,0.0,37.238613000226906,0.6633929988311138,37.25984599805088,0.04525862068965514,232,0,0,29,0.959051724137931,0
8.85336,2,0,0,0.0,36.92019200025243,0.663645001623081,36.94326299955719,0.045064377682403456,233,0,0,29,0.9633620689655172,0
8.89032,2,0,0,0.0,36.927814999216935,0.6368789981934242,36.95145899837371,0.04487179487179482,234,0,0,29,0.9676724137931034,0
8.92715,2,0,0,0.0,36.79906600154936,0.6529290003527422,36.82055899844272,0.044680851063829796,235,0,0,29,0.9719827586206896,0
8.96412,2,0,0,0.0,36.94421700129169,0.6543839990627021,36.96916600165423,0.044491525423728806,236,0,0,29,0.9762931034482759,0
9.00103,2,0,0,0.0,36.87511899988749,0.6828130026406143,36.89643599864212,0.044303797468354444,237,0,0,29,0.9806034482758621,0
9.03796,2,0,0,0.0,36.91192400219734,0.6560929978149943,36.93463000308839,0.044117647058823484,238,0,0,29,0.9849137931034483,0
9.07392,2,0,0,0.0,35.93266700045206,0.6719949997204822,35.95631399730337,0.043933054393305415,239,0,0,29,0.9892241379310345,0
9.11081,2,0,0,0.0,36.85997600041446,0.655455998639809,36.885774999973364,0.043749999999999956,240,0,0,30,0.9604166666666667,0
9.14765,2,0,0,0.0,36.80559600252309,0.6827649995102547,36.828886997682275,0.04356846473029041,241,0,0,30,0.9645833333333333,0
9.18454,2,0,0,0.0,36.86590600045747,0.6551539991050959,36.890055002004374,0.04338842975206614,242,0,0,30,0.96875,0
9.22163,2,0,0,0.0,37.058486999740126,0.6574610015377402,37.080834998050705,0.043209876543209846,243,0,0,30,0.9729166666666667,0
9.25851,2,0,0,0.0,36.84005100149079,0.65297100081807,36.87857799741323,0.04303278688524592,244,0,0,30,0.9770833333333333,0
9.29555,2,0,0,0.0,37.0118309983809,0.6694840012642089,37.03786199912429,0.042857142857142816,245,0,0,31,0.9495967741935484,0
9.33267,2,0,0,0.0,37.094749000971206,0.6397189972631168,37.12023499974748,0.04268292682926833,246,0,0,31,0.9536290322580645,0
9.40189,3,1,228,32.95494499980123,36.215708998497576,0.7506820002163295,69.21123600113788,0.053981106612685514,247,0,0,46,0.9565217391304348,0
9.43889,3,0,0,0.0,36.97214699786855,0.7492679978895467,36.99668799890787,0.053763440860215006,248,0,0,46,0.9605978260869565,0
9.47597,3,0,0,0.0,37.046118999569444,0.7760740008961875,37.07120599938207,0.0535475234270415,249,0,0,46,0.9646739130434783,0
9.51311,3,0,0,0.0,37.11332600141759,0.7719929999439046,37.13688499919954,0.053333333333333344,250,0,0,46,0.96875,0
9.55003,3,0,0,0.0,36.898344002111116,0.765298002079362,36.92133799995645,0.05312084993359889,251,0,0,46,0.9728260869565217,0
9.58706,3,0,0,0.0,37.00310799831641,0.7556070013379212,37.02778499791748,0.05291005291005291,252,0,0,46,0.9769021739130435,0
9.62406,3,0,0,0.0,36.970216999179684,0.7749260003038216,36.992457000451395,0.05270092226613965,253,0,0,46,0.9809782608695652,0
9.66106,3,0,0,0.0,36.973342997953296,0.7699839989072643,36.99764699922525,0.05249343832021003,254,0,0,46,0.9850543478260869,0
9.69708,3,0,0,0.0,35.98956600035308,0.7721399997535627,36.01204699953087,0.05228758169934644,255,0,0,46,0.9891304347826086,0
9.73433,3,0,0,0.0,37.21952900014003,0.7493339981010649,37.246300002152566,0.05208333333333337,256,0,0,47,0.9720744680851063,0
9.77134,3,0,0,0.0,36.98478200021782,0.7580269993923139,37.0091719996708,0.05188067444876787,257,0,0,47,0.976063829787234,0
9.80843,3,0,0,0.0,37.054181997518754,0.7585409985040314,37.077757999213645,0.05167958656330751,258,0,0,47,0.9800531914893617,0
9.84545,3,0,0,0.0,36.996630999055924,0.7849959984014276,37.02367700316245,0.051480051480051525,259,0,0,48,0.9635416666666666,0
9.88255,3,0,0,0.0,37.06697300003725,0.7680179987801239,37.09283399803098,0.05128205128205132,260,0,0,48,0.9674479166666666,0
9.91986,3,0,0,0.0,37.27807500035851,0.776545002736384,37.30369899858488,0.05108556832694766,261,0,0,49,0.951530612244898,0
9.95689,3,0,0,0.0,37.00355800174293,0.7614780006406363,37.029888000688516,0.05089058524173029,262,0,0,49,0.9553571428571429,0
9.99319,3,0,0,0.0,36.26745500150719,0.7891939967521466,36.29236599954311,0.05069708491761726,263,0,0,49,0.9591836734693877,0
10.03022,3,0,0,0.0,36.99915000106557,0.7667659992875997,37.02270600115298,0.0505050505050505,264,0,0,49,0.9630102040816326,0
10.06729,3,0,0,0.0,37.045312998088775,0.7663940014026593,37.06966800018563,0.05031446540880502,265,0,0,49,0.9668367346938775,0
10.10432,3,0,0,0.0,37.000653999712085,0.7716960026300512,37.02354999768431,0.05012531328320802,266,0,0,49,0.9706632653061225,0
10.1413,3,0,0,0.0,36.958786000468535,0.752760999603197,36.98328800237505,0.04993757802746568,267,0,0,49,0.9744897959183674,0
10.17825,3,0,0,0.0,36.90287900099065,0.757408000936266,36.94429899769602,0.04975124378109452,268,0,0,32,0.97265625,0
10.21536,2,0,0,0.0,37.08462999929907,0.6614999983867165,37.10600799968233,0.0040000000000000036,250,0,0,32,0.9765625,0
10.25229,2,0,0,0.0,36.89792400109582,0.6662630003120285,36.92074599894113,0.003984063745019917,251,0,0,32,0.98046875,0
10.28942,2,0,0,0.0,37.09694700228283,0.6617670005653054,37.120924000191735,0.003968253968253954,252,0,0,32,0.984375,0
10.32645,2,0,0,0.0,37.007752998761134,0.669174001814099,37.02969100049813,0.0039525691699604515,253,0,0,32,0.98828125,0
10.36378,2,0,0,0.0,37.29969699998037,0.6657800004177261,37.32423700057552,0.003937007874015741,254,0,0,32,0.9921875,0
10.39969,2,0,0,0.0,35.87909799898625,0.6670900002063718,35.903393996704835,0.0039215686274509665,255,0,0,32,0.99609375,0
10.43649,2,0,0,0.0,36.76364299826673,0.6642189982812852,36.80277099920204,0.00390625,256,0,0,33,0.9696969696969697,0
10.47348,2,0,0,0.0,36.95091400004458,0.6488399994850624,36.974532002204796,0.0038910505836575737,257,0,0,33,0.9734848484848485,0
10.51035,2,0,0,0.0,36.82647499954328,0.6682419989374466,36.86623300018255,0.003875968992248069,258,0,0,34,0.9485294117647058,0
10.54741,2,0,0,0.0,37.034344000858255,0.6788470018364023,37.05806400103029,0.0038610038610038533,259,0,0,34,0.9522058823529411,0
10.58434,2,0,0,0.0,36.902355997881386,0.6859040004201233,36.927757999364985,0.0038461538461538325,260,0,0,34,0.9558823529411765,0
10.62148,2,0,0,0.0,37.10719899754622,0.686874998791609,37.13039599824697,0.003831417624521105,261,0,0,34,0.9595588235294118,0
10.65835,2,0,0,0.0,36.82704899983946,0.6706770000164397,36.86386900153593,0.003816793893129722,262,0,0,34,0.9632352941176471,0
10.69449,2,0,0,0.0,36.113680002017645,0.6951520008442458,36.156612000922905,0.0038022813688213253,263,0,0,34,0.9669117647058824,0
10.73194,2,0,0,0.0,37.40997300337767,0.6772859996999614,37.433796998811886,0.0037878787878787845,264,0,0,34,0.9705882352941176,0
10.7696,2,0,0,0.0,37.624208998749964,0.6973149975237902,37.64969099938753,0.0037735849056603765,265,0,0,34,0.9742647058823529,0
10.80674,2,0,0,0.0,37.11657100211596,0.6950559982215054,37.13839900228777,0.003759398496240629,266,0,0,34,0.9779411764705882,0
10.84381,2,0,0,0.0,37.04295499846921,0.6900580010551494,37.067285000375705,0.0037453183520599342,267,0,0,34,0.9816176470588235,0
10.88064,2,0,0,0.0,36.78865699839662,0.6948059999558609,36.820830002398,0.003731343283582045,268,0,0,17,0.9889705882352942,0
10.9139,1,0,0,0.0,33.236488001421094,0.5894950008951128,33.257697003136855,0.0,269,0,0,17,0.9926470588235294,0
10.94684,1,0,0,0.0,32.912159000261454,0.6019719985488337,32.93257399855065,0.0,270,0,0,17,0.9963235294117647,0
10.97988,1,0,0,0.0,33.01109899985022,0.562991997867357,33.03288400275051,0.0,271,0,0,17,1.0,0
11.013,1,0,0,0.0,33.09173600064241,0.6063990003895015,33.11500899872044,0.0,272,0,0,18,0.9479166666666666,0
11.04579,1,0,0,0.0,32.771908001450356,0.602332002017647,32.79201199984527,0.0,273,0,0,18,0.9513888888888888,0
11.07895,1,0,0,0.0,33.13002399954712,0.5615240006591193,33.15339400069206,0.0,274,0,0,18,0.9548611111111112,0
11.11234,1,0,0,0.0,33.36418600156321,0.6335619982564822,33.38733100099489,0.0,275,0,0,18,0.9583333333333334,0
11.14578,1,0,0,0.0,33.40991700315499,0.6210399988049176,33.43484599827207,0.0,276,0,0,18,0.9618055555555556,0
11.17891,1,0,0,0.0,33.09950499897241,0.6047520000720397,33.122731001640204,0.0,277,0,0,18,0.9652777777777778,0
11.21203,1,0,0,0.0,33.096151000791,0.6355030018312391,33.11791800297215,0.0,278,0,0,18,0.96875,0
11.24518,1,0,0,0.0,33.125297999504255,0.6282850008574314,33.1490929966094,0.0,279,0,0,18,0.9722222222222222,0
11.27884,1,0,0,0.0,33.63265100051649,0.6084349988668691,33.658346997981425,0.0,280,0,0,18,0.9756944444444444,0
11.31239,1,0,0,0.0,33.51359199950821,0.6414419985958375,33.535286002006615,0.0,281,0,0,18,0.9791666666666666,0
11.34557,1,0,0,0.0,33.15913199912757,0.6035429978510365,33.183177998580504,0.0,282,0,0,18,0.9826388888888888,0
11.37884,1,0,0,0.0,33.24493999753031,0.5893689994991291,33.26940300030401,0.0,283,0,0,18,0.9861111111111112,0
11.4123,1,0,0,0.0,33.428332000767114,0.6411079993995372,33.44981400005054,0.0,284,0,0,18,0.9895833333333334,0
11.44544,1,0,0,0.0,33.11094899981981,0.5888090017833747,33.13466100007645,0.0,285,0,0,18,0.9930555555555556,0
11.47889,1,0,0,0.0,33.42218599937041,0.608477999776369,33.447092999267625,0.0,286,0,0,18,0.9965277777777778,0
11.51238,1,0,0,0.0,33.46422399772564,0.6392549985321239,33.486866999737686,0.0,287,0,0,18,1.0,0
11.54582,1,0,0,0.0,33.40899600152625,0.6155110022518784,33.43680399848381,0.0,288,0,0,19,0.9506578947368421,0
11.57917,1,0,0,0.0,33.3190689998446,0.6110930007707793,33.34179000012227,0.0,289,0,0,19,0.9539473684210527,0
11.61269,1,0,0,0.0,33.4920420027629,0.6171599998197053,33.51423300046008,0.0,290,0,0,19,0.9572368421052632,0
11.64628,1,0,0,0.0,33.562597000127425,0.6023559981258586,33.58576900063781,0.0,291,0,0,19,0.9605263157894737,0
11.67946,1,0,0,0.0,33.15561799900024,0.6089759990572929,33.1792970027891,0.0,292,0,0,19,0.9638157894736842,0
11.71305,1,0,0,0.0,33.56189400074072,0.5936279994784854,33.58345399828977,0.0,293,0,0,19,0.9671052631578947,0
11.746,1,0,0,0.0,32.92823999800021,0.6220400027814321,32.95005000109086,0.0,294,0,0,19,0.9703947368421053,0
11.77927,1,0,0,0.0,33.240401000512065,0.6094390009820927,33.264785997744184,0.0,295,0,0,19,0.9736842105263158,0
11.81245,1,0,0,0.0,33.149802999105304,0.618198999291053,33.171201997902244,0.0,296,0,0,19,0.9769736842105263,0
11.84566,1,0,0,0.0,33.184895997692365,0.6000969988235738,33.208257002115715,0.0,297,0,0,19,0.9802631578947368,0
11.87889,1,0,0,0.0,33.20246099974611,0.6154539987619501,33.226464001927525,0.0,298,0,0,19,0.9835526315789473,0
11.91216,1,0,0,0.0,33.23910899780458,0.6398039986379445,33.25912199943559,0.0,299,0,0,19,0.9868421052631579,0
11.94542,1,0,0,0.0,33.23388200078625,0.6249340003705584,33.25751200100058,0.0,300,0,0,19,0.9901315789473685,0
11.97876,1,0,0,0.0,33.31819400045788,0.6240309994609561,33.34195000206819,0.0,301,0,0,19,0.993421052631579,0
12.01195,1,0,0,0.0,33.15884900075616,0.6247830024221912,33.18091200344497,0.0,302,0,0,19,0.9967105263157895,0
12.04504,1,0,0,0.0,33.06941499977256,0.620145998254884,33.092668003519066,0.0,303,0,0,19,1.0,0
12.0781,1,0,0,0.0,33.028799000021536,0.6271969978115521,33.05467699829023,0.0,304,0,0,20,0.953125,0
12.11119,1,0,0,0.0,33.05978899879847,0.6051400014257524,33.08060700146598,0.0,305,0,0,20,0.95625,0
12.14427,1,0,0,0.0,33.05078099947423,0.6208109989529476,33.07558799860999,0.0,306,0,0,20,0.959375,0
12.17714,1,0,0,0.0,32.84364600040135,0.6095909993746318,32.86733699860633,0.0,307,0,0,20,0.9625,0
12.21042,1,0,0,0.0,33.255812002607854,0.6152979985927232,33.27677999914158,0.0,308,0,0,20,0.965625,0
12.24341,1,0,0,0.0,32.963775000098394,0.6088739974074997,32.9858389995934,0.0,309,0,0,20,0.96875,0
12.27653,1,0,0,0.0,33.09501400144654,0.5928690006840043,33.11887299787486,0.0,310,0,0,20,0.971875,0
12.30978,1,0,0,0.0,33.2168040004035,0.6056339989299886,33.23816400006763,0.0,311,0,0,20,0.975,0
12.34289,1,0,0,0.0,33.08321199801867,0.6068930015317164,33.10682099981932,0.0,312,0,0,20,0.978125,0
12.37587,1,0,0,0.0,32.95094300119672,0.6204469973454252,32.973585002764594,0.0,313,0,0,20,0.98125,0
12.40895,1,0,0,0.0,33.05531799924211,0.6132890011940617,33.076892999815755,0.0,314,0,0,20,0.984375,0
12.44204,1,0,0,0.0,33.06238599907374,0.6235170003492385,33.087199000874534,0.0,315,0,0,20,0.9875,0
12.47542,1,0,0,0.0,33.35003700340167,0.6350059993565083,33.37420499883592,0.0,316,0,0,20,0.990625,0
12.50879,1,0,0,0.0,33.34687800088432,0.6236510016606189,33.36896500331932,0.0,317,0,0,20,0.99375,0
12.54198,1,0,0,0.0,33.156487999804085,0.6100790014897939,33.18062699690927,0.0,318,0,0,20,0.996875,0
12.57518,1,0,0,0.0,33.17946800234495,0.6347290000121575,33.20450400133268,0.0,319,0,0,20,1.0,0
12.60852,1,0,0,0.0,33.30504399855272,0.6428779997804668,33.33132799889427,0.0,320,0,0,21,0.9553571428571429,0
12.64208,1,0,0,0.0,33.53340199828381,0.610687999142101,33.556351001607254,0.0,321,0,0,21,0.9583333333333334,0
12.67511,1,0,0,0.0,33.00386000046274,0.620253002125537,33.028064000973245,0.0,322,0,0,21,0.9613095238095238,0
12.70815,1,0,0,0.0,33.006792997184675,0.6283239999902435,33.031294002284994,0.0,323,0,0,21,0.9642857142857143,0
12.74147,1,0,0,0.0,33.29565600142814,0.7422950002364814,33.316737000859575,0.0,324,0,0,21,0.9672619047619048,0
12.7751,1,0,0,0.0,33.604907999688294,0.5889419990126044,33.62904300229275,0.0,325,0,0,21,0.9702380952380952,0
12.80863,1,0,0,0.0,33.49496699956944,0.6616060018131975,33.51928700067219,0.0,326,0,0,21,0.9732142857142857,0
12.84137,1,0,0,0.0,32.719393999286694,0.7060739990265574,32.743699001002824,0.0,327,0,0,21,0.9761904761904762,0
12.87428,1,0,0,0.0,32.88044200235163,0.6128550012363121,32.90522400129703,0.0,328,0,0,21,0.9791666666666666,0
12.90692,1,0,0,0.0,32.604563999484526,0.6207639999047387,32.6284430011583,0.0,329,0,0,21,0.9821428571428571,0
12.9403,1,0,0,0.0,33.358771997882286,0.6293090009421576,33.382336998329265,0.0,330,0,0,21,0.9851190476190477,0
12.97307,1,0,0,0.0,32.735961001890246,0.6210100000316743,32.76310499859392,0.0,331,0,0,21,0.9880952380952381,0
13.00632,1,0,0,0.0,33.21992100245552,0.6332330012810417,33.243355002923636,0.0,332,0,0,21,0.9910714285714286,0
13.03927,1,0,0,0.0,32.920151999860536,0.612671999988379,32.94262100098422,0.0,333,0,0,21,0.9940476190476191,0
13.07169,1,0,0,0.0,32.40025500053889,0.6138689968793187,32.42324200255098,0.0,334,0,0,21,0.9970238095238095,0
13.10422,1,0,0,0.0,32.492661997821415,0.584605000767624,32.51442200053134,0.0,335,0,0,21,1.0,0
13.13685,1,0,0,0.0,32.59590499874321,0.6139010001788847,32.61848400143208,0.0,336,0,0,22,0.9573863636363636,0
13.16918,1,0,0,0.0,32.3099919987726,0.5884559977857862,32.32978700179956,0.0,337,0,0,22,0.9602272727272727,0
13.20138,1,0,0,0.0,32.17628799757222,0.5942479983787052,32.19692199854762,0.0,338,0,0,22,0.9630681818181818,0
13.23373,1,0,0,0.0,32.314014999428764,0.58628699844121,32.340132998797344,0.0,339,0,0,0,0.0,0
15.00438,1,1,174,35.954594997747336,33.03611600131262,0.5714430008083582,69.04205299724708,0.0,174,0,0,11,0.9943181818181818,0
15.03745,1,0,0,0.0,33.04073899926152,0.550939999811817,33.06121300192899,0.0,175,0,0,11,1.0,0
15.07018,1,0,0,0.0,32.70177800004603,0.5485790024977177,32.725529999879654,0.0,176,0,0,12,0.921875,0
15.1032,1,0,0,0.0,32.99199200046132,0.5498809987329878,33.013197000400396,0.0,177,0,0,12,0.9270833333333334,0
15.13674,1,0,0,0.0,33.51455699885264,0.5914000030315947,33.53816200251458,0.0,178,0,0,12,0.9322916666666666,0
15.17282,1,0,0,0.0,36.05226200306788,0.5943930009379983,36.076753996894695,0.0,179,0,0,12,0.9375,0
15.20599,1,0,0,0.0,33.138685997982975,0.5808400019304827,33.163277999847196,0.0,180,0,0,12,0.9427083333333334,0
15.23973,1,0,0,0.0,33.71515999970143,0.5953720028628595,33.737912999640685,0.0,181,0,0,12,0.9479166666666666,0
15.27316,1,0,0,0.0,33.39941300146165,0.5917829985264689,33.431781997933285,0.0,182,0,0,12,0.953125,0
15.30636,1,0,0,0.0,33.17053600039799,0.5945459997747093,33.195012001669966,0.0,183,0,0,12,0.9583333333333334,0
15.33945,1,0,0,0.0,33.05965199979255,0.586969999858411,33.08134599865298,0.0,184,0,0,12,0.9635416666666666,0
15.37237,1,0,0,0.0,32.89208400019561,0.5653619991790038,32.915064999542665,0.0,185,0,0,12,0.96875,0
15.40495,1,0,0,0.0,32.55098100271425,0.5720199987990782,32.57508900060202,0.0,186,0,0,12,0.9739583333333334,0
15.43782,1,0,0,0.0,32.842427001014585,0.5777190017397515,32.86354599913466,0.0,187,0,0,12,0.9791666666666666,0
15.47094,1,0,0,0.0,33.090134002122795,0.5658690024574753,33.115125999756856,0.0,188,0,0,12,0.984375,0
15.50404,1,0,0,0.0,33.0731799986097,0.5980549976811744,33.097528998041525,0.0,189,0,0,12,0.9895833333333334,0
15.53769,1,0,0,0.0,33.6227029984002,0.5927720012550708,33.646214000327745,0.0,190,0,0,12,0.9947916666666666,0
15.57096,1,0,0,0.0,33.24408299886272,0.5709460019716062,33.26771100182668,0.0,191,0,0,12,1.0,0
15.6044,1,0,0,0.0,33.41052799805766,0.5983880000712816,33.438319002016215,0.0,192,0,0,13,0.9278846153846154,0
15.63781,1,0,0,0.0,33.378963998984545,0.590059000387555,33.40110499993898,0.0,193,0,0,13,0.9326923076923077,0
15.67106,1,0,0,0.0,33.218700998986606,0.5721510024159215,33.24302799956058,0.0,194,0,0,13,0.9375,0
15.70413,1,0,0,0.0,33.04176600067876,0.5877240000700112,33.06559300108347,0.0,195,0,0,13,0.9423076923076923,0
15.73704,1,0,0,0.0,32.88647899898933,0.5876690011064056,32.90829199977452,0.0,196,0,0,13,0.9471153846153846,0
15.76981,1,0,0,0.0,32.746298998972634,0.5665019998559728,32.7687800017884,0.0,197,0,0,13,0.9519230769230769,0
15.80308,1,0,0,0.0,33.23905400247895,0.5587710002146196,33.26291799749015,0.0,198,0,0,13,0.9567307692307693,0
15.83672,1,0,0,0.0,33.60976400290383,0.6090579990996048,33.63271299895132,0.0,199,0,0,13,0.9615384615384616,0
15.86977,1,0,0,0.0,33.0246410012478,0.5717630010622088,33.04748200025642,0.0,200,0,0,13,0.9663461538461539,0
15.90247,1,0,0,0.0,32.67038500052877,0.5644879965984728,32.69357300086995,0.0,201,0,0,13,0.9711538461538461,0
15.93527,1,0,0,0.0,32.78075699927285,0.5450530006783083,32.80018000077689,0.0,202,0,0,13,0.9759615384615384,0
15.96803,1,0,0,0.0,32.73211600026116,0.548766998690553,32.754292002209695,0.0,203,0,0,13,0.9807692307692307,0
16.00078,1,0,0,0.0,32.72364300210029,0.5858099975739606,32.7454200014472,0.0,204,0,0,13,0.9855769230769231,0
16.03344,1,0,0,0.0,32.636888998240465,0.5505549997906201,32.65743700103485,0.0,205,0,0,13,0.9903846153846154,0
16.07215,1,0,0,0.0,38.67996999906609,0.5671749968314543,38.70970699790632,0.0,206,0,0,13,0.9951923076923077,0
16.10478,1,0,0,0.0,32.597143999737455,0.5694790015695617,32.61958499933826,0.0,207,0,0,13,1.0,0
16.13757,1,0,0,0.0,32.764288000180386,0.5612610002572183,32.789297998533584,0.0,208,0,0,14,0.9330357142857143,0
16.16995,1,0,0,0.0,32.35190099803731,0.5670389982697088,32.374611000705045,0.0,209,0,0,14,0.9375,0
16.20213,1,0,0,0.0,32.15519100194797,0.578349001443712,32.17793000294478,0.0,210,0,0,14,0.9419642857142857,0
16.23455,1,0,0,0.0,32.39444700011518,0.5564130005950574,32.41543100011768,0.0,211,0,0,14,0.9464285714285714,0
16.26701,1,0,0,0.0,32.4302630033344,0.5502359999809414,32.45247099766857,0.0,212,0,0,14,0.9508928571428571,0
16.2992,1,0,0,0.0,32.16000000247732,0.5733399993914645,32.18215300148586,0.0,213,0,0,14,0.9553571428571429,0
16.33166,1,0,0,0.0,32.44213699872489,0.5672240004059859,32.463475999975344,0.0,214,0,0,14,0.9598214285714286,0
16.36401,1,0,0,0.0,32.322040999133606,0.5639980008709244,32.34409099968616,0.0,215,0,0,14,0.9642857142857143,0
16.39608,1,0,0,0.0,32.037910001236014,0.5739910011470784,32.05927799717756,0.0,216,0,0,14,0.96875,0
16.42834,1,0,0,0.0,32.23505799905979,0.5711379999411292,32.2557549989142,0.0,217,0,0,14,0.9732142857142857,0
16.46187,1,0,0,0.0,33.50842500003637,0.5848020009580068,33.53272199819912,0.0,218,0,0,14,0.9776785714285714,0
16.49474,1,0,0,0.0,32.837488997756736,0.6040480002411641,32.86058400044567,0.0,219,0,0,14,0.9821428571428571,0
16.52786,1,0,0,0.0,33.09667599751265,0.5636570022033993,33.11892999772681,0.0,220,0,0,14,0.9866071428571429,0
16.56103,1,0,0,0.0,33.14417699948535,0.5893809975532349,33.169481001095846,0.0,221,0,0,14,0.9910714285714286,0
16.59404,1,0,0,0.0,32.97864200067124,0.6289510019996669,33.0028600001242,0.0,222,0,0,14,0.9955357142857143,0
16.62721,1,0,0,0.0,33.139841001684545,0.5940400005783886,33.16072599773179,0.0,223,0,0,14,1.0,0
16.6604,1,0,0,0.0,33.16553499826114,0.5904010031372309,33.19141099927947,0.0,224,0,0,15,0.9375,0
16.69326,1,0,0,0.0,32.83235300114029,0.5877960029465612,32.85643799972604,0.0,225,0,0,15,0.9416666666666667,0
16.72608,1,0,0,0.0,32.787509000627324,0.5864929989911616,32.80889300003764,0.0,226,0,0,15,0.9458333333333333,0
16.75882,1,0,0,0.0,32.71577199848252,0.5813569987367373,32.74127699842211,0.0,227,0,0,15,0.95,0
16.79168,1,0,0,0.0,32.832608001626795,0.6128349996288307,32.85598100046627,0.0,228,0,0,15,0.9541666666666667,0
16.82478,1,0,0,0.0,33.06646999772056,0.5750070013164077,33.0871379992459,0.0,229,0,0,15,0.9583333333333334,0
16.85778,1,0,0,0.0,32.98016200278653,0.5684070019924548,33.003696997184306,0.0,230,0,0,15,0.9625,0
16.89061,1,0,0,0.0,32.796732000861084,0.5800289982289542,32.82126799967955,0.0,231,0,0,15,0.9666666666666667,0
16.92339,1,0,0,0.0,32.751329003076535,0.5705879993911367,32.77308799806633,0.0,232,0,0,15,0.9708333333333333,0
16.95607,1,0,0,0.0,32.6598979991104,0.5836780001118314,32.6834220031742,0.0,233,0,0,15,0.975,0
16.98878,1,0,0,0.0,32.67611499904888,0.5932399981247727,32.6999880016956,0.0,234,0,0,15,0.9791666666666666,0
17.02148,1,0,0,0.0,32.679787997039966,0.5701580012100749,32.72070299863117,0.0,235,0,0,15,0.9833333333333333,0
17.05427,1,0,0,0.0,32.73979199730093,0.554178001038963,32.76267399996868,0.0,236,0,0,15,0.9875,0
17.09016,1,0,0,0.0,35.86134300348931,0.5910340005357284,35.88726100133499,0.0,237,0,0,15,0.9916666666666667,0
17.12413,1,0,0,0.0,33.93717499784543,0.7709260025876574,33.959149001020705,0.0,238,0,0,15,0.9958333333333333,0
17.15655,1,0,0,0.0,32.39459399992484,0.6028320021869149,32.41675800018129,0.0,239,0,0,15,1.0,0
17.18882,1,0,0,0.0,32.249063999188365,0.5622630014840979,32.27324299950851,0.0,240,0,0,16,0.94140625,0
17.22146,1,0,0,0.0,32.61274900069111,0.555667000298854,32.63391300060903,0.0,241,0,0,16,0.9453125,0
17.25366,1,0,0,0.0,32.17271700123092,0.5728149990318343,32.195329000387574,0.0,242,0,0,16,0.94921875,0
17.28605,1,0,0,0.0,32.366499999625375,0.5598860007012263,32.389897998655215,0.0,243,0,0,16,0.953125,0
17.31852,1,0,0,0.0,32.43787600149517,0.5884689999220427,32.460999002069,0.0,244,0,0,16,0.95703125,0
17.35098,1,0,0,0.0,32.432944997708546,0.56550799854449,32.45449399764766,0.0,245,0,0,16,0.9609375,0
17.38335,1,0,0,0.0,32.33266300230753,0.587049999012379,32.362149002437945,0.0,246,0,0,0,0.0,0
27.11833,1,1,98,34.37261799990665,33.04369200122892,0.5337129987310618,67.46935599949211,0.0,98,0,0,7,0.8839285714285714,0
27.15089,1,0,0,0.0,32.53160900203511,0.546164003026206,32.55201600040891,0.0,99,0,0,7,0.8928571428571429,0
27.1834,1,0,0,0.0,32.486369000253035,0.5346390025806613,32.50948999993852,0.0,100,0,0,7,0.9017857142857143,0
27.21548,1,0,0,0.0,32.05385399996885,0.5295839982863981,32.07733300223481,0.0,101,0,0,7,0.9107142857142857,0
27.2477,1,0,0,0.0,32.17582099750871,0.5293889989843592,32.19892099878052,0.0,102,0,0,7,0.9196428571428571,0
27.28006,1,0,0,0.0,32.33627699955832,0.515053001436172,32.36085699973046,0.0,103,0,0,7,0.9285714285714286,0
27.31234,1,0,0,0.0,32.24839800168411,0.5518090001714882,32.27241300191963,0.0,104,0,0,7,0.9375,0
27.34439,1,0,0,0.0,32.020541999372654,0.535724000656046,32.04266400280176,0.0,105,0,0,7,0.9464285714285714,0
27.37677,1,0,0,0.0,32.3562289995607,0.5074879991298076,32.377985000493936,0.0,106,0,0,7,0.9553571428571429,0
27.4088,1,0,0,0.0,32.00049599763588,0.5335780006134883,32.02296800009208,0.0,107,0,0,7,0.9642857142857143,0
27.44096,1,0,0,0.0,32.13246700033778,0.5263919993012678,32.15532100148266,0.0,108,0,0,7,0.9732142857142857,0
27.47339,1,0,0,0.0,32.40653299872065,0.5562139995163307,32.42676700028824,0.0,109,0,0,7,0.9821428571428571,0
27.50539,1,0,0,0.0,31.977007998648332,0.5341129981388804,31.99843999755103,0.0,110,0,0,7,0.9910714285714286,0
27.53732,1,0,0,0.0,31.90383499895688,0.529240001924336,31.923470996844117,0.0,111,0,0,7,1.0,0
27.56941,1,0,0,0.0,32.06627799954731,0.5139309978403617,32.08826399713871,0.0,112,0,0,8,0.8828125,0
27.60169,1,0,0,0.0,32.253606001177104,0.5332059990905691,32.27593500196235,0.0,113,0,0,8,0.890625,0
27.63416,1,0,0,0.0,32.44216899838648,0.5412249993241858,32.46444700198481,0.0,114,0,0,8,0.8984375,0
27.66646,1,0,0,0.0,32.2769660015183,0.5567420012084767,32.296862998919096,0.0,115,0,0,8,0.90625,0
27.69838,1,0,0,0.0,31.899666999379406,0.5193590004637372,31.92062900052406,0.0,116,0,0,8,0.9140625,0
27.73042,1,0,0,0.0,32.00935099812341,0.5259879981167614,32.029613001213875,0.0,117,0,0,8,0.921875,0
27.76262,1,0,0,0.0,32.172929000807926,0.5153189995326102,32.193445000302745,0.0,118,0,0,8,0.9296875,0
27.79466,1,0,0,0.0,32.01995199924568,0.5201810017751995,32.04134299812722,0.0,119,0,0,8,0.9375,0
27.82692,1,0,0,0.0,32.23644999889075,0.5127990007167682,32.2577260012622,0.0,120,0,0,8,0.9453125,0
27.85971,1,0,0,0.0,32.75759000098333,0.5315439993864857,32.77782499935711,0.0,121,0,0,8,0.953125,0
27.89206,1,0,0,0.0,32.33453299981193,0.5310259984980803,32.35477500129491,0.0,122,0,0,8,0.9609375,0
27.92425,1,0,0,0.0,32.15796400036197,0.5374979991756845,32.177862001844915,0.0,123,0,0,8,0.96875,0
27.95676,1,0,0,0.0,32.47030099737458,0.5147080009919591,32.49035099725006,0.0,124,0,0,8,0.9765625,0
27.98978,1,0,0,0.0,32.9947149984946,0.5392380007833708,33.016201999998884,0.0,125,0,0,8,0.984375,0
28.0219,1,0,0,0.0,32.09873199739377,0.51943700236734,32.11928699965938,0.0,126,0,0,8,0.9921875,0
28.0543,1,0,0,0.0,32.37420799996471,0.5230970018601511,32.393802001024596,0.0,127,0,0,8,1.0,0
28.08681,1,0,0,0.0,32.48214400082361,0.5446499999379739,32.50599999955739,0.0,128,0,0,9,0.8958333333333334,0
28.11984,1,0,0,0.0,33.0016230000183,0.5461220025608782,33.025562999682734,0.0,129,0,0,9,0.9027777777777778,0
28.15252,1,0,0,0.0,32.6551809994271,0.5481010011862963,32.67660500205238,0.0,130,0,0,9,0.9097222222222222,0
28.18535,1,0,0,0.0,32.80394900139072,0.5463699999381788,32.825932998093776,0.0,131,0,0,9,0.9166666666666666,0
28.21795,1,0,0,0.0,32.57221600142657,0.5420829984359443,32.59477599931415,0.0,132,0,0,9,0.9236111111111112,0
28.25048,1,0,0,0.0,32.50092100279289,0.5504439977812581,32.52234300089185,0.0,133,0,0,9,0.9305555555555556,0
28.2832,1,0,0,0.0,32.67631600101595,0.5146950024936814,32.712505002564285,0.0,134,0,0,9,0.9375,0
28.31566,1,0,0,0.0,32.435230001283344,0.5343610027921386,32.456485998409335,0.0,135,0,0,9,0.9444444444444444,0
28.34819,1,0,0,0.0,32.504844002687605,0.5268590030027553,32.52763400087133,0.0,136,0,0,9,0.9513888888888888,0
28.38104,1,0,0,0.0,32.823551999172196,0.5357520021789242,32.84434299712302,0.0,137,0,0,9,0.9583333333333334,0
28.41358,1,0,0,0.0,32.52232700106106,0.5463740017148666,32.54203299729852,0.0,138,0,0,9,0.9652777777777778,0
28.4461,1,0,0,0.0,32.49484099796973,0.5108379991725087,32.514692000404466,0.0,139,0,0,9,0.9722222222222222,0
28.4786,1,0,0,0.0,32.47178200035705,0.5372600026021246,32.492212998477044,0.0,140,0,0,9,0.9791666666666666,0
28.51118,1,0,0,0.0,32.560939998802496,0.5322090000845492,32.58342499975697,0.0,141,0,0,9,0.9861111111111112,0
28.5437,1,0,0,0.0,32.492600999830756,0.5472830016515218,32.51536199968541,0.0,142,0,0,9,0.9930555555555556,0
28.57673,1,0,0,0.0,33.001883999531856,0.5333299995982088,33.02392000114196,0.0,143,0,0,9,1.0,0
28.60981,1,0,0,0.0,33.05168699807837,0.5558190023293719,33.07713400135981,0.0,144,0,0,10,0.90625,0
28.64292,1,0,0,0.0,33.08285999810323,0.5423119982879143,33.10446699833847,0.0,145,0,0,10,0.9125,0
28.67571,1,0,0,0.0,32.75951899922802,0.53408899839269,32.78224099994986,0.0,146,0,0,10,0.91875,0
28.70839,1,0,0,0.0,32.658508000167785,0.5431289973785169,32.67967399733607,0.0,147,0,0,10,0.925,0
28.74084,1,0,0,0.0,32.42125799806672,0.5332690016075503,32.443111998873064,0.0,148,0,0,10,0.93125,0
28.77932,1,0,0,0.0,38.455640999018215,0.527185999089852,38.478496000607265,0.0,149,0,0,10,0.9375,0
28.81146,1,0,0,0.0,32.111111999256536,0.5614529982267413,32.13409999807482,0.0,150,0,0,10,0.94375,0
28.84394,1,0,0,0.0,32.44978900329443,0.5177940001885872,32.47102300156257,0.0,151,0,0,10,0.95,0
28.87631,1,0,0,0.0,32.3491790004482,0.5439119995571673,32.36872499837773,0.0,152,0,0,10,0.95625,0
28.90839,1,0,0,0.0,32.06086300269817,0.5297269999573473,32.080478998977924,0.0,153,0,0,10,0.9625,0
28.94041,1,0,0,0.0,31.99620599843911,0.5223949992796406,32.01610699761659,0.0,154,0,0,10,0.96875,0
28.97273,1,0,0,0.0,32.295952001732076,0.5292050009302329,32.3182079991966,0.0,155,0,0,10,0.975,0
29.00507,1,0,0,0.0,32.30852599881473,0.5475569996633567,32.33036400342826,0.0,156,0,0,10,0.98125,0
29.03703,1,0,0,0.0,31.937219999235822,0.5535880009119865,31.958145002136007,0.0,157,0,0,10,0.9875,0
29.06912,1,0,0,0.0,32.060825997177744,0.5326590035110712,32.08208200157969,0.0,158,0,0,10,0.99375,0
29.10587,1,0,0,0.0,36.72550999908708,0.5477930026245303,36.74719599803211,0.0,159,0,0,10,1.0,0
29.13798,1,0,0,0.0,32.082012003229465,0.5471369986480568,32.10446199955186,0.0,160,0,0,11,0.9147727272727273,0
29.17013,1,0,0,0.0,32.128869999723975,0.5423910006356891,32.14791999926092,0.0,161,0,0,11,0.9204545454545454,0
29.20209,1,0,0,0.0,31.934088001435157,0.5293750000419095,31.952950997947482,0.0,162,0,0,11,0.9261363636363636,0
29.23402,1,0,0,0.0,31.911600999592338,0.5423069997050334,31.932035999489017,0.0,163,0,0,11,0.9318181818181818,0
29.26609,1,0,0,0.0,32.04418799941777,0.5402669994509779,32.063574999483535,0.0,164,0,0,11,0.9375,0
29.29853,1,0,0,0.0,32.41012500075158,0.5433070000435691,32.434319000458345,0.0,165,0,0,11,0.9431818181818182,0
29.33097,1,0,0,0.0,32.41088899812894,0.5992860023980029,32.43390599891427,0.0,166,0,0,11,0.9488636363636364,0
29.36318,1,0,0,0.0,32.19143400201574,0.5440850000013597,32.21097400091821,0.0,167,0,0,11,0.9545454545454546,0
29.3953,1,0,0,0.0,32.09711499948753,0.53522500093095,32.118582999828504,0.0,168,0,0,11,0.9602272727272727,0
29.42738,1,0,0,0.0,32.050510999397375,0.5345089994079899,32.0702219978557,0.0,169,0,0,11,0.9659090909090909,0
29.45943,1,0,0,0.0,32.03119599857018,0.5291599991323892,32.04953699969337,0.0,170,0,0,11,0.9715909090909091,0
29.49162,1,0,0,0.0,32.16786700068042,0.5361949988582637,32.190939997235546,0.0,171,0,0,11,0.9772727272727273,0
29.52399,1,0,0,0.0,32.343040002160706,0.5660960014211014,32.366429000830976,0.0,172,0,0,11,0.9829545454545454,0
29.55614,1,0,0,0.0,32.1237280004425,0.5938280010013841,32.14456100249663,0.0,173,0,0,11,0.9886363636363636,0
29.58838,1,0,0,0.0,32.19838199947844,0.5617730021185707,32.22102599829668,0.0,174,0,0,11,0.9943181818181818,0
29.62027,1,0,0,0.0,31.869983999058604,0.5360669965739362,31.891460999759147,0.0,175,0,0,11,1.0,0
29.65237,1,0,0,0.0,32.07085900066886,0.5353979977371637,32.094169000629336,0.0,176,0,0,12,0.921875,0
29.68463,1,0,0,0.0,32.23689600054058,0.5231090035522357,32.25883400227758,0.0,177,0,0,12,0.9270833333333334,0
29.71672,1,0,0,0.0,32.06134300125996,0.5406179989222437,32.08325800005696,0.0,178,0,0,12,0.9322916666666666,0
29.74863,1,0,0,0.0,31.890018999547465,0.5317430004652124,31.912301998090697,0.0,179,0,0,12,0.9375,0
29.78157,1,0,0,0.0,32.90769600062049,0.5279510005493648,32.930080000369344,0.0,180,0,0,12,0.9427083333333334,0
29.81366,1,0,0,0.0,32.05986499961,0.530573001015,32.08168800119893,0.0,181,0,0,12,0.9479166666666666,0
29.84588,1,0,0,0.0,32.20277700165752,0.5301290002535097,32.22502399876248,0.0,182,0,0,12,0.953125,0
29.87863,1,0,0,0.0,32.71608900104184,0.5319589981809258,32.737148001615424,0.0,183,0,0,12,0.9583333333333334,0
29.9109,1,0,0,0.0,32.24944899920956,0.5656350003846455,32.270663999952376,0.0,184,0,0,12,0.9635416666666666,0
29.943,1,0,0,0.0,32.07060199929401,0.5369929967855569,32.097784998768475,0.0,185,0,0,0,0.0,0
33.69384,1,1,173,36.626694000005955,33.424272001866484,0.568325998756336,70.10342400099034,0.0,173,0,0,11,0.9886363636363636,0
33.76593,2,1,135,34.4771399977617,37.563108999165706,0.6175710004754364,72.08295199961867,0.11206896551724133,174,0,0,20,0.971875,0
33.80211,2,0,0,0.0,36.1413700011326,0.6412419970729388,36.16489300111425,0.11142857142857143,175,0,0,20,0.978125,0
33.83894,2,0,0,0.0,36.803427999984706,0.63200099975802,36.8294079999032,0.11079545454545459,176,0,0,21,0.9375,0
33.87681,2,0,0,0.0,37.83987399947364,0.6336930018733256,37.86145000049146,0.11016949152542377,177,0,0,21,0.9434523809523809,0
33.91354,2,0,0,0.0,36.70790999967721,0.6261269991227891,36.732201999257086,0.1095505617977528,178,0,0,21,0.9494047619047619,0
33.95084,2,0,0,0.0,37.26772899972275,0.7087429985404015,37.292304001312004,0.10893854748603349,179,0,0,21,0.9553571428571429,0
33.98861,2,0,0,0.0,37.74343400073121,0.6615160018554889,37.76796300007845,0.10833333333333328,180,0,0,21,0.9613095238095238,0
34.02559,2,0,0,0.0,36.9516749997274,0.6330270007310901,36.97498699693824,0.10773480662983426,181,0,0,21,0.9672619047619048,0
34.06221,2,0,0,0.0,36.592480002582306,0.6164289989101235,36.61664900209871,0.1071428571428571,182,0,0,21,0.9732142857142857,0
34.09799,2,0,0,0.0,35.74590599964722,0.6422950027626939,35.77424099785276,0.10655737704918034,183,0,0,22,0.9346590909090909,0
34.13483,2,0,0,0.0,36.80611700110603,0.6555449981533457,36.830992001341656,0.10597826086956519,184,0,0,22,0.9403409090909091,0
34.17154,2,0,0,0.0,36.684388000139734,0.6283729999267962,36.708374002046185,0.10540540540540544,185,0,0,22,0.9460227272727273,0
34.20882,2,0,0,0.0,37.25477899934049,0.6336639999062754,37.27979699760908,0.10483870967741937,186,0,0,22,0.9517045454545454,0
34.24571,2,0,0,0.0,36.857790997601114,0.6540519971167669,36.88198400050169,0.10427807486631013,187,0,0,22,0.9573863636363636,0
34.28297,2,0,0,0.0,37.22862799986615,0.6532379993586801,37.25335399940377,0.10372340425531912,188,0,0,22,0.9630681818181818,0
34.31959,2,0,0,0.0,36.59681199860643,0.6581529996765312,36.62050500133773,0.10317460317460314,189,0,0,22,0.96875,0
34.35601,2,0,0,0.0,36.387977001140825,0.6164439982967451,36.41169200272998,0.10263157894736841,190,0,0,22,0.9744318181818182,0
34.39196,2,0,0,0.0,35.92701799789211,0.6568969984073192,35.949541997979395,0.10209424083769636,191,0,0,22,0.9801136363636364,0
34.4284,2,0,0,0.0,36.410419997991994,0.6412469992937986,36.43670899691642,0.1015625,192,0,0,23,0.9429347826086957,0
34.46521,2,0,0,0.0,36.77984399837442,0.636010998277925,36.80462899865233,0.10103626943005184,193,0,0,23,0.9483695652173914,0
34.50195,2,0,0,0.0,36.70658600094612,0.6524470009026118,36.73006700046244,0.10051546391752575,194,0,0,23,0.9538043478260869,0
34.53876,2,0,0,0.0,36.78453500106116,0.6431750007322989,36.80990599968936,0.09999999999999998,195,0,0,23,0.9592391304347826,0
34.57545,2,0,0,0.0,36.66150199933327,0.6437079973693471,36.68431299956865,0.09948979591836737,196,0,0,23,0.9646739130434783,0
34.61234,2,0,0,0.0,36.85952500018175,0.6343860004562885,36.88445499938098,0.09898477157360408,197,0,0,23,0.970108695652174,0
34.64946,2,0,0,0.0,37.08993199688848,0.6400309976015706,37.11524800019106,0.09848484848484851,198,0,0,23,0.9755434782608695,0
34.68559,2,0,0,0.0,36.10078799829353,0.6715589988743886,36.12692800015793,0.09798994974874375,199,0,0,24,0.9401041666666666,0
34.72234,2,0,0,0.0,36.720878997584805,0.6310190001386218,36.74387100181775,0.09750000000000003,200,0,0,24,0.9453125,0
34.75908,2,0,0,0.0,36.71011200276553,0.6364230030158069,36.735441000928404,0.09701492537313428,201,0,0,24,0.9505208333333334,0
34.79611,2,0,0,0.0,37.00090600250405,0.6542019982589409,37.02397699817084,0.09653465346534651,202,0,0,24,0.9557291666666666,0
34.83268,2,0,0,0.0,36.542088997521205,0.6402849976439029,36.56696100006229,0.09605911330049266,203,0,0,24,0.9609375,0
34.86927,2,0,0,0.0,36.56502700323472,0.6224480021046475,36.58824399826699,0.09558823529411764,204,0,0,24,0.9661458333333334,0
34.90605,2,0,0,0.0,36.75559900148073,0.6805520024499856,36.778069003048586,0.09512195121951217,205,0,0,24,0.9713541666666666,0
34.94287,2,0,0,0.0,36.79324399854522,0.6468009996751789,36.81677200074773,0.09466019417475724,206,0,0,24,0.9765625,0
34.97867,2,0,0,0.0,35.77031999884639,0.6490769992524292,35.79112199804513,0.09420289855072461,207,0,0,24,0.9817708333333334,0
35.01573,2,0,0,0.0,37.0376530008798,0.634940999589162,37.0636870029557,0.09375,208,0,0,25,0.9475,0
35.05216,2,0,0,0.0,36.38031800073804,0.629751000815304,36.41851200154633,0.09330143540669855,209,0,0,11,0.9715909090909091,0
35.08526,1,0,0,0.0,33.08067400212167,0.5376510016503744,33.10173499994562,0.0,171,0,0,11,0.9772727272727273,0
35.11781,1,0,0,0.0,32.519477001187624,0.5615249974653125,32.540060001338134,0.0,172,0,0,11,0.9829545454545454,0
35.15053,1,0,0,0.0,32.69186300167348,0.5323039986251388,32.71476299778442,0.0,173,0,0,11,0.9886363636363636,0
35.18325,1,0,0,0.0,32.692188000510214,0.5459179992612917,32.71188100188738,0.0,174,0,0,11,0.9943181818181818,0
35.21579,1,0,0,0.0,32.524190999538405,0.5550640016735997,32.547838000027696,0.0,175,0,0,11,1.0,0
35.24858,1,0,0,0.0,32.757360000687186,0.549678999959724,32.78235299876542,0.0,176,0,0,12,0.921875,0
35.28131,1,0,0,0.0,32.702061002055416,0.554598998860456,32.72342299896991,0.0,177,0,0,12,0.9270833333333334,0
35.31449,1,0,0,0.0,33.15312099948642,0.5534100018849131,33.19504700266407,0.0,178,0,0,12,0.9322916666666666,0
35.34812,1,0,0,0.0,33.58479899907252,0.5615219997707754,33.607870998821454,0.0,179,0,0,12,0.9375,0
35.38223,1,0,0,0.0,34.08746700006304,0.5945390003034845,34.109674001228996,0.0,180,0,0,12,0.9427083333333334,0
35.41581,1,0,0,0.0,33.547185001225444,0.6151250017865095,33.57153700198978,0.0,181,0,0,12,0.9479166666666666,0
35.44913,1,0,0,0.0,33.29340300115291,0.5636269997921772,33.31769299984444,0.0,182,0,0,12,0.953125,0
35.4827,1,0,0,0.0,33.533095996972406,0.6060230007278733,33.55577099864604,0.0,183,0,0,12,0.9583333333333334,0
35.51578,1,0,0,0.0,33.05354599797283,0.5642950018227566,33.07675900214235,0.0,184,0,0,12,0.9635416666666666,0
35.5489,1,0,0,0.0,33.09258399895043,0.5614110013993923,33.116656999482075,0.0,185,0,0,12,0.96875,0
35.58178,1,0,0,0.0,32.84921000158647,0.5775009994977154,32.86977199968533,0.0,186,0,0,12,0.9739583333333334,0
35.61445,1,0,0,0.0,32.64724700056831,0.5509639995580073,32.67164399949252,0.0,187,0,0,12,0.9791666666666666,0
35.64722,1,0,0,0.0,32.74418900036835,0.5662999974447303,32.767731998319505,0.0,188,0,0,12,0.984375,0
35.68049,1,0,0,0.0,33.23580299911555,0.56993099860847,33.28081599829602,0.0,189,0,0,12,0.9895833333333334,0
35.71369,1,0,0,0.0,33.146243997180136,0.5867629988642875,33.17225900173071,0.0,190,0,0,12,0.9947916666666666,0
35.74643,1,0,0,0.0,32.716467998398,0.5519929982256144,32.73979399818927,0.0,191,0,0,12,1.0,0
35.77987,1,0,0,0.0,33.40226599902962,0.6006000003253575,33.427997997932835,0.0,192,0,0,13,0.9278846153846154,0
35.81261,1,0,0,0.0,32.718888000090374,0.574313999095466,32.73969899964868,0.0,193,0,0,13,0.9326923076923077,0
35.84537,1,0,0,0.0,32.730748996982584,0.5494909964909311,32.75381200000993,0.0,194,0,0,13,0.9375,0
35.87864,1,0,0,0.0,33.24793199863052,0.5680720023519825,33.26897300212295,0.0,195,0,0,13,0.9423076923076923,0
35.91174,1,0,0,0.0,33.06970099947648,0.5840479971084278,33.092232999479165,0.0,196,0,0,13,0.9471153846153846,0
35.94467,1,0,0,0.0,32.9090859995631,0.5557730000873562,32.932073998381384,0.0,197,0,0,13,0.9519230769230769,0
35.9776,1,0,0,0.0,32.89642600066145,0.5633869986922946,32.91803400134086,0.0,198,0,0,13,0.9567307692307693,0
36.01079,1,0,0,0.0,33.16443400035496,0.558259998797439,33.18742400006158,0.0,199,0,0,13,0.9615384615384616,0
36.04399,1,0,0,0.0,33.17420600069454,0.5789339993498288,33.19761500097229,0.0,200,0,0,13,0.9663461538461539,0
36.07751,1,0,0,0.0,33.47106599903782,0.5994200000714045,33.51982800086262,0.0,201,0,0,0,0.0,0
38.23296,1,1,82,34.83975700146402,33.535128000949044,0.5283989994495641,68.42753900127718,0.0,82,0,0,6,0.8645833333333334,0
38.26573,1,0,0,0.0,32.737554000050295,0.5231450013525318,32.76154700142797,0.0,83,0,0,6,0.875,0
38.29888,1,0,0,0.0,33.12576700045611,0.5366960031096824,33.147111997095635,0.0,84,0,0,6,0.8854166666666666,0
38.33162,1,0,0,0.0,32.72006399856764,0.5362550000427291,32.74131500074873,0.0,85,0,0,6,0.8958333333333334,0
38.40225,2,1,253,33.31108000202221,37.26009499951033,0.643323000986129,70.61792600143235,0.3300395256916996,253,0,0,22,0.96875,0
38.43928,2,0,0,0.0,37.00692499842262,0.6158110008982476,37.03105500244419,0.32874015748031493,254,0,0,22,0.9744318181818182,0
38.47509,2,0,0,0.0,35.766549000982195,0.618965998000931,35.789082998235244,0.3274509803921568,255,0,0,22,0.9801136363636364,0
38.51213,2,0,0,0.0,37.010749998444226,0.6387089997588191,37.03823400064721,0.326171875,256,0,0,23,0.9429347826086957,0
38.54909,2,0,0,0.0,36.9381379969127,0.675928000418935,36.96231299909414,0.3249027237354085,257,0,0,23,0.9483695652173914,0
38.5861,2,0,0,0.0,36.976267998397816,0.6513779990200419,36.9998750029481,0.3236434108527132,258,0,0,23,0.9538043478260869,0
38.62326,2,0,0,0.0,37.13472099843784,0.661893001961289,37.15955799998483,0.3223938223938224,259,0,0,23,0.9592391304347826,0
38.66013,2,0,0,0.0,36.84037000130047,0.6368150025082286,36.865784000838175,0.3211538461538461,260,0,0,23,0.9646739130434783,0
38.69727,2,0,0,0.0,37.10612500071875,0.6523550000565592,37.12860700034071,0.3199233716475096,261,0,0,23,0.970108695652174,0
38.73398,2,0,0,0.0,36.685442999441875,0.6390089984051883,36.70925500045996,0.3187022900763359,262,0,0,23,0.9755434782608695,0
38.77027,2,0,0,0.0,36.259042000892805,0.6360090010275599,36.28718100299011,0.31749049429657794,263,0,0,24,0.9401041666666666,0
38.80732,2,0,0,0.0,37.01877899948158,0.651217000267934,37.04223500244552,0.3162878787878788,264,0,0,24,0.9453125,0
38.84411,2,0,0,0.0,36.761522002052516,0.6555860018124804,36.7850559996441,0.31509433962264155,265,0,0,24,0.9505208333333334,0
38.88085,2,0,0,0.0,36.71289599878946,0.6557050000992604,36.73639299813658,0.31390977443609025,266,0,0,24,0.9557291666666666,0
38.91789,2,0,0,0.0,37.01116400043247,0.6529700003738981,37.03571899677627,0.31273408239700373,267,0,0,24,0.9609375,0
38.95486,2,0,0,0.0,36.941316997399554,0.6638470003963448,36.966218998713885,0.31156716417910446,268,0,0,24,0.9661458333333334,0
38.99179,2,0,0,0.0,36.906119999912335,0.6624629968428053,36.92842400050722,0.31040892193308545,269,0,0,24,0.9713541666666666,0
39.0286,2,0,0,0.0,36.778847003006376,0.6243329989956692,36.802226000872906,0.30925925925925923,270,0,0,24,0.9765625,0
39.06438,2,0,0,0.0,35.75401600028272,0.6409140005416702,35.77653699903749,0.30811808118081185,271,0,0,24,0.9817708333333334,0
39.10142,2,0,0,0.0,37.01733799971407,0.6219840033736546,37.042837000626605,0.3069852941176471,272,0,0,25,0.9475,0
39.1382,2,0,0,0.0,36.74301000137348,0.6450190012401436,36.7674219996843,0.3058608058608059,273,0,0,25,0.9525,0
39.17516,2,0,0,0.0,36.93260699947132,0.6484289988293312,36.95801100184326,0.30474452554744524,274,0,0,25,0.9575,0
39.212,2,0,0,0.0,36.8150100002822,0.6547339980897959,36.83696300140582,0.3036363636363636,275,0,0,25,0.9625,0
39.24886,2,0,0,0.0,36.82588399897213,0.643366998701822,36.85595699789701,0.302536231884058,276,0,0,25,0.9675,0
39.28581,2,0,0,0.0,36.92689600211452,0.657474000036018,36.95045299900812,0.3014440433212996,277,0,0,25,0.9725,0
39.32294,2,0,0,0.0,37.093236001965124,0.6407399996533059,37.11851700063562,0.30035971223021585,278,0,0,25,0.9775,0
39.35876,2,0,0,0.0,35.79862699916703,0.6578229986189399,35.82474499853561,0.2992831541218638,279,0,0,26,0.9447115384615384,0
39.39588,2,0,0,0.0,37.092905997269554,0.6516489993373398,37.11517799820285,0.29821428571428577,280,0,0,26,0.9495192307692307,0
39.43257,2,0,0,0.0,36.661486999946646,0.6533180021506269,36.68415799984359,0.297153024911032,281,0,0,26,0.9543269230769231,0
39.46928,2,0,0,0.0,36.683520000224235,0.6053249999240506,36.70775499995216,0.29609929078014185,282,0,0,26,0.9591346153846154,0
39.50634,2,0,0,0.0,37.03080199920805,0.6725170023855753,37.05345599883003,0.2950530035335689,283,0,0,26,0.9639423076923077,0
39.54332,2,0,0,0.0,36.94472400093218,0.6417439981305506,36.97840799941332,0.29401408450704225,284,0,0,8,0.921875,0
39.57596,1,0,0,0.0,32.609634999971604,0.5433309997897595,32.631320998916635,0.0,118,0,0,8,0.9296875,0
39.60876,1,0,0,0.0,32.772350998129696,0.5338720002328046,32.79405200009933,0.0,119,0,0,8,0.9375,0
39.64162,1,0,0,0.0,32.836349000717746,0.5248770030448213,32.8576800020528,0.0,120,0,0,8,0.9453125,0
39.67412,1,0,0,0.0,32.46985800069524,0.5109559970151167,32.491559999471065,0.0,121,0,0,8,0.953125,0
39.70711,1,0,0,0.0,32.96554400003515,0.5318910007190425,32.98752899718238,0.0,122,0,0,8,0.9609375,0
39.73971,1,0,0,0.0,32.579260998318205,0.5494969991559628,32.59937899929355,0.0,123,0,0,8,0.96875,0
39.77261,1,0,0,0.0,32.86953499991796,0.5256980002741329,32.894017997023184,0.0,124,0,0,8,0.9765625,0
39.80562,1,0,0,0.0,32.98279099908541,0.5554550007218495,33.00376499828417,0.0,125,0,0,8,0.984375,0
39.83837,1,0,0,0.0,32.725543998822104,0.5125130010128487,32.749578000220936,0.0,126,0,0,8,0.9921875,0
39.87135,1,0,0,0.0,32.95332100242376,0.5455409991554916,32.9754820013477,0.0,127,0,0,8,1.0,0
39.90446,1,0,0,0.0,33.0757409974467,0.5502339990925975,33.09932999763987,0.0,128,0,0,9,0.8958333333333334,0
39.93783,1,0,0,0.0,33.3457519991498,0.5381750015658326,33.36832800050615,0.0,129,0,0,9,0.9027777777777778,0
39.97079,1,0,0,0.0,32.93399199901614,0.5491850024554878,32.956375998765,0.0,130,0,0,9,0.9097222222222222,0
40.00381,1,0,0,0.0,33.0003269991721,0.5360579998523463,33.021523002389586,0.0,131,0,0,9,0.9166666666666666,0
40.03694,1,0,0,0.0,33.10532900286489,0.5327309991116636,33.12837400153512,0.0,132,0,0,9,0.9236111111111112,0
40.06987,1,0,0,0.0,32.90138000011211,0.5634370027109981,32.92449099899386,0.0,133,0,0,9,0.9305555555555556,0
40.10325,1,0,0,0.0,33.33832000134862,0.5354089989850763,33.370709999871906,0.0,134,0,0,9,0.9375,0
40.13632,1,0,0,0.0,33.046715001546545,0.5582269986916799,33.0689340007666,0.0,135,0,0,9,0.9444444444444444,0
40.16946,1,0,0,0.0,33.1133339968801,0.5597179988399148,33.13868899931549,0.0,136,0,0,9,0.9513888888888888,0
40.20267,1,0,0,0.0,33.176779998029815,0.5426890020316932,33.196806001797086,0.0,137,0,0,9,0.9583333333333334,0
40.23564,1,0,0,0.0,32.9517379977915,0.5240279970166739,32.97156799817458,0.0,138,0,0,9,0.9652777777777778,0
40.26872,1,0,0,0.0,33.053875999030424,0.5250969988992438,33.07728800064069,0.0,139,0,0,9,0.9722222222222222,0
40.30167,1,0,0,0.0,32.92315599901485,0.5487470007210504,32.94286099844612,0.0,140,0,0,9,0.9791666666666666,0
40.33478,1,0,0,0.0,33.07990499888547,0.5276669980958104,33.100915999966674,0.0,141,0,0,9,0.9861111111111112,0
40.36786,1,0,0,0.0,33.05679999903077,0.5335660025593825,33.07919600047171,0.0,142,0,0,9,0.9930555555555556,0
40.40118,1,0,0,0.0,33.294921999186045,0.5432479993032757,33.315963999484666,0.0,143,0,0,9,1.0,0
40.43406,1,0,0,0.0,32.851803000085056,0.5727869975089561,32.873296997422585,0.0,144,0,0,10,0.90625,0
40.46695,1,0,0,0.0,32.865649001905695,0.5297490024531726,32.88575799888349,0.0,145,0,0,10,0.9125,0
40.53673,2,1,225,33.000179999362445,36.735989997396246,0.6348709976009559,69.77880200065556,0.17555555555555558,225,0,0,25,0.9325,0
40.57386,2,0,0,0.0,37.10410799976671,0.6370209994202014,37.12849300063681,0.1747787610619469,226,0,0,25,0.9375,0
40.61084,2,0,0,0.0,36.94834899943089,0.6608110015804414,36.97215300053358,0.17400881057268724,227,0,0,25,0.9425,0
40.64792,2,0,0,0.0,37.05938099665218,0.6484600016847253,37.08265900058905,0.17324561403508776,228,0,0,25,0.9475,0
40.68478,2,0,0,0.0,36.82884299996658,0.6476299968198873,36.853224999504164,0.17248908296943233,229,0,0,25,0.9525,0
40.72211,2,0,0,0.0,37.3044910011231,0.6270699996093754,37.32836400013184,0.17173913043478262,230,0,0,25,0.9575,0
40.75801,2,0,0,0.0,35.865330002707196,0.6659300015599001,35.88727399983327,0.17099567099567103,231,0,0,25,0.9625,0
40.79513,2,0,0,0.0,37.09503699792549,0.6361400010064244,37.11669100084691,0.17025862068965514,232,0,0,25,0.9675,0
40.832,2,0,0,0.0,36.84255499683786,0.6667759989795741,36.865458998363465,0.16952789699570814,233,0,0,25,0.9725,0
40.8689,2,0,0,0.0,36.871944001177326,0.6413730006897822,36.895056000503246,0.16880341880341876,234,0,0,25,0.9775,0
40.90589,2,0,0,0.0,36.96320499875583,0.6516599969472736,36.984751001000404,0.1680851063829787,235,0,0,25,0.9825,0
40.94281,2,0,0,0.0,36.895748002280015,0.6410679998225532,36.91953100133105,0.1673728813559322,236,0,0,25,0.9875,0
40.97966,2,0,0,0.0,36.826921001193114,0.6702819991915021,36.85096099798102,0.16666666666666663,237,0,0,25,0.9925,0
41.01661,2,0,0,0.0,36.919722999300575,0.6393259973265231,36.94254499714589,0.16596638655462181,238,0,0,25,0.9975,0
41.05256,2,0,0,0.0,35.91499500180362,0.6532919978781138,35.94278300079168,0.16527196652719667,239,0,0,26,0.9639423076923077,0
41.08917,2,0,0,0.0,36.58153599826619,0.6364319997373968,36.60638400106109,0.1645833333333333,240,0,0,27,0.9328703703703703,0
41.12616,2,0,0,0.0,36.961371999495896,0.6509259983431548,36.986582999816164,0.1639004149377593,241,0,0,27,0.9375,0
41.16292,2,0,0,0.0,36.737736001668964,0.6692299975838978,36.76155300126993,0.16322314049586772,242,0,0,27,0.9421296296296297,0
41.20018,2,0,0,0.0,37.23051799897803,0.6602519970329013,37.25465300158248,0.1625514403292181,243,0,0,27,0.9467592592592593,0
41.237,2,0,0,0.0,36.78605500317644,0.6715679992339574,36.80896500009112,0.16188524590163933,244,0,0,27,0.9513888888888888,0
41.27392,2,0,0,0.0,36.89962800126523,0.646109001536388,36.92375199898379,0.1612244897959184,245,0,0,27,0.9560185185185185,0
41.31111,2,0,0,0.0,37.15564600133803,0.6617600010940805,37.18107399981818,0.16056910569105687,246,0,0,27,0.9606481481481481,0
41.34774,2,0,0,0.0,36.59029600021313,0.6761179975001141,36.61623700099881,0.15991902834008098,247,0,0,27,0.9652777777777778,0
41.38507,2,0,0,0.0,37.297371000022395,0.6764400022802874,37.322710999433184,0.15927419354838712,248,0,0,27,0.9699074074074074,0
41.42274,2,0,0,0.0,37.63579199949163,0.6906360031280201,37.66104199894471,0.15863453815261042,249,0,0,27,0.9745370370370371,0
41.4597,2,0,0,0.0,36.93775099964114,0.6599289990845136,36.96239599958062,0.15800000000000003,250,0,0,27,0.9791666666666666,0
41.49705,2,0,0,0.0,37.32294699875638,0.6626760005019605,37.345904998801416,0.15737051792828682,251,0,0,27,0.9837962962962963,0
41.53418,2,0,0,0.0,37.09588200217695,0.6893950012454297,37.12003500186256,0.15674603174603174,252,0,0,27,0.9884259259259259,0
41.57185,2,0,0,0.0,37.64479999881587,0.6937780017324258,37.67100499680964,0.15612648221343872,253,0,0,27,0.9930555555555556,0
41.60908,2,0,0,0.0,37.19749200172373,0.6870440010970924,37.22172600100748,0.155511811023622,254,0,0,27,0.9976851851851852,0
41.64505,2,0,0,0.0,35.93630099931033,0.6759729985787999,35.9636879984464,0.15490196078431373,255,0,0,28,0.9665178571428571,0
41.68179,2,0,0,0.0,36.7157379987475,0.6846369979029987,36.74272100033704,0.154296875,256,0,0,29,0.9375,0
41.71888,2,0,0,0.0,37.06154400060768,0.6610210002691019,37.086218002514215,0.15369649805447472,257,0,0,29,0.9418103448275862,0
41.75572,2,0,0,0.0,36.8023200026073,0.7009510009083897,36.82706600011443,0.1531007751937985,258,0,0,29,0.9461206896551724,0
41.79276,2,0,0,0.0,37.01967900269665,0.6685539992759004,37.04236499834224,0.15250965250965254,259,0,0,29,0.9504310344827587,0
41.82945,2,0,0,0.0,36.6650350006239,0.6906260023242794,36.68873399874428,0.15192307692307694,260,0,0,29,0.9547413793103449,0
41.86614,2,0,0,0.0,36.658858000009786,0.6543150011566468,36.69103599895607,0.15134099616858232,261,0,0,29,0.959051724137931,0
41.90281,2,0,0,0.0,36.6347470007895,0.6625109999731649,36.65575500053819,0.1507633587786259,262,0,0,29,0.9633620689655172,0
41.93835,2,0,0,0.0,35.511579997546505,0.6415069983631838,35.53475699663977,0.15019011406844107,263,0,0,29,0.9676724137931034,0
41.97506,2,0,0,0.0,36.680629000329645,0.6993710012466181,36.703043999295915,0.14962121212121215,264,0,0,29,0.9719827586206896,0
42.01809,2,0,0,0.0,43.010615998355206,0.6741559991496615,43.03326200169977,0.14905660377358487,265,0,0,29,0.9762931034482759,0
42.05477,2,0,0,0.0,36.64657000263105,0.6881570006953552,36.669416000222554,0.1484962406015038,266,0,0,29,0.9806034482758621,0
42.09413,2,0,0,0.0,39.333488002739614,0.6532690022140741,39.35641199859674,0.14794007490636707,267,0,0,29,0.9849137931034483,0
42.13032,2,0,0,0.0,36.16848100136849,0.6921040003362577,36.192267998558236,0.1473880597014925,268,0,0,29,0.9892241379310345,0
42.16698,2,0,0,0.0,36.62864799844101,0.6689740002912004,36.65312800148968,0.14684014869888473,269,0,0,29,0.9935344827586207,0
42.23704,3,1,251,33.168096000736114,36.84172999783186,0.766905999626033,70.05302200195729,0.12098765432098768,270,0,0,45,0.9930555555555556,0
42.27273,3,0,0,0.0,35.66233099991223,0.7734430000709835,35.68979999909061,0.12054120541205415,271,0,0,46,0.9755434782608695,0
42.30912,3,0,0,0.0,36.360327001602855,0.7566979984403588,36.38481999951182,0.12009803921568629,272,0,0,47,0.9587765957446809,0
42.34569,3,0,0,0.0,36.53977700014366,0.7710269965173211,36.563932000717614,0.11965811965811968,273,0,0,47,0.9627659574468085,0
42.38223,3,0,0,0.0,36.513828999886755,0.7471809985872824,36.538683001708705,0.11922141119221408,274,0,0,47,0.9667553191489362,0
42.41877,3,0,0,0.0,36.49843899984262,0.7651859996258281,36.52444000181276,0.11878787878787878,275,0,0,48,0.9505208333333334,0
42.45544,3,0,0,0.0,36.64699299770291,0.7885369996074587,36.672255002486054,0.11835748792270528,276,0,0,48,0.9544270833333334,0
42.49215,3,0,0,0.0,36.678912001661956,0.7962260024214629,36.70147799857659,0.1179302045728039,277,0,0,48,0.9583333333333334,0
42.52871,3,0,0,0.0,36.541010998917045,0.7904619997134432,36.56675499951234,0.11750599520383698,278,0,0,48,0.9622395833333334,0
42.56447,3,0,0,0.0,35.71893199841725,0.7699560010223649,35.745555000175955,0.11708482676224607,279,0,0,48,0.9661458333333334,0
42.60114,3,0,0,0.0,36.642306000430835,0.7759340005577542,36.665269999502925,0.1166666666666667,280,0,0,48,0.9700520833333334,0
42.63765,3,0,0,0.0,36.48573399914312,0.7845440013625193,36.509912002657074,0.11625148279952546,281,0,0,48,0.9739583333333334,0
42.67402,3,0,0,0.0,36.34095300003537,0.7641129996045493,36.36476799874799,0.11583924349881791,282,0,0,48,0.9778645833333334,0
42.71062,3,0,0,0.0,36.57466599906911,0.7667029967706185,36.59764699841617,0.11542991755005894,283,0,0,48,0.9817708333333334,0
42.74709,3,0,0,0.0,36.44235200044932,0.7802740001352504,36.464680000790395,0.11502347417840375,284,0,0,48,0.9856770833333334,0
42.7836,3,0,0,0.0,36.48083799998858,0.7806460016581696,36.50480400028755,0.11461988304093562,285,0,0,48,0.9895833333333334,0
42.82012,3,0,0,0.0,36.48979199715541,0.7581610007036943,36.518337998131756,0.11421911421911424,286,0,0,35,0.9910714285714286,0
42.85551,2,0,0,0.0,35.35067600023467,0.7070879983075429,35.387641000852454,0.0331010452961672,287,0,0,35,0.9946428571428572,0
42.8916,2,0,0,0.0,36.056739001651295,0.6798680005886126,36.08218699810095,0.03298611111111116,288,0,0,36,0.9704861111111112,0
42.92797,2,0,0,0.0,36.34053200221388,0.6626750000577886,36.36167999866302,0.03287197231833905,289,0,0,36,0.9739583333333334,0
42.96433,2,0,0,0.0,36.33633100253064,0.6921329986653291,36.36003700012225,0.03275862068965518,290,0,0,36,0.9774305555555556,0
43.00071,2,0,0,0.0,36.348661000374705,0.6969709975237492,36.37327300020843,0.03264604810996563,291,0,0,37,0.9543918918918919,0
43.0367,2,0,0,0.0,35.969738997664535,0.6740690005244687,35.99112799929571,0.03253424657534243,292,0,0,37,0.9577702702702703,0
43.07299,2,0,0,0.0,36.25878200182342,0.6682029998046346,36.281824999605305,0.03242320819112632,293,0,0,37,0.9611486486486487,0
43.10944,2,0,0,0.0,36.4233639993472,0.7087129997671582,36.4462760007882,0.03231292517006801,294,0,0,37,0.964527027027027,0
43.14487,2,0,0,0.0,35.403554000367876,0.6897179991938174,35.42528899924946,0.03220338983050852,295,0,0,37,0.9679054054054054,0
43.18113,2,0,0,0.0,36.23111300112214,0.6973269992158748,36.25425700010965,0.03209459459459463,296,0,0,37,0.9712837837837838,0
43.21761,2,0,0,0.0,36.45438999956241,0.7052250002743676,36.4791750034783,0.03198653198653201,297,0,0,37,0.9746621621621622,0
43.25413,2,0,0,0.0,36.49520500039216,0.6982859995332547,36.51888099921052,0.03187919463087252,298,0,0,37,0.9780405405405406,0
43.29035,2,0,0,0.0,36.19350699955248,0.7079770002746955,36.217349999787984,0.0317725752508361,299,0,0,37,0.981418918918919,0
43.32663,2,0,0,0.0,36.24764099731692,0.6990420006331988,36.26849300053436,0.03166666666666662,300,0,0,37,0.9847972972972973,0
43.36277,2,0,0,0.0,36.116980998485815,0.683666999975685,36.13931799918646,0.031561461794019974,301,0,0,37,0.9881756756756757,0
43.39913,2,0,0,0.0,36.33140099918819,0.6769409992557485,36.35333100100979,0.0314569536423841,302,0,0,37,0.9915540540540541,0
43.43454,2,0,0,0.0,35.38877499886439,0.7215740006358828,35.41083299933234,0.031353135313531344,303,0,0,37,0.9949324324324325,0
43.47064,2,0,0,0.0,36.072981001780136,0.6605910020880401,36.0968060012965,0.03125,304,0,0,38,0.9720394736842105,0
43.5069,2,0,0,0.0,36.23295900251833,0.6730419991072267,36.25301200008835,0.031147540983606503,305,0,0,38,0.975328947368421,0
43.54299,2,0,0,0.0,36.06353199938894,0.6961680010135751,36.08570700089331,0.03104575163398693,306,0,0,38,0.9786184210526315,0
43.57899,2,0,0,0.0,35.966309002105845,0.6938599981367588,35.99312599908444,0.030944625407166138,307,0,0,39,0.9567307692307693,0
43.61531,2,0,0,0.0,36.297988997830544,0.7067329970595893,36.31799700087868,0.030844155844155896,308,0,0,39,0.9599358974358975,0
43.65155,2,0,0,0.0,36.2103190018388,0.689887998305494,36.232006001228,0.03074433656957931,309,0,0,39,0.9631410256410257,0
43.6881,2,0,0,0.0,36.527699001453584,0.677415999234654,36.550037999404594,0.030645161290322576,310,0,0,39,0.9663461538461539,0
43.72431,2,0,0,0.0,36.18188200198347,0.705668000591686,36.203771000145935,0.030546623794212246,311,0,0,39,0.969551282051282,0
43.76074,2,0,0,0.0,36.41122800036101,0.6972869996388908,36.43477199875633,0.03044871794871795,312,0,0,39,0.9727564102564102,0
43.79723,2,0,0,0.0,36.4492490007251,0.6901710003148764,36.48210200117319,0.030351437699680517,313,0,0,20,0.98125,0
43.82981,1,0,0,0.0,32.55136599909747,0.612177998846164,32.574408996879356,0.0,314,0,0,20,0.984375,0
43.8624,1,0,0,0.0,32.568024998909095,0.5890699976589531,32.59061299831956,0.0,315,0,0,20,0.9875,0
43.89478,1,0,0,0.0,32.34879699812154,0.5892099979973864,32.37070000250242,0.0,316,0,0,20,0.990625,0
43.92753,1,0,0,0.0,32.7277510004933,0.5879349992028438,32.74896000220906,0.0,317,0,0,20,0.99375,0
43.96081,1,0,0,0.0,33.249590000195894,0.5863260012120008,33.272574000875466,0.0,318,0,0,20,0.996875,0
43.99355,1,0,0,0.0,32.710957999370294,0.5996700019750278,32.73327799979597,0.0,319,0,0,20,1.0,0
44.0263,1,0,0,0.0,32.72043300239602,0.5827549975947477,32.74497099846485,0.0,320,0,0,21,0.9553571428571429,0
44.05913,1,0,0,0.0,32.8093110001646,0.6097459990996867,32.83369200289599,0.0,321,0,0,21,0.9583333333333334,0
44.09195,1,0,0,0.0,32.78380100164213,0.6396739991032518,32.813122001243755,0.0,322,0,0,21,0.9613095238095238,0
44.12507,1,0,0,0.0,33.09280099711032,0.6242070012376644,33.11501399730332,0.0,323,0,0,21,0.9642857142857143,0
44.16403,1,0,0,0.0,38.92628399989917,0.6560179972439073,38.951698999881046,0.0,324,0,0,21,0.9672619047619048,0
44.19732,1,0,0,0.0,33.26092099814559,0.6343390014080796,33.282155000051716,0.0,325,0,0,21,0.9702380952380952,0
44.23021,1,0,0,0.0,32.870549002836924,0.6229809987416957,32.89206399858813,0.0,326,0,0,21,0.9732142857142857,0
44.26295,1,0,0,0.0,32.71190899977228,0.5984609997540247,32.73511799852713,0.0,327,0,0,21,0.9761904761904762,0
44.29565,1,0,0,0.0,32.672286997694755,0.6179880001582205,32.694532001187326,0.0,328,0,0,21,0.9791666666666666,0
44.32843,1,0,0,0.0,32.750187998317415,0.5809370013594162,32.77102200081572,0.0,329,0,0,21,0.9821428571428571,0
44.3611,1,0,0,0.0,32.650028999341885,0.6005650029692333,32.6729369990062,0.0,330,0,0,21,0.9851190476190477,0
44.39374,1,0,0,0.0,32.6055190016632,0.6157309981063008,32.63490999961505,0.0,331,0,0,0,0.0,0
48.51511,1,1,198,35.755549997702474,33.348876000673044,0.5540940001083072,69.15734100039117,0.0,198,0,0,13,0.9567307692307693,0
48.54807,1,0,0,0.0,32.93152800324606,0.595320001593791,32.954346999758855,0.0,199,0,0,13,0.9615384615384616,0
48.58113,1,0,0,0.0,33.032171999366255,0.5956390014034696,33.055464999051765,0.0,200,0,0,13,0.9663461538461539,0
48.61444,1,0,0,0.0,33.28241500275908,0.6047709975973703,33.30552099941997,0.0,201,0,0,13,0.9711538461538461,0
48.6471,1,0,0,0.0,32.63631499794428,0.5740310007240623,32.65876599834883,0.0,202,0,0,13,0.9759615384615384,0
48.67995,1,0,0,0.0,32.81574399807141,0.5727360003220383,32.83836799892015,0.0,203,0,0,13,0.9807692307692307,0
48.71274,1,0,0,0.0,32.763682000222616,0.5838860015501268,32.78381299969624,0.0,204,0,0,13,0.9855769230769231,0
48.74546,1,0,0,0.0,32.69712800101843,0.5511800009116996,32.71963600127492,0.0,205,0,0,13,0.9903846153846154,0
48.78005,1,0,0,0.0,34.56109400212881,0.6240450020413846,34.58371799933957,0.0,206,0,0,13,0.9951923076923077,0
48.81287,1,0,0,0.0,32.7933770022355,0.571603999560466,32.813903999340255,0.0,207,0,0,13,1.0,0
48.84558,1,0,0,0.0,32.68375499828835,0.565921000088565,32.70911900108331,0.0,208,0,0,14,0.9330357142857143,0
48.87813,1,0,0,0.0,32.5226559980365,0.5527789980988018,32.544483001402114,0.0,209,0,0,14,0.9375,0
48.911,1,0,0,0.0,32.85079899796983,0.583274999371497,32.86971600027755,0.0,210,0,0,14,0.9419642857142857,0
48.94367,1,0,0,0.0,32.64477799893939,0.5878299998585135,32.66729499955545,0.0,211,0,0,14,0.9464285714285714,0
48.97651,1,0,0,0.0,32.79420699982438,0.5572109985223506,32.8311119992577,0.0,212,0,0,14,0.9508928571428571,0
49.00916,1,0,0,0.0,32.61777599982452,0.5840999983774964,32.64525499980664,0.0,213,0,0,14,0.9553571428571429,0
49.04204,1,0,0,0.0,32.84994999921764,0.8513530010532122,32.87221600112389,0.0,214,0,0,14,0.9598214285714286,0
49.07469,1,0,0,0.0,32.629951998387696,0.5775110003014561,32.65257800012478,0.0,215,0,0,14,0.9642857142857143,0
49.10718,1,0,0,0.0,32.461893002619036,0.5539249978028238,32.48367500054883,0.0,216,0,0,14,0.96875,0
49.14048,1,0,0,0.0,33.27332899789326,0.5746720016759355,33.29616700284532,0.0,217,0,0,14,0.9732142857142857,0
49.17327,1,0,0,0.0,32.74708000026294,0.5651920000673272,32.76947099948302,0.0,218,0,0,14,0.9776785714285714,0
49.24304,2,1,182,32.81082400280866,36.91864299980807,0.6662779996986501,69.76923299953341,0.08447488584474883,219,0,0,26,0.96875,0
49.27974,2,0,0,0.0,36.6685500011954,0.6442590020014904,36.69299199827947,0.0840909090909091,220,0,0,26,0.9735576923076923,0
49.31639,2,0,0,0.0,36.624660999223124,0.6466480008384679,36.64585500155226,0.08371040723981904,221,0,0,26,0.9783653846153846,0
49.35314,2,0,0,0.0,36.72003300016513,0.6483260003733449,36.74561699881451,0.08333333333333337,222,0,0,26,0.9831730769230769,0
49.38929,2,0,0,0.0,36.1114789993735,0.6628810006077401,36.13718399719801,0.0829596412556054,223,0,0,26,0.9879807692307693,0
49.42613,2,0,0,0.0,36.80695499861031,0.6486790007329546,36.83284299768275,0.0825892857142857,224,0,0,27,0.9560185185185185,0
49.46303,2,0,0,0.0,36.878049999359064,0.6686540000373498,36.9022880004195,0.0822222222222222,225,0,0,27,0.9606481481481481,0
49.49982,2,0,0,0.0,36.75872200255981,0.6579199980478734,36.784229003387736,0.08185840707964598,226,0,0,27,0.9652777777777778,0
49.53673,2,0,0,0.0,36.87506500136806,0.6657249978161417,36.89914099959424,0.08149779735682816,227,0,0,27,0.9699074074074074,0
49.57338,2,0,0,0.0,36.621527000534115,0.6494890003523324,36.64607199971215,0.08114035087719296,228,0,0,27,0.9745370370370371,0
49.61041,2,0,0,0.0,36.99748299914063,0.6505500023195054,37.02398599853041,0.08078602620087338,229,0,0,28,0.9441964285714286,0
49.64805,2,0,0,0.0,37.61767200194299,0.6668409987469204,37.642260002030525,0.08043478260869563,230,0,0,28,0.9486607142857143,0
49.68566,2,0,0,0.0,37.57499099810957,0.6969470014155377,37.60130500086234,0.0800865800865801,231,0,0,28,0.953125,0
49.72248,2,0,0,0.0,36.791089001781074,0.6655359975411557,36.81432799930917,0.07974137931034486,232,0,0,28,0.9575892857142857,0
49.76094,2,0,0,0.0,38.423606998549076,0.64424399897689,38.462467997305794,0.07939914163090134,233,0,0,28,0.9620535714285714,0
49.79801,2,0,0,0.0,37.0321319969662,0.7383379997918382,37.057322999316966,0.07905982905982911,234,0,0,28,0.9665178571428571,0
49.86868,3,1,211,33.45181300028344,37.15626099801739,0.7409279969579075,70.6644320016494,0.08652482269503547,235,0,0,42,0.9627976190476191,0
49.9054,3,0,0,0.0,36.69877300126245,0.73102000169456,36.72379099953105,0.08615819209039544,236,0,0,42,0.9672619047619048,0
49.94244,3,0,0,0.0,37.007301001722226,0.7316660012293141,37.029925999377156,0.0857946554149086,237,0,0,42,0.9717261904761905,0
49.97903,3,0,0,0.0,36.55105299912975,0.7299860008060932,36.588022998330416,0.08543417366946782,238,0,0,42,0.9761904761904762,0
50.01514,3,0,0,0.0,36.08040099788923,0.752345997170778,36.100667999562575,0.0850767085076709,239,0,0,42,0.9806547619047619,0
50.06022,3,0,0,0.0,45.05624400189845,0.7368949991359841,45.085685000231024,0.08472222222222225,240,0,0,43,0.9622093023255814,0
50.10608,3,0,0,0.0,45.8247009992192,0.9817560021474492,45.84819700176013,0.08437067773167362,241,0,0,43,0.9665697674418605,0
50.14324,3,0,0,0.0,37.127135998161975,0.7684379997954238,37.15122299763607,0.08402203856749313,242,0,0,43,0.9709302325581395,0
50.18194,3,0,0,0.0,38.6771419980505,0.7494399978895672,38.70624099727138,0.08367626886145407,243,0,0,43,0.9752906976744186,0
50.23066,3,0,0,0.0,48.68549700040603,0.9893910028040409,48.712398998759454,0.08333333333333337,244,0,0,43,0.9796511627906976,0
50.26902,3,0,0,0.0,38.327050002408214,0.9871440015558619,38.3568790020945,0.08299319727891152,245,0,0,44,0.9616477272727273,0
50.31007,3,0,0,0.0,41.0158170016075,0.7934899986139499,41.04032200120855,0.08265582655826553,246,0,0,44,0.9659090909090909,0
50.34647,3,0,0,0.0,36.37642299872823,0.7660999981453642,36.40097999959835,0.08232118758434548,247,0,0,44,0.9701704545454546,0
50.38365,3,0,0,0.0,37.126872997760074,0.7853589995647781,37.1690399988438,0.081989247311828,248,0,0,45,0.9527777777777777,0
50.42095,3,0,0,0.0,37.27662199889892,0.7563359977211803,37.30017400084762,0.0816599732262383,249,0,0,45,0.9569444444444445,0
50.45803,3,0,0,0.0,37.045027002022834,0.7706969990977086,37.070553000376094,0.08133333333333337,250,0,0,45,0.9611111111111111,0
50.49505,3,0,0,0.0,36.99053700256627,0.7900239979790058,37.01632400043309,0.08100929614873842,251,0,0,45,0.9652777777777778,0
50.53263,3,0,0,0.0,37.55151600125828,0.7675470005779061,37.5793800012616,0.0806878306878307,252,0,0,45,0.9694444444444444,0
50.56957,3,0,0,0.0,36.905460998241324,0.7835899996280205,36.93296200071927,0.08036890645586303,253,0,0,45,0.9736111111111111,0
50.60612,3,0,0,0.0,36.518510001769755,0.7639100003871135,36.54403399923467,0.08005249343832022,254,0,0,45,0.9777777777777777,0
50.64227,3,0,0,0.0,36.118826999882,0.7717240005149506,36.145355999906315,0.07973856209150332,255,0,0,45,0.9819444444444444,0
50.6788,3,0,0,0.0,36.49320399927092,0.7698180015722755,36.52828199847136,0.07942708333333337,256,0,0,46,0.9646739130434783,0
50.71582,3,0,0,0.0,36.98716199869523,0.7843839994166046,37.01010800068616,0.079118028534371,257,0,0,46,0.96875,0
50.75331,3,0,0,0.0,37.45861100105685,0.7948419988679234,37.49114400125109,0.07881136950904388,258,0,0,46,0.9728260869565217,0
50.79104,3,0,0,0.0,37.6904149998154,0.8623419998912141,37.719116000516806,0.0785070785070785,259,0,0,46,0.9769021739130435,0
50.82794,3,0,0,0.0,36.867238999548135,0.7815369972377084,36.892945998260984,0.07820512820512826,260,0,0,46,0.9809782608695652,0
50.86465,3,0,0,0.0,36.67937199861626,0.7792510004946962,36.70835599768907,0.07790549169859518,261,0,0,47,0.964095744680851,0
50.90118,3,0,0,0.0,36.50019199994858,0.7636390000698157,36.52779200274381,0.07760814249363868,262,0,0,47,0.9680851063829787,0
50.9371,3,0,0,0.0,35.885479002899956,0.766902001487324,35.909120000724215,0.07731305449936632,263,0,0,47,0.9720744680851063,0
50.97352,3,0,0,0.0,36.3931039973977,0.7628530001966283,36.420884000108344,0.07702020202020199,264,0,0,48,0.9557291666666666,0
51.01006,3,0,0,0.0,36.50573999766493,0.7440510016749613,36.53193900026963,0.07672955974842766,265,0,0,48,0.9596354166666666,0
51.04871,3,0,0,0.0,38.62591199867893,0.7756860031804536,38.65080800096621,0.0764411027568922,266,0,0,48,0.9635416666666666,0
51.08577,3,0,0,0.0,37.018807997810654,0.7799239974701777,37.055269996926654,0.07615480649188511,267,0,0,31,0.9576612903225806,0
51.12368,2,0,0,0.0,37.884774999838555,0.7071780019032303,37.90824099996826,0.026639344262295084,244,0,0,31,0.9616935483870968,0
51.16141,2,0,0,0.0,37.69879999890691,0.6782299969927408,37.72439200110966,0.026530612244897944,245,0,0,31,0.9657258064516129,0
51.1983,2,0,0,0.0,36.859981999441516,0.7102320014382713,36.883986002067104,0.026422764227642226,246,0,0,31,0.969758064516129,0
51.23445,2,0,0,0.0,36.11725099835894,0.691293000272708,36.13989199948264,0.02631578947368418,247,0,0,31,0.9737903225806451,0
51.27122,2,0,0,0.0,36.7471569988993,0.6869690005260054,36.771970000700094,0.02620967741935487,248,0,0,31,0.9778225806451613,0
51.30924,2,0,0,0.0,37.986895000358345,0.6722120015183464,38.01276800004416,0.026104417670682722,249,0,0,31,0.9818548387096774,0
51.34639,2,0,0,0.0,37.11884099902818,0.6995799994911067,37.14283299996168,0.026000000000000023,250,0,0,31,0.9858870967741935,0
51.38275,2,0,0,0.0,36.33534999971744,0.6705809973936994,36.36038699914934,0.02589641434262946,251,0,0,31,0.9899193548387096,0
51.41963,2,0,0,0.0,36.851459997706115,0.6763390010746662,36.872438999125734,0.025793650793650813,252,0,0,31,0.9939516129032258,0
51.45589,2,0,0,0.0,36.23360900019179,0.6751990003976971,36.26059499947587,0.025691699604743046,253,0,0,32,0.966796875,0
51.49235,2,0,0,0.0,36.42415799913579,0.68141300289426,36.45121599765844,0.025590551181102317,254,0,0,32,0.970703125,0
51.52797,2,0,0,0.0,35.58736999912071,0.6838179979240522,35.60971299884841,0.025490196078431393,255,0,0,32,0.974609375,0
51.56422,2,0,0,0.0,36.225685998942936,0.6889959986438043,36.25273799843853,0.025390625,256,0,0,33,0.9488636363636364,0
51.60042,2,0,0,0.0,36.16843700001482,0.6868780001241248,36.19274300217512,0.02529182879377434,257,0,0,33,0.9526515151515151,0
51.63658,2,0,0,0.0,36.133904999587685,0.6762189987057354,36.1566280007537,0.025193798449612448,258,0,0,33,0.9564393939393939,0
51.6728,2,0,0,0.0,36.19345799961593,0.6597290011995938,36.21837399987271,0.025096525096525046,259,0,0,33,0.9602272727272727,0
51.70882,2,0,0,0.0,35.9869849999086,0.6839060006313957,36.01055599938263,0.025000000000000022,260,0,0,33,0.9640151515151515,0
51.74532,2,0,0,0.0,36.471322000579676,0.6769350002286956,36.49565800151322,0.02490421455938696,261,0,0,33,0.9678030303030303,0
51.78359,2,0,0,0.0,38.247450000199024,0.7993610015546437,38.272689998848364,0.024809160305343525,262,0,0,33,0.9715909090909091,0
51.81918,2,0,0,0.0,35.56047399979434,0.6741889992554206,35.58049999992363,0.024714828897338448,263,0,0,33,0.9753787878787878,0
51.85534,2,0,0,0.0,36.13202699852991,0.7065610006975476,36.1551200003305,0.024621212121212155,264,0,0,33,0.9791666666666666,0
51.89146,2,0,0,0.0,36.09197900004801,0.6706889980705455,36.11644299962791,0.024528301886792447,265,0,0,33,0.9829545454545454,0
51.9276,2,0,0,0.0,36.11803399689961,0.6658689999312628,36.1383180024859,0.024436090225563922,266,0,0,33,0.9867424242424242,0
51.96369,2,0,0,0.0,36.05726499881712,0.6440459983423352,36.08082099890453,0.02434456928838946,267,0,0,33,0.990530303030303,0
51.99969,2,0,0,0.0,35.976405000837985,0.6817450012022164,35.999675001221476,0.02425373134328357,268,0,0,33,0.9943181818181818,0
52.03597,2,0,0,0.0,36.2522010000248,0.662276001094142,36.277721999795176,0.024163568773234223,269,0,0,34,0.96875,0
52.07207,2,0,0,0.0,36.065634998522,0.6816140012233518,36.09461300220573,0.024074074074074026,270,0,0,17,0.9963235294117647,0
52.10455,1,0,0,0.0,32.44804800124257,0.5959899972367566,32.47032199942623,0.0,271,0,0,17,1.0,0
52.13729,1,0,0,0.0,32.719006998377154,0.5790879986307118,32.7421410001989,0.0,272,0,0,18,0.9479166666666666,0
52.16946,1,0,0,0.0,32.14235500126961,0.5700840010831598,32.16290499767638,0.0,273,0,0,18,0.9513888888888888,0
52.20182,1,0,0,0.0,32.336264001060044,0.5776520010840613,32.35813799983589,0.0,274,0,0,18,0.9548611111111112,0
52.23441,1,0,0,0.0,32.56108599816798,0.5747489994973876,32.581866998953046,0.0,275,0,0,18,0.9583333333333334,0
52.26688,1,0,0,0.0,32.44379399984609,0.5840570011059754,32.46685400154092,0.0,276,0,0,18,0.9618055555555556,0
52.29927,1,0,0,0.0,32.35267399941222,0.591281997913029,32.37486600119155,0.0,277,0,0,18,0.9652777777777778,0
52.33172,1,0,0,0.0,32.423860000562854,0.577399001485901,32.445158998598345,0.0,278,0,0,18,0.96875,0
52.36409,1,0,0,0.0,32.34412500023609,0.5711320009140763,32.365317001676885,0.0,279,0,0,18,0.9722222222222222,0
52.3962,1,0,0,0.0,32.08971999993082,0.5829570000059903,32.11064000061015,0.0,280,0,0,18,0.9756944444444444,0
52.42874,1,0,0,0.0,32.51017699949443,0.5835199990542606,32.53094100000453,0.0,281,0,0,18,0.9791666666666666,0
52.46108,1,0,0,0.0,32.3190560011426,0.596314999711467,32.340543999453075,0.0,282,0,0,18,0.9826388888888888,0
52.49357,1,0,0,0.0,32.465471002069535,0.6066140012990218,32.48760399947059,0.0,283,0,0,18,0.9861111111111112,0
52.52659,1,0,0,0.0,32.98274799817591,0.5921789997955784,33.00440499879187,0.0,284,0,0,18,0.9895833333333334,0
52.5596,1,0,0,0.0,32.9911369990441,0.5812980016344227,33.01375499722781,0.0,285,0,0,18,0.9930555555555556,0
52.59218,1,0,0,0.0,32.54791200015461,0.5863480000698473,32.57134299929021,0.0,286,0,0,18,0.9965277777777778,0
52.62502,1,0,0,0.0,32.81352599879028,0.6208449995028786,32.83380399807356,0.0,287,0,0,18,1.0,0
52.6574,1,0,0,0.0,32.351717996789375,0.5982660004519857,32.37501900002826,0.0,288,0,0,19,0.9506578947368421,0
52.68982,1,0,0,0.0,32.39943000153289,0.581899999815505,32.423412001662655,0.0,289,0,0,19,0.9539473684210527,0
52.72265,1,0,0,0.0,32.80178700151737,0.5883619996893685,32.82114600006025,0.0,290,0,0,19,0.9572368421052632,0
52.75649,1,0,0,0.0,33.811444001912605,0.5548759982048068,33.85341600005631,0.0,291,0,0,19,0.9605263157894737,0
52.82698,2,1,135,33.48683199874358,36.93069799919613,0.681187000736827,70.46509399879142,0.2688356164383562,292,0,0,28,0.9575892857142857,0
52.89605,3,1,174,32.68579200084787,36.33464399899822,0.7461519999196753,69.06469400200876,0.31399317406143346,293,0,0,39,0.9711538461538461,0
52.93307,3,0,0,0.0,36.99423400030355,0.7463859983545262,37.018393999460386,0.3129251700680272,294,0,0,39,0.9759615384615384,0
52.9696,3,0,0,0.0,36.492821000138065,0.7547909990535118,36.51935499874526,0.311864406779661,295,0,0,40,0.95625,0
53.00683,3,0,0,0.0,37.208633999398444,0.7359310002357233,37.23306100073387,0.31081081081081086,296,0,0,40,0.9609375,0
53.04447,3,0,0,0.0,37.607910999213345,0.7446529998560436,37.63137299756636,0.3097643097643098,297,0,0,40,0.965625,0
53.08154,3,0,0,0.0,37.037145000795135,0.7354640001722146,37.062961000629,0.3087248322147651,298,0,0,40,0.9703125,0
53.11817,3,0,0,0.0,36.59549299845821,0.7382469993899576,36.63602999949944,0.3076923076923077,299,0,0,21,0.9642857142857143,0
53.18763,3,1,223,33.47584900257061,35.93005400034599,0.6780300027457997,69.44695499987574,0.18236173393124067,223,0,0,35,0.9821428571428571,0
53.22473,3,0,0,0.0,37.0659269974567,0.6789649996790104,37.089763001858955,0.18154761904761907,224,0,0,37,0.9341216216216216,0
53.26167,3,0,0,0.0,36.92328900069697,0.7084239987307228,36.94587299833074,0.18074074074074076,225,0,0,37,0.9391891891891891,0
53.29842,3,0,0,0.0,36.72290599934058,0.6883049973112065,36.746835001395084,0.1799410029498525,226,0,0,37,0.9442567567567568,0
53.3353,3,0,0,0.0,36.849899999651825,0.7288300002983306,36.87199300111388,0.17914831130690156,227,0,0,37,0.9493243243243243,0
53.3722,3,0,0,0.0,36.871352000162005,0.6906539965712,36.896295998303685,0.17836257309941517,228,0,0,37,0.9543918918918919,0
53.40834,3,0,0,0.0,36.10653500072658,0.7131099991966039,36.13051100182929,0.1775836972343523,229,0,0,37,0.9594594594594594,0
53.44497,3,0,0,0.0,36.60515899900929,0.7051149987091776,36.62844799691811,0.1768115942028986,230,0,0,37,0.964527027027027,0
53.48051,3,0,0,0.0,35.49655900133075,0.719853000191506,35.53990200089174,0.176046176046176,231,0,0,37,0.9695945945945946,0
53.51686,3,0,0,0.0,36.32050300075207,0.696135000907816,36.345129999972414,0.17528735632183912,232,0,0,37,0.9746621621621622,0
53.55358,3,0,0,0.0,36.68790099982289,0.7293550006579608,36.71130200018524,0.1745350500715308,233,0,0,37,0.9797297297297297,0
53.58977,3,0,0,0.0,36.15763899870217,0.6941060019016732,36.18530300082057,0.1737891737891738,234,0,0,38,0.9588815789473685,0
53.62605,3,0,0,0.0,36.25316099714837,0.7341359996644314,36.27326699643163,0.17304964539007095,235,0,0,38,0.9638157894736842,0
53.66211,3,0,0,0.0,36.04204099974595,0.7070929968904238,36.06429800129263,0.17231638418079098,236,0,0,38,0.96875,0
53.69841,3,0,0,0.0,36.270444998081075,0.7157990003179293,36.29446999912034,0.1715893108298172,237,0,0,38,0.9736842105263158,0
53.73486,3,0,0,0.0,36.41892700034077,0.7386170000245329,36.440017000131775,0.17086834733893552,238,0,0,38,0.9786184210526315,0
53.77246,3,0,0,0.0,37.57478199986508,0.7041520002530888,37.59937300128513,0.1701534170153417,239,0,0,38,0.9835526315789473,0
53.80866,3,0,0,0.0,36.1678449989995,0.7180760003393516,36.19531300137169,0.1694444444444444,240,0,0,40,0.9390625,0
53.8453,3,0,0,0.0,36.61274399928516,0.7073740016494412,36.63636300188955,0.16874135546334712,241,0,0,40,0.94375,0
53.88158,3,0,0,0.0,36.253631002182374,0.7261899991135579,36.27800200047204,0.16804407713498626,242,0,0,40,0.9484375,0
53.91776,3,0,0,0.0,36.148005001450656,0.7027409992588218,36.17294200012111,0.16735253772290815,243,0,0,40,0.953125,0
53.95445,3,0,0,0.0,36.65894399819081,0.7413009989249986,36.68194800047786,0.16666666666666663,244,0,0,40,0.9578125,0
53.99054,3,0,0,0.0,36.06047400171519,0.7426090014632791,36.08466899822815,0.16598639455782316,245,0,0,40,0.9625,0
54.02712,3,0,0,0.0,36.553804002323886,0.7216580015665386,36.57319099875167,0.16531165311653118,246,0,0,40,0.9671875,0
54.06246,3,0,0,0.0,35.32517300118343,0.7252200011862442,35.34768199824612,0.16464237516869096,247,0,0,40,0.971875,0
54.09883,3,0,0,0.0,36.334342999907676,0.7155209968914278,36.35792900240631,0.16397849462365588,248,0,0,40,0.9765625,0
54.13528,3,0,0,0.0,36.42622600091272,0.7598740012326743,36.4481340002385,0.1633199464524766,249,0,0,40,0.98125,0
54.17167,3,0,0,0.0,36.362359998747706,0.7096789995557629,36.390633998962585,0.16266666666666663,250,0,0,41,0.961890243902439,0
54.20778,3,0,0,0.0,36.084049999772105,0.7262409999384545,36.107567000726704,0.16201859229747673,251,0,0,41,0.9664634146341463,0
54.24462,3,0,0,0.0,36.803710001549916,0.7237520003400277,36.82712099907803,0.1613756613756614,252,0,0,41,0.9710365853658537,0
54.28124,3,0,0,0.0,36.599806997401174,0.7414400024572387,36.62453599827131,0.16073781291172595,253,0,0,41,0.975609756097561,0
54.3178,3,0,0,0.0,36.52274300111458,0.7409899990307167,36.547675998008344,0.16010498687664043,254,0,0,41,0.9801829268292683,0
54.35341,3,0,0,0.0,35.58092999810469,0.7477910003217403,35.60901700257091,0.15947712418300652,255,0,0,30,0.9791666666666666,0
54.38962,2,0,0,0.0,36.18294099942432,0.6620900021516718,36.20851499726996,0.08203125,256,0,0,31,0.9516129032258065,0
54.42554,2,0,0,0.0,35.88581000076374,0.6660119979642332,35.90899800110492,0.08171206225680938,257,0,0,31,0.9556451612903226,0
54.46189,2,0,0,0.0,36.3259219993779,0.6369410002662335,36.350226000649855,0.08139534883720934,258,0,0,31,0.9596774193548387,0
54.49799,2,0,0,0.0,36.06984799989732,0.6829750018368941,36.09342799973092,0.08108108108108103,259,0,0,31,0.9637096774193549,0
54.53456,2,0,0,0.0,36.53872299764771,0.6651669973507524,36.56259000126738,0.08076923076923082,260,0,0,31,0.967741935483871,0
54.57081,2,0,0,0.0,36.22209500099416,0.6698850011161994,36.246823001420125,0.08045977011494254,261,0,0,31,0.9717741935483871,0
54.60717,2,0,0,0.0,36.331929000880336,0.6736130017088726,36.366299998917384,0.08015267175572516,262,0,0,31,0.9758064516129032,0
54.6428,2,0,0,0.0,35.59793000022182,0.6879569991724566,35.61915200043586,0.07984790874524716,263,0,0,31,0.9798387096774194,0
54.67888,2,0,0,0.0,36.052168001333484,0.6437039992306381,36.076645003049634,0.07954545454545459,264,0,0,31,0.9838709677419355,0
54.71504,2,0,0,0.0,36.13211199990474,0.7055370006128214,36.15586399973836,0.0792452830188679,265,0,0,31,0.9879032258064516,0
54.75213,2,0,0,0.0,37.0606790020247,0.6811960010963958,37.086828000610694,0.07894736842105265,266,0,0,32,0.9609375,0
54.78961,2,0,0,0.0,37.445690999447834,0.7555199990747496,37.46990300351172,0.0786516853932584,267,0,0,32,0.96484375,0
54.82571,2,0,0,0.0,36.075885000173,0.6630339994444512,36.09926900026039,0.07835820895522383,268,0,0,32,0.96875,0
54.86211,2,0,0,0.0,36.37035899737384,0.6565750009031035,36.39424399807467,0.0780669144981413,269,0,0,32,0.97265625,0
54.89815,2,0,0,0.0,36.01227400213247,0.6846069991297554,36.034748001839034,0.07777777777777772,270,0,0,32,0.9765625,0
54.93377,2,0,0,0.0,35.59838100045454,0.6609949996345676,35.6198020017473,0.07749077490774903,271,0,0,32,0.98046875,0
54.96994,2,0,0,0.0,36.13852100170334,0.665821000438882,36.164266999549,0.07720588235294112,272,0,0,33,0.9545454545454546,0
55.00613,2,0,0,0.0,36.16242700081784,0.676044997817371,36.18674500103225,0.07692307692307687,273,0,0,33,0.9583333333333334,0
55.04253,2,0,0,0.0,36.372788999869954,0.7027520005067345,36.39489199849777,0.07664233576642332,274,0,0,33,0.9621212121212122,0
55.07841,2,0,0,0.0,35.853238001436694,0.6485730009444524,35.87708900158759,0.07636363636363641,275,0,0,33,0.9659090909090909,0
55.11472,2,0,0,0.0,36.277286999393255,0.6865030009066686,36.300405001384206,0.07608695652173914,276,0,0,33,0.9696969696969697,0
55.15102,2,0,0,0.0,36.27876300015487,0.6623130029765889,36.30080700168037,0.07581227436823101,277,0,0,33,0.9734848484848485,0
55.18824,2,0,0,0.0,37.184701999649405,0.6794979999540374,37.20765300022322,0.07553956834532372,278,0,0,33,0.9772727272727273,0
55.2568,3,1,207,32.712361000449164,35.807329000817845,0.760081999032991,68.5600090000662,0.1362007168458781,279,0,0,46,0.9864130434782609,0
55.29303,3,0,0,0.0,36.20054299972253,0.7808869995642453,36.22589299993706,0.13571428571428568,280,0,0,47,0.9694148936170213,0
55.32951,3,0,0,0.0,36.44291900127428,0.7646400008525234,36.480591999861645,0.13523131672597866,281,0,0,47,0.973404255319149,0
55.36617,3,0,0,0.0,36.62319799695979,0.7650799998373259,36.64909599683597,0.13475177304964536,282,0,0,48,0.95703125,0
55.40281,3,0,0,0.0,36.60213499824749,0.7664959994144738,36.62827599691809,0.13427561837455826,283,0,0,48,0.9609375,0
55.43932,3,0,0,0.0,36.487199999100994,0.7793660006427672,36.51034500217065,0.1338028169014085,284,0,0,48,0.96484375,0
55.47598,3,0,0,0.0,36.62543300015386,0.7674170010432135,36.65023500070674,0.1333333333333333,285,0,0,48,0.96875,0
55.5124,3,0,0,0.0,36.39057100008358,0.788066001405241,36.416356000700034,0.13286713286713292,286,0,0,48,0.97265625,0
55.55,3,0,0,0.0,37.56080099992687,0.7740940018265974,37.59558399906382,0.132404181184669,287,0,0,30,0.9625,0
55.58642,2,0,0,0.0,36.39702199870953,0.6917209975654259,36.41944100309047,0.060975609756097615,246,0,0,30,0.9666666666666667,0
55.62189,2,0,0,0.0,35.44274399973801,0.6533529995067511,35.46629500124254,0.06072874493927127,247,0,0,30,0.9708333333333333,0
55.65842,2,0,0,0.0,36.49642899836181,0.6783150020055473,36.51795699988725,0.06048387096774188,248,0,0,30,0.975,0
55.69475,2,0,0,0.0,36.31068500180845,0.670588000502903,36.33306100164191,0.06024096385542166,249,0,0,30,0.9791666666666666,0
55.73094,2,0,0,0.0,36.16458400210831,0.6591730016225483,36.18844299853663,0.06000000000000005,250,0,0,30,0.9833333333333333,0
55.76969,2,0,0,0.0,38.72045999742113,0.6758820018148981,38.74394599915831,0.05976095617529875,251,0,0,30,0.9875,0
55.80627,2,0,0,0.0,36.554151000018464,0.6631680007558316,36.578700000973186,0.059523809523809534,252,0,0,30,0.9916666666666667,0
55.84286,2,0,0,0.0,36.55681800228194,0.6646319998253603,36.57823899993673,0.059288537549407105,253,0,0,30,0.9958333333333333,0
55.87932,2,0,0,0.0,36.42788200158975,0.672113001201069,36.454632001550635,0.05905511811023623,254,0,0,31,0.967741935483871,0
55.91452,2,0,0,0.0,35.174913002265384,0.6784899997001048,35.19923600106267,0.05882352941176472,255,0,0,31,0.9717741935483871,0
55.95103,2,0,0,0.0,36.47611899941694,0.6515919994853903,36.500535999948625,0.05859375,256,0,0,32,0.9453125,0
55.98716,2,0,0,0.0,36.10420000040904,0.6911250020493753,36.13278700140654,0.05836575875486383,257,0,0,15,0.95,0
56.01971,1,0,0,0.0,32.518469997739885,0.5618239993054885,32.539808002184145,0.0,228,0,0,15,0.9541666666666667,0
56.05247,1,0,0,0.0,32.73963999890839,0.567828999919584,32.75828099867795,0.0,229,0,0,15,0.9583333333333334,0
56.08515,1,0,0,0.0,32.65405999991344,0.5421700006991159,32.67734600012773,0.0,230,0,0,15,0.9625,0
56.11771,1,0,0,0.0,32.532110999454744,0.5861480021849275,32.5550839988864,0.0,231,0,0,15,0.9666666666666667,0
56.15029,1,0,0,0.0,32.55684900068445,0.5601979974017013,32.57802699954482,0.0,232,0,0,15,0.9708333333333333,0
56.18274,1,0,0,0.0,32.42272599891294,0.5755780002800748,32.44479799832334,0.0,233,0,0,15,0.975,0
56.21505,1,0,0,0.0,32.2878570004832,0.561880999157438,32.30987599818036,0.0,234,0,0,15,0.9791666666666666,0
56.24782,1,0,0,0.0,32.73730900036753,0.5693720013368875,32.75839199704933,0.0,235,0,0,15,0.9833333333333333,0
56.28016,1,0,0,0.0,32.3161460000847,0.585180998314172,32.337456999812275,0.0,236,0,0,15,0.9875,0
56.31252,1,0,0,0.0,32.33778499998152,0.5678569978044834,32.36061500138021,0.0,237,0,0,15,0.9916666666666667,0
56.34526,1,0,0,0.0,32.70861199780484,0.563900000997819,32.73119599907659,0.0,238,0,0,15,0.9958333333333333,0
56.37751,1,0,0,0.0,32.21185999791487,0.5655509994539898,32.24699099882855,0.0,239,0,0,15,1.0,0
56.40998,1,0,0,0.0,32.428526999865426,0.5351930012693629,32.45304899974144,0.0,240,0,0,16,0.94140625,0
56.44261,1,0,0,0.0,32.6099849989987,0.5930650004302152,32.62882700073533,0.0,241,0,0,16,0.9453125,0
56.47491,1,0,0,0.0,32.271741998556536,0.5535029995371588,32.29338599703624,0.0,242,0,0,16,0.94921875,0
56.508,1,0,0,0.0,33.06298900133697,0.5841199999849778,33.08684199873824,0.0,243,0,0,16,0.953125,0
56.54211,1,0,0,0.0,34.08482200029539,0.6072630021662917,34.10554000220145,0.0,244,0,0,16,0.95703125,0
56.57513,1,0,0,0.0,32.996029000059934,0.6077799989725463,33.01955799906864,0.0,245,0,0,16,0.9609375,0
56.60799,1,0,0,0.0,32.82842699991306,0.6047820024832617,32.85204300118494,0.0,246,0,0,16,0.96484375,0
56.64123,1,0,0,0.0,33.21457499987446,0.5864209997525904,33.23503099818481,0.0,247,0,0,16,0.96875,0
56.67389,1,0,0,0.0,32.63458800211083,0.5949890000920277,32.65673700298066,0.0,248,0,0,16,0.97265625,0
56.70671,1,0,0,0.0,32.79709900016314,0.5949529986537527,32.82069000124466,0.0,249,0,0,16,0.9765625,0
56.7784,2,1,156,32.92618600244168,38.70994499811786,0.6321790024230722,71.67754900001455,0.18799999999999994,250,0,0,26,0.9807692307692307,0
56.81507,2,0,0,0.0,36.648149998654844,0.6728690023010131,36.6727099972195,0.1872509960159362,251,0,0,26,0.9855769230769231,0
56.85179,2,0,0,0.0,36.689814001874765,0.6674469987046905,36.71238300012192,0.1865079365079365,252,0,0,26,0.9903846153846154,0
56.88828,2,0,0,0.0,36.456827001529746,0.6630950010730885,36.4814300010039,0.18577075098814233,253,0,0,26,0.9951923076923077,0
56.92486,2,0,0,0.0,36.5505129993835,0.6482620010501705,36.577187001967104,0.18503937007874016,254,0,0,27,0.9629629629629629,0
56.96056,2,0,0,0.0,35.67666000162717,0.6665979999525007,35.700443000678206,0.1843137254901961,255,0,0,27,0.9675925925925926,0
56.99712,2,0,0,0.0,36.52392900039558,0.6595419981749728,36.551041001075646,0.18359375,256,0,0,28,0.9375,0
57.03342,2,0,0,0.0,36.27620499901241,0.6655489996774122,36.29943700070726,0.18287937743190663,257,0,0,28,0.9419642857142857,0
57.07016,2,0,0,0.0,36.70862800208852,0.6378250000125263,36.7401229996176,0.1821705426356589,258,0,0,28,0.9464285714285714,0
57.10657,2,0,0,0.0,36.371382000652375,0.6612729994230904,36.39531600128976,0.18146718146718144,259,0,0,28,0.9508928571428571,0
57.14316,2,0,0,0.0,36.56707499976619,0.6509979975817259,36.59723899909295,0.1807692307692308,260,0,0,28,0.9553571428571429,0
57.17949,2,0,0,0.0,36.29134600123507,0.6528839985548984,36.329309001303045,0.1800766283524904,261,0,0,28,0.9598214285714286,0
57.21592,2,0,0,0.0,36.38658600175404,0.6433950002247002,36.41200900165131,0.17938931297709926,262,0,0,28,0.9642857142857143,0
57.25176,2,0,0,0.0,35.81572400071309,0.6694050025544129,35.83933399931993,0.17870722433460073,263,0,0,28,0.96875,0
57.28823,2,0,0,0.0,36.4374279997719,0.6663429994659964,36.46288700110745,0.17803030303030298,264,0,0,28,0.9732142857142857,0
57.32514,2,0,0,0.0,36.879991999740014,0.6634460005443543,36.90529599771253,0.1773584905660377,265,0,0,28,0.9776785714285714,0
57.36164,2,0,0,0.0,36.4780649979366,0.6583440008398611,36.499934998573735,0.17669172932330823,266,0,0,28,0.9821428571428571,0
57.39777,2,0,0,0.0,36.09609299746808,0.6388369984051678,36.11975199964945,0.17602996254681647,267,0,0,28,0.9866071428571429,0
57.43434,2,0,0,0.0,36.54020600151853,0.6521309987874702,36.564886999258306,0.17537313432835822,268,0,0,28,0.9910714285714286,0
57.47105,2,0,0,0.0,36.689684999146266,0.6677009987470228,36.71306600153912,0.17472118959107807,269,0,0,28,0.9955357142857143,0
57.50738,2,0,0,0.0,36.29990899935365,0.6991589980316348,36.32629699859535,0.17407407407407405,270,0,0,29,0.9655172413793104,0
57.54316,2,0,0,0.0,35.75191900017671,0.6593180005438626,35.781009999482194,0.17343173431734316,271,0,0,29,0.9698275862068966,0
57.57944,2,0,0,0.0,36.245077000785386,0.6692280003335327,36.2702239981445,0.17279411764705888,272,0,0,30,0.9416666666666667,0
57.61585,2,0,0,0.0,36.379928002133965,0.676313997246325,36.403646001417655,0.17216117216117222,273,0,0,30,0.9458333333333333,0
57.65242,2,0,0,0.0,36.54329799974221,0.6749509993824176,36.56352100006188,0.17153284671532842,274,0,0,30,0.95,0
57.68862,2,0,0,0.0,36.17545300221536,0.6544640018546488,36.19813400291605,0.1709090909090909,275,0,0,30,0.9541666666666667,0
57.72489,2,0,0,0.0,36.24353199847974,0.6526809993374627,36.26498000085121,0.17028985507246375,276,0,0,30,0.9583333333333334,0
57.76361,2,0,0,0.0,38.693412996508414,0.6596569983230438,38.71729599995888,0.16967509025270755,277,0,0,30,0.9625,0
57.80004,2,0,0,0.0,36.39868900063448,0.6712849972245749,36.42280599888181,0.1690647482014388,278,0,0,30,0.9666666666666667,0
57.83541,2,0,0,0.0,35.34572900025523,0.6729310007358436,35.370454999792855,0.1684587813620072,279,0,0,30,0.9708333333333333,0
57.87213,2,0,0,0.0,36.68224500142969,0.6647070003964473,36.70630100168637,0.16785714285714282,280,0,0,30,0.975,0
57.90854,2,0,0,0.0,36.38308399968082,0.7007800013525411,36.406651001016144,0.16725978647686834,281,0,0,30,0.9791666666666666,0
57.94491,2,0,0,0.0,36.3425739997183,0.6513389998872299,36.3710749988968,0.16666666666666663,282,0,0,12,0.984375,0
57.9776,1,0,0,0.0,32.6601179986028,0.5428100012068171,32.68341999864788,0.0,189,0,0,12,0.9895833333333334,0
58.01024,1,0,0,0.0,32.61057099734899,0.558679999812739,32.633778002491454,0.0,190,0,0,12,0.9947916666666666,0
58.04289,1,0,0,0.0,32.62232100314577,0.5699280009139329,32.641311998304445,0.0,191,0,0,12,1.0,0
58.07553,1,0,0,0.0,32.62013000130537,0.5370780017983634,32.64495099938358,0.0,192,0,0,13,0.9278846153846154,0
58.10876,1,0,0,0.0,33.19921200090903,0.551585999346571,33.22321200175793,0.0,193,0,0,13,0.9326923076923077,0
58.14164,1,0,0,0.0,32.85244499784312,0.5682149967469741,32.87332699983381,0.0,194,0,0,13,0.9375,0
58.17438,1,0,0,0.0,32.71529199992074,0.5629650004266296,32.736766999732936,0.0,195,0,0,13,0.9423076923076923,0
58.20692,1,0,0,0.0,32.51447100046789,0.5570499997702427,32.536968999920646,0.0,196,0,0,13,0.9471153846153846,0
58.23953,1,0,0,0.0,32.58602099958807,0.5639449991576839,32.60756300005596,0.0,197,0,0,13,0.9519230769230769,0
58.27228,1,0,0,0.0,32.72297799776425,0.5324550002114847,32.74424000119325,0.0,198,0,0,13,0.9567307692307693,0
58.30496,1,0,0,0.0,32.653913000103785,0.5565640021814033,32.67663800215814,0.0,199,0,0,13,0.9615384615384616,0
58.33748,1,0,0,0.0,32.48871300093015,0.5754409976361785,32.51069100224413,0.0,200,0,0,13,0.9663461538461539,0
58.37016,1,0,0,0.0,32.65411000029417,0.5308599975251127,32.673822999640834,0.0,201,0,0,13,0.9711538461538461,0
58.40251,1,0,0,0.0,32.3043369971856,0.5561640027735848,32.345162999263266,0.0,202,0,0,0,0.0,0
60.25132,1,1,249,35.98705499825883,33.101909000833984,0.5975499989290256,69.14307099941652,0.0,249,0,0,16,0.9765625,0
60.2846,1,0,0,0.0,33.25298400159227,0.5900840005779173,33.27605999947991,0.0,250,0,0,16,0.98046875,0
60.31773,1,0,0,0.0,33.10239400161663,0.5758549996244255,33.124462999694515,0.0,251,0,0,16,0.984375,0
60.35083,1,0,0,0.0,33.072231999540236,0.5637930007651448,33.092047000536695,0.0,252,0,0,16,0.98828125,0
60.38386,1,0,0,0.0,33.00963299989235,0.5466470029205084,33.03223200055072,0.0,253,0,0,16,0.9921875,0
60.41674,1,0,0,0.0,32.84919900033856,0.5684329989890102,32.87175700097578,0.0,254,0,0,16,0.99609375,0
60.44986,1,0,0,0.0,33.09178299969062,0.5637920003209729,33.11408299850882,0.0,255,0,0,16,1.0,0
60.48292,1,0,0,0.0,33.030248996510636,0.5742899993492756,33.056494998163544,0.0,256,0,0,17,0.9448529411764706,0
60.51594,1,0,0,0.0,32.98992000054568,0.5969999983790331,33.012348001648206,0.0,257,0,0,17,0.9485294117647058,0
60.54892,1,0,0,0.0,32.96195099756005,0.5926289995841216,32.982855998852756,0.0,258,0,0,17,0.9522058823529411,0
60.58198,1,0,0,0.0,33.02981900196755,0.6134210016170982,33.05344000182231,0.0,259,0,0,17,0.9558823529411765,0
60.61489,1,0,0,0.0,32.876631998078665,0.6171149980218615,32.901196002057986,0.0,260,0,0,17,0.9595588235294118,0
60.64836,1,0,0,0.0,33.449220998591045,0.6072350006434135,33.47119599857251,0.0,261,0,0,17,0.9632352941176471,0
60.68177,1,0,0,0.0,33.3781369990902,0.6326140028249938,33.40152399687213,0.0,262,0,0,17,0.9669117647058824,0
60.71484,1,0,0,0.0,33.04396100065787,0.579537998419255,33.06863300167606,0.0,263,0,0,17,0.9705882352941176,0
60.74794,1,0,0,0.0,33.066267998947296,0.5872129986528307,33.09018300205935,0.0,264,0,0,17,0.9742647058823529,0
60.78168,1,0,0,0.0,33.716980997269275,0.8011630015971605,33.740514001692645,0.0,265,0,0,17,0.9779411764705882,0
60.81487,1,0,0,0.0,33.16451600039727,0.5919360010011587,33.18606299944804,0.0,266,0,0,17,0.9816176470588235,0
60.84793,1,0,0,0.0,33.03272599805496,0.5686600015906151,33.05763300159015,0.0,267,0,0,17,0.9852941176470589,0
60.8814,1,0,0,0.0,33.4348440010217,0.676119998388458,33.45882700159564,0.0,268,0,0,17,0.9889705882352942,0
60.91427,1,0,0,0.0,32.848581999132875,0.6164890000945888,32.872070998564595,0.0,269,0,0,17,0.9926470588235294,0
60.94714,1,0,0,0.0,32.835445999808144,0.6131840018497314,32.859064998774556,0.0,270,0,0,17,0.9963235294117647,0
60.98034,1,0,0,0.0,33.17529400010244,0.6099730017012917,33.19857400128967,0.0,271,0,0,17,1.0,0
61.01344,1,0,0,0.0,33.0728459994134,0.6205540012160782,33.09875699778786,0.0,272,0,0,18,0.9479166666666666,0
61.08275,2,1,78,32.719581002311315,36.53933399982634,0.6389600021066144,69.29854199916008,0.3571428571428571,273,0,0,23,0.9592391304347826,0
61.11929,2,0,0,0.0,36.5126059987233,0.6290519995673094,36.53744799885317,0.3558394160583942,274,0,0,23,0.9646739130434783,0
61.15589,2,0,0,0.0,36.57443600241095,0.6616619975829963,36.59723699820461,0.3545454545454545,275,0,0,24,0.9296875,0
61.19241,2,0,0,0.0,36.49092399791698,0.6277409993344918,36.515017000056105,0.3532608695652174,276,0,0,24,0.9348958333333334,0
61.22882,2,0,0,0.0,36.38184299779823,0.6649449969700072,36.40509199976805,0.351985559566787,277,0,0,24,0.9401041666666666,0
61.26539,2,0,0,0.0,36.54912400088506,0.6005760005791672,36.571194999851286,0.3507194244604317,278,0,0,24,0.9453125,0
61.30097,2,0,0,0.0,35.55151899854536,0.6500849995063618,35.574326997448225,0.34946236559139787,279,0,0,24,0.9505208333333334,0
61.33727,2,0,0,0.0,36.275038997700904,0.6335399993986357,36.29759599789395,0.3482142857142857,280,0,0,24,0.9557291666666666,0
61.37391,2,0,0,0.0,36.604909000743646,0.6340120016830042,36.62741199877928,0.3469750889679716,281,0,0,24,0.9609375,0
61.41043,2,0,0,0.0,36.49772700009635,0.6441990008170251,36.52120700280648,0.3457446808510638,282,0,0,24,0.9661458333333334,0
61.44712,2,0,0,0.0,36.657749998994404,0.6558220011356752,36.68189200107008,0.34452296819787986,283,0,0,24,0.9713541666666666,0
61.48388,2,0,0,0.0,36.73170199908782,0.6573819991899654,36.756811998202465,0.3433098591549296,284,0,0,24,0.9765625,0
61.52057,2,0,0,0.0,36.66767700269702,0.6789709987060633,36.69176900075399,0.3421052631578947,285,0,0,24,0.9817708333333334,0
61.55747,2,0,0,0.0,36.86928200113471,0.6391349998011719,36.89147899785894,0.34090909090909094,286,0,0,24,0.9869791666666666,0
61.59315,2,0,0,0.0,35.62698699897737,0.6442269987019245,35.67233099965961,0.3397212543554007,287,0,0,24,0.9921875,0
61.62998,2,0,0,0.0,36.80751100182533,0.6621079992328305,36.835376002272824,0.33854166666666663,288,0,0,25,0.9575,0
61.66716,2,0,0,0.0,37.147342998650856,0.6646609981544316,37.17109699937282,0.3373702422145328,289,0,0,25,0.9625,0
61.70382,2,0,0,0.0,36.631781000323826,0.6526950019178912,36.65574799742899,0.3362068965517241,290,0,0,25,0.9675,0
61.74065,2,0,0,0.0,36.79825799918035,0.6554960018547717,36.82667599787237,0.3350515463917526,291,0,0,26,0.9350961538461539,0
61.77752,2,0,0,0.0,36.83746900060214,0.643169001705246,36.86215400011861,0.33390410958904104,292,0,0,26,0.9399038461538461,0
61.81404,2,0,0,0.0,36.488623001787346,0.6431930014514364,36.51309799897717,0.3327645051194539,293,0,0,26,0.9447115384615384,0
61.8509,2,0,0,0.0,36.83737599931192,0.662816997646587,36.862949000351364,0.33163265306122447,294,0,0,26,0.9495192307692307,0
61.887,2,0,0,0.0,36.066954002308194,0.7088240017765202,36.089354998694034,0.3305084745762712,295,0,0,26,0.9543269230769231,0
61.9238,2,0,0,0.0,36.7727709999599,0.666856998577714,36.79638800167595,0.3293918918918919,296,0,0,26,0.9591346153846154,0
61.99494,3,1,225,33.359221000864636,37.73480499876314,0.7950279978103936,71.1389819989563,0.29966329966329963,297,0,0,41,0.9557926829268293,0
62.03185,3,0,0,0.0,36.87869699933799,0.7489259987778496,36.904403001244646,0.2986577181208053,298,0,0,41,0.9603658536585366,0
62.06897,3,0,0,0.0,37.094537998200394,0.7436380001308862,37.11860600014916,0.2976588628762542,299,0,0,41,0.9649390243902439,0
62.1059,3,0,0,0.0,36.89623299942468,0.754589000280248,36.92150700226193,0.29666666666666663,300,0,0,41,0.9695121951219512,0
62.14276,3,0,0,0.0,36.82836400184897,0.7587410000269301,36.85477100225398,0.29568106312292364,301,0,0,41,0.9740853658536586,0
62.18146,3,0,0,0.0,38.676529002259485,0.7547450004494749,38.70151000228361,0.29470198675496684,302,0,0,41,0.9786585365853658,0
62.21748,3,0,0,0.0,35.98384099677787,0.7563520011899527,36.02985799807357,0.29372937293729373,303,0,0,41,0.9832317073170732,0
62.25488,3,0,0,0.0,37.347609999415,0.7534959986514878,37.372595001215814,0.29276315789473684,304,0,0,42,0.9642857142857143,0
62.29172,3,0,0,0.0,36.817002001043875,0.7610279972141143,36.842133002210176,0.2918032786885246,305,0,0,42,0.96875,0
62.32854,3,0,0,0.0,36.78447299898835,0.7560920021205675,36.809754001296824,0.29084967320261434,306,0,0,42,0.9732142857142857,0
62.36534,3,0,0,0.0,36.77471099945251,0.751805000618333,36.79901199939195,0.2899022801302932,307,0,0,43,0.9549418604651163,0
62.40224,3,0,0,0.0,36.87279000223498,0.7756680024613161,36.896877998515265,0.288961038961039,308,0,0,43,0.9593023255813954,0
62.43918,3,0,0,0.0,36.911906998284394,0.7930640022095758,36.9361189987103,0.28802588996763756,309,0,0,43,0.9636627906976745,0
62.47636,3,0,0,0.0,37.151088003156474,0.7819509992259555,37.17451600095956,0.2870967741935484,310,0,0,43,0.9680232558139535,0
62.51245,3,0,0,0.0,36.056748998817056,0.7848079985706136,36.08227600125247,0.2861736334405145,311,0,0,43,0.9723837209302325,0
62.54932,3,0,0,0.0,36.83727300085593,0.7655040026293136,36.865488000330515,0.28525641025641024,312,0,0,44,0.9545454545454546,0
62.58661,3,0,0,0.0,37.25749500154052,0.8182220008166041,37.28181600308744,0.2843450479233227,313,0,0,44,0.9588068181818182,0
62.6237,3,0,0,0.0,37.05720599828055,0.7777270002407022,37.08850399925723,0.2834394904458599,314,0,0,44,0.9630681818181818,0
62.66104,3,0,0,0.0,37.31427700040513,0.8036030012590345,37.3382979996677,0.28253968253968254,315,0,0,44,0.9673295454545454,0
62.69785,3,0,0,0.0,36.77858100127196,0.7867079984862357,36.80229100064025,0.2816455696202531,316,0,0,44,0.9715909090909091,0
62.73501,3,0,0,0.0,37.13425200112397,0.8119469966914039,37.15830500004813,0.28075709779179814,317,0,0,44,0.9758522727272727,0
62.77228,3,0,0,0.0,37.23833900221507,0.8002540016605053,37.26219799864339,0.27987421383647804,318,0,0,44,0.9801136363636364,0
62.80862,3,0,0,0.0,36.315017998276744,0.811664001957979,36.340616999950726,0.27899686520376177,319,0,0,44,0.984375,0
62.84558,3,0,0,0.0,36.92530899934354,0.7995109990588389,36.95293700002367,0.27812499999999996,320,0,0,45,0.9666666666666667,0
62.88278,3,0,0,0.0,37.17278999829432,0.7817139994585887,37.197091998677934,0.2772585669781932,321,0,0,45,0.9708333333333333,0
62.91969,3,0,0,0.0,36.8724910003948,0.7812000003468711,36.89551200295682,0.27639751552795033,322,0,0,45,0.975,0
62.95681,3,0,0,0.0,37.093306997121545,0.7911210013844538,37.11929799828795,0.27554179566563464,323,0,0,46,0.9578804347826086,0
62.99401,3,0,0,0.0,37.17366000273614,0.800923997303471,37.19647499747225,0.27469135802469136,324,0,0,46,0.9619565217391305,0
63.03101,3,0,0,0.0,36.96792799746618,0.8000880006875377,36.99132700057817,0.27384615384615385,325,0,0,46,0.9660326086956522,0
63.06821,3,0,0,0.0,37.17307699844241,0.8062010019784793,37.195714001427405,0.27300613496932513,326,0,0,46,0.970108695652174,0
63.10439,3,0,0,0.0,36.150203999568475,0.8143800005200319,36.17519500039634,0.27217125382262997,327,0,0,46,0.9741847826086957,0
63.14136,3,0,0,0.0,36.93866799949319,0.8209510015149135,36.96803299681051,0.27134146341463417,328,0,0,47,0.9574468085106383,0
63.17852,3,0,0,0.0,37.135490998480236,0.8180339973478112,37.16052299932926,0.270516717325228,329,0,0,47,0.961436170212766,0
63.2157,3,0,0,0.0,37.14648899767781,0.8132549992296845,37.17177399812499,0.26969696969696966,330,0,0,47,0.9654255319148937,0
63.2527,3,0,0,0.0,36.97010899850284,0.7951929983391892,36.99501299706753,0.2688821752265861,331,0,0,47,0.9694148936170213,0
63.28971,3,0,0,0.0,36.979655000322964,0.7862150014261715,37.00327399928938,0.2680722891566265,332,0,0,47,0.973404255319149,0
63.3268,3,0,0,0.0,37.06464000060805,0.7948599995870609,37.08895499948994,0.26726726726726724,333,0,0,47,0.9773936170212766,0
63.36378,3,0,0,0.0,36.95388699998148,0.7905789971118793,36.976693001633976,0.2664670658682635,334,0,0,47,0.9813829787234043,0
63.40002,3,0,0,0.0,36.19951700238744,0.8058769999479409,36.2341469990497,0.26567164179104474,335,0,0,38,0.9868421052631579,0
63.43686,2,0,0,0.0,36.80495699882158,0.7184380010585301,36.83034999994561,0.1071428571428571,336,0,0,39,0.9647435897435898,0
63.47418,2,0,0,0.0,37.293362998752855,0.7004600010986906,37.3144980003417,0.10682492581602376,337,0,0,39,0.967948717948718,0
63.51098,2,0,0,0.0,36.78143100114539,0.7233079995785374,36.80428399820812,0.10650887573964496,338,0,0,39,0.9711538461538461,0
63.54797,2,0,0,0.0,36.957243999495404,0.7128990000637714,36.981429999286775,0.10619469026548678,339,0,0,39,0.9743589743589743,0
63.58483,2,0,0,0.0,36.830150998866884,0.7176709987106733,36.85167699950398,0.10588235294117643,340,0,0,39,0.9775641025641025,0
63.62815,2,0,0,0.0,43.296787996951025,0.7080070026859175,43.33051499997964,0.1055718475073314,341,0,0,39,0.9807692307692307,0
63.66501,2,0,0,0.0,36.81959000095958,0.7290489993465599,36.84056899874122,0.10526315789473684,342,0,0,39,0.9839743589743589,0
63.70117,2,0,0,0.0,36.12779199829674,0.7140019988582935,36.15989600075409,0.10495626822157433,343,0,0,39,0.9871794871794872,0
63.73768,2,0,0,0.0,36.48245400108863,0.7545109983766451,36.5070569969248,0.10465116279069764,344,0,0,40,0.965625,0
63.77467,2,0,0,0.0,36.96356100044795,0.727629001630703,36.98751000047196,0.10434782608695647,345,0,0,40,0.96875,0
63.81137,2,0,0,0.0,36.67279699948267,0.7226969973999076,36.69498399904114,0.10404624277456642,346,0,0,40,0.971875,0
63.84807,2,0,0,0.0,36.671812002168735,0.7058660012262408,36.69548999823746,0.10374639769452454,347,0,0,40,0.975,0
63.88474,2,0,0,0.0,36.63690200119163,0.7312570014619268,36.65810999882524,0.10344827586206895,348,0,0,40,0.978125,0
63.92143,2,0,0,0.0,36.66372199950274,0.6952950025151949,36.68795100020361,0.1031518624641834,349,0,0,40,0.98125,0
63.95825,2,0,0,0.0,36.79734799879952,0.7281460020749364,36.819553999521304,0.10285714285714287,350,0,0,40,0.984375,0
63.99434,2,0,0,0.0,36.057716999494005,0.7109190009941813,36.08178499780479,0.10256410256410253,351,0,0,40,0.9875,0
64.03089,2,0,0,0.0,36.52350300035323,0.7302880003408063,36.55378599796677,0.10227272727272729,352,0,0,41,0.9664634146341463,0
64.06767,2,0,0,0.0,36.74170699741808,0.7037650029815268,36.77212399998098,0.10198300283286121,353,0,0,18,0.9791666666666666,0
64.10077,1,0,0,0.0,33.076946001528995,0.5896030015719589,33.10010900167981,0.0,282,0,0,18,0.9826388888888888,0
64.13391,1,0,0,0.0,33.11039200343657,0.6210100000316743,33.13439500198001,0.0,283,0,0,18,0.9861111111111112,0
64.16708,1,0,0,0.0,33.140618998004356,0.6314720012596808,33.16114699919126,0.0,284,0,0,18,0.9895833333333334,0
64.20034,1,0,0,0.0,33.22963299797266,0.6038270003045909,33.25458799736225,0.0,285,0,0,18,0.9930555555555556,0
64.23337,1,0,0,0.0,33.0002560003777,0.6177209979796316,33.02528499989421,0.0,286,0,0,18,0.9965277777777778,0
64.26648,1,0,0,0.0,33.07936700002756,0.609424001595471,33.10099499867647,0.0,287,0,0,18,1.0,0
64.29946,1,0,0,0.0,32.944858001428656,0.589218001550762,32.98578400062979,0.0,288,0,0,19,0.9506578947368421,0
64.33262,1,0,0,0.0,33.12827799891238,0.6002230002195574,33.15220899821725,0.0,289,0,0,19,0.9539473684210527,0
64.36571,1,0,0,0.0,33.063394999771845,0.6026280025253072,33.08313800152973,0.0,290,0,0,19,0.9572368421052632,0
64.3987,1,0,0,0.0,32.96219300318626,0.5751379976572935,32.9847510001855,0.0,291,0,0,19,0.9605263157894737,0
64.43146,1,0,0,0.0,32.73903999797767,0.6204780002008192,32.75935700003174,0.0,292,0,0,19,0.9638157894736842,0
64.46453,1,0,0,0.0,33.03966499879607,0.5670150021614973,33.06110799894668,0.0,293,0,0,19,0.9671052631578947,0
64.49736,1,0,0,0.0,32.80163000090397,0.6050779993529432,32.823966997966636,0.0,294,0,0,19,0.9703947368421053,0
64.53029,1,0,0,0.0,32.902001999900676,0.605960998655064,32.92501000032644,0.0,295,0,0,19,0.9736842105263158,0
64.5634,1,0,0,0.0,33.08547100095893,0.6142400015960447,33.10794699791586,0.0,296,0,0,19,0.9769736842105263,0
64.59628,1,0,0,0.0,32.85654800129123,0.6106260007072706,32.879051999771036,0.0,297,0,0,19,0.9802631578947368,0
64.62972,1,0,0,0.0,33.40455999932601,0.6152499991003424,33.43037400190951,0.0,298,0,0,19,0.9835526315789473,0
64.66286,1,0,0,0.0,33.11514600136434,0.6201689975569025,33.13514299952658,0.0,299,0,0,19,0.9868421052631579,0
64.69616,1,0,0,0.0,33.26745300000766,0.5884749989490956,33.299971000815276,0.0,300,0,0,19,0.9901315789473685,0
64.72913,1,0,0,0.0,32.94429800007492,0.6371849995048251,32.96593000050052,0.0,301,0,0,19,0.993421052631579,0
64.762,1,0,0,0.0,32.84306499699596,0.5889409985684324,32.86443300021347,0.0,302,0,0,19,0.9967105263157895,0
64.79493,1,0,0,0.0,32.907044998864876,0.6217539994395338,32.928954999079,0.0,303,0,0,19,1.0,0
64.82779,1,0,0,0.0,32.825993999722414,0.6110409995017108,32.85090799909085,0.0,304,0,0,20,0.953125,0
64.86082,1,0,0,0.0,33.002865999151254,0.600619001488667,33.023955998942256,0.0,305,0,0,20,0.95625,0
64.89356,1,0,0,0.0,32.71758300252259,0.622544001089409,32.74097599933157,0.0,306,0,0,20,0.959375,0
64.92657,1,0,0,0.0,32.986424997943686,0.6079159975342918,33.009015998686664,0.0,307,0,0,20,0.9625,0
64.95935,1,0,0,0.0,32.74635599882458,0.5977660002827179,32.76814400305739,0.0,308,0,0,20,0.965625,0
64.99235,1,0,0,0.0,32.9719239998667,0.6225420002010651,32.994737000990426,0.0,309,0,0,20,0.96875,0
65.02534,1,0,0,0.0,32.9637239992735,0.6088589980208781,32.98575400185655,0.0,310,0,0,20,0.971875,0
65.05794,1,0,0,0.0,32.580273000348825,0.6032230012351647,32.60162099832087,0.0,311,0,0,20,0.975,0
65.09087,1,0,0,0.0,32.900078000238864,0.5934920009167399,32.92227199926856,0.0,312,0,0,20,0.978125,0
65.12372,1,0,0,0.0,32.82657400268363,0.6383569998433813,32.84935700139613,0.0,313,0,0,20,0.98125,0
65.15647,1,0,0,0.0,32.7253239993297,0.5859179982508067,32.74843499821145,0.0,314,0,0,20,0.984375,0
65.18938,1,0,0,0.0,32.88061499915784,0.5873910013178829,32.901638998737326,0.0,315,0,0,20,0.9875,0
65.22235,1,0,0,0.0,32.9459050008154,0.6066660025680903,32.968012001219904,0.0,316,0,0,20,0.990625,0
65.25596,1,0,0,0.0,33.58143500008737,0.6021900007908698,33.60412500114762,0.0,317,0,0,20,0.99375,0
65.28899,1,0,0,0.0,33.00090899938368,0.6158569995022845,33.021087998349685,0.0,318,0,0,20,0.996875,0
65.32202,1,0,0,0.0,33.00536299866508,0.6250929982343223,33.027739002136514,0.0,319,0,0,20,1.0,0
65.35454,1,0,0,0.0,32.49468300055014,0.6149420005385764,32.519122996745864,0.0,320,0,0,21,0.9553571428571429,0
65.38698,1,0,0,0.0,32.413444998383056,0.5775689969595987,32.432534000690794,0.0,321,0,0,21,0.9583333333333334,0
65.41963,1,0,0,0.0,32.61414599910495,0.588418999541318,32.64645200033556,0.0,322,0,0,0,0.0,0
65.67845,1,1,197,34.77145500073675,33.4718830017664,0.5720179979107343,68.29767000090214,0.0,197,0,0,13,0.9519230769230769,0
65.71172,1,0,0,0.0,33.24316199723398,0.5788290000054985,33.26719199685613,0.0,198,0,0,13,0.9567307692307693,0
65.74487,1,0,0,0.0,33.12072600238025,0.5719239998143166,33.14347900231951,0.0,199,0,0,13,0.9615384615384616,0
65.77815,1,0,0,0.0,33.25707000112743,0.5495390032592695,33.27958500085515,0.0,200,0,0,13,0.9663461538461539,0
65.81146,1,0,0,0.0,33.275256002525566,0.587810998695204,33.29793399825576,0.0,201,0,0,13,0.9711538461538461,0
65.84482,1,0,0,0.0,33.332123999571195,0.5727970019506756,33.356978001393145,0.0,202,0,0,13,0.9759615384615384,0
65.87837,1,0,0,0.0,33.52105399972061,0.5681160000676755,33.54287500042119,0.0,203,0,0,13,0.9807692307692307,0
65.91148,1,0,0,0.0,33.083282000006875,0.5849949993717019,33.10641899952316,0.0,204,0,0,13,0.9855769230769231,0
65.94453,1,0,0,0.0,33.02942699883715,0.5535759992199019,33.054596999136265,0.0,205,0,0,13,0.9903846153846154,0
65.98255,1,0,0,0.0,37.98766500040074,0.5693669991160277,38.0129350014613,0.0,206,0,0,13,0.9951923076923077,0
66.0256,1,0,0,0.0,43.018588999984786,0.7579240009363275,43.046153001341736,0.0,207,0,0,13,1.0,0
66.05899,1,0,0,0.0,33.35353500006022,0.8056979968387168,33.38070400059223,0.0,208,0,0,14,0.9330357142857143,0
66.09214,1,0,0,0.0,33.12049500163994,0.5882250006834511,33.14469600081793,0.0,209,0,0,14,0.9375,0
66.1254,1,0,0,0.0,33.2338529988192,0.5948309990344569,33.2563880001544,0.0,210,0,0,14,0.9419642857142857,0
66.15834,1,0,0,0.0,32.912103000853676,0.5651899991789833,32.935457998974016,0.0,211,0,0,14,0.9464285714285714,0
66.19183,1,0,0,0.0,33.461645998613676,0.580945001274813,33.48404399730498,0.0,212,0,0,14,0.9508928571428571,0
66.22477,1,0,0,0.0,32.91928700127755,0.575112000660738,32.94118600024376,0.0,213,0,0,14,0.9553571428571429,0
66.25781,1,0,0,0.0,33.01071299938485,0.5517860008694697,33.0339100000856,0.0,214,0,0,14,0.9598214285714286,0
66.29095,1,0,0,0.0,33.10962300020037,0.5701379996025935,33.130421998066595,0.0,215,0,0,14,0.9642857142857143,0
66.32387,1,0,0,0.0,32.89800999846193,0.5778969971288461,32.92139100085478,0.0,216,0,0,14,0.96875,0
66.35685,1,0,0,0.0,32.95287199944141,0.5714670005545486,32.9764409980271,0.0,217,0,0,14,0.9732142857142857,0
66.38978,1,0,0,0.0,32.90340500097955,0.5662750008923467,32.92373600197607,0.0,218,0,0,14,0.9776785714285714,0
66.4228,1,0,0,0.0,32.99295600299956,0.5548580011236481,33.01493199978722,0.0,219,0,0,14,0.9821428571428571,0
66.45573,1,0,0,0.0,32.90517800269299,0.5618290015263483,32.926744999713264,0.0,220,0,0,14,0.9866071428571429,0
66.48889,1,0,0,0.0,33.13674799937871,0.5543180013773963,33.158211997943,0.0,221,0,0,14,0.9910714285714286,0
66.52198,1,0,0,0.0,33.0597160027537,0.5968669975118246,33.08107399789151,0.0,222,0,0,14,0.9955357142857143,0
66.55498,1,0,0,0.0,32.980447002046276,0.5782690022897441,33.00348300035694,0.0,223,0,0,14,1.0,0
66.58843,1,0,0,0.0,33.41946399814333,0.5964820011286065,33.445455999753904,0.0,224,0,0,15,0.9375,0
66.62159,1,0,0,0.0,33.127582999441074,0.5888060004508588,33.149368999147555,0.0,225,0,0,15,0.9416666666666667,0
66.65455,1,0,0,0.0,32.936780000454746,0.5683180024789181,32.9602519996115,0.0,226,0,0,15,0.9458333333333333,0
66.68969,1,0,0,0.0,35.11307100052363,0.6065509987820406,35.13473800194333,0.0,227,0,0,15,0.95,0
66.72255,1,0,0,0.0,32.834296998771606,0.5725810005969834,32.85579899966251,0.0,228,0,0,15,0.9541666666666667,0
66.75552,1,0,0,0.0,32.943559999694116,0.5572059999394696,32.966876999125816,0.0,229,0,0,15,0.9583333333333334,0
66.78864,1,0,0,0.0,33.084254999266705,0.5688430028385483,33.11066100286553,0.0,230,0,0,0,0.0,0
69.12816,1,1,112,34.687425002630334,32.89080600006855,0.5487259986693971,67.63091099855956,0.0,112,0,0,8,0.8828125,0
69.1609,1,0,0,0.0,32.70994500053348,0.5459669991978444,32.73588199954247,0.0,113,0,0,8,0.890625,0
69.19377,1,0,0,0.0,32.83869399820105,0.5409410005086102,32.859230999747524,0.0,114,0,0,8,0.8984375,0
69.22661,1,0,0,0.0,32.81907799828332,0.5137730004207697,32.84530499877292,0.0,115,0,0,8,0.90625,0
69.25946,1,0,0,0.0,32.82220799883362,0.5645420023938641,32.84612299830769,0.0,116,0,0,8,0.9140625,0
69.29242,1,0,0,0.0,32.933000999037176,0.5173770005058032,32.95490199889173,0.0,117,0,0,8,0.921875,0
69.32547,1,0,0,0.0,33.01606999957585,0.5429490011010785,33.039344001736026,0.0,118,0,0,8,0.9296875,0
69.35801,1,0,0,0.0,32.51385799740092,0.5087360004836228,32.5357649999205,0.0,119,0,0,8,0.9375,0
69.39088,1,0,0,0.0,32.84594300203025,0.5348579979909118,32.866936999198515,0.0,120,0,0,8,0.9453125,0
69.42358,1,0,0,0.0,32.67560600215802,0.5429980010376312,32.69663899845909,0.0,121,0,0,8,0.953125,0
69.45603,1,0,0,0.0,32.4257949978346,0.5222859981586225,32.44880700003705,0.0,122,0,0,8,0.9609375,0
69.48901,1,0,0,0.0,32.94772400113288,0.5547390028368682,32.968709001579555,0.0,123,0,0,8,0.96875,0
69.5217,1,0,0,0.0,32.66232800160651,0.5573140006163158,32.6854689992615,0.0,124,0,0,8,0.9765625,0
69.55463,1,0,0,0.0,32.909773999563185,0.522034999448806,32.93236899844487,0.0,125,0,0,8,0.984375,0
69.58759,1,0,0,0.0,32.934933002252365,0.5198530016059522,32.95512700060499,0.0,126,0,0,8,0.9921875,0
69.62034,1,0,0,0.0,32.723808002629085,0.5191960008232854,32.74918999886722,0.0,127,0,0,8,1.0,0
69.65344,1,0,0,0.0,33.064674000343075,0.5492750024131965,33.089852000557585,0.0,128,0,0,9,0.8958333333333334,0
69.68646,1,0,0,0.0,32.990738000080455,0.557573999685701,33.01130500040017,0.0,129,0,0,9,0.9027777777777778,0
69.71959,1,0,0,0.0,33.11235200089868,0.5338119990483392,33.13541399984388,0.0,130,0,0,9,0.9097222222222222,0
69.79011,2,1,129,33.22674399896641,37.24298999804887,0.5922039999859408,70.5098350008484,0.007633587786259555,131,0,0,18,0.9097222222222222,0
69.82692,2,0,0,0.0,36.78168799888226,0.6386639979609754,36.80546400210005,0.007575757575757569,132,0,0,18,0.9166666666666666,0
69.86379,2,0,0,0.0,36.840434000623645,0.6163190009829123,36.86383000240312,0.007518796992481258,133,0,0,18,0.9236111111111112,0
69.9006,2,0,0,0.0,36.78519800087088,0.6010750003042631,36.8063540008734,0.007462686567164201,134,0,0,18,0.9305555555555556,0
69.93656,2,0,0,0.0,35.939924000558676,0.5830269983562175,35.96441199988476,0.007407407407407418,135,0,0,18,0.9375,0
69.97358,2,0,0,0.0,36.98582200013334,0.5933989996265154,37.010330001066905,0.007352941176470562,136,0,0,18,0.9444444444444444,0
70.01076,2,0,0,0.0,37.15010700034327,0.667157000862062,37.17485100060003,0.007299270072992692,137,0,0,18,0.9513888888888888,0
70.04767,2,0,0,0.0,36.87819699916872,0.6131070003903005,36.902237003232585,0.007246376811594235,138,0,0,18,0.9583333333333334,0
70.08498,2,0,0,0.0,37.28905599928112,0.5999390014039818,37.31275500103948,0.007194244604316502,139,0,0,18,0.9652777777777778,0
70.12178,2,0,0,0.0,36.76878600163036,0.6412679977074731,36.79110899975058,0.0071428571428571175,140,0,0,18,0.9722222222222222,0
70.15835,2,0,0,0.0,36.545716000546236,0.5909940009587444,36.57121599826496,0.007092198581560294,141,0,0,18,0.9791666666666666,0
70.22885,3,1,134,33.59887600163347,36.85222100102692,0.6672499985143077,70.49299100253847,0.023474178403755874,142,0,0,27,0.9699074074074074,0
70.26515,3,0,0,0.0,36.272854998969706,0.6743049998476636,36.298351998993894,0.023310023310023298,143,0,0,27,0.9768518518518519,0
70.30218,3,0,0,0.0,36.99130099994363,0.6889869982842356,37.018494000221835,0.02314814814814814,144,0,0,28,0.9486607142857143,0
70.33923,3,0,0,0.0,37.02841600170359,0.6877799969515763,37.05895700113615,0.02298850574712641,145,0,0,28,0.9553571428571429,0
70.37606,3,0,0,0.0,36.79209300025832,0.6691890012007207,36.81520900136093,0.022831050228310557,146,0,0,29,0.9288793103448276,0
70.41312,3,0,0,0.0,37.01814599844511,0.6700270023429766,37.04428100172663,0.0226757369614512,147,0,0,29,0.9353448275862069,0
70.44988,3,0,0,0.0,36.72461799942539,0.6915579979249742,36.74841099928017,0.022522522522522515,148,0,0,29,0.9418103448275862,0
70.48698,3,0,0,0.0,37.073359002533834,0.6791019986849278,37.096694999490865,0.022371364653243853,149,0,0,29,0.9482758620689655,0
70.52391,3,0,0,0.0,36.9049709988758,0.7012130008661188,36.92948399839224,0.022222222222222254,150,0,0,29,0.9547413793103449,0
70.56001,3,0,0,0.0,36.07241599820554,0.6872570011182688,36.097524000069825,0.02207505518763797,151,0,0,29,0.9612068965517241,0
70.59748,3,0,0,0.0,37.437576000229456,0.7033279980532825,37.48005700253998,0.021929824561403466,152,0,0,30,0.9354166666666667,0
70.63446,3,0,0,0.0,36.928315999830374,0.6666100016445853,36.95284700006596,0.02178649237472763,153,0,0,30,0.9416666666666667,0
70.67167,3,0,0,0.0,37.189047998253955,0.6785400000808295,37.21338000104879,0.02164502164502169,154,0,0,30,0.9479166666666666,0
70.70871,3,0,0,0.0,37.00964200106682,0.6744899983459618,37.03271299673361,0.021505376344086002,155,0,0,30,0.9541666666666667,0
70.74578,3,0,0,0.0,37.039902999822516,0.6641280015173834,37.06409400183475,0.021367521367521403,156,0,0,30,0.9604166666666667,0
70.78295,3,0,0,0.0,37.14864200082957,0.6944940032553859,37.170455001614755,0.02123142250530785,157,0,0,30,0.9666666666666667,0
70.82018,3,0,0,0.0,37.20346599948243,0.6936329991731327,37.22774700145237,0.021097046413502074,158,0,0,30,0.9729166666666667,0
70.85633,3,0,0,0.0,36.11215999990236,0.7076000001688953,36.13751000011689,0.02096436058700213,159,0,0,30,0.9791666666666666,0
70.89371,3,0,0,0.0,37.35525400043116,0.6894559992360882,37.38151200013817,0.02083333333333337,160,0,0,31,0.9536290322580645,0
70.93069,3,0,0,0.0,36.95165200042538,0.6816169989178888,36.9750709978689,0.020703933747411973,161,0,0,31,0.9596774193548387,0
70.96787,3,0,0,0.0,37.14802400281769,0.6632610020460561,37.17504199812538,0.020576131687242816,162,0,0,32,0.935546875,0
71.00509,3,0,0,0.0,37.19344899946009,0.7072690023051109,37.21574600058375,0.020449897750511203,163,0,0,32,0.94140625,0
71.0422,3,0,0,0.0,37.083683997479966,0.6835509993834421,37.10790100012673,0.020325203252032575,164,0,0,32,0.947265625,0
71.07948,3,0,0,0.0,37.24427499764715,0.6918310027685948,37.26568899946869,0.02020202020202022,165,0,0,32,0.953125,0
71.11673,3,0,0,0.0,37.22551000100793,0.671617999614682,37.249404998874525,0.02008032128514059,166,0,0,32,0.958984375,0
71.15288,3,0,0,0.0,36.12920800151187,0.6800180017307866,36.15146100128186,0.019960079840319334,167,0,0,32,0.96484375,0
71.19006,3,0,0,0.0,37.147781000385294,0.6837219989392906,37.17409399905591,0.019841269841269882,168,0,0,33,0.9412878787878788,0
71.22687,3,0,0,0.0,36.77878699818393,0.7098639980540611,36.802234997594496,0.01972386587771202,169,0,0,33,0.946969696969697,0
71.26374,3,0,0,0.0,36.83866100254818,0.6863939997856505,36.86378700149362,0.019607843137254943,170,0,0,33,0.9526515151515151,0
71.30072,3,0,0,0.0,36.95937000156846,0.6883290006953757,36.981691999244504,0.01949317738791423,171,0,0,33,0.9583333333333334,0
71.33763,3,0,0,0.0,36.8825490004383,0.6795419976697303,36.90674799872795,0.019379844961240345,172,0,0,33,0.9640151515151515,0
71.37442,3,0,0,0.0,36.761126000783406,0.6875859980937093,36.78316200239351,0.019267822736030782,173,0,0,33,0.9696969696969697,0
71.41135,3,0,0,0.0,36.90251100124442,0.6902109998918604,36.92477199729183,0.019157088122605415,174,0,0,33,0.9753787878787878,0
71.44738,3,0,0,0.0,36.00437499699183,0.714703000994632,36.026788999151904,0.01904761904761909,175,0,0,33,0.9810606060606061,0
71.48448,3,0,0,0.0,37.07231500084163,0.6776749978598673,37.09747399989283,0.018939393939393923,176,0,0,34,0.9577205882352942,0
71.52154,3,0,0,0.0,37.02011899804347,0.6861139991087839,37.04411199942115,0.01883239171374762,177,0,0,34,0.9632352941176471,0
71.5583,3,0,0,0.0,36.720212003274355,0.6860880021122284,36.74770499856095,0.01872659176029967,178,0,0,35,0.9410714285714286,0
71.59546,3,0,0,0.0,37.12216400163015,0.7089649989211466,37.15503599960357,0.01862197392923648,179,0,0,24,0.9322916666666666,0
71.63212,2,0,0,0.0,36.63916900040931,0.6267239987209905,36.66171399891027,0.005555555555555536,180,0,0,24,0.9375,0
71.66888,2,0,0,0.0,36.72405600082129,0.6460490003519226,36.749911996594165,0.0055248618784530246,181,0,0,24,0.9427083333333334,0
71.70581,2,0,0,0.0,36.89228399889544,0.6460200020228513,36.9218429987086,0.005494505494505475,182,0,0,12,0.953125,0
71.73882,1,0,0,0.0,32.987565002258634,0.5369219979911577,33.01060800004052,0.0,183,0,0,12,0.9583333333333334,0
71.77215,1,0,0,0.0,33.30295299747377,0.5804989996249788,33.325798001897056,0.0,184,0,0,12,0.9635416666666666,0
71.80543,1,0,0,0.0,33.259209001698764,0.5983519986330066,33.28075699755573,0.0,185,0,0,12,0.96875,0
71.83866,1,0,0,0.0,33.2000579983287,0.5802829982712865,33.222905000002356,0.0,186,0,0,12,0.9739583333333334,0
71.87165,1,0,0,0.0,32.96829700047965,0.5880850003450178,32.99064100065152,0.0,187,0,0,12,0.9791666666666666,0
71.90491,1,0,0,0.0,33.22668200053158,0.5682289993274026,33.25024600053439,0.0,188,0,0,12,0.984375,0
71.93771,1,0,0,0.0,32.77079400140792,0.58182599968859,32.7934050001204,0.0,189,0,0,12,0.9895833333333334,0
71.97077,1,0,0,0.0,33.03353899900685,0.5361399998946581,33.056086002034135,0.0,190,0,0,12,0.9947916666666666,0
72.00442,1,0,0,0.0,33.62673100127722,0.5805000000691507,33.64932799740927,0.0,191,0,0,12,1.0,0
72.03748,1,0,0,0.0,33.03289500036044,0.5692500017175917,33.05710399945383,0.0,192,0,0,13,0.9278846153846154,0
72.07074,1,0,0,0.0,33.22257599938894,0.5459940002765507,33.245201000681845,0.0,193,0,0,13,0.9326923076923077,0
72.10436,1,0,0,0.0,33.586410001589684,0.5691989972547162,33.60746299949824,0.0,194,0,0,13,0.9375,0
72.13759,1,0,0,0.0,33.20778499983135,0.5768439987150487,33.23141800137819,0.0,195,0,0,13,0.9423076923076923,0
72.17072,1,0,0,0.0,33.09872899990296,0.5523390027519781,33.120465002866695,0.0,196,0,0,13,0.9471153846153846,0
72.20435,1,0,0,0.0,33.607705001486465,0.5528629990294576,33.63202000036836,0.0,197,0,0,13,0.9519230769230769,0
72.23822,1,0,0,0.0,33.83993199895485,0.6158450014481787,33.863559998280834,0.0,198,0,0,13,0.9567307692307693,0
72.2732,1,0,0,0.0,34.93898500164505,0.5992289989080746,34.97231499932241,0.0,199,0,0,13,0.9615384615384616,0
72.3069,1,0,0,0.0,33.673476998956176,0.6102719999034889,33.697519000270404,0.0,200,0,0,13,0.9663461538461539,0
72.34002,1,0,0,0.0,33.09638000064297,0.6025459988450166,33.11929500341648,0.0,201,0,0,13,0.9711538461538461,0
72.37322,1,0,0,0.0,33.165205000841524,0.5920200019318145,33.19084699978703,0.0,202,0,0,13,0.9759615384615384,0
72.40684,1,0,0,0.0,33.578963000763906,0.6030490003468003,33.61280699755298,0.0,203,0,0,13,0.9807692307692307,0
72.43979,1,0,0,0.0,32.93087000201922,0.5863500009581912,32.954100002825726,0.0,204,0,0,13,0.9855769230769231,0
72.47275,1,0,0,0.0,32.92637399863452,0.5605789992841892,32.94975099925068,0.0,205,0,0,13,0.9903846153846154,0
72.5059,1,0,0,0.0,33.127310998679604,0.5717289968742989,33.15114999713842,0.0,206,0,0,13,0.9951923076923077,0
72.53874,1,0,0,0.0,32.80457299842965,0.595172998146154,32.827001999976346,0.0,207,0,0,13,1.0,0
72.57177,1,0,0,0.0,33.00398500141455,0.5876909999642521,33.03097599928151,0.0,208,0,0,14,0.9330357142857143,0
72.60492,1,0,0,0.0,33.122840999567416,0.5874300004506949,33.145590001367964,0.0,209,0,0,14,0.9375,0
72.67475,2,1,229,32.896038002945716,36.88537799826008,0.6674879987258464,69.82388299729791,0.04148471615720528,229,0,0,29,0.9504310344827587,0
72.71178,2,0,0,0.0,36.99702100129798,0.6503349977720063,37.019577001046855,0.04130434782608694,230,0,0,29,0.9547413793103449,0
72.74778,2,0,0,0.0,35.975694001535885,0.6645680005021859,35.99959900020622,0.04112554112554112,231,0,0,29,0.959051724137931,0
72.78469,2,0,0,0.0,36.885384000925114,0.6505029996333178,36.90707299756468,0.04094827586206895,232,0,0,29,0.9633620689655172,0
72.8216,2,0,0,0.0,36.88189000240527,0.6919170009496156,36.90718800135073,0.04077253218884125,233,0,0,29,0.9676724137931034,0
72.85853,2,0,0,0.0,36.89684400160331,0.6804760014347266,36.92213999966043,0.040598290598290565,234,0,0,29,0.9719827586206896,0
72.89555,2,0,0,0.0,36.99557400250342,0.6755799986422062,37.0186250002007,0.04042553191489362,235,0,0,29,0.9762931034482759,0
72.93255,2,0,0,0.0,36.962878999474924,0.6636710022576153,36.98760499901255,0.0402542372881356,236,0,0,29,0.9806034482758621,0
72.96961,2,0,0,0.0,37.03375500117545,0.6631670003116596,37.05926299880957,0.04008438818565396,237,0,0,29,0.9849137931034483,0
73.00681,2,0,0,0.0,37.17117599808262,0.6655039978795685,37.19616799935466,0.03991596638655459,238,0,0,29,0.9892241379310345,0
73.04302,2,0,0,0.0,36.17810899959295,0.6858550004835706,36.20334500010358,0.03974895397489542,239,0,0,29,0.9935344827586207,0
73.08067,2,0,0,0.0,37.6207629997225,0.7214500001282431,37.648986999556655,0.039583333333333304,240,0,0,30,0.9645833333333333,0
73.11883,2,0,0,0.0,38.12061300050118,0.6817969988333061,38.14996100118151,0.03941908713692943,241,0,0,16,0.9453125,0
73.15228,1,0,0,0.0,33.424323999497574,0.6105530010245275,33.4482170001138,0.0,242,0,0,16,0.94921875,0
73.18585,1,0,0,0.0,33.53803500067443,0.6006289986544289,33.56003999942914,0.0,243,0,0,16,0.953125,0
73.2191,1,0,0,0.0,33.23131700017257,0.5849900007888209,33.257001003221376,0.0,244,0,0,16,0.95703125,0
73.25207,1,0,0,0.0,32.93627700259094,0.6172860012156889,32.95933999834233,0.0,245,0,0,16,0.9609375,0
73.28533,1,0,0,0.0,33.236002000194276,0.5806369990750682,33.25504500026,0.0,246,0,0,16,0.96484375,0
73.31834,1,0,0,0.0,32.98140200058697,0.6016970000928268,33.002952000970254,0.0,247,0,0,16,0.96875,0
73.3513,1,0,0,0.0,32.94188599829795,0.5771429969172459,32.96428899921011,0.0,248,0,0,16,0.97265625,0
73.38454,1,0,0,0.0,33.210765999683645,0.5871749999641906,33.232245998078724,0.0,249,0,0,16,0.9765625,0
73.41772,1,0,0,0.0,33.1515899997612,0.5866169994988013,33.174543001223356,0.0,250,0,0,16,0.98046875,0
73.45067,1,0,0,0.0,32.9247919980844,0.5747600007453002,32.94986500259256,0.0,251,0,0,16,0.984375,0
73.4839,1,0,0,0.0,33.196083997609094,0.5692500017175917,33.216907002497464,0.0,252,0,0,16,0.98828125,0
73.51699,1,0,0,0.0,33.07178500108421,0.6276899985095952,33.0947210022714,0.0,253,0,0,16,0.9921875,0
73.5501,1,0,0,0.0,33.07669099740451,0.6082330000936054,33.10025899918401,0.0,254,0,0,16,0.99609375,0
73.58384,1,0,0,0.0,33.710071998939384,0.6131990012363531,33.737650999682955,0.0,255,0,0,16,1.0,0
73.61748,1,0,0,0.0,33.60900999905425,0.8881840003596153,33.63651099789422,0.0,256,0,0,17,0.9448529411764706,0
73.65059,1,0,0,0.0,33.07106400097837,0.5710679979529232,33.0937470025674,0.0,257,0,0,17,0.9485294117647058,0
73.6838,1,0,0,0.0,33.17705600056797,0.5827980021422263,33.20094800074003,0.0,258,0,0,17,0.9522058823529411,0
73.75414,2,1,94,33.51245200246922,36.780989001272246,0.6327330011117738,70.33595300163142,0.31853281853281856,259,0,0,23,0.9646739130434783,0
73.79101,2,0,0,0.0,36.84477400020114,0.649276000331156,36.86830500009819,0.3173076923076923,260,0,0,23,0.970108695652174,0
73.82761,2,0,0,0.0,36.57012400071835,0.6624929992540274,36.59629799949471,0.3160919540229885,261,0,0,24,0.9348958333333334,0
73.86443,2,0,0,0.0,36.787986999115674,0.6176700007927138,36.81298100127606,0.31488549618320616,262,0,0,24,0.9401041666666666,0
73.9004,2,0,0,0.0,35.94449999945937,0.6485220001195557,35.967076997621916,0.3136882129277566,263,0,0,24,0.9453125,0
73.93714,2,0,0,0.0,36.71200800090446,0.6411629983631428,36.73523399993428,0.3125,264,0,0,24,0.9505208333333334,0
73.97407,2,0,0,0.0,36.898310001561185,0.6521969989989884,36.92346599927987,0.3113207547169812,265,0,0,24,0.9557291666666666,0
74.01111,2,0,0,0.0,37.01455200280179,0.6545970027218573,37.03812000094331,0.3101503759398496,266,0,0,24,0.9609375,0
74.04795,2,0,0,0.0,36.81129699907615,0.7160370005294681,36.83664699929068,0.3089887640449438,267,0,0,24,0.9661458333333334,0
74.08472,2,0,0,0.0,36.73551500105532,0.6638289996772073,36.7617749980127,0.3078358208955224,268,0,0,24,0.9713541666666666,0
74.12186,2,0,0,0.0,37.11707899856265,0.6597140018129721,37.14141000091331,0.30669144981412644,269,0,0,24,0.9765625,0
74.15858,2,0,0,0.0,36.682440997537924,0.6515360000776127,36.70717899876763,0.3055555555555556,270,0,0,24,0.9817708333333334,0
74.19489,2,0,0,0.0,36.28450500036706,0.6493350010714494,36.30705599789508,0.3044280442804428,271,0,0,24,0.9869791666666666,0
74.23172,2,0,0,0.0,36.803728002269054,0.66032400354743,36.83569199711201,0.3033088235294118,272,0,0,25,0.9525,0
74.26893,2,0,0,0.0,37.17708499971195,0.6614400008402299,37.19951899984153,0.30219780219780223,273,0,0,25,0.9575,0
74.30647,2,0,0,0.0,37.504555002669804,0.7046149985399097,37.53081399918301,0.30109489051094895,274,0,0,25,0.9625,0
74.34395,2,0,0,0.0,37.45115399942733,0.6561080008395948,37.477216003026115,0.30000000000000004,275,0,0,25,0.9675,0
74.38129,2,0,0,0.0,37.316766000003554,0.6721350000589155,37.34346600322169,0.29891304347826086,276,0,0,25,0.9725,0
74.41883,2,0,0,0.0,37.50393700101995,0.6816220011387486,37.53606299869716,0.29783393501805056,277,0,0,26,0.9399038461538461,0
74.45612,2,0,0,0.0,37.25330100132851,0.6995990006544162,37.28272000080324,0.2967625899280576,278,0,0,26,0.9447115384615384,0
74.49261,2,0,0,0.0,36.456450001423946,0.6889069991302676,36.4802839976619,0.29569892473118276,279,0,0,26,0.9495192307692307,0
74.53296,2,0,0,0.0,40.321742999367416,0.6700010017084423,40.3480250024586,0.2946428571428571,280,0,0,26,0.9543269230769231,0
74.57032,2,0,0,0.0,37.33007899791119,0.6785450023016892,37.35684200000833,0.29359430604982206,281,0,0,26,0.9591346153846154,0
74.60777,2,0,0,0.0,37.41899899978307,0.6908670002303552,37.443233999510994,0.29255319148936165,282,0,0,26,0.9639423076923077,0
74.64499,2,0,0,0.0,37.18529899924761,0.667042000713991,37.211050002952106,0.2915194346289752,283,0,0,26,0.96875,0
74.6822,2,0,0,0.0,37.18378699704772,0.6658669990429189,37.21078399757971,0.2904929577464789,284,0,0,26,0.9735576923076923,0
74.7196,2,0,0,0.0,37.3617799996282,0.687063999066595,37.38730899931397,0.2894736842105263,285,0,0,26,0.9783653846153846,0
74.75668,2,0,0,0.0,37.05822199844988,0.6613439982174896,37.083398001414025,0.28846153846153844,286,0,0,26,0.9831730769230769,0
74.79318,2,0,0,0.0,36.464823002461344,0.6805019984312821,36.48804199838196,0.28745644599303133,287,0,0,26,0.9879807692307693,0
74.83006,2,0,0,0.0,36.84802199859405,0.6948420013941359,36.8758059994434,0.28645833333333337,288,0,0,27,0.9560185185185185,0
74.86694,2,0,0,0.0,36.85056000176701,0.6762690027244389,36.8756059979205,0.2854671280276817,289,0,0,27,0.9606481481481481,0
74.90404,2,0,0,0.0,37.07939699961571,0.6748699997842778,37.10157699970296,0.2844827586206896,290,0,0,27,0.9652777777777778,0
74.94085,2,0,0,0.0,36.773616000573384,0.6650510003964882,36.79814499992062,0.28350515463917525,291,0,0,27,0.9699074074074074,0
74.97775,2,0,0,0.0,36.87628199986648,0.655874999210937,36.90119000020786,0.28253424657534243,292,0,0,27,0.9745370370370371,0
75.01469,2,0,0,0.0,36.906268000166165,0.6461240009230096,36.93149199898471,0.28156996587030714,293,0,0,28,0.9441964285714286,0
75.05153,2,0,0,0.0,36.812722002650844,0.6505119999928866,36.83310099950177,0.2806122448979592,294,0,0,28,0.9486607142857143,0
75.08759,2,0,0,0.0,36.035109998920234,0.6265239971980918,36.05930000048829,0.2796610169491526,295,0,0,28,0.953125,0
75.12455,2,0,0,0.0,36.93546200156561,0.6515479981317185,36.95924700150499,0.27871621621621623,296,0,0,28,0.9575892857142857,0
75.16126,2,0,0,0.0,36.683480997453444,0.6381329985742923,36.70775499995216,0.2777777777777778,297,0,0,28,0.9620535714285714,0
75.1979,2,0,0,0.0,36.60741899875575,0.6647820009675343,36.62964099930832,0.2768456375838926,298,0,0,28,0.9665178571428571,0
75.23463,2,0,0,0.0,36.70920600052341,0.6627289985772222,36.73154499847442,0.2759197324414716,299,0,0,28,0.9709821428571429,0
75.27118,2,0,0,0.0,36.5242150000995,0.6377660029102117,36.545954000757774,0.275,300,0,0,28,0.9754464285714286,0
75.30804,2,0,0,0.0,36.826321000262396,0.6572120000782888,36.84688200155506,0.2740863787375415,301,0,0,28,0.9799107142857143,0
75.34476,2,0,0,0.0,36.69618200001423,0.6606909992115106,36.71989900249173,0.2731788079470199,302,0,0,28,0.984375,0
75.38076,2,0,0,0.0,35.97428300054162,0.6410959977074526,35.998423998535145,0.2722772277227723,303,0,0,28,0.9888392857142857,0
75.45072,3,1,88,33.01174699663534,36.8864410011156,0.7265170024766121,69.95358299900545,0.41776315789473684,304,0,0,15,0.9541666666666667,0
75.48717,2,0,0,0.0,36.42209499957971,0.5986139985907357,36.446835001697764,0.18214285714285716,140,0,0,15,0.9625,0
75.5238,2,0,0,0.0,36.5986039978452,0.620217000687262,36.62266600076691,0.18085106382978722,141,0,0,15,0.9708333333333333,0
75.56052,2,0,0,0.0,36.696436000056565,0.6020949986123014,36.72082499906537,0.17957746478873238,142,0,0,15,0.9791666666666666,0
75.59632,2,0,0,0.0,35.77173400117317,0.5905090001760982,35.79419499874348,0.17832167832167833,143,0,0,15,0.9875,0
75.63281,2,0,0,0.0,36.45844199854764,0.5901760014239699,36.48542599694338,0.17708333333333337,144,0,0,16,0.93359375,0
75.66944,2,0,0,0.0,36.60118900006637,0.5964179981674533,36.626159999286756,0.17586206896551726,145,0,0,16,0.94140625,0
75.7059,2,0,0,0.0,36.43554000154836,0.5980019996059127,36.45634599888581,0.17465753424657537,146,0,0,16,0.94921875,0
75.74241,2,0,0,0.0,36.47538900258951,0.5998289998387918,36.50308500073152,0.173469387755102,147,0,0,17,0.9007352941176471,0
75.77908,2,0,0,0.0,36.642925999331055,0.6115319993114099,36.667979999037925,0.17229729729729726,148,0,0,17,0.9080882352941176,0
75.81561,2,0,0,0.0,36.502472998108715,0.6214980021468364,36.522909002087545,0.17114093959731547,149,0,0,17,0.9154411764705882,0
75.85223,2,0,0,0.0,36.59486999822548,0.577554998017149,36.62666599848308,0.17000000000000004,150,0,0,17,0.9227941176470589,0
75.88791,2,0,0,0.0,35.641761001897976,0.6222539996088017,35.665273000631714,0.16887417218543044,151,0,0,17,0.9301470588235294,0
75.92442,2,0,0,0.0,36.480187001870945,0.6109319983806927,36.50375500001246,0.16776315789473684,152,0,0,17,0.9375,0
75.96115,2,0,0,0.0,36.69700499813189,0.5989130004309118,36.73003800213337,0.16666666666666663,153,0,0,7,0.9196428571428571,0
75.99376,1,0,0,0.0,32.58419399935519,0.5453810008475557,32.60585099997115,0.0,103,0,0,7,0.9285714285714286,0
76.0263,1,0,0,0.0,32.512817000679206,0.5230909991951194,32.5338170005125,0.0,104,0,0,7,0.9375,0
76.05892,1,0,0,0.0,32.5933400017675,0.5410089979704935,32.61640900018392,0.0,105,0,0,7,0.9464285714285714,0
76.09157,1,0,0,0.0,32.62669399919105,0.532481000846019,32.64736499841092,0.0,106,0,0,7,0.9553571428571429,0
76.12427,1,0,0,0.0,32.673600002453895,0.5224269989412278,32.69786300006672,0.0,107,0,0,7,0.9642857142857143,0
76.15705,1,0,0,0.0,32.742701998358825,0.5333370027074125,32.767666001745965,0.0,108,0,0,7,0.9732142857142857,0
76.18949,1,0,0,0.0,32.41690600043512,0.550860000657849,32.45289099868387,0.0,109,0,0,7,0.9821428571428571,0
76.22192,1,0,0,0.0,32.370917997468496,0.5220029997872189,32.39368100184947,0.0,110,0,0,7,0.9910714285714286,0
76.25424,1,0,0,0.0,32.28784200109658,0.5527149987756275,32.310390000930056,0.0,111,0,0,7,1.0,0
76.28641,1,0,0,0.0,32.151105999219,0.5200440027692821,32.17542700076592,0.0,112,0,0,8,0.8828125,0
76.31846,1,0,0,0.0,32.01746700142394,0.523718998010736,32.03756100265309,0.0,113,0,0,8,0.890625,0
76.35238,1,0,0,0.0,33.89637900181697,0.5119499983265996,33.91987499708193,0.0,114,0,0,8,0.8984375,0
76.38919,1,0,0,0.0,36.78854800091358,0.7378250011242926,36.80911799892783,0.0,115,0,0,8,0.90625,0
76.42132,1,0,0,0.0,32.09718300058739,0.5355549983505625,32.11625900075887,0.0,116,0,0,8,0.9140625,0
76.45442,1,0,0,0.0,33.07709200089448,0.5160420005267952,33.0989740032237,0.0,117,0,0,8,0.921875,0
76.48716,1,0,0,0.0,32.71694799695979,0.5197980026423465,32.746280998253496,0.0,118,0,0,8,0.9296875,0
76.5198,1,0,0,0.0,32.60090500043589,0.545528997463407,32.622454000375,0.0,119,0,0,8,0.9375,0
76.55233,1,0,0,0.0,32.5106570016942,0.521505997312488,32.533448000322096,0.0,120,0,0,8,0.9453125,0
76.58499,1,0,0,0.0,32.62787199855666,0.5516559976967983,32.652461999532534,0.0,121,0,0,8,0.953125,0
76.61777,1,0,0,0.0,32.75484199912171,0.5791519979538862,32.77728600005503,0.0,122,0,0,8,0.9609375,0
76.65032,1,0,0,0.0,32.51775799799361,0.5313310030032881,32.54091400231118,0.0,123,0,0,8,0.96875,0
76.68297,1,0,0,0.0,32.62603300026967,0.5325320016709156,32.64858100010315,0.0,124,0,0,8,0.9765625,0
76.71576,1,0,0,0.0,32.76176700092037,0.5492509990290273,32.78389799743309,0.0,125,0,0,8,0.984375,0
76.74827,1,0,0,0.0,32.48981200158596,0.5259579993435182,32.51295299924095,0.0,126,0,0,8,0.9921875,0
76.78081,1,0,0,0.0,32.50800900059403,0.5312309986038599,32.53107500131591,0.0,127,0,0,8,1.0,0
76.8137,1,0,0,0.0,32.86297399972682,0.5455419995996635,32.88610199888353,0.0,128,0,0,9,0.8958333333333334,0
76.84651,1,0,0,0.0,32.76909600026556,0.5404290022852365,32.80524300134857,0.0,129,0,0,9,0.9027777777777778,0
76.87931,1,0,0,0.0,32.77038599844673,0.5350829997041728,32.793000998935895,0.0,130,0,0,9,0.9097222222222222,0
76.91214,1,0,0,0.0,32.80473099948722,0.5540870006370824,32.8269219971844,0.0,131,0,0,9,0.9166666666666666,0
76.94514,1,0,0,0.0,32.97750999990967,0.5732719982916024,32.99890400012373,0.0,132,0,0,9,0.9236111111111112,0
76.97795,1,0,0,0.0,32.783908998681,0.5493239987117704,32.806188999529695,0.0,133,0,0,9,0.9305555555555556,0
77.01097,1,0,0,0.0,32.984249002765864,0.5538760015042499,33.007319001626456,0.0,134,0,0,9,0.9375,0
77.04379,1,0,0,0.0,32.79346499766689,0.5894489986530971,32.81553800115944,0.0,135,0,0,9,0.9444444444444444,0
77.07651,1,0,0,0.0,32.68503800063627,0.5271129994071089,32.72167799877934,0.0,136,0,0,9,0.9513888888888888,0
77.10957,1,0,0,0.0,33.03039599995827,0.5238049998297356,33.05298800114542,0.0,137,0,0,9,0.9583333333333334,0
77.14268,1,0,0,0.0,33.091188000980765,0.5451170000014827,33.11374300028547,0.0,138,0,0,9,0.9652777777777778,0
77.17559,1,0,0,0.0,32.878622001589974,0.5512520001502708,32.90123899932951,0.0,139,0,0,9,0.9722222222222222,0
77.20848,1,0,0,0.0,32.863431002624566,0.533169000846101,32.88514100131579,0.0,140,0,0,9,0.9791666666666666,0
77.24156,1,0,0,0.0,33.02985900154454,0.5521929997485131,33.06101799898897,0.0,141,0,0,0,0.0,0
77.52645,1,1,100,34.299986000405625,33.03395900002215,0.5294610018609092,67.38771700111101,0.0,100,0,0,7,0.9017857142857143,0
77.55899,1,0,0,0.0,32.50603100241278,0.532370999280829,32.5298190000467,0.0,101,0,0,7,0.9107142857142857,0
77.59178,1,0,0,0.0,32.76946499681799,0.5448699994303752,32.79255600136821,0.0,102,0,0,7,0.9196428571428571,0
77.6244,1,0,0,0.0,32.59174900085782,0.5378749992814846,32.61098199800472,0.0,103,0,0,7,0.9285714285714286,0
77.65709,1,0,0,0.0,32.66261899989331,0.5114099985803477,32.684634999895934,0.0,104,0,0,7,0.9375,0
77.68961,1,0,0,0.0,32.49431999938679,0.5384069991123397,32.516347000637325,0.0,105,0,0,7,0.9464285714285714,0
77.72259,1,0,0,0.0,32.951631998002995,0.4981720012438018,32.97365300022648,0.0,106,0,0,7,0.9553571428571429,0
77.75538,1,0,0,0.0,32.76790299787535,0.5143870002939366,32.791010999062564,0.0,107,0,0,7,0.9642857142857143,0
77.78814,1,0,0,0.0,32.72480099985842,0.5402250026236288,32.748251000157325,0.0,108,0,0,7,0.9732142857142857,0
77.8211,1,0,0,0.0,32.93713799939724,0.5703429997083731,32.95804699882865,0.0,109,0,0,7,0.9821428571428571,0
77.85362,1,0,0,0.0,32.49103900088812,0.5564889979723375,32.51296099915635,0.0,110,0,0,7,0.9910714285714286,0
77.88644,1,0,0,0.0,32.80330399866216,0.5125979987496976,32.825751000927994,0.0,111,0,0,7,1.0,0
77.9193,1,0,0,0.0,32.82239799955278,0.5349019993445836,32.84537500076112,0.0,112,0,0,8,0.8828125,0
77.95171,1,0,0,0.0,32.38945699922624,0.528859000041848,32.410372001322685,0.0,113,0,0,8,0.890625,0
77.98431,1,0,0,0.0,32.57293099886738,0.5130110002937727,32.59530899958918,0.0,114,0,0,8,0.8984375,0
78.01682,1,0,0,0.0,32.48174699911033,0.5359820024750661,32.501527999556856,0.0,115,0,0,8,0.90625,0
78.04942,1,0,0,0.0,32.5760560008348,0.5272590024105739,32.598672001768136,0.0,116,0,0,8,0.9140625,0
78.08212,1,0,0,0.0,32.67975199923967,0.5713170030503534,32.70388099917909,0.0,117,0,0,8,0.921875,0
78.11495,1,0,0,0.0,32.79688800103031,0.5566149993683212,32.81864399832557,0.0,118,0,0,8,0.9296875,0
78.1478,1,0,0,0.0,32.825408001372125,0.5737210012739524,32.84952499961946,0.0,119,0,0,8,0.9375,0
78.18103,1,0,0,0.0,33.20382300080382,0.5406120035331696,33.227001997147454,0.0,120,0,0,8,0.9453125,0
78.21386,1,0,0,0.0,32.79866299999412,0.5408390024967957,32.820216998516116,0.0,121,0,0,8,0.953125,0
78.25347,1,0,0,0.0,39.58630099805305,0.5426640018413309,39.60788699987461,0.0,122,0,0,8,0.9609375,0
78.2864,1,0,0,0.0,32.90504300093744,0.5124050003360026,32.92924700144795,0.0,123,0,0,8,0.96875,0
78.31857,1,0,0,0.0,32.13689699987299,0.539651999133639,32.15880800053128,0.0,124,0,0,8,0.9765625,0
78.35047,1,0,0,0.0,31.877953999355668,0.5366610021155793,31.900979000056395,0.0,125,0,0,8,0.984375,0
78.38236,1,0,0,0.0,31.861458002822474,0.5291790002956986,31.88144299929263,0.0,126,0,0,8,0.9921875,0
78.41421,1,0,0,0.0,31.829149997065542,0.5130470017320476,31.848652000917355,0.0,127,0,0,8,1.0,0
78.44638,1,0,0,0.0,32.13848400264396,0.535604001925094,32.162894000066444,0.0,128,0,0,9,0.8958333333333334,0
78.4784,1,0,0,0.0,31.99545800089254,0.5320830023265444,32.01584199996432,0.0,129,0,0,9,0.9027777777777778,0
78.5106,1,0,0,0.0,32.17538300305023,0.5249469977570698,32.19647299920325,0.0,130,0,0,9,0.9097222222222222,0
78.54276,1,0,0,0.0,32.130125000549015,0.5349679995561019,32.15219299818273,0.0,131,0,0,9,0.9166666666666666,0
78.57493,1,0,0,0.0,32.149167000170564,0.5394039981183596,32.172344999708,0.0,132,0,0,9,0.9236111111111112,0
78.60739,1,0,0,0.0,32.43150700291153,0.5600420008704532,32.45228900050279,0.0,133,0,0,9,0.9305555555555556,0
78.63944,1,0,0,0.0,32.03032199962763,0.5611720007436816,32.051075002527796,0.0,134,0,0,9,0.9375,0
78.67165,1,0,0,0.0,32.18482000011136,0.5245770007604733,32.20711999892956,0.0,135,0,0,9,0.9444444444444444,0
78.70399,1,0,0,0.0,32.31238200169173,0.5435530001705047,32.33288699993864,0.0,136,0,0,9,0.9513888888888888,0
78.73784,1,0,0,0.0,33.81775900197681,0.5425160015875008,33.84263899715734,0.0,137,0,0,9,0.9583333333333334,0
78.77057,1,0,0,0.0,32.707790000131354,0.5398049979703501,32.73013999933028,0.0,138,0,0,9,0.9652777777777778,0
78.80335,1,0,0,0.0,32.753088999015745,0.5300519987940788,32.773773000371875,0.0,139,0,0,9,0.9722222222222222,0
78.83583,1,0,0,0.0,32.45153500029119,0.5547479995584581,32.47319699949003,0.0,140,0,0,9,0.9791666666666666,0
78.87532,1,0,0,0.0,39.4636269993498,0.5409890000009909,39.487287001975346,0.0,141,0,0,9,0.9861111111111112,0
78.90829,1,0,0,0.0,32.944140999461524,0.5524989974219352,32.96440399935818,0.0,142,0,0,9,0.9930555555555556,0
78.94551,1,0,0,0.0,37.170125000557164,0.5662410003424156,37.213180999970064,0.0,143,0,0,0,0.0,0
79.9901,1,1,110,33.890099002746865,32.76631299740984,0.5454760030261241,66.7059990009875,0.0,110,0,0,7,0.9910714285714286,0
80.02276,1,0,0,0.0,32.627442000375595,0.5622230019071139,32.64779899836867,0.0,111,0,0,7,1.0,0
80.05532,1,0,0,0.0,32.53730000142241,0.5105090021970682,32.56367200083332,0.0,112,0,0,8,0.8828125,0
80.08823,1,0,0,0.0,32.882652998523554,0.5443660011223983,32.915031999436906,0.0,113,0,0,8,0.890625,0
80.12107,1,0,0,0.0,32.79970599760418,0.570420001167804,32.81991000039852,0.0,114,0,0,8,0.8984375,0
80.15389,1,0,0,0.0,32.7902040007757,0.5470219984999858,32.814809997944394,0.0,115,0,0,8,0.90625,0
80.18689,1,0,0,0.0,32.974082001601346,0.5536009994102642,32.99958500065259,0.0,116,0,0,8,0.9140625,0
80.22009,1,0,0,0.0,33.170276998134796,0.5397839995566756,33.19437000027392,0.0,117,0,0,8,0.921875,0
80.25338,1,0,0,0.0,33.26488499806146,0.5705269977624994,33.29009300068719,0.0,118,0,0,8,0.9296875,0
80.28641,1,0,0,0.0,33.002202999341534,0.5565979990933556,33.02825600258075,0.0,119,0,0,8,0.9375,0
80.3196,1,0,0,0.0,33.156827001221245,0.5707339987566229,33.178317000420066,0.0,120,0,0,8,0.9453125,0
80.35227,1,0,0,0.0,32.64227500039851,0.5318530020304024,32.66555699883611,0.0,121,0,0,8,0.953125,0
80.38492,1,0,0,0.0,32.625038002151996,0.5474390018207487,32.64946900162613,0.0,122,0,0,8,0.9609375,0
80.41765,1,0,0,0.0,32.69953999915742,0.6210669998836238,32.720258001063485,0.0,123,0,0,8,0.96875,0
80.45003,1,0,0,0.0,32.351556001231074,0.5455339996842667,32.374586997320876,0.0,124,0,0,8,0.9765625,0
80.48271,1,0,0,0.0,32.65609699883498,0.5609439976979047,32.67923499879544,0.0,125,0,0,8,0.984375,0
80.5154,1,0,0,0.0,32.65871500116191,0.5398760004027281,32.6796090012067,0.0,126,0,0,8,0.9921875,0
80.54817,1,0,0,0.0,32.748117999290116,0.5465579997689929,32.771884001704166,0.0,127,0,0,8,1.0,0
80.58093,1,0,0,0.0,32.73449799962691,0.5765109999629203,32.76069200001075,0.0,128,0,0,9,0.8958333333333334,0
80.61396,1,0,0,0.0,32.995342000504024,0.576102000195533,33.01665700200829,0.0,129,0,0,9,0.9027777777777778,0
80.64677,1,0,0,0.0,32.785868002974894,0.5699680004909169,32.80904900020687,0.0,130,0,0,9,0.9097222222222222,0
80.67958,1,0,0,0.0,32.78346600200166,0.5288040010782424,32.80882499893778,0.0,131,0,0,9,0.9166666666666666,0
80.71287,1,0,0,0.0,33.261479999055155,0.5561379985010717,33.28312099984032,0.0,132,0,0,9,0.9236111111111112,0
80.74566,1,0,0,0.0,32.76234400254907,0.5391399972722866,32.78506299830042,0.0,133,0,0,9,0.9305555555555556,0
80.77847,1,0,0,0.0,32.78314300041529,0.5248359993856866,32.807858999149175,0.0,134,0,0,9,0.9375,0
80.81217,1,0,0,0.0,33.64625399990473,0.5819040015921928,33.68833100103075,0.0,135,0,0,9,0.9444444444444444,0
80.84507,1,0,0,0.0,32.87645199816325,0.5670409991580527,32.90132199981599,0.0,136,0,0,9,0.9513888888888888,0
80.87797,1,0,0,0.0,32.87181199993938,0.5712530000892002,32.89522899649455,0.0,137,0,0,9,0.9583333333333334,0
80.91075,1,0,0,0.0,32.75869700155454,0.5608580031548627,32.77904199785553,0.0,138,0,0,9,0.9652777777777778,0
80.94371,1,0,0,0.0,32.92784700170159,0.5208609982219059,32.95118999812985,0.0,139,0,0,9,0.9722222222222222,0
80.97643,1,0,0,0.0,32.695171001250856,0.5365979995985981,32.71756600224762,0.0,140,0,0,9,0.9791666666666666,0
81.00937,1,0,0,0.0,32.909749999816995,0.5580609977187123,32.93011499772547,0.0,141,0,0,9,0.9861111111111112,0
81.04211,1,0,0,0.0,32.72348099926603,0.5733279976993799,32.743875999585725,0.0,142,0,0,9,0.9930555555555556,0
81.0748,1,0,0,0.0,32.65611599999829,0.5427579999377485,32.67780900205253,0.0,143,0,0,9,1.0,0
81.10789,1,0,0,0.0,33.06601700023748,0.5222840009082574,33.09033199911937,0.0,144,0,0,10,0.90625,0
81.14075,1,0,0,0.0,32.8365120003582,0.5488839997269679,32.85867399972631,0.0,145,0,0,10,0.9125,0
81.17343,1,0,0,0.0,32.65148699938436,0.519062999956077,32.67444800076191,0.0,146,0,0,10,0.91875,0
81.20618,1,0,0,0.0,32.726412999181775,0.5679930000042077,32.74671799954376,0.0,147,0,0,10,0.925,0
81.23874,1,0,0,0.0,32.52906799752964,0.5625070007226896,32.55028399871662,0.0,148,0,0,10,0.93125,0
81.27167,1,0,0,0.0,32.90796799774398,0.5586629995377734,32.93060299984063,0.0,149,0,0,10,0.9375,0
81.30432,1,0,0,0.0,32.6245239994023,0.5430310011433903,32.64732300158357,0.0,150,0,0,10,0.94375,0
81.33708,1,0,0,0.0,32.730038998124655,0.5541789978451561,32.75272300015786,0.0,151,0,0,10,0.95,0
81.3697,1,0,0,0.0,32.59531100047752,0.555204002012033,32.6175099980901,0.0,152,0,0,10,0.95625,0
81.40218,1,0,0,0.0,32.448164998641005,0.5176510021556169,32.470838999870466,0.0,153,0,0,10,0.9625,0
81.43495,1,0,0,0.0,32.747043998824665,0.5576629991992377,32.767250999313546,0.0,154,0,0,10,0.96875,0
81.46758,1,0,0,0.0,32.60709999813116,0.5614760011667386,32.62751999864122,0.0,155,0,0,10,0.975,0
81.50037,1,0,0,0.0,32.765080002718605,0.535261002369225,32.78916899944306,0.0,156,0,0,10,0.98125,0
81.53311,1,0,0,0.0,32.71521200076677,0.5787270019936841,32.735126002080506,0.0,157,0,0,10,0.9875,0
81.56591,1,0,0,0.0,32.769385001302,0.5514959993888624,32.79273199950694,0.0,158,0,0,10,0.99375,0
81.59865,1,0,0,0.0,32.715058001485886,0.5679070018231869,32.737453999288846,0.0,159,0,0,10,1.0,0
81.63157,1,0,0,0.0,32.89496200159192,0.5544129999179859,32.919245000812225,0.0,160,0,0,11,0.9147727272727273,0
81.66429,1,0,0,0.0,32.6908259994525,0.5439029991975985,32.71340600258554,0.0,161,0,0,11,0.9204545454545454,0
81.69683,1,0,0,0.0,32.51121099674492,0.6033909994584974,32.53315799884149,0.0,162,0,0,11,0.9261363636363636,0
81.72985,1,0,0,0.0,32.995050998579245,0.5288040010782424,33.01568999813753,0.0,163,0,0,11,0.9318181818181818,0
81.76278,1,0,0,0.0,32.90222700161394,0.5420200031949207,32.93112300161738,0.0,164,0,0,0,0.0,0
85.84959,1,1,189,35.80434299874469,33.97837100055767,0.5588150015682913,69.84223099789233,0.0,189,0,0,12,0.9895833333333334,0
85.8829,1,0,0,0.0,33.277334998274455,0.6162690006021876,33.30275299958885,0.0,190,0,0,12,0.9947916666666666,0
85.91599,1,0,0,0.0,33.05807200013078,0.5846270032634493,33.08344700053567,0.0,191,0,0,12,1.0,0
85.9492,1,0,0,0.0,33.17718199832598,0.6026569972163998,33.20446599900606,0.0,192,0,0,13,0.9278846153846154,0
85.98216,1,0,0,0.0,32.93589299937594,0.6048319992260076,32.96143899933668,0.0,193,0,0,13,0.9326923076923077,0
86.01534,1,0,0,0.0,33.15128499889397,0.5992059996060561,33.17507600149838,0.0,194,0,0,13,0.9375,0
86.04865,1,0,0,0.0,33.28084000168019,0.5884909987798892,33.30486699996982,0.0,195,0,0,13,0.9423076923076923,0
86.08193,1,0,0,0.0,33.24617099860916,0.5688070014002733,33.26925500005018,0.0,196,0,0,13,0.9471153846153846,0
86.1157,1,0,0,0.0,33.74150500167161,0.5923399985476863,33.765046999178594,0.0,197,0,0,13,0.9519230769230769,0
86.18647,2,1,129,33.62622799977544,37.09905899813748,0.6367010028043296,70.76824199975817,0.1742424242424242,198,0,0,22,0.9346590909090909,0
86.2223,2,0,0,0.0,35.79962899675593,0.625328000751324,35.82211400134838,0.1733668341708543,199,0,0,22,0.9403409090909091,0
86.25896,2,0,0,0.0,36.63156299808179,0.6428140004572924,36.655551000876585,0.1725,200,0,0,22,0.9460227272727273,0
86.29583,2,0,0,0.0,36.84774399880553,0.6656799996562768,36.874148001516005,0.17164179104477617,201,0,0,22,0.9517045454545454,0
86.33299,2,0,0,0.0,37.12648900182103,0.6581070010724943,37.14957299962407,0.17079207920792083,202,0,0,22,0.9573863636363636,0
86.36984,2,0,0,0.0,36.82691999711096,0.6483890028903261,36.85034500085749,0.16995073891625612,203,0,0,22,0.9630681818181818,0
86.40698,2,0,0,0.0,37.10920199955581,0.6538890011142939,37.13404300287948,0.16911764705882348,204,0,0,22,0.96875,0
86.44364,2,0,0,0.0,36.62878199975239,0.662847000057809,36.64896500049508,0.1682926829268293,205,0,0,22,0.9744318181818182,0
86.48018,2,0,0,0.0,36.515149997285334,0.6400940001185518,36.53954000037629,0.16747572815533984,206,0,0,22,0.9801136363636364,0
86.51596,2,0,0,0.0,35.74856200066279,0.6579649998457171,35.77328800020041,0.16666666666666663,207,0,0,22,0.9857954545454546,0
86.55284,2,0,0,0.0,36.8490050022956,0.6446929983212613,36.87654600071255,0.16586538461538458,208,0,0,23,0.9483695652173914,0
86.58993,2,0,0,0.0,37.060867998661706,0.6649989991274197,37.08539299987024,0.16507177033492826,209,0,0,23,0.9538043478260869,0
86.62919,2,0,0,0.0,39.23847099940758,0.6731979992764536,39.26364899962209,0.16428571428571426,210,0,0,23,0.9592391304347826,0
86.66658,2,0,0,0.0,37.35639600199647,0.7047260005492717,37.38110700214747,0.1635071090047393,211,0,0,23,0.9646739130434783,0
86.70349,2,0,0,0.0,36.8788450032298,0.6345749970932957,36.917360997904325,0.16273584905660377,212,0,0,23,0.970108695652174,0
86.74076,2,0,0,0.0,37.2239680000348,0.6504410011984874,37.25230300187832,0.1619718309859155,213,0,0,24,0.9348958333333334,0
86.77772,2,0,0,0.0,36.93357999873115,0.6367599999066442,36.9591729977401,0.16121495327102808,214,0,0,24,0.9401041666666666,0
86.81383,2,0,0,0.0,36.078209999686806,0.6429290006053634,36.103111000556964,0.16046511627906979,215,0,0,24,0.9453125,0
86.85097,2,0,0,0.0,37.108704000274884,0.6555110012413934,37.133571997401305,0.1597222222222222,216,0,0,24,0.9505208333333334,0
86.88789,2,0,0,0.0,36.89718199893832,0.6708270011586137,36.921054001140874,0.1589861751152074,217,0,0,24,0.9557291666666666,0
86.92464,2,0,0,0.0,36.71988600035547,0.6477679999079555,36.74119000061182,0.15825688073394495,218,0,0,24,0.9609375,0
86.96176,2,0,0,0.0,37.08902899961686,0.6596370003535412,37.113565998879494,0.15753424657534243,219,0,0,24,0.9661458333333334,0
86.99845,2,0,0,0.0,36.668819997430546,0.6397539982572198,36.69298000022536,0.15681818181818186,220,0,0,24,0.9713541666666666,0
87.03731,2,0,0,0.0,38.823676000902196,0.672803998895688,38.84555399781675,0.15610859728506787,221,0,0,24,0.9765625,0
87.07327,2,0,0,0.0,35.93191999971168,0.6409250017895829,35.95364200009499,0.15540540540540537,222,0,0,24,0.9817708333333334,0
87.10868,2,0,0,0.0,35.391991998039884,0.6210339997778647,35.41520299768308,0.1547085201793722,223,0,0,24,0.9869791666666666,0
87.14468,2,0,0,0.0,35.96423899944057,0.6309939999482594,35.987204999401,0.1540178571428571,224,0,0,25,0.9525,0
87.18063,2,0,0,0.0,35.92273399772239,0.6172350003907923,35.946265001257416,0.15333333333333332,225,0,0,25,0.9575,0
87.21641,2,0,0,0.0,35.75409699988086,0.6282890026341192,35.777708999376046,0.15265486725663713,226,0,0,25,0.9625,0
87.25254,2,0,0,0.0,36.10434099755366,0.6321809996734373,36.127186998783145,0.1519823788546255,227,0,0,25,0.9675,0
87.28836,2,0,0,0.0,35.79592700043577,0.6409189991245512,35.81849499823875,0.15131578947368418,228,0,0,25,0.9725,0
87.32446,2,0,0,0.0,36.06880300139892,0.6256819979171269,36.09213500021724,0.1506550218340611,229,0,0,26,0.9399038461538461,0
87.36028,2,0,0,0.0,35.79187799914507,0.6195179994392674,35.81323300022632,0.15000000000000002,230,0,0,26,0.9447115384615384,0
87.39527,2,0,0,0.0,34.97170199989341,0.6375359989760909,34.99457799989614,0.14935064935064934,231,0,0,26,0.9495192307692307,0
87.43163,2,0,0,0.0,36.33349399751751,0.6445979997806717,36.35555000073509,0.1487068965517241,232,0,0,26,0.9543269230769231,0
87.4677,2,0,0,0.0,36.03700799794751,0.6622890032303985,36.06106399820419,0.148068669527897,233,0,0,26,0.9591346153846154,0
87.50363,2,0,0,0.0,35.90333100146381,0.6450159999076277,35.926860000472516,0.14743589743589747,234,0,0,26,0.9639423076923077,0
87.53993,2,0,0,0.0,36.272268000175245,0.6370990013238043,36.29728099986096,0.14680851063829792,235,0,0,26,0.96875,0
87.57611,2,0,0,0.0,36.154101999272825,0.6809149999753572,36.177983001834946,0.14618644067796616,236,0,0,26,0.9735576923076923,0
87.61228,2,0,0,0.0,36.13819599922863,0.6956189972697757,36.16245399825857,0.14556962025316456,237,0,0,26,0.9783653846153846,0
87.64854,2,0,0,0.0,36.229966000973945,0.661742000374943,36.25429100065958,0.14495798319327735,238,0,0,26,0.9831730769230769,0
87.68391,2,0,0,0.0,35.344300998986,0.6594590013264678,35.369086002901895,0.14435146443514646,239,0,0,26,0.9879807692307693,0
87.72015,2,0,0,0.0,36.200253998686094,0.6757090013707057,36.23585899913451,0.14375000000000004,240,0,0,27,0.9560185185185185,0
87.75644,2,0,0,0.0,36.25631099930615,0.658851997286547,36.281272001360776,0.1431535269709544,241,0,0,27,0.9606481481481481,0
87.7929,2,0,0,0.0,36.42697100076475,0.6972419978410471,36.45248099928722,0.1425619834710744,242,0,0,27,0.9652777777777778,0
87.82931,2,0,0,0.0,36.38389400293818,0.670706998789683,36.40605399777996,0.14197530864197527,243,0,0,27,0.9699074074074074,0
87.86572,2,0,0,0.0,36.38524000052712,0.661211997794453,36.41019699716708,0.14139344262295084,244,0,0,27,0.9745370370370371,0
87.90221,2,0,0,0.0,36.45465400040848,0.6558560016856063,36.48352499658358,0.14081632653061227,245,0,0,28,0.9441964285714286,0
87.93992,2,0,0,0.0,37.68147699884139,0.6783520002500154,37.703875997976866,0.1402439024390244,246,0,0,28,0.9486607142857143,0
87.97641,2,0,0,0.0,36.45635700013372,0.6967190020077396,36.48308599804295,0.13967611336032393,247,0,0,28,0.953125,0
88.01352,2,0,0,0.0,37.081513000885025,0.6893310019222554,37.107668998942245,0.1391129032258065,248,0,0,28,0.9575892857142857,0
88.05055,2,0,0,0.0,37.00027600280009,0.6584729999303818,37.02758199870004,0.13855421686746983,249,0,0,28,0.9620535714285714,0
88.08772,2,0,0,0.0,37.13502000027802,0.6773810018785298,37.16763599732076,0.138,250,0,0,12,0.9479166666666666,0
88.12095,1,0,0,0.0,33.20171099767322,0.57434500195086,33.225026996660745,0.0,182,0,0,12,0.953125,0
88.15413,1,0,0,0.0,33.14626499923179,0.5852950016560499,33.16966500278795,0.0,183,0,0,12,0.9583333333333334,0
88.18737,1,0,0,0.0,33.21186500033946,0.5904450008529238,33.234473998163594,0.0,184,0,0,12,0.9635416666666666,0
88.22031,1,0,0,0.0,32.91648300000816,0.5636300011246931,32.93854699950316,0.0,185,0,0,12,0.96875,0
88.25331,1,0,0,0.0,32.966987000691006,0.5695460022252519,32.994927001709584,0.0,186,0,0,0,0.0,0
89.0871,1,1,161,34.82672600148362,33.44586399907712,0.5786479996459093,68.3268529974157,0.0,161,0,0,11,0.9204545454545454,0
89.12022,1,0,0,0.0,33.08690099947853,0.5917170019529294,33.11303300142754,0.0,162,0,0,11,0.9261363636363636,0
89.15344,1,0,0,0.0,33.197319997270824,0.5658419977407902,33.21963799680816,0.0,163,0,0,11,0.9318181818181818,0
89.1868,1,0,0,0.0,33.327118999295635,0.5922579985053744,33.35086699735257,0.0,164,0,0,11,0.9375,0
89.22014,1,0,0,0.0,33.309651000308804,0.5650570019497536,33.33377599847154,0.0,165,0,0,11,0.9431818181818182,0
89.25344,1,0,0,0.0,33.27359100148897,0.5894049972994253,33.29567499895347,0.0,166,0,0,11,0.9488636363636364,0
89.28647,1,0,0,0.0,33.009288999892306,0.5618110008072108,33.03087699896423,0.0,167,0,0,11,0.9545454545454546,0
89.31953,1,0,0,0.0,33.031989998562494,0.5315709968272131,33.055469997634646,0.0,168,0,0,11,0.9602272727272727,0
89.35269,1,0,0,0.0,33.127880000392906,0.5482710002979729,33.14902200145298,0.0,169,0,0,11,0.9659090909090909,0
89.38573,1,0,0,0.0,33.019728001818294,0.5534219999390189,33.042768998711836,0.0,170,0,0,11,0.9715909090909091,0
89.41867,1,0,0,0.0,32.90782299882267,0.5784230015706271,32.930265999311814,0.0,171,0,0,11,0.9772727272727273,0
89.45183,1,0,0,0.0,33.13258200068958,0.5630880004900973,33.15273599946522,0.0,172,0,0,11,0.9829545454545454,0
89.48501,1,0,0,0.0,33.16028500194079,0.5554140007006936,33.18307100198581,0.0,173,0,0,11,0.9886363636363636,0
89.51782,1,0,0,0.0,32.783220001874724,0.5870429995411541,32.806464998429874,0.0,174,0,0,11,0.9943181818181818,0
89.55103,1,0,0,0.0,33.17955799866468,0.5686730000888929,33.20101100325701,0.0,175,0,0,11,1.0,0
89.5838,1,0,0,0.0,32.74024400161579,0.5704680006601848,32.765040999947814,0.0,176,0,0,12,0.921875,0
89.61663,1,0,0,0.0,32.80106799866189,0.5438560001493897,32.82311899965862,0.0,177,0,0,12,0.9270833333333334,0
89.64941,1,0,0,0.0,32.759634999820264,0.536601000931114,32.77980500206468,0.0,178,0,0,12,0.9322916666666666,0
89.68234,1,0,0,0.0,32.90350099996431,0.5659670023305807,32.92590799901518,0.0,179,0,0,12,0.9375,0
89.71532,1,0,0,0.0,32.954466998489806,0.5713579994335305,32.97645400016336,0.0,180,0,0,12,0.9427083333333334,0
89.74814,1,0,0,0.0,32.79209299944341,0.5559790006373078,32.81288000289351,0.0,181,0,0,12,0.9479166666666666,0
89.78107,1,0,0,0.0,32.911334001255454,0.5480889994942117,32.932447000348475,0.0,182,0,0,12,0.953125,0
89.81379,1,0,0,0.0,32.69101300247712,0.5661420000251383,32.71326499816496,0.0,183,0,0,12,0.9583333333333334,0
89.84694,1,0,0,0.0,33.12361999996938,0.5425029994512442,33.14504499940085,0.0,184,0,0,12,0.9635416666666666,0
89.88,1,0,0,0.0,33.03021200190415,0.5911949992878363,33.05363999970723,0.0,185,0,0,12,0.96875,0
89.91284,1,0,0,0.0,32.81027900084155,0.5831320013385266,32.83385100075975,0.0,186,0,0,12,0.9739583333333334,0
89.94594,1,0,0,0.0,33.07586899973103,0.5634879998979159,33.09697399890865,0.0,187,0,0,12,0.9791666666666666,0
89.97876,1,0,0,0.0,32.795167000585934,0.5769900017185137,32.81647499898099,0.0,188,0,0,12,0.984375,0
90.01176,1,0,0,0.0,32.973594999930356,0.5721339985029772,32.99658600008115,0.0,189,0,0,12,0.9895833333333334,0
90.04476,1,0,0,0.0,32.975082998746075,0.5570969988184515,32.99524400063092,0.0,190,0,0,12,0.9947916666666666,0
90.07756,1,0,0,0.0,32.77998299745377,0.5406679993029684,32.80181599984644,0.0,191,0,0,12,1.0,0
90.11073,1,0,0,0.0,33.13355499994941,0.5457810002553742,33.15949599709711,0.0,192,0,0,13,0.9278846153846154,0
90.14382,1,0,0,0.0,33.06530800182372,0.56687300093472,33.0863130002399,0.0,193,0,0,13,0.9326923076923077,0
90.17685,1,0,0,0.0,33.00450100141461,0.5567580010392703,33.02687000177684,0.0,194,0,0,13,0.9375,0
90.20983,1,0,0,0.0,32.95547500238172,0.5641389980155509,32.97716099768877,0.0,195,0,0,13,0.9423076923076923,0
90.24296,1,0,0,0.0,33.10175400110893,0.552885998331476,33.12225099944044,0.0,196,0,0,13,0.9471153846153846,0
90.2759,1,0,0,0.0,32.916731001023436,0.5795549986942206,32.939413002168294,0.0,197,0,0,13,0.9519230769230769,0
90.30889,1,0,0,0.0,32.96049600248807,0.5742979992646724,32.98295499917003,0.0,198,0,0,13,0.9567307692307693,0
90.34178,1,0,0,0.0,32.8705190004257,0.5636380010400899,32.889844002056634,0.0,199,0,0,13,0.9615384615384616,0
90.37465,1,0,0,0.0,32.84207600154332,0.5428759977803566,32.86181099974783,0.0,200,0,0,13,0.9663461538461539,0
90.40741,1,0,0,0.0,32.73825400174246,0.5411950005509425,32.76006200030679,0.0,201,0,0,13,0.9711538461538461,0
90.44022,1,0,0,0.0,32.78361400225549,0.5571259971475229,32.80281800107332,0.0,202,0,0,13,0.9759615384615384,0
90.47293,1,0,0,0.0,32.68719200059422,0.5453179983305745,32.708878999983426,0.0,203,0,0,13,0.9807692307692307,0
90.50617,1,0,0,0.0,33.19893399748253,0.5891110013180878,33.23243399790954,0.0,204,0,0,13,0.9855769230769231,0
90.53968,1,0,0,0.0,33.48809700037236,0.7538809986726847,33.509015000163345,0.0,205,0,0,13,0.9903846153846154,0
90.57265,1,0,0,0.0,32.94398700018064,0.5881109973415732,32.96725100153708,0.0,206,0,0,13,0.9951923076923077,0
90.60574,1,0,0,0.0,33.059610999771394,0.5768319970229641,33.08360699884361,0.0,207,0,0,13,1.0,0
90.63875,1,0,0,0.0,32.980718002363574,0.5816939992655534,33.00450899769203,0.0,208,0,0,14,0.9330357142857143,0
90.67181,1,0,0,0.0,33.034262000001036,0.5855749986949377,33.05781100061722,0.0,209,0,0,14,0.9375,0
90.70474,1,0,0,0.0,32.9034540009161,0.5709489996661432,32.92753999994602,0.0,210,0,0,14,0.9419642857142857,0
90.7377,1,0,0,0.0,32.92748099920573,0.5680140020558611,32.948701998975594,0.0,211,0,0,14,0.9464285714285714,0
90.77089,1,0,0,0.0,33.16095999980462,0.5606239974440541,33.185134998348076,0.0,212,0,0,14,0.9508928571428571,0
90.80382,1,0,0,0.0,32.90431599816657,0.5963990006421227,32.92631699878257,0.0,213,0,0,14,0.9553571428571429,0
90.83682,1,0,0,0.0,32.97974099768908,0.568781000765739,33.00057399974321,0.0,214,0,0,14,0.9598214285714286,0
90.86997,1,0,0,0.0,33.11955900062458,0.5698610002582427,33.14431899707415,0.0,215,0,0,14,0.9642857142857143,0
90.90289,1,0,0,0.0,32.89474299890571,0.6045369991625194,32.91943400108721,0.0,216,0,0,14,0.96875,0
90.93585,1,0,0,0.0,32.925604999036295,0.5977379987598397,32.9476179977064,0.0,217,0,0,14,0.9732142857142857,0
90.96913,1,0,0,0.0,33.25306300030206,0.5643430013151374,33.27680800066446,0.0,218,0,0,14,0.9776785714285714,0
91.002,1,0,0,0.0,32.84192799765151,0.6061339990992565,32.86533199934638,0.0,219,0,0,14,0.9821428571428571,0
91.03512,1,0,0,0.0,33.091445999161806,0.6002080008329358,33.11282199865673,0.0,220,0,0,14,0.9866071428571429,0
91.06814,1,0,0,0.0,32.99795400016592,0.6028930001775734,33.02088100099354,0.0,221,0,0,14,0.9910714285714286,0
91.10115,1,0,0,0.0,32.985483998345444,0.587922000704566,33.009512997523416,0.0,222,0,0,14,0.9955357142857143,0
91.13412,1,0,0,0.0,32.935414998064516,0.5971250029688235,32.96450400011963,0.0,223,0,0,14,1.0,0
91.16699,1,0,0,0.0,32.83898500012583,0.5913059976592194,32.86655299962149,0.0,224,0,0,15,0.9375,0
91.19997,1,0,0,0.0,32.952371999272145,0.6484090008598287,32.975670001178514,0.0,225,0,0,15,0.9416666666666667,0
91.23271,1,0,0,0.0,32.71400000085123,0.6046900016372092,32.736314002249856,0.0,226,0,0,15,0.9458333333333333,0
91.26573,1,0,0,0.0,32.98917700158199,0.5627539976558182,33.01123699930031,0.0,227,0,0,15,0.95,0
91.29868,1,0,0,0.0,32.923463000770425,0.5746549977629911,32.947780997346854,0.0,228,0,0,15,0.9541666666666667,0
91.36884,2,1,123,33.34094100137008,36.774303000129294,0.6335830003081355,70.15397600116557,0.23144104803493448,229,0,0,23,0.9619565217391305,0
91.4053,2,0,0,0.0,36.43299499890418,0.6413299997802824,36.456147998251254,0.23043478260869565,230,0,0,23,0.967391304347826,0
91.44113,2,0,0,0.0,35.79734099912457,0.6237730012799148,35.81884099912713,0.22943722943722944,231,0,0,23,0.9728260869565217,0
91.47762,2,0,0,0.0,36.46945800210233,0.6463090030592866,36.49282799960929,0.22844827586206895,232,0,0,23,0.9782608695652174,0
91.51416,2,0,0,0.0,36.511597001663176,0.6291379977483302,36.54515999733121,0.22746781115879833,233,0,0,23,0.9836956521739131,0
91.55128,2,0,0,0.0,37.07535599824041,0.6511329993372783,37.101107998751104,0.22649572649572647,234,0,0,24,0.9479166666666666,0
91.58795,2,0,0,0.0,36.64385299998685,0.6493660002888646,36.66707600132213,0.225531914893617,235,0,0,24,0.953125,0
91.62486,2,0,0,0.0,36.887969999952475,0.6481540003733244,36.91276099925744,0.22457627118644063,236,0,0,24,0.9583333333333334,0
91.66177,2,0,0,0.0,36.882273001538124,0.6586689996765926,36.905218999891076,0.2236286919831224,237,0,0,24,0.9635416666666666,0
91.69846,2,0,0,0.0,36.65548199933255,0.6268489996728022,36.67996899821446,0.2226890756302521,238,0,0,24,0.96875,0
91.73446,2,0,0,0.0,35.97194000030868,0.6589780023205094,35.99651399781578,0.22175732217573219,239,0,0,24,0.9739583333333334,0
91.77174,2,0,0,0.0,37.249060998874484,0.767861998610897,37.27727700243122,0.22083333333333333,240,0,0,25,0.94,0
91.80857,2,0,0,0.0,36.8054199971084,0.6521209979837295,36.83023000121466,0.21991701244813278,241,0,0,25,0.945,0
91.84551,2,0,0,0.0,36.89004500120063,0.6494510016636923,36.92918999877293,0.21900826446280997,242,0,0,25,0.95,0
91.88295,2,0,0,0.0,37.41774300215184,0.6442919984692708,37.440662999870256,0.21810699588477367,243,0,0,25,0.955,0
91.91899,2,0,0,0.0,35.99799199946574,0.6643449996772688,36.028850998263806,0.21721311475409832,244,0,0,9,0.9652777777777778,0
91.95191,1,0,0,0.0,32.8986079985043,0.5597090021183249,32.91974700186984,0.0,139,0,0,9,0.9722222222222222,0
91.9863,1,0,0,0.0,34.359650999249425,0.5853679977008142,34.384252001473214,0.0,140,0,0,9,0.9791666666666666,0
92.01936,1,0,0,0.0,33.02943499875255,0.5631020030705258,33.05372500108206,0.0,141,0,0,9,0.9861111111111112,0
92.05238,1,0,0,0.0,32.995746998494724,0.5710000004910398,33.01877500052797,0.0,142,0,0,9,0.9930555555555556,0
92.08507,1,0,0,0.0,32.663375000993256,0.5628580001939554,32.686792001186404,0.0,143,0,0,9,1.0,0
92.11787,1,0,0,0.0,32.77208099825657,0.5712530000892002,32.797719999507535,0.0,144,0,0,10,0.90625,0
92.15074,1,0,0,0.0,32.84341600010521,0.5560190002142917,32.86305000074208,0.0,145,0,0,10,0.9125,0
92.18347,1,0,0,0.0,32.705376001104014,0.545098002476152,32.72966599979554,0.0,146,0,0,10,0.91875,0
92.21595,1,0,0,0.0,32.4502859984932,0.5362939991755411,32.474637002451345,0.0,147,0,0,10,0.925,0
92.24878,1,0,0,0.0,32.80087800158071,0.5628040016745217,32.82267499889713,0.0,148,0,0,10,0.93125,0
92.28138,1,0,0,0.0,32.572004001849564,0.5413740000221878,32.59400299793924,0.0,149,0,0,10,0.9375,0
92.31408,1,0,0,0.0,32.67729099752614,0.544684000487905,32.699793999199755,0.0,150,0,0,10,0.94375,0
92.34679,1,0,0,0.0,32.6785840006778,0.5720359986298718,32.69788900070125,0.0,151,0,0,10,0.95,0
92.37925,1,0,0,0.0,32.434271000965964,0.5385570002545137,32.45504799997434,0.0,152,0,0,10,0.95625,0
92.41172,1,0,0,0.0,32.443597996461904,0.5502419990079943,32.46579000187921,0.0,153,0,0,10,0.9625,0
92.44463,1,0,0,0.0,32.88915400116821,0.5540950005524792,32.90916900004959,0.0,154,0,0,10,0.96875,0
92.47723,1,0,0,0.0,32.575648998317774,0.548156000149902,32.59744300157763,0.0,155,0,0,10,0.975,0
92.51001,1,0,0,0.0,32.75123999992502,0.5404790026659612,32.77429599984316,0.0,156,0,0,10,0.98125,0
92.54967,1,0,0,0.0,39.63069499877747,0.5604440011666156,39.65270499975304,0.0,157,0,0,10,0.9875,0
92.58306,1,0,0,0.0,33.36861600109842,0.5772900003648829,33.39294500256074,0.0,158,0,0,10,0.99375,0
92.61597,1,0,0,0.0,32.879919999686535,0.5904200006625615,32.902879000175744,0.0,159,0,0,10,1.0,0
92.64899,1,0,0,0.0,32.98613599690725,0.5755479978688527,33.01188700061175,0.0,160,0,0,11,0.9147727272727273,0
92.68194,1,0,0,0.0,32.926703002885915,0.5795369979750831,32.948923002550146,0.0,161,0,0,11,0.9204545454545454,0
92.71467,1,0,0,0.0,32.699048999347724,0.5667469995387364,32.72090400059824,0.0,162,0,0,11,0.9261363636363636,0
92.74763,1,0,0,0.0,32.937651998508954,0.5503700012923218,32.96033300284762,0.0,163,0,0,11,0.9318181818181818,0
92.77993,1,0,0,0.0,32.26898700086167,0.5621160016744398,32.29125299912994,0.0,164,0,0,11,0.9375,0
92.81269,1,0,0,0.0,32.73696900214418,0.5604569996648934,32.76016400195658,0.0,165,0,0,11,0.9431818181818182,0
92.84546,1,0,0,0.0,32.74511999916285,0.5642210016958416,32.76634500070941,0.0,166,0,0,11,0.9488636363636364,0
92.87773,1,0,0,0.0,32.24323200265644,0.5408580000221264,32.26544899735018,0.0,167,0,0,11,0.9545454545454546,0
92.9103,1,0,0,0.0,32.54175100300927,0.5389360012486577,32.56351199888741,0.0,168,0,0,11,0.9602272727272727,0
92.94385,1,0,0,0.0,33.5239999985788,0.5608229985227808,33.545190999575425,0.0,169,0,0,11,0.9659090909090909,0
92.97667,1,0,0,0.0,32.795104998513125,0.5699199973605573,32.818870000483,0.0,170,0,0,11,0.9715909090909091,0
93.00927,1,0,0,0.0,32.566158999543404,0.569081003050087,32.5952960010909,0.0,171,0,0,11,0.9772727272727273,0
93.04253,1,0,0,0.0,33.22781599854352,0.5803740023111459,33.249820000492036,0.0,172,0,0,11,0.9829545454545454,0
93.07538,1,0,0,0.0,32.82896500240895,0.5729900003643706,32.851964999281336,0.0,173,0,0,11,0.9886363636363636,0
93.10813,1,0,0,0.0,32.71952900104225,0.5740359993069433,32.74358300041058,0.0,174,0,0,11,0.9943181818181818,0
93.14081,1,0,0,0.0,32.648838001478,0.5837569988216273,32.67105399936554,0.0,175,0,0,11,1.0,0
93.1739,1,0,0,0.0,33.062788999814074,0.5623459983326029,33.09045000059996,0.0,176,0,0,12,0.921875,0
93.20669,1,0,0,0.0,32.765934000053676,0.5840379999426659,32.788858999992954,0.0,177,0,0,12,0.9270833333333334,0
93.23947,1,0,0,0.0,32.74428899749182,0.5859480006620288,32.76591299800202,0.0,178,0,0,12,0.9322916666666666,0
93.27201,1,0,0,0.0,32.52269400036312,0.5567859989241697,32.5469269992027,0.0,179,0,0,12,0.9375,0
93.30486,1,0,0,0.0,32.82145000048331,0.575301000935724,32.84562999760965,0.0,180,0,0,12,0.9427083333333334,0
93.33739,1,0,0,0.0,32.499128003109945,0.5574749993684236,32.521428998734336,0.0,181,0,0,12,0.9479166666666666,0
93.36978,1,0,0,0.0,32.36595799899078,0.5450019998534117,32.38703399983933,0.0,182,0,0,12,0.953125,0
93.40248,1,0,0,0.0,32.67475299799116,0.5521880011656322,32.71107500040671,0.0,183,0,0,12,0.9583333333333334,0
93.43458,1,0,0,0.0,32.058298002084484,0.5425870003819,32.08020100282738,0.0,184,0,0,12,0.9635416666666666,0
93.46734,1,0,0,0.0,32.733017000282416,0.5470229989441577,32.753665997006465,0.0,185,0,0,12,0.96875,0
93.49968,1,0,0,0.0,32.31694299756782,0.5625079975288827,32.3390230005316,0.0,186,0,0,12,0.9739583333333334,0
93.53235,1,0,0,0.0,32.63638499993249,0.5584829996223561,32.65850100069656,0.0,187,0,0,12,0.9791666666666666,0
93.565,1,0,0,0.0,32.62594099942362,0.5691780024790205,32.64754099654965,0.0,188,0,0,12,0.984375,0
93.59765,1,0,0,0.0,32.62283400181332,0.5790950017399155,32.64578000016627,0.0,189,0,0,12,0.9895833333333334,0
93.63032,1,0,0,0.0,32.649042001139605,0.5695130021194927,32.671181001205696,0.0,190,0,0,12,0.9947916666666666,0
93.66283,1,0,0,0.0,32.48292799980845,0.5585629987763241,32.50316599951475,0.0,191,0,0,12,1.0,0
93.69529,1,0,0,0.0,32.43377699982375,0.5530650014407001,32.458777001011185,0.0,192,0,0,13,0.9278846153846154,0
93.72772,1,0,0,0.0,32.39904799920623,0.5676569999195635,32.420936000562506,0.0,193,0,0,13,0.9326923076923077,0
93.76034,1,0,0,0.0,32.593088999419706,0.5370869985199533,32.61562700208742,0.0,194,0,0,13,0.9375,0
93.79296,1,0,0,0.0,32.59512799922959,0.569086001632968,32.61772100086091,0.0,195,0,0,13,0.9423076923076923,0
93.82601,1,0,0,0.0,33.02218200042262,0.5836509990331251,33.04380700137699,0.0,196,0,0,13,0.9471153846153846,0
93.85886,1,0,0,0.0,32.82739600035711,0.5690639991371427,32.84959499796969,0.0,197,0,0,13,0.9519230769230769,0
93.89142,1,0,0,0.0,32.53026300080819,0.6101319995650556,32.55158200045116,0.0,198,0,0,13,0.9567307692307693,0
93.92449,1,0,0,0.0,33.04084799674456,0.5709299985028338,33.077576001232956,0.0,199,0,0,13,0.9615384615384616,0
93.95739,1,0,0,0.0,32.86132499852101,0.5609239997284021,32.882329000130994,0.0,200,0,0,13,0.9663461538461539,0
93.9899,1,0,0,0.0,32.48958799667889,0.5714069993700832,32.51092500067898,0.0,201,0,0,13,0.9711538461538461,0
94.02246,1,0,0,0.0,32.52893600074458,0.5485410001710989,32.55117099979543,0.0,202,0,0,13,0.9759615384615384,0
94.05522,1,0,0,0.0,32.73836600055802,0.5696480002370663,32.757588000094984,0.0,203,0,0,13,0.9807692307692307,0
94.08775,1,0,0,0.0,32.50004599976819,0.5673519990523346,32.52220000285888,0.0,204,0,0,13,0.9855769230769231,0
94.12023,1,0,0,0.0,32.45380700172973,0.5666329998348374,32.47623599963845,0.0,205,0,0,13,0.9903846153846154,0
94.15276,1,0,0,0.0,32.50533800019184,0.5737429964938201,32.525398000871064,0.0,206,0,0,13,0.9951923076923077,0
94.18547,1,0,0,0.0,32.6848799995787,0.5581989971688017,32.70752200114657,0.0,207,0,0,13,1.0,0
94.21772,1,0,0,0.0,32.2255960018083,0.5565779974858742,32.249797997792484,0.0,208,0,0,14,0.9330357142857143,0
94.25034,1,0,0,0.0,32.58766699946136,0.5442069996206556,32.60767800020403,0.0,209,0,0,14,0.9375,0
94.28268,1,0,0,0.0,32.315624001057586,0.5813169991597533,32.337262000510236,0.0,210,0,0,14,0.9419642857142857,0
94.31529,1,0,0,0.0,32.58288500001072,0.5565050014411099,32.60511600092286,0.0,211,0,0,14,0.9464285714285714,0
94.3478,1,0,0,0.0,32.49166699970374,0.5725629998778459,32.5116940002772,0.0,212,0,0,14,0.9508928571428571,0
94.38011,1,0,0,0.0,32.284348002576735,0.5593840032815933,32.305161003023386,0.0,213,0,0,14,0.9553571428571429,0
94.41257,1,0,0,0.0,32.432677999167936,0.5720459994336125,32.454940999741666,0.0,214,0,0,14,0.9598214285714286,0
94.44511,1,0,0,0.0,32.513746999029536,0.5575840004894417,32.533338002394885,0.0,215,0,0,14,0.9642857142857143,0
94.47769,1,0,0,0.0,32.55986900330754,0.5613720022665802,32.581090003077406,0.0,216,0,0,14,0.96875,0
94.51014,1,0,0,0.0,32.42067500104895,0.5666180004482158,32.44347299914807,0.0,217,0,0,14,0.9732142857142857,0
94.54276,1,0,0,0.0,32.59427000011783,0.5783830019936431,32.61537500293343,0.0,218,0,0,14,0.9776785714285714,0
94.57558,1,0,0,0.0,32.790537999972,0.6381700004567392,32.81337599764811,0.0,219,0,0,14,0.9821428571428571,0
94.60834,1,0,0,0.0,32.72989899778622,0.5730750017391983,32.75481300079264,0.0,220,0,0,14,0.9866071428571429,0
94.64116,1,0,0,0.0,32.79871599806938,0.5894079986319412,32.82948400010355,0.0,221,0,0,14,0.9910714285714286,0
94.67384,1,0,0,0.0,32.637996002449654,0.5858750009792857,32.65903500141576,0.0,222,0,0,14,0.9955357142857143,0
94.70675,1,0,0,0.0,32.88806199998362,0.5581100012932438,32.910218000324676,0.0,223,0,0,14,1.0,0
94.73928,1,0,0,0.0,32.50485199896502,0.5653279986290727,32.52913699907367,0.0,224,0,0,15,0.9375,0
94.77213,1,0,0,0.0,32.818712999869604,0.5597950002993457,32.8428549983073,0.0,225,0,0,15,0.9416666666666667,0
94.80469,1,0,0,0.0,32.529290998354554,0.5949939986749087,32.5525309999648,0.0,226,0,0,15,0.9458333333333333,0
94.8371,1,0,0,0.0,32.388749001256656,0.5708940007025376,32.411086998763494,0.0,227,0,0,15,0.95,0
94.86969,1,0,0,0.0,32.557261001784354,0.5826500018883962,32.57880500314059,0.0,228,0,0,15,0.9541666666666667,0
94.90219,1,0,0,0.0,32.47482100050547,0.5725880000682082,32.49777899691253,0.0,229,0,0,15,0.9583333333333334,0
94.93452,1,0,0,0.0,32.30176500073867,0.582666998525383,32.323095001629554,0.0,230,0,0,15,0.9625,0
94.9673,1,0,0,0.0,32.75457600102527,0.5341220021364279,32.77573499872233,0.0,231,0,0,15,0.9666666666666667,0
94.99965,1,0,0,0.0,32.32537899748422,0.5848610016983002,32.3469169998134,0.0,232,0,0,15,0.9708333333333333,0
95.03196,1,0,0,0.0,32.286066001688596,0.5546730026253499,32.30842000266421,0.0,233,0,0,15,0.975,0
95.06443,1,0,0,0.0,32.44364299825975,0.5999980021442752,32.46216199841001,0.0,234,0,0,15,0.9791666666666666,0
95.13334,2,1,143,32.540557000174886,36.32826100147213,0.6326419970719144,68.90624399966327,0.19574468085106378,235,0,0,24,0.9895833333333334,0
95.17003,2,0,0,0.0,36.65887299939641,0.6453690002672374,36.68742000081693,0.19491525423728817,236,0,0,25,0.955,0
95.20667,2,0,0,0.0,36.62091800288181,0.7416500011458993,36.64303799814661,0.19409282700421937,237,0,0,25,0.96,0
95.24277,2,0,0,0.0,36.07294299945352,0.629332000244176,36.09609700288274,0.19327731092436973,238,0,0,25,0.965,0
95.27855,2,0,0,0.0,35.74792000290472,0.6568690005224198,35.77329900144832,0.19246861924686187,239,0,0,25,0.97,0
95.3149,2,0,0,0.0,36.31919100007508,0.6658550009888131,36.34605399929569,0.19166666666666665,240,0,0,26,0.9375,0
95.35139,2,0,0,0.0,36.46264499911922,0.6500710005639121,36.48538400011603,0.1908713692946058,241,0,0,26,0.9423076923076923,0
95.38766,2,0,0,0.0,36.23370399873238,0.6550960024469532,36.25655399810057,0.1900826446280992,242,0,0,26,0.9471153846153846,0
95.42395,2,0,0,0.0,36.2660920000053,0.6214610002643894,36.28948999903514,0.18930041152263377,243,0,0,26,0.9519230769230769,0
95.46039,2,0,0,0.0,36.41394299847889,0.6568569988303352,36.435645997698884,0.1885245901639344,244,0,0,26,0.9567307692307693,0
95.49685,2,0,0,0.0,36.43409700089251,0.6480019983428065,36.45847399820923,0.18775510204081636,245,0,0,26,0.9615384615384616,0
95.53323,2,0,0,0.0,36.34665099889389,0.663956998323556,36.37136099860072,0.1869918699186992,246,0,0,26,0.9663461538461539,0
95.56891,2,0,0,0.0,35.65168700151844,0.640277998172678,35.67576000205008,0.18623481781376516,247,0,0,26,0.9711538461538461,0
95.60511,2,0,0,0.0,36.17536900128471,0.6573380014742725,36.19968600105494,0.18548387096774188,248,0,0,26,0.9759615384615384,0
95.64145,2,0,0,0.0,36.30073200110928,0.6436010007746518,36.33202999844798,0.18473895582329314,249,0,0,10,0.9875,0
95.67428,1,0,0,0.0,32.80372100198292,0.5666069992003031,32.825554997543804,0.0,158,0,0,10,0.99375,0
95.70668,1,0,0,0.0,32.374478003475815,0.5468030030897353,32.39572500024224,0.0,159,0,0,10,1.0,0
95.73926,1,0,0,0.0,32.54962600112776,0.542359000974102,32.575965000432916,0.0,160,0,0,11,0.9147727272727273,0
95.77174,1,0,0,0.0,32.45313599836663,0.5510810005944222,32.475222997163655,0.0,161,0,0,11,0.9204545454545454,0
95.80431,1,0,0,0.0,32.54952999850502,0.543120000656927,32.573059001151705,0.0,162,0,0,11,0.9261363636363636,0
95.83665,1,0,0,0.0,32.31596600016928,0.5588089989032596,32.33763200114481,0.0,163,0,0,11,0.9318181818181818,0
95.86944,1,0,0,0.0,32.754841002315516,0.5440970016934443,32.77757399700931,0.0,164,0,0,11,0.9375,0
95.90217,1,0,0,0.0,32.70312300082878,0.5599490032182075,32.73382100087474,0.0,165,0,0,11,0.9431818181818182,0
95.9346,1,0,0,0.0,32.401864998973906,0.583999997616047,32.42470799887087,0.0,166,0,0,11,0.9488636363636364,0
95.96736,1,0,0,0.0,32.725130000471836,0.5210160015849397,32.749257999967085,0.0,167,0,0,11,0.9545454545454546,0
96.00025,1,0,0,0.0,32.86567000031937,0.5819679972773883,32.88920600243728,0.0,168,0,0,11,0.9602272727272727,0
96.03268,1,0,0,0.0,32.405047000793274,0.588760001846822,32.426636997115565,0.0,169,0,0,11,0.9659090909090909,0
96.06702,1,0,0,0.0,34.313517000555294,0.531110999872908,34.33478499937337,0.0,170,0,0,11,0.9715909090909091,0
96.09936,1,0,0,0.0,32.31360599966138,0.5654300002788659,32.33582399843726,0.0,171,0,0,11,0.9772727272727273,0
96.13188,1,0,0,0.0,32.49169600167079,0.5539849989872891,32.51561000070069,0.0,172,0,0,11,0.9829545454545454,0
96.16455,1,0,0,0.0,32.63906800202676,0.5575689974648412,32.66146299938555,0.0,173,0,0,11,0.9886363636363636,0
96.19715,1,0,0,0.0,32.572661999438424,0.5412139980762731,32.596437999018235,0.0,174,0,0,11,0.9943181818181818,0
96.2297,1,0,0,0.0,32.51305200319621,0.5702369999198709,32.54360199935036,0.0,175,0,0,11,1.0,0
96.2622,1,0,0,0.0,32.47487400221871,0.5445460010378156,32.498565000423696,0.0,176,0,0,12,0.921875,0
96.33097,2,1,185,32.46861799925682,36.25838999869302,0.6091709983593319,68.76715799808153,0.021621621621621623,185,0,0,24,0.9479166666666666,0
96.36742,2,0,0,0.0,36.4182779994735,0.6381719977071043,36.4422780003224,0.021505376344086002,186,0,0,24,0.953125,0
96.40339,2,0,0,0.0,35.94193300159532,0.6364809996739496,35.96445599760045,0.021390374331550777,187,0,0,24,0.9583333333333334,0
96.43961,2,0,0,0.0,36.19302900187904,0.6203449993336108,36.216286000126274,0.021276595744680882,188,0,0,24,0.9635416666666666,0
96.47574,2,0,0,0.0,36.10360500169918,0.6151110028440598,36.124381000263384,0.021164021164021163,189,0,0,24,0.96875,0
96.5118,2,0,0,0.0,36.033511998539325,0.6012799967720639,36.056852997717215,0.021052631578947323,190,0,0,24,0.9739583333333334,0
96.54715,2,0,0,0.0,35.32190400073887,0.6289359989750665,35.345545002201106,0.020942408376963373,191,0,0,24,0.9791666666666666,0
96.58358,2,0,0,0.0,36.38916199997766,0.6320440006675199,36.42860599939013,0.02083333333333337,192,0,0,25,0.945,0
96.61983,2,0,0,0.0,36.22040600021137,0.623042000370333,36.24418700201204,0.020725388601036232,193,0,0,25,0.95,0
96.65637,2,0,0,0.0,36.51475200240384,0.6233590029296465,36.53626099912799,0.020618556701030966,194,0,0,25,0.955,0
96.69266,2,0,0,0.0,36.26286899816478,0.6428550004784483,36.28549600034603,0.02051282051282055,195,0,0,25,0.96,0
96.72871,2,0,0,0.0,36.02508499898249,0.6153190006443765,36.04861699932371,0.020408163265306145,196,0,0,25,0.965,0
96.76503,2,0,0,0.0,36.28900799958501,0.6256909982766956,36.31009600212565,0.02030456852791873,197,0,0,25,0.97,0
96.80127,2,0,0,0.0,36.21435700188158,0.6423949998861644,36.23871399759082,0.02020202020202022,198,0,0,25,0.975,0
96.83685,2,0,0,0.0,35.55721600059769,0.6426599975384306,35.58115900159464,0.02010050251256279,199,0,0,25,0.98,0
96.87332,2,0,0,0.0,36.436963000596734,0.6418470002245158,36.462776002736064,0.020000000000000018,200,0,0,26,0.9471153846153846,0
96.91196,2,0,0,0.0,38.6062249999668,0.664221999613801,38.630809998721816,0.01990049751243783,201,0,0,26,0.9519230769230769,0
96.95014,2,0,0,0.0,38.15458099779789,0.6741090001014527,38.17630800040206,0.01980198019801982,202,0,0,26,0.9567307692307693,0
96.98683,2,0,0,0.0,36.66808299749391,0.6851309990452137,36.69305400035228,0.019704433497536922,203,0,0,26,0.9615384615384616,0
97.02294,2,0,0,0.0,36.080505000427365,0.6604410009458661,36.10327300339122,0.019607843137254943,204,0,0,26,0.9663461538461539,0
97.05919,2,0,0,0.0,36.219025001628324,0.6391520000761375,36.24202400169452,0.019512195121951237,205,0,0,26,0.9711538461538461,0
97.09538,2,0,0,0.0,36.161631000140915,0.6491699969046749,36.18461600126466,0.01941747572815533,206,0,0,26,0.9759615384615384,0
97.1307,2,0,0,0.0,35.2973330009263,0.6367070018313825,35.31969600226148,0.019323671497584516,207,0,0,26,0.9807692307692307,0
97.16713,2,0,0,0.0,36.39859200120554,0.6356570011121221,36.42315200340818,0.019230769230769273,208,0,0,27,0.9490740740740741,0
97.20334,2,0,0,0.0,36.18367300077807,0.6428289998439141,36.20689300078084,0.019138755980861233,209,0,0,27,0.9537037037037037,0
97.2727,3,1,112,32.64214799855836,36.6677330021048,0.6936050012882333,69.3524130001606,0.1682539682539682,210,0,0,35,0.9410714285714286,0
97.3091,3,0,0,0.0,36.374841001816094,0.7106129996827804,36.399475000507664,0.1674565560821485,211,0,0,35,0.9464285714285714,0
97.34545,3,0,0,0.0,36.318549999123206,0.7044599988148548,36.3418829983857,0.16666666666666663,212,0,0,35,0.9517857142857142,0
97.38199,3,0,0,0.0,36.51425000134623,0.6808530015405267,36.53927800041856,0.1658841940532081,213,0,0,35,0.9571428571428572,0
97.41845,3,0,0,0.0,36.42640900216065,0.741201001801528,36.45058500114828,0.1651090342679128,214,0,0,35,0.9625,0
97.45422,3,0,0,0.0,35.74392100199475,0.7168150004872587,35.766582001087954,0.16434108527131785,215,0,0,35,0.9678571428571429,0
97.49057,3,0,0,0.0,36.322336000012,0.7094169995980337,36.34840099766734,0.1635802469135802,216,0,0,36,0.9461805555555556,0
97.52694,3,0,0,0.0,36.342477000289364,0.704570997186238,36.3673559986637,0.16282642089093702,217,0,0,36,0.9513888888888888,0
97.56333,3,0,0,0.0,36.36301499864203,0.7134619991120417,36.38403200238827,0.1620795107033639,218,0,0,36,0.9565972222222222,0
97.5997,3,0,0,0.0,36.338425998110324,0.6861809997644741,36.36385099889594,0.1613394216133942,219,0,0,36,0.9618055555555556,0
97.6362,3,0,0,0.0,36.47228900081245,0.6944469969312195,36.49580999990576,0.16060606060606064,220,0,0,36,0.9670138888888888,0
97.67294,3,0,0,0.0,36.71521399883204,0.710623000486521,36.7399300012039,0.15987933634992457,221,0,0,36,0.9722222222222222,0
97.70959,3,0,0,0.0,36.61946700231056,0.7340090014622547,36.64455399848521,0.15915915915915912,222,0,0,36,0.9774305555555556,0
97.74541,3,0,0,0.0,35.786568998446455,0.7020230004854966,35.813513000903185,0.1584454409566517,223,0,0,36,0.9826388888888888,0
97.78248,3,0,0,0.0,37.03714099901845,0.7330439984798431,37.06413799955044,0.15773809523809523,224,0,0,37,0.9611486486486487,0
97.81913,3,0,0,0.0,36.61393199945451,0.7164660019043367,36.65293900121469,0.15703703703703709,225,0,0,37,0.9662162162162162,0
97.85645,3,0,0,0.0,37.280251999618486,0.7476880018657539,37.30629500205396,0.15634218289085544,226,0,0,38,0.9457236842105263,0
97.89295,3,0,0,0.0,36.479481001151726,0.7595969982503448,36.50413099967409,0.15565345080763582,227,0,0,38,0.9506578947368421,0
97.92935,3,0,0,0.0,36.36289999849396,0.7230690025608055,36.387465999723645,0.1549707602339181,228,0,0,38,0.9555921052631579,0
97.96593,3,0,0,0.0,36.55534200152033,0.7090740000421647,36.57729000042309,0.15429403202328962,229,0,0,38,0.9605263157894737,0
98.00223,3,0,0,0.0,36.27538100045058,0.7428610006172676,36.30064099706942,0.15362318840579714,230,0,0,38,0.9654605263157895,0
98.03758,3,0,0,0.0,35.32245899987174,0.7160550012486055,35.3468490029627,0.15295815295815296,231,0,0,38,0.9703947368421053,0
98.07386,3,0,0,0.0,36.24510599911446,0.6943510015844367,36.27039500133833,0.1522988505747126,232,0,0,39,0.9503205128205128,0
98.11044,3,0,0,0.0,36.5531520001241,0.7189180032582954,36.57821899832925,0.15164520743919885,233,0,0,39,0.9551282051282052,0
98.14685,3,0,0,0.0,36.37586400145665,0.7374189990514424,36.40126100071939,0.15099715099715094,234,0,0,39,0.9599358974358975,0
98.18378,3,0,0,0.0,36.90572999767028,0.7393829982902389,36.931999999069376,0.150354609929078,235,0,0,39,0.9647435897435898,0
98.21997,3,0,0,0.0,36.15472000092268,0.7540609985881019,36.178811998979654,0.1497175141242938,236,0,0,39,0.969551282051282,0
98.25639,3,0,0,0.0,36.394555998413125,0.7321470002352726,36.41664499809849,0.14908579465541494,237,0,0,39,0.9743589743589743,0
98.29256,3,0,0,0.0,36.144978999800514,0.7133129984140396,36.16898000109359,0.14845938375350143,238,0,0,39,0.9791666666666666,0
98.32802,3,0,0,0.0,35.43591499692411,0.7067299993650522,35.460352002701256,0.14783821478382153,239,0,0,39,0.9839743589743589,0
98.36445,3,0,0,0.0,36.39836599904811,0.7350170017161872,36.422839999431744,0.14722222222222225,240,0,0,40,0.9640625,0
98.40072,3,0,0,0.0,36.23969599721022,0.7153439983085264,36.263516998587875,0.14661134163208855,241,0,0,40,0.96875,0
98.437,3,0,0,0.0,36.253709000448,0.7071250001899898,36.279277002904564,0.1460055096418733,242,0,0,41,0.9496951219512195,0
98.47351,3,0,0,0.0,36.46371000286308,0.7372930012934376,36.50054399986402,0.1454046639231824,243,0,0,41,0.9542682926829268,0
98.5097,3,0,0,0.0,36.16920900094556,0.7240560007630847,36.19264799999655,0.14480874316939896,244,0,0,41,0.9588414634146342,0
98.54592,3,0,0,0.0,36.188637001032475,0.7140179986890871,36.21223500158521,0.14421768707482996,245,0,0,41,0.9634146341463414,0
98.58226,3,0,0,0.0,36.309102000814164,0.7482949986297172,36.331642000732245,0.14363143631436315,246,0,0,41,0.9679878048780488,0
98.61776,3,0,0,0.0,35.47454300132813,0.7354340013989713,35.499436999089085,0.14304993252361675,247,0,0,41,0.9725609756097561,0
98.65426,3,0,0,0.0,36.470915998506825,0.7587740001326893,36.49912100081565,0.14247311827956988,248,0,0,42,0.9538690476190477,0
98.69068,3,0,0,0.0,36.38998799942783,0.8893150006770156,36.41280800002278,0.14190093708165996,249,0,0,42,0.9583333333333334,0
98.72741,3,0,0,0.0,36.69991100105108,0.7256770004460122,36.72454099796596,0.1413333333333333,250,0,0,42,0.9627976190476191,0
98.76387,3,0,0,0.0,36.427144001208944,0.7691210012126248,36.44980399985798,0.14077025232403717,251,0,0,42,0.9672619047619048,0
98.80019,3,0,0,0.0,36.292344997491455,0.7321199991565663,36.317304002295714,0.14021164021164023,252,0,0,42,0.9717261904761905,0
98.83634,3,0,0,0.0,36.128970998106524,0.7307399973797146,36.15409999838448,0.13965744400527014,253,0,0,42,0.9761904761904762,0
98.90702,4,1,141,33.31171000172617,37.31745099867112,0.8478519994241651,70.67210900277132,0.21555118110236215,254,0,0,51,0.9816176470588235,0
98.94391,4,0,0,0.0,36.849923999398015,0.85387600120157,36.887311998725636,0.2147058823529412,255,0,0,35,0.9803571428571428,0
98.98085,3,0,0,0.0,36.90535900022951,0.7915700007288251,36.9299090016284,0.2620967741935484,248,0,0,35,0.9857142857142858,0
99.01718,3,0,0,0.0,36.306188001617556,0.7285200008482207,36.33431099660811,0.26104417670682734,249,0,0,36,0.9635416666666666,0
99.05348,3,0,0,0.0,36.26108699972974,0.7166760005929973,36.28823399776593,0.26,250,0,0,37,0.9425675675675675,0
99.08981,3,0,0,0.0,36.28565499820979,0.7021979981800541,36.32398099944112,0.2589641434262948,251,0,0,37,0.9476351351351351,0
99.1262,3,0,0,0.0,36.36459900008049,0.7240239974635188,36.389154996868456,0.2579365079365079,252,0,0,37,0.9527027027027027,0
99.16274,3,0,0,0.0,36.51085100136697,0.7238489997689612,36.53248299815459,0.2569169960474308,253,0,0,37,0.9577702702702703,0
99.19936,3,0,0,0.0,36.59061999860569,0.7131679994927254,36.615224002161995,0.2559055118110236,254,0,0,37,0.9628378378378378,0
99.23481,3,0,0,0.0,35.42594800092047,0.7206669979495928,35.449184997560224,0.2549019607843137,255,0,0,37,0.9679054054054054,0
99.27142,3,0,0,0.0,36.575473997800145,0.7032729990896769,36.6020200017374,0.25390625,256,0,0,38,0.9473684210526315,0
99.30773,3,0,0,0.0,36.28095800013398,0.7278159973793663,36.3065519995871,0.2529182879377432,257,0,0,38,0.9523026315789473,0
99.34414,3,0,0,0.0,36.378969001816586,0.6940879975445569,36.4038330008043,0.25193798449612403,258,0,0,38,0.9572368421052632,0
99.38052,3,0,0,0.0,36.35372500139056,0.7186930015450343,36.3761969965708,0.250965250965251,259,0,0,38,0.962171052631579,0
99.45057,4,1,208,32.777756998257246,37.232921000395436,0.8731840025575366,70.05262799793854,0.23750000000000004,260,0,0,52,0.9579326923076923,0
99.48774,4,0,0,0.0,37.130584998521954,0.8366129986825399,37.163774999498855,0.23659003831417624,261,0,0,35,0.9625,0
99.52435,3,0,0,0.0,36.582759999873815,0.698847998137353,36.607685000490164,0.1444444444444445,210,0,0,35,0.9678571428571429,0
99.56075,3,0,0,0.0,36.36667400132865,0.6966459986870177,36.38937099822215,0.1437598736176935,211,0,0,35,0.9732142857142857,0
99.59725,3,0,0,0.0,36.46644399850629,0.6900939988554455,36.49802799918689,0.14308176100628933,212,0,0,24,0.9713541666666666,0
99.63333,2,0,0,0.0,36.04821399858338,0.6296339997788891,36.07417500097654,0.12441314553990612,213,0,0,25,0.9375,0
99.66986,2,0,0,0.0,36.49987600147142,0.6298549997154623,36.522389000310795,0.12383177570093462,214,0,0,25,0.9425,0
99.70513,2,0,0,0.0,35.2482880007301,0.6410739988496061,35.26969599988661,0.12325581395348839,215,0,0,25,0.9475,0
99.74168,2,0,0,0.0,36.52875499756192,0.627463999990141,36.55181700014509,0.12268518518518523,216,0,0,25,0.9525,0
99.77831,2,0,0,0.0,36.59453699947335,0.6333090022963006,36.617326997657074,0.12211981566820274,217,0,0,25,0.9575,0
99.81463,2,0,0,0.0,36.29562200148939,0.6313980011327658,36.31891400073073,0.12155963302752293,218,0,0,25,0.9625,0
99.85084,2,0,0,0.0,36.18171999914921,0.6318580017250497,36.20536200105562,0.12100456621004563,219,0,0,25,0.9675,0
99.88718,2,0,0,0.0,36.317838999821106,0.6357879974530078,36.34043200145243,0.12045454545454548,220,0,0,25,0.9725,0
99.92318,2,0,0,0.0,35.96149700024398,0.6364000000758097,35.991108998132404,0.11990950226244346,221,0,0,25,0.9775,0
99.95969,2,0,0,0.0,36.483866002527066,0.6381580024026334,36.50436899988563,0.11936936936936937,222,0,0,25,0.9825,0
99.99509,2,0,0,0.0,35.379262000788,0.6372339994413778,35.40186600002926,0.1188340807174888,223,0,0,25,0.9875,0
100.03146,2,0,0,0.0,36.33764800179051,0.6654969984083436,36.363751998578664,0.1183035714285714,224,0,0,26,0.9543269230769231,0
100.06796,2,0,0,0.0,36.46717000083299,0.6274430015764665,36.48904099827632,0.11777777777777776,225,0,0,26,0.9591346153846154,0
100.10406,2,0,0,0.0,36.07552600078634,0.6436479998228606,36.09959599998547,0.11725663716814161,226,0,0,26,0.9639423076923077,0
100.14074,2,0,0,0.0,36.657693002780434,0.6532430015795399,36.682345998997334,0.11674008810572689,227,0,0,26,0.96875,0
100.17732,2,0,0,0.0,36.549432999890996,0.6486849997600075,36.57125799873029,0.11622807017543857,228,0,0,26,0.9735576923076923,0
100.21386,2,0,0,0.0,36.51287700267858,0.6480080010078382,36.54517399991164,0.11572052401746724,229,0,0,27,0.9421296296296297,0
100.25038,2,0,0,0.0,36.47949700098252,0.6728340013069101,36.50557800210663,0.11521739130434783,230,0,0,27,0.9467592592592593,0
100.28631,2,0,0,0.0,35.90089499994065,0.663085997075541,35.9238910023123,0.11471861471861466,231,0,0,27,0.9513888888888888,0
100.32271,2,0,0,0.0,36.36872499919264,0.6599120024475269,36.39292200023192,0.11422413793103448,232,0,0,27,0.9560185185185185,0
100.35954,2,0,0,0.0,36.80350600188831,0.6538930028909817,36.826515999564435,0.11373390557939911,233,0,0,27,0.9606481481481481,0
100.39608,2,0,0,0.0,36.51547799745458,0.6874969985801727,36.53942600067239,0.11324786324786329,234,0,0,27,0.9652777777777778,0
100.43262,2,0,0,0.0,36.50916200058418,0.6725730017933529,36.53495400067186,0.1127659574468085,235,0,0,27,0.9699074074074074,0
100.46933,2,0,0,0.0,36.678442997072125,0.6606790011574049,36.70022300138953,0.11228813559322037,236,0,0,27,0.9745370370370371,0
100.50588,2,0,0,0.0,36.52138899997226,0.668455999402795,36.547715000779135,0.11181434599156115,237,0,0,27,0.9791666666666666,0
100.54242,2,0,0,0.0,36.51565399923129,0.6895119986438658,36.54037500018603,0.1113445378151261,238,0,0,27,0.9837962962962963,0
100.5783,2,0,0,0.0,35.850768003001576,0.6770309992134571,35.87349599911249,0.11087866108786615,239,0,0,27,0.9884259259259259,0
100.61497,2,0,0,0.0,36.63248300290434,0.674095001159003,36.66123599759885,0.11041666666666672,240,0,0,28,0.9575892857142857,0
100.65154,2,0,0,0.0,36.54737800025032,0.6788450009480584,36.573311997926794,0.10995850622406644,241,0,0,28,0.9620535714285714,0
100.68832,2,0,0,0.0,36.75102600027458,0.6712659996992443,36.77377199710463,0.10950413223140498,242,0,0,28,0.9665178571428571,0
100.72488,2,0,0,0.0,36.53117599969846,0.6696529999317136,36.55670700027258,0.10905349794238683,243,0,0,28,0.9709821428571429,0
100.7616,2,0,0,0.0,36.68555400145124,0.6931739990250207,36.70814400175004,0.10860655737704916,244,0,0,28,0.9754464285714286,0
100.79836,2,0,0,0.0,36.73069299838971,0.6767270024283789,36.7590370005928,0.10816326530612241,245,0,0,29,0.9461206896551724,0
100.83514,2,0,0,0.0,36.74956300164922,0.6927359972905833,36.775094999029534,0.1077235772357723,246,0,0,29,0.9504310344827587,0
100.87107,2,0,0,0.0,35.90306399928522,0.6707169995934237,35.92595900045126,0.10728744939271251,247,0,0,29,0.9547413793103449,0
100.94074,3,1,121,32.95800100022461,36.66733399950317,0.7365220008068718,69.66846399882343,0.24193548387096775,248,0,0,37,0.9577702702702703,0
100.97767,3,0,0,0.0,36.89155399843003,0.739906001399504,36.91445000004023,0.24096385542168675,249,0,0,37,0.9628378378378378,0
101.01426,3,0,0,0.0,36.56264500023099,0.7167599978856742,36.58810999695561,0.24,250,0,0,37,0.9679054054054054,0
101.05087,3,0,0,0.0,36.5832829993451,0.7307169980776962,36.60829799991916,0.23904382470119523,251,0,0,37,0.972972972972973,0
101.08741,3,0,0,0.0,36.51568699933705,0.7425430012517609,36.538878001010744,0.23809523809523814,252,0,0,37,0.9780405405405406,0
101.15806,4,1,256,33.09282200279995,37.50379799748771,0.8532539977750275,70.64120199720492,0.1845703125,256,0,0,54,0.9710648148148148,0
101.19571,4,0,0,0.0,37.618399001075886,0.8822720010357443,37.6433060009731,0.18385214007782102,257,0,0,54,0.9756944444444444,0
101.2332,4,0,0,0.0,37.45843000069726,0.8738760006963275,37.486791999981506,0.18313953488372092,258,0,0,55,0.9625,0
101.27058,4,0,0,0.0,37.349936999817146,0.8772099972702563,37.37596599967219,0.18243243243243246,259,0,0,56,0.9497767857142857,0
101.30798,4,0,0,0.0,37.37294800157542,0.8598989988968242,37.39894399768673,0.18173076923076925,260,0,0,56,0.9542410714285714,0
101.34525,4,0,0,0.0,37.23424800045905,0.8886030009307433,37.260432000039145,0.18103448275862066,261,0,0,56,0.9587053571428571,0
101.38278,4,0,0,0.0,37.50299700186588,0.907342997379601,37.52638600053615,0.18034351145038163,262,0,0,56,0.9631696428571429,0
101.41915,4,0,0,0.0,36.34746699754032,0.8864159972290508,36.377249998622574,0.1796577946768061,263,0,0,56,0.9676339285714286,0
101.45672,4,0,0,0.0,37.525386000197614,0.8868860022630543,37.5541700013855,0.1789772727272727,264,0,0,57,0.9550438596491229,0
101.49432,4,0,0,0.0,37.573897003312595,0.8996149990707636,37.59818799881032,0.17830188679245285,265,0,0,57,0.9594298245614035,0
101.53176,4,0,0,0.0,37.41268999874592,0.8951920026447624,37.438048002513824,0.17763157894736847,266,0,0,57,0.9638157894736842,0
101.5691,4,0,0,0.0,37.308508002752205,0.8880220011633355,37.33075299896882,0.1769662921348315,267,0,0,57,0.9682017543859649,0
101.60686,4,0,0,0.0,37.73251700113178,0.908144997083582,37.75856100037345,0.17630597014925375,268,0,0,57,0.9725877192982456,0
101.64408,4,0,0,0.0,37.18717599986121,0.8918130006350111,37.21429999859538,0.17565055762081783,269,0,0,57,0.9769736842105263,0
101.68169,4,0,0,0.0,37.56562100170413,0.9065699996426702,37.59876599724521,0.17500000000000004,270,0,0,40,0.9796875,0
101.71738,3,0,0,0.0,35.66944200065336,0.7319360011024401,35.69405999951414,0.22878228782287824,271,0,0,40,0.984375,0
101.75408,3,0,0,0.0,36.66555400195648,0.7223799984785728,36.69302099660854,0.2279411764705882,272,0,0,41,0.9649390243902439,0
101.79081,3,0,0,0.0,36.69713099952787,0.7674520020373166,36.72161799840978,0.22710622710622708,273,0,0,41,0.9695121951219512,0
101.82775,3,0,0,0.0,36.90858600020874,0.7530879993282724,36.937299999408424,0.22627737226277367,274,0,0,42,0.9508928571428571,0
101.86441,3,0,0,0.0,36.62732600059826,0.7561620004707947,36.64990399920498,0.22545454545454546,275,0,0,42,0.9553571428571429,0
101.90073,3,0,0,0.0,36.29883200119366,0.7440449990099296,36.32593899965286,0.2246376811594203,276,0,0,42,0.9598214285714286,0
101.93733,3,0,0,0.0,36.5636659989832,0.784294999903068,36.588347000360955,0.223826714801444,277,0,0,42,0.9642857142857143,0
101.97402,3,0,0,0.0,36.66060800242121,0.7394429994747043,36.688830998173216,0.2230215827338129,278,0,0,42,0.96875,0
102.00992,3,0,0,0.0,35.867704998963745,0.7539759972132742,35.89240400106064,0.2222222222222222,279,0,0,42,0.9732142857142857,0
102.04636,3,0,0,0.0,36.41404100198997,0.741548999940278,36.439913001231616,0.22142857142857142,280,0,0,43,0.9549418604651163,0
102.0831,3,0,0,0.0,36.7112210005871,0.7413319981424138,36.73408999748062,0.22064056939501775,281,0,0,43,0.9593023255813954,0
102.11948,3,0,0,0.0,36.35573499923339,0.755581000703387,36.39357599968207,0.21985815602836878,282,0,0,43,0.9636627906976745,0
102.15619,3,0,0,0.0,36.66532999704941,0.7242600004246924,36.69087000162108,0.21908127208480566,283,0,0,43,0.9680232558139535,0
102.19289,3,0,0,0.0,36.66603500096244,0.7542220009781886,36.6887999989558,0.21830985915492962,284,0,0,43,0.9723837209302325,0
102.2293,3,0,0,0.0,36.38433199739666,0.7469709998986218,36.409991000255104,0.21754385964912282,285,0,0,43,0.9767441860465116,0
102.26597,3,0,0,0.0,36.64030499930959,0.7581460013170727,36.66351600259077,0.21678321678321677,286,0,0,43,0.9811046511627907,0
102.30162,3,0,0,0.0,35.62142200098606,0.7573859984404407,35.646463999000844,0.21602787456445993,287,0,0,43,0.9854651162790697,0
102.33811,3,0,0,0.0,36.46179300267249,0.7405420001305174,36.487998000666266,0.2152777777777778,288,0,0,44,0.9673295454545454,0
102.37463,3,0,0,0.0,36.49050999956671,0.7667149984627031,36.51297199758119,0.2145328719723183,289,0,0,44,0.9715909090909091,0
102.41122,3,0,0,0.0,36.56277700065402,0.7432780003000516,36.591153002518695,0.21379310344827585,290,0,0,45,0.9541666666666667,0
102.4478,3,0,0,0.0,36.54773499874864,0.7728649979981128,36.57308499896317,0.21305841924398627,291,0,0,45,0.9583333333333334,0
102.48479,3,0,0,0.0,36.95993699875544,0.7945050019770861,36.98331699706614,0.21232876712328763,292,0,0,45,0.9625,0
102.52139,3,0,0,0.0,36.57379600190325,0.7760410007904284,36.59863700158894,0.21160409556313997,293,0,0,45,0.9666666666666667,0
102.55808,3,0,0,0.0,36.65932200237876,0.7852960006857757,36.68372800166253,0.2108843537414966,294,0,0,45,0.9708333333333333,0
102.5941,3,0,0,0.0,35.994026002299506,0.7939610004541464,36.01838100075838,0.21016949152542375,295,0,0,45,0.975,0
102.63062,3,0,0,0.0,36.48189800151158,0.7844419997127261,36.51653999986593,0.20945945945945943,296,0,0,30,0.9666666666666667,0
102.66688,2,0,0,0.0,36.22453299976769,0.6625019996135961,36.24729099828983,0.21885521885521886,297,0,0,30,0.9708333333333333,0
102.70326,2,0,0,0.0,36.35342599955038,0.6917350001458544,36.378428998432355,0.21812080536912748,298,0,0,30,0.975,0
102.73944,2,0,0,0.0,36.15545800130349,0.6725179991917685,36.17939299874706,0.21739130434782605,299,0,0,30,0.9791666666666666,0
102.77578,2,0,0,0.0,36.30865599916433,0.6554489991685841,36.33176400035154,0.21666666666666667,300,0,0,30,0.9833333333333333,0
102.81219,2,0,0,0.0,36.37717099991278,0.6615129968849942,36.40264899877366,0.21594684385382057,301,0,0,30,0.9875,0
102.84863,2,0,0,0.0,36.41775500000222,0.6774719986424316,36.443080000026384,0.2152317880794702,302,0,0,30,0.9916666666666667,0
102.88416,2,0,0,0.0,35.49797899904661,0.6731930006935727,35.526839001249755,0.21452145214521456,303,0,0,30,0.9958333333333333,0
102.92018,2,0,0,0.0,35.984042999189114,0.6690359987260308,36.00977400128613,0.21381578947368418,304,0,0,31,0.967741935483871,0
102.95642,2,0,0,0.0,36.211008999089245,0.657128999591805,36.23443399919779,0.21311475409836067,305,0,0,31,0.9717741935483871,0
102.99288,2,0,0,0.0,36.43625000040629,0.6739689997630194,36.45996200066293,0.2124183006535948,306,0,0,32,0.9453125,0
103.0291,2,0,0,0.0,36.18430300048203,0.6850220015621744,36.20751999915228,0.21172638436482083,307,0,0,32,0.94921875,0
103.06536,2,0,0,0.0,36.238008997315774,0.6787669990444556,36.26186499968753,0.21103896103896103,308,0,0,32,0.953125,0
103.10178,2,0,0,0.0,36.39621600086684,0.6669840004178695,36.41802999845822,0.21035598705501624,309,0,0,32,0.95703125,0
103.13804,2,0,0,0.0,36.22549400097341,0.6973020026634913,36.24810199835338,0.20967741935483875,310,0,0,32,0.9609375,0
103.17454,2,0,0,0.0,36.47954499683692,0.6769560022803489,36.50147300140816,0.20900321543408362,311,0,0,32,0.96484375,0
103.21134,2,0,0,0.0,36.77198700097506,0.691680997988442,36.795102001633495,0.20833333333333337,312,0,0,32,0.96875,0
103.2478,2,0,0,0.0,36.42704599769786,0.6741559991496615,36.44988800078863,0.207667731629393,313,0,0,32,0.97265625,0
103.28448,2,0,0,0.0,36.659965000580996,0.679549000778934,36.682686000858666,0.20700636942675155,314,0,0,32,0.9765625,0
103.32092,2,0,0,0.0,36.39740400103619,0.6532810002681799,36.419776999537135,0.2063492063492064,315,0,0,32,0.98046875,0
103.3576,2,0,0,0.0,36.65400200043223,0.6765869984519668,36.67792200212716,0.20569620253164556,316,0,0,32,0.984375,0
103.39439,2,0,0,0.0,36.76358400116442,0.677683998219436,36.78537099767709,0.20504731861198733,317,0,0,32,0.98828125,0
103.43104,2,0,0,0.0,36.62519299905398,0.6714340015605558,36.64827099782997,0.2044025157232704,318,0,0,32,0.9921875,0
103.46676,2,0,0,0.0,35.692536999704316,0.6692810020467732,35.71491699767648,0.20376175548589337,319,0,0,32,0.99609375,0
103.50345,2,0,0,0.0,36.65428900058032,0.6578280008397996,36.677221996797016,0.203125,320,0,0,33,0.9696969696969697,0
103.53998,2,0,0,0.0,36.51128899946343,0.6718990007357206,36.53446300086216,0.20249221183800625,321,0,0,33,0.9734848484848485,0
103.57675,2,0,0,0.0,36.73370400065323,0.6960690006962977,36.75846000260208,0.20186335403726707,322,0,0,34,0.9485294117647058,0
103.61349,2,0,0,0.0,36.71457399832434,0.6658359998255037,36.75307499725022,0.20123839009287925,323,0,0,34,0.9522058823529411,0
103.65004,2,0,0,0.0,36.51347299819463,0.6725490020471625,36.536052997689694,0.2006172839506173,324,0,0,34,0.9558823529411765,0
103.68661,2,0,0,0.0,36.54046500014374,0.6908719988132361,36.561003002134385,0.19999999999999996,325,0,0,34,0.9595588235294118,0
103.7231,2,0,0,0.0,36.47074299806263,0.6648180024058092,36.492066999926465,0.19938650306748462,326,0,0,34,0.9632352941176471,0
103.75876,2,0,0,0.0,35.632942999654915,0.6855090032331645,35.65481300029205,0.19877675840978593,327,0,0,34,0.9669117647058824,0
103.79544,2,0,0,0.0,36.626002001867164,0.6669780013908166,36.64802300045267,0.19817073170731703,328,0,0,34,0.9705882352941176,0
103.83204,2,0,0,0.0,36.57758400004241,0.6750759966962505,36.59958499702043,0.19756838905775076,329,0,0,34,0.9742647058823529,0
103.86886,2,0,0,0.0,36.78923400002532,0.686183000652818,36.813131999224424,0.19696969696969702,330,0,0,34,0.9779411764705882,0
103.90592,2,0,0,0.0,37.035613000625744,0.801414000306977,37.059622001834214,0.1963746223564955,331,0,0,34,0.9816176470588235,0
103.94257,2,0,0,0.0,36.61607899994124,0.694310998369474,36.63925499859033,0.19578313253012047,332,0,0,34,0.9852941176470589,0
103.97995,2,0,0,0.0,37.35947099994519,0.675702998705674,37.38087600140716,0.19519519519519524,333,0,0,34,0.9889705882352942,0
104.01652,2,0,0,0.0,36.544003000017256,0.6942790023458656,36.567111001204466,0.1946107784431138,334,0,0,34,0.9926470588235294,0
104.05231,2,0,0,0.0,35.75650199854863,0.6631409996771254,35.779002002527704,0.19402985074626866,335,0,0,34,0.9963235294117647,0
104.08905,2,0,0,0.0,36.71006099830265,0.6794140026613604,36.733815002662595,0.19345238095238093,336,0,0,35,0.9714285714285714,0
104.12582,2,0,0,0.0,36.746806999872206,0.6960610007809009,36.76881799765397,0.19287833827893175,337,0,0,35,0.975,0
104.16244,2,0,0,0.0,36.587697999493685,0.6972750015847851,36.61408499829122,0.1923076923076923,338,0,0,36,0.9513888888888888,0
104.19941,2,0,0,0.0,36.9459920002555,0.6914980003784876,36.96756400313461,0.19174041297935107,339,0,0,36,0.9548611111111112,0
104.23638,2,0,0,0.0,36.94079999695532,0.7077459995343816,36.96248899723287,0.19117647058823528,340,0,0,36,0.9583333333333334,0
104.27289,2,0,0,0.0,36.47957500288612,0.6848230004834477,36.509519999526674,0.19061583577712615,341,0,0,14,0.9464285714285714,0
104.30564,1,0,0,0.0,32.721971001592465,0.563405999855604,32.744559001002926,0.0,212,0,0,14,0.9508928571428571,0
104.33831,1,0,0,0.0,32.64846300226054,0.5769290000898764,32.67163700002129,0.0,213,0,0,14,0.9553571428571429,0
104.37114,1,0,0,0.0,32.80385700054467,0.5670799982908648,32.82493400183739,0.0,214,0,0,14,0.9598214285714286,0
104.44001,2,1,77,32.71237000080873,36.11071799969068,0.6192400032887235,68.86176199986949,0.32093023255813957,215,0,0,19,0.9671052631578947,0
104.47784,2,0,0,0.0,37.80373200061149,0.6234079992282204,37.82665499966242,0.3194444444444444,216,0,0,19,0.9736842105263158,0
104.51486,2,0,0,0.0,36.99439300180529,0.6630860007135198,37.01805199671071,0.3179723502304147,217,0,0,19,0.9802631578947368,0
104.55158,2,0,0,0.0,36.68843100240338,0.6296539977483917,36.716047001391416,0.3165137614678899,218,0,0,20,0.9375,0
104.58868,2,0,0,0.0,37.0690720010316,0.6119549980212469,37.091906000569,0.31506849315068497,219,0,0,20,0.94375,0
104.62551,2,0,0,0.0,36.775676999241114,0.6397760007530451,36.82241099886596,0.3136363636363636,220,0,0,6,0.8645833333333334,0
104.65842,1,0,0,0.0,32.88594799960265,0.5064479992142878,32.90727100102231,0.0,83,0,0,6,0.875,0
104.69104,1,0,0,0.0,32.59839499878581,0.5108450022817124,32.61797799859778,0.0,84,0,0,6,0.8854166666666666,0
104.72355,1,0,0,0.0,32.48376199917402,0.5243990017333999,32.5057480004034,0.0,85,0,0,6,0.8958333333333334,0
104.7559,1,0,0,0.0,32.31959999902756,0.49217800187761895,32.34041600080673,0.0,86,0,0,6,0.90625,0
104.78872,1,0,0,0.0,32.80005099804839,0.49890299851540476,32.820297998114256,0.0,87,0,0,6,0.9166666666666666,0
104.82129,1,0,0,0.0,32.54195800036541,0.5092129977128934,32.56272100043134,0.0,88,0,0,6,0.9270833333333334,0
104.85386,1,0,0,0.0,32.54705699873739,0.5358479975257069,32.56848700038972,0.0,89,0,0,6,0.9375,0
104.88684,1,0,0,0.0,32.951723002042854,0.5156170009286143,32.97282000130508,0.0,90,0,0,6,0.9479166666666666,0
104.91942,1,0,0,0.0,32.55211799842073,0.5327090002538171,32.572500000242144,0.0,91,0,0,6,0.9583333333333334,0
104.95178,1,0,0,0.0,32.34432200042647,0.5125239986227825,32.365922001190484,0.0,92,0,0,6,0.96875,0
104.98453,1,0,0,0.0,32.7140289991803,0.5152710000402294,32.73594300117111,0.0,93,0,0,6,0.9791666666666666,0
105.01692,1,0,0,0.0,32.36895800000639,0.514337996719405,32.392542001616675,0.0,94,0,0,6,0.9895833333333334,0
105.04939,1,0,0,0.0,32.44478000124218,0.5146190014784224,32.466071999806445,0.0,95,0,0,6,1.0,0
105.08183,1,0,0,0.0,32.41572600018117,0.5247480003163218,32.43718500016257,0.0,96,0,0,7,0.8660714285714286,0
105.11422,1,0,0,0.0,32.365551000111736,0.5033569977968,32.386669001425616,0.0,97,0,0,7,0.875,0
105.14661,1,0,0,0.0,32.34802799852332,0.5246619984973222,32.36850000030245,0.0,98,0,0,7,0.8839285714285714,0
105.17941,1,0,0,0.0,32.778767999843694,0.4897340004390571,32.79861500050174,0.0,99,0,0,7,0.8928571428571429,0
105.21172,1,0,0,0.0,32.28827199927764,0.5099670015624724,32.30850299951271,0.0,100,0,0,7,0.9017857142857143,0
105.24397,1,0,0,0.0,32.23028300271835,0.4974879993824288,32.24958500140929,0.0,101,0,0,7,0.9107142857142857,0
105.27647,1,0,0,0.0,32.470794998516794,0.531226000020979,32.489772002008976,0.0,102,0,0,7,0.9196428571428571,0
105.30883,1,0,0,0.0,32.333954997739056,0.5101290007587522,32.35678399869357,0.0,103,0,0,7,0.9285714285714286,0
105.34132,1,0,0,0.0,32.46736299843178,0.5174360012460966,32.488906999788014,0.0,104,0,0,7,0.9375,0
105.37383,1,0,0,0.0,32.484786002896726,0.5130630015628412,32.50524100076291,0.0,105,0,0,7,0.9464285714285714,0
105.40647,1,0,0,0.0,32.61234700039495,0.5196749989409,32.63450099984766,0.0,106,0,0,7,0.9553571428571429,0
105.4392,1,0,0,0.0,32.7060839990736,0.5319430019881111,32.730023998738034,0.0,107,0,0,7,0.9642857142857143,0
105.47188,1,0,0,0.0,32.64538399889716,0.5554509989451617,32.66925599746173,0.0,108,0,0,7,0.9732142857142857,0
105.50477,1,0,0,0.0,32.86681900135591,0.5324279991327785,32.891128001210745,0.0,109,0,0,7,0.9821428571428571,0
105.53743,1,0,0,0.0,32.63087100276607,0.5559370001719799,32.65383299731184,0.0,110,0,0,7,0.9910714285714286,0
105.56982,1,0,0,0.0,32.36705000017537,0.5385599979490507,32.388456998887705,0.0,111,0,0,7,1.0,0
105.60241,1,0,0,0.0,32.561273997998796,0.5233930023678113,32.58383099819184,0.0,112,0,0,8,0.8828125,0
105.63467,1,0,0,0.0,32.236491999356076,0.5316810020303819,32.25675400244654,0.0,113,0,0,8,0.890625,0
105.66746,1,0,0,0.0,32.76024899969343,0.5009329979657196,32.78412900181138,0.0,114,0,0,8,0.8984375,0
105.70034,1,0,0,0.0,32.85496199896443,0.5276470001263078,32.87699599968619,0.0,115,0,0,8,0.90625,0
105.73277,1,0,0,0.0,32.40551099952427,0.5373469975893386,32.427442998596234,0.0,116,0,0,8,0.9140625,0
105.76584,1,0,0,0.0,33.040334998077014,0.5131380021339282,33.063872000639094,0.0,117,0,0,8,0.921875,0
105.79863,1,0,0,0.0,32.76113099855138,0.553834001038922,32.78248299830011,0.0,118,0,0,8,0.9296875,0
105.83125,1,0,0,0.0,32.58593799910159,0.5397770000854507,32.61911300069187,0.0,119,0,0,8,0.9375,0
105.86408,1,0,0,0.0,32.80113300206722,0.5611500018858351,32.82563399989158,0.0,120,0,0,8,0.9453125,0
105.89689,1,0,0,0.0,32.77674399942043,0.5792199990537483,32.79848199963453,0.0,121,0,0,8,0.953125,0
105.92967,1,0,0,0.0,32.75409199704882,0.5266929983918089,32.77693800191628,0.0,122,0,0,8,0.9609375,0
105.96255,1,0,0,0.0,32.853038999746786,0.5175070000404958,32.87745099805761,0.0,123,0,0,8,0.96875,0
105.99533,1,0,0,0.0,32.75769199899514,0.5260369980533142,32.77992000221275,0.0,124,0,0,8,0.9765625,0
106.02788,1,0,0,0.0,32.5194270008069,0.561115000891732,32.541791999392444,0.0,125,0,0,8,0.984375,0
106.06065,1,0,0,0.0,32.73904999878141,0.5369680002331734,32.76336500130128,0.0,126,0,0,8,0.9921875,0
106.09369,1,0,0,0.0,33.01815599843394,0.5494190008903388,33.039547997759655,0.0,127,0,0,8,1.0,0
106.12657,1,0,0,0.0,32.849163999344455,0.5416050007625017,32.875032997253584,0.0,128,0,0,9,0.8958333333333334,0
106.15977,1,0,0,0.0,33.17730599883362,0.546097999176709,33.200136000232305,0.0,129,0,0,9,0.9027777777777778,0
106.19317,1,0,0,0.0,33.36716999911005,0.5606429986073636,33.387939001841005,0.0,130,0,0,9,0.9097222222222222,0
106.22601,1,0,0,0.0,32.81124400018598,0.5648099977406673,32.83267200094997,0.0,131,0,0,9,0.9166666666666666,0
106.25885,1,0,0,0.0,32.81355899889604,0.5572090012719855,32.837527000083355,0.0,132,0,0,9,0.9236111111111112,0
106.29194,1,0,0,0.0,33.06968199831317,0.5684839998139068,33.09053499833681,0.0,133,0,0,9,0.9305555555555556,0
106.32477,1,0,0,0.0,32.807020001200726,0.567638999200426,32.828118000907125,0.0,134,0,0,9,0.9375,0
106.35763,1,0,0,0.0,32.825351001520175,0.544149999768706,32.84719600196695,0.0,135,0,0,9,0.9444444444444444,0
106.39055,1,0,0,0.0,32.90244299932965,0.5205839988775551,32.92267799770343,0.0,136,0,0,9,0.9513888888888888,0
106.42348,1,0,0,0.0,32.89704299822915,0.5449290001706686,32.919646000664216,0.0,137,0,0,9,0.9583333333333334,0
106.45633,1,0,0,0.0,32.82540399959544,0.5277210002532229,32.84812700076145,0.0,138,0,0,9,0.9652777777777778,0
106.48928,1,0,0,0.0,32.926779000263195,0.5459599997266196,32.94718899996951,0.0,139,0,0,9,0.9722222222222222,0
106.52183,1,0,0,0.0,32.52186500321841,0.5446520008263178,32.542485001613386,0.0,140,0,0,9,0.9791666666666666,0
106.55462,1,0,0,0.0,32.76941800140776,0.5298770010995213,32.79150199887226,0.0,141,0,0,9,0.9861111111111112,0
106.58781,1,0,0,0.0,33.16401400297764,0.5382570016081445,33.18429199862294,0.0,142,0,0,9,0.9930555555555556,0
106.62102,1,0,0,0.0,33.18586200111895,0.5526089989871252,33.2092479984567,0.0,143,0,0,9,1.0,0
106.65399,1,0,0,0.0,32.9327170002216,0.5805360015074257,32.95849699861719,0.0,144,0,0,10,0.90625,0
106.68727,1,0,0,0.0,33.260644999245415,0.5726970011892263,33.28158300064388,0.0,145,0,0,10,0.9125,0
106.72019,1,0,0,0.0,32.8912049990322,0.5658329973812215,32.91459499814664,0.0,146,0,0,10,0.91875,0
106.75308,1,0,0,0.0,32.859093000297435,0.5622549979307223,32.88321899890434,0.0,147,0,0,10,0.925,0
106.78646,1,0,0,0.0,33.353275000990834,0.5709159995603841,33.37484300209326,0.0,148,0,0,10,0.93125,0
106.81953,1,0,0,0.0,33.04601600029855,0.5536770004255231,33.0703209983767,0.0,149,0,0,10,0.9375,0
106.85261,1,0,0,0.0,33.05481000279542,0.5367379999370314,33.07795799992164,0.0,150,0,0,10,0.94375,0
106.8858,1,0,0,0.0,33.15930199823924,0.5424880000646226,33.180774000356905,0.0,151,0,0,10,0.95,0
106.91882,1,0,0,0.0,32.993363001878606,0.5565910032601096,33.017143003235105,0.0,152,0,0,10,0.95625,0
106.95206,1,0,0,0.0,33.20835900012753,0.5693739985872526,33.231174002139596,0.0,153,0,0,10,0.9625,0
106.98507,1,0,0,0.0,32.98928599906503,0.5759530031355098,33.01045600164798,0.0,154,0,0,10,0.96875,0
107.01792,1,0,0,0.0,32.818990999658126,0.5624120021821,32.84277199782082,0.0,155,0,0,10,0.975,0
107.05097,1,0,0,0.0,33.02042100040126,0.5785989997093566,33.044091000192566,0.0,156,0,0,10,0.98125,0
107.08405,1,0,0,0.0,33.05601600004593,0.5694040009984747,33.07622400097898,0.0,157,0,0,10,0.9875,0
107.1169,1,0,0,0.0,32.82779599976493,0.5623530014418066,32.851741001650225,0.0,158,0,0,10,0.99375,0
107.15011,1,0,0,0.0,33.178737001435366,0.5780710016551893,33.201939000718994,0.0,159,0,0,10,1.0,0
107.18328,1,0,0,0.0,33.14376100024674,0.5780530009360518,33.1677940012014,0.0,160,0,0,11,0.9147727272727273,0
107.21624,1,0,0,0.0,32.928492000792176,0.5596829978458118,32.9600240002037,0.0,161,0,0,11,0.9204545454545454,0
107.24905,1,0,0,0.0,32.77821400115499,0.5782860025647096,32.799968001199886,0.0,162,0,0,11,0.9261363636363636,0
107.28195,1,0,0,0.0,32.87016499962192,0.5631339990941342,32.89112700076657,0.0,163,0,0,11,0.9318181818181818,0
107.31502,1,0,0,0.0,33.043747000192525,0.5749809970438946,33.06717200030107,0.0,164,0,0,11,0.9375,0
107.34783,1,0,0,0.0,32.78318899901933,0.596467998548178,32.805660001031356,0.0,165,0,0,11,0.9431818181818182,0
107.38093,1,0,0,0.0,33.08037000169861,0.541974000952905,33.10151099867653,0.0,166,0,0,11,0.9488636363636364,0
107.41413,1,0,0,0.0,33.17618599976413,0.570152002183022,33.20002000327804,0.0,167,0,0,11,0.9545454545454546,0
107.44773,1,0,0,0.0,33.56234099919675,0.6083570006012451,33.58626599947456,0.0,168,0,0,11,0.9602272727272727,0
107.48136,1,0,0,0.0,33.60817000066163,0.5877650000911672,33.63224899658235,0.0,169,0,0,11,0.9659090909090909,0
107.51502,1,0,0,0.0,33.62917699996615,0.5852719987160526,33.65328400104772,0.0,170,0,0,11,0.9715909090909091,0
107.54841,1,0,0,0.0,33.35902400067425,0.5862350008101203,33.384211998054525,0.0,171,0,0,11,0.9772727272727273,0
107.58184,1,0,0,0.0,33.4034760016948,0.5692380000255071,33.425651003199164,0.0,172,0,0,11,0.9829545454545454,0
107.61493,1,0,0,0.0,33.05814100167481,0.5724450020352378,33.08153299803962,0.0,173,0,0,11,0.9886363636363636,0
107.6479,1,0,0,0.0,32.94825199918705,0.574770998355234,32.97163200113573,0.0,174,0,0,11,0.9943181818181818,0
107.68114,1,0,0,0.0,33.21172299911268,0.5779879975307267,33.233506001124624,0.0,175,0,0,11,1.0,0
107.71417,1,0,0,0.0,33.00101700006053,0.6166780003695749,33.025597000232665,0.0,176,0,0,12,0.921875,0
107.74716,1,0,0,0.0,32.96673500153702,0.5862360012542922,32.99068699925556,0.0,177,0,0,12,0.9270833333333334,0
107.78055,1,0,0,0.0,33.35065799910808,0.5859320008312352,33.379297998180846,0.0,178,0,0,12,0.9322916666666666,0
107.81374,1,0,0,0.0,33.161240000481484,0.558836996788159,33.18458300054772,0.0,179,0,0,12,0.9375,0
107.84694,1,0,0,0.0,33.174008000059985,0.5645820019708481,33.198450997588225,0.0,180,0,0,12,0.9427083333333334,0
107.88012,1,0,0,0.0,33.15564500007895,0.5850760026078206,33.17933600192191,0.0,181,0,0,12,0.9479166666666666,0
107.91362,1,0,0,0.0,33.47467300045537,0.7202080014394596,33.49808799976017,0.0,182,0,0,12,0.953125,0
107.94681,1,0,0,0.0,33.162007999635534,0.5587580017163418,33.18458000285318,0.0,183,0,0,12,0.9583333333333334,0
107.98019,1,0,0,0.0,33.35152699946775,0.5783080014225561,33.37589700095123,0.0,184,0,0,12,0.9635416666666666,0
108.01338,1,0,0,0.0,33.16105499834521,0.6412379989342298,33.185001000674674,0.0,185,0,0,12,0.96875,0
108.04618,1,0,0,0.0,32.76786499918671,0.5662229996232782,32.7983850002056,0.0,186,0,0,0,0.0,0
108.98578,1,1,175,34.169491002103314,33.576198999071494,0.5724200018448755,67.80064100166783,0.0,175,0,0,11,1.0,0
109.01922,1,0,0,0.0,33.41499499947531,0.5728919968532864,33.44204299719422,0.0,176,0,0,12,0.921875,0
109.05232,1,0,0,0.0,33.06438000072376,0.5857309988641646,33.08766899863258,0.0,177,0,0,12,0.9270833333333334,0
109.08563,1,0,0,0.0,33.27666499899351,0.5567670013988391,33.29842599850963,0.0,178,0,0,12,0.9322916666666666,0
109.11876,1,0,0,0.0,33.110806998593034,0.558102001377847,33.134206001705024,0.0,179,0,0,12,0.9375,0
109.15211,1,0,0,0.0,33.316716999252094,0.5628990002151113,33.33911099980469,0.0,180,0,0,12,0.9427083333333334,0
109.18566,1,0,0,0.0,33.52419100338011,0.5919510003877804,33.54497299733339,0.0,181,0,0,12,0.9479166666666666,0
109.21949,1,0,0,0.0,33.80394499981776,0.539534001291031,33.84820299834246,0.0,182,0,0,12,0.953125,0
109.25401,1,0,0,0.0,34.46575899943127,0.5922519994783215,34.490665999328485,0.0,183,0,0,12,0.9583333333333334,0
109.28925,1,0,0,0.0,35.20955900239642,0.6230009967111982,35.23857999971369,0.0,184,0,0,12,0.9635416666666666,0
109.32332,1,0,0,0.0,34.04086899899994,0.6121010010247119,34.06340500077931,0.0,185,0,0,12,0.96875,0
109.35657,1,0,0,0.0,33.22881500207586,0.5938520007475745,33.2519580006192,0.0,186,0,0,12,0.9739583333333334,0
109.38996,1,0,0,0.0,33.360961999278516,0.5450060016300995,33.382618999894476,0.0,187,0,0,12,0.9791666666666666,0
109.42293,1,0,0,0.0,32.94209100204171,0.5873469999642111,32.96356700229808,0.0,188,0,0,12,0.984375,0
109.45606,1,0,0,0.0,33.09753599751275,0.5758330007665791,33.12147500037099,0.0,189,0,0,12,0.9895833333333334,0
109.48936,1,0,0,0.0,33.28015900115133,0.5900030009797774,33.30105499844649,0.0,190,0,0,12,0.9947916666666666,0
109.52243,1,0,0,0.0,33.046422999177594,0.5716849991586059,33.06926000004751,0.0,191,0,0,12,1.0,0
109.55552,1,0,0,0.0,33.05759000068065,0.57289899996249,33.08282099897042,0.0,192,0,0,13,0.9278846153846154,0
109.58914,1,0,0,0.0,33.58651800226653,0.5571929978032131,33.6072910031362,0.0,193,0,0,13,0.9326923076923077,0
109.62239,1,0,0,0.0,33.224025999516016,0.5924509969190694,33.24816500025918,0.0,194,0,0,13,0.9375,0
109.65549,1,0,0,0.0,33.07816899905447,0.5854919982084539,33.114280999143375,0.0,195,0,0,13,0.9423076923076923,0
109.68857,1,0,0,0.0,33.04237900010776,0.5570690009335522,33.062345999496756,0.0,196,0,0,13,0.9471153846153846,0
109.72189,1,0,0,0.0,33.28828799931216,0.5604409998340998,33.31263699874398,0.0,197,0,0,13,0.9519230769230769,0
109.75487,1,0,0,0.0,32.95907000210718,0.5889390013180673,32.98160900158109,0.0,198,0,0,13,0.9567307692307693,0
109.78821,1,0,0,0.0,33.311983999738004,0.5610589978459757,33.33213000223623,0.0,199,0,0,13,0.9615384615384616,0
109.82128,1,0,0,0.0,33.03839000000153,0.5940579976595473,33.06126399911591,0.0,200,0,0,13,0.9663461538461539,0
109.85436,1,0,0,0.0,33.05082600127207,0.5689990030077752,33.07539299930795,0.0,201,0,0,13,0.9711538461538461,0
109.88789,1,0,0,0.0,33.50756900181295,0.5968730001768563,33.52911399997538,0.0,202,0,0,13,0.9759615384615384,0
109.92062,1,0,0,0.0,32.703428998502204,0.5624100012937561,32.725782999477815,0.0,203,0,0,13,0.9807692307692307,0
109.95393,1,0,0,0.0,33.28322499874048,0.5489899995154701,33.30694000032963,0.0,204,0,0,13,0.9855769230769231,0
109.98716,1,0,0,0.0,33.203681003215024,0.6054490004316904,33.224808001250494,0.0,205,0,0,13,0.9903846153846154,0
110.02033,1,0,0,0.0,33.14353300083894,0.5888410014449619,33.167229001264786,0.0,206,0,0,13,0.9951923076923077,0
110.05352,1,0,0,0.0,33.1612789996143,0.6095019998610951,33.18991400010418,0.0,207,0,0,13,1.0,0
110.12427,2,1,198,33.953357000427786,36.73033000086434,0.6315710015769582,70.73940400005085,0.024038461538461564,208,0,0,27,0.9444444444444444,0
110.16206,2,0,0,0.0,37.754480999865336,0.6695439988106955,37.78012499969918,0.02392344497607657,209,0,0,27,0.9490740740740741,0
110.19957,2,0,0,0.0,37.48367800289998,0.6953829979465809,37.50677100106259,0.023809523809523836,210,0,0,27,0.9537037037037037,0
110.23618,2,0,0,0.0,36.585230998753104,0.6448220010497607,36.609913000575034,0.023696682464455,211,0,0,27,0.9583333333333334,0
110.27276,2,0,0,0.0,36.54689299946767,0.6952170006115921,36.56983600012609,0.02358490566037741,212,0,0,27,0.9629629629629629,0
110.3094,2,0,0,0.0,36.6111240000464,0.6520210008602589,36.632270999689354,0.023474178403755874,213,0,0,27,0.9675925925925926,0
110.34599,2,0,0,0.0,36.56710199720692,0.6476999988080934,36.58936599822482,0.02336448598130836,214,0,0,27,0.9722222222222222,0
110.38179,2,0,0,0.0,35.77558699907968,0.6509249978989828,35.79794700272032,0.023255813953488413,215,0,0,27,0.9768518518518519,0
110.41863,2,0,0,0.0,36.81395600142423,0.6397750003088731,36.83673400155385,0.02314814814814814,216,0,0,27,0.9814814814814815,0
110.45522,2,0,0,0.0,36.558316998707596,0.666930998704629,36.58097299921792,0.02304147465437789,217,0,0,27,0.9861111111111112,0
110.49195,2,0,0,0.0,36.700664000818506,0.6545199976244476,36.724915997183416,0.022935779816513735,218,0,0,28,0.9553571428571429,0
110.52848,2,0,0,0.0,36.500769998383475,0.6630400021094829,36.52402900115703,0.022831050228310557,219,0,0,28,0.9598214285714286,0
110.56541,2,0,0,0.0,36.89171500082011,0.6704879997414537,36.92914900238975,0.022727272727272707,220,0,0,28,0.9642857142857143,0
110.60219,2,0,0,0.0,36.75332700004219,0.6592249992536381,36.77608500220231,0.022624434389140302,221,0,0,28,0.96875,0
110.63908,2,0,0,0.0,36.86590999859618,0.6665399996563792,36.88982499807025,0.022522522522522515,222,0,0,28,0.9732142857142857,0
110.67476,2,0,0,0.0,35.644063998915954,0.6798040012654383,35.668490003445186,0.022421524663677084,223,0,0,28,0.9776785714285714,0
110.71183,2,0,0,0.0,37.04069400191656,0.6567029995494522,37.06655200221576,0.022321428571428603,224,0,0,29,0.9482758620689655,0
110.74847,2,0,0,0.0,36.60988300180179,0.7126939999579918,36.63357199911843,0.022222222222222254,225,0,0,29,0.9525862068965517,0
110.78508,2,0,0,0.0,36.57952399953501,0.6511529973067809,36.60527900137822,0.02212389380530977,226,0,0,29,0.9568965517241379,0
110.82196,2,0,0,0.0,36.85715100073139,0.6932050018804148,36.87944700141088,0.022026431718061623,227,0,0,29,0.9612068965517241,0
110.85901,2,0,0,0.0,37.019399998825975,0.6747810002707411,37.05940399959218,0.021929824561403466,228,0,0,29,0.9655172413793104,0
110.89592,2,0,0,0.0,36.86406400083797,0.7034779991954565,36.887191999994684,0.02183406113537123,229,0,0,29,0.9698275862068966,0
110.93243,2,0,0,0.0,36.4873689977685,0.6750540014763828,36.52143300132593,0.021739130434782594,230,0,0,29,0.9741379310344828,0
110.96805,2,0,0,0.0,35.5769939997117,0.6818080000812188,35.60217999984161,0.02164502164502169,231,0,0,29,0.978448275862069,0
111.00461,2,0,0,0.0,36.529746001178864,0.6846319993201178,36.55312699993374,0.02155172413793105,232,0,0,29,0.9827586206896551,0
111.04125,2,0,0,0.0,36.61766499863006,0.6679349971818738,36.64294299960602,0.02145922746781115,233,0,0,29,0.9870689655172413,0
111.07809,2,0,0,0.0,36.80584500034456,0.7033210022200365,36.83305400045356,0.021367521367521403,234,0,0,30,0.9583333333333334,0
111.11471,2,0,0,0.0,36.590718998922966,0.6874769969726913,36.61440600262722,0.021276595744680882,235,0,0,30,0.9625,0
111.15111,2,0,0,0.0,36.37322099893936,0.653924002108397,36.39541700249538,0.021186440677966156,236,0,0,30,0.9666666666666667,0
111.18821,2,0,0,0.0,37.065915999846766,0.6938939986866899,37.09094900113996,0.021097046413502074,237,0,0,30,0.9708333333333333,0
111.22625,2,0,0,0.0,38.01195000050939,0.7128129982447717,38.03767899808008,0.021008403361344574,238,0,0,30,0.975,0
111.26227,2,0,0,0.0,35.99298799963435,0.7318370007851627,36.018024999066256,0.02092050209205021,239,0,0,30,0.9791666666666666,0
111.29934,2,0,0,0.0,37.032158998044906,0.6946439971216023,37.05744800026878,0.02083333333333337,240,0,0,31,0.9516129032258065,0
111.33576,2,0,0,0.0,36.39609099991503,0.6965779975871556,36.42008600218105,0.020746887966805017,241,0,0,31,0.9556451612903226,0
111.37201,2,0,0,0.0,36.22602799805463,0.6665430009888951,36.24893899905146,0.02066115702479343,242,0,0,31,0.9596774193548387,0
111.40866,2,0,0,0.0,36.6210959982709,0.6818560032115784,36.64574499998707,0.020576131687242816,243,0,0,31,0.9637096774193549,0
111.44538,2,0,0,0.0,36.685712999315,0.6637060032517184,36.7096349982603,0.020491803278688492,244,0,0,31,0.967741935483871,0
111.48183,2,0,0,0.0,36.422725999727845,0.6719270022585988,36.44631099814433,0.020408163265306145,245,0,0,31,0.9717741935483871,0
111.51925,2,0,0,0.0,37.39766999933636,0.7023380021564662,37.42135100037558,0.020325203252032575,246,0,0,31,0.9758064516129032,0
111.55516,2,0,0,0.0,35.872108997864416,0.6926059977558907,35.898164998798165,0.020242914979757054,247,0,0,31,0.9798387096774194,0
111.59179,2,0,0,0.0,36.59989700099686,0.696058999892557,36.622210001951316,0.020161290322580627,248,0,0,31,0.9838709677419355,0
111.62814,2,0,0,0.0,36.32822899817256,0.6902089990035165,36.351427999761654,0.02008032128514059,249,0,0,31,0.9879032258064516,0
111.66445,2,0,0,0.0,36.26958500171895,0.6745710015820805,36.30341600000975,0.020000000000000018,250,0,0,32,0.9609375,0
111.70081,2,0,0,0.0,36.329022001154954,0.6839790003141388,36.350296999444254,0.019920318725099584,251,0,0,32,0.96484375,0
111.73723,2,0,0,0.0,36.397749001480406,0.6479210023826454,36.42157400099677,0.019841269841269882,252,0,0,32,0.96875,0
111.77377,2,0,0,0.0,36.51657899899874,0.685194998368388,36.540475997753674,0.01976284584980237,253,0,0,32,0.97265625,0
111.81041,2,0,0,0.0,36.609646002034424,0.6722719990648329,36.63228400182561,0.019685039370078705,254,0,0,32,0.9765625,0
111.84601,2,0,0,0.0,35.57542599810404,0.6747939987690188,35.59827400022186,0.019607843137254943,255,0,0,32,0.98046875,0
111.88284,2,0,0,0.0,36.79974799888441,0.685958999383729,36.82911400028388,0.01953125,256,0,0,33,0.9545454545454546,0
111.9193,2,0,0,0.0,36.421614000573754,0.7162279980548192,36.442683998757275,0.01945525291828798,257,0,0,33,0.9583333333333334,0
111.95517,2,0,0,0.0,35.850132000632584,0.6699299992760643,35.87473700099508,0.019379844961240345,258,0,0,33,0.9621212121212122,0
111.99138,2,0,0,0.0,36.177553000015905,0.6801039999118075,36.20138199767098,0.019305019305019266,259,0,0,33,0.9659090909090909,0
112.02757,2,0,0,0.0,36.16726899781497,0.7384849996014964,36.18984699642169,0.019230769230769273,260,0,0,33,0.9696969696969697,0
112.06387,2,0,0,0.0,36.26909399827127,0.6740009994246066,36.293567001848714,0.019157088122605415,261,0,0,33,0.9734848484848485,0
112.10024,2,0,0,0.0,36.344337000628,0.6950440001673996,36.36702400035574,0.01908396946564883,262,0,0,33,0.9772727272727273,0
112.13561,2,0,0,0.0,35.33922499991604,0.6778649985790253,35.363650997169316,0.019011406844106515,263,0,0,33,0.9810606060606061,0
112.17182,2,0,0,0.0,36.186061002808856,0.6678819991066121,36.209782996593276,0.018939393939393923,264,0,0,33,0.9848484848484849,0
112.2082,2,0,0,0.0,36.351538001326844,0.6988210006966256,36.373907001689076,0.018867924528301883,265,0,0,33,0.9886363636363636,0
112.24413,2,0,0,0.0,35.899844999221386,0.6808340003772173,35.92557500087423,0.018796992481203034,266,0,0,34,0.9632352941176471,0
112.28022,2,0,0,0.0,36.06509499877575,0.6629490017076023,36.08834499755176,0.01872659176029967,267,0,0,34,0.9669117647058824,0
112.31761,2,0,0,0.0,37.3602559993742,0.6834640007582493,37.383258997579105,0.018656716417910446,268,0,0,34,0.9705882352941176,0
112.35364,2,0,0,0.0,36.001028998725815,0.6707350003125612,36.026425997988554,0.018587360594795488,269,0,0,34,0.9742647058823529,0
112.38976,2,0,0,0.0,36.09369399782736,0.6958630001463462,36.1176959995646,0.01851851851851849,270,0,0,34,0.9779411764705882,0
112.42502,2,0,0,0.0,35.22856799827423,0.6566730007762089,35.25128299952485,0.01845018450184499,271,0,0,34,0.9816176470588235,0
112.46111,2,0,0,0.0,36.058066001714906,0.7053650006128009,36.084893999941414,0.018382352941176516,272,0,0,35,0.9571428571428572,0
112.49731,2,0,0,0.0,36.175338998873485,0.683743000990944,36.19807699942612,0.01831501831501836,273,0,0,35,0.9607142857142857,0
112.53345,2,0,0,0.0,36.10635899894987,0.6988729983277153,36.12947500005248,0.018248175182481785,274,0,0,35,0.9642857142857143,0
112.56946,2,0,0,0.0,35.984739999548765,0.7027440005913377,36.008491999382386,0.018181818181818188,275,0,0,35,0.9678571428571429,0
112.60609,2,0,0,0.0,36.60586200203397,0.6817009998485446,36.629379999794764,0.018115942028985477,276,0,0,35,0.9714285714285714,0
112.64221,2,0,0,0.0,36.08695500224712,0.7186860020738095,36.11092799837934,0.018050541516245522,277,0,0,35,0.975,0
112.67828,2,0,0,0.0,36.04835300211562,0.6708939981763251,36.07213500072248,0.017985611510791366,278,0,0,35,0.9785714285714285,0
112.71368,2,0,0,0.0,35.3714939992642,0.6815570013714023,35.39485000146669,0.017921146953404965,279,0,0,35,0.9821428571428571,0
112.74972,2,0,0,0.0,36.01473099843133,0.6799539987696335,36.03742199993576,0.017857142857142905,280,0,0,35,0.9857142857142858,0
112.78583,2,0,0,0.0,36.07244000158971,0.6835410022176802,36.096974999964004,0.017793594306049876,281,0,0,35,0.9892857142857143,0
112.82215,2,0,0,0.0,36.29047799768159,0.6970180002099369,36.324838001746684,0.01773049645390068,282,0,0,36,0.9652777777777778,0
112.85857,2,0,0,0.0,36.38581300037913,0.6934869998076465,36.41012600201066,0.017667844522968212,283,0,0,36,0.96875,0
112.89544,2,0,0,0.0,36.83006899882457,0.7225250010378659,36.85964100077399,0.017605633802816878,284,0,0,18,0.9548611111111112,0
112.92844,1,0,0,0.0,32.97726300297654,0.5912250016990583,32.99889800109668,0.0,275,0,0,18,0.9583333333333334,0
112.96148,1,0,0,0.0,33.01025000109803,0.5985409989079926,33.03385000253911,0.0,276,0,0,18,0.9618055555555556,0
112.99441,1,0,0,0.0,32.88923500076635,0.5805880027764942,32.92841599977692,0.0,277,0,0,18,0.9652777777777778,0
113.02748,1,0,0,0.0,33.04177499740035,0.6167789979372174,33.06237099968712,0.0,278,0,0,18,0.96875,0
113.06035,1,0,0,0.0,32.834082001500065,0.5774070014012977,32.87020500283688,0.0,279,0,0,18,0.9722222222222222,0
113.09366,1,0,0,0.0,33.28745200269623,0.6086730027163867,33.31094099848997,0.0,280,0,0,18,0.9756944444444444,0
113.12621,1,0,0,0.0,32.521787001314806,0.6023329988238402,32.5438319996465,0.0,281,0,0,18,0.9791666666666666,0
113.15866,1,0,0,0.0,32.422723998024594,0.5833309987792745,32.443198000692064,0.0,282,0,0,18,0.9826388888888888,0
113.19131,1,0,0,0.0,32.62641900073504,0.6133959977887571,32.64822699929937,0.0,283,0,0,18,0.9861111111111112,0
113.22395,1,0,0,0.0,32.6068039976235,0.5876760005776305,32.63360400160309,0.0,284,0,0,18,0.9895833333333334,0
113.25658,1,0,0,0.0,32.59988400168368,0.6134459981694818,32.62170900052297,0.0,285,0,0,18,0.9930555555555556,0
113.28888,1,0,0,0.0,32.27795299972058,0.5878099982510321,32.30030700069619,0.0,286,0,0,18,0.9965277777777778,0
113.32165,1,0,0,0.0,32.745598000474274,0.6070119998184964,32.768205001048045,0.0,287,0,0,18,1.0,0
113.35407,1,0,0,0.0,32.390852000389714,0.5898710005567409,32.413884000561666,0.0,288,0,0,19,0.9506578947368421,0
113.38663,1,0,0,0.0,32.53479600243736,0.59204599892837,32.55665300093824,0.0,289,0,0,19,0.9539473684210527,0
113.41918,1,0,0,0.0,32.51847799765528,0.5874440030311234,32.538773000851506,0.0,290,0,0,19,0.9572368421052632,0
113.45149,1,0,0,0.0,32.28394400139223,0.5770610005129129,32.32005300014862,0.0,291,0,0,19,0.9605263157894737,0
113.48397,1,0,0,0.0,32.437090998428175,0.576825001189718,32.463260999065824,0.0,292,0,0,19,0.9638157894736842,0
113.51634,1,0,0,0.0,32.34886199788889,0.5999099994369317,32.368154999858234,0.0,293,0,0,19,0.9671052631578947,0
113.54877,1,0,0,0.0,32.37839299981715,0.5771049982286058,32.400395000877324,0.0,294,0,0,19,0.9703947368421053,0
113.58107,1,0,0,0.0,32.2748109974782,0.5921260017203167,32.29591199851711,0.0,295,0,0,19,0.9736842105263158,0
113.6136,1,0,0,0.0,32.50206099983188,0.5890089996682946,32.52259900182253,0.0,296,0,0,19,0.9769736842105263,0
113.64583,1,0,0,0.0,32.20616299950052,0.5988939992676023,32.22638700026437,0.0,297,0,0,19,0.9802631578947368,0
113.67811,1,0,0,0.0,32.250042000669055,0.5729989970859606,32.271298001433024,0.0,298,0,0,19,0.9835526315789473,0
113.71065,1,0,0,0.0,32.507705996977165,0.6224169992492534,32.53600900279707,0.0,299,0,0,0,0.0,0
116.41744,1,1,154,36.19026199885411,33.57367400167277,0.5604609978036024,69.81838100182358,0.0,154,0,0,10,0.96875,0
116.4506,1,0,0,0.0,33.12874399853172,0.5645179990096949,33.150076000310946,0.0,155,0,0,10,0.975,0
116.48378,1,0,0,0.0,33.15124999789987,0.5274950017337687,33.174476000567665,0.0,156,0,0,10,0.98125,0
116.51719,1,0,0,0.0,33.38332400016952,0.5725159971916582,33.404262001567986,0.0,157,0,0,10,0.9875,0
116.5502,1,0,0,0.0,32.98905899646343,0.5770170027972199,33.01282100073877,0.0,158,0,0,10,0.99375,0
116.58365,1,0,0,0.0,33.42192600030103,0.5766849972133059,33.444927001255564,0.0,159,0,0,10,1.0,0
116.65442,2,1,137,33.649591998255346,37.06702499766834,0.6108859997766558,70.76285799848847,0.07187500000000002,160,0,0,20,0.934375,0
116.69129,2,0,0,0.0,36.84508799778996,0.6336500009638257,36.86898199885036,0.0714285714285714,161,0,0,20,0.940625,0
116.72836,2,0,0,0.0,37.042470001324546,0.6077449979784433,37.0654709986411,0.07098765432098764,162,0,0,20,0.946875,0
116.76538,2,0,0,0.0,36.99046100155101,0.6305509996309411,37.013740999100264,0.07055214723926384,163,0,0,20,0.953125,0
116.80219,2,0,0,0.0,36.77951600184315,0.624569998763036,36.80337200057693,0.07012195121951215,164,0,0,20,0.959375,0
116.8391,2,0,0,0.0,36.88333500031149,0.6405419990187511,36.90451099828351,0.0696969696969697,165,0,0,20,0.965625,0
116.87596,2,0,0,0.0,36.835503997281194,0.6328900017251726,36.85978400244494,0.06927710843373491,166,0,0,20,0.971875,0
116.9122,2,0,0,0.0,36.208823999913875,0.6375619996106252,36.2334790006571,0.06886227544910184,167,0,0,21,0.9315476190476191,0
116.94909,2,0,0,0.0,36.862004999420606,0.6511929968837649,36.885041001369245,0.06845238095238093,168,0,0,21,0.9375,0
116.98613,2,0,0,0.0,37.01208900019992,0.6336109981930349,37.035879999166355,0.06804733727810652,169,0,0,21,0.9434523809523809,0
117.02297,2,0,0,0.0,36.812239999562735,0.641760001599323,36.83372799787321,0.0676470588235294,170,0,0,21,0.9494047619047619,0
117.05954,2,0,0,0.0,36.54489300242858,0.6245940021472052,36.570416999893496,0.06725146198830412,171,0,0,21,0.9553571428571429,0
117.09619,2,0,0,0.0,36.62084100142238,0.6283479997364338,36.64474600009271,0.06686046511627908,172,0,0,21,0.9613095238095238,0
117.133,2,0,0,0.0,36.77639699890278,0.6335899997793604,36.797535001824144,0.06647398843930641,173,0,0,21,0.9672619047619048,0
117.20359,3,1,152,33.343039998726454,37.21032700195792,0.6787999991502147,70.59572599973762,0.08620689655172409,174,0,0,31,0.967741935483871,0
117.24019,3,0,0,0.0,36.563707999448525,0.6872230005683377,36.58668900243356,0.08571428571428574,175,0,0,31,0.9737903225806451,0
117.27708,3,0,0,0.0,36.86849700170569,0.6924330009496771,36.894879001920344,0.08522727272727271,176,0,0,32,0.94921875,0
117.31409,3,0,0,0.0,36.977646999730496,0.7084930002747569,37.00064700024086,0.0847457627118644,177,0,0,32,0.955078125,0
117.35088,3,0,0,0.0,36.766091998288175,0.7142659997043665,36.78789799960214,0.0842696629213483,178,0,0,32,0.9609375,0
117.38796,3,0,0,0.0,37.0528169987665,0.6993509996391367,37.0784110018576,0.08379888268156421,179,0,0,32,0.966796875,0
117.42495,3,0,0,0.0,36.95802500078571,0.7066929974826053,36.980985998525284,0.08333333333333337,180,0,0,32,0.97265625,0
117.46208,3,0,0,0.0,37.09818800052744,0.7055269998090807,37.12317700046697,0.08287292817679559,181,0,0,32,0.978515625,0
117.49899,3,0,0,0.0,36.88374400007888,0.7115240005077794,36.9124959979672,0.08241758241758246,182,0,0,33,0.9545454545454546,0
117.53562,3,0,0,0.0,36.59744399919873,0.7269960005942266,36.62395300125354,0.08196721311475408,183,0,0,34,0.9319852941176471,0
117.57253,3,0,0,0.0,36.87768099916866,0.6974390016694088,36.90267800266156,0.08152173913043481,184,0,0,34,0.9375,0
117.60946,3,0,0,0.0,36.90713300238713,0.6960669998079538,36.93013699739822,0.08108108108108103,185,0,0,34,0.9430147058823529,0
117.64658,3,0,0,0.0,37.08038100012345,0.691597000695765,37.1145949975471,0.08064516129032262,186,0,0,22,0.9346590909090909,0
117.68327,2,0,0,0.0,36.660164998465916,0.6348739989334717,36.68516799734789,0.00303030303030305,165,0,0,22,0.9403409090909091,0
117.72013,2,0,0,0.0,36.82981100064353,0.6261990019993391,36.852704997727415,0.003012048192771122,166,0,0,22,0.9460227272727273,0
117.79013,3,1,235,33.087752999563236,36.870274001557846,0.7122569986677263,70.0005360013165,0.19432624113475172,235,0,0,37,0.964527027027027,0
117.82704,3,0,0,0.0,36.87625300153741,0.7263770021381788,36.89867600041907,0.19350282485875703,236,0,0,37,0.9695945945945946,0
117.86395,3,0,0,0.0,36.87957100191852,0.7208889983303379,36.90403800283093,0.19268635724331928,237,0,0,37,0.9746621621621622,0
117.90098,3,0,0,0.0,37.00661399852834,0.7433009996020701,37.03001499889069,0.1918767507002801,238,0,0,37,0.9797297297297297,0
117.93705,3,0,0,0.0,36.04069200082449,0.7196900005510543,36.06165000019246,0.1910739191073919,239,0,0,37,0.9847972972972973,0
117.97393,3,0,0,0.0,36.8420770028024,0.7218850005301647,36.87744600028964,0.19027777777777777,240,0,0,27,0.9583333333333334,0
118.01141,2,0,0,0.0,37.45822199925897,0.6904090005264152,37.48005200031912,0.1410788381742739,241,0,0,27,0.9629629629629629,0
118.04889,2,0,0,0.0,37.452191001648316,0.6665360015176702,37.477791996934684,0.14049586776859502,242,0,0,27,0.9675925925925926,0
118.0861,2,0,0,0.0,37.17507500186912,0.6763640012650285,37.1997830006876,0.13991769547325106,243,0,0,27,0.9722222222222222,0
118.12343,2,0,0,0.0,37.303211000107694,0.6852620026620571,37.32794399911654,0.139344262295082,244,0,0,28,0.9419642857142857,0
118.16061,2,0,0,0.0,37.14515599858714,0.669177999952808,37.17410800163634,0.13877551020408163,245,0,0,28,0.9464285714285714,0
118.19798,2,0,0,0.0,37.342339001043,0.6771650005248375,37.368247998529114,0.1382113821138211,246,0,0,28,0.9508928571428571,0
118.23421,2,0,0,0.0,36.1937300003774,0.6903829998918809,36.21589800241054,0.13765182186234814,247,0,0,28,0.9553571428571429,0
118.27116,2,0,0,0.0,36.92526799932239,0.6655270008195657,36.949003999325214,0.13709677419354838,248,0,0,28,0.9598214285714286,0
118.30802,2,0,0,0.0,36.83667199948104,0.6619840023631696,36.861261000012746,0.13654618473895586,249,0,0,28,0.9642857142857143,0
118.34508,2,0,0,0.0,37.03165200204239,0.6570190016645938,37.054083000839455,0.136,250,0,0,28,0.96875,0
118.38196,2,0,0,0.0,36.847776998911286,0.6716019997838885,36.87087599973893,0.13545816733067728,251,0,0,28,0.9732142857142857,0
118.41914,2,0,0,0.0,37.15182200176059,0.6679170001007151,37.17336900081136,0.13492063492063489,252,0,0,28,0.9776785714285714,0
118.45598,2,0,0,0.0,36.82402199774515,0.6618799998250324,36.846440998488106,0.13438735177865613,253,0,0,28,0.9821428571428571,0
118.49297,2,0,0,0.0,36.95974799848045,0.6570299992745277,36.98401499786996,0.13385826771653542,254,0,0,28,0.9866071428571429,0
118.52904,2,0,0,0.0,36.039667000295594,0.6640630017500371,36.062798000784824,0.1333333333333333,255,0,0,28,0.9910714285714286,0
118.56607,2,0,0,0.0,36.999255997216096,0.6893709978612605,37.0289540005615,0.1328125,256,0,0,29,0.9612068965517241,0
118.60309,2,0,0,0.0,36.984933001804166,0.7013419999566395,37.00853700138396,0.13229571984435795,257,0,0,29,0.9655172413793104,0
118.64002,2,0,0,0.0,36.904864999087295,0.6844000017736107,36.9269639995764,0.13178294573643412,258,0,0,29,0.9698275862068966,0
118.67688,2,0,0,0.0,36.83250100220903,0.680501001625089,36.85617500013905,0.13127413127413123,259,0,0,29,0.9741379310344828,0
118.71372,2,0,0,0.0,36.81496799981687,0.6935420024092309,36.83930600163876,0.13076923076923075,260,0,0,30,0.9458333333333333,0
118.75028,2,0,0,0.0,36.533671998768114,0.6517469992104452,36.55759299726924,0.13026819923371646,261,0,0,30,0.95,0
118.7873,2,0,0,0.0,36.98635200271383,0.668949000100838,37.00917899914202,0.1297709923664122,262,0,0,30,0.9541666666666667,0
118.82327,2,0,0,0.0,35.942690999945626,0.6690869995509274,35.96300500066718,0.12927756653992395,263,0,0,30,0.9583333333333334,0
118.85997,2,0,0,0.0,36.67487200073083,0.656557000183966,36.69870900193928,0.12878787878787878,264,0,0,30,0.9625,0
118.89684,2,0,0,0.0,36.83946300225216,0.6768189996364526,36.865969999780646,0.1283018867924528,265,0,0,30,0.9666666666666667,0
118.93376,2,0,0,0.0,36.89484400092624,0.6831399987277109,36.918124998919666,0.1278195488721805,266,0,0,30,0.9708333333333333,0
118.97063,2,0,0,0.0,36.83953299696441,0.6641639993176796,36.865164001937956,0.12734082397003743,267,0,0,30,0.975,0
119.00747,2,0,0,0.0,36.8122219988436,0.6774110006517731,36.83555499810609,0.12686567164179108,268,0,0,30,0.9791666666666666,0
119.04405,2,0,0,0.0,36.557270999765024,0.6487600003310945,36.57756800021161,0.12639405204460963,269,0,0,30,0.9833333333333333,0
119.0806,2,0,0,0.0,36.524407001707004,0.665711999317864,36.54652799741598,0.12592592592592589,270,0,0,30,0.9875,0
119.11657,2,0,0,0.0,35.93490500134067,0.6584140028280672,35.95716999916476,0.1254612546125461,271,0,0,30,0.9916666666666667,0
119.1531,2,0,0,0.0,36.50897500119754,0.6621419997827616,36.53501499866252,0.125,272,0,0,31,0.9637096774193549,0
119.19019,2,0,0,0.0,37.05816999718081,0.6795250010327436,37.082162001752295,0.12454212454212454,273,0,0,31,0.967741935483871,0
119.22693,2,0,0,0.0,36.70785999929649,0.6993259994487744,36.72890300003928,0.12408759124087587,274,0,0,31,0.9717741935483871,0
119.26353,2,0,0,0.0,36.57514700171305,0.6665740002063103,36.59889300251962,0.12363636363636366,275,0,0,31,0.9758064516129032,0
119.33379,3,1,159,33.18592000141507,37.03239600145025,0.7519140017393511,70.26170400058618,0.22342995169082125,276,0,0,42,0.9613095238095238,0
119.37064,3,0,0,0.0,36.81239999787067,0.7467480027116835,36.8394229990372,0.22262334536702766,277,0,0,43,0.9433139534883721,0
119.40758,3,0,0,0.0,36.91457799868658,0.739603001420619,36.938837001798674,0.2218225419664268,278,0,0,43,0.9476744186046512,0
119.44346,3,0,0,0.0,35.850987002049806,0.7204419998743106,35.87215299921809,0.22102747909199527,279,0,0,43,0.9520348837209303,0
119.48035,3,0,0,0.0,36.86602100060554,0.7377239999186713,36.89222799948766,0.22023809523809523,280,0,0,43,0.9563953488372093,0
119.51773,3,0,0,0.0,37.34928999983822,0.7616160000907257,37.37162900142721,0.21945432977461443,281,0,0,43,0.9607558139534884,0
119.55485,3,0,0,0.0,37.091518999659456,0.7643260032637045,37.11741000006441,0.21867612293144212,282,0,0,43,0.9651162790697675,0
119.59197,3,0,0,0.0,37.09060499750194,0.7786749993101694,37.11664699949324,0.21790341578327443,283,0,0,43,0.9694767441860465,0
119.62919,3,0,0,0.0,37.18802400180721,0.8118539990391582,37.21121199851041,0.21713615023474175,284,0,0,43,0.9738372093023255,0
119.66615,3,0,0,0.0,36.93063199898461,0.7657320020371117,36.956104002456414,0.216374269005848,285,0,0,43,0.9781976744186046,0
119.70326,3,0,0,0.0,37.08637299860129,0.7765910013404209,37.112054000317585,0.2156177156177156,286,0,0,43,0.9825581395348837,0
119.73946,3,0,0,0.0,36.16084300301736,0.7852210001146886,36.18393999931868,0.2148664343786295,287,0,0,43,0.9869186046511628,0
119.77644,3,0,0,0.0,36.95942900230875,0.746577003155835,36.98680500019691,0.21412037037037035,288,0,0,44,0.96875,0
119.81326,3,0,0,0.0,36.790269001357956,0.7701729991822504,36.815364997892175,0.21337946943483277,289,0,0,44,0.9730113636363636,0
119.8503,3,0,0,0.0,37.00325699901441,0.7935860012366902,37.027211001259275,0.21264367816091956,290,0,0,44,0.9772727272727273,0
119.88713,3,0,0,0.0,36.81048499856843,0.7701219983573537,36.83431500030565,0.21191294387170678,291,0,0,44,0.9815340909090909,0
119.92411,3,0,0,0.0,36.9500099986908,0.7772290009597782,36.97380499943392,0.21118721461187218,292,0,0,45,0.9638888888888889,0
119.96089,3,0,0,0.0,36.7516890000843,0.7743210007902235,36.777988003450446,0.2104664391353811,293,0,0,46,0.9470108695652174,0
119.99777,3,0,0,0.0,36.846303002675995,0.7702849979978055,36.86930199910421,0.20975056689342408,294,0,0,46,0.9510869565217391,0
120.03416,3,0,0,0.0,36.358475997985806,0.7617079972987995,36.38216800027294,0.20903954802259883,295,0,0,46,0.9551630434782609,0
120.07118,3,0,0,0.0,36.99694299939438,0.8114310003293213,37.02236499884748,0.20833333333333337,296,0,0,46,0.9592391304347826,0
120.10813,3,0,0,0.0,36.92137600228307,0.7913549998193048,36.94564800025546,0.20763187429854102,297,0,0,46,0.9633152173913043,0
120.14511,3,0,0,0.0,36.94883199932519,0.7905630009190645,36.97138300049119,0.2069351230425056,298,0,0,46,0.967391304347826,0
120.18215,3,0,0,0.0,37.018896000518,0.7985289994394407,37.042689000372775,0.20624303232998886,299,0,0,46,0.9714673913043478,0
120.21943,3,0,0,0.0,37.243914001010126,0.794210998719791,37.26697199817863,0.2055555555555556,300,0,0,46,0.9755434782608695,0
120.2562,3,0,0,0.0,36.74491499987198,0.7902659999672323,36.76839000036125,0.2048726467331119,301,0,0,46,0.9796195652173914,0
120.29302,3,0,0,0.0,36.79495300093549,0.7862519996706396,36.81910500017693,0.20419426048565126,302,0,0,46,0.9836956521739131,0
120.32931,3,0,0,0.0,36.256259998481255,0.7915300011518411,36.278599000070244,0.20352035203520347,303,0,0,46,0.9877717391304348,0
120.36648,3,0,0,0.0,37.14009300165344,0.791847996879369,37.16731700114906,0.20285087719298245,304,0,0,47,0.9707446808510638,0
120.40341,3,0,0,0.0,36.89301300255465,0.7722349982941523,36.93007800029591,0.20218579234972678,305,0,0,47,0.9747340425531915,0
120.44018,3,0,0,0.0,36.74761399815907,0.7823919986549299,36.76771599930362,0.20152505446623092,306,0,0,47,0.9787234042553191,0
120.47678,3,0,0,0.0,36.57168299832847,0.7888399995863438,36.594019999029115,0.20086862106406078,307,0,0,47,0.9827127659574468,0
120.51348,3,0,0,0.0,36.66465799688012,0.7668860016565304,36.69069999887142,0.20021645021645018,308,0,0,48,0.9661458333333334,0
120.55053,3,0,0,0.0,37.013384000601945,0.7865170009608846,37.05436200107215,0.19956850053937436,309,0,0,49,0.9502551020408163,0
120.58767,3,0,0,0.0,37.10971500186133,0.8111500028462615,37.134021000383655,0.19892473118279574,310,0,0,49,0.9540816326530612,0
120.62409,3,0,0,0.0,36.38776899970253,0.780326001404319,36.40960900156642,0.19828510182207937,311,0,0,49,0.9579081632653061,0
120.66109,3,0,0,0.0,36.97845099668484,0.8132449984259438,37.00169999865466,0.1976495726495726,312,0,0,49,0.9617346938775511,0
120.698,3,0,0,0.0,36.8761599966092,0.8097219979390502,36.90052100137109,0.19701810436634715,313,0,0,49,0.9655612244897959,0
120.73529,3,0,0,0.0,37.26554600143572,0.8077519996732008,37.287842998921406,0.19639065817409762,314,0,0,49,0.9693877551020408,0
120.77248,3,0,0,0.0,37.164154000493,0.8122639992507175,37.18927400041139,0.1957671957671958,315,0,0,49,0.9732142857142857,0
120.80979,3,0,0,0.0,37.26190199813573,0.7956330009619705,37.287963001290336,0.19514767932489452,316,0,0,49,0.9770408163265306,0
120.84719,3,0,0,0.0,37.37442099736654,0.8120410020637792,37.39742399920942,0.19453207150368035,317,0,0,49,0.9808673469387755,0
120.88447,3,0,0,0.0,37.24911699828226,0.8288139979413245,37.274878999596694,0.19392033542976939,318,0,0,49,0.9846938775510204,0
120.92097,3,0,0,0.0,36.47271099907812,0.8128530025715008,36.49497399965185,0.19331243469174508,319,0,0,49,0.9885204081632653,0
120.95798,3,0,0,0.0,36.984459999075625,0.8320380002260208,37.01137900134199,0.19270833333333337,320,0,0,50,0.9725,0
120.99522,3,0,0,0.0,37.20467599850963,0.8222830001614057,37.23097999682068,0.19210799584631355,321,0,0,50,0.97625,0
121.03282,3,0,0,0.0,37.56017499836162,0.8543010007997509,37.59233900200343,0.1915113871635611,322,0,0,50,0.98,0
121.0699,3,0,0,0.0,37.049832000775496,0.8165379986166954,37.07638600099017,0.19091847265221873,323,0,0,50,0.98375,0
121.10729,3,0,0,0.0,37.36264299732284,0.8258960006060079,37.39261800001259,0.19032921810699588,324,0,0,51,0.9681372549019608,0
121.14426,3,0,0,0.0,36.9298389996402,0.8365310022782069,36.954339000658365,0.18974358974358974,325,0,0,52,0.953125,0
121.21645,4,1,83,33.60246000011102,38.54289099763264,1.2069019976479467,72.18926399946213,0.3282208588957055,326,0,0,58,0.9482758620689655,0
121.25351,4,0,0,0.0,37.01505699791596,1.0558399990259204,37.05277299741283,0.327217125382263,327,0,0,58,0.9525862068965517,0
121.29149,4,0,0,0.0,37.955200001306366,0.9493300021858886,37.996319002559176,0.3262195121951219,328,0,0,58,0.9568965517241379,0
121.32971,4,0,0,0.0,38.17020100177615,0.9683730022516102,38.19308799938881,0.32522796352583583,329,0,0,58,0.9612068965517241,0
121.36759,4,0,0,0.0,37.86255799786886,1.138521998655051,37.88479600189021,0.3242424242424242,330,0,0,58,0.9655172413793104,0
121.40529,4,0,0,0.0,37.67040099774022,0.9470139993936755,37.69408199877944,0.32326283987915405,331,0,0,58,0.9698275862068966,0
121.44333,4,0,0,0.0,38.00876100285677,0.9888280001177918,38.032714001019485,0.32228915662650603,332,0,0,58,0.9741379310344828,0
121.48121,4,0,0,0.0,37.85245700055384,0.979208001808729,37.876958998822374,0.3213213213213213,333,0,0,58,0.978448275862069,0
121.51905,4,0,0,0.0,37.81255899957614,0.9761019973666407,37.83567000209587,0.3203592814371258,334,0,0,58,0.9827586206896551,0
121.55616,4,0,0,0.0,37.08202999769128,0.9812419993977528,37.108032000105595,0.31940298507462683,335,0,0,58,0.9870689655172413,0
121.59665,4,0,0,0.0,40.45830000177375,1.005705002171453,40.48838599919691,0.31845238095238093,336,0,0,59,0.9745762711864406,0
121.63523,4,0,0,0.0,38.54422199947294,0.9898990028887056,38.579374999244465,0.3175074183976261,337,0,0,59,0.9788135593220338,0
121.67374,4,0,0,0.0,38.47435499847052,1.0418710007797927,38.500190999911865,0.31656804733727806,338,0,0,59,0.9830508474576272,0
121.71161,4,0,0,0.0,37.832280999282375,1.1877120014105458,37.8612249987782,0.31563421828908556,339,0,0,60,0.9708333333333333,0
121.74957,4,0,0,0.0,37.93005099942093,0.9722930008138064,37.959774999762885,0.31470588235294117,340,0,0,61,0.9590163934426229,0
121.78741,4,0,0,0.0,37.792516999616055,0.9878130003926344,37.83245700105908,0.3137829912023461,341,0,0,44,0.9460227272727273,0
121.82439,3,0,0,0.0,36.94843999983277,0.8090099981927779,36.97105500032194,0.3508771929824561,342,0,0,44,0.9502840909090909,0
121.86048,3,0,0,0.0,36.0680109988607,0.8341549983015284,36.10778900110745,0.34985422740524785,343,0,0,44,0.9545454545454546,0
121.89728,3,0,0,0.0,36.756665002030786,0.8049480020417832,36.782858998776646,0.34883720930232553,344,0,0,44,0.9588068181818182,0
121.93399,3,0,0,0.0,36.674745999334846,0.8135110001603607,36.698711999633815,0.34782608695652173,345,0,0,44,0.9630681818181818,0
121.97089,3,0,0,0.0,36.87453699967591,0.8075559999269899,36.899716997140786,0.34682080924855496,346,0,0,44,0.9673295454545454,0
122.00752,3,0,0,0.0,36.599224997189594,0.8088550021057017,36.624327000026824,0.34582132564841495,347,0,0,44,0.9715909090909091,0
122.04406,3,0,0,0.0,36.515322000923334,0.8026010000321548,36.53660499912803,0.3448275862068966,348,0,0,44,0.9758522727272727,0
122.08074,3,0,0,0.0,36.64966499854927,0.8124650012177881,36.67473799941945,0.3438395415472779,349,0,0,44,0.9801136363636364,0
122.1176,3,0,0,0.0,36.833311001828406,0.8288879980682395,36.858970001048874,0.34285714285714286,350,0,0,44,0.984375,0
122.15343,3,0,0,0.0,35.799455999949714,0.8038710002438165,35.82406100031221,0.3418803418803419,351,0,0,44,0.9886363636363636,0
122.19045,3,0,0,0.0,36.9858270023542,0.8146209984261077,37.01246000127867,0.34090909090909094,352,0,0,45,0.9708333333333333,0
122.26174,4,1,255,33.36932000092929,37.87240000019665,1.1591079965000972,71.28618199931225,0.3243626062322946,353,0,0,61,0.9815573770491803,0
122.29967,4,0,0,0.0,37.894860997766955,0.9942929973476566,37.923570002021734,0.3234463276836158,354,0,0,62,0.969758064516129,0
122.33752,4,0,0,0.0,37.823553997441195,1.0183960002905224,37.85019600036321,0.32253521126760565,355,0,0,63,0.9583333333333334,0
122.37527,4,0,0,0.0,37.719498002843466,0.9951100000762381,37.74580399840488,0.3216292134831461,356,0,0,63,0.9623015873015873,0
122.41353,4,0,0,0.0,38.212911000300664,1.2196870011393912,38.2497329992475,0.3207282913165266,357,0,0,41,0.9390243902439024,0
122.45067,3,0,0,0.0,37.11352000027546,0.7410469988826662,37.138387000595685,0.2102564102564103,260,0,0,41,0.9435975609756098,0
122.52179,4,1,180,32.94367699709255,38.131408000481315,0.8506279991706833,71.11625900142826,0.2346743295019157,261,0,0,53,0.9469339622641509,0
122.55954,4,0,0,0.0,37.71481299918378,0.8561289978388231,37.7416869996523,0.23377862595419852,262,0,0,53,0.9516509433962265,0
122.59671,4,0,0,0.0,37.14008299721172,0.8566910000809003,37.16623499713023,0.2328897338403042,263,0,0,53,0.9563679245283019,0
122.63448,4,0,0,0.0,37.74629899999127,0.8588989985582884,37.76995599764632,0.2320075757575758,264,0,0,53,0.9610849056603774,0
122.67218,4,0,0,0.0,37.644764001015574,0.8501789998263121,37.679270000808174,0.23113207547169812,265,0,0,45,0.9694444444444444,0
122.70884,3,0,0,0.0,36.63381499791285,0.7621200020366814,36.65752899905783,0.12531328320802004,266,0,0,45,0.9736111111111111,0
122.74567,3,0,0,0.0,36.80071000053431,0.760458002332598,36.823944003117504,0.12484394506866414,267,0,0,45,0.9777777777777777,0
122.78259,3,0,0,0.0,36.89313500217395,0.7740820001345128,36.91678299946943,0.12437810945273631,268,0,0,45,0.9819444444444444,0
122.81958,3,0,0,0.0,36.95470399907208,0.7566770000266843,36.9811229975312,0.12391573729863692,269,0,0,45,0.9861111111111112,0
122.85676,3,0,0,0.0,37.157189999561524,0.7803029984643217,37.180594001256395,0.12345679012345678,270,0,0,45,0.9902777777777778,0
122.89284,3,0,0,0.0,36.04545100097312,0.7728739983576816,36.0700099990936,0.12300123001230012,271,0,0,45,0.9944444444444445,0
122.92986,3,0,0,0.0,36.9873119998374,0.7942470001580659,37.01314399950206,0.12254901960784315,272,0,0,46,0.9769021739130435,0
122.96667,3,0,0,0.0,36.78662899983465,0.7635299989487976,36.81557799791335,0.12210012210012211,273,0,0,47,0.9601063829787234,0
123.00351,3,0,0,0.0,36.79388900127378,0.767593999626115,36.83231700051692,0.12165450121654497,274,0,0,47,0.964095744680851,0
123.04007,3,0,0,0.0,36.52657899874612,0.7618160016136244,36.55037099815672,0.12121212121212122,275,0,0,48,0.9479166666666666,0
123.07696,3,0,0,0.0,36.86689000096521,0.7593869995616842,36.89212900280836,0.12077294685990336,276,0,0,48,0.9518229166666666,0
123.1138,3,0,0,0.0,36.80948900000658,0.797100001364015,36.83316800015746,0.12033694344163659,277,0,0,48,0.9557291666666666,0
123.15086,3,0,0,0.0,37.03597200001241,0.7645139994565398,37.06109899940202,0.11990407673860914,278,0,0,48,0.9596354166666666,0
123.18697,3,0,0,0.0,36.0737170012726,0.786881002568407,36.098211003263714,0.11947431302270017,279,0,0,48,0.9635416666666666,0
123.2239,3,0,0,0.0,36.90095400088467,0.7879119984863792,36.9233660021564,0.11904761904761907,280,0,0,48,0.9674479166666666,0
123.26057,3,0,0,0.0,36.642860002757516,0.7858059980208054,36.66740100015886,0.1186239620403321,281,0,0,48,0.9713541666666666,0
123.29814,3,0,0,0.0,37.54778700022143,0.7678610018047038,37.5720949996321,0.11820330969267134,282,0,0,48,0.9752604166666666,0
123.33549,3,0,0,0.0,37.31525700277416,0.8011419995455071,37.35172799861175,0.11778563015312127,283,0,0,48,0.9791666666666666,0
123.37236,3,0,0,0.0,36.83027300212416,0.7700159985688515,36.855252998066135,0.11737089201877937,284,0,0,48,0.9830729166666666,0
123.4098,3,0,0,0.0,37.40934199959156,0.8139780002238695,37.4342839968449,0.11695906432748537,285,0,0,48,0.9869791666666666,0
123.44675,3,0,0,0.0,36.92585599856102,0.8043609996093437,36.94886000084807,0.1165501165501166,286,0,0,48,0.9908854166666666,0
123.48287,3,0,0,0.0,36.09305999998469,0.7850059992051683,36.11861399986083,0.11614401858304302,287,0,0,48,0.9947916666666666,0
123.5201,3,0,0,0.0,37.19388900208287,0.8125120002659969,37.22151500187465,0.1157407407407407,288,0,0,49,0.9783163265306123,0
123.55774,3,0,0,0.0,37.61408700302127,0.8101340026769321,37.64213000249583,0.11534025374855827,289,0,0,50,0.9625,0
123.59516,3,0,0,0.0,37.38248800073052,0.8190560001821723,37.407894000352826,0.11494252873563215,290,0,0,50,0.96625,0
123.633,3,0,0,0.0,37.81265999714378,0.8139800011122134,37.84132999862777,0.11454753722794964,291,0,0,51,0.9509803921568627,0
123.67022,3,0,0,0.0,37.17717499966966,0.8148839988280088,37.20928000257118,0.11415525114155256,292,0,0,33,0.9564393939393939,0
123.70785,2,0,0,0.0,37.592765998851974,0.6893680001667235,37.61862100145663,0.1382252559726962,293,0,0,33,0.9602272727272727,0
123.74575,2,0,0,0.0,37.877740996918874,0.7387839978036936,37.90128899709089,0.1377551020408163,294,0,0,33,0.9640151515151515,0
123.78188,2,0,0,0.0,36.09070500169764,0.6833119987277314,36.12489800070762,0.13728813559322028,295,0,0,19,0.9736842105263158,0
123.81496,1,0,0,0.0,33.04607400059467,0.631847000477137,33.06844899998396,0.0,296,0,0,19,0.9769736842105263,0
123.84844,1,0,0,0.0,33.45588899901486,0.6241209994186647,33.47790500265546,0.0,297,0,0,19,0.9802631578947368,0
123.88178,1,0,0,0.0,33.310924998659175,0.6207859987625852,33.334065999952145,0.0,298,0,0,19,0.9835526315789473,0
123.9146,1,0,0,0.0,32.79707799811149,0.6100710015743971,32.81959499872755,0.0,299,0,0,19,0.9868421052631579,0
123.9476,1,0,0,0.0,32.97227000075509,0.5926350022491533,32.99361799872713,0.0,300,0,0,19,0.9901315789473685,0
123.98048,1,0,0,0.0,32.85973599849967,0.5839730001753196,32.89407000193023,0.0,301,0,0,19,0.993421052631579,0
124.01328,1,0,0,0.0,32.755264997831546,0.5726519993913826,32.77784799865913,0.0,302,0,0,19,0.9967105263157895,0
124.0463,1,0,0,0.0,32.99730100115994,0.6066299974918365,33.01615800228319,0.0,303,0,0,19,1.0,0
124.07886,1,0,0,0.0,32.53013900030055,0.5819069992867298,32.553258002735674,0.0,304,0,0,20,0.953125,0
124.11222,1,0,0,0.0,33.333049999782816,0.5971490027150139,33.35706600046251,0.0,305,0,0,20,0.95625,0
124.14543,1,0,0,0.0,33.18080200187978,0.6283580005401745,33.20306699970388,0.0,306,0,0,20,0.959375,0
124.17875,1,0,0,0.0,33.28629200041178,0.6104419990151655,33.31014099967433,0.0,307,0,0,20,0.9625,0
124.21181,1,0,0,0.0,33.031547001883155,0.6381169987434987,33.053906001441646,0.0,308,0,0,20,0.965625,0
124.24474,1,0,0,0.0,32.90615299920319,0.6032820019754581,32.92826100005186,0.0,309,0,0,20,0.96875,0
124.27775,1,0,0,0.0,32.982040000206325,0.6206299985933583,33.004131000780035,0.0,310,0,0,20,0.971875,0
124.31052,1,0,0,0.0,32.72857299816678,0.587657999858493,32.766559001174755,0.0,311,0,0,20,0.975,0
124.34366,1,0,0,0.0,33.11497599861468,0.5896229995414615,33.13514700130327,0.0,312,0,0,20,0.978125,0
124.37637,1,0,0,0.0,32.68553499947302,0.5969119993096683,32.707481001125416,0.0,313,0,0,20,0.98125,0
124.40947,1,0,0,0.0,33.07628700349596,0.5942589996266179,33.09986900057993,0.0,314,0,0,20,0.984375,0
124.44283,1,0,0,0.0,33.32658699946478,0.6202710028446745,33.34794700276689,0.0,315,0,0,20,0.9875,0
124.47572,1,0,0,0.0,32.869283997570165,0.5889120002393611,32.89049000159139,0.0,316,0,0,20,0.990625,0
124.50893,1,0,0,0.0,33.1878319993848,0.5960430025879759,33.211362999281846,0.0,317,0,0,20,0.99375,0
124.54283,1,0,0,0.0,33.86869200039655,0.6345440015138593,33.88988000006066,0.0,318,0,0,20,0.996875,0
124.57591,1,0,0,0.0,33.05196099972818,0.6071950010664295,33.075839000957785,0.0,319,0,0,20,1.0,0
124.6088,1,0,0,0.0,32.865438999579055,0.6387270004779566,32.891729002585635,0.0,320,0,0,21,0.9553571428571429,0
124.64186,1,0,0,0.0,33.03011699972558,0.6011639998177998,33.05162199831102,0.0,321,0,0,21,0.9583333333333334,0
124.67474,1,0,0,0.0,32.85027500169235,0.6211760010046419,32.87176300000283,0.0,322,0,0,21,0.9613095238095238,0
124.70747,1,0,0,0.0,32.703233999200165,0.6033569989085663,32.724480999604566,0.0,323,0,0,21,0.9642857142857143,0
124.74052,1,0,0,0.0,33.02833400084637,0.5759819978266023,33.047649998479756,0.0,324,0,0,21,0.9672619047619048,0
124.77334,1,0,0,0.0,32.79701200153795,0.5934880027780309,32.81683000022895,0.0,325,0,0,21,0.9702380952380952,0
124.80616,1,0,0,0.0,32.79165799904149,0.6015660001139622,32.82270599811454,0.0,326,0,0,21,0.9732142857142857,0
124.83906,1,0,0,0.0,32.8668199981621,0.6131090012786444,32.886452001548605,0.0,327,0,0,21,0.9761904761904762,0
124.87173,1,0,0,0.0,32.652280999172945,0.6105399988882709,32.67253900048672,0.0,328,0,0,21,0.9791666666666666,0
124.90461,1,0,0,0.0,32.850857998710126,0.6039489999238867,32.872409999981755,0.0,329,0,0,21,0.9821428571428571,0
124.93743,1,0,0,0.0,32.79106999980286,0.6088090012781322,32.80919600001653,0.0,330,0,0,21,0.9851190476190477,0
124.97048,1,0,0,0.0,33.032120001735166,0.5895979993510991,33.05417899900931,0.0,331,0,0,21,0.9880952380952381,0
125.00334,1,0,0,0.0,32.816863000334706,0.6135639996500686,32.83743800056982,0.0,332,0,0,21,0.9910714285714286,0
125.03713,1,0,0,0.0,33.7679130025208,0.629186997684883,33.78995200182544,0.0,333,0,0,21,0.9940476190476191,0
125.07591,1,0,0,0.0,38.739051000447944,0.8146690015564673,38.76520899939351,0.0,334,0,0,21,0.9970238095238095,0
125.10888,1,0,0,0.0,32.93785500136437,0.6220039977051783,32.96151999893482,0.0,335,0,0,21,1.0,0
125.14191,1,0,0,0.0,32.99990500090644,0.6319380008790176,33.02255200105719,0.0,336,0,0,22,0.9573863636363636,0
125.17459,1,0,0,0.0,32.656556999427266,0.5998540000291541,32.67653800139669,0.0,337,0,0,22,0.9602272727272727,0
125.20746,1,0,0,0.0,32.851276999281254,0.6026249975548126,32.871685001737205,0.0,338,0,0,22,0.9630681818181818,0
125.24029,1,0,0,0.0,32.80034999988857,0.6042480017640628,32.81984299974283,0.0,339,0,0,22,0.9659090909090909,0
125.27311,1,0,0,0.0,32.802128000184894,0.601498999458272,32.824711001012474,0.0,340,0,0,22,0.96875,0
125.30577,1,0,0,0.0,32.627684999170015,0.6332640004984569,32.64916000262019,0.0,341,0,0,22,0.9715909090909091,0
125.33842,1,0,0,0.0,32.62274799999432,0.6054349978512619,32.6422010002716,0.0,342,0,0,22,0.9744318181818182,0
125.37118,1,0,0,0.0,32.73203200296848,0.6178820003697183,32.760957001300994,0.0,343,0,0,22,0.9772727272727273,0
125.4038,1,0,0,0.0,32.59686399906059,0.6122409977251664,32.62038200045936,0.0,344,0,0,22,0.9801136363636364,0
125.43683,1,0,0,0.0,33.00090699849534,0.6204620003700256,33.02196299773641,0.0,345,0,0,22,0.9829545454545454,0
125.4698,1,0,0,0.0,32.9472209996311,0.6444979990192223,32.97199399821693,0.0,346,0,0,22,0.9857954545454546,0
125.50268,1,0,0,0.0,32.84245399845531,0.6252439998206683,32.867518999410095,0.0,347,0,0,22,0.9886363636363636,0
125.53571,1,0,0,0.0,33.00557399779791,0.6210639985511079,33.025873999577016,0.0,348,0,0,22,0.9914772727272727,0
125.56825,1,0,0,0.0,32.52003400120884,0.6334950012387708,32.54172000015387,0.0,349,0,0,22,0.9943181818181818,0
125.60071,1,0,0,0.0,32.4320780018752,0.6049599978723563,32.45428100126446,0.0,350,0,0,22,0.9971590909090909,0
125.63354,1,0,0,0.0,32.805683000333374,0.6196249996719416,32.82623600171064,0.0,351,0,0,22,1.0,0
125.66609,1,0,0,0.0,32.51917799934745,0.5985759999020956,32.54371599905426,0.0,352,0,0,23,0.9592391304347826,0
125.69872,1,0,0,0.0,32.60635400147294,0.6131720001576468,32.627699998556636,0.0,353,0,0,23,0.9619565217391305,0
125.73124,1,0,0,0.0,32.49425000103656,0.6187699982547201,32.51330900093308,0.0,354,0,0,23,0.9646739130434783,0
125.76393,1,0,0,0.0,32.66555000300286,0.6026150003890507,32.68713700163062,0.0,355,0,0,23,0.967391304347826,0
125.79657,1,0,0,0.0,32.615476000501076,0.6384279986377805,32.63780300039798,0.0,356,0,0,23,0.970108695652174,0
125.82912,1,0,0,0.0,32.51589999854332,0.6146999985503498,32.53917700203601,0.0,357,0,0,23,0.9728260869565217,0
125.86197,1,0,0,0.0,32.832024997333065,0.6501809984911233,32.85309700004291,0.0,358,0,0,23,0.9755434782608695,0
125.89471,1,0,0,0.0,32.70981199966627,0.6291940007940866,32.73115900083212,0.0,359,0,0,23,0.9782608695652174,0
125.92745,1,0,0,0.0,32.713707001676084,0.6128429995442275,32.733833002566826,0.0,360,0,0,23,0.9809782608695652,0
125.96008,1,0,0,0.0,32.60303899878636,0.6108519992267247,32.62292100043851,0.0,361,0,0,23,0.9836956521739131,0
125.99279,1,0,0,0.0,32.68494700023439,0.6097189980209805,32.71529800258577,0.0,362,0,0,0,0.0,0
126.49998,1,1,192,34.3911410018336,33.33877900149673,0.5576240000664257,67.78595700234291,0.0,192,0,0,13,0.9278846153846154,0
126.53316,1,0,0,0.0,33.15022899914766,0.5910280015086755,33.17129499919247,0.0,193,0,0,13,0.9326923076923077,0
126.5667,1,0,0,0.0,33.5206929994456,0.59127799977432,33.545153000886785,0.0,194,0,0,13,0.9375,0
126.59993,1,0,0,0.0,33.198861998243956,0.5705020012101158,33.22221999769681,0.0,195,0,0,13,0.9423076923076923,0
126.63358,1,0,0,0.0,33.62147200095933,0.5933180000283755,33.64304399656248,0.0,196,0,0,13,0.9471153846153846,0
126.66687,1,0,0,0.0,33.26123799706693,0.5708460012101568,33.283665998169454,0.0,197,0,0,13,0.9519230769230769,0
126.70008,1,0,0,0.0,33.18247599963797,0.550287000805838,33.20574900135398,0.0,198,0,0,13,0.9567307692307693,0
126.73343,1,0,0,0.0,33.3281530001841,0.5846140011271928,33.349167002597824,0.0,199,0,0,13,0.9615384615384616,0
126.76695,1,0,0,0.0,33.49412199895596,0.5724520015064627,33.51870799815515,0.0,200,0,0,13,0.9663461538461539,0
126.80028,1,0,0,0.0,33.30373199787573,0.6056450001779012,33.32697699806886,0.0,201,0,0,13,0.9711538461538461,0
126.83355,1,0,0,0.0,33.232881000003545,0.568895000469638,33.254423000471434,0.0,202,0,0,13,0.9759615384615384,0
126.86694,1,0,0,0.0,33.37454800202977,0.5669079982908443,33.3969019993674,0.0,203,0,0,13,0.9807692307692307,0
126.8999,1,0,0,0.0,32.92804500233615,0.5835510019096546,32.950736000202596,0.0,204,0,0,13,0.9855769230769231,0
126.93295,1,0,0,0.0,33.02343399991514,0.5584599966823589,33.04488600042532,0.0,205,0,0,13,0.9903846153846154,0
126.96605,1,0,0,0.0,33.07612400021753,0.6626520007557701,33.09693900155253,0.0,206,0,0,13,0.9951923076923077,0
126.99891,1,0,0,0.0,32.830776002811035,0.5771350006398279,32.85278200200992,0.0,207,0,0,13,1.0,0
127.03186,1,0,0,0.0,32.925291001447476,0.5958769979770295,32.95076599897584,0.0,208,0,0,14,0.9330357142857143,0
127.06498,1,0,0,0.0,33.0883239985269,0.5721760026062839,33.10852499998873,0.0,209,0,0,14,0.9375,0
127.09812,1,0,0,0.0,33.11769599895342,0.5796379991807044,33.140051000373205,0.0,210,0,0,14,0.9419642857142857,0
127.1311,1,0,0,0.0,32.95017499840469,0.6001680012559518,32.972164000966586,0.0,211,0,0,14,0.9464285714285714,0
127.16427,1,0,0,0.0,33.152703999803634,0.5881399993086234,33.17398800209048,0.0,212,0,0,14,0.9508928571428571,0
127.19757,1,0,0,0.0,33.23642500254209,0.5875770002603531,33.25864500220632,0.0,213,0,0,14,0.9553571428571429,0
127.23065,1,0,0,0.0,33.06297599920072,0.561081000341801,33.084999999118736,0.0,214,0,0,14,0.9598214285714286,0
127.26386,1,0,0,0.0,33.17494099974283,0.5808109999634326,33.19477399782045,0.0,215,0,0,14,0.9642857142857143,0
127.29678,1,0,0,0.0,32.89645000040764,0.5672590014000889,32.91885200087563,0.0,216,0,0,14,0.96875,0
127.3299,1,0,0,0.0,33.09469300074852,0.5775970021204557,33.11652599950321,0.0,217,0,0,14,0.9732142857142857,0
127.36285,1,0,0,0.0,32.92245299962815,0.6061300009605475,32.94194999762112,0.0,218,0,0,14,0.9776785714285714,0
127.39591,1,0,0,0.0,33.0342870001914,0.5563669983530417,33.05725199970766,0.0,219,0,0,14,0.9821428571428571,0
127.42889,1,0,0,0.0,32.95451600206434,0.6001399997330736,32.97551200012094,0.0,220,0,0,14,0.9866071428571429,0
127.49969,2,1,211,33.53272099775495,37.228663997666445,0.6613719997403678,70.80378200043924,0.022624434389140302,221,0,0,28,0.96875,0
127.53662,2,0,0,0.0,36.89296300217393,0.6640040010097437,36.91482399881352,0.022522522522522515,222,0,0,28,0.9732142857142857,0
127.5728,2,0,0,0.0,36.15717600041535,0.6526350007334258,36.18149800240644,0.022421524663677084,223,0,0,28,0.9776785714285714,0
127.60971,2,0,0,0.0,36.87039899887168,0.6730020031682216,36.90405099769123,0.022321428571428603,224,0,0,14,0.9598214285714286,0
127.64289,1,0,0,0.0,33.148926002468215,0.5599949981842656,33.1708459998481,0.0,215,0,0,14,0.9642857142857143,0
127.67591,1,0,0,0.0,32.996611000271514,0.5898220006201882,33.01887600173359,0.0,216,0,0,14,0.96875,0
127.74609,2,1,129,33.13415899901884,37.00362500239862,0.6235380024008919,70.17399400137947,0.20276497695852536,217,0,0,23,0.9456521739130435,0
127.78305,2,0,0,0.0,36.93569900133298,0.6747560000803787,36.95944200080703,0.2018348623853211,218,0,0,23,0.9510869565217391,0
127.82004,2,0,0,0.0,36.95866499765543,0.6400300007953774,36.98161800275557,0.2009132420091324,219,0,0,23,0.9565217391304348,0
127.8571,2,0,0,0.0,37.03525899982196,0.6488100007118192,37.05710899885162,0.19999999999999996,220,0,0,23,0.9619565217391305,0
127.89413,2,0,0,0.0,37.004672001785366,0.6499289993371349,37.028303999250056,0.19909502262443435,221,0,0,23,0.967391304347826,0
127.93086,2,0,0,0.0,36.69809100028942,0.665063998894766,36.721174998092465,0.19819819819819817,222,0,0,23,0.9728260869565217,0
127.96721,2,0,0,0.0,36.32556699812994,0.6346890004351735,36.34760299974005,0.19730941704035876,223,0,0,23,0.9782608695652174,0
128.00395,2,0,0,0.0,36.708749998069834,0.6500640010926872,36.73510099906707,0.1964285714285714,224,0,0,24,0.9427083333333334,0
128.04094,2,0,0,0.0,36.96811099871411,0.6433870003093034,36.989020998589694,0.1955555555555556,225,0,0,24,0.9479166666666666,0
128.07781,2,0,0,0.0,36.843191999651026,0.6648189992120024,36.86852399914642,0.19469026548672563,226,0,0,24,0.953125,0
128.11488,2,0,0,0.0,37.03701799895498,0.6344499997794628,37.06113299995195,0.19383259911894268,227,0,0,24,0.9583333333333334,0
128.15195,2,0,0,0.0,37.03936099918792,0.6708820001222193,37.062232000607764,0.19298245614035092,228,0,0,24,0.9635416666666666,0
128.18916,2,0,0,0.0,37.18152700093924,0.6599990010727197,37.20611899916548,0.19213973799126638,229,0,0,24,0.96875,0
128.22616,2,0,0,0.0,36.97272399949725,0.6714769988320768,36.99625700028264,0.19130434782608696,230,0,0,24,0.9739583333333334,0
128.2624,2,0,0,0.0,36.21742600080324,0.6524759992316831,36.24087700154632,0.19047619047619047,231,0,0,24,0.9791666666666666,0
128.29922,2,0,0,0.0,36.78246599884005,0.6606690003536642,36.80741499920259,0.18965517241379315,232,0,0,25,0.945,0
128.33591,2,0,0,0.0,36.66883699770551,0.6464889993367251,36.69169600107125,0.18884120171673824,233,0,0,25,0.95,0
128.37284,2,0,0,0.0,36.903686999721685,0.6543290000990964,36.92473100090865,0.18803418803418803,234,0,0,25,0.955,0
128.40968,2,0,0,0.0,36.80997999981628,0.6391419992723968,36.832141002378194,0.18723404255319154,235,0,0,25,0.96,0
128.44663,2,0,0,0.0,36.92699599923799,0.6372719981300179,36.948197997844545,0.18644067796610164,236,0,0,25,0.965,0
128.48332,2,0,0,0.0,36.662435999460286,0.6186850005178712,36.68670099796145,0.18565400843881852,237,0,0,25,0.97,0
128.52047,2,0,0,0.0,37.122655998246046,0.6576820014743134,37.14702599972952,0.18487394957983194,238,0,0,25,0.975,0
128.55673,2,0,0,0.0,36.23231000165106,0.6363569991663098,36.25537600237294,0.18410041841004188,239,0,0,25,0.98,0
128.59378,2,0,0,0.0,37.01172399814823,0.6567929995071609,37.04015900075319,0.18333333333333335,240,0,0,26,0.9471153846153846,0
128.63075,2,0,0,0.0,36.94277899921872,0.6508500009658746,36.9666220030922,0.18257261410788383,241,0,0,26,0.9519230769230769,0
128.66775,2,0,0,0.0,36.973761998524424,0.6505050005216617,36.99925199907739,0.18181818181818177,242,0,0,26,0.9567307692307693,0
128.70446,2,0,0,0.0,36.681965000752825,0.6406380016414914,36.70435500316671,0.18106995884773658,243,0,0,26,0.9615384615384616,0
128.74151,2,0,0,0.0,37.008940998930484,0.619613998424029,37.048353002319345,0.180327868852459,244,0,0,26,0.9663461538461539,0
128.77845,2,0,0,0.0,36.91281699866522,0.6544839998241514,36.93583299900638,0.17959183673469392,245,0,0,26,0.9711538461538461,0
128.81536,2,0,0,0.0,36.882372998661594,0.6665799992333632,36.90640299828374,0.17886178861788615,246,0,0,26,0.9759615384615384,0
128.85146,2,0,0,0.0,36.068992001673905,0.655604999337811,36.090596000576625,0.17813765182186236,247,0,0,26,0.9807692307692307,0
128.88823,2,0,0,0.0,36.74474199942779,0.6385849992511794,36.78001699881861,0.17741935483870963,248,0,0,27,0.9490740740740741,0
128.92517,2,0,0,0.0,36.89868400033447,0.6707680004183203,36.922429000696866,0.17670682730923692,249,0,0,27,0.9537037037037037,0
128.96235,2,0,0,0.0,37.14820299865096,0.6815230008214712,37.17063899966888,0.17600000000000005,250,0,0,27,0.9583333333333334,0
128.99938,2,0,0,0.0,37.00801499871886,0.6515929999295622,37.031667001429014,0.17529880478087645,251,0,0,27,0.9629629629629629,0
129.03611,2,0,0,0.0,36.70211999997264,0.6609900010516867,36.725360001582885,0.17460317460317465,252,0,0,27,0.9675925925925926,0
129.07315,2,0,0,0.0,37.01156500028446,0.6606270035263151,37.033512999187224,0.17391304347826086,253,0,0,27,0.9722222222222222,0
129.11026,2,0,0,0.0,37.0834540008218,0.6765699981770013,37.10785299699637,0.17322834645669294,254,0,0,27,0.9768518518518519,0
129.14655,2,0,0,0.0,36.25952199945459,0.6791709965909831,36.28197899888619,0.1725490196078432,255,0,0,27,0.9814814814814815,0
129.18352,2,0,0,0.0,36.92147800029488,0.6648540002061054,36.96688000127324,0.171875,256,0,0,28,0.9508928571428571,0
129.22138,2,0,0,0.0,37.833054000657285,0.6424679995689075,37.85745999994106,0.1712062256809338,257,0,0,28,0.9553571428571429,0
129.29182,3,1,180,33.153967997350264,37.23695100052282,0.7235589982883539,70.43506099944352,0.21447028423772607,258,0,0,40,0.9546875,0
129.32949,3,0,0,0.0,37.642525996488985,0.7483560002583545,37.68192200004705,0.2136422136422137,259,0,0,40,0.959375,0
129.3667,3,0,0,0.0,37.1627599997737,0.7344229998125229,37.186425000982126,0.21282051282051284,260,0,0,40,0.9640625,0
129.40379,3,0,0,0.0,37.06703599891625,0.7357940012298059,37.092482001753524,0.21200510855683274,261,0,0,40,0.96875,0
129.44102,3,0,0,0.0,37.199731999862706,0.759505001042271,37.22165300132474,0.2111959287531806,262,0,0,40,0.9734375,0
129.4773,3,0,0,0.0,36.253025002224604,0.7484639972972218,36.278810002841055,0.21039290240811148,263,0,0,40,0.978125,0
129.51416,3,0,0,0.0,36.82243300136179,0.7330770022235811,36.85111099912319,0.20959595959595956,264,0,0,41,0.9588414634146342,0
129.55154,3,0,0,0.0,37.35444899939466,0.7689930025662761,37.37825099960901,0.20880503144654083,265,0,0,41,0.9634146341463414,0
129.58855,3,0,0,0.0,36.98210500078858,0.738041999284178,37.0063679984014,0.20802005012531333,266,0,0,41,0.9679878048780488,0
129.62579,3,0,0,0.0,37.21136199965258,0.7473190016753506,37.23638800147455,0.20724094881398247,267,0,0,41,0.9725609756097561,0
129.6628,3,0,0,0.0,36.979111999244196,0.7664379991183523,37.0018789981259,0.2064676616915423,268,0,0,41,0.9771341463414634,0
129.70025,3,0,0,0.0,37.40966499753995,0.7463969996024389,37.443154000357026,0.20570012391573733,269,0,0,41,0.9817073170731707,0
129.73737,3,0,0,0.0,37.08709399870713,0.7859939978516195,37.11431799820275,0.20493827160493827,270,0,0,42,0.9627976190476191,0
129.77388,3,0,0,0.0,36.481080998783,0.7437489985022694,36.50741999808815,0.20418204182041821,271,0,0,42,0.9672619047619048,0
129.81113,3,0,0,0.0,37.22170399851166,0.7810339993739035,37.24956500082044,0.20343137254901966,272,0,0,43,0.9491279069767442,0
129.88238,4,1,71,33.140438001282746,38.05891700176289,0.902455001778435,71.24237300013192,0.336996336996337,273,0,0,48,0.9479166666666666,0
129.9201,4,0,0,0.0,37.69631099930848,0.8599640023021493,37.72224899876164,0.33576642335766427,274,0,0,48,0.953125,0
129.95802,4,0,0,0.0,37.88968699882389,0.8742570025788154,37.91363499840372,0.3345454545454546,275,0,0,48,0.9583333333333334,0
129.9958,4,0,0,0.0,37.74679100024514,0.8754490008868743,37.773137002659496,0.33333333333333337,276,0,0,48,0.9635416666666666,0
130.03374,4,0,0,0.0,37.91107799770543,0.8718589997442905,37.93686399876606,0.3321299638989169,277,0,0,48,0.96875,0
130.07159,4,0,0,0.0,37.81781699944986,0.8522169991920236,37.842988000193145,0.3309352517985612,278,0,0,48,0.9739583333333334,0
130.10864,4,0,0,0.0,37.01977099990472,0.8631070013507269,37.04401599679841,0.32974910394265233,279,0,0,48,0.9791666666666666,0
130.14682,4,0,0,0.0,38.141703997098375,0.855286001751665,38.17835399968317,0.3285714285714286,280,0,0,36,0.9774305555555556,0
130.18435,3,0,0,0.0,37.50418400159106,0.7608460000483319,37.53028299979633,0.33214709371293005,281,0,0,36,0.9826388888888888,0
130.22184,3,0,0,0.0,37.44931999972323,0.7473629993910436,37.47675399790751,0.33096926713947994,282,0,0,37,0.9611486486486487,0
130.25935,3,0,0,0.0,37.47731300245505,0.74590099757188,37.50175099776243,0.3297997644287397,283,0,0,37,0.9662162162162162,0
130.29664,3,0,0,0.0,37.263706002704566,0.7361829993897118,37.290752999979304,0.32863849765258213,284,0,0,37,0.9712837837837838,0
130.33416,3,0,0,0.0,37.491678001970286,0.7461800014425535,37.51716400074656,0.32748538011695905,285,0,0,37,0.9763513513513513,0
130.37188,3,0,0,0.0,37.68811400004779,0.7505550020141527,37.717125997005496,0.3263403263403264,286,0,0,38,0.9555921052631579,0
130.40869,3,0,0,0.0,36.77448900270974,0.7648469982086681,36.80072099814424,0.3252032520325203,287,0,0,38,0.9605263157894737,0
130.44625,3,0,0,0.0,37.51775899945642,0.747497000702424,37.55369300051825,0.32407407407407407,288,0,0,39,0.9407051282051282,0
130.48389,3,0,0,0.0,37.6182880027045,0.7554590010840911,37.64417100319406,0.3229527104959631,289,0,0,39,0.9455128205128205,0
130.52122,3,0,0,0.0,37.29231100078323,0.7518739985243883,37.319024002499646,0.32183908045977017,290,0,0,39,0.9503205128205128,0
130.55907,3,0,0,0.0,37.812523001775844,0.7582239995826967,37.84678000010899,0.32073310423825885,291,0,0,39,0.9551282051282052,0
130.59654,3,0,0,0.0,37.44194499813602,0.7801690007909201,37.469314000190934,0.319634703196347,292,0,0,39,0.9599358974358975,0
130.63416,3,0,0,0.0,37.590086001728196,0.739373001124477,37.615386001562,0.3185437997724687,293,0,0,39,0.9647435897435898,0
130.70597,4,1,79,33.665605002170196,38.09256799650029,0.8686479995958507,71.80310200055828,0.42091836734693877,294,0,0,44,0.9730113636363636,0
130.7433,4,0,0,0.0,37.29729699989548,0.8843819996400271,37.32769099951838,0.4194915254237288,295,0,0,45,0.9569444444444445,0
130.78182,4,0,0,0.0,38.48979100075667,0.8907150004233699,38.51665999900433,0.41807432432432434,296,0,0,45,0.9625,0
130.82015,4,0,0,0.0,38.296667000395246,0.87362900012522,38.322483997035306,0.41666666666666663,297,0,0,45,0.9680555555555556,0
130.85862,4,0,0,0.0,38.43570000026375,0.8935289988585282,38.4644309997384,0.415268456375839,298,0,0,46,0.9524456521739131,0
130.89693,4,0,0,0.0,38.2796359990607,0.9025799990922678,38.30634100086172,0.41387959866220736,299,0,0,46,0.9578804347826086,0
130.93511,4,0,0,0.0,38.148464998812415,0.8865769996191375,38.175952999154106,0.4125,300,0,0,46,0.9633152173913043,0
130.97374,4,0,0,0.0,38.60236500258907,0.9056420021806844,38.628023001365364,0.4111295681063123,301,0,0,46,0.96875,0
131.01188,4,0,0,0.0,38.103175997093786,0.8890150020306464,38.132137997308746,0.4097682119205298,302,0,0,47,0.9534574468085106,0
131.04954,4,0,0,0.0,37.62979800012545,0.9045309998327866,37.655090000043856,0.40841584158415845,303,0,0,47,0.9587765957446809,0
131.0878,4,0,0,0.0,38.234272000408964,0.8969740010797977,38.2621589997143,0.40707236842105265,304,0,0,48,0.9440104166666666,0
131.12611,4,0,0,0.0,38.27548299886985,0.891937997948844,38.30212200045935,0.40573770491803274,305,0,0,48,0.94921875,0
131.16421,4,0,0,0.0,38.074457999755396,0.9206180002365727,38.09797400026582,0.40441176470588236,306,0,0,48,0.9544270833333334,0
131.20255,4,0,0,0.0,38.30877899963525,0.8923069981392473,38.33429199949023,0.40309446254071657,307,0,0,48,0.9596354166666666,0
131.24044,4,0,0,0.0,37.85943199909525,0.887050002347678,37.88551800244022,0.4017857142857143,308,0,0,48,0.96484375,0
131.27871,4,0,0,0.0,38.24397499920451,0.8986979992187116,38.26920500068809,0.4004854368932039,309,0,0,48,0.9700520833333334,0
131.31672,4,0,0,0.0,37.97725800177432,0.9418729969183914,38.00159599995823,0.39919354838709675,310,0,0,48,0.9752604166666666,0
131.35409,4,0,0,0.0,37.34533500028192,0.8984910018625669,37.37007199742948,0.39790996784565913,311,0,0,49,0.9604591836734694,0
131.39208,4,0,0,0.0,37.957122000079835,0.9295220006606542,37.98111899959622,0.3966346153846154,312,0,0,49,0.9655612244897959,0
131.43014,4,0,0,0.0,38.02928699951735,0.9174280021397863,38.06326699850615,0.395367412140575,313,0,0,42,0.9657738095238095,0
131.46768,3,0,0,0.0,37.51488699708716,0.810800996987382,37.53795999728027,0.3110403397027601,314,0,0,42,0.9702380952380952,0
131.50497,3,0,0,0.0,37.25820200270391,0.7686099997954443,37.28475300158607,0.31005291005291,315,0,0,42,0.9747023809523809,0
131.54226,3,0,0,0.0,37.26500399716315,0.7914390007499605,37.28958099964075,0.30907172995780585,316,0,0,42,0.9791666666666666,0
131.57971,3,0,0,0.0,37.41937999802758,0.7866439991630614,37.442810000356985,0.3080967402733964,317,0,0,42,0.9836309523809523,0
131.6172,3,0,0,0.0,37.45647799951257,0.7803549997333903,37.48492899831035,0.3071278825995807,318,0,0,43,0.9651162790697675,0
131.65411,3,0,0,0.0,36.87700400041649,0.8041789988055825,36.899706999975024,0.3061650992685475,319,0,0,43,0.9694767441860465,0
131.69144,3,0,0,0.0,37.302709999494255,0.8109410009637941,37.330955998186255,0.3052083333333333,320,0,0,44,0.9517045454545454,0
131.7288,3,0,0,0.0,37.31956000046921,0.7980650007084478,37.35363200030406,0.30425752855659394,321,0,0,23,0.9538043478260869,0
131.76609,2,0,0,0.0,37.26506400198559,0.6506140016426798,37.288519997673575,0.28073770491803274,244,0,0,23,0.9592391304347826,0
131.80318,2,0,0,0.0,37.06008399967686,0.6674189971818123,37.084744002640946,0.2795918367346939,245,0,0,23,0.9646739130434783,0
131.84036,2,0,0,0.0,37.152360997424694,0.6594289989152458,37.17873999994481,0.2784552845528455,246,0,0,23,0.970108695652174,0
131.87685,2,0,0,0.0,36.45876099835732,0.7296389994735364,36.48353799871984,0.2773279352226721,247,0,0,23,0.9755434782608695,0
131.9141,2,0,0,0.0,37.229761997878086,0.6602469984500203,37.25408500031335,0.27620967741935487,248,0,0,23,0.9809782608695652,0
131.95121,2,0,0,0.0,37.071564998768736,0.669254000968067,37.096455998835154,0.2751004016064257,249,0,0,24,0.9453125,0
131.98843,2,0,0,0.0,37.191696999798296,0.6653159980487544,37.216831999103306,0.274,250,0,0,24,0.9505208333333334,0
132.02544,2,0,0,0.0,36.98287299994263,0.6616460013901815,37.005629998020595,0.2729083665338645,251,0,0,24,0.9557291666666666,0
132.06297,2,0,0,0.0,37.50196200053324,0.6623829976888373,37.525314997765236,0.27182539682539686,252,0,0,24,0.9609375,0
132.09998,2,0,0,0.0,36.98929600068368,0.6633680022787303,37.01204899698496,0.2707509881422925,253,0,0,24,0.9661458333333334,0
132.13711,2,0,0,0.0,37.105530998815084,0.6622430009883828,37.128518997633364,0.2696850393700787,254,0,0,24,0.9713541666666666,0
132.17326,2,0,0,0.0,36.12040900043212,0.6865069990453776,36.14238999944064,0.2686274509803922,255,0,0,24,0.9765625,0
132.21046,2,0,0,0.0,37.17290100030368,0.643019000563072,37.19978699882631,0.267578125,256,0,0,25,0.9425,0
132.24734,2,0,0,0.0,36.84807399986312,0.6329249990812968,36.87115499997162,0.2665369649805448,257,0,0,25,0.9475,0
132.28444,2,0,0,0.0,37.07915899940417,0.6377580029948149,37.10174899970298,0.2655038759689923,258,0,0,25,0.9525,0
132.32131,2,0,0,0.0,36.83493599965004,0.6477060014731251,36.85858999961056,0.2644787644787645,259,0,0,25,0.9575,0
132.35823,2,0,0,0.0,36.89333600050304,0.641421000182163,36.924455998814665,0.2634615384615384,260,0,0,25,0.9625,0
132.39502,2,0,0,0.0,36.75497800213634,0.659342000290053,36.778248999326024,0.2624521072796935,261,0,0,25,0.9675,0
132.43194,2,0,0,0.0,36.89362599834567,0.6598520012630615,36.917184999765595,0.2614503816793893,262,0,0,25,0.9725,0
132.46818,2,0,0,0.0,36.21405100057018,0.6675040021946188,36.23715299909236,0.2604562737642585,263,0,0,25,0.9775,0
132.50505,2,0,0,0.0,36.84601300119539,0.6555889995070174,36.869611001748126,0.259469696969697,264,0,0,25,0.9825,0
132.54196,2,0,0,0.0,36.87768000236247,0.6825249984103721,36.90339899912942,0.2584905660377359,265,0,0,26,0.9495192307692307,0
132.57913,2,0,0,0.0,37.144244997762144,0.6829729973105714,37.16834700026084,0.25751879699248126,266,0,0,26,0.9543269230769231,0
132.61633,2,0,0,0.0,37.168106999160955,0.674134000291815,37.193437998212175,0.25655430711610483,267,0,0,26,0.9591346153846154,0
132.65352,2,0,0,0.0,37.16784700009157,0.6661229999735951,37.19073599859257,0.2555970149253731,268,0,0,26,0.9639423076923077,0
132.69055,2,0,0,0.0,37.00337000191212,0.645273998088669,37.029104998509865,0.25464684014869887,269,0,0,26,0.96875,0
132.72732,2,0,0,0.0,36.73322000031476,0.6613469995500054,36.75905600175611,0.25370370370370365,270,0,0,26,0.9735576923076923,0
132.76359,2,0,0,0.0,36.242104000848485,0.6623530025535729,36.267248000513064,0.25276752767527677,271,0,0,26,0.9783653846153846,0
132.80803,2,0,0,0.0,44.40835499917739,0.6548140008817427,44.43883400017512,0.25183823529411764,272,0,0,27,0.9467592592592593,0
132.85622,2,0,0,0.0,48.15543299991987,0.9126509976340458,48.18015300043044,0.2509157509157509,273,0,0,27,0.9513888888888888,0
132.89572,2,0,0,0.0,39.4730799998797,0.8624200017948169,39.497005000157515,0.25,274,0,0,27,0.9560185185185185,0
132.93272,2,0,0,0.0,36.97111300061806,0.6676220000372268,36.99476499969023,0.24909090909090914,275,0,0,27,0.9606481481481481,0
132.96951,2,0,0,0.0,36.750345996551914,0.6429079985537101,36.78642899831175,0.24818840579710144,276,0,0,27,0.9652777777777778,0
133.00615,2,0,0,0.0,36.60287900129333,0.6554749998031184,36.643523002567235,0.24729241877256314,277,0,0,18,0.9652777777777778,0
133.03875,1,0,0,0.0,32.57077200032654,0.6083320004108828,32.591231996775605,0.0,278,0,0,18,0.96875,0
133.0718,1,0,0,0.0,33.02769999936572,0.5896430011489429,33.04865800237167,0.0,279,0,0,18,0.9722222222222222,0
133.10472,1,0,0,0.0,32.886436998524005,0.6019279971951619,32.908494998991955,0.0,280,0,0,18,0.9756944444444444,0
133.13738,1,0,0,0.0,32.63708300073631,0.5830430018249899,32.658117001119535,0.0,281,0,0,18,0.9791666666666666,0
133.17032,1,0,0,0.0,32.91350200015586,0.5786449983133934,32.934365000983234,0.0,282,0,0,18,0.9826388888888888,0
133.20332,1,0,0,0.0,32.97879300225759,0.599474002228817,33.00115599995479,0.0,283,0,0,18,0.9861111111111112,0
133.23637,1,0,0,0.0,33.02581800016924,0.6088629997975659,33.04667499833158,0.0,284,0,0,18,0.9895833333333334,0
133.26947,1,0,0,0.0,33.074988998123445,0.5967099968984257,33.0951459982316,0.0,285,0,0,18,0.9930555555555556,0
133.30234,1,0,0,0.0,32.84157899906859,0.572557000850793,32.86310499970568,0.0,286,0,0,18,0.9965277777777778,0
133.3351,1,0,0,0.0,32.735492997744586,0.5884060010430403,32.757092001702404,0.0,287,0,0,18,1.0,0
133.36806,1,0,0,0.0,32.9344019992277,0.5991110010654666,32.95706599965342,0.0,288,0,0,19,0.9506578947368421,0
133.40085,1,0,0,0.0,32.76307800115319,0.6260059999476653,32.78402199794073,0.0,289,0,0,19,0.9539473684210527,0
133.43362,1,0,0,0.0,32.74796700134175,0.603559998126002,32.767785000032745,0.0,290,0,0,19,0.9572368421052632,0
133.46643,1,0,0,0.0,32.79215099973953,0.5637649992422666,32.810378001158824,0.0,291,0,0,19,0.9605263157894737,0
133.49888,1,0,0,0.0,32.4248280012398,0.59215600049356,32.44506299961358,0.0,292,0,0,19,0.9638157894736842,0
133.53162,1,0,0,0.0,32.71876699727727,0.6195159985509235,32.73988100045244,0.0,293,0,0,19,0.9671052631578947,0
133.56436,1,0,0,0.0,32.71188700091443,0.5936470006417949,32.73067899863236,0.0,294,0,0,19,0.9703947368421053,0
133.59696,1,0,0,0.0,32.57968699836056,0.5901540025661234,32.60050500102807,0.0,295,0,0,19,0.9736842105263158,0
133.62961,1,0,0,0.0,32.619134999549715,0.5947280005784705,32.646380001096986,0.0,296,0,0,0,0.0,0
