t_s,batch,n_prefill,prefill_tokens,prefill_ms,decode_ms,gather_ms,iteration_ms,padding_waste,context_max,waiting,preempted,kv_blocks_used,kv_slot_utilization,wasted_decode_tokens
0.04978,1,1,235,26.449367996974615,23.289635002583964,0.5742639987147413,49.777356998674804,0.0,235,0,0,15,0.9833333333333333,0
0.07326,1,0,0,0.0,23.443483998562442,0.5400660011218861,23.467830000299728,0.0,236,0,0,15,0.9875,0
0.0966,1,0,0,0.0,23.31939099894953,0.5873209993296769,23.34088700081338,0.0,237,0,0,15,0.9916666666666667,0
0.1198,1,0,0,0.0,23.175605998403626,0.5447010007628705,23.196346999611706,0.0,238,0,0,15,0.9958333333333333,0
0.14285,1,0,0,0.0,23.022099998343037,0.523975002579391,23.044075998768676,0.0,239,0,0,15,1.0,0
0.16629,1,0,0,0.0,23.4131659999548,0.5287669991957955,23.436342999048065,0.0,240,0,0,16,0.94140625,0
0.18934,1,0,0,0.0,23.021919001621427,0.5636660025629681,23.042755001370097,0.0,241,0,0,16,0.9453125,0
0.21349,1,0,0,0.0,24.12777700010338,0.5404620023909956,24.147805001121014,0.0,242,0,0,16,0.94921875,0
0.23704,1,0,0,0.0,23.519358001067303,0.5539410012715962,23.543423998489743,0.0,243,0,0,16,0.953125,0
0.26041,1,0,0,0.0,23.33906900094007,0.569088999327505,23.360364997643046,0.0,244,0,0,16,0.95703125,0
0.28353,1,0,0,0.0,23.101915001461748,0.5547580003621988,23.12147199700121,0.0,245,0,0,16,0.9609375,0
0.30684,1,0,0,0.0,23.266174001037143,0.5368499987525865,23.303985999518773,0.0,246,0,0,16,0.96484375,0
0.33008,1,0,0,0.0,23.212160002003657,0.5469140014611185,23.232941999594914,0.0,247,0,0,16,0.96875,0
0.35315,1,0,0,0.0,23.047998001857195,0.5358689995773602,23.070818002452143,0.0,248,0,0,16,0.97265625,0
0.37645,1,0,0,0.0,23.268206998181995,0.5374200009100605,23.29024400023627,0.0,249,0,0,16,0.9765625,0
0.39982,1,0,0,0.0,23.347795999143273,0.5820699989271816,23.386511002172483,0.0,250,0,0,16,0.98046875,0
0.42303,1,0,0,0.0,23.160009001003345,0.5393270002969075,23.18043300329009,0.0,251,0,0,16,0.984375,0
0.44639,1,0,0,0.0,23.33375300077023,0.5370049984776415,23.35652599867899,0.0,252,0,0,16,0.98828125,0
0.47014,1,0,0,0.0,23.724855000182288,0.5852640024386346,23.74847000100999,0.0,253,0,0,16,0.9921875,0
0.49346,1,0,0,0.0,23.2957689986506,0.5646780009556096,23.31699099886464,0.0,254,0,0,16,0.99609375,0
0.51764,1,0,0,0.0,24.149904998921556,0.5567819971474819,24.170508000679547,0.0,255,0,0,16,1.0,0
0.54196,1,0,0,0.0,24.297522999404464,0.5691480000677984,24.324955000338377,0.0,256,0,0,17,0.9448529411764706,0
0.56565,1,0,0,0.0,23.654745000385446,0.5716189989470877,23.67599300123402,0.0,257,0,0,17,0.9485294117647058,0
0.58914,1,0,0,0.0,23.466708000341896,0.5623990000458434,23.4898169983353,0.0,258,0,0,17,0.9522058823529411,0
0.61554,1,0,0,0.0,26.37440900070942,0.5508889989869203,26.399827002023812,0.0,259,0,0,17,0.9558823529411765,0
0.63943,1,0,0,0.0,23.855906998505816,0.5894019996048883,23.879262000264134,0.0,260,0,0,17,0.9595588235294118,0
0.66331,1,0,0,0.0,23.848335000366205,0.6040230000508018,23.86889199988218,0.0,261,0,0,17,0.9632352941176471,0
0.68726,1,0,0,0.0,23.92704500016407,0.5748949988628738,23.95092399819987,0.0,262,0,0,17,0.9669117647058824,0
0.71119,1,0,0,0.0,23.905210000521038,0.5855780000274535,23.926967001898447,0.0,263,0,0,17,0.9705882352941176,0
0.73495,1,0,0,0.0,23.73583000007784,0.5646150020766072,23.75724900048226,0.0,264,0,0,17,0.9742647058823529,0
0.75881,1,0,0,0.0,23.830866000935202,0.5415899977379013,23.851803001889493,0.0,265,0,0,17,0.9779411764705882,0
0.78296,1,0,0,0.0,24.104803000227548,0.55280699962168,24.143897000612924,0.0,266,0,0,17,0.9816176470588235,0
0.80674,1,0,0,0.0,23.750981003104243,0.5667620025633369,23.77297899874975,0.0,267,0,0,17,0.9852941176470589,0
0.83051,1,0,0,0.0,23.748882998916088,0.5430620003608055,23.769834999257,0.0,268,0,0,17,0.9889705882352942,0
0.85462,1,0,0,0.0,24.08158700200147,0.5619330004265066,24.10348800185602,0.0,269,0,0,17,0.9926470588235294,0
0.87842,1,0,0,0.0,23.778492999554146,0.5602929995802697,23.797663001460023,0.0,270,0,0,17,0.9963235294117647,0
0.90198,1,0,0,0.0,23.536560001957696,0.5583959973591845,23.555314997793175,0.0,271,0,0,17,1.0,0
0.92584,1,0,0,0.0,23.817149998649256,0.5364409989851993,23.855269002524437,0.0,272,0,0,18,0.9479166666666666,0
0.94948,1,0,0,0.0,23.609599000337766,0.5424379996838979,23.638712998945266,0.0,273,0,0,18,0.9513888888888888,0
0.97323,1,0,0,0.0,23.714678001852008,0.5598549978458323,23.734434998914367,0.0,274,0,0,18,0.9548611111111112,0
0.99701,1,0,0,0.0,23.7644429980719,0.5468820017995313,23.78511200004141,0.0,275,0,0,18,0.9583333333333334,0
1.02081,1,0,0,0.0,23.76661499874899,0.5575780014623888,23.7881950015435,0.0,276,0,0,18,0.9618055555555556,0
1.07459,2,1,201,24.535894001019187,29.185135001171147,0.9111389990721364,53.77677299838979,0.13718411552346566,277,0,0,31,0.967741935483871,0
1.13368,4,2,354,29.0357000012591,30.001020000781864,0.9915410009853076,59.085287000925746,0.25,278,0,0,54,0.9699074074074074,0
1.16214,4,0,0,0.0,28.430198999558343,0.797377997514559,28.456530002586078,0.2491039426523297,279,0,0,55,0.9568181818181818,0
1.1915,4,0,0,0.0,29.330759000004036,1.1165020005137194,29.354954000154976,0.24821428571428572,280,0,0,55,0.9613636363636363,0
1.22038,4,0,0,0.0,28.852245002781274,0.8026010000321548,28.87801299948478,0.24733096085409256,281,0,0,55,0.9659090909090909,0
1.24958,4,0,0,0.0,29.168705001211492,0.834051999845542,29.194316997745773,0.2464539007092199,282,0,0,55,0.9704545454545455,0
1.27871,4,0,0,0.0,29.09708199877059,0.8267100020020735,29.11953600050765,0.24558303886925792,283,0,0,55,0.975,0
1.30775,4,0,0,0.0,29.007854998781113,0.8086310008366127,29.04343800037168,0.24471830985915488,284,0,0,38,0.9490131578947368,0
1.33794,3,0,0,0.0,30.152691000694176,0.7275079988176003,30.177606000506785,0.21815718157181574,246,0,0,38,0.9539473684210527,0
1.36552,3,0,0,0.0,27.555175001907628,0.6798949980293401,27.57531499810284,0.21727395411605943,247,0,0,38,0.9588815789473685,0
1.39379,3,0,0,0.0,28.240793999430025,0.6936959980521351,28.264384000067366,0.21639784946236562,248,0,0,38,0.9638157894736842,0
1.42185,3,0,0,0.0,28.03779800160555,0.7110029982868582,28.0606890009949,0.21552878179384205,249,0,0,38,0.96875,0
1.44998,3,0,0,0.0,28.095036002923734,0.6823130024713464,28.119898001023103,0.21466666666666667,250,0,0,38,0.9736842105263158,0
1.47828,3,0,0,0.0,28.276511999138165,0.6864429997222032,28.29971800019848,0.21381142098273576,251,0,0,38,0.9786184210526315,0
1.50632,3,0,0,0.0,28.00563799974043,0.7158309999795165,28.03078400029335,0.2129629629629629,252,0,0,39,0.9583333333333334,0
1.53594,3,0,0,0.0,29.598257002362516,0.8719590005057398,29.623694998008432,0.21212121212121215,253,0,0,39,0.9631410256410257,0
1.5642,3,0,0,0.0,28.226616999745602,0.7100299990270287,28.247459002159303,0.21128608923884518,254,0,0,39,0.967948717948718,0
1.59158,3,0,0,0.0,27.35546000258182,0.7065539975883439,27.377399997931207,0.2104575163398693,255,0,0,39,0.9727564102564102,0
1.61969,3,0,0,0.0,28.077473001758335,0.7085459983500186,28.102814001613297,0.20963541666666663,256,0,0,40,0.953125,0
1.67167,4,1,98,23.64035700156819,28.29848200053675,0.7524329994339496,51.97812999904272,0.311284046692607,257,0,0,47,0.9468085106382979,0
1.69993,4,0,0,0.0,28.233918001205893,0.7769499970891047,28.258852998988004,0.31007751937984496,258,0,0,47,0.9521276595744681,0
1.72809,4,0,0,0.0,28.130702001362806,0.7535449985880405,28.153093000582885,0.30888030888030893,259,0,0,47,0.9574468085106383,0
1.75624,4,0,0,0.0,28.118532998632872,0.7532750023528934,28.14293299888959,0.3076923076923077,260,0,0,47,0.9627659574468085,0
1.78457,4,0,0,0.0,28.298023997194832,0.7705380012339447,28.324654998868937,0.30651340996168586,261,0,0,48,0.9479166666666666,0
1.8126,4,0,0,0.0,27.998596997349523,0.7821689978300128,28.02151699870592,0.30534351145038163,262,0,0,48,0.953125,0
1.83998,4,0,0,0.0,27.352291999704903,0.767980996897677,27.37653399890405,0.30418250950570347,263,0,0,48,0.9583333333333334,0
1.86824,4,0,0,0.0,28.231308002432343,0.763587999244919,28.252789001271594,0.303030303030303,264,0,0,48,0.9635416666666666,0
1.89619,4,0,0,0.0,27.925239999603946,0.7506869987992104,27.946468002483016,0.30188679245283023,265,0,0,48,0.96875,0
1.92429,4,0,0,0.0,28.07275599843706,0.7387820005533285,28.096802001527976,0.3007518796992481,266,0,0,48,0.9739583333333334,0
1.9524,4,0,0,0.0,28.08310600084951,0.76622199776466,28.107403999456437,0.29962546816479396,267,0,0,48,0.9791666666666666,0
1.98076,4,0,0,0.0,28.32103499895311,0.7879350014263764,28.356548998999642,0.29850746268656714,268,0,0,49,0.9642857142857143,0
2.00897,4,0,0,0.0,28.18448600010015,0.7886999992479105,28.208998999616597,0.2973977695167286,269,0,0,49,0.9693877551020408,0
2.03713,4,0,0,0.0,28.124106996983755,0.7681880015297793,28.14690599916503,0.2962962962962963,270,0,0,49,0.9744897959183674,0
2.06462,4,0,0,0.0,27.460643999802414,0.7498500017391052,27.48394100126461,0.2952029520295203,271,0,0,50,0.96,0
2.09279,4,0,0,0.0,28.141695001977496,0.7823410014680121,28.16925099978107,0.2941176470588235,272,0,0,51,0.946078431372549,0
2.12102,4,0,0,0.0,28.197179999551736,0.7695000022067688,28.220542997587472,0.293040293040293,273,0,0,51,0.9509803921568627,0
2.14918,4,0,0,0.0,28.13568499914254,0.7563639992440585,28.15930300130276,0.291970802919708,274,0,0,51,0.9558823529411765,0
2.17758,4,0,0,0.0,28.369066003506305,0.7614799978910014,28.39152600063244,0.2909090909090909,275,0,0,51,0.9607843137254902,0
2.20584,4,0,0,0.0,28.220936001162045,0.8034540005610324,28.257205998670543,0.28985507246376807,276,0,0,51,0.9656862745098039,0
2.23421,4,0,0,0.0,28.342659999907482,0.770037997426698,28.36963599838782,0.2888086642599278,277,0,0,52,0.9519230769230769,0
2.26281,4,0,0,0.0,28.565377000631997,0.8040549982979428,28.587962999154115,0.28776978417266186,278,0,0,52,0.9567307692307693,0
2.29042,4,0,0,0.0,27.59097899979679,0.7843739986128639,27.61383899996872,0.28673835125448033,279,0,0,52,0.9615384615384616,0
2.31869,4,0,0,0.0,28.23439299754682,0.7981379967532121,28.259014998184284,0.2857142857142857,280,0,0,52,0.9663461538461539,0
2.34706,4,0,0,0.0,28.34707299916772,0.8185070000763517,28.370802996505518,0.2846975088967971,281,0,0,52,0.9711538461538461,0
2.37526,4,0,0,0.0,28.167642001790227,0.773046998801874,28.189041000587167,0.2836879432624113,282,0,0,52,0.9759615384615384,0
2.4035,4,0,0,0.0,28.216774000611622,0.7898310032032896,28.23953599727247,0.2826855123674912,283,0,0,52,0.9807692307692307,0
2.43165,4,0,0,0.0,28.113218999351375,0.8107270004984457,28.139439000369748,0.2816901408450704,284,0,0,53,0.9669811320754716,0
2.46011,4,0,0,0.0,28.434840998670552,0.8125620006467216,28.457770000386517,0.2807017543859649,285,0,0,53,0.9716981132075472,0
2.48862,4,0,0,0.0,28.482755998993525,0.9193459991365671,28.50692900028662,0.2797202797202797,286,0,0,53,0.9764150943396226,0
2.51686,4,0,0,0.0,28.21021199997631,0.826955001684837,28.240551000635605,0.2787456445993032,287,0,0,54,0.9629629629629629,0
2.54538,4,0,0,0.0,28.481428998929914,0.7986249984242022,28.511402000731323,0.2777777777777778,288,0,0,55,0.95,0
2.57393,4,0,0,0.0,28.520984000351746,0.8298909997392911,28.543854001327418,0.2768166089965398,289,0,0,55,0.9545454545454546,0
2.6021,4,0,0,0.0,28.14602500075125,0.8060879990807734,28.16893999988679,0.27586206896551724,290,0,0,55,0.9590909090909091,0
2.6303,4,0,0,0.0,28.17436599798384,0.7868629982112907,28.197342002385994,0.27491408934707906,291,0,0,55,0.9636363636363636,0
2.65849,4,0,0,0.0,28.158045999589376,0.8297770000353921,28.1828070001211,0.273972602739726,292,0,0,55,0.9681818181818181,0
2.68677,4,0,0,0.0,28.245819001313066,0.8203280012821779,28.27197199803777,0.273037542662116,293,0,0,56,0.9553571428571429,0
2.71516,4,0,0,0.0,28.36753700103145,0.8219800001825206,28.391415002261056,0.27210884353741494,294,0,0,56,0.9598214285714286,0
2.74272,4,0,0,0.0,27.533749002031982,0.8045680006034672,27.55638199960231,0.27118644067796616,295,0,0,56,0.9642857142857143,0
2.77118,4,0,0,0.0,28.415832999598933,0.8156900003086776,28.447071999835316,0.2702702702702703,296,0,0,56,0.96875,0
2.79952,4,0,0,0.0,28.302455000812188,0.8316960011143237,28.334984999673907,0.26936026936026936,297,0,0,37,0.9695945945945946,0
2.82758,3,0,0,0.0,28.040221997798653,0.7124869989638682,28.063122001185548,0.2669220945083014,261,0,0,37,0.9746621621621622,0
2.85561,3,0,0,0.0,28.002057999401586,0.6866670009912923,28.027091997500975,0.26590330788804073,262,0,0,37,0.9797297297297297,0
2.88331,3,0,0,0.0,27.668109003570862,0.7142030008253641,27.69201599949156,0.26489226869455007,263,0,0,38,0.9588815789473685,0
2.91126,3,0,0,0.0,27.919522999582114,0.692704001266975,27.940459000092233,0.26388888888888884,264,0,0,38,0.9638157894736842,0
2.9396,3,0,0,0.0,28.322125999693526,0.696592000167584,28.344741000182694,0.26289308176100634,265,0,0,38,0.96875,0
2.96861,3,0,0,0.0,28.967138001462445,0.7081209987518378,28.99621599863167,0.26190476190476186,266,0,0,39,0.9487179487179487,0
3.00044,3,0,0,0.0,31.810115000553196,0.9595329975127243,31.83352399719297,0.2609238451935081,267,0,0,39,0.9535256410256411,0
3.02956,3,0,0,0.0,29.07048099950771,0.7198109997261781,29.105409998010146,0.25995024875621886,268,0,0,27,0.9629629629629629,0
3.05875,2,0,0,0.0,29.15955199932796,0.6683179999527056,29.184017999796197,0.22676579925650553,269,0,0,27,0.9675925925925926,0
3.08745,2,0,0,0.0,28.671042000496527,0.66589200287126,28.69357300005504,0.22592592592592597,270,0,0,27,0.9722222222222222,0
3.11588,2,0,0,0.0,28.397505000612,0.6656270015810151,28.42271099871141,0.22509225092250917,271,0,0,27,0.9768518518518519,0
3.14421,2,0,0,0.0,28.3037389999663,0.6472629975178279,28.329299999313662,0.22426470588235292,272,0,0,28,0.9464285714285714,0
3.17248,2,0,0,0.0,28.241418000106933,0.6557619999512099,28.271946997847408,0.22344322344322343,273,0,0,28,0.9508928571428571,0
3.20064,2,0,0,0.0,28.12018300028285,0.6380980012181681,28.1436279983609,0.22262773722627738,274,0,0,28,0.9553571428571429,0
3.22978,2,0,0,0.0,29.108488000929356,0.6463869976869319,29.13338199869031,0.2218181818181818,275,0,0,28,0.9598214285714286,0
3.28369,3,1,146,25.133675000688527,28.73236799860024,0.6886349983687978,53.906565000943374,0.30434782608695654,276,0,0,38,0.9523026315789473,0
3.3124,3,0,0,0.0,28.680491999693913,0.7079329989210237,28.70397500009858,0.30324909747292417,277,0,0,38,0.9572368421052632,0
3.34211,3,0,0,0.0,29.68533100283821,0.7119149995560292,29.71017799791298,0.302158273381295,278,0,0,38,0.962171052631579,0
3.37266,3,0,0,0.0,30.521669999870937,0.7472200013580732,30.54561399767408,0.30107526881720426,279,0,0,38,0.9671052631578947,0
3.40206,3,0,0,0.0,29.36715600299067,0.7624499994562939,29.3913750028878,0.30000000000000004,280,0,0,38,0.9720394736842105,0
3.43095,3,0,0,0.0,28.859754002041882,0.6985129984968808,28.884698996989755,0.29893238434163705,281,0,0,38,0.9769736842105263,0
3.46024,3,0,0,0.0,29.263029999128776,0.7626370024809148,29.292012000951217,0.2978723404255319,282,0,0,39,0.9567307692307693,0
3.48897,3,0,0,0.0,28.696299999865005,0.7255919990711845,28.71964299993124,0.2968197879858657,283,0,0,39,0.9615384615384616,0
3.51765,3,0,0,0.0,28.652078999584774,0.6817409994255286,28.676041001745034,0.295774647887324,284,0,0,39,0.9663461538461539,0
3.54642,3,0,0,0.0,28.74144800080103,0.7247659996210132,28.764029000740265,0.2947368421052632,285,0,0,39,0.9711538461538461,0
3.57518,3,0,0,0.0,28.737859000102617,0.7171470024331938,28.76006499718642,0.29370629370629375,286,0,0,39,0.9759615384615384,0
3.60331,3,0,0,0.0,28.096385001845192,0.7199159990705084,28.120557999500306,0.29268292682926833,287,0,0,39,0.9807692307692307,0
3.63162,3,0,0,0.0,28.273433999856934,0.7232700008898973,28.299689998675603,0.29166666666666663,288,0,0,40,0.9609375,0
3.66,3,0,0,0.0,28.343834997940576,0.7043900004646275,28.369501000270247,0.2906574394463668,289,0,0,40,0.965625,0
3.68867,3,0,0,0.0,28.64126100030262,0.7192480006779078,28.66469800210325,0.2896551724137931,290,0,0,41,0.9466463414634146,0
3.71701,3,0,0,0.0,28.312974998698337,0.7624069985467941,28.334810998785542,0.28865979381443296,291,0,0,41,0.9512195121951219,0
3.74534,3,0,0,0.0,28.306027001235634,0.6981909973546863,28.32937499988475,0.28767123287671237,292,0,0,41,0.9557926829268293,0
3.77612,3,0,0,0.0,30.74497199850157,0.7323190002352931,30.767799999011913,0.2866894197952219,293,0,0,41,0.9603658536585366,0
3.80468,3,0,0,0.0,28.539947998069692,0.7429860015690792,28.56178499860107,0.2857142857142857,294,0,0,41,0.9649390243902439,0
3.83281,3,0,0,0.0,28.098901002522325,0.71650499739917,28.120762999606086,0.28474576271186436,295,0,0,41,0.9695121951219512,0
3.86158,3,0,0,0.0,28.72795999792288,0.7154849990911316,28.764613998646382,0.28378378378378377,296,0,0,41,0.9740853658536586,0
3.8901,3,0,0,0.0,28.49233500091941,0.7628419989487156,28.515505997347645,0.2828282828282829,297,0,0,41,0.9786585365853658,0
3.91852,3,0,0,0.0,28.395885001373244,0.738880000426434,28.41980599987437,0.2818791946308725,298,0,0,42,0.9598214285714286,0
3.97127,4,1,207,24.100015998556046,28.60388199769659,0.8080570005404297,52.742407999176066,0.2876254180602007,299,0,0,55,0.9727272727272728,0
4.00414,4,0,0,0.0,32.842445998539915,0.8496980008203536,32.87043400268885,0.2866666666666666,300,0,0,56,0.9598214285714286,0
4.03881,4,0,0,0.0,34.642426999198506,1.0214329995505977,34.66697200201452,0.2857142857142857,301,0,0,56,0.9642857142857143,0
4.06794,4,0,0,0.0,29.08851299798698,0.8165180006471928,29.110882001987193,0.2847682119205298,302,0,0,56,0.96875,0
4.09653,4,0,0,0.0,28.562218001752626,1.1204170004930347,28.587557997525437,0.2838283828382838,303,0,0,56,0.9732142857142857,0
4.126,4,0,0,0.0,29.42878699832363,0.83447100041667,29.456667998601915,0.2828947368421053,304,0,0,57,0.9605263157894737,0
4.15515,4,0,0,0.0,29.118844999175053,0.8335380007338244,29.14464700006647,0.28196721311475414,305,0,0,57,0.9649122807017544,0
4.18436,4,0,0,0.0,29.182668000430567,0.8502640012011398,29.209584998170612,0.28104575163398693,306,0,0,58,0.9525862068965517,0
4.21332,4,0,0,0.0,28.93202000268502,0.8572459992137738,28.955285997653846,0.28013029315960913,307,0,0,58,0.9568965517241379,0
4.24246,4,0,0,0.0,29.08496300005936,0.8412179995502811,29.119069000444142,0.27922077922077926,308,0,0,46,0.9578804347826086,0
4.27141,3,0,0,0.0,28.920026998093817,0.751233001210494,28.942433000338497,0.23948220064724923,309,0,0,46,0.9619565217391305,0
4.30041,3,0,0,0.0,28.965143003006233,0.7559689984191209,28.998170997510897,0.2387096774193549,310,0,0,26,0.9615384615384616,0
4.32927,2,0,0,0.0,28.834708999056602,0.6677389974356629,28.860160000476753,0.08675799086757996,219,0,0,26,0.9663461538461539,0
4.35787,2,0,0,0.0,28.565871998580405,0.6502750002255198,28.589811001438648,0.08636363636363631,220,0,0,26,0.9711538461538461,0
4.38672,2,0,0,0.0,28.819651997764595,0.6310930002655368,28.841963001468685,0.08597285067873306,221,0,0,26,0.9759615384615384,0
4.41526,2,0,0,0.0,28.519124000013107,0.6432789996324573,28.542383002786664,0.0855855855855856,222,0,0,26,0.9807692307692307,0
4.4433,2,0,0,0.0,28.007789002003847,0.6381210005201865,28.032349997374695,0.08520179372197312,223,0,0,26,0.9855769230769231,0
4.47214,2,0,0,0.0,28.810348001570674,0.6547159973706584,28.834935998020228,0.0848214285714286,224,0,0,27,0.9537037037037037,0
4.50079,2,0,0,0.0,28.620541001146194,0.6315569989965297,28.64357500220649,0.08444444444444443,225,0,0,27,0.9583333333333334,0
4.52938,2,0,0,0.0,28.56542200242984,0.6349590003082994,28.587796001374954,0.08407079646017701,226,0,0,27,0.9629629629629629,0
4.55797,2,0,0,0.0,28.562084000441246,0.6589549993805122,28.585362997546326,0.08370044052863435,227,0,0,27,0.9675925925925926,0
4.58652,2,0,0,0.0,28.520507999928668,0.6287809992500115,28.542021002067486,0.08333333333333337,228,0,0,27,0.9722222222222222,0
4.61514,2,0,0,0.0,28.592353999556508,0.6455449984059669,28.616199000680353,0.08296943231441045,229,0,0,27,0.9768518518518519,0
4.6437,2,0,0,0.0,28.529089999210555,0.6629740018979646,28.555627002788242,0.08260869565217388,230,0,0,28,0.9464285714285714,0
4.67199,2,0,0,0.0,28.26916599951801,0.643936000415124,28.290965001360746,0.08225108225108224,231,0,0,28,0.9508928571428571,0
4.73427,3,1,228,31.148064001172315,31.083049001608742,0.921406000998104,62.27384500016342,0.06034482758620685,232,0,0,43,0.9549418604651163,0
4.76309,3,0,0,0.0,28.786392998881638,0.7376369976554997,28.811755000788253,0.06008583690987124,233,0,0,43,0.9593023255813954,0
4.79237,3,0,0,0.0,29.258727001433726,0.752759999159025,29.280937000294216,0.05982905982905984,234,0,0,43,0.9636627906976745,0
4.827,3,0,0,0.0,34.59582000141381,0.7366110003204085,34.62271500029601,0.05957446808510636,235,0,0,43,0.9680232558139535,0
4.86395,3,0,0,0.0,36.91767499913112,0.9468150019529276,36.942898001143476,0.05932203389830504,236,0,0,43,0.9723837209302325,0
4.89305,3,0,0,0.0,29.075845999614103,0.7520059989474248,29.099570001562824,0.05907172995780585,237,0,0,43,0.9767441860465116,0
4.92177,3,0,0,0.0,28.687967998848762,0.7254449992615264,28.712338000332238,0.05882352941176472,238,0,0,43,0.9811046511627907,0
4.95001,3,0,0,0.0,28.213721001520753,0.7624319987371564,28.237783000804484,0.05857740585774063,239,0,0,43,0.9854651162790697,0
4.9791,3,0,0,0.0,29.059401000267826,0.7296180010598619,29.085776997817447,0.05833333333333335,240,0,0,44,0.9673295454545454,0
5.00788,3,0,0,0.0,28.74519000033615,0.7542329985881224,28.769622000254458,0.05809128630705396,241,0,0,44,0.9715909090909091,0
5.03667,3,0,0,0.0,28.760336001141695,0.7347579994529951,28.785331000108272,0.05785123966942152,242,0,0,44,0.9758522727272727,0
5.06551,3,0,0,0.0,28.810415999032557,0.7445789997291286,28.835899000114296,0.057613168724279795,243,0,0,44,0.9801136363636364,0
5.09466,3,0,0,0.0,29.115468001691625,0.7599649979965761,29.14372099985485,0.05737704918032782,244,0,0,45,0.9625,0
5.1236,3,0,0,0.0,28.912062000017613,0.7598859992867801,28.935768001247197,0.05714285714285716,245,0,0,45,0.9666666666666667,0
5.15215,3,0,0,0.0,28.520235002361005,0.7421250011248048,28.546457000629744,0.05691056910569103,246,0,0,46,0.9497282608695652,0
5.18055,3,0,0,0.0,28.3711569973093,0.7337490023928694,28.394400000252062,0.05668016194331982,247,0,0,46,0.9538043478260869,0
5.20943,3,0,0,0.0,28.847550001955824,0.769310998293804,28.87332700265688,0.056451612903225756,248,0,0,46,0.9578804347826086,0
5.23844,3,0,0,0.0,28.983918000449194,0.77582700032508,29.00900899840053,0.05622489959839361,249,0,0,46,0.9619565217391305,0
5.26724,3,0,0,0.0,28.77258599983179,0.7515990000683814,28.797426999517484,0.05600000000000005,250,0,0,46,0.9660326086956522,0
5.29621,3,0,0,0.0,28.938249000930227,0.7500779975089245,28.961283001990523,0.055776892430278835,251,0,0,46,0.970108695652174,0
5.32493,3,0,0,0.0,28.69046699925093,0.7472109973605257,28.714283998851897,0.05555555555555558,252,0,0,46,0.9741847826086957,0
5.35425,3,0,0,0.0,29.293648000020767,0.7318880016100593,29.318367000087164,0.055335968379446654,253,0,0,46,0.9782608695652174,0
5.38355,3,0,0,0.0,29.27309399819933,0.7751490011287387,29.297959998075385,0.055118110236220486,254,0,0,46,0.9823369565217391,0
5.41296,3,0,0,0.0,29.376023001532303,0.7626939986948855,29.401349998806836,0.05490196078431375,255,0,0,46,0.9864130434782609,0
5.44233,3,0,0,0.0,29.336759998841444,0.7684039992454927,29.365047997998772,0.0546875,256,0,0,47,0.9694148936170213,0
5.47144,3,0,0,0.0,29.080337000777945,0.7679000009375159,29.103558001224883,0.054474708171206254,257,0,0,47,0.973404255319149,0
5.50029,3,0,0,0.0,28.817162001359975,0.7590679997520056,28.842030998930568,0.054263565891472854,258,0,0,47,0.9773936170212766,0
5.53262,3,0,0,0.0,32.301085000653984,0.7632970009581186,32.32790599940927,0.05405405405405406,259,0,0,47,0.9813829787234043,0
5.57123,3,0,0,0.0,38.57975999926566,1.0281489994667936,38.60860599888838,0.05384615384615388,260,0,0,48,0.96484375,0
5.60427,3,0,0,0.0,33.008387003064854,1.006851001875475,33.0319309978222,0.05363984674329503,261,0,0,48,0.96875,0
5.63341,3,0,0,0.0,29.111746000126004,0.8685299981152639,29.13829099998111,0.05343511450381677,262,0,0,49,0.9528061224489796,0
5.66129,3,0,0,0.0,27.851436996570555,0.7637369999429211,27.874901999894064,0.05323193916349811,263,0,0,49,0.9566326530612245,0
5.68978,3,0,0,0.0,28.456198997446336,0.7603379999636672,28.478055002779,0.05303030303030298,264,0,0,49,0.9604591836734694,0
5.71817,3,0,0,0.0,28.371517000778113,0.7455879967892542,28.39272400160553,0.05283018867924527,265,0,0,49,0.9642857142857143,0
5.74655,3,0,0,0.0,28.349461001198506,0.7349690022238065,28.371373999107163,0.052631578947368474,266,0,0,49,0.9681122448979592,0
5.77509,3,0,0,0.0,28.51118100079475,0.7418449968099594,28.53116699770908,0.05243445692883897,267,0,0,49,0.9719387755102041,0
5.80354,3,0,0,0.0,28.407508998498088,0.7460560009349138,28.4473550018447,0.052238805970149294,268,0,0,32,0.96875,0
5.83187,2,0,0,0.0,28.301894999458455,0.6661269981123041,28.323766000539763,0.0641509433962264,265,0,0,32,0.97265625,0
5.86009,2,0,0,0.0,28.194898000947433,0.6314169986580964,28.216030998009956,0.06390977443609025,266,0,0,32,0.9765625,0
5.88842,2,0,0,0.0,28.305849999014754,0.6308169977273792,28.32554299675394,0.06367041198501877,267,0,0,32,0.98046875,0
5.91656,2,0,0,0.0,28.115434000937967,0.6541469992953353,28.137836001405958,0.06343283582089554,268,0,0,32,0.984375,0
5.94471,2,0,0,0.0,28.126565001002746,0.6480350020865444,28.147954002633924,0.06319702602230481,269,0,0,32,0.98828125,0
5.97305,2,0,0,0.0,28.308261000347557,0.6537230001413263,28.328758999123238,0.062962962962963,270,0,0,32,0.9921875,0
6.00069,2,0,0,0.0,27.61502300199936,0.6417509976017755,27.638563002255978,0.0627306273062731,271,0,0,32,0.99609375,0
6.02891,2,0,0,0.0,28.195777998917038,0.6474590009020176,28.219691001140745,0.0625,272,0,0,33,0.9696969696969697,0
6.05732,2,0,0,0.0,28.381318003084743,0.6372030002239626,28.403679996699793,0.06227106227106227,273,0,0,33,0.9734848484848485,0
6.08562,2,0,0,0.0,28.27530300055514,0.6704180013912264,28.297170996665955,0.062043795620437936,274,0,0,34,0.9485294117647058,0
6.11375,2,0,0,0.0,28.107900001486996,0.6478479990619235,28.129374997661216,0.06181818181818177,275,0,0,34,0.9522058823529411,0
6.14198,2,0,0,0.0,28.203276000567712,0.6424179991881829,28.225416001077974,0.061594202898550776,276,0,0,34,0.9558823529411765,0
6.17015,2,0,0,0.0,28.141897997556953,0.6429530003515538,28.163360999315046,0.06137184115523464,277,0,0,34,0.9595588235294118,0
6.19857,2,0,0,0.0,28.395989997079596,0.6648000016866717,28.41637099845684,0.0611510791366906,278,0,0,34,0.9632352941176471,0
6.22631,2,0,0,0.0,27.710064998245798,0.6449539978348184,27.734289000363788,0.06093189964157708,279,0,0,34,0.9669117647058824,0
6.25478,2,0,0,0.0,28.44365700002527,0.6938850019651,28.46676500121248,0.06071428571428572,280,0,0,34,0.9705882352941176,0
6.2832,2,0,0,0.0,28.387719998136163,0.6623170011152979,28.408710000803694,0.06049822064056942,281,0,0,34,0.9742647058823529,0
6.31139,2,0,0,0.0,28.16635499766562,0.6666059998678975,28.188854001200525,0.06028368794326244,282,0,0,34,0.9779411764705882,0
6.3398,2,0,0,0.0,28.378310998959932,0.6810420018155128,28.401442999893334,0.060070671378091856,283,0,0,34,0.9816176470588235,0
6.36807,2,0,0,0.0,28.2410930012702,0.6553540006279945,28.264120999665465,0.059859154929577496,284,0,0,34,0.9852941176470589,0
6.39643,2,0,0,0.0,28.342419002001407,0.658159999147756,28.363845001877053,0.05964912280701751,285,0,0,34,0.9889705882352942,0
6.42461,2,0,0,0.0,28.1511249995674,0.6724619997839909,28.172869999252725,0.05944055944055948,286,0,0,34,0.9926470588235294,0
6.4524,2,0,0,0.0,27.760095999838086,0.6686590022582095,27.781952998338966,0.059233449477351874,287,0,0,34,0.9963235294117647,0
6.48086,2,0,0,0.0,28.43499699883978,0.6783889984944835,28.458523000153946,0.05902777777777779,288,0,0,35,0.9714285714285714,0
6.50912,2,0,0,0.0,28.23195000019041,0.6587090028915554,28.252670999791007,0.05882352941176472,289,0,0,35,0.975,0
6.53987,2,0,0,0.0,30.71889199782163,0.638640998658957,30.743333998543676,0.05862068965517242,290,0,0,36,0.9513888888888888,0
6.56866,2,0,0,0.0,28.772292997018667,0.6719800003338605,28.793236997444183,0.05841924398625431,291,0,0,36,0.9548611111111112,0
6.59745,2,0,0,0.0,28.76104399911128,0.6624809975619428,28.780284003005363,0.05821917808219179,292,0,0,36,0.9583333333333334,0
6.62609,2,0,0,0.0,28.61731400116696,0.6696039999951608,28.63847499975236,0.058020477815699634,293,0,0,36,0.9618055555555556,0
6.65466,2,0,0,0.0,28.543999000248732,0.6678669997199904,28.566484001203207,0.05782312925170063,294,0,0,36,0.9652777777777778,0
6.68291,2,0,0,0.0,28.21807600048487,0.6809869992139284,28.240401999937603,0.057627118644067776,295,0,0,36,0.96875,0
6.7118,2,0,0,0.0,28.866722001112066,0.6705590021738317,28.8906269997824,0.057432432432432456,296,0,0,36,0.9722222222222222,0
6.74062,2,0,0,0.0,28.789783998945495,0.6966079999983776,28.813163000450004,0.0572390572390572,297,0,0,36,0.9756944444444444,0
6.76926,2,0,0,0.0,28.616480001801392,0.6779870018362999,28.639946001931094,0.057046979865771785,298,0,0,36,0.9791666666666666,0
6.79819,2,0,0,0.0,28.893899001559475,0.6934909979463555,28.916180999658536,0.05685618729096986,299,0,0,36,0.9826388888888888,0
6.82696,2,0,0,0.0,28.741455997078447,0.7024070000625215,28.771347999281716,0.05666666666666664,300,0,0,19,0.9901315789473685,0
6.85086,1,0,0,0.0,23.875957002019277,0.6219089991645887,23.899325999082066,0.0,301,0,0,19,0.993421052631579,0
6.87467,1,0,0,0.0,23.783143999025924,0.5763089975516777,23.801968000043416,0.0,302,0,0,19,0.9967105263157895,0
6.89825,1,0,0,0.0,23.553670002002036,0.5815439981233794,23.571531997731654,0.0,303,0,0,19,1.0,0
6.92169,1,0,0,0.0,23.41298499959521,0.5646569989039563,23.433981001289794,0.0,304,0,0,20,0.953125,0
6.94529,1,0,0,0.0,23.575566003273707,0.5759449995821342,23.59550700202817,0.0,305,0,0,20,0.95625,0
6.96902,1,0,0,0.0,23.706972002401017,0.5889599997317418,23.727866999252,0.0,306,0,0,20,0.959375,0
6.99287,1,0,0,0.0,23.82512500116718,0.5686840013368055,23.844244999054354,0.0,307,0,0,20,0.9625,0
7.01655,1,0,0,0.0,23.66040999913821,0.5552110014832579,23.68157599994447,0.0,308,0,0,20,0.965625,0
7.04028,1,0,0,0.0,23.705322997557232,0.579535000724718,23.726106999674812,0.0,309,0,0,20,0.96875,0
7.0642,1,0,0,0.0,23.887406998255756,0.5908899984206073,23.90885700151557,0.0,310,0,0,20,0.971875,0
7.0882,1,0,0,0.0,23.98361800078419,0.5842380014655646,24.00267899793107,0.0,311,0,0,20,0.975,0
7.11185,1,0,0,0.0,23.603266003192402,0.576676000491716,23.638226997718448,0.0,312,0,0,20,0.978125,0
7.13553,1,0,0,0.0,23.65793400167604,0.5526580025616568,23.678133002249524,0.0,313,0,0,20,0.98125,0
7.15923,1,0,0,0.0,23.67574499658076,0.5891039982088841,23.695028001384344,0.0,314,0,0,20,0.984375,0
7.18306,1,0,0,0.0,23.808714999177027,0.5852840004081372,23.827388999052346,0.0,315,0,0,20,0.9875,0
7.20671,1,0,0,0.0,23.620063002454117,0.5721220004488714,23.639184997591656,0.0,316,0,0,20,0.990625,0
7.2304,1,0,0,0.0,23.667691002629,0.5768580012954772,23.68822599964915,0.0,317,0,0,20,0.99375,0
7.25421,1,0,0,0.0,23.784625002008397,0.5914559988013934,23.805016000551404,0.0,318,0,0,20,0.996875,0
7.27825,1,0,0,0.0,24.020296001253882,0.5711929989047348,24.041071999818087,0.0,319,0,0,20,1.0,0
7.30207,1,0,0,0.0,23.786191999533912,0.6008829986967612,23.809452999557834,0.0,320,0,0,21,0.9553571428571429,0
7.32595,1,0,0,0.0,23.858673001086572,0.5768570008513052,23.880587999883574,0.0,321,0,0,21,0.9583333333333334,0
7.3497,1,0,0,0.0,23.72463700157823,0.5841979982506018,23.74564900310361,0.0,322,0,0,21,0.9613095238095238,0
7.3735,1,0,0,0.0,23.77223000075901,0.5944690019532572,23.80039000126999,0.0,323,0,0,21,0.9642857142857143,0
7.39749,1,0,0,0.0,23.95569099826389,0.5884040001546964,23.974740997800836,0.0,324,0,0,21,0.9672619047619048,0
7.42121,1,0,0,0.0,23.696516000200063,0.5890459979127627,23.715529998298734,0.0,325,0,0,21,0.9702380952380952,0
7.44487,1,0,0,0.0,23.63747499839519,0.5689450008503627,23.657467998418724,0.0,326,0,0,21,0.9732142857142857,0
7.46849,1,0,0,0.0,23.600996999448398,0.5727080024371389,23.620675998245133,0.0,327,0,0,21,0.9761904761904762,0
7.52212,2,1,174,25.138326000160305,28.43257899803575,0.6379330006893724,53.608059999533,0.2347560975609756,328,0,0,32,0.984375,0
7.55207,2,0,0,0.0,29.927947998658055,0.6367850000970066,29.94964599929517,0.23404255319148937,329,0,0,32,0.98828125,0
7.58131,2,0,0,0.0,29.21681299994816,0.6599330008612014,29.23901900066994,0.23333333333333328,330,0,0,33,0.9621212121212122,0
7.6097,2,0,0,0.0,28.363037999952212,0.6700719968648627,28.38487999906647,0.23262839879154074,331,0,0,33,0.9659090909090909,0
7.63841,2,0,0,0.0,28.673066997725982,0.6513309999718331,28.695610002614558,0.2319277108433735,332,0,0,33,0.9696969696969697,0
7.66714,2,0,0,0.0,28.70040999914636,0.6851889993413351,28.72402299908572,0.23123123123123124,333,0,0,33,0.9734848484848485,0
7.69597,2,0,0,0.0,28.795938997063786,0.6862370028102305,28.82162099922425,0.2305389221556886,334,0,0,33,0.9772727272727273,0
7.7243,2,0,0,0.0,28.30389199880301,0.6612780016439501,28.326257997832727,0.22985074626865676,335,0,0,33,0.9810606060606061,0
7.75316,2,0,0,0.0,28.831588999310043,0.6804580007155892,28.857015997346025,0.22916666666666663,336,0,0,34,0.9558823529411765,0
7.78585,2,0,0,0.0,32.643679001921555,0.6917519967828412,32.68322199801332,0.228486646884273,337,0,0,34,0.9595588235294118,0
7.8149,2,0,0,0.0,29.02197599905776,0.84918600259698,29.045391998806736,0.22781065088757402,338,0,0,34,0.9632352941176471,0
7.84359,2,0,0,0.0,28.660472999035846,0.6876760016893968,28.689295999356546,0.2271386430678466,339,0,0,12,0.96875,0
7.86696,1,0,0,0.0,23.34285100005218,0.5439349988591857,23.36399799969513,0.0,186,0,0,12,0.9739583333333334,0
7.89039,1,0,0,0.0,23.40406299845199,0.5218049991526641,23.425130999385146,0.0,187,0,0,12,0.9791666666666666,0
7.91367,1,0,0,0.0,23.25739799925941,0.541137000254821,23.276935000467347,0.0,188,0,0,12,0.984375,0
7.93711,1,0,0,0.0,23.416665000695502,0.5407249991549179,23.437011001078645,0.0,189,0,0,12,0.9895833333333334,0
7.96067,1,0,0,0.0,23.534765998192597,0.5404949988587759,23.558684002637165,0.0,190,0,0,12,0.9947916666666666,0
7.98442,1,0,0,0.0,23.715882998658344,0.5702380003640428,23.73890799935907,0.0,191,0,0,12,1.0,0
8.00802,1,0,0,0.0,23.57416399900103,0.5891629989491776,23.597447001520777,0.0,192,0,0,13,0.9278846153846154,0
8.0313,1,0,0,0.0,23.254477000591578,0.5365770011849236,23.273909999261377,0.0,193,0,0,13,0.9326923076923077,0
8.05489,1,0,0,0.0,23.564240997075103,0.5669919992215,23.586390998389106,0.0,194,0,0,13,0.9375,0
8.07852,1,0,0,0.0,23.59929899830604,0.5398829998739529,23.621234999154694,0.0,195,0,0,13,0.9423076923076923,0
8.1027,1,0,0,0.0,24.160349999874597,0.5813530005980283,24.185255002521444,0.0,196,0,0,13,0.9471153846153846,0
8.13056,1,0,0,0.0,27.830566999909934,0.7502900007239077,27.85146299720509,0.0,197,0,0,13,0.9519230769230769,0
8.15415,1,0,0,0.0,23.563520997413434,0.5541970022022724,23.58439299860038,0.0,198,0,0,13,0.9567307692307693,0
8.1781,1,0,0,0.0,23.926039997604676,0.5422310023277532,23.94680300130858,0.0,199,0,0,13,0.9615384615384616,0
8.20222,1,0,0,0.0,24.09129100124119,0.5600280019280035,24.11382100035553,0.0,200,0,0,13,0.9663461538461539,0
8.22597,1,0,0,0.0,23.720314999081893,0.5555590032599866,23.743404999549966,0.0,201,0,0,13,0.9711538461538461,0
8.24974,1,0,0,0.0,23.746724997181445,0.5565240026044194,23.76858000206994,0.0,202,0,0,13,0.9759615384615384,0
8.27363,1,0,0,0.0,23.864991002483293,0.565306003409205,23.88930800225353,0.0,203,0,0,13,0.9807692307692307,0
8.29765,1,0,0,0.0,23.986049000086496,0.5691070000466425,24.007416002859827,0.0,204,0,0,13,0.9855769230769231,0
8.3213,1,0,0,0.0,23.622972999874037,0.5621700001938734,23.644523000257323,0.0,205,0,0,13,0.9903846153846154,0
8.34504,1,0,0,0.0,23.716940999293,0.5818110003019683,23.7401519989362,0.0,206,0,0,13,0.9951923076923077,0
8.36885,1,0,0,0.0,23.780909999914,0.5572209993260913,23.804764001397416,0.0,207,0,0,13,1.0,0
8.39279,1,0,0,0.0,23.909240000648424,0.5633070031763054,23.933620999741834,0.0,208,0,0,14,0.9330357142857143,0
8.41631,1,0,0,0.0,23.493370001233416,0.5676019973179791,23.515360000601504,0.0,209,0,0,14,0.9375,0
8.43995,1,0,0,0.0,23.611862998222932,0.5737350002164021,23.63508000053116,0.0,210,0,0,14,0.9419642857142857,0
8.46349,1,0,0,0.0,23.5140600016166,0.5551159993046895,23.536708002211526,0.0,211,0,0,14,0.9464285714285714,0
8.48745,1,0,0,0.0,23.9245819975622,0.5712079982913565,23.95456899830606,0.0,212,0,0,14,0.9508928571428571,0
8.51097,1,0,0,0.0,23.494172000937397,0.5793290001747664,23.51674599776743,0.0,213,0,0,14,0.9553571428571429,0
8.53527,1,0,0,0.0,24.270237001474015,0.5643090007652063,24.295510000229115,0.0,214,0,0,14,0.9598214285714286,0
8.55982,1,0,0,0.0,24.522004001482856,0.6075769997551106,24.55886900133919,0.0,215,0,0,14,0.9642857142857143,0
8.58375,1,0,0,0.0,23.892272998637054,0.5627530008496251,23.913663000712404,0.0,216,0,0,14,0.96875,0
8.60728,1,0,0,0.0,23.505664001277182,0.5664210002578329,23.52684200013755,0.0,217,0,0,14,0.9732142857142857,0
8.63059,1,0,0,0.0,23.269108998647425,0.5410439989645965,23.288489999686135,0.0,218,0,0,14,0.9776785714285714,0
8.65413,1,0,0,0.0,23.51704699685797,0.542475998372538,23.537466000561835,0.0,219,0,0,14,0.9821428571428571,0
8.67775,1,0,0,0.0,23.596078000991838,0.5491600022651255,23.618563998752506,0.0,220,0,0,14,0.9866071428571429,0
8.70136,1,0,0,0.0,23.58051400005934,0.566262002394069,23.6005339975236,0.0,221,0,0,14,0.9910714285714286,0
8.72502,1,0,0,0.0,23.633672997675603,0.5722040004911833,23.65531900068163,0.0,222,0,0,14,0.9955357142857143,0
8.74848,1,0,0,0.0,23.431943998730276,0.5762360015069135,23.462523000489455,0.0,223,0,0,14,1.0,0
8.77201,1,0,0,0.0,23.4972789985477,0.5639089977194089,23.521109000284923,0.0,224,0,0,15,0.9375,0
8.79714,1,0,0,0.0,25.102917999902274,0.5574809983954765,25.123059000179637,0.0,225,0,0,15,0.9416666666666667,0
8.82071,1,0,0,0.0,23.543367999081966,0.553303998458432,23.56447400234174,0.0,226,0,0,15,0.9458333333333333,0
8.84426,1,0,0,0.0,23.52993500244338,0.5747989998781122,23.55346100011957,0.0,227,0,0,15,0.95,0
8.86785,1,0,0,0.0,23.559265999210766,0.5860359997313935,23.582127996633062,0.0,228,0,0,15,0.9541666666666667,0
8.89145,1,0,0,0.0,23.57078199929674,0.548913001694018,23.590074997628108,0.0,229,0,0,15,0.9583333333333334,0
8.91485,1,0,0,0.0,23.35924100043485,0.5629150000459049,23.393029998260317,0.0,230,0,0,15,0.9625,0
8.94303,1,0,0,0.0,28.155424999567913,0.5321440003172029,28.175565999845276,0.0,231,0,0,15,0.9666666666666667,0
8.9665,1,0,0,0.0,23.45278700158815,0.5494979996001348,23.473048997402657,0.0,232,0,0,15,0.9708333333333333,0
8.99028,1,0,0,0.0,23.74938099819701,0.5666630022460595,23.772006999934092,0.0,233,0,0,15,0.975,0
9.01408,1,0,0,0.0,23.778560000209836,0.6107260014687199,23.801152001396986,0.0,234,0,0,15,0.9791666666666666,0
9.03777,1,0,0,0.0,23.655168999539455,0.5740209999203216,23.67828400019789,0.0,235,0,0,15,0.9833333333333333,0
9.06148,1,0,0,0.0,23.685289997956716,0.5815290023747366,23.71729399965261,0.0,236,0,0,15,0.9875,0
9.08554,1,0,0,0.0,24.019399999815505,0.5791769981442485,24.043002998951124,0.0,237,0,0,15,0.9916666666666667,0
9.10928,1,0,0,0.0,23.716624000371667,0.6002650006848853,23.740847998851677,0.0,238,0,0,15,0.9958333333333333,0
9.13298,1,0,0,0.0,23.66436099691782,0.5860070014023222,23.68748700246215,0.0,239,0,0,15,1.0,0
9.15663,1,0,0,0.0,23.622567001439165,0.5611470005533192,23.648346999834757,0.0,240,0,0,16,0.94140625,0
9.18014,1,0,0,0.0,23.48594299837714,0.5604850011877716,23.50907400250435,0.0,241,0,0,16,0.9453125,0
9.20392,1,0,0,0.0,23.74929500001599,0.6074839984648861,23.77290300137247,0.0,242,0,0,16,0.94921875,0
9.2277,1,0,0,0.0,23.74854500158108,0.5974999985483009,23.77124699705746,0.0,243,0,0,16,0.953125,0
9.2513,1,0,0,0.0,23.575835999508854,0.5781830004707444,23.598624000442214,0.0,244,0,0,16,0.95703125,0
9.27479,1,0,0,0.0,23.460720000002766,0.5932630010647699,23.487909998948453,0.0,245,0,0,16,0.9609375,0
9.29847,1,0,0,0.0,23.644324999622768,0.560195003345143,23.67141200011247,0.0,246,0,0,0,0.0,0
13.57566,1,1,98,24.961802999314386,25.11552099895198,0.5364280004869215,50.13209599928814,0.0,98,0,0,7,0.8839285714285714,0
13.59978,1,0,0,0.0,24.093847001495305,0.5613649991573766,24.114850999467308,0.0,99,0,0,7,0.8928571428571429,0
13.62322,1,0,0,0.0,23.412792997987708,0.519861001521349,23.436010000295937,0.0,100,0,0,7,0.9017857142857143,0
13.64677,1,0,0,0.0,23.52613200127962,0.5146260009496473,23.549901001388207,0.0,101,0,0,7,0.9107142857142857,0
13.6704,1,0,0,0.0,23.59821200298029,0.5181880005693529,23.622628999873996,0.0,102,0,0,7,0.9196428571428571,0
13.69405,1,0,0,0.0,23.61562099758885,0.5287379972287454,23.637891001271782,0.0,103,0,0,7,0.9285714285714286,0
13.71735,1,0,0,0.0,23.278212996956427,0.4867509996984154,23.300672000914346,0.0,104,0,0,7,0.9375,0
13.74099,1,0,0,0.0,23.613184999703662,0.5117450018587988,23.636484998860396,0.0,105,0,0,7,0.9464285714285714,0
13.76426,1,0,0,0.0,23.239064998051617,0.5048269995313603,23.26114300012705,0.0,106,0,0,7,0.9553571428571429,0
13.78755,1,0,0,0.0,23.266636999323964,0.49149900223710574,23.28960500017274,0.0,107,0,0,7,0.9642857142857143,0
13.81129,1,0,0,0.0,23.71571899857372,0.5148139971424825,23.738073999993503,0.0,108,0,0,7,0.9732142857142857,0
13.83453,1,0,0,0.0,23.209089998999843,0.5649329978041351,23.230795999552356,0.0,109,0,0,7,0.9821428571428571,0
13.85793,1,0,0,0.0,23.36961899709422,0.5251459988357965,23.39271700111567,0.0,110,0,0,7,0.9910714285714286,0
13.88123,1,0,0,0.0,23.27394399981131,0.5014300004404504,23.297227002331056,0.0,111,0,0,7,1.0,0
13.90489,1,0,0,0.0,23.631932999705896,0.5383349998737685,23.65605000159121,0.0,112,0,0,8,0.8828125,0
13.92815,1,0,0,0.0,23.21936600128538,0.4978680008207448,23.2398389998707,0.0,113,0,0,8,0.890625,0
13.95163,1,0,0,0.0,23.45482999953674,0.5051379994256422,23.477534999983618,0.0,114,0,0,8,0.8984375,0
13.97523,1,0,0,0.0,23.570187000586884,0.5261680016701575,23.594010999659076,0.0,115,0,0,8,0.90625,0
13.99878,1,0,0,0.0,23.530356000264874,0.5192809985601343,23.550278001494007,0.0,116,0,0,8,0.9140625,0
14.02212,1,0,0,0.0,23.313678000704385,0.5103919975226745,23.335642003075918,0.0,117,0,0,8,0.921875,0
14.04573,1,0,0,0.0,23.582465000799857,0.49451000086264685,23.6053209991951,0.0,118,0,0,8,0.9296875,0
14.06926,1,0,0,0.0,23.49790999869583,0.5261039987090044,23.520744001871208,0.0,119,0,0,8,0.9375,0
14.09256,1,0,0,0.0,23.27983699797187,0.5077260029793251,23.300780998397386,0.0,120,0,0,8,0.9453125,0
14.11617,1,0,0,0.0,23.574404000100913,0.5225269997026771,23.604772999533452,0.0,121,0,0,8,0.953125,0
14.13954,1,0,0,0.0,23.341670999798225,0.5447910007205792,23.364524000498932,0.0,122,0,0,8,0.9609375,0
14.16288,1,0,0,0.0,23.3153740009584,0.5503920001501683,23.33900200028438,0.0,123,0,0,8,0.96875,0
14.18629,1,0,0,0.0,23.373659001663327,0.5307360006554518,23.398845001793234,0.0,124,0,0,8,0.9765625,0
14.20996,1,0,0,0.0,23.642123000172433,0.5675100001099054,23.662097999476828,0.0,125,0,0,8,0.984375,0
14.23334,1,0,0,0.0,23.363380998489447,0.5133779995958321,23.38559299823828,0.0,126,0,0,8,0.9921875,0
14.25666,1,0,0,0.0,23.2855619979091,0.5552740003622603,23.30937100123265,0.0,127,0,0,8,1.0,0
14.28004,1,0,0,0.0,23.35559200218995,0.5497599995578639,23.382046001643175,0.0,128,0,0,9,0.8958333333333334,0
14.30343,1,0,0,0.0,23.35618299912312,0.5493259996001143,23.378165999019984,0.0,129,0,0,9,0.9027777777777778,0
14.32677,1,0,0,0.0,23.314196998398984,0.5478410021169111,23.336760001257062,0.0,130,0,0,9,0.9097222222222222,0
14.35025,1,0,0,0.0,23.45203799995943,0.547774998267414,23.47445800114656,0.0,131,0,0,9,0.9166666666666666,0
14.37374,1,0,0,0.0,23.459798001567833,0.5366639998101164,23.4821070007456,0.0,132,0,0,9,0.9236111111111112,0
14.39718,1,0,0,0.0,23.41846700073802,0.5449630007205997,23.439425000105985,0.0,133,0,0,9,0.9305555555555556,0
14.42073,1,0,0,0.0,23.522393999883207,0.5276329975458793,23.54574600030901,0.0,134,0,0,9,0.9375,0
14.44413,1,0,0,0.0,23.368027003016323,0.556997001694981,23.39110400134814,0.0,135,0,0,9,0.9444444444444444,0
14.46728,1,0,0,0.0,23.129238001274643,0.5245280008239206,23.152736001065932,0.0,136,0,0,9,0.9513888888888888,0
14.49059,1,0,0,0.0,23.271475001820363,0.549489999684738,23.3021150015702,0.0,137,0,0,9,0.9583333333333334,0
14.51411,1,0,0,0.0,23.493250999308657,0.5452340010378975,23.51341999747092,0.0,138,0,0,9,0.9652777777777778,0
14.53725,1,0,0,0.0,23.116203003155533,0.5316009992384352,23.139220997109078,0.0,139,0,0,9,0.9722222222222222,0
14.56162,1,0,0,0.0,24.33840099911322,0.5274629984342027,24.36362799926428,0.0,140,0,0,9,0.9791666666666666,0
14.58818,1,0,0,0.0,26.53476799969212,0.6060529995011166,26.560469003015896,0.0,141,0,0,9,0.9861111111111112,0
14.61991,1,0,0,0.0,31.69198799878359,0.7633870009158272,31.71460999874398,0.0,142,0,0,9,0.9930555555555556,0
14.64416,1,0,0,0.0,24.222113999712747,0.7564899970020633,24.24420199895394,0.0,143,0,0,9,1.0,0
14.66811,1,0,0,0.0,23.924443001305917,0.5427689975476824,23.949153001012746,0.0,144,0,0,10,0.90625,0
14.69187,1,0,0,0.0,23.731897003017366,0.5325979982444551,23.75417599978391,0.0,145,0,0,10,0.9125,0
14.71573,1,0,0,0.0,23.836463999032276,0.5157680025149602,23.856096999224974,0.0,146,0,0,10,0.91875,0
14.73966,1,0,0,0.0,23.898616000224138,0.5357109985197894,23.924026001623133,0.0,147,0,0,10,0.925,0
14.76364,1,0,0,0.0,23.954553998919437,0.5597090021183249,23.97792600095272,0.0,148,0,0,10,0.93125,0
14.78732,1,0,0,0.0,23.656227000174113,0.5440530003397726,23.677029999817023,0.0,149,0,0,10,0.9375,0
14.81093,1,0,0,0.0,23.584798000229057,0.5302639983710833,23.605190999660408,0.0,150,0,0,10,0.94375,0
14.83482,1,0,0,0.0,23.856351999711478,0.5454619968077168,23.897597999166464,0.0,151,0,0,10,0.95,0
14.85868,1,0,0,0.0,23.822224997275043,0.5420369998319075,23.843234997912077,0.0,152,0,0,10,0.95625,0
14.88229,1,0,0,0.0,23.580192999361316,0.5324170015228447,23.60102700185962,0.0,153,0,0,10,0.9625,0
14.90638,1,0,0,0.0,24.060510000708746,0.5532230024982709,24.081332001514966,0.0,154,0,0,10,0.96875,0
14.93019,1,0,0,0.0,23.787297002854757,0.5625920020975173,23.8096190005308,0.0,155,0,0,10,0.975,0
14.95386,1,0,0,0.0,23.648444999707863,0.5337810034689028,23.67040999888559,0.0,156,0,0,10,0.98125,0
14.97765,1,0,0,0.0,23.759802999848034,0.5244269996182993,23.78318899718579,0.0,157,0,0,10,0.9875,0
15.00148,1,0,0,0.0,23.806940000213217,0.5592620000243187,23.827836001146352,0.0,158,0,0,10,0.99375,0
15.0252,1,0,0,0.0,23.679523001192138,0.5495549994520843,23.711765999905765,0.0,159,0,0,10,1.0,0
15.04924,1,0,0,0.0,24.0120169983129,0.5552160000661388,24.03737600252498,0.0,160,0,0,11,0.9147727272727273,0
15.0732,1,0,0,0.0,23.91532199908397,0.5570350003836211,23.938604001159547,0.0,161,0,0,11,0.9204545454545454,0
15.09695,1,0,0,0.0,23.728813001071103,0.5455810023704544,23.750051001115935,0.0,162,0,0,11,0.9261363636363636,0
15.12075,1,0,0,0.0,23.770683001202997,0.5664609998348169,23.791765997884795,0.0,163,0,0,11,0.9318181818181818,0
15.14462,1,0,0,0.0,23.849121997045586,0.546169001609087,23.87072399869794,0.0,164,0,0,11,0.9375,0
15.16827,1,0,0,0.0,23.624064000614453,0.5373499989218544,23.64565300013055,0.0,165,0,0,11,0.9431818181818182,0
15.19191,1,0,0,0.0,23.613346998899942,0.5454639976960607,23.63468900148291,0.0,166,0,0,11,0.9488636363636364,0
15.21574,1,0,0,0.0,23.79550900150207,0.5212420001043938,23.816734999854816,0.0,167,0,0,11,0.9545454545454546,0
15.23895,1,0,0,0.0,23.183944998891093,0.5285980005282909,23.205468998639844,0.0,168,0,0,11,0.9602272727272727,0
15.26216,1,0,0,0.0,23.186990998510737,0.5259379977360368,23.20865000001504,0.0,169,0,0,11,0.9659090909090909,0
15.28554,1,0,0,0.0,23.35903099810821,0.5389629986893851,23.38090299963369,0.0,170,0,0,11,0.9715909090909091,0
15.30887,1,0,0,0.0,23.301997000089614,0.5541209975490347,23.32181499878061,0.0,171,0,0,11,0.9772727272727273,0
15.33189,1,0,0,0.0,22.994173999904888,0.5202329994062893,23.014752001472516,0.0,172,0,0,11,0.9829545454545454,0
15.35499,1,0,0,0.0,23.077712001395412,0.5184410001675133,23.099743000784656,0.0,173,0,0,11,0.9886363636363636,0
15.37815,1,0,0,0.0,23.132078000344336,0.5323689983924851,23.15346100294846,0.0,174,0,0,11,0.9943181818181818,0
15.40893,1,0,0,0.0,30.749707999348175,0.5333499975677114,30.771507001190912,0.0,175,0,0,11,1.0,0
15.44053,1,0,0,0.0,31.567034999170573,0.7094279972079676,31.595634001860162,0.0,176,0,0,12,0.921875,0
15.47206,1,0,0,0.0,31.50069399998756,0.7377200017799623,31.525415997748496,0.0,177,0,0,12,0.9270833333333334,0
15.49863,1,0,0,0.0,26.546684999630088,0.7084669996402226,26.568045002932195,0.0,178,0,0,12,0.9322916666666666,0
15.52246,1,0,0,0.0,23.798350001015933,0.6914359983056784,23.820887003239477,0.0,179,0,0,12,0.9375,0
15.546,1,0,0,0.0,23.514622000220697,0.566611997783184,23.535453001386486,0.0,180,0,0,12,0.9427083333333334,0
15.57032,1,0,0,0.0,24.29543999824091,0.5263120001472998,24.315590999322012,0.0,181,0,0,12,0.9479166666666666,0
15.59439,1,0,0,0.0,24.04422299878206,0.5704709983547218,24.065562000032514,0.0,182,0,0,12,0.953125,0
15.61815,1,0,0,0.0,23.73592999720131,0.5562609985645395,23.7551819991495,0.0,183,0,0,12,0.9583333333333334,0
15.64254,1,0,0,0.0,24.359450999327237,0.5396190026658587,24.382452000281774,0.0,184,0,0,12,0.9635416666666666,0
15.66837,1,0,0,0.0,25.801326002692804,0.5699600005755201,25.832683000771794,0.0,185,0,0,0,0.0,0
16.86111,1,1,173,25.73463099906803,23.38176199918962,0.5548149965761695,49.1699209997023,0.0,173,0,0,11,0.9886363636363636,0
16.91452,2,1,135,24.562006001360714,28.79842300171731,0.5916059999435674,53.39951300265966,0.11206896551724133,174,0,0,20,0.971875,0
16.94228,2,0,0,0.0,27.732567003113218,0.6525790013256483,27.756145998864667,0.11142857142857143,175,0,0,20,0.978125,0
16.97027,2,0,0,0.0,27.964198001427576,0.6153040012577549,27.98857699963264,0.11079545454545459,176,0,0,21,0.9375,0
16.99862,2,0,0,0.0,28.31584899831796,0.6047690003470052,28.34008200079552,0.11016949152542377,177,0,0,21,0.9434523809523809,0
17.02692,2,0,0,0.0,28.268705002119532,0.6128950008132961,28.290644000662724,0.1095505617977528,178,0,0,21,0.9494047619047619,0
17.05524,2,0,0,0.0,28.297781998844584,0.5942120005784091,28.322254998784047,0.10893854748603349,179,0,0,21,0.9553571428571429,0
17.0838,2,0,0,0.0,28.53312400111463,0.6345330002659466,28.55887500118115,0.10833333333333328,180,0,0,21,0.9613095238095238,0
17.11215,2,0,0,0.0,28.319683999143308,0.6085860004532151,28.34042499671341,0.10773480662983426,181,0,0,21,0.9672619047619048,0
17.14105,2,0,0,0.0,28.87408999959007,0.5935549997957423,28.89670199874672,0.1071428571428571,182,0,0,21,0.9732142857142857,0
17.1695,2,0,0,0.0,28.422389998013387,0.6029229989508167,28.44972700040671,0.10655737704918034,183,0,0,22,0.9346590909090909,0
17.19839,2,0,0,0.0,28.85443700142787,0.6283769980655052,28.87700599967502,0.10597826086956519,184,0,0,22,0.9403409090909091,0
17.22722,2,0,0,0.0,28.80757399907452,0.6243749994609971,28.831773001002148,0.10540540540540544,185,0,0,22,0.9460227272727273,0
17.25597,2,0,0,0.0,28.715903998090653,0.6298870030150283,28.740313999151113,0.10483870967741937,186,0,0,22,0.9517045454545454,0
17.28465,2,0,0,0.0,28.653277997364057,0.6138079988886602,28.676660997007275,0.10427807486631013,187,0,0,22,0.9573863636363636,0
17.3135,2,0,0,0.0,28.82331399814575,0.6122859995230101,28.845288001321023,0.10372340425531912,188,0,0,22,0.9630681818181818,0
17.34217,2,0,0,0.0,28.638883002713555,0.6268709985306486,28.661488999205176,0.10317460317460314,189,0,0,22,0.96875,0
17.37085,2,0,0,0.0,28.654994999669725,0.6017790001351386,28.679258000920527,0.10263157894736841,190,0,0,22,0.9744318181818182,0
17.39923,2,0,0,0.0,28.351386998110684,0.6243839998205658,28.37603299849434,0.10209424083769636,191,0,0,22,0.9801136363636364,0
17.42812,2,0,0,0.0,28.85588900244329,0.6382470019161701,28.88144800090231,0.1015625,192,0,0,23,0.9429347826086957,0
17.45705,2,0,0,0.0,28.901218000100926,0.6215339999471325,28.92542500194395,0.10103626943005184,193,0,0,23,0.9483695652173914,0
17.48603,2,0,0,0.0,28.95573200294166,0.6192719993123319,28.98023699890473,0.10051546391752575,194,0,0,23,0.9538043478260869,0
17.51479,2,0,0,0.0,28.7273930007359,0.6239210015337449,28.748035001626704,0.09999999999999998,195,0,0,23,0.9592391304347826,0
17.54321,2,0,0,0.0,28.39531499921577,0.6053350007277913,28.4177350004029,0.09948979591836737,196,0,0,23,0.9646739130434783,0
17.57157,2,0,0,0.0,28.33916700183181,0.6428400010918267,28.362369997921633,0.09898477157360408,197,0,0,23,0.970108695652174,0
17.59996,2,0,0,0.0,28.35631000198191,0.622207997366786,28.379101000609808,0.09848484848484851,198,0,0,23,0.9755434782608695,0
17.62801,2,0,0,0.0,28.023184000630863,0.6130770016170572,28.0492290003167,0.09798994974874375,199,0,0,24,0.9401041666666666,0
17.65656,2,0,0,0.0,28.51527000166243,0.6249900034163147,28.538741997181205,0.09750000000000003,200,0,0,24,0.9453125,0
17.68517,2,0,0,0.0,28.581359998497646,0.6441339974117,28.605342002265388,0.09701492537313428,201,0,0,24,0.9505208333333334,0
17.71494,2,0,0,0.0,29.741152000497095,0.646946002234472,29.763581998849986,0.09653465346534651,202,0,0,24,0.9557291666666666,0
17.74315,2,0,0,0.0,28.184847000375157,0.6101490034779999,28.2068859996798,0.09605911330049266,203,0,0,24,0.9609375,0
17.77149,2,0,0,0.0,28.31383599914261,0.6106079999881331,28.338677999272477,0.09558823529411764,204,0,0,24,0.9661458333333334,0
17.79982,2,0,0,0.0,28.298592998908134,0.6500119998236187,28.337241998087848,0.09512195121951217,205,0,0,24,0.9713541666666666,0
17.8281,2,0,0,0.0,28.2382770019467,0.605461002123775,28.260548002435826,0.09466019417475724,206,0,0,24,0.9765625,0
17.85569,2,0,0,0.0,27.560260001337156,0.6008190030115657,27.58493799774442,0.09420289855072461,207,0,0,24,0.9817708333333334,0
17.88413,2,0,0,0.0,28.405375000147615,0.6567950003955048,28.435057000024244,0.09375,208,0,0,25,0.9475,0
17.91257,2,0,0,0.0,28.409593000105815,0.6425520004995633,28.437352997570997,0.09330143540669855,209,0,0,11,0.9715909090909091,0
17.93613,1,0,0,0.0,23.532373998023104,0.5608300016319845,23.554891002277145,0.0,171,0,0,11,0.9772727272727273,0
17.95959,1,0,0,0.0,23.433540998667013,0.5418269975052681,23.457540999515913,0.0,172,0,0,11,0.9829545454545454,0
17.98275,1,0,0,0.0,23.12295699812239,0.5721990019083023,23.155581999162678,0.0,173,0,0,11,0.9886363636363636,0
18.00612,1,0,0,0.0,23.341190000792267,0.5517239987966605,23.360753002634738,0.0,174,0,0,11,0.9943181818181818,0
18.02936,1,0,0,0.0,23.216100002173334,0.5008910011383705,23.23754399913014,0.0,175,0,0,11,1.0,0
18.05262,1,0,0,0.0,23.23359500223887,0.5611859996861313,23.255569001776166,0.0,176,0,0,12,0.921875,0
18.07555,1,0,0,0.0,22.908093000296503,0.5407569988165051,22.92731100169476,0.0,177,0,0,12,0.9270833333333334,0
18.09873,1,0,0,0.0,23.14868500252487,0.531601002876414,23.18077999734669,0.0,178,0,0,12,0.9322916666666666,0
18.12223,1,0,0,0.0,23.469836996810045,0.547394000022905,23.49630999742658,0.0,179,0,0,12,0.9375,0
18.14523,1,0,0,0.0,22.9642589983996,0.5291260022204369,22.983270999247907,0.0,180,0,0,12,0.9427083333333334,0
18.16835,1,0,0,0.0,23.094633001164766,0.49883800238603726,23.115918000257807,0.0,181,0,0,12,0.9479166666666666,0
18.19165,1,0,0,0.0,23.27243699983228,0.5493190001288895,23.29406499848119,0.0,182,0,0,12,0.953125,0
18.21485,1,0,0,0.0,23.16197199979797,0.5567119987972546,23.19397300016135,0.0,183,0,0,12,0.9583333333333334,0
18.23813,1,0,0,0.0,23.26406299835071,0.5071949999546632,23.286034000193467,0.0,184,0,0,12,0.9635416666666666,0
18.26147,1,0,0,0.0,23.304411002754932,0.5164890026208013,23.32805200057919,0.0,185,0,0,12,0.96875,0
18.28463,1,0,0,0.0,23.13892600068357,0.5652399995597079,23.160323999036336,0.0,186,0,0,12,0.9739583333333334,0
18.30802,1,0,0,0.0,23.36520999961067,0.5500009974639397,23.38482100094552,0.0,187,0,0,12,0.9791666666666666,0
18.33191,1,0,0,0.0,23.862966998422053,0.5196229976718314,23.887882998678833,0.0,188,0,0,12,0.984375,0
18.35558,1,0,0,0.0,23.639314000320155,0.5698530003428459,23.66055199672701,0.0,189,0,0,12,0.9895833333333334,0
18.37903,1,0,0,0.0,23.429691002093023,0.5524670013983268,23.44885099955718,0.0,190,0,0,12,0.9947916666666666,0
18.40254,1,0,0,0.0,23.476885999116348,0.5270020010357257,23.499834998801816,0.0,191,0,0,12,1.0,0
18.42632,1,0,0,0.0,23.752043998683803,0.5626390011457261,23.774919001880335,0.0,192,0,0,13,0.9278846153846154,0
18.44984,1,0,0,0.0,23.482925997086568,0.5655669992847834,23.518070000136504,0.0,193,0,0,13,0.9326923076923077,0
18.47336,1,0,0,0.0,23.49338099884335,0.5254360003164038,23.51464700041106,0.0,194,0,0,13,0.9375,0
18.49699,1,0,0,0.0,23.602551002113614,0.5648149999615271,23.622872002306394,0.0,195,0,0,13,0.9423076923076923,0
18.5205,1,0,0,0.0,23.488640999858035,0.5398160028562415,23.515895001764875,0.0,196,0,0,13,0.9471153846153846,0
18.54396,1,0,0,0.0,23.43257200118387,0.5401489979703911,23.45369799877517,0.0,197,0,0,13,0.9519230769230769,0
18.5676,1,0,0,0.0,23.61034000205109,0.5439820015453734,23.63296099792933,0.0,198,0,0,13,0.9567307692307693,0
18.59123,1,0,0,0.0,23.602910001500277,0.5646780009556096,23.622867000085535,0.0,199,0,0,13,0.9615384615384616,0
18.61475,1,0,0,0.0,23.496456000430044,0.5511470008059405,23.514779000834096,0.0,200,0,0,13,0.9663461538461539,0
18.63843,1,0,0,0.0,23.649137998290826,0.5387940000218805,23.676685999816982,0.0,201,0,0,0,0.0,0
19.1321,1,1,82,25.608519001252716,24.103989999275655,0.4956230004609097,49.765515002945904,0.0,82,0,0,6,0.8645833333333334,0
19.15577,1,0,0,0.0,23.641955998755293,0.5035690010117833,23.66529600112699,0.0,83,0,0,6,0.875,0
19.20967,2,1,253,24.723829999857116,29.12824400118552,0.6053260003682226,53.88839499937603,0.33399209486166004,253,0,0,22,0.9630681818181818,0
19.23841,2,0,0,0.0,28.717608001898043,0.6270869998843409,28.739733999827877,0.3326771653543307,254,0,0,22,0.96875,0
19.26659,2,0,0,0.0,28.14827700058231,0.6301030007307418,28.172393998829648,0.3313725490196079,255,0,0,22,0.9744318181818182,0
19.29586,2,0,0,0.0,29.24618500037468,0.6496960013464559,29.272824998770375,0.330078125,256,0,0,23,0.9375,0
19.32507,2,0,0,0.0,29.178281998611055,0.6284459996095393,29.20095800072886,0.3287937743190662,257,0,0,23,0.9429347826086957,0
19.35423,2,0,0,0.0,29.132411000318825,0.6261020025704056,29.156474000046728,0.32751937984496127,258,0,0,23,0.9483695652173914,0
19.38314,2,0,0,0.0,28.875567997602047,0.6430969988286961,28.898882999783382,0.32625482625482627,259,0,0,23,0.9538043478260869,0
19.41214,2,0,0,0.0,28.969471000891645,0.620070997683797,28.996962999372045,0.32499999999999996,260,0,0,23,0.9592391304347826,0
19.44118,2,0,0,0.0,29.00764299920411,0.6261969974730164,29.03153900115285,0.3237547892720306,261,0,0,23,0.9646739130434783,0
19.47014,2,0,0,0.0,28.932418001204496,0.64241200016113,28.95690600053058,0.3225190839694656,262,0,0,23,0.970108695652174,0
19.49852,2,0,0,0.0,28.345288999844342,0.6324729984044097,28.377324997563846,0.32129277566539927,263,0,0,23,0.9755434782608695,0
19.52743,2,0,0,0.0,28.881763999379473,0.6433000016841106,28.90353900147602,0.32007575757575757,264,0,0,23,0.9809782608695652,0
19.55631,2,0,0,0.0,28.853454001364298,0.6368710019160062,28.876774998934707,0.3188679245283019,265,0,0,24,0.9453125,0
19.58546,2,0,0,0.0,29.12004199970397,0.642450999293942,29.143108000425855,0.3176691729323309,266,0,0,24,0.9505208333333334,0
19.61457,2,0,0,0.0,29.082960998493945,0.6963560008443892,29.103922002832405,0.31647940074906367,267,0,0,24,0.9557291666666666,0
19.64349,2,0,0,0.0,28.89837700058706,0.6262560018512886,28.921791999891866,0.3152985074626866,268,0,0,24,0.9609375,0
19.67277,2,0,0,0.0,29.23878500223509,0.6441459991037846,29.264632998092566,0.31412639405204457,269,0,0,24,0.9661458333333334,0
19.702,2,0,0,0.0,29.20606300176587,0.6754169990017544,29.230938002001494,0.312962962962963,270,0,0,24,0.9713541666666666,0
19.73103,2,0,0,0.0,28.98969399757334,0.6400089987437241,29.014632000325946,0.3118081180811808,271,0,0,24,0.9765625,0
19.76089,2,0,0,0.0,29.831076997652417,0.6711130008625332,29.859756999940146,0.31066176470588236,272,0,0,25,0.9425,0
19.79006,2,0,0,0.0,29.135740001947852,0.6847010008641519,29.16111200102023,0.30952380952380953,273,0,0,25,0.9475,0
19.8192,2,0,0,0.0,29.110052000760334,0.6580129993380979,29.133041000022786,0.30839416058394165,274,0,0,25,0.9525,0
19.84824,2,0,0,0.0,29.01351200125646,0.6677189994661603,29.040443998383125,0.30727272727272725,275,0,0,25,0.9575,0
19.87744,2,0,0,0.0,29.172369999287184,0.6641159998252988,29.19873400242068,0.3061594202898551,276,0,0,25,0.9625,0
19.90658,2,0,0,0.0,29.109031002008123,0.6723440019413829,29.1357109999808,0.30505415162454874,277,0,0,25,0.9675,0
19.93567,2,0,0,0.0,29.057065999950282,0.6764930003555492,29.080256001179805,0.3039568345323741,278,0,0,25,0.9725,0
19.96398,2,0,0,0.0,28.27413300110493,0.6573739992745686,28.298917000938673,0.30286738351254483,279,0,0,25,0.9775,0
19.99293,2,0,0,0.0,28.919902000779985,0.6389429981936701,28.944959998625563,0.3017857142857143,280,0,0,25,0.9825,0
20.02202,2,0,0,0.0,29.05714200096554,0.6539839996548835,29.083473000355298,0.30071174377224197,281,0,0,26,0.9495192307692307,0
20.05092,2,0,0,0.0,28.87733100214973,0.6468239989771973,28.90127299906453,0.29964539007092195,282,0,0,26,0.9543269230769231,0
20.07984,2,0,0,0.0,28.878551001980668,0.6467089988291264,28.918894000526052,0.29858657243816256,283,0,0,26,0.9591346153846154,0
20.10861,2,0,0,0.0,28.727160999551415,0.6379749975167215,28.761718000168912,0.2975352112676056,284,0,0,8,0.90625,0
20.13264,1,0,0,0.0,24.004480997973587,0.5264930005068891,24.025284001254477,0.0,116,0,0,8,0.9140625,0
20.15637,1,0,0,0.0,23.704342998826178,0.5414860024757218,23.72648299933644,0.0,117,0,0,8,0.921875,0
20.18013,1,0,0,0.0,23.730152999632992,0.5223629996180534,23.751319997245446,0.0,118,0,0,8,0.9296875,0
20.20399,1,0,0,0.0,23.833314000512473,0.5106200005684514,23.85633399899234,0.0,119,0,0,8,0.9375,0
20.22821,1,0,0,0.0,24.19659799852525,0.5337819966371171,24.2201639994164,0.0,120,0,0,8,0.9453125,0
20.28199,2,1,225,24.85314300065511,28.87576500143041,0.600049999775365,53.76913600048283,0.23111111111111116,225,0,0,23,0.9456521739130435,0
20.31065,2,0,0,0.0,28.633312998863403,0.6115729993325658,28.657571998337517,0.23008849557522126,226,0,0,23,0.9510869565217391,0
20.33939,2,0,0,0.0,28.70739499849151,0.6246709999686573,28.729732002830133,0.2290748898678414,227,0,0,23,0.9565217391304348,0
20.36791,2,0,0,0.0,28.494164002040634,0.6439949975174386,28.51702599946293,0.22807017543859653,228,0,0,23,0.9619565217391305,0
20.39636,2,0,0,0.0,28.423808002116857,0.6132769995019771,28.44617699884111,0.22707423580786024,229,0,0,23,0.967391304347826,0
20.42494,2,0,0,0.0,28.557775000081165,0.6365999979607295,28.57833199959714,0.22608695652173916,230,0,0,23,0.9728260869565217,0
20.45279,2,0,0,0.0,27.817173999210354,0.6086249995860271,27.838173999043647,0.22510822510822515,231,0,0,23,0.9782608695652174,0
20.48122,2,0,0,0.0,28.404060001776088,0.6146970008558128,28.42914699795074,0.22413793103448276,232,0,0,24,0.9427083333333334,0
20.51385,2,0,0,0.0,32.586352001089836,0.6242950003070291,32.630563000566326,0.223175965665236,233,0,0,24,0.9479166666666666,0
20.55187,2,0,0,0.0,37.98739400008344,0.8262540031864773,38.0161870016309,0.2222222222222222,234,0,0,24,0.953125,0
20.58765,2,0,0,0.0,35.75029000057839,0.8494960020470899,35.775599997577956,0.22127659574468084,235,0,0,24,0.9583333333333334,0
20.61678,2,0,0,0.0,29.097136000928003,0.6606239985558204,29.119825001544086,0.22033898305084743,236,0,0,24,0.9635416666666666,0
20.64572,2,0,0,0.0,28.914144000736997,0.64504999681958,28.93847400264349,0.21940928270042193,237,0,0,24,0.96875,0
20.6743,2,0,0,0.0,28.544013999635354,0.6458719981310423,28.568435001943726,0.2184873949579832,238,0,0,24,0.9739583333333334,0
20.70211,2,0,0,0.0,27.78440300244256,0.6516659996123053,27.8086459984479,0.2175732217573222,239,0,0,24,0.9791666666666666,0
20.73043,2,0,0,0.0,28.282959003263386,0.6275100022321567,28.306552001595264,0.21666666666666667,240,0,0,25,0.945,0
20.75866,2,0,0,0.0,28.207964001921937,0.6343759996525478,28.232200998900225,0.2157676348547718,241,0,0,25,0.95,0
20.78701,2,0,0,0.0,28.322039997874526,0.6418090015358757,28.34524999707355,0.2148760330578512,242,0,0,25,0.955,0
20.81521,2,0,0,0.0,28.168510001705727,0.6146970008558128,28.188557000248693,0.21399176954732513,243,0,0,25,0.96,0
20.84332,2,0,0,0.0,28.089550000004238,0.6231940024008509,28.11089699753211,0.21311475409836067,244,0,0,25,0.965,0
20.87133,2,0,0,0.0,27.988745998300146,0.6259840010898188,28.00920699883136,0.21224489795918366,245,0,0,25,0.97,0
20.89938,2,0,0,0.0,28.002797000226565,0.6253979991015512,28.03769700039993,0.21138211382113825,246,0,0,25,0.975,0
20.92763,2,0,0,0.0,28.23212200019043,0.6448019994422793,28.252307998627657,0.21052631578947367,247,0,0,25,0.98,0
20.95587,2,0,0,0.0,28.20722999967984,0.6216750007297378,28.233297998667695,0.20967741935483875,248,0,0,26,0.9471153846153846,0
20.98429,2,0,0,0.0,28.392435000569094,0.6413360024453141,28.416395998647204,0.2088353413654619,249,0,0,26,0.9519230769230769,0
21.01265,2,0,0,0.0,28.336110997770447,0.6429959976230748,28.359981002722634,0.20799999999999996,250,0,0,26,0.9567307692307693,0
21.0413,2,0,0,0.0,28.614401999220718,0.6508680016850121,28.63834500021767,0.2071713147410359,251,0,0,26,0.9615384615384616,0
21.0697,2,0,0,0.0,28.37481800088426,0.6486700003733858,28.39756599860266,0.2063492063492064,252,0,0,26,0.9663461538461539,0
21.09794,2,0,0,0.0,28.206989001773763,0.6356459998642094,28.231086002051597,0.2055335968379447,253,0,0,26,0.9711538461538461,0
21.15056,3,1,251,24.383277999731945,28.198620999319246,0.7478810002794489,52.6190710006631,0.14041994750656173,254,0,0,42,0.9791666666666666,0
21.17818,3,0,0,0.0,27.58922299835831,0.6974969983275514,27.6119589980226,0.13986928104575158,255,0,0,42,0.9836309523809523,0
21.20633,3,0,0,0.0,28.120457001932664,0.7322769997699652,28.14510400276049,0.13932291666666663,256,0,0,43,0.9651162790697675,0
21.2345,3,0,0,0.0,28.133120002166834,0.7040900018182583,28.162540998891927,0.1387808041504539,257,0,0,43,0.9694767441860465,0
21.26255,3,0,0,0.0,28.024038998410106,0.6993039969529491,28.044448998116422,0.13824289405684753,258,0,0,43,0.9738372093023255,0
21.2906,3,0,0,0.0,28.030310000758618,0.7022079989837948,28.053324000211433,0.13770913770913773,259,0,0,44,0.9559659090909091,0
21.31886,3,0,0,0.0,28.226466001797235,0.7018459982646164,28.24713299924042,0.13717948717948714,260,0,0,44,0.9602272727272727,0
21.34706,3,0,0,0.0,28.175604002171895,0.721459997294005,28.19790300054592,0.13665389527458494,261,0,0,44,0.9644886363636364,0
21.38305,3,0,0,0.0,35.96450300028664,0.6962289990042336,35.98799999963376,0.13613231552162852,262,0,0,44,0.96875,0
21.41438,3,0,0,0.0,31.30343299926608,0.9481699999014381,31.326398999226512,0.13561470215462612,263,0,0,44,0.9730113636363636,0
21.44326,3,0,0,0.0,28.849966001871508,0.7306759980565403,28.877108998131007,0.13510101010101006,264,0,0,45,0.9555555555555556,0
21.47202,3,0,0,0.0,28.733096001815284,0.7419190005748533,28.75590099938563,0.13459119496855343,265,0,0,45,0.9597222222222223,0
21.5006,3,0,0,0.0,28.55528700092691,0.7206849986687303,28.576898999745026,0.13408521303258147,266,0,0,45,0.9638888888888889,0
21.52929,3,0,0,0.0,28.663142998993862,0.7188669987954199,28.683784999884665,0.13358302122347065,267,0,0,45,0.9680555555555556,0
21.55789,3,0,0,0.0,28.574406998814084,0.7302779995370656,28.59842500038212,0.1330845771144279,268,0,0,45,0.9722222222222222,0
21.58699,3,0,0,0.0,29.063940997730242,0.7243139989441261,29.087977000017418,0.13258983890954146,269,0,0,45,0.9763888888888889,0
21.61569,3,0,0,0.0,28.673052998783533,0.7419979992846493,28.694730997813167,0.13209876543209875,270,0,0,45,0.9805555555555555,0
21.64396,3,0,0,0.0,28.24819699890213,0.8518069989804644,28.268624999327585,0.13161131611316113,271,0,0,45,0.9847222222222223,0
21.67266,3,0,0,0.0,28.67120600058115,0.7162609981605783,28.698852001980413,0.13112745098039214,272,0,0,46,0.967391304347826,0
21.70144,3,0,0,0.0,28.746809002768714,0.7819269994797651,28.770717999577755,0.13064713064713063,273,0,0,46,0.9714673913043478,0
21.73028,3,0,0,0.0,28.8139099975524,0.7616909970238339,28.835666002123617,0.13017031630170317,274,0,0,46,0.9755434782608695,0
21.75891,3,0,0,0.0,28.5985089976748,0.7530719994974788,28.624230999412248,0.12969696969696964,275,0,0,47,0.9587765957446809,0
21.7873,3,0,0,0.0,28.36584800024866,0.7127059980120976,28.386991998559097,0.12922705314009664,276,0,0,47,0.9627659574468085,0
21.81575,3,0,0,0.0,28.42957699976978,0.7357050017162692,28.450976002204698,0.12876052948255112,277,0,0,47,0.9667553191489362,0
21.84784,3,0,0,0.0,32.04796700083534,0.741627998650074,32.08713300045929,0.12829736211031173,278,0,0,47,0.9707446808510638,0
21.87563,3,0,0,0.0,27.75888700125506,0.7563159997516777,27.782073000707896,0.12783751493428908,279,0,0,47,0.9747340425531915,0
21.90401,3,0,0,0.0,28.344148999167373,0.7522819978476036,28.369685998768546,0.12738095238095237,280,0,0,48,0.9583333333333334,0
21.93244,3,0,0,0.0,28.402187999745365,0.7287820008059498,28.42557899930398,0.12692763938315543,281,0,0,48,0.9622395833333334,0
21.96103,3,0,0,0.0,28.56647999942652,0.7832179981051013,28.59115200044471,0.1264775413711584,282,0,0,48,0.9661458333333334,0
21.9893,3,0,0,0.0,28.241428000910673,0.7456819985236507,28.264349002711242,0.12603062426383982,283,0,0,48,0.9700520833333334,0
22.01775,3,0,0,0.0,28.423061998182675,0.7427840027958155,28.443494000384817,0.12558685446009388,284,0,0,48,0.9739583333333334,0
22.04616,3,0,0,0.0,28.3866930003569,0.749214999814285,28.409939997800393,0.12514619883040934,285,0,0,48,0.9778645833333334,0
22.07454,3,0,0,0.0,28.350372998829698,0.7576120005978737,28.374706002068706,0.12470862470862476,286,0,0,48,0.9817708333333334,0
22.10228,3,0,0,0.0,27.710067999578314,0.7576079988211859,27.7341230030288,0.12427409988385596,287,0,0,48,0.9856770833333334,0
22.13063,3,0,0,0.0,28.32103599939728,0.7596649993502069,28.344493999611586,0.12384259259259256,288,0,0,49,0.9693877551020408,0
22.15879,3,0,0,0.0,28.13199600132066,0.7604379970871378,28.153208000730956,0.12341407151095729,289,0,0,49,0.9732142857142857,0
22.18693,3,0,0,0.0,28.108162001444725,0.748067999666091,28.130997001426294,0.12298850574712639,290,0,0,49,0.9770408163265306,0
22.21508,3,0,0,0.0,28.125709999585524,0.7388619997072965,28.149301000667037,0.12256586483390608,291,0,0,50,0.96125,0
22.24341,3,0,0,0.0,28.29850100170006,0.7401830007438548,28.320950998022454,0.1221461187214612,292,0,0,50,0.965,0
22.27169,3,0,0,0.0,28.255573997739702,0.7680369999434333,28.278506000788184,0.1217292377701934,293,0,0,50,0.96875,0
22.29982,3,0,0,0.0,28.100775998609606,0.7446970012097154,28.138352998212213,0.12131519274376412,294,0,0,50,0.9725,0
22.32751,3,0,0,0.0,27.6526970010309,0.7387000005110167,27.67483000206994,0.1209039548022599,295,0,0,50,0.97625,0
22.35591,3,0,0,0.0,28.37040799931856,0.7586639985674992,28.396418998454465,0.12049549549549554,296,0,0,51,0.9607843137254902,0
22.38422,3,0,0,0.0,28.270337999856565,0.7644830002391245,28.30299600100261,0.12008978675645343,297,0,0,32,0.9609375,0
22.41227,2,0,0,0.0,28.0214589984098,0.6710400011797901,28.043549998983508,0.17449664429530198,298,0,0,32,0.96484375,0
22.4406,2,0,0,0.0,28.30308600096032,0.65453600109322,28.32490000218968,0.17391304347826086,299,0,0,32,0.96875,0
22.46874,2,0,0,0.0,28.113000000303145,0.6645529974775854,28.136631000961643,0.17333333333333334,300,0,0,32,0.97265625,0
22.49691,2,0,0,0.0,28.142662999016466,0.6565399999090005,28.166715997940628,0.1727574750830565,301,0,0,32,0.9765625,0
22.52526,2,0,0,0.0,28.323275000730064,0.6548339988512453,28.34470100060571,0.17218543046357615,302,0,0,32,0.98046875,0
22.55308,2,0,0,0.0,27.79842599920812,0.6755370013706852,27.82307400048012,0.17161716171617158,303,0,0,32,0.984375,0
22.58164,2,0,0,0.0,28.524342000309844,0.6848569973954,28.552607000165153,0.17105263157894735,304,0,0,33,0.9583333333333334,0
22.6101,2,0,0,0.0,28.427090001059696,0.6932640026207082,28.45098699981463,0.17049180327868851,305,0,0,33,0.9621212121212122,0
22.63847,2,0,0,0.0,28.34133699798258,0.6664669999736361,28.362372002447955,0.16993464052287577,306,0,0,33,0.9659090909090909,0
22.66689,2,0,0,0.0,28.40029100116226,0.6658589991275221,28.425156000594143,0.16938110749185664,307,0,0,33,0.9696969696969697,0
22.69551,2,0,0,0.0,28.585800999280764,0.6871139994473197,28.611975998501293,0.16883116883116878,308,0,0,33,0.9734848484848485,0
22.72437,2,0,0,0.0,28.82662499905564,0.7020990015007555,28.849373000412015,0.16828478964401294,309,0,0,33,0.9772727272727273,0
22.75297,2,0,0,0.0,28.577656998095335,0.7064440032991115,28.602054000657517,0.16774193548387095,310,0,0,33,0.9810606060606061,0
22.78132,2,0,0,0.0,28.313127000728855,0.6825260024925228,28.346546001557726,0.16720257234726688,311,0,0,20,0.975,0
22.80546,1,0,0,0.0,24.102430001221364,0.6246349985303823,24.12688999902457,0.0,312,0,0,20,0.978125,0
22.82946,1,0,0,0.0,23.97281500088866,0.6328580020635854,23.99427700220258,0.0,313,0,0,20,0.98125,0
22.8532,1,0,0,0.0,23.71647199834115,0.5995249994157348,23.738615000183927,0.0,314,0,0,20,0.984375,0
22.87679,1,0,0,0.0,23.557624997920357,0.5865620005351957,23.58225600255537,0.0,315,0,0,20,0.9875,0
22.90025,1,0,0,0.0,23.438088999682805,0.6076130011933856,23.460288997739553,0.0,316,0,0,20,0.990625,0
22.92435,1,0,0,0.0,24.069650000456022,0.5972189974272624,24.09146799982409,0.0,317,0,0,20,0.99375,0
22.95223,1,0,0,0.0,27.850018999743043,0.6350719995680265,27.877468997758115,0.0,318,0,0,20,0.996875,0
22.98166,1,0,0,0.0,29.402464999293443,0.8475770009681582,29.42765099942335,0.0,319,0,0,20,1.0,0
23.00594,1,0,0,0.0,24.249018002592493,0.6775469992135186,24.276654003188014,0.0,320,0,0,21,0.9553571428571429,0
23.03019,1,0,0,0.0,24.215008997998666,0.6174739974085242,24.239177000708878,0.0,321,0,0,21,0.9583333333333334,0
23.05408,1,0,0,0.0,23.860414999944624,0.6374570002662949,23.88601599886897,0.0,322,0,0,21,0.9613095238095238,0
23.07812,1,0,0,0.0,24.012205001781695,0.6338139974104706,24.03768599833711,0.0,323,0,0,21,0.9642857142857143,0
23.10192,1,0,0,0.0,23.771104999468662,0.6222979973244946,23.794700999133056,0.0,324,0,0,21,0.9672619047619048,0
23.12562,1,0,0,0.0,23.66376500140177,0.597458998527145,23.684165000304347,0.0,325,0,0,21,0.9702380952380952,0
23.14919,1,0,0,0.0,23.54567499787663,0.6057489990780596,23.569180000777123,0.0,326,0,0,21,0.9732142857142857,0
23.17271,1,0,0,0.0,23.49860100002843,0.5838129982294049,23.5211219987832,0.0,327,0,0,21,0.9761904761904762,0
23.1963,1,0,0,0.0,23.556645999633474,0.6050830015738029,23.580445998959476,0.0,328,0,0,21,0.9791666666666666,0
23.22006,1,0,0,0.0,23.729682998236967,0.6156689996714704,23.754313002427807,0.0,329,0,0,21,0.9821428571428571,0
23.24387,1,0,0,0.0,23.786990997905377,0.6409470006474294,23.8092220024555,0.0,330,0,0,21,0.9851190476190477,0
23.26745,1,0,0,0.0,23.54127999933553,0.5764160014223307,23.571380999783287,0.0,331,0,0,0,0.0,0
24.27166,1,1,198,25.29878199857194,23.27715200226521,0.5566420004470274,48.63004899743828,0.0,198,0,0,13,0.9567307692307693,0
24.29479,1,0,0,0.0,23.103456001990708,0.5569070017372724,23.127214997657575,0.0,199,0,0,13,0.9615384615384616,0
24.31789,1,0,0,0.0,23.064097000315087,0.5346660000213888,23.087229001248488,0.0,200,0,0,13,0.9663461538461539,0
24.34126,1,0,0,0.0,23.34246999816969,0.548039999557659,23.365281002043048,0.0,201,0,0,13,0.9711538461538461,0
24.36473,1,0,0,0.0,23.443513000529492,0.5755819984187838,23.466343998734374,0.0,202,0,0,13,0.9759615384615384,0
24.38795,1,0,0,0.0,23.194232002424542,0.568635998206446,23.21680399836623,0.0,203,0,0,13,0.9807692307692307,0
24.41102,1,0,0,0.0,23.04001400261768,0.5259489989839494,23.061347998009296,0.0,204,0,0,13,0.9855769230769231,0
24.43413,1,0,0,0.0,23.088034999091178,0.5280949990265071,23.107769000489498,0.0,205,0,0,13,0.9903846153846154,0
24.45721,1,0,0,0.0,23.05293300014455,0.5268860004434828,23.076256999047473,0.0,206,0,0,13,0.9951923076923077,0
24.48071,1,0,0,0.0,23.46836600190727,0.5506080015038606,23.49172100002761,0.0,207,0,0,13,1.0,0
24.50425,1,0,0,0.0,23.517245001130505,0.5767289985669777,23.54118600123911,0.0,208,0,0,14,0.9330357142857143,0
24.52793,1,0,0,0.0,23.64823899915791,0.5676520013366826,23.66928500123322,0.0,209,0,0,14,0.9375,0
24.55093,1,0,0,0.0,22.979811998084188,0.5433389997051563,23.00113199817133,0.0,210,0,0,14,0.9419642857142857,0
24.57411,1,0,0,0.0,23.153605001425603,0.5522039973584469,23.17689700066694,0.0,211,0,0,14,0.9464285714285714,0
24.59892,1,0,0,0.0,24.77672100212658,0.5549489978875499,24.803381998935947,0.0,212,0,0,14,0.9508928571428571,0
24.65801,2,1,182,30.389748000743566,28.65406199998688,0.6674029973510187,59.087386001920095,0.07276995305164324,213,0,0,26,0.9543269230769231,0
24.68651,2,0,0,0.0,28.4700949996477,0.6422049991670065,28.494766000221716,0.07242990654205606,214,0,0,26,0.9591346153846154,0
24.71413,2,0,0,0.0,27.592269998422125,0.6428429987863638,27.614867998636328,0.0720930232558139,215,0,0,26,0.9639423076923077,0
24.74236,2,0,0,0.0,28.202746998431394,0.6128489985712804,28.22405899860314,0.0717592592592593,216,0,0,26,0.96875,0
24.77085,2,0,0,0.0,28.442332997656194,0.6355810000968631,28.484880000178237,0.0714285714285714,217,0,0,26,0.9735576923076923,0
24.79918,2,0,0,0.0,28.305797000939492,0.6657130034000147,28.33011099937721,0.07110091743119262,218,0,0,26,0.9783653846153846,0
24.8275,2,0,0,0.0,28.280590999202104,0.6411419999494683,28.30817599897273,0.07077625570776258,219,0,0,26,0.9831730769230769,0
24.85568,2,0,0,0.0,28.151331000117352,0.6268789984460454,28.177306998259155,0.07045454545454544,220,0,0,26,0.9879807692307693,0
24.88416,2,0,0,0.0,28.45525199882104,0.6421100006264169,28.478857999289175,0.07013574660633481,221,0,0,26,0.9927884615384616,0
24.93698,3,1,211,24.22087000013562,28.544695996970404,0.7059580020722933,52.805474999331636,0.06306306306306309,222,0,0,40,0.9796875,0
24.96509,3,0,0,0.0,28.085797999665374,0.7135260020731948,28.11357999962638,0.06278026905829592,223,0,0,41,0.9603658536585366,0
24.99359,3,0,0,0.0,28.465368999604834,0.7273030023497995,28.492212000855943,0.0625,224,0,0,42,0.9419642857142857,0
25.0222,3,0,0,0.0,28.584931998921093,0.7092220002959948,28.610102999664377,0.06222222222222218,225,0,0,42,0.9464285714285714,0
25.0511,3,0,0,0.0,28.8643999992928,0.7275160023709759,28.887477001262596,0.06194690265486724,226,0,0,42,0.9508928571428571,0
25.07962,3,0,0,0.0,28.4914990006655,0.7498529994336423,28.516236001451034,0.06167400881057272,227,0,0,42,0.9553571428571429,0
25.1083,3,0,0,0.0,28.652314002101775,0.717827002517879,28.677852998953313,0.06140350877192979,228,0,0,42,0.9598214285714286,0
25.13703,3,0,0,0.0,28.697096997348126,0.7339349976973608,28.71806400071364,0.06113537117903933,229,0,0,42,0.9642857142857143,0
25.1653,3,0,0,0.0,28.24186500220094,0.7010019980953075,28.266385997994803,0.060869565217391286,230,0,0,42,0.96875,0
25.19334,3,0,0,0.0,27.99963100187597,0.722139000572497,28.024144998198608,0.06060606060606055,231,0,0,42,0.9732142857142857,0
25.22164,3,0,0,0.0,28.269512000406394,0.7284180028364062,28.292991002672352,0.06034482758620685,232,0,0,42,0.9776785714285714,0
25.25036,3,0,0,0.0,28.69231000295258,0.7378859991149511,28.716148000967223,0.06008583690987124,233,0,0,42,0.9821428571428571,0
25.27901,3,0,0,0.0,28.626749000977725,0.73827199958032,28.65228800146724,0.05982905982905984,234,0,0,42,0.9866071428571429,0
25.30741,3,0,0,0.0,28.364975998556474,0.7261439968715422,28.397281999787083,0.05957446808510636,235,0,0,43,0.9680232558139535,0
25.33571,3,0,0,0.0,28.26138900127262,0.7379659982689191,28.28294600112713,0.05932203389830504,236,0,0,43,0.9723837209302325,0
25.3645,3,0,0,0.0,28.757490999851143,0.7326650011236779,28.79015400321805,0.05907172995780585,237,0,0,43,0.9767441860465116,0
25.39281,3,0,0,0.0,28.281557002628688,0.7388179983536247,28.304763000051025,0.05882352941176472,238,0,0,43,0.9811046511627907,0
25.42052,3,0,0,0.0,27.66032100043958,0.7033379988570232,27.688291000231402,0.05857740585774063,239,0,0,44,0.9630681818181818,0
25.44925,3,0,0,0.0,28.699566999421222,0.75450900112628,28.723411000100896,0.05833333333333335,240,0,0,45,0.9458333333333333,0
25.47981,3,0,0,0.0,30.533608001860557,0.7430689984175842,30.55654999843682,0.05809128630705396,241,0,0,45,0.95,0
25.50879,3,0,0,0.0,28.942052002093988,0.7217050006147474,28.98142599951825,0.05785123966942152,242,0,0,45,0.9541666666666667,0
25.53764,3,0,0,0.0,28.81560000241734,0.7475079983123578,28.83645900146803,0.057613168724279795,243,0,0,45,0.9583333333333334,0
25.56629,3,0,0,0.0,28.62604899928556,0.7266890024766326,28.649692998442333,0.05737704918032782,244,0,0,45,0.9625,0
25.59521,3,0,0,0.0,28.88923000136856,0.7642650016350672,28.912986999785062,0.05714285714285716,245,0,0,45,0.9666666666666667,0
25.62419,3,0,0,0.0,28.952596003364306,0.7420010006171651,28.976465997402556,0.05691056910569103,246,0,0,45,0.9708333333333333,0
25.65211,3,0,0,0.0,27.89493100135587,0.7348759972956032,27.91850399808027,0.05668016194331982,247,0,0,45,0.975,0
25.68054,3,0,0,0.0,28.40375099913217,0.7501489999413025,28.427549001207808,0.056451612903225756,248,0,0,45,0.9791666666666666,0
25.70876,3,0,0,0.0,28.17554899957031,0.7441109992214479,28.20665400213329,0.05622489959839361,249,0,0,45,0.9833333333333333,0
25.73733,3,0,0,0.0,28.548661997774616,0.719126001058612,28.570915997988777,0.05600000000000005,250,0,0,45,0.9875,0
25.76538,3,0,0,0.0,28.017616998113226,0.7577679971291218,28.042036999977427,0.055776892430278835,251,0,0,46,0.970108695652174,0
25.79347,3,0,0,0.0,28.065335001883795,0.7279160017787945,28.088637001928873,0.05555555555555558,252,0,0,46,0.9741847826086957,0
25.82167,3,0,0,0.0,28.168715001811506,0.737926999136107,28.19348900084151,0.055335968379446654,253,0,0,46,0.9782608695652174,0
25.8501,3,0,0,0.0,28.403562999301357,0.7487340008083265,28.425758002413204,0.055118110236220486,254,0,0,46,0.9823369565217391,0
25.87755,3,0,0,0.0,27.4221369982115,0.7278910015884321,27.448336000816198,0.05490196078431375,255,0,0,47,0.9654255319148937,0
25.90581,3,0,0,0.0,28.227806997165317,0.750591996620642,28.2545800000662,0.0546875,256,0,0,48,0.94921875,0
25.93424,3,0,0,0.0,28.386442998453276,0.7142600006773137,28.407559999322984,0.054474708171206254,257,0,0,48,0.953125,0
25.96254,3,0,0,0.0,28.27706699827104,0.7362409996858332,28.30060000269441,0.054263565891472854,258,0,0,48,0.95703125,0
25.99081,3,0,0,0.0,28.234853998583276,0.7639350005774759,28.259197999432217,0.05405405405405406,259,0,0,48,0.9609375,0
26.01907,3,0,0,0.0,28.23042500313022,0.7384160016954411,28.25436599960085,0.05384615384615388,260,0,0,48,0.96484375,0
26.04769,3,0,0,0.0,28.599991997907637,0.7464209993486293,28.622271998756332,0.05363984674329503,261,0,0,48,0.96875,0
26.07603,3,0,0,0.0,28.31065300051705,0.7520539984398056,28.334456001175568,0.05343511450381677,262,0,0,48,0.97265625,0
26.10362,3,0,0,0.0,27.55838800294441,0.7329580002988223,27.582426999288145,0.05323193916349811,263,0,0,48,0.9765625,0
26.13219,3,0,0,0.0,28.546210000058636,0.7577059986942913,28.56784500181675,0.05303030303030298,264,0,0,48,0.98046875,0
26.1615,3,0,0,0.0,29.278690002684016,0.7587520012748428,29.30118400036008,0.05283018867924527,265,0,0,48,0.984375,0
26.19007,3,0,0,0.0,28.547425001306692,0.7618769996042829,28.571320999617456,0.052631578947368474,266,0,0,48,0.98828125,0
26.21831,3,0,0,0.0,28.20212100050412,0.7572440008516423,28.236846999789122,0.05243445692883897,267,0,0,32,0.96484375,0
26.24657,2,0,0,0.0,28.22483099953388,0.6590060002054088,28.245417001016904,0.03891050583657585,257,0,0,32,0.96875,0
26.2748,2,0,0,0.0,28.208604002429638,0.659984001686098,28.23292399989441,0.03875968992248058,258,0,0,32,0.97265625,0
26.30279,2,0,0,0.0,27.959969000221463,0.650345999019919,27.983769999991637,0.038610038610038644,259,0,0,32,0.9765625,0
26.33087,2,0,0,0.0,28.052237001247704,0.6501230018329807,28.077110000594985,0.038461538461538436,260,0,0,33,0.9507575757575758,0
26.35906,2,0,0,0.0,28.159691999462666,0.6674129981547594,28.1840750030824,0.03831417624521072,261,0,0,33,0.9545454545454546,0
26.38749,2,0,0,0.0,28.40219499921659,0.6592540012206882,28.42675300053088,0.03816793893129766,262,0,0,33,0.9583333333333334,0
26.43972,3,1,135,24.500915002136026,27.674781002133386,0.6807130012020934,52.21646599966334,0.18757921419518375,263,0,0,42,0.9583333333333334,0
26.4927,4,1,174,24.75663000222994,28.16839699880802,0.8045659997151233,52.97725399941555,0.22537878787878785,264,0,0,53,0.9693396226415094,0
26.52095,4,0,0,0.0,28.227271999639925,0.7968899990373757,28.251329000340775,0.2245283018867924,265,0,0,53,0.9740566037735849,0
26.54927,4,0,0,0.0,28.283981002459768,0.7873449976614211,28.30898699903628,0.22368421052631582,266,0,0,54,0.9606481481481481,0
26.60227,5,1,223,23.996692998480285,28.962643002159894,1.1705620017892215,53.00070799785317,0.21123595505617976,267,0,0,68,0.9724264705882353,0
26.63092,5,0,0,0.0,28.61355899949558,0.9268770008930005,28.638589999900432,0.21044776119402986,268,0,0,69,0.9628623188405797,0
26.6594,5,0,0,0.0,28.448088000004645,0.9111599974858109,28.474587998061907,0.20966542750929373,269,0,0,69,0.967391304347826,0
26.68809,5,0,0,0.0,28.66579500187072,0.9289730005548336,28.69192299840506,0.2088888888888889,270,0,0,69,0.9719202898550725,0
26.71897,5,0,0,0.0,30.84423000109382,0.9039450014824979,30.87011000025086,0.20811808118081176,271,0,0,69,0.9764492753623188,0
26.74776,5,0,0,0.0,28.754570997989504,0.9271899980376475,28.782998000679072,0.20735294117647063,272,0,0,71,0.9533450704225352,0
26.77827,5,0,0,0.0,30.485216000670334,0.9370389998366591,30.511392000335036,0.20659340659340664,273,0,0,71,0.9577464788732394,0
26.81709,5,0,0,0.0,38.791584000136936,1.3140869996277615,38.81808699952671,0.20583941605839418,274,0,0,71,0.9621478873239436,0
26.84633,5,0,0,0.0,29.203971000242746,1.0968799979309551,29.228024002804887,0.2050909090909091,275,0,0,71,0.9665492957746479,0
26.87503,5,0,0,0.0,28.6699900025269,0.9488649993727449,28.698082998744212,0.20434782608695656,276,0,0,72,0.9574652777777778,0
26.90341,5,0,0,0.0,28.34015400003409,0.9326260005764198,28.371823998895707,0.2036101083032491,277,0,0,55,0.9659090909090909,0
26.9319,4,0,0,0.0,28.46857799886493,0.8048550007515587,28.491451001173118,0.23561151079136688,278,0,0,55,0.9704545454545455,0
26.95965,4,0,0,0.0,27.714715000911383,0.8037899970076978,27.738400000089314,0.23476702508960579,279,0,0,55,0.975,0
26.98789,4,0,0,0.0,28.21262200086494,0.8067009985097684,28.236219000973506,0.23392857142857137,280,0,0,55,0.9795454545454545,0
27.0164,4,0,0,0.0,28.479124997829786,0.7879730001150165,28.50514500096324,0.23309608540925264,281,0,0,55,0.9840909090909091,0
27.04502,4,0,0,0.0,28.587351000169292,0.8358279992535245,28.613530997972703,0.23226950354609932,282,0,0,56,0.9709821428571429,0
27.07353,4,0,0,0.0,28.481467998062726,0.8195029986381996,28.506684997410048,0.23144876325088337,283,0,0,56,0.9754464285714286,0
27.10211,4,0,0,0.0,28.54819200001657,0.8269930003734771,28.57716400103527,0.23063380281690138,284,0,0,57,0.9627192982456141,0
27.13047,4,0,0,0.0,28.331395998975495,0.8169059983629268,28.354133002721937,0.22982456140350882,285,0,0,57,0.9671052631578947,0
27.15944,4,0,0,0.0,28.94228700097301,0.8144129969878122,28.96704000158934,0.22902097902097907,286,0,0,57,0.9714912280701754,0
27.18737,4,0,0,0.0,27.904927999770734,0.8755839990044478,27.929125000810018,0.22822299651567945,287,0,0,57,0.9758771929824561,0
27.21558,4,0,0,0.0,28.173574999527773,0.8370409996132366,28.200709999509854,0.22743055555555558,288,0,0,59,0.9470338983050848,0
27.24417,4,0,0,0.0,28.56392199828406,0.8146340005623642,28.588129996933276,0.22664359861591699,289,0,0,59,0.951271186440678,0
27.2725,4,0,0,0.0,28.2930329994997,0.8359140010725241,28.325128001597477,0.2258620689655172,290,0,0,59,0.9555084745762712,0
27.30069,4,0,0,0.0,28.159456996945664,0.8317009996972047,28.182191999803763,0.22508591065292094,291,0,0,59,0.9597457627118644,0
27.32914,4,0,0,0.0,28.420475999155315,0.8193020003091078,28.44626799924299,0.22431506849315064,292,0,0,59,0.9639830508474576,0
27.35809,4,0,0,0.0,28.91726499728975,0.8262839983217418,28.941028998815455,0.2235494880546075,293,0,0,59,0.9682203389830508,0
27.38691,4,0,0,0.0,28.792704000807134,0.8274840001831762,28.8197650006623,0.22278911564625847,294,0,0,59,0.972457627118644,0
27.41501,4,0,0,0.0,28.06968399818288,0.8235649984271731,28.09333500044886,0.2220338983050848,295,0,0,59,0.9766949152542372,0
27.4441,4,0,0,0.0,29.069544001686154,0.8331520002684556,29.093455003021518,0.22128378378378377,296,0,0,59,0.9809322033898306,0
27.4728,4,0,0,0.0,28.663283999776468,0.8465680002700537,28.686695000942564,0.2205387205387206,297,0,0,59,0.9851694915254238,0
27.50145,4,0,0,0.0,28.627545998460846,0.8217180002247915,28.65434299746994,0.2197986577181208,298,0,0,60,0.9729166666666667,0
27.5302,4,0,0,0.0,28.71512999990955,0.8655530000396539,28.746910000336356,0.21906354515050164,299,0,0,41,0.9725609756097561,0
27.55889,3,0,0,0.0,28.64817899899208,0.7103649986675009,28.674089000560343,0.16927083333333337,256,0,0,42,0.9538690476190477,0
27.58757,3,0,0,0.0,28.653543999098474,0.7071850013744552,28.678643000603188,0.16861219195849542,257,0,0,42,0.9583333333333334,0
27.64102,4,1,207,24.459065996779827,28.943675999471452,0.7936289985082112,53.44184000205132,0.17538759689922478,258,0,0,55,0.9715909090909091,0
27.66985,4,0,0,0.0,28.7773339987325,0.7952310006658081,28.8265160015726,0.17471042471042475,259,0,0,45,0.9486111111111111,0
27.69847,3,0,0,0.0,28.599795001355233,0.7324060024984647,28.622982998058433,0.12435897435897436,260,0,0,45,0.9527777777777777,0
27.72705,3,0,0,0.0,28.546851997816702,0.7212979980977252,28.570187001605518,0.12388250319284799,261,0,0,45,0.9569444444444445,0
27.7559,3,0,0,0.0,28.822151998610934,0.724008001270704,28.845147000538418,0.1234096692111959,262,0,0,45,0.9611111111111111,0
27.78385,3,0,0,0.0,27.922620000026654,0.7194210011221003,27.946604997850955,0.12294043092522178,263,0,0,45,0.9652777777777778,0
27.81236,3,0,0,0.0,28.468952001276193,0.6878040003357455,28.493677000369644,0.12247474747474751,264,0,0,45,0.9694444444444444,0
27.84115,3,0,0,0.0,28.758246000506915,0.7453440011886414,28.77966599771753,0.12201257861635217,265,0,0,45,0.9736111111111111,0
27.86968,3,0,0,0.0,28.503515000920743,0.729920000594575,28.527730999485357,0.12155388471177941,266,0,0,45,0.9777777777777777,0
27.89853,3,0,0,0.0,28.82229399983771,0.7386679972114507,28.848191002907697,0.12109862671660421,267,0,0,45,0.9819444444444444,0
27.92737,3,0,0,0.0,28.807046001020353,0.7553180003014859,28.83329099859111,0.12064676616915426,268,0,0,45,0.9861111111111112,0
27.95761,3,0,0,0.0,30.20760499930475,0.7656259986106306,30.233525001676753,0.1201982651796778,269,0,0,45,0.9902777777777778,0
27.98831,3,0,0,0.0,30.672059001517482,0.8144439998432063,30.70114900037879,0.11975308641975313,270,0,0,46,0.9728260869565217,0
28.01774,3,0,0,0.0,29.39812700060429,0.7789760020386893,29.431562001263956,0.11931119311193117,271,0,0,46,0.9769021739130435,0
28.04674,3,0,0,0.0,28.959684001165442,0.7444920011039358,28.99504299784894,0.11887254901960786,272,0,0,47,0.9601063829787234,0
28.07554,3,0,0,0.0,28.76500899947132,0.7613609996042214,28.788678002456436,0.11843711843711846,273,0,0,47,0.964095744680851,0
28.10405,3,0,0,0.0,28.477976000431227,0.7546230008301791,28.50180600216845,0.11800486618004868,274,0,0,47,0.9680851063829787,0
28.13262,3,0,0,0.0,28.536415000417037,0.7347800019488204,28.561696002725512,0.11757575757575756,275,0,0,48,0.9518229166666666,0
28.16116,3,0,0,0.0,28.51655400081654,0.7516050027334131,28.53936500105192,0.11714975845410625,276,0,0,48,0.9557291666666666,0
28.18972,3,0,0,0.0,28.532725002150983,0.7478369989257772,28.557813999213977,0.11672683513838744,277,0,0,48,0.9596354166666666,0
28.21835,3,0,0,0.0,28.59408800213714,0.7608590021845885,28.617664000194054,0.1163069544364509,278,0,0,48,0.9635416666666666,0
28.24641,3,0,0,0.0,28.037763997417642,0.7566699969174806,28.059619002306135,0.11589008363201914,279,0,0,48,0.9674479166666666,0
28.27508,3,0,0,0.0,28.64253399820882,0.75996699888492,28.667783000855707,0.11547619047619051,280,0,0,48,0.9713541666666666,0
28.30365,3,0,0,0.0,28.54138300244813,0.773727002524538,28.567165998538258,0.11506524317912215,281,0,0,48,0.9752604166666666,0
28.33238,3,0,0,0.0,28.69277699937811,0.7681380011490546,28.718166999169625,0.11465721040189125,282,0,0,48,0.9791666666666666,0
28.36115,3,0,0,0.0,28.73967299819924,0.7716270010860171,28.763026999513386,0.11425206124852771,283,0,0,48,0.9830729166666666,0
28.41485,4,1,156,24.873170001228573,28.78387499731616,0.8250829996541142,53.69955199785181,0.19806338028169013,284,0,0,58,0.9859913793103449,0
28.44379,4,0,0,0.0,28.908984000736382,0.8271949991467409,28.933102999872062,0.19736842105263153,285,0,0,58,0.990301724137931,0
28.47251,4,0,0,0.0,28.689782000583364,0.8317899992107414,28.716873999655945,0.19667832167832167,286,0,0,59,0.9777542372881356,0
28.50048,4,0,0,0.0,27.935096000874182,0.8483619967591949,27.968967999186134,0.19599303135888502,287,0,0,41,0.9740853658536586,0
28.52924,3,0,0,0.0,28.72665300310473,0.7282750011654571,28.75343299820088,0.1198347107438017,242,0,0,42,0.9553571428571429,0
28.55786,3,0,0,0.0,28.585577998455847,0.7286330001079477,28.607545002159895,0.11934156378600824,243,0,0,42,0.9598214285714286,0
28.58641,3,0,0,0.0,28.524150999146514,0.6941770006960724,28.548530000989558,0.11885245901639341,244,0,0,42,0.9642857142857143,0
28.61499,3,0,0,0.0,28.545379998831777,0.7511690018873196,28.570132999448106,0.11836734693877549,245,0,0,43,0.9462209302325582,0
28.64361,3,0,0,0.0,28.598703000170644,0.6797360001655761,28.61925099932705,0.11788617886178865,246,0,0,43,0.9505813953488372,0
28.67182,3,0,0,0.0,28.18439999828115,0.7183220004662871,28.224771001987392,0.11740890688259109,247,0,0,43,0.9549418604651163,0
28.70059,3,0,0,0.0,28.718629000650253,0.7258959994942416,28.744741997797973,0.11693548387096775,248,0,0,43,0.9593023255813954,0
28.72929,3,0,0,0.0,28.677186997811077,0.7351650019700173,28.701693001494277,0.11646586345381527,249,0,0,43,0.9636627906976745,0
28.75823,3,0,0,0.0,28.910320001159562,0.7367149992205668,28.933371999301016,0.11599999999999999,250,0,0,43,0.9680232558139535,0
28.78688,3,0,0,0.0,28.618265998375136,0.7375919994956348,28.642198001762154,0.1155378486055777,251,0,0,43,0.9723837209302325,0
28.81557,3,0,0,0.0,28.657752998697106,0.7195360012701713,28.681541996775195,0.11507936507936511,252,0,0,43,0.9767441860465116,0
28.84448,3,0,0,0.0,28.89173899893649,0.7365790006588213,28.914161001011962,0.11462450592885376,253,0,0,43,0.9811046511627907,0
28.87312,3,0,0,0.0,28.606933999981266,0.7513620003010146,28.629519998503383,0.11417322834645671,254,0,0,43,0.9854651162790697,0
28.90117,3,0,0,0.0,28.018508000968723,0.7336419985222165,28.043395999702625,0.11372549019607847,255,0,0,43,0.9898255813953488,0
28.93006,3,0,0,0.0,28.861798000434646,0.7483439985662699,28.889765999338124,0.11328125,256,0,0,44,0.9715909090909091,0
28.95888,3,0,0,0.0,28.784349000488874,0.7490329990105238,28.816087997256545,0.11284046692607008,257,0,0,27,0.9930555555555556,0
28.98743,2,0,0,0.0,28.513290999399032,0.6414830022549722,28.539953000290552,0.15217391304347827,253,0,0,28,0.9620535714285714,0
29.01581,2,0,0,0.0,28.35185799995088,0.661709997075377,28.37538099993253,0.15157480314960625,254,0,0,28,0.9665178571428571,0
29.04396,2,0,0,0.0,28.124054999352666,0.6310250028036535,28.147519999038195,0.15098039215686276,255,0,0,28,0.9709821428571429,0
29.07267,2,0,0,0.0,28.678542003035545,0.6451869994634762,28.70533500026795,0.150390625,256,0,0,29,0.9418103448275862,0
29.10112,2,0,0,0.0,28.427240999008063,0.6605689995922148,28.449557001295034,0.14980544747081714,257,0,0,29,0.9461206896551724,0
29.12962,2,0,0,0.0,28.466536998166703,0.6292440011748113,28.491232998931082,0.14922480620155043,258,0,0,29,0.9504310344827587,0
29.15818,2,0,0,0.0,28.532626001833705,0.6587440002476797,28.55280099902302,0.14864864864864868,259,0,0,29,0.9547413793103449,0
29.18659,2,0,0,0.0,28.382387001329334,0.6391220013028942,28.40523399936501,0.1480769230769231,260,0,0,29,0.959051724137931,0
29.21522,2,0,0,0.0,28.599091001524357,0.661785998090636,28.62310499767773,0.14750957854406133,261,0,0,29,0.9633620689655172,0
29.24399,2,0,0,0.0,28.740605997882085,0.6536949986184482,28.76383599868859,0.14694656488549618,262,0,0,29,0.9676724137931034,0
29.27207,2,0,0,0.0,28.051743996911682,0.6376609999279026,28.076523001800524,0.14638783269961975,263,0,0,29,0.9719827586206896,0
29.3006,2,0,0,0.0,28.50734100138652,0.6388449983205646,28.530808998766588,0.14583333333333337,264,0,0,29,0.9762931034482759,0
29.3291,2,0,0,0.0,28.471495999838226,0.6504909979412332,28.494866000983166,0.1452830188679245,265,0,0,29,0.9806034482758621,0
29.35791,2,0,0,0.0,28.782663997844793,0.6253070023376495,28.804679001041222,0.14473684210526316,266,0,0,29,0.9849137931034483,0
29.38638,2,0,0,0.0,28.43956899960176,0.6418780030799098,28.461867001169594,0.14419475655430714,267,0,0,29,0.9892241379310345,0
29.41494,2,0,0,0.0,28.53409700037446,0.6548579985974357,28.55793100025039,0.14365671641791045,268,0,0,29,0.9935344827586207,0
29.44357,2,0,0,0.0,28.59849099695566,0.6325009999272879,28.62355999968713,0.1431226765799256,269,0,0,30,0.9645833333333333,0
29.4721,2,0,0,0.0,28.50538799975766,0.6681539998680819,28.52956499918946,0.1425925925925926,270,0,0,30,0.96875,0
29.49993,2,0,0,0.0,27.79627400013851,0.6387190005625598,27.819160000944976,0.1420664206642066,271,0,0,30,0.9729166666666667,0
29.52849,2,0,0,0.0,28.530552997835912,0.6245740005397238,28.558137997606536,0.14154411764705888,272,0,0,31,0.9455645161290323,0
29.55716,2,0,0,0.0,28.637775998504367,0.6694319999951404,28.658491999522084,0.14102564102564108,273,0,0,31,0.9495967741935484,0
29.58555,2,0,0,0.0,28.367041999445064,0.6311139986792114,28.39031000257819,0.1405109489051095,274,0,0,31,0.9536290322580645,0
29.61415,2,0,0,0.0,28.569033998792293,0.6626869981118944,28.5924839990912,0.14,275,0,0,31,0.9576612903225806,0
29.64278,2,0,0,0.0,28.598507000424433,0.6664649990852922,28.62031399854459,0.13949275362318836,276,0,0,31,0.9616935483870968,0
29.67127,2,0,0,0.0,28.46321499964688,0.6491809981525876,28.487842999311397,0.13898916967509023,277,0,0,31,0.9657258064516129,0
29.69994,2,0,0,0.0,28.640969001571648,0.7006220002949703,28.665496000030544,0.13848920863309355,278,0,0,31,0.969758064516129,0
29.72777,2,0,0,0.0,27.781403998233145,0.6390220005414449,27.823218999401433,0.13799283154121866,279,0,0,18,0.9722222222222222,0
29.75182,1,0,0,0.0,24.02358200197341,0.5718950014852453,24.062776999926427,0.0,280,0,0,18,0.9756944444444444,0
29.77551,1,0,0,0.0,23.64489500178024,0.5777280020993203,23.665265998715768,0.0,281,0,0,18,0.9791666666666666,0
29.79932,1,0,0,0.0,23.780014998919796,0.5854500013811048,23.80749000076321,0.0,282,0,0,0,0.0,0
30.1474,1,1,249,29.031080997810932,27.198486000997946,0.7239699989440851,56.28297500152257,0.0,249,0,0,16,0.9765625,0
30.17112,1,0,0,0.0,23.69108499988215,0.6007840020174626,23.71358600066742,0.0,250,0,0,16,0.98046875,0
30.1947,1,0,0,0.0,23.55584700126201,0.585221998335328,23.578590000397526,0.0,251,0,0,16,0.984375,0
30.21857,1,0,0,0.0,23.837123000703286,0.5770369971287437,23.86081399890827,0.0,252,0,0,16,0.98828125,0
30.24238,1,0,0,0.0,23.79075699718669,0.5908690000069328,23.810235001292313,0.0,253,0,0,16,0.9921875,0
30.266,1,0,0,0.0,23.59640299982857,0.5837969983986113,23.61698099775822,0.0,254,0,0,16,0.99609375,0
30.28975,1,0,0,0.0,23.719320000964217,0.5584220016316976,23.742499000945827,0.0,255,0,0,16,1.0,0
30.31365,1,0,0,0.0,23.867706000601174,0.5903780001972336,23.89352200043504,0.0,256,0,0,17,0.9448529411764706,0
30.33735,1,0,0,0.0,23.672630999499233,0.5759579980804119,23.69455799998832,0.0,257,0,0,17,0.9485294117647058,0
30.36125,1,0,0,0.0,23.87765599996783,0.5674239982909057,23.899547002656618,0.0,258,0,0,17,0.9522058823529411,0
30.38515,1,0,0,0.0,23.867276999226306,0.5982699985906947,23.88848299960955,0.0,259,0,0,17,0.9558823529411765,0
30.40874,1,0,0,0.0,23.567243002617033,0.5607540006167255,23.58771500075818,0.0,260,0,0,17,0.9595588235294118,0
30.43247,1,0,0,0.0,23.708625998551724,0.5620450028800406,23.738714000501204,0.0,261,0,0,17,0.9632352941176471,0
30.45644,1,0,0,0.0,23.93252600086271,0.5848480032000225,23.95346299817902,0.0,262,0,0,17,0.9669117647058824,0
30.48015,1,0,0,0.0,23.685036998358555,0.5879460004507564,23.705362000328023,0.0,263,0,0,17,0.9705882352941176,0
30.51133,1,0,0,0.0,31.155077002040343,0.5459610001707915,31.179760000668466,0.0,264,0,0,17,0.9742647058823529,0
30.57016,2,1,78,29.93493100075284,28.832186002546223,0.6351750016619917,58.80777999846032,0.3528301886792453,265,0,0,22,0.9801136363636364,0
30.59907,2,0,0,0.0,28.87306900083786,0.6434290007746313,28.89792299902183,0.3515037593984962,266,0,0,22,0.9857954545454546,0
30.62889,2,0,0,0.0,29.79277399936109,0.6326069997157902,29.822444997989805,0.35018726591760296,267,0,0,23,0.9483695652173914,0
30.66626,2,0,0,0.0,37.339798000175506,0.8213710025302134,37.362107999797445,0.34888059701492535,268,0,0,23,0.9538043478260869,0
30.69534,2,0,0,0.0,29.051753001112957,0.6599589978577569,29.075427999487147,0.34758364312267653,269,0,0,23,0.9592391304347826,0
30.72396,2,0,0,0.0,28.58714999820222,0.6388630026776809,28.610301000298932,0.3462962962962963,270,0,0,23,0.9646739130434783,0
30.75213,2,0,0,0.0,28.14791900163982,0.6150779991003219,28.16960899872356,0.34501845018450183,271,0,0,23,0.970108695652174,0
30.78093,2,0,0,0.0,28.76540500074043,0.6281789974309504,28.79236800072249,0.34375,272,0,0,24,0.9348958333333334,0
30.80951,2,0,0,0.0,28.559288999531418,0.6208550003066193,28.580576999956975,0.3424908424908425,273,0,0,24,0.9401041666666666,0
30.83839,2,0,0,0.0,28.846515000623185,0.6101129984017462,28.869320998637704,0.3412408759124088,274,0,0,24,0.9453125,0
30.867,2,0,0,0.0,28.583433999301633,0.6458570023823995,28.603970000403933,0.33999999999999997,275,0,0,24,0.9505208333333334,0
30.89548,2,0,0,0.0,28.454781000618823,0.6123320017650258,28.48536900273757,0.33876811594202894,276,0,0,24,0.9557291666666666,0
30.92415,2,0,0,0.0,28.638251998927444,0.6299779997789301,28.66164299848606,0.33754512635379064,277,0,0,24,0.9609375,0
30.95276,2,0,0,0.0,28.580342001077952,0.6137860000308137,28.601160000107484,0.3363309352517986,278,0,0,24,0.9661458333333334,0
30.98072,2,0,0,0.0,27.92813899941393,0.6391099996108096,27.95258700280101,0.33512544802867383,279,0,0,24,0.9713541666666666,0
31.03413,3,1,225,24.661111001478275,28.71014000265859,0.7050099993648473,53.41158299779636,0.28809523809523807,280,0,0,39,0.9631410256410257,0
31.06322,3,0,0,0.0,29.0600619991892,0.7192929988377728,29.085385001963004,0.28706998813760376,281,0,0,39,0.967948717948718,0
31.0921,3,0,0,0.0,28.844974000094226,0.736592999601271,28.868656998383813,0.28605200945626474,282,0,0,39,0.9727564102564102,0
31.12072,3,0,0,0.0,28.59335700122756,0.7135779997042846,28.619138000067323,0.2850412249705536,283,0,0,40,0.953125,0
31.14968,3,0,0,0.0,28.935217000253033,0.7061379983497318,28.95724900008645,0.284037558685446,284,0,0,40,0.9578125,0
31.17812,3,0,0,0.0,28.408828999090474,0.7202859997050837,28.432382001483347,0.28304093567251465,285,0,0,40,0.9625,0
31.2063,3,0,0,0.0,28.14648200001102,0.7233860014821403,28.16834400073276,0.28205128205128205,286,0,0,40,0.9671875,0
31.2341,3,0,0,0.0,27.775407001172425,0.7064460005494766,27.798522998637054,0.281068524970964,287,0,0,40,0.971875,0
31.26247,3,0,0,0.0,28.3459700003732,0.7233399992401246,28.37032300158171,0.28009259259259256,288,0,0,41,0.9527439024390244,0
31.29081,3,0,0,0.0,28.309199002251262,0.72305200228584,28.331386001809733,0.279123414071511,289,0,0,41,0.9573170731707317,0
31.31932,3,0,0,0.0,28.470771001593675,0.7217069978651125,28.512367000075756,0.2781609195402299,290,0,0,41,0.961890243902439,0
31.34774,3,0,0,0.0,28.385569999954896,0.7400459980999585,28.40880399890011,0.27720504009163804,291,0,0,41,0.9664634146341463,0
31.37603,3,0,0,0.0,28.25914699860732,0.7074850000208244,28.28393399977358,0.27625570776255703,292,0,0,41,0.9710365853658537,0
31.40438,3,0,0,0.0,28.320016001089243,0.7162639994930942,28.34229700238211,0.2753128555176336,293,0,0,41,0.975609756097561,0
31.43261,3,0,0,0.0,28.20731199972215,0.7248580004670657,28.231124000740238,0.2743764172335601,294,0,0,41,0.9801829268292683,0
31.46048,3,0,0,0.0,27.83798499876866,0.7213620010588784,27.863169001648203,0.27344632768361576,295,0,0,42,0.9613095238095238,0
31.48869,3,0,0,0.0,28.18433699940215,0.7248570000228938,28.20754999993369,0.2725225225225225,296,0,0,42,0.9657738095238095,0
31.51723,3,0,0,0.0,28.50940099961008,0.7084429998940323,28.531176001706626,0.2716049382716049,297,0,0,42,0.9702380952380952,0
31.54581,3,0,0,0.0,28.551306000736076,0.722294000297552,28.57374300219817,0.27069351230425054,298,0,0,42,0.9747023809523809,0
31.57432,3,0,0,0.0,28.465096998843364,0.7155280000006314,28.50660499825608,0.26978818283166106,299,0,0,43,0.9563953488372093,0
31.60264,3,0,0,0.0,28.29071800078964,0.7339209987549111,28.31384899764089,0.26888888888888884,300,0,0,43,0.9607558139534884,0
31.63114,3,0,0,0.0,28.47304900205927,0.7188829986262135,28.49685800174484,0.26799557032115173,301,0,0,43,0.9651162790697675,0
31.65976,3,0,0,0.0,28.585048999957507,0.7548069988843054,28.606305000721477,0.26710816777041946,302,0,0,43,0.9694767441860465,0
31.6875,3,0,0,0.0,27.707635999831837,0.7299919998331461,27.73750499909511,0.26622662266226627,303,0,0,43,0.9738372093023255,0
31.71609,3,0,0,0.0,28.563650001160568,0.7296719995792955,28.58991200264427,0.26535087719298245,304,0,0,44,0.9559659090909091,0
31.7445,3,0,0,0.0,28.373130997351836,0.7380899987765588,28.40241500234697,0.2644808743169399,305,0,0,44,0.9602272727272727,0
31.7728,3,0,0,0.0,28.270151000469923,0.7239240003400482,28.29283200117061,0.2636165577342048,306,0,0,44,0.9644886363636364,0
31.80125,3,0,0,0.0,28.423392999684438,0.7224219989439007,28.447271000914043,0.26275787187839306,307,0,0,44,0.96875,0
31.82943,3,0,0,0.0,28.150393001851626,0.7387549994746223,28.17243900062749,0.26190476190476186,308,0,0,44,0.9730113636363636,0
31.85804,3,0,0,0.0,28.58390000255895,0.7340660013142042,28.605918003449915,0.2610571736785329,309,0,0,44,0.9772727272727273,0
31.88636,3,0,0,0.0,28.29313699839986,0.7416770022246055,28.314628998487024,0.2602150537634409,310,0,0,44,0.9815340909090909,0
31.91399,3,0,0,0.0,27.605807001236826,0.7392289990093559,27.62954599893419,0.25937834941050375,311,0,0,45,0.9638888888888889,0
31.94241,3,0,0,0.0,28.39140700234566,0.7037010000203736,28.415426997526083,0.2585470085470085,312,0,0,45,0.9680555555555556,0
31.97118,3,0,0,0.0,28.743987997586373,0.76381300095818,28.767296000296483,0.2577209797657082,313,0,0,45,0.9722222222222222,0
31.99965,3,0,0,0.0,28.441079000913305,0.7704019990342204,28.465248997235904,0.2569002123142251,314,0,0,45,0.9763888888888889,0
32.02808,3,0,0,0.0,28.39686200240976,0.7480919994122814,28.422680999938166,0.25608465608465614,315,0,0,46,0.9592391304347826,0
32.05634,3,0,0,0.0,28.233600001840387,0.7404450007015839,28.255714001716115,0.2552742616033755,316,0,0,46,0.9633152173913043,0
32.0847,3,0,0,0.0,28.326265997748123,0.7427870004903525,28.35035500174854,0.25446898002103047,317,0,0,46,0.967391304347826,0
32.11297,3,0,0,0.0,28.24496600078419,0.7468719995813444,28.266969002288533,0.25366876310272535,318,0,0,46,0.9714673913043478,0
32.14052,3,0,0,0.0,27.521525000338443,0.7157219988584984,27.542038998944918,0.25287356321839083,319,0,0,46,0.9755434782608695,0
32.16895,3,0,0,0.0,28.403124000760727,0.7247120011015795,28.428099998563994,0.2520833333333333,320,0,0,47,0.9587765957446809,0
32.19728,3,0,0,0.0,28.307499997026753,0.7404809985018801,28.330060002190294,0.25129802699896153,321,0,0,47,0.9627659574468085,0
32.22545,3,0,0,0.0,28.135551998275332,0.745518998883199,28.15869099867996,0.25051759834368525,322,0,0,47,0.9667553191489362,0
32.25424,3,0,0,0.0,28.76842100158683,0.7635639994987287,28.790342999855056,0.24974200206398345,323,0,0,47,0.9707446808510638,0
32.28261,3,0,0,0.0,28.337384999758797,0.7571770001959521,28.361058997688815,0.2489711934156379,324,0,0,47,0.9747340425531915,0
32.31126,3,0,0,0.0,28.62344999812194,0.7499040002585389,28.648595998674864,0.2482051282051282,325,0,0,47,0.9787234042553191,0
32.34114,3,0,0,0.0,29.853568998078117,0.7930139981908724,29.880326001148205,0.24744376278118607,326,0,0,47,0.9827127659574468,0
32.37511,3,0,0,0.0,33.9202210016083,0.9690330007288139,33.954630001971964,0.2466870540265036,327,0,0,39,0.9631410256410257,0
32.40406,2,0,0,0.0,28.932293000252685,0.7097900015651248,28.955271001905203,0.08384146341463417,328,0,0,39,0.9663461538461539,0
32.43288,2,0,0,0.0,28.78329200029839,0.684315000398783,28.80830399953993,0.0835866261398176,329,0,0,39,0.969551282051282,0
32.46185,2,0,0,0.0,28.924334001203533,0.694002999807708,28.96613399934722,0.08333333333333337,330,0,0,39,0.9727564102564102,0
32.49062,2,0,0,0.0,28.74221199817839,0.7147600008465815,28.764122998836683,0.08308157099697888,331,0,0,39,0.9759615384615384,0
32.5191,2,0,0,0.0,28.455865998694208,0.6848579978395719,28.475794002588373,0.08283132530120485,332,0,0,39,0.9791666666666666,0
32.54792,2,0,0,0.0,28.791646000172477,0.6637929982389323,28.813965000153985,0.08258258258258255,333,0,0,39,0.9823717948717948,0
32.5767,2,0,0,0.0,28.756274998158915,0.7048029983707238,28.780264998204075,0.08233532934131738,334,0,0,39,0.9855769230769231,0
32.60463,2,0,0,0.0,27.90591300072265,0.702657998772338,27.92822799892747,0.08208955223880599,335,0,0,39,0.9887820512820513,0
32.63353,2,0,0,0.0,28.870704998553265,0.7047709987091366,28.897583000798477,0.08184523809523814,336,0,0,40,0.9671875,0
32.66265,2,0,0,0.0,29.084598001645645,0.7149390003178269,29.107585996825946,0.08160237388724034,337,0,0,40,0.9703125,0
32.69152,2,0,0,0.0,28.84318599899416,0.7070270003168844,28.866037999250693,0.08136094674556216,338,0,0,40,0.9734375,0
32.72026,2,0,0,0.0,28.71020600287011,0.7015019982645754,28.734278999763774,0.08112094395280234,339,0,0,40,0.9765625,0
32.7489,2,0,0,0.0,28.62155099865049,0.7236130004457664,28.642814999329858,0.08088235294117652,340,0,0,40,0.9796875,0
32.77756,2,0,0,0.0,28.62675600044895,0.6906760027050041,28.648524999880465,0.08064516129032262,341,0,0,40,0.9828125,0
32.80632,2,0,0,0.0,28.737402997649042,0.7126069976948202,28.759544002241455,0.08040935672514615,342,0,0,40,0.9859375,0
32.85895,3,1,197,24.357489000976784,28.22857599676354,0.7787769973219838,52.62883300019894,0.19533527696793007,343,0,0,54,0.9618055555555556,0
32.8879,3,0,0,0.0,28.91549600099097,0.7883380021667108,28.939472998899873,0.19476744186046513,344,0,0,54,0.9652777777777778,0
32.91651,3,0,0,0.0,28.589561999979196,0.7865239967941307,28.61033299996052,0.1942028985507246,345,0,0,54,0.96875,0
32.94669,3,0,0,0.0,30.14563200122211,0.7784129993524402,30.169903999194503,0.1936416184971098,346,0,0,54,0.9722222222222222,0
32.97659,3,0,0,0.0,29.876063999836333,1.011581000057049,29.90033899914124,0.19308357348703165,347,0,0,54,0.9756944444444444,0
33.0051,3,0,0,0.0,28.479597000114154,0.7948830025270581,28.502706001745537,0.19252873563218387,348,0,0,54,0.9791666666666666,0
33.03376,3,0,0,0.0,28.633461999561405,0.7814290001988411,28.65976000248338,0.1919770773638968,349,0,0,54,0.9826388888888888,0
33.0625,3,0,0,0.0,28.712882001855178,0.8049580028455239,28.735992000292754,0.1914285714285714,350,0,0,54,0.9861111111111112,0
33.0904,3,0,0,0.0,27.873166000063065,0.8155430004990194,27.89677599866991,0.19088319088319083,351,0,0,54,0.9895833333333334,0
33.11896,3,0,0,0.0,28.527455000585178,0.8076230005826801,28.555296998092672,0.19034090909090906,352,0,0,55,0.975,0
33.1475,3,0,0,0.0,28.489282998634735,0.7980100017448422,28.526113997941138,0.1898016997167139,353,0,0,32,0.990234375,0
33.17578,2,0,0,0.0,28.25298199968529,0.6745259997842368,28.27903399884235,0.15217391304347827,299,0,0,33,0.9640151515151515,0
33.20401,2,0,0,0.0,28.203468998981407,0.6863920025352854,28.225453999766614,0.15166666666666662,300,0,0,33,0.9678030303030303,0
33.23217,2,0,0,0.0,28.138047997344984,0.6453700007114094,28.161951999209123,0.15116279069767447,301,0,0,33,0.9715909090909091,0
33.26067,2,0,0,0.0,28.469079999922542,0.6645829998888075,28.4909649999463,0.1506622516556292,302,0,0,33,0.9753787878787878,0
33.28827,2,0,0,0.0,27.568333000090206,0.6708110013278201,27.58996400007163,0.15016501650165015,303,0,0,33,0.9791666666666666,0
33.31656,2,0,0,0.0,28.261840001505334,0.6663179992756341,28.28875799968955,0.14967105263157898,304,0,0,34,0.9540441176470589,0
33.34509,2,0,0,0.0,28.508334999060025,0.6894149992149323,28.53285200035316,0.1491803278688525,305,0,0,34,0.9577205882352942,0
33.37424,2,0,0,0.0,29.11760699862498,0.672078000206966,29.140030001144623,0.14869281045751637,306,0,0,34,0.9613970588235294,0
33.40275,2,0,0,0.0,28.48393599924748,0.7133250001061242,28.507896000519395,0.14820846905537455,307,0,0,34,0.9650735294117647,0
33.4311,2,0,0,0.0,28.324490998784313,0.6657919984718319,28.347699997539166,0.1477272727272727,308,0,0,34,0.96875,0
33.45946,2,0,0,0.0,28.331030000117607,0.7127930002752692,28.35138099908363,0.1472491909385113,309,0,0,34,0.9724264705882353,0
33.48774,2,0,0,0.0,28.246847999980673,0.6644329987466335,28.271865998249268,0.14677419354838706,310,0,0,34,0.9761029411764706,0
33.51532,2,0,0,0.0,27.559517002373468,0.6847789991297759,27.58256400193204,0.1463022508038585,311,0,0,34,0.9797794117647058,0
33.54338,2,0,0,0.0,28.02819800126599,0.670698002068093,28.051296998455655,0.14583333333333337,312,0,0,34,0.9834558823529411,0
33.57172,2,0,0,0.0,28.305741001531715,0.6699629993818235,28.32846499950392,0.14536741214057503,313,0,0,34,0.9871323529411765,0
33.59982,2,0,0,0.0,28.077982999093365,0.6726770006935112,28.11357400059933,0.14490445859872614,314,0,0,34,0.9908088235294118,0
33.62843,2,0,0,0.0,28.570041002240032,0.6554570027219597,28.59447800074122,0.1444444444444445,315,0,0,35,0.9660714285714286,0
33.65749,2,0,0,0.0,29.025749001448276,0.6912889984960202,29.0555100000347,0.1439873417721519,316,0,0,35,0.9696428571428571,0
33.68611,2,0,0,0.0,28.59216400247533,0.6969530004425906,28.61368300000322,0.14353312302839116,317,0,0,35,0.9732142857142857,0
33.71474,2,0,0,0.0,28.599250999832293,0.6698110009892844,28.621723999094684,0.14308176100628933,318,0,0,35,0.9767857142857143,0
33.74295,2,0,0,0.0,28.182997997646453,0.676725001540035,28.20756499932031,0.14263322884012541,319,0,0,35,0.9803571428571428,0
33.77166,2,0,0,0.0,28.677449001406785,0.669403001666069,28.70181800244609,0.14218750000000002,320,0,0,36,0.9565972222222222,0
33.80022,2,0,0,0.0,28.52991299732821,0.678256998071447,28.562785999383777,0.14174454828660432,321,0,0,21,0.9583333333333334,0
33.82438,1,0,0,0.0,24.125675001414493,0.6023270034347661,24.15355199991609,0.0,322,0,0,0,0.0,0
34.57895,1,1,112,25.126239997916855,23.42515700001968,0.5370049984776415,48.6060439980065,0.0,112,0,0,8,0.8828125,0
34.60219,1,0,0,0.0,23.214298002130818,0.5318969997460954,23.2353069986857,0.0,113,0,0,8,0.890625,0
34.62512,1,0,0,0.0,22.90313800040167,0.506591000885237,22.923377000552136,0.0,114,0,0,8,0.8984375,0
34.6484,1,0,0,0.0,23.25254099923768,0.4955670010531321,23.27561499987496,0.0,115,0,0,8,0.90625,0
34.6718,1,0,0,0.0,23.371272000076715,0.5448579977382906,23.391167000227142,0.0,116,0,0,8,0.9140625,0
34.69488,1,0,0,0.0,23.05348699883325,0.5174050020286813,23.072869000316132,0.0,117,0,0,8,0.921875,0
34.71789,1,0,0,0.0,22.995954001089558,0.4912040021736175,23.01556000020355,0.0,118,0,0,8,0.9296875,0
34.74112,1,0,0,0.0,23.197728998638922,0.5106530006742105,23.220566999953007,0.0,119,0,0,8,0.9375,0
34.76434,1,0,0,0.0,23.1952750000346,0.5186029993637931,23.215004002850037,0.0,120,0,0,8,0.9453125,0
34.78732,1,0,0,0.0,22.959939000429586,0.5332000000635162,22.979795998253394,0.0,121,0,0,8,0.953125,0
34.81018,1,0,0,0.0,22.836590000224533,0.5163170026207808,22.855347000586335,0.0,122,0,0,8,0.9609375,0
34.83336,1,0,0,0.0,23.154918999352958,0.4938420024700463,23.17643299829797,0.0,123,0,0,8,0.96875,0
34.85643,1,0,0,0.0,23.046708000038052,0.5299670010572299,23.06594100082293,0.0,124,0,0,8,0.9765625,0
34.90919,2,1,129,24.47799500077963,28.22794700114173,0.5499309991137125,52.746557998034405,0.015503875968992276,129,0,0,17,0.9411764705882353,0
34.93728,2,0,0,0.0,28.05521199843497,0.5830000009154901,28.0796660008491,0.01538461538461533,130,0,0,17,0.9485294117647058,0
34.96541,2,0,0,0.0,28.102516000217292,0.5961440001556184,28.12455800085445,0.01526717557251911,131,0,0,17,0.9558823529411765,0
34.99361,2,0,0,0.0,28.16633100155741,0.6042280001565814,28.19421799722477,0.015151515151515138,132,0,0,18,0.9097222222222222,0
35.02195,2,0,0,0.0,28.314114999375306,0.6048590003047138,28.33880899925134,0.015037593984962405,133,0,0,18,0.9166666666666666,0
35.05021,2,0,0,0.0,28.232712000317406,0.5805200016766321,28.257132002181606,0.014925373134328401,134,0,0,18,0.9236111111111112,0
35.07818,2,0,0,0.0,27.933411998674273,0.6163040015962906,27.95829299793695,0.014814814814814836,135,0,0,18,0.9305555555555556,0
35.13114,3,1,134,24.75689199854969,28.15573399857385,0.6393090006895363,52.95648700121092,0.014705882352941124,136,0,0,27,0.9375,0
35.15929,3,0,0,0.0,28.116935998696135,0.6452929992519785,28.138133999163983,0.014598540145985384,137,0,0,27,0.9444444444444444,0
35.18749,3,0,0,0.0,28.177559001051122,0.6472960012615658,28.200755001307698,0.01449275362318836,138,0,0,27,0.9513888888888888,0
35.21549,3,0,0,0.0,27.96872299950337,0.65480299963383,27.990685997792752,0.014388489208633115,139,0,0,27,0.9583333333333334,0
35.24366,3,0,0,0.0,28.14498500083573,0.6427250009437557,28.17001500079641,0.014285714285714235,140,0,0,27,0.9652777777777778,0
35.27199,3,0,0,0.0,28.307276999839814,0.6695459996990394,28.32880799905979,0.014184397163120588,141,0,0,27,0.9722222222222222,0
35.30475,3,0,0,0.0,32.72726599971065,0.6288539989327546,32.75170399865601,0.014084507042253502,142,0,0,27,0.9791666666666666,0
35.33289,3,0,0,0.0,28.108667000196874,0.6612930010305718,28.132661998824915,0.013986013986013957,143,0,0,27,0.9861111111111112,0
35.36205,3,0,0,0.0,29.134238000551704,0.6476920025306754,29.160666999814566,0.01388888888888884,144,0,0,28,0.9575892857142857,0
35.39174,3,0,0,0.0,29.662230001122225,0.6608560033782851,29.686548001336632,0.01379310344827589,145,0,0,28,0.9642857142857143,0
35.4204,3,0,0,0.0,28.619510998396436,0.66182599766762,28.647166000155266,0.013698630136986356,146,0,0,29,0.9375,0
35.44914,3,0,0,0.0,28.71220899760374,0.6750930006091949,28.736817999742925,0.013605442176870763,147,0,0,29,0.9439655172413793,0
35.47801,3,0,0,0.0,28.84644100049627,0.6427039988921024,28.870510999695398,0.013513513513513487,148,0,0,30,0.91875,0
35.50665,3,0,0,0.0,28.612588001124095,0.6604350019188132,28.636004997679265,0.01342281879194629,149,0,0,30,0.925,0
35.53536,3,0,0,0.0,28.68192700043437,0.6686739980068523,28.706622000754578,0.013333333333333308,150,0,0,30,0.93125,0
35.56344,3,0,0,0.0,28.044124999723863,0.6713479997415561,28.065921997040277,0.013245033112582738,151,0,0,30,0.9375,0
35.59207,3,0,0,0.0,28.608904001885094,0.6708879991492722,28.631974000745686,0.013157894736842146,152,0,0,30,0.94375,0
35.62063,3,0,0,0.0,28.533951001008973,0.6506649988295976,28.55643200018676,0.013071895424836555,153,0,0,30,0.95,0
35.64924,3,0,0,0.0,28.582587001437787,0.6614999983867165,28.605082003196003,0.012987012987012991,154,0,0,30,0.95625,0
35.67793,3,0,0,0.0,28.654551002546214,0.6774139983463101,28.67767899806495,0.012903225806451646,155,0,0,30,0.9625,0
35.70676,3,0,0,0.0,28.80361899951822,0.6758470008207951,28.826390000176616,0.012820512820512775,156,0,0,30,0.96875,0
35.73537,3,0,0,0.0,28.58757400099421,0.6650340001215227,28.610566001589177,0.01273885350318471,157,0,0,30,0.975,0
35.76406,3,0,0,0.0,28.65855200070655,0.6648400012636557,28.679069997451734,0.012658227848101222,158,0,0,30,0.98125,0
35.79194,3,0,0,0.0,27.86109599765041,0.6490279993158765,27.88198100097361,0.012578616352201255,159,0,0,30,0.9875,0
35.82045,3,0,0,0.0,28.4787159980624,0.6495739980891813,28.50453499922878,0.012499999999999956,160,0,0,31,0.9616935483870968,0
35.84907,3,0,0,0.0,28.59315599926049,0.6706120002490934,28.616270999918925,0.012422360248447228,161,0,0,31,0.967741935483871,0
35.87792,3,0,0,0.0,28.814256002078764,0.6604769987461623,28.839209000580013,0.012345679012345734,162,0,0,32,0.943359375,0
35.90643,3,0,0,0.0,28.482043999247253,0.6707689972245134,28.50294599920744,0.012269938650306789,163,0,0,32,0.94921875,0
35.93498,3,0,0,0.0,28.527057998871896,0.6675609984085895,28.551619998324895,0.012195121951219523,164,0,0,33,0.9261363636363636,0
35.96348,3,0,0,0.0,28.46746199793415,0.6452069974329788,28.496334998635575,0.012121212121212088,165,0,0,33,0.9318181818181818,0
35.99199,3,0,0,0.0,28.483844998845598,0.6649669994658325,28.50496500104782,0.012048192771084376,166,0,0,33,0.9375,0
36.02005,3,0,0,0.0,28.031331999955,0.6528490011987742,28.05265500137466,0.0119760479041916,167,0,0,33,0.9431818181818182,0
36.04872,3,0,0,0.0,28.645578000578098,0.6586810013686772,28.669408999121515,0.011904761904761862,168,0,0,33,0.9488636363636364,0
36.07766,3,0,0,0.0,28.91270400141366,0.684919003106188,28.93476800090866,0.011834319526627168,169,0,0,33,0.9545454545454546,0
36.10621,3,0,0,0.0,28.51597700282582,0.6757160008419305,28.537559999676887,0.0117647058823529,170,0,0,33,0.9602272727272727,0
36.1346,3,0,0,0.0,28.36641499743564,0.675200000841869,28.387950002070284,0.011695906432748537,171,0,0,33,0.9659090909090909,0
36.16306,3,0,0,0.0,28.432195002096705,0.6583809990843292,28.453552000428317,0.011627906976744207,172,0,0,33,0.9715909090909091,0
36.19151,3,0,0,0.0,28.407608002453344,0.6588780015590601,28.44492599979276,0.011560693641618491,173,0,0,22,0.9772727272727273,0
36.21961,2,0,0,0.0,28.0800279979303,0.601881998591125,28.100637999159517,0.011494252873563204,174,0,0,22,0.9829545454545454,0
36.24729,2,0,0,0.0,27.655761001369683,0.6016349980200175,27.678538997861324,0.011428571428571455,175,0,0,22,0.9886363636363636,0
36.2759,2,0,0,0.0,28.571959999680985,0.622997002210468,28.60111399786547,0.011363636363636354,176,0,0,23,0.9510869565217391,0
36.30425,2,0,0,0.0,28.327644999080803,0.6025740003678948,28.34988700124086,0.011299435028248594,177,0,0,23,0.9565217391304348,0
36.36204,3,1,229,24.463660000037635,33.27524500127765,0.683481997839408,57.77701100305421,0.15429403202328962,229,0,0,38,0.9605263157894737,0
36.39063,3,0,0,0.0,28.563686002598843,0.7115959997463506,28.586737000296125,0.15362318840579714,230,0,0,38,0.9654605263157895,0
36.41888,3,0,0,0.0,28.20719700321206,0.711879001755733,28.24321599837276,0.15295815295815296,231,0,0,27,0.9467592592592593,0
36.44751,2,0,0,0.0,28.61195100194891,0.6318970008578617,28.63537699886365,0.11853448275862066,232,0,0,27,0.9513888888888888,0
36.47628,2,0,0,0.0,28.73605300192139,0.6473470020864625,28.75748000224121,0.11802575107296143,233,0,0,27,0.9560185185185185,0
36.5046,2,0,0,0.0,28.297246997681214,0.6554040010087192,28.318896002019756,0.11752136752136755,234,0,0,27,0.9606481481481481,0
36.53281,2,0,0,0.0,28.18265899986727,0.6229589998838492,28.203529000165872,0.11702127659574468,235,0,0,27,0.9652777777777778,0
36.56117,2,0,0,0.0,28.321071997197578,0.6058409999241121,28.356612001516623,0.11652542372881358,236,0,0,27,0.9699074074074074,0
36.59091,2,0,0,0.0,29.709255999478046,0.6156679992272984,29.73433200168074,0.11603375527426163,237,0,0,27,0.9745370370370371,0
36.62051,2,0,0,0.0,29.577444001915865,0.8411109993176069,29.601391001051525,0.11554621848739499,238,0,0,27,0.9791666666666666,0
36.64839,2,0,0,0.0,27.850500999193173,0.6581279994861688,27.871174999745563,0.11506276150627615,239,0,0,27,0.9837962962962963,0
36.67642,2,0,0,0.0,28.004915002384223,0.6397270008164924,28.027133997966303,0.11458333333333337,240,0,0,28,0.953125,0
36.70461,2,0,0,0.0,28.161813999759033,0.6349609975586645,28.18737699999474,0.11410788381742742,241,0,0,28,0.9575892857142857,0
36.73294,2,0,0,0.0,28.296694999880856,0.6473809989984147,28.32052899975679,0.11363636363636365,242,0,0,28,0.9620535714285714,0
36.76134,2,0,0,0.0,28.376790000038454,0.6310669996310025,28.397951999068027,0.11316872427983538,243,0,0,28,0.9665178571428571,0
36.78933,2,0,0,0.0,27.959699000348337,0.660292000247864,27.98118600185262,0.11270491803278693,244,0,0,28,0.9709821428571429,0
36.8171,2,0,0,0.0,27.743380996980704,0.6356000012601726,27.765191000071354,0.11224489795918369,245,0,0,28,0.9754464285714286,0
36.84484,2,0,0,0.0,27.703751002263743,0.6195799978740979,27.740950001316378,0.11178861788617889,246,0,0,28,0.9799107142857143,0
36.89633,3,1,94,23.861017998569878,27.57856999960495,0.6719969969708472,51.4800139972067,0.2807017543859649,247,0,0,35,0.9571428571428572,0
36.92443,3,0,0,0.0,28.07029000177863,0.6954660020710435,28.09424999941257,0.27956989247311825,248,0,0,35,0.9625,0
36.95253,3,0,0,0.0,28.073964997020084,0.6855709980300162,28.100096998969093,0.2784471218206158,249,0,0,36,0.9409722222222222,0
36.98245,3,0,0,0.0,29.888740999012953,0.6841639988124371,29.913672999100527,0.2773333333333333,250,0,0,36,0.9461805555555556,0
37.01189,3,0,0,0.0,29.412023999611847,0.9720680027385242,29.437678000249434,0.27622841965471445,251,0,0,36,0.9513888888888888,0
37.04066,3,0,0,0.0,28.73729199927766,0.7119750007404946,28.76155500052846,0.2751322751322751,252,0,0,36,0.9565972222222222,0
37.06963,3,0,0,0.0,28.943811998033198,0.7082029987941496,28.96623900232953,0.27404479578392626,253,0,0,36,0.9618055555555556,0
37.09829,3,0,0,0.0,28.634859998419415,0.6978800010983832,28.657618000579532,0.27296587926509186,254,0,0,36,0.9670138888888888,0
37.1264,3,0,0,0.0,28.083798999432474,0.7060239986458328,28.10655599751044,0.27189542483660134,255,0,0,36,0.9722222222222222,0
37.15498,3,0,0,0.0,28.54894200208946,0.6938699989404995,28.574699001183035,0.27083333333333337,256,0,0,37,0.9510135135135135,0
37.18364,3,0,0,0.0,28.625587998249102,0.6767459999537095,28.647518000070704,0.2697795071335928,257,0,0,37,0.956081081081081,0
37.21226,3,0,0,0.0,28.596823998668697,0.6997029995545745,28.619097000046168,0.2687338501291989,258,0,0,37,0.9611486486486487,0
37.24512,3,0,0,0.0,32.83123599976534,0.6922790016687941,32.857237001735484,0.26769626769626764,259,0,0,37,0.9662162162162162,0
37.283,3,0,0,0.0,37.84863100008806,0.9074609988601878,37.87333999935072,0.2666666666666667,260,0,0,37,0.9712837837837838,0
37.32099,3,0,0,0.0,37.95885699946666,0.9149389989033807,37.98495000228286,0.26564495530012766,261,0,0,37,0.9763513513513513,0
37.35711,3,0,0,0.0,36.09389700068277,0.9368319988425355,36.1217880017648,0.2646310432569975,262,0,0,37,0.981418918918919,0
37.39437,3,0,0,0.0,37.227043001621496,0.9830710005189758,37.254382001265185,0.2636248415716096,263,0,0,38,0.9605263157894737,0
37.42471,3,0,0,0.0,30.307037999591557,0.9288180008297786,30.332157999509946,0.26262626262626265,264,0,0,38,0.9654605263157895,0
37.45397,3,0,0,0.0,29.228031999082305,0.7230379997054115,29.25898600005894,0.2616352201257862,265,0,0,39,0.9455128205128205,0
37.48602,3,0,0,0.0,32.011200000852114,0.9614480004529469,32.034391999332,0.2606516290726817,266,0,0,39,0.9503205128205128,0
37.51448,3,0,0,0.0,28.434127998480108,0.7018079995759763,28.45733800131711,0.25967540574282144,267,0,0,39,0.9551282051282052,0
37.54284,3,0,0,0.0,28.31818699996802,0.7041999997454695,28.35403399876668,0.2587064676616916,268,0,0,39,0.9599358974358975,0
37.57123,3,0,0,0.0,28.356707996863406,0.6802429998060688,28.378279002936324,0.2577447335811648,269,0,0,39,0.9647435897435898,0
37.59941,3,0,0,0.0,28.15711299990653,0.7311399967875332,28.179816999909235,0.2567901234567901,270,0,0,39,0.969551282051282,0
37.62709,3,0,0,0.0,27.649692001432413,0.7027930005278904,27.672461998008657,0.25584255842558423,271,0,0,39,0.9743589743589743,0
37.65513,3,0,0,0.0,28.015321000566473,0.6887119998282287,28.03952899921569,0.2549019607843137,272,0,0,40,0.9546875,0
37.68344,3,0,0,0.0,28.27332800006843,0.713331999577349,28.297030003159307,0.25396825396825395,273,0,0,40,0.959375,0
37.735,4,1,88,23.567882002680562,27.948270999331726,0.7358410002780147,51.55593599920394,0.3594890510948905,274,0,0,46,0.9592391304347826,0
37.76309,4,0,0,0.0,28.06103400143911,0.735526999051217,28.08316200025729,0.35818181818181816,275,0,0,46,0.9646739130434783,0
37.79107,4,0,0,0.0,27.956935999100097,0.7505680005124304,27.978166999673704,0.3568840579710145,276,0,0,46,0.970108695652174,0
37.81895,4,0,0,0.0,27.84779500143486,0.762945997848874,27.876570999069372,0.35559566787003605,277,0,0,32,0.966796875,0
37.84682,3,0,0,0.0,27.840047001518542,0.6356650010275189,27.876320000359556,0.4064748201438849,278,0,0,32,0.97265625,0
37.87427,3,0,0,0.0,27.40709800127661,0.6567000018549152,27.42823099833913,0.40501792114695345,279,0,0,32,0.978515625,0
37.90226,3,0,0,0.0,27.97235400066711,0.6710790003126021,27.99401599986595,0.4035714285714286,280,0,0,32,0.984375,0
37.93034,3,0,0,0.0,28.042734000337077,0.6868710006529,28.06922099989606,0.402135231316726,281,0,0,33,0.9602272727272727,0
37.95851,3,0,0,0.0,28.14001700244262,0.7097990019246936,28.166265998152085,0.400709219858156,282,0,0,34,0.9375,0
37.98679,3,0,0,0.0,28.2545800000662,0.7137780012271833,28.278253997996217,0.3992932862190812,283,0,0,34,0.9430147058823529,0
38.01481,3,0,0,0.0,27.994405001663836,0.6775219990231562,28.017179000016768,0.397887323943662,284,0,0,34,0.9485294117647058,0
38.04278,3,0,0,0.0,27.92111500093597,0.6658460006292444,27.94466700288467,0.39649122807017545,285,0,0,34,0.9540441176470589,0
38.07095,3,0,0,0.0,28.146136999566806,0.675622999551706,28.166924999823095,0.3951048951048951,286,0,0,34,0.9595588235294118,0
38.09811,3,0,0,0.0,27.13376999963657,0.67078199936077,27.153543996973895,0.39372822299651566,287,0,0,34,0.9650735294117647,0
38.12588,3,0,0,0.0,27.743144000851316,0.6497140020655934,27.7666149995639,0.39236111111111116,288,0,0,35,0.9428571428571428,0
38.15371,3,0,0,0.0,27.80852300202241,0.6607370014535263,27.830302002257667,0.39100346020761245,289,0,0,35,0.9482142857142857,0
38.18192,3,0,0,0.0,28.18159500020556,0.6758050003554672,28.204341997479787,0.3896551724137931,290,0,0,35,0.9535714285714286,0
38.21006,3,0,0,0.0,28.11682799801929,0.6799750008212868,28.139539001131197,0.3883161512027491,291,0,0,35,0.9589285714285715,0
38.2382,3,0,0,0.0,28.10621800017543,0.6765870020899456,28.130143997259438,0.386986301369863,292,0,0,35,0.9642857142857143,0
38.26645,3,0,0,0.0,28.222509998158785,0.6973210001888219,28.244352997717215,0.38566552901023887,293,0,0,35,0.9696428571428571,0
38.29465,3,0,0,0.0,28.17658899948583,0.7127479984774254,28.199568998388713,0.3843537414965986,294,0,0,35,0.975,0
38.32216,3,0,0,0.0,27.478904001327464,0.7141759997466579,27.502903998538386,0.3830508474576271,295,0,0,35,0.9803571428571428,0
38.35017,3,0,0,0.0,27.978472000540933,0.7176220024120994,28.00177899916889,0.3817567567567568,296,0,0,35,0.9857142857142858,0
38.37848,3,0,0,0.0,28.284535997954663,0.6889120013511274,28.311637001024792,0.3804713804713805,297,0,0,36,0.9635416666666666,0
38.40696,3,0,0,0.0,28.440354002668755,0.7285449974006042,28.468395001254976,0.3791946308724832,298,0,0,37,0.9425675675675675,0
38.43543,3,0,0,0.0,28.443072998925345,0.6962839979678392,28.46787300222786,0.37792642140468224,299,0,0,37,0.9476351351351351,0
38.46388,3,0,0,0.0,28.42708199750632,0.7397010012937244,28.449924997403286,0.3766666666666667,300,0,0,37,0.9527027027027027,0
38.49238,3,0,0,0.0,28.46569100074703,0.7107489982445259,28.49180900011561,0.3754152823920266,301,0,0,37,0.9577702702702703,0
38.52054,3,0,0,0.0,28.1328940000094,0.7356930000241846,28.15719399950467,0.3741721854304636,302,0,0,37,0.9628378378378378,0
38.54816,3,0,0,0.0,27.593087001150707,0.7181900000432506,27.61797099810792,0.3729372937293729,303,0,0,37,0.9679054054054054,0
38.57675,3,0,0,0.0,28.540291998069733,0.7173529993451666,28.58395699877292,0.3717105263157895,304,0,0,18,0.9409722222222222,0
38.60484,2,0,0,0.0,28.046172999893315,0.625639997451799,28.08380200076499,0.10855263157894735,152,0,0,18,0.9479166666666666,0
38.63271,2,0,0,0.0,27.832160998514155,0.5828009998367634,27.864072002557805,0.10784313725490191,153,0,0,8,0.9453125,0
38.65578,1,0,0,0.0,23.03975499671651,0.5312809989845846,23.061734998918837,0.0,121,0,0,8,0.953125,0
38.67919,1,0,0,0.0,23.379570000543026,0.5291409979690798,23.401222002576105,0.0,122,0,0,8,0.9609375,0
38.70225,1,0,0,0.0,23.026758997730212,0.5342260010365862,23.047614999086363,0.0,123,0,0,8,0.96875,0
38.72519,1,0,0,0.0,22.920447001524735,0.5033550005464349,22.94044099835446,0.0,124,0,0,8,0.9765625,0
38.74808,1,0,0,0.0,22.865962997457245,0.49018600111594424,22.88473600128782,0.0,125,0,0,8,0.984375,0
38.79939,2,1,100,23.592493998876307,27.673796001181472,0.5663389965775423,51.30122999980813,0.10317460317460314,126,0,0,15,0.95,0
38.82661,2,0,0,0.0,27.193659003387438,0.5726839990529697,27.217178998398595,0.10236220472440949,127,0,0,15,0.9583333333333334,0
38.85482,2,0,0,0.0,28.176267998787807,0.5954200023552403,28.225186000781832,0.1015625,128,0,0,16,0.90625,0
38.88306,2,0,0,0.0,28.18925199972,0.5900300020584837,28.211657001520507,0.10077519379844957,129,0,0,16,0.9140625,0
38.91095,2,0,0,0.0,27.8701759998512,0.5771889991592616,27.892842001165263,0.09999999999999998,130,0,0,16,0.921875,0
38.93892,2,0,0,0.0,27.93697000015527,0.5795360011688899,27.96077400125796,0.0992366412213741,131,0,0,16,0.9296875,0
38.96705,2,0,0,0.0,28.104566998081282,0.5801970000902656,28.126553999754833,0.09848484848484851,132,0,0,16,0.9375,0
38.99515,2,0,0,0.0,28.07479900002363,0.5827890017826576,28.099292001570575,0.09774436090225569,133,0,0,16,0.9453125,0
39.02329,2,0,0,0.0,28.110898998420453,0.595737001276575,28.137573001004057,0.09701492537313428,134,0,0,16,0.953125,0
39.05079,2,0,0,0.0,27.46621400001459,0.6061669992050156,27.491341999848373,0.09629629629629632,135,0,0,16,0.9609375,0
39.07912,2,0,0,0.0,28.29809499962721,0.6071860007068608,28.32143100022222,0.09558823529411764,136,0,0,16,0.96875,0
39.10714,2,0,0,0.0,27.99773300284869,0.5771260002802592,28.022217000398086,0.0948905109489051,137,0,0,16,0.9765625,0
39.13526,2,0,0,0.0,28.08709400051157,0.5906850019528065,28.115593999245903,0.09420289855072461,138,0,0,17,0.9264705882352942,0
39.16365,2,0,0,0.0,28.35660100026871,0.6057430000510067,28.37863899912918,0.09352517985611508,139,0,0,17,0.9338235294117647,0
39.19173,2,0,0,0.0,28.049847001966555,0.6277659995248541,28.07468399987556,0.09285714285714286,140,0,0,17,0.9411764705882353,0
39.21976,2,0,0,0.0,27.982466999674216,0.6073029981052969,28.02394200261915,0.09219858156028371,141,0,0,8,0.90625,0
39.24306,1,0,0,0.0,23.263744998985203,0.5372900013753679,23.28680799837457,0.0,116,0,0,8,0.9140625,0
39.26655,1,0,0,0.0,23.467724000511225,0.5063139979029074,23.488962000556057,0.0,117,0,0,8,0.921875,0
39.28972,1,0,0,0.0,23.144831000536215,0.5496230005519465,23.16661000077147,0.0,118,0,0,8,0.9296875,0
39.31291,1,0,0,0.0,23.162561003118753,0.5233260017121211,23.185664002085105,0.0,119,0,0,8,0.9375,0
39.33612,1,0,0,0.0,23.182573000667617,0.5218910009716637,23.20487600081833,0.0,120,0,0,8,0.9453125,0
39.35925,1,0,0,0.0,23.103330000594724,0.5136520012456458,23.127448999730404,0.0,121,0,0,8,0.953125,0
39.3825,1,0,0,0.0,23.216579997097142,0.5502510030055419,23.23893400171073,0.0,122,0,0,8,0.9609375,0
39.40592,1,0,0,0.0,23.39618499900098,0.5554519993893337,23.41838499705773,0.0,123,0,0,8,0.96875,0
39.42896,1,0,0,0.0,23.009300999547122,0.5058610004198272,23.031671000353526,0.0,124,0,0,8,0.9765625,0
39.45212,1,0,0,0.0,23.136075997172156,0.5103590010548942,23.157174000516534,0.0,125,0,0,8,0.984375,0
39.47539,1,0,0,0.0,23.241516002599383,0.5012309993617237,23.261812999407994,0.0,126,0,0,8,0.9921875,0
39.49868,1,0,0,0.0,23.26268899923889,0.535194998519728,23.28683099767659,0.0,127,0,0,8,1.0,0
39.52198,1,0,0,0.0,23.269189998245565,0.5580399993050378,23.296241997741163,0.0,128,0,0,9,0.8958333333333334,0
39.54507,1,0,0,0.0,23.06718999898294,0.5192700009502005,23.088773999916157,0.0,129,0,0,9,0.9027777777777778,0
39.56825,1,0,0,0.0,23.14418899914017,0.501520000398159,23.165275000792462,0.0,130,0,0,9,0.9097222222222222,0
39.59148,1,0,0,0.0,23.20794399929582,0.5244289968686644,23.23325000179466,0.0,131,0,0,9,0.9166666666666666,0
39.61465,1,0,0,0.0,23.136905001592822,0.5563429986068513,23.15934299986111,0.0,132,0,0,9,0.9236111111111112,0
39.6378,1,0,0,0.0,23.123069000575924,0.5310419983288739,23.145250001107343,0.0,133,0,0,9,0.9305555555555556,0
39.66099,1,0,0,0.0,23.170558997662738,0.5214609991526231,23.193090997665422,0.0,134,0,0,9,0.9375,0
39.68454,1,0,0,0.0,23.520361999544548,0.5226579996815417,23.541320999356685,0.0,135,0,0,9,0.9444444444444444,0
39.70755,1,0,0,0.0,22.983894999924814,0.5509080001502298,23.003935999440728,0.0,136,0,0,9,0.9513888888888888,0
39.73064,1,0,0,0.0,23.06067699828418,0.5384140022215433,23.081811999873025,0.0,137,0,0,9,0.9583333333333334,0
39.75378,1,0,0,0.0,23.119887999200728,0.5339960007404443,23.141095000028145,0.0,138,0,0,9,0.9652777777777778,0
39.77706,1,0,0,0.0,23.251760998391546,0.5273239985399414,23.272687001735903,0.0,139,0,0,9,0.9722222222222222,0
39.80035,1,0,0,0.0,23.26181600074051,0.5262720005703159,23.284520000743214,0.0,140,0,0,9,0.9791666666666666,0
39.82344,1,0,0,0.0,23.063075997924898,0.5493650023709051,23.08372300103656,0.0,141,0,0,9,0.9861111111111112,0
39.84652,1,0,0,0.0,23.063160999299726,0.5288189968268853,23.08299200012698,0.0,142,0,0,9,0.9930555555555556,0
39.86969,1,0,0,0.0,23.139472999901045,0.5287109997880179,23.16547500231536,0.0,143,0,0,0,0.0,0
40.01024,1,1,110,25.274714000261156,23.14121699964744,0.4967559980286751,48.466043001099024,0.0,110,0,0,7,0.9910714285714286,0
40.0352,1,0,0,0.0,24.932691998401424,0.4937390003760811,24.955922999652103,0.0,111,0,0,7,1.0,0
40.05916,1,0,0,0.0,23.933263000799343,0.5248609995760489,23.959871999977622,0.0,112,0,0,8,0.8828125,0
40.08744,1,0,0,0.0,28.242358999705175,0.5431450008472893,28.26332699987688,0.0,113,0,0,8,0.890625,0
40.11259,1,0,0,0.0,25.12586600278155,0.550484997802414,25.148627002636204,0.0,114,0,0,8,0.8984375,0
40.13824,1,0,0,0.0,25.62607000072603,0.7160299974202644,25.650334999227198,0.0,115,0,0,8,0.90625,0
40.16145,1,0,0,0.0,23.17952500015963,0.539157997991424,23.199887000373565,0.0,116,0,0,8,0.9140625,0
40.1848,1,0,0,0.0,23.325867998210015,0.5223279986239504,23.345238998444984,0.0,117,0,0,8,0.921875,0
40.2079,1,0,0,0.0,23.0752110001049,0.49201599904336035,23.095419001037953,0.0,118,0,0,8,0.9296875,0
40.23136,1,0,0,0.0,23.425312003382714,0.5124790004629176,23.46261499769753,0.0,119,0,0,8,0.9375,0
40.25481,1,0,0,0.0,23.417052001605043,0.5440979984996375,23.443679998308653,0.0,120,0,0,8,0.9453125,0
40.28006,1,0,0,0.0,25.196717000653734,0.7469589982065372,25.22147800118546,0.0,121,0,0,8,0.953125,0
40.30355,1,0,0,0.0,23.4663230003207,0.5430140008684248,23.49006599979475,0.0,122,0,0,8,0.9609375,0
40.32809,1,0,0,0.0,24.50687999953516,0.5495449986483436,24.53007900112425,0.0,123,0,0,8,0.96875,0
40.35134,1,0,0,0.0,23.225892000482418,0.5260590005491395,23.26298100160784,0.0,124,0,0,8,0.9765625,0
40.37501,1,0,0,0.0,23.622830001841066,0.5421899986686185,23.644740002055187,0.0,125,0,0,8,0.984375,0
40.39839,1,0,0,0.0,23.360578998108394,0.539881999429781,23.38114099984523,0.0,126,0,0,8,0.9921875,0
40.42157,1,0,0,0.0,23.14902799844276,0.5355169996619225,23.169847998360638,0.0,127,0,0,8,1.0,0
40.44486,1,0,0,0.0,23.268586002814118,0.5219630002102349,23.293913996894844,0.0,128,0,0,9,0.8958333333333334,0
40.46822,1,0,0,0.0,23.32716299861204,0.5198120015847962,23.34687799884705,0.0,129,0,0,9,0.9027777777777778,0
40.49134,1,0,0,0.0,23.094705000403337,0.5156829975021537,23.116259999369504,0.0,130,0,0,9,0.9097222222222222,0
40.5146,1,0,0,0.0,23.228791000292404,0.5183819994272199,23.264847000973532,0.0,131,0,0,9,0.9166666666666666,0
40.53808,1,0,0,0.0,23.45194699955755,0.5331169995770324,23.47518299939111,0.0,132,0,0,9,0.9236111111111112,0
40.56146,1,0,0,0.0,23.344578003161587,0.5302669997035991,23.367784000583924,0.0,133,0,0,9,0.9305555555555556,0
40.5851,1,0,0,0.0,23.61106099851895,0.5451060023915488,23.63476900063688,0.0,134,0,0,9,0.9375,0
40.60865,1,0,0,0.0,23.526234999735607,0.5517589997907635,23.55061699927319,0.0,135,0,0,9,0.9444444444444444,0
40.63213,1,0,0,0.0,23.448342999472516,0.5567970001720823,23.471796997910133,0.0,136,0,0,9,0.9513888888888888,0
40.65551,1,0,0,0.0,23.354544999165228,0.5411880010797177,23.376115997962188,0.0,137,0,0,9,0.9583333333333334,0
40.6792,1,0,0,0.0,23.663483996642753,0.5458439991343766,23.68624199880287,0.0,138,0,0,9,0.9652777777777778,0
40.70231,1,0,0,0.0,23.08801699837204,0.5489139985002112,23.109030997147784,0.0,139,0,0,9,0.9722222222222222,0
40.72554,1,0,0,0.0,23.19914500185405,0.5396699998527765,23.2201150029141,0.0,140,0,0,9,0.9791666666666666,0
40.74877,1,0,0,0.0,23.20345400221413,0.5258180026430637,23.226790999615332,0.0,141,0,0,9,0.9861111111111112,0
40.77234,1,0,0,0.0,23.54626699889195,0.5533699986699503,23.566994001157582,0.0,142,0,0,9,0.9930555555555556,0
40.79542,1,0,0,0.0,23.05461300056777,0.5432569996628445,23.074799002642976,0.0,143,0,0,9,1.0,0
40.81854,1,0,0,0.0,23.094555999705335,0.526381001691334,23.118052999052452,0.0,144,0,0,10,0.90625,0
40.84394,1,0,0,0.0,25.37271899927873,0.5378940004447941,25.395791002665646,0.0,145,0,0,10,0.9125,0
40.86879,1,0,0,0.0,24.822652001603274,0.7028910004009958,24.84237500175368,0.0,146,0,0,10,0.91875,0
40.89237,1,0,0,0.0,23.552618000394432,0.5346610014385078,23.572564001369756,0.0,147,0,0,10,0.925,0
40.91589,1,0,0,0.0,23.493769000197062,0.537973999598762,23.514931999670807,0.0,148,0,0,10,0.93125,0
40.93931,1,0,0,0.0,23.39767800003756,0.5161070002941415,23.422856000252068,0.0,149,0,0,10,0.9375,0
40.96265,1,0,0,0.0,23.310623000725172,0.5306660023052245,23.33254099721671,0.0,150,0,0,10,0.94375,0
40.9865,1,0,0,0.0,23.808890000509564,0.5361510011425707,23.840416000894038,0.0,151,0,0,10,0.95,0
41.01035,1,0,0,0.0,23.825549997127382,0.5610739972325973,23.847353000746807,0.0,152,0,0,10,0.95625,0
41.03423,1,0,0,0.0,23.849592998885782,0.549338998098392,23.873918002209393,0.0,153,0,0,10,0.9625,0
41.05827,1,0,0,0.0,24.018650001380593,0.5442219990072772,24.042374003329314,0.0,154,0,0,10,0.96875,0
41.08252,1,0,0,0.0,24.22056499926839,0.5811899973195978,24.243069001386175,0.0,155,0,0,10,0.975,0
41.10651,1,0,0,0.0,23.957276996952714,0.553226000192808,23.979917001270223,0.0,156,0,0,10,0.98125,0
41.13042,1,0,0,0.0,23.888981999334646,0.5533340008696541,23.909898998681456,0.0,157,0,0,10,0.9875,0
41.15446,1,0,0,0.0,24.009794997255085,0.5562299993471242,24.033524001424666,0.0,158,0,0,10,0.99375,0
41.17825,1,0,0,0.0,23.763788001815556,0.5699590001313481,23.785225999745307,0.0,159,0,0,10,1.0,0
41.20213,1,0,0,0.0,23.855424002249492,0.5332670007192064,23.879484997451073,0.0,160,0,0,11,0.9147727272727273,0
41.22609,1,0,0,0.0,23.92679599870462,0.5279739998513833,23.950306000187993,0.0,161,0,0,11,0.9204545454545454,0
41.25006,1,0,0,0.0,23.941747000208125,0.5555479983740952,23.96418500211439,0.0,162,0,0,11,0.9261363636363636,0
41.27375,1,0,0,0.0,23.668654001085088,0.532598998688627,23.687814002187224,0.0,163,0,0,11,0.9318181818181818,0
41.29723,1,0,0,0.0,23.44735199949355,0.5348300001060124,23.474371002521366,0.0,164,0,0,0,0.0,0
42.9395,1,1,189,25.991477999923518,23.490308001782978,0.5349690000002738,49.537050999788335,0.0,189,0,0,12,0.9895833333333334,0
42.96312,1,0,0,0.0,23.588788997585652,0.5977859982522205,23.613269000634318,0.0,190,0,0,12,0.9947916666666666,0
42.98678,1,0,0,0.0,23.634023000340676,0.5591240005742293,23.656189001485473,0.0,191,0,0,12,1.0,0
43.01031,1,0,0,0.0,23.5028000024613,0.5762239998148289,23.53008599675377,0.0,192,0,0,13,0.9278846153846154,0
43.034,1,0,0,0.0,23.652192001463845,0.587087997701019,23.677397999563254,0.0,193,0,0,13,0.9326923076923077,0
43.05764,1,0,0,0.0,23.60972500173375,0.5727200004912447,23.63492199947359,0.0,194,0,0,13,0.9375,0
43.11142,2,1,129,25.02100800120388,28.719100999296643,0.6238260029931553,53.78061600276851,0.16923076923076918,195,0,0,22,0.9261363636363636,0
43.13989,2,0,0,0.0,28.442116003134288,0.6351189986162353,28.467329000704922,0.16836734693877553,196,0,0,22,0.9318181818181818,0
43.16851,2,0,0,0.0,28.583191000507213,0.61339300009422,28.6093209979299,0.1675126903553299,197,0,0,22,0.9375,0
43.1973,2,0,0,0.0,28.766092997102533,0.6701449965476058,28.790203999960795,0.16666666666666663,198,0,0,22,0.9431818181818182,0
43.22528,2,0,0,0.0,27.942559998336947,0.6502549986180384,27.96726700034924,0.16582914572864327,199,0,0,22,0.9488636363636364,0
43.25399,2,0,0,0.0,28.683967000688426,0.6412479997379705,28.70822600016254,0.16500000000000004,200,0,0,22,0.9545454545454546,0
43.28251,2,0,0,0.0,28.497127001173794,0.6220800023584161,28.518617000372615,0.16417910447761197,201,0,0,22,0.9602272727272727,0
43.31081,2,0,0,0.0,28.265957000257913,0.6256429987843148,28.289707999647362,0.1633663366336634,202,0,0,22,0.9659090909090909,0
43.33929,2,0,0,0.0,28.441989001294132,0.6125149993749801,28.48060200267355,0.16256157635467983,203,0,0,22,0.9715909090909091,0
43.36742,2,0,0,0.0,28.101489999244222,0.6456949995481409,28.125437998824054,0.16176470588235292,204,0,0,22,0.9772727272727273,0
43.39603,2,0,0,0.0,28.58422899953439,0.6361529995047022,28.605015999346506,0.1609756097560976,205,0,0,22,0.9829545454545454,0
43.42709,2,0,0,0.0,31.02722399853519,0.6063109976821579,31.05306900033611,0.1601941747572816,206,0,0,22,0.9886363636363636,0
43.45515,2,0,0,0.0,28.03010500065284,0.6245940021472052,28.054290000000037,0.1594202898550725,207,0,0,22,0.9943181818181818,0
43.48393,2,0,0,0.0,28.74623000025167,0.6150340013846289,28.771311001037247,0.15865384615384615,208,0,0,23,0.9565217391304348,0
43.5128,2,0,0,0.0,28.849262002040632,0.6202559998200741,28.8735119975172,0.1578947368421053,209,0,0,23,0.9619565217391305,0
43.54289,2,0,0,0.0,30.036905998713337,0.6120280013419688,30.081369997787988,0.15714285714285714,210,0,0,24,0.9270833333333334,0
43.57441,2,0,0,0.0,31.488447002629982,0.8324190021085087,31.512609999481356,0.1563981042654028,211,0,0,24,0.9322916666666666,0
43.6034,2,0,0,0.0,28.964437002287013,0.7668840007681865,28.988316997129004,0.1556603773584906,212,0,0,24,0.9375,0
43.63242,2,0,0,0.0,28.988736998144304,0.6434640017687343,29.013753002800513,0.15492957746478875,213,0,0,24,0.9427083333333334,0
43.66131,2,0,0,0.0,28.86299300007522,0.6545989999722224,28.889337001601234,0.15420560747663548,214,0,0,24,0.9479166666666666,0
43.69038,2,0,0,0.0,29.036391999397893,0.6625969981541857,29.05805699992925,0.15348837209302324,215,0,0,24,0.953125,0
43.71911,2,0,0,0.0,28.70601700124098,0.6516840003314428,28.72982600092655,0.1527777777777778,216,0,0,24,0.9583333333333334,0
43.74801,2,0,0,0.0,28.87242600263562,0.6392149989551399,28.897968997625867,0.15207373271889402,217,0,0,24,0.9635416666666666,0
43.77705,2,0,0,0.0,29.001606002566405,0.6298219996097032,29.025095998804318,0.1513761467889908,218,0,0,24,0.96875,0
43.80632,2,0,0,0.0,29.244067001855,0.6457419985963497,29.27006499885465,0.15068493150684936,219,0,0,24,0.9739583333333334,0
43.83666,2,0,0,0.0,30.31444400039618,0.671543999487767,30.338475000462495,0.15000000000000002,220,0,0,24,0.9791666666666666,0
43.8656,2,0,0,0.0,28.905396000482142,0.647213000775082,28.9312989989412,0.14932126696832582,221,0,0,24,0.984375,0
43.8951,2,0,0,0.0,29.47347499866737,0.6637189981120173,29.495668997697067,0.14864864864864868,222,0,0,24,0.9895833333333334,0
43.92294,2,0,0,0.0,27.81257800234016,0.6397559991455637,27.836852001200896,0.14798206278026904,223,0,0,24,0.9947916666666666,0
43.95144,2,0,0,0.0,28.464359002100537,0.6298530024650972,28.492441997514106,0.1473214285714286,224,0,0,25,0.96,0
43.98007,2,0,0,0.0,28.601277997950092,0.6627139991906006,28.623860998777673,0.1466666666666666,225,0,0,25,0.965,0
44.00839,2,0,0,0.0,28.289231999224285,0.6305220013018698,28.31660700030625,0.14601769911504425,226,0,0,26,0.9326923076923077,0
44.03681,2,0,0,0.0,28.3962320027058,0.6586119998246431,28.435502001229906,0.14537444933920707,227,0,0,26,0.9375,0
44.06495,2,0,0,0.0,28.091824999137316,0.6317459992715158,28.11552200000733,0.14473684210526316,228,0,0,26,0.9423076923076923,0
44.09332,2,0,0,0.0,28.339344000414712,0.6237950001377612,28.361625998513773,0.14410480349344978,229,0,0,26,0.9471153846153846,0
44.12167,2,0,0,0.0,28.311490001215134,0.6301510002231225,28.335949002212146,0.14347826086956517,230,0,0,26,0.9519230769230769,0
44.14944,2,0,0,0.0,27.73726799932774,0.6504179982584901,27.761836998251965,0.1428571428571429,231,0,0,26,0.9567307692307693,0
44.17771,2,0,0,0.0,28.242188000149326,0.6325790018308908,28.26349300084985,0.14224137931034486,232,0,0,26,0.9615384615384616,0
44.20611,2,0,0,0.0,28.37435399851529,0.6799020011385437,28.39749899794697,0.14163090128755362,233,0,0,26,0.9663461538461539,0
44.23438,2,0,0,0.0,28.247238999028923,0.621406998106977,28.2700579991797,0.14102564102564108,234,0,0,26,0.9711538461538461,0
44.26258,2,0,0,0.0,28.16986600009841,0.6743089979863726,28.192633999424288,0.1404255319148936,235,0,0,26,0.9759615384615384,0
44.29071,2,0,0,0.0,28.10599400254432,0.6269459991017357,28.12685300159501,0.13983050847457623,236,0,0,26,0.9807692307692307,0
44.31896,2,0,0,0.0,28.224839999893447,0.6573559985554311,28.247340000234544,0.1392405063291139,237,0,0,26,0.9855769230769231,0
44.34707,2,0,0,0.0,28.081143002054887,0.6266039999900386,28.106482001021504,0.1386554621848739,238,0,0,26,0.9903846153846154,0
44.37458,2,0,0,0.0,27.477409999846714,0.61358400125755,27.49951500300085,0.13807531380753135,239,0,0,26,0.9951923076923077,0
44.40333,2,0,0,0.0,28.721238999423804,0.6361250016198028,28.74458699807292,0.13749999999999996,240,0,0,27,0.9629629629629629,0
44.43141,2,0,0,0.0,28.055014998244587,0.6367000023601577,28.07645000211778,0.13692946058091282,241,0,0,27,0.9675925925925926,0
44.45963,2,0,0,0.0,28.191740999318426,0.65034200088121,28.216708000400104,0.13636363636363635,242,0,0,28,0.9375,0
44.48787,2,0,0,0.0,28.214638998178998,0.6398270015779417,28.235275000042748,0.13580246913580252,243,0,0,28,0.9419642857142857,0
44.52246,2,0,0,0.0,34.565522997581866,0.6282809990807436,34.59880900118151,0.13524590163934425,244,0,0,28,0.9464285714285714,0
44.57872,3,1,161,27.66828799940413,28.529309001896763,0.7053139997879043,56.23691699656774,0.20408163265306123,245,0,0,39,0.9423076923076923,0
44.6072,3,0,0,0.0,28.44990900121047,0.7126400014385581,28.474396000092383,0.2032520325203252,246,0,0,39,0.9471153846153846,0
44.63514,3,0,0,0.0,27.916455997910816,0.7133299986890052,27.940402000240283,0.20242914979757087,247,0,0,39,0.9519230769230769,0
44.66393,3,0,0,0.0,28.763866001099814,0.7183529996837024,28.788315001293086,0.2016129032258065,248,0,0,39,0.9567307692307693,0
44.69286,3,0,0,0.0,28.895057002955582,0.7087300000421237,28.917339001054643,0.20080321285140568,249,0,0,39,0.9615384615384616,0
44.72125,3,0,0,0.0,28.354345999105135,0.7153929982450791,28.38535199771286,0.19999999999999996,250,0,0,23,0.9565217391304348,0
44.74929,2,0,0,0.0,28.0205630006094,0.6337280028674286,28.04261599885649,0.048648648648648596,185,0,0,23,0.9619565217391305,0
44.77751,2,0,0,0.0,28.17212299851235,0.6244469986995682,28.20950100067421,0.048387096774193505,186,0,0,11,0.9602272727272727,0
44.80076,1,0,0,0.0,23.22234299936099,0.5608409992419183,23.24113299982855,0.0,169,0,0,11,0.9659090909090909,0
44.82386,1,0,0,0.0,23.079604001395637,0.5129320015839767,23.102352002752014,0.0,170,0,0,11,0.9715909090909091,0
44.84725,1,0,0,0.0,23.362882999208523,0.5317600007401779,23.38478099773056,0.0,171,0,0,11,0.9772727272727273,0
44.87042,1,0,0,0.0,23.148031999880914,0.5305570011842065,23.169105999841122,0.0,172,0,0,11,0.9829545454545454,0
44.89368,1,0,0,0.0,23.226793000503676,0.544648999493802,23.246493998158257,0.0,173,0,0,11,0.9886363636363636,0
44.91712,1,0,0,0.0,23.421837999194395,0.5286309969960712,23.445072998583782,0.0,174,0,0,11,0.9943181818181818,0
44.94032,1,0,0,0.0,23.164721998909954,0.540797998837661,23.187031998531893,0.0,175,0,0,11,1.0,0
44.96337,1,0,0,0.0,23.0285140023625,0.5385639997257385,23.05222199720447,0.0,176,0,0,12,0.921875,0
44.98673,1,0,0,0.0,23.33139099937398,0.5422670001280494,23.351810999884037,0.0,177,0,0,12,0.9270833333333334,0
45.01003,1,0,0,0.0,23.269375000381842,0.5395920015871525,23.29189000010956,0.0,178,0,0,12,0.9322916666666666,0
45.03329,1,0,0,0.0,23.240015001647407,0.540904002264142,23.26326099864673,0.0,179,0,0,12,0.9375,0
45.05647,1,0,0,0.0,23.152065001340816,0.5580249999184161,23.17355099876295,0.0,180,0,0,12,0.9427083333333334,0
45.07993,1,0,0,0.0,23.424533002980752,0.5566620020545088,23.45365500150365,0.0,181,0,0,12,0.9479166666666666,0
45.10308,1,0,0,0.0,23.13019999928656,0.537931002327241,23.150777000410017,0.0,182,0,0,12,0.953125,0
45.12622,1,0,0,0.0,23.104898999008583,0.527449999935925,23.125564999645576,0.0,183,0,0,12,0.9583333333333334,0
45.14957,1,0,0,0.0,23.329022998950677,0.5357250011002179,23.3520559995668,0.0,184,0,0,12,0.9635416666666666,0
45.17273,1,0,0,0.0,23.129576999053825,0.5519029982679058,23.151782999775605,0.0,185,0,0,12,0.96875,0
45.19597,1,0,0,0.0,23.214855998958228,0.5380629991122987,23.234008000144968,0.0,186,0,0,12,0.9739583333333334,0
45.21921,1,0,0,0.0,23.21788200060837,0.5255569994915277,23.239644997374853,0.0,187,0,0,12,0.9791666666666666,0
45.24281,1,0,0,0.0,23.569122000481002,0.5496970006788615,23.590607997903135,0.0,188,0,0,12,0.984375,0
45.26597,1,0,0,0.0,23.138502998335753,0.5455509999592323,23.160024000389967,0.0,189,0,0,12,0.9895833333333334,0
45.2891,1,0,0,0.0,23.10148999822559,0.52863100063405,23.120619996916503,0.0,190,0,0,12,0.9947916666666666,0
45.31229,1,0,0,0.0,23.16452900049626,0.5272419984976295,23.18540000123903,0.0,191,0,0,12,1.0,0
45.33558,1,0,0,0.0,23.265498002729146,0.5546669999603182,23.289676999411313,0.0,192,0,0,13,0.9278846153846154,0
45.3588,1,0,0,0.0,23.197357000753982,0.5450200005725492,23.218843998620287,0.0,193,0,0,13,0.9326923076923077,0
45.38203,1,0,0,0.0,23.204123001050903,0.5325899983290583,23.22350200120127,0.0,194,0,0,13,0.9375,0
45.406,1,0,0,0.0,23.945691998960683,0.5258519995550159,23.969088000740157,0.0,195,0,0,13,0.9423076923076923,0
45.42979,1,0,0,0.0,23.759428000630578,0.5712349993700627,23.781710002367618,0.0,196,0,0,13,0.9471153846153846,0
45.45335,1,0,0,0.0,23.533178002253408,0.555742000869941,23.554518000310054,0.0,197,0,0,13,0.9519230769230769,0
45.47688,1,0,0,0.0,23.50117300011334,0.5497689999174327,23.523175001173513,0.0,198,0,0,13,0.9567307692307693,0
45.50048,1,0,0,0.0,23.57221800048137,0.5540099991776515,23.592211997311097,0.0,199,0,0,13,0.9615384615384616,0
45.52405,1,0,0,0.0,23.538877001556102,0.5362200026866049,23.56023700122023,0.0,200,0,0,13,0.9663461538461539,0
45.54742,1,0,0,0.0,23.342994001723127,0.5375319997256156,23.366495999653125,0.0,201,0,0,13,0.9711538461538461,0
45.57093,1,0,0,0.0,23.489404000429204,0.572592001844896,23.512206000305014,0.0,202,0,0,13,0.9759615384615384,0
45.59479,1,0,0,0.0,23.827231001632754,0.5583220008702483,23.847169999498874,0.0,203,0,0,13,0.9807692307692307,0
45.61802,1,0,0,0.0,23.207468999316916,0.5440509994514287,23.22898000056739,0.0,204,0,0,13,0.9855769230769231,0
45.64147,1,0,0,0.0,23.418650001985952,0.5500030019902624,23.44163599991589,0.0,205,0,0,13,0.9903846153846154,0
45.69473,2,1,123,24.51507400110131,28.69630200075335,0.6058379985915963,53.25746499875095,0.20145631067961167,206,0,0,21,0.9851190476190477,0
45.72232,2,0,0,0.0,27.557899000385078,0.6061729982320685,27.58254799846327,0.20048309178743962,207,0,0,21,0.9910714285714286,0
45.75037,2,0,0,0.0,28.020158999424893,0.6128099994384684,28.044572998624062,0.19951923076923073,208,0,0,22,0.9517045454545454,0
45.77835,2,0,0,0.0,27.956715002801502,0.5978189983579796,27.980324997770367,0.1985645933014354,209,0,0,22,0.9573863636363636,0
45.80649,2,0,0,0.0,28.111039002396865,0.6172979992697947,28.140165999502642,0.19761904761904758,210,0,0,22,0.9630681818181818,0
45.83441,2,0,0,0.0,27.88383599909139,0.6032310011505615,27.90651000032085,0.19668246445497628,211,0,0,23,0.9266304347826086,0
45.86255,2,0,0,0.0,28.11675300108618,0.5997629996272735,28.141672002675477,0.19575471698113212,212,0,0,23,0.9320652173913043,0
45.89071,2,0,0,0.0,28.13195400085533,0.625173001026269,28.151890997833107,0.19483568075117375,213,0,0,23,0.9375,0
45.9187,2,0,0,0.0,27.960275998339057,0.5993519989715423,27.980243998172227,0.1939252336448598,214,0,0,23,0.9429347826086957,0
45.94626,2,0,0,0.0,27.533816002687672,0.5926849989918992,27.557175999390893,0.19302325581395352,215,0,0,23,0.9483695652173914,0
45.97437,2,0,0,0.0,28.08175500103971,0.6286610005190596,28.104962002544198,0.19212962962962965,216,0,0,23,0.9538043478260869,0
46.00247,2,0,0,0.0,28.074907000700478,0.612971001828555,28.096146997995675,0.1912442396313364,217,0,0,23,0.9592391304347826,0
46.03059,2,0,0,0.0,28.09520099981455,0.6164930018712766,28.117671001382405,0.19036697247706424,218,0,0,23,0.9646739130434783,0
46.05868,2,0,0,0.0,28.059961998224026,0.6158989999676123,28.080974996555597,0.1894977168949772,219,0,0,23,0.970108695652174,0
46.08825,2,0,0,0.0,29.545476001658244,0.604586999543244,29.566301000159,0.1886363636363636,220,0,0,23,0.9755434782608695,0
46.11641,2,0,0,0.0,28.13415399941732,0.6251600025279913,28.155602998594986,0.18778280542986425,221,0,0,23,0.9809782608695652,0
46.1444,2,0,0,0.0,27.964139997493476,0.6137470008980017,27.985214001091663,0.18693693693693691,222,0,0,23,0.9864130434782609,0
46.17201,2,0,0,0.0,27.58706800159416,0.6076249992474914,27.61101400028565,0.18609865470852016,223,0,0,23,0.9918478260869565,0
46.20023,2,0,0,0.0,28.189855998789426,0.6079459999455139,28.212913999595912,0.1852678571428571,224,0,0,24,0.9557291666666666,0
46.22846,2,0,0,0.0,28.198997999425046,0.6285829986154567,28.221944001415977,0.1844444444444444,225,0,0,24,0.9609375,0
46.25699,2,0,0,0.0,28.503941000963096,0.6357630009006243,28.526947000500513,0.1836283185840708,226,0,0,24,0.9661458333333334,0
46.28491,2,0,0,0.0,27.88894200057257,0.6202929980645422,27.911860997846816,0.18281938325991187,227,0,0,25,0.9325,0
46.31288,2,0,0,0.0,27.951887001108844,0.6020459986757487,27.97391000058269,0.18201754385964908,228,0,0,25,0.9375,0
46.341,2,0,0,0.0,28.090872001484968,0.6143470018287189,28.114578999520745,0.18122270742358082,229,0,0,25,0.9425,0
46.36898,2,0,0,0.0,27.951523999945493,0.6118730016169138,27.974966000329005,0.1804347826086956,230,0,0,25,0.9475,0
46.39657,2,0,0,0.0,27.560965001612203,0.6176150018291082,27.581454000028316,0.17965367965367962,231,0,0,25,0.9525,0
46.42506,2,0,0,0.0,28.464808001444908,0.6186210011946969,28.487404000770766,0.17887931034482762,232,0,0,25,0.9575,0
46.45319,2,0,0,0.0,28.105926998250652,0.6196260001161136,28.128385998570593,0.17811158798283266,233,0,0,25,0.9625,0
46.48113,2,0,0,0.0,27.908888001547894,0.6238189998839516,27.93092000138131,0.1773504273504274,234,0,0,25,0.9675,0
46.50923,2,0,0,0.0,28.078102001018124,0.6128720015112776,28.098915001464775,0.17659574468085104,235,0,0,25,0.9725,0
46.53743,2,0,0,0.0,28.17624999806867,0.627883000561269,28.200374999869382,0.17584745762711862,236,0,0,25,0.9775,0
46.56599,2,0,0,0.0,28.527959999337327,0.6603279980481602,28.553672000271035,0.17510548523206748,237,0,0,25,0.9825,0
46.59463,2,0,0,0.0,28.611929999897256,0.6473440007539466,28.634730999328895,0.1743697478991597,238,0,0,25,0.9875,0
46.6223,2,0,0,0.0,27.641205000691116,0.6430329995055217,27.66548799991142,0.17364016736401677,239,0,0,25,0.9925,0
46.65071,2,0,0,0.0,28.376513997500297,0.6464919970312621,28.40301499963971,0.17291666666666672,240,0,0,26,0.9591346153846154,0
46.67906,2,0,0,0.0,28.32186099840328,0.6642839980486315,28.34515399808879,0.17219917012448138,241,0,0,26,0.9639423076923077,0
46.70765,2,0,0,0.0,28.55892799925641,0.6355549994623289,28.581553997355513,0.17148760330578516,242,0,0,26,0.96875,0
46.73619,2,0,0,0.0,28.508769999461947,0.6387749999703374,28.535055000247667,0.17078189300411528,243,0,0,27,0.9375,0
46.76411,2,0,0,0.0,27.892566002265085,0.6396079988917336,27.921237000555266,0.17008196721311475,244,0,0,11,0.9204545454545454,0
46.78734,1,0,0,0.0,23.204291999718407,0.514260998897953,23.22398999967845,0.0,162,0,0,11,0.9261363636363636,0
46.81058,1,0,0,0.0,23.21404599933885,0.5394530016928911,23.235395001393044,0.0,163,0,0,11,0.9318181818181818,0
46.83374,1,0,0,0.0,23.129391000111355,0.5222419968049508,23.148477001086576,0.0,164,0,0,11,0.9375,0
46.85673,1,0,0,0.0,22.966902997723082,0.5174489997443743,22.986811000009766,0.0,165,0,0,11,0.9431818181818182,0
46.88002,1,0,0,0.0,23.266077998414403,0.5233919982856605,23.286397001356818,0.0,166,0,0,11,0.9488636363636364,0
46.90313,1,0,0,0.0,23.09200099989539,0.5278809985611588,23.110196001653094,0.0,167,0,0,11,0.9545454545454546,0
46.92609,1,0,0,0.0,22.93772200209787,0.5037789997004438,22.955770000407938,0.0,168,0,0,11,0.9602272727272727,0
46.94935,1,0,0,0.0,23.230084996612277,0.5019749987695832,23.251665999850957,0.0,169,0,0,11,0.9659090909090909,0
46.97265,1,0,0,0.0,23.27813299780246,0.5503129978023935,23.29881300101988,0.0,170,0,0,11,0.9715909090909091,0
46.99578,1,0,0,0.0,23.110359001293546,0.5273229980957694,23.129114000767004,0.0,171,0,0,11,0.9772727272727273,0
47.01893,1,0,0,0.0,23.125468000216642,0.5185039990465157,23.147102001530584,0.0,172,0,0,11,0.9829545454545454,0
47.04216,1,0,0,0.0,23.202913002023706,0.5455710015667137,23.225944001751486,0.0,173,0,0,11,0.9886363636363636,0
47.06538,1,0,0,0.0,23.189925002952805,0.5377259985834826,23.21292100168648,0.0,174,0,0,11,0.9943181818181818,0
47.08877,1,0,0,0.0,23.36080200257129,0.5522809988178778,23.381664999760687,0.0,175,0,0,11,1.0,0
47.11206,1,0,0,0.0,23.258593999344157,0.5674800013366621,23.28153200141969,0.0,176,0,0,12,0.921875,0
47.13522,1,0,0,0.0,23.13595399755286,0.5289519976940937,23.15563600132009,0.0,177,0,0,12,0.9270833333333334,0
47.15826,1,0,0,0.0,23.017366002022754,0.5182050008443184,23.037958999339025,0.0,178,0,0,12,0.9322916666666666,0
47.18164,1,0,0,0.0,23.35646899882704,0.5521780003618915,23.379236001346726,0.0,179,0,0,12,0.9375,0
47.20502,1,0,0,0.0,23.350481998932082,0.553304998902604,23.370206999970833,0.0,180,0,0,12,0.9427083333333334,0
47.22815,1,0,0,0.0,23.109289999410976,0.5222229992796201,23.12991899816552,0.0,181,0,0,12,0.9479166666666666,0
47.25164,1,0,0,0.0,23.46075499735889,0.5296179988363292,23.483878998376895,0.0,182,0,0,12,0.953125,0
47.27479,1,0,0,0.0,23.121399000956444,0.5537739998544566,23.147211999457795,0.0,183,0,0,12,0.9583333333333334,0
47.29793,1,0,0,0.0,23.11148700027843,0.5334259985829704,23.129550001613097,0.0,184,0,0,12,0.9635416666666666,0
47.32102,1,0,0,0.0,23.070835002727108,0.5103379990032408,23.091217000910547,0.0,185,0,0,12,0.96875,0
47.34414,1,0,0,0.0,23.091414997907123,0.5395529988163617,23.112183997000102,0.0,186,0,0,12,0.9739583333333334,0
47.36709,1,0,0,0.0,22.92800700161024,0.5343180018826388,22.948043002543272,0.0,187,0,0,12,0.9791666666666666,0
47.39011,1,0,0,0.0,22.999707998678787,0.5174389989406336,23.018242998659844,0.0,188,0,0,12,0.984375,0
47.41356,1,0,0,0.0,23.418855002091732,0.522454000019934,23.441773999365978,0.0,189,0,0,12,0.9895833333333334,0
47.43687,1,0,0,0.0,23.28269600184285,0.5632150023302529,23.30515799985733,0.0,190,0,0,12,0.9947916666666666,0
47.46004,1,0,0,0.0,23.146196999732638,0.5245079992164392,23.166389000834897,0.0,191,0,0,12,1.0,0
47.48334,1,0,0,0.0,23.271584999747574,0.5291590023261961,23.300755998207023,0.0,192,0,0,13,0.9278846153846154,0
47.50718,1,0,0,0.0,23.809931000869256,0.5984039999020752,23.832883998693433,0.0,193,0,0,13,0.9326923076923077,0
47.53044,1,0,0,0.0,23.23482000065269,0.5657940018863883,23.256671000126516,0.0,194,0,0,13,0.9375,0
47.55357,1,0,0,0.0,23.0979939988174,0.5577430019911844,23.11788600127329,0.0,195,0,0,13,0.9423076923076923,0
47.60659,2,1,143,24.665739998454228,28.317403000983177,0.6224620010470971,53.02089199904003,0.13520408163265307,196,0,0,22,0.96875,0
47.63503,2,0,0,0.0,28.40396100145881,0.5932929998380132,28.43149999898742,0.13451776649746194,197,0,0,23,0.9320652173913043,0
47.66355,2,0,0,0.0,28.492252000432927,0.6194609995873179,28.51723599815159,0.13383838383838387,198,0,0,23,0.9375,0
47.69165,2,0,0,0.0,28.07128700078465,0.6338279999908991,28.092671997001162,0.1331658291457286,199,0,0,23,0.9429347826086957,0
47.72027,2,0,0,0.0,28.588989000127185,0.6076930003473535,28.613579997909255,0.13249999999999995,200,0,0,23,0.9483695652173914,0
47.7491,2,0,0,0.0,28.808925999328494,0.6426589970942587,28.832702999352477,0.1318407960199005,201,0,0,23,0.9538043478260869,0
47.77724,2,0,0,0.0,28.11088299858966,0.6143440004962031,28.132901999924798,0.1311881188118812,202,0,0,23,0.9592391304347826,0
47.80548,2,0,0,0.0,28.215587000886444,0.6008849995851051,28.23640199858346,0.13054187192118227,203,0,0,23,0.9646739130434783,0
47.83348,2,0,0,0.0,27.965599001618102,0.6119240024418104,27.987071000097785,0.1299019607843137,204,0,0,23,0.970108695652174,0
47.86136,2,0,0,0.0,27.842991999932565,0.6015180006215815,27.864790998137323,0.12926829268292683,205,0,0,23,0.9755434782608695,0
47.88969,2,0,0,0.0,28.30546200129902,0.6072249998396728,28.32728099747328,0.12864077669902918,206,0,0,23,0.9809782608695652,0
47.91729,2,0,0,0.0,27.566490996832727,0.635815998975886,27.590361998591106,0.1280193236714976,207,0,0,23,0.9864130434782609,0
47.94553,2,0,0,0.0,28.20731700194301,0.6302680012595374,28.236032001586864,0.12740384615384615,208,0,0,24,0.9505208333333334,0
47.974,2,0,0,0.0,28.445364001527196,0.6443700003728736,28.470317000028444,0.1267942583732058,209,0,0,24,0.9557291666666666,0
48.00221,2,0,0,0.0,28.180432997032767,0.6248270001378842,28.20272700046189,0.1261904761904762,210,0,0,24,0.9609375,0
48.03034,2,0,0,0.0,28.10475699880044,0.6149019973236136,28.12873299990315,0.1255924170616114,211,0,0,24,0.9661458333333334,0
48.05863,2,0,0,0.0,28.25343100266764,0.6386060013028327,28.27647199956118,0.125,212,0,0,24,0.9713541666666666,0
48.08664,2,0,0,0.0,27.987301000393927,0.6116849981481209,28.0127240002912,0.12441314553990612,213,0,0,25,0.9375,0
48.11492,2,0,0,0.0,28.24904999943101,0.6055049998394679,28.27137499843957,0.12383177570093462,214,0,0,25,0.9425,0
48.14239,2,0,0,0.0,27.439602999947965,0.6226920013432391,27.462062000267906,0.12325581395348839,215,0,0,25,0.9475,0
48.19556,3,1,185,24.760278000030667,28.365725996991387,0.679243999911705,53.16445399876102,0.12962962962962965,216,0,0,37,0.9577702702702703,0
48.22393,3,0,0,0.0,28.348417003144277,0.69483900006162,28.372756998578552,0.12903225806451613,217,0,0,37,0.9628378378378378,0
48.25251,3,0,0,0.0,28.54091600238462,0.6797569985792506,28.574850999575574,0.12844036697247707,218,0,0,37,0.9679054054054054,0
48.28091,3,0,0,0.0,28.37188799821888,0.6978089986660052,28.396484998665983,0.1278538812785388,219,0,0,37,0.972972972972973,0
48.30933,3,0,0,0.0,28.384910001477692,0.6886830014991574,28.40839300188236,0.12727272727272732,220,0,0,37,0.9780405405405406,0
48.33779,3,0,0,0.0,28.431015998648945,0.7104670003172942,28.45511900159181,0.12669683257918551,221,0,0,37,0.9831081081081081,0
48.36619,3,0,0,0.0,28.37493700280902,0.7348349972744472,28.39851099997759,0.12612612612612617,222,0,0,37,0.9881756756756757,0
48.39409,3,0,0,0.0,27.86210799968103,0.6887920026201755,27.88555000006454,0.12556053811659196,223,0,0,38,0.9671052631578947,0
48.42294,3,0,0,0.0,28.8164150006196,0.6651670009887312,28.84349699888844,0.125,224,0,0,39,0.9471153846153846,0
48.45144,3,0,0,0.0,28.47443300197483,0.7014099974185228,28.49868100020103,0.12444444444444447,225,0,0,39,0.9519230769230769,0
48.47974,3,0,0,0.0,28.273759999137837,0.7075800021993928,28.296574000705732,0.12389380530973448,226,0,0,39,0.9567307692307693,0
48.50814,3,0,0,0.0,28.374715999234468,0.6969660025788471,28.39727499667788,0.12334801762114533,227,0,0,39,0.9615384615384616,0
48.5365,3,0,0,0.0,28.324627000984037,0.733540000510402,28.35440100170672,0.1228070175438597,228,0,0,39,0.9663461538461539,0
48.56462,3,0,0,0.0,28.08665499833296,0.6857830012449995,28.111783998610917,0.12227074235807855,229,0,0,40,0.946875,0
48.59321,3,0,0,0.0,28.560126000229502,0.6953119991521817,28.58145799837075,0.12173913043478257,230,0,0,40,0.9515625,0
48.62086,3,0,0,0.0,27.63099100047839,0.7073830020090099,27.655237001454225,0.12121212121212122,231,0,0,40,0.95625,0
48.67359,4,1,112,24.076688001514412,28.59899699978996,0.7437300009769388,52.71845599781955,0.21982758620689657,232,0,0,48,0.9479166666666666,0
48.70233,4,0,0,0.0,28.712170002108905,0.7770230004098266,28.735110001434805,0.2188841201716738,233,0,0,48,0.953125,0
48.73073,4,0,0,0.0,28.37370099950931,0.7669679980608635,28.398503000062192,0.21794871794871795,234,0,0,48,0.9583333333333334,0
48.7596,4,0,0,0.0,28.84129300218774,0.8018909975362476,28.867853001429467,0.21702127659574466,235,0,0,48,0.9635416666666666,0
48.788,4,0,0,0.0,28.361967000819277,0.7748709977022372,28.387124002620112,0.21610169491525422,236,0,0,48,0.96875,0
48.8164,4,0,0,0.0,28.374022997013526,0.7530270013376139,28.39780599970254,0.21518987341772156,237,0,0,48,0.9739583333333334,0
48.84461,4,0,0,0.0,28.181113997561624,0.770832000853261,28.204598998854635,0.2142857142857143,238,0,0,48,0.9791666666666666,0
48.8722,4,0,0,0.0,27.55769899886218,0.7565560008515604,27.582833001360996,0.21338912133891208,239,0,0,49,0.9642857142857143,0
48.90064,4,0,0,0.0,28.410951999831013,0.7519389982917346,28.435516000172356,0.21250000000000002,240,0,0,50,0.95,0
48.92887,4,0,0,0.0,28.207975999976043,0.7745639995846432,28.229682000528555,0.2116182572614108,241,0,0,50,0.955,0
48.95709,4,0,0,0.0,28.188430002046516,0.7485579990316182,28.21056099855923,0.21074380165289253,242,0,0,50,0.96,0
48.98548,4,0,0,0.0,28.364050001982832,0.7701280010223854,28.389778999553528,0.2098765432098766,243,0,0,50,0.965,0
49.01405,4,0,0,0.0,28.530550000141375,0.7832509982108604,28.553996999107767,0.2090163934426229,244,0,0,50,0.97,0
49.04256,4,0,0,0.0,28.473803999077063,0.778997997258557,28.5031710009207,0.2081632653061225,245,0,0,51,0.9558823529411765,0
49.07119,4,0,0,0.0,28.60170700296294,0.779642999987118,28.62756800095667,0.20731707317073167,246,0,0,51,0.9607843137254902,0
49.09921,4,0,0,0.0,27.99324199804687,0.8063099994615186,28.01534800164518,0.20647773279352222,247,0,0,51,0.9656862745098039,0
49.12763,4,0,0,0.0,28.393356999004027,0.7768779978505336,28.420671002095332,0.20564516129032262,248,0,0,52,0.9519230769230769,0
49.15624,4,0,0,0.0,28.565247997903498,0.7893969996075612,28.596519001439447,0.20481927710843373,249,0,0,36,0.9479166666666666,0
49.18447,3,0,0,0.0,28.208569998241728,0.6859230015834328,28.231369000423,0.16894977168949776,219,0,0,36,0.953125,0
49.21302,3,0,0,0.0,28.515964000689564,0.6753359994036146,28.538422000565333,0.1681818181818182,220,0,0,36,0.9583333333333334,0
49.24189,3,0,0,0.0,28.844108997873263,0.6825279997428879,28.870414000266464,0.16742081447963797,221,0,0,36,0.9635416666666666,0
49.27041,3,0,0,0.0,28.493469002569327,0.6980329999350943,28.51923999696737,0.16666666666666663,222,0,0,36,0.96875,0
49.2982,3,0,0,0.0,27.76189599899226,0.7109850012056995,27.783626999735134,0.1659192825112108,223,0,0,36,0.9739583333333334,0
49.32668,3,0,0,0.0,28.449786997953197,0.703036999766482,28.476514999056235,0.1651785714285714,224,0,0,37,0.9527027027027027,0
49.35511,3,0,0,0.0,28.395365003234474,0.700710999808507,28.417657002137275,0.1644444444444444,225,0,0,37,0.9577702702702703,0
49.38336,3,0,0,0.0,28.22270799879334,0.6696060008835047,28.245941000932362,0.16371681415929207,226,0,0,37,0.9628378378378378,0
49.41211,3,0,0,0.0,28.724895000777906,0.6952639996598009,28.747623997332994,0.16299559471365643,227,0,0,37,0.9679054054054054,0
49.44036,3,0,0,0.0,28.223441000591265,0.714781999704428,28.247535999980755,0.16228070175438591,228,0,0,37,0.972972972972973,0
49.49326,4,1,141,24.30502599963802,28.54576800018549,0.7380940005532466,52.88798300171038,0.2172489082969432,229,0,0,46,0.9796195652173914,0
49.52158,4,0,0,0.0,28.29261700026109,0.7692859981034417,28.32167499946081,0.21630434782608698,230,0,0,47,0.964095744680851,0
49.54926,4,0,0,0.0,27.649864001432434,0.7841510014259256,27.673983000568114,0.21536796536796532,231,0,0,47,0.9694148936170213,0
49.57735,4,0,0,0.0,28.06155800135457,0.7627410013810731,28.087468002922833,0.2144396551724138,232,0,0,48,0.9544270833333334,0
49.60574,4,0,0,0.0,28.357808998407563,0.7573539987788536,28.38222200080054,0.21351931330472107,233,0,0,49,0.9400510204081632,0
49.63401,4,0,0,0.0,28.245074001461035,0.7646829981240444,28.26928099966608,0.21260683760683763,234,0,0,49,0.9451530612244898,0
49.66217,4,0,0,0.0,28.127694997237995,0.7536429984611459,28.152405997388996,0.2117021276595744,235,0,0,49,0.9502551020408163,0
49.69035,4,0,0,0.0,28.15206499872147,0.7662309981242288,28.175939001812367,0.21080508474576276,236,0,0,49,0.9553571428571429,0
49.74303,5,1,208,24.350675997993676,28.28243600015412,0.8581419970141724,52.6725819981948,0.19240506329113927,237,0,0,63,0.9543650793650794,0
49.77156,5,0,0,0.0,28.510416002973216,0.847359999170294,28.534729000966763,0.19159663865546217,238,0,0,63,0.9593253968253969,0
49.7998,5,0,0,0.0,28.207332001329632,0.8776460017543286,28.230545001861174,0.19079497907949794,239,0,0,63,0.9642857142857143,0
49.82828,5,0,0,0.0,28.451784997741925,0.8545880009478424,28.47840200047358,0.18999999999999995,240,0,0,64,0.9541015625,0
49.85662,5,0,0,0.0,28.30645500216633,0.8890030003385618,28.332180001598317,0.1892116182572614,241,0,0,64,0.958984375,0
49.88493,5,0,0,0.0,28.279804002522724,0.868946997798048,28.30436899967026,0.18842975206611567,242,0,0,64,0.9638671875,0
49.91341,5,0,0,0.0,28.457511998567497,0.8807529993646313,28.481238998210756,0.18765432098765433,243,0,0,64,0.96875,0
49.94188,5,0,0,0.0,28.433363000658574,0.8864189985615667,28.458100998250302,0.18688524590163935,244,0,0,64,0.9736328125,0
49.97031,5,0,0,0.0,28.404429998772684,0.8749340013309848,28.429876998416148,0.18612244897959185,245,0,0,64,0.978515625,0
49.99893,5,0,0,0.0,28.589491001184797,0.8961429994087666,28.614571998332394,0.18536585365853664,246,0,0,65,0.9682692307692308,0
50.02686,5,0,0,0.0,27.892526999494294,0.8896060026017949,27.918501997191925,0.18461538461538463,247,0,0,65,0.9730769230769231,0
50.05529,5,0,0,0.0,28.407393001543824,0.8697539997228887,28.43436400144128,0.18387096774193545,248,0,0,66,0.9630681818181818,0
50.0836,5,0,0,0.0,28.272796000237577,0.8944330002123024,28.298444998654304,0.18313253012048192,249,0,0,67,0.9533582089552238,0
50.11202,5,0,0,0.0,28.39735700035817,0.8761380013311282,28.419400998245692,0.1824,250,0,0,67,0.9580223880597015,0
50.14033,5,0,0,0.0,28.28021199820796,0.8789460007392336,28.30358700157376,0.18167330677290838,251,0,0,67,0.9626865671641791,0
50.16868,5,0,0,0.0,28.319815999566345,0.8941570013121236,28.343784000753658,0.18095238095238098,252,0,0,67,0.9673507462686567,0
50.19715,5,0,0,0.0,28.43757500158972,0.8977420002338476,28.461990998039255,0.1802371541501976,253,0,0,68,0.9577205882352942,0
50.22565,5,0,0,0.0,28.473886002757354,0.8785890022409149,28.498569001385476,0.17952755905511808,254,0,0,68,0.9623161764705882,0
50.25368,5,0,0,0.0,27.990034999675117,0.9223919987562113,28.025633000652306,0.17882352941176471,255,0,0,52,0.9567307692307693,0
50.28178,4,0,0,0.0,28.07619099985459,0.7705600000917912,28.09996200085152,0.1495726495726496,234,0,0,52,0.9615384615384616,0
50.31007,4,0,0,0.0,28.25876000133576,0.7832430019334424,28.280959999392508,0.14893617021276595,235,0,0,52,0.9663461538461539,0
50.33812,4,0,0,0.0,28.022228998452192,0.7731320001767017,28.04617500078166,0.14830508474576276,236,0,0,52,0.9711538461538461,0
50.3662,4,0,0,0.0,28.04790699883597,0.7833620002202224,28.070052001567092,0.14767932489451474,237,0,0,52,0.9759615384615384,0
50.39418,4,0,0,0.0,27.96081200358458,0.7648030004929751,27.98317899942049,0.1470588235294118,238,0,0,52,0.9807692307692307,0
50.42202,4,0,0,0.0,27.810957999463426,0.862078999489313,27.834800999698928,0.14644351464435146,239,0,0,52,0.9855769230769231,0
50.45012,4,0,0,0.0,28.070597003534203,0.7875830015109386,28.096280999307055,0.14583333333333337,240,0,0,53,0.9716981132075472,0
50.50239,5,1,121,23.80668000114383,28.406186000211164,0.865015997987939,52.258482999604894,0.2157676348547718,241,0,0,50,0.96875,0
50.5305,4,0,0,0.0,28.076694998162566,0.7745940019958653,28.110021998145385,0.19938016528925617,242,0,0,51,0.9546568627450981,0
50.55865,4,0,0,0.0,28.113592001318466,0.7707029981247615,28.138181998656364,0.19855967078189296,243,0,0,51,0.9595588235294118,0
50.6114,5,1,256,24.00482999655651,28.703354997560382,0.9049789987329859,52.74972899860586,0.18828124999999996,256,0,0,68,0.9595588235294118,0
50.63988,5,0,0,0.0,28.453335999074625,0.9239940009138081,28.480671997385798,0.18754863813229572,257,0,0,68,0.9641544117647058,0
50.66841,5,0,0,0.0,28.48906600047485,0.9166089985228609,28.51568500045687,0.18682170542635657,258,0,0,68,0.96875,0
50.69702,5,0,0,0.0,28.586767002707347,0.9200509994116146,28.611331999854883,0.18610038610038615,259,0,0,69,0.9592391304347826,0
50.72561,5,0,0,0.0,28.55443299995386,0.8943910033849534,28.581876002135687,0.18538461538461537,260,0,0,70,0.95,0
50.75398,5,0,0,0.0,28.345684997475473,0.919844998861663,28.37120500043966,0.18467432950191576,261,0,0,70,0.9544642857142858,0
50.78244,5,0,0,0.0,28.427342000213685,0.9107580008276273,28.452801998355426,0.18396946564885497,262,0,0,70,0.9589285714285715,0
50.81079,5,0,0,0.0,28.32252000007429,0.9250879993487615,28.34493499904056,0.18326996197718626,263,0,0,70,0.9633928571428572,0
50.83963,5,0,0,0.0,28.807409998989897,0.9120340000663418,28.830368999479106,0.1825757575757576,264,0,0,70,0.9678571428571429,0
50.86804,5,0,0,0.0,28.38675999737461,0.9206039976561442,28.412021001713583,0.18188679245283024,265,0,0,70,0.9723214285714286,0
50.89673,5,0,0,0.0,28.659388000960462,0.916373999643838,28.680666000582278,0.18120300751879703,266,0,0,70,0.9767857142857143,0
50.92518,5,0,0,0.0,28.42816600241349,0.9224489986081608,28.452017999370582,0.18052434456928834,267,0,0,70,0.98125,0
50.95355,5,0,0,0.0,28.338812000583857,0.8995019998110365,28.365330999804428,0.1798507462686567,268,0,0,71,0.971830985915493,0
50.98188,5,0,0,0.0,28.29442599977483,0.9183110014419071,28.31738999884692,0.17918215613382904,269,0,0,71,0.9762323943661971,0
51.01032,5,0,0,0.0,28.414016996975988,0.9022070007631555,28.439150999474805,0.17851851851851852,270,0,0,72,0.9670138888888888,0
51.03813,5,0,0,0.0,27.77917899948079,0.9395220004080329,27.803239001514157,0.177859778597786,271,0,0,72,0.9713541666666666,0
51.06665,5,0,0,0.0,28.485022001405014,0.9298099976149388,28.51478799857432,0.1772058823529412,272,0,0,73,0.9623287671232876,0
51.09507,5,0,0,0.0,28.388080001604976,0.9517159996903501,28.41980200173566,0.1765567765567766,273,0,0,56,0.9676339285714286,0
51.12348,4,0,0,0.0,28.376836999086663,0.7989110017661005,28.398466998623917,0.208941605839416,274,0,0,56,0.9720982142857143,0
51.15147,4,0,0,0.0,27.95665599842323,0.8151160000124946,27.989402999082813,0.20818181818181813,275,0,0,57,0.9594298245614035,0
51.17941,4,0,0,0.0,27.914275000512134,0.8046669972827658,27.938998999161413,0.20742753623188404,276,0,0,58,0.947198275862069,0
51.20743,4,0,0,0.0,27.99180099827936,0.8154530005413108,28.01226600058726,0.20667870036101088,277,0,0,58,0.9515086206896551,0
51.23568,4,0,0,0.0,28.223097000591224,0.8071619995462243,28.245592999155633,0.2059352517985612,278,0,0,58,0.9558189655172413,0
51.2632,4,0,0,0.0,27.49534900067374,0.81068099825643,27.51818799879402,0.20519713261648742,279,0,0,58,0.9601293103448276,0
51.29125,4,0,0,0.0,28.02107400202658,0.8031789984670468,28.045674996974412,0.20446428571428577,280,0,0,58,0.9644396551724138,0
51.31952,4,0,0,0.0,28.240903000551043,0.8287370001198724,28.263309999601915,0.2037366548042705,281,0,0,58,0.96875,0
51.34757,4,0,0,0.0,28.026047002640553,0.8295590014313348,28.050037999491906,0.20301418439716312,282,0,0,58,0.9730603448275862,0
51.37562,4,0,0,0.0,28.018885001074523,0.8178230018529575,28.041262001352152,0.20229681978798586,283,0,0,58,0.9773706896551724,0
51.40385,4,0,0,0.0,28.20602800056804,0.8190249973267782,28.227458002220374,0.2015845070422535,284,0,0,58,0.9816810344827587,0
51.4322,4,0,0,0.0,28.322735000983812,0.8026489995245356,28.346153998427326,0.2008771929824561,285,0,0,58,0.9859913793103449,0
51.46024,4,0,0,0.0,28.00182600185508,0.8143960003508255,28.035949002514826,0.2001748251748252,286,0,0,42,0.96875,0
51.48752,3,0,0,0.0,27.25600999838207,0.7116919987311121,27.27661800236092,0.24390243902439024,287,0,0,42,0.9732142857142857,0
51.51542,3,0,0,0.0,27.86542000103509,0.6907380011398345,27.88633099771687,0.24305555555555558,288,0,0,43,0.9549418604651163,0
51.54342,3,0,0,0.0,27.983287000097334,0.7134670013329014,28.004120002151467,0.24221453287197237,289,0,0,43,0.9593023255813954,0
51.57132,3,0,0,0.0,27.86926599947037,0.710931999492459,27.891699002793757,0.24137931034482762,290,0,0,43,0.9636627906976745,0
51.59948,3,0,0,0.0,28.13949599658372,0.7220760016934946,28.160454003227642,0.2405498281786942,291,0,0,43,0.9680232558139535,0
51.62764,3,0,0,0.0,28.115769997384632,0.7279999990714714,28.142671999376034,0.23972602739726023,292,0,0,44,0.9502840909090909,0
51.65598,3,0,0,0.0,28.307230000791606,0.7283640006789938,28.332309000688838,0.23890784982935154,293,0,0,44,0.9545454545454546,0
51.68432,3,0,0,0.0,28.31423200041172,0.7419579997076653,28.338944997813087,0.23809523809523814,294,0,0,44,0.9588068181818182,0
51.7122,3,0,0,0.0,27.850415001012152,0.7390520004264545,27.871980997588253,0.23728813559322037,295,0,0,44,0.9630681818181818,0
51.74037,3,0,0,0.0,28.149346999271074,0.7372369982476812,28.171305999421747,0.2364864864864865,296,0,0,44,0.9673295454545454,0
51.76849,3,0,0,0.0,28.090951997000957,0.7335369991778862,28.12178100066376,0.23569023569023573,297,0,0,44,0.9715909090909091,0
51.79662,3,0,0,0.0,28.092012002161937,0.7264020023285411,28.115695000451524,0.2348993288590604,298,0,0,44,0.9758522727272727,0
51.82514,3,0,0,0.0,28.49096100180759,0.7314009999390692,28.515730999060906,0.2341137123745819,299,0,0,44,0.9801136363636364,0
51.85405,3,0,0,0.0,28.879460001917323,0.7695489985053428,28.90314900287194,0.23333333333333328,300,0,0,44,0.984375,0
51.88224,3,0,0,0.0,28.165556999738328,0.738038001145469,28.190196000650758,0.2325581395348837,301,0,0,44,0.9886363636363636,0
51.91058,3,0,0,0.0,28.313087997958064,0.7494820019928738,28.337405001366278,0.23178807947019864,302,0,0,45,0.9708333333333333,0
51.93834,3,0,0,0.0,27.724654999474296,0.752605999878142,27.74903300087317,0.23102310231023104,303,0,0,45,0.975,0
51.96684,3,0,0,0.0,28.460600002290448,0.7615079994138796,28.5014430010051,0.23026315789473684,304,0,0,46,0.9578804347826086,0
51.99513,3,0,0,0.0,28.255240998987574,0.7441109992214479,28.28021099776379,0.2295081967213115,305,0,0,46,0.9619565217391305,0
52.02346,3,0,0,0.0,28.302202001214027,0.7543179999629501,28.323556998657295,0.2287581699346405,306,0,0,46,0.9660326086956522,0
52.05158,3,0,0,0.0,28.099176997784525,0.7470529999409337,28.120504997787066,0.2280130293159609,307,0,0,46,0.970108695652174,0
52.07997,3,0,0,0.0,28.3613770006923,0.730607000150485,28.387742000631988,0.2272727272727273,308,0,0,47,0.9534574468085106,0
52.10832,3,0,0,0.0,28.3210869965842,0.741243999073049,28.34375600286876,0.22653721682847894,309,0,0,47,0.9574468085106383,0
52.13656,3,0,0,0.0,28.2054409981356,0.7589669985463843,28.23001399883651,0.22580645161290325,310,0,0,47,0.961436170212766,0
52.16426,3,0,0,0.0,27.670796000165865,0.7516810001106933,27.69503699892084,0.22508038585209,311,0,0,47,0.9654255319148937,0
52.19251,3,0,0,0.0,28.210599997692043,0.7603379999636672,28.252952000912046,0.22435897435897434,312,0,0,47,0.9694148936170213,0
52.24528,4,1,77,24.03997100191191,28.678026999841677,0.8085890003712848,52.75745300241397,0.3562300319488818,313,0,0,52,0.9735576923076923,0
52.27348,4,0,0,0.0,28.177683001558762,0.8031729994399939,28.213475001393817,0.35509554140127386,314,0,0,52,0.9783653846153846,0
52.30239,4,0,0,0.0,28.859867998107802,0.8147279986587819,28.88546599933761,0.35396825396825393,315,0,0,52,0.9831730769230769,0
52.33148,4,0,0,0.0,29.056755000056,0.8785769969108514,29.088284998579184,0.3528481012658228,316,0,0,53,0.9693396226415094,0
52.35991,4,0,0,0.0,28.389446997607592,0.8469269996567164,28.422657000191975,0.3517350157728707,317,0,0,53,0.9740566037735849,0
52.38851,4,0,0,0.0,28.55366999938269,0.8113619987852871,28.598822998901596,0.35062893081761004,318,0,0,38,0.96875,0
52.41694,3,0,0,0.0,28.39700399999856,0.7504940003855154,28.421400998922763,0.38453500522466044,319,0,0,38,0.9736842105263158,0
52.44574,3,0,0,0.0,28.774919999705162,0.7276540018210653,28.803778997826157,0.3833333333333333,320,0,0,39,0.9535256410256411,0
52.47425,3,0,0,0.0,28.473336999013554,0.7348499966610689,28.4990390027815,0.38213914849428865,321,0,0,39,0.9583333333333334,0
52.5031,3,0,0,0.0,28.818863997003064,0.7488659975933842,28.84205599912093,0.38095238095238093,322,0,0,39,0.9631410256410257,0
52.53171,3,0,0,0.0,28.57891399980872,0.7540419974247925,28.605502997379517,0.3797729618163055,323,0,0,39,0.967948717948718,0
52.56108,3,0,0,0.0,29.342800000449643,0.7827519984857645,29.37063400167972,0.37860082304526754,324,0,0,40,0.9484375,0
52.5903,3,0,0,0.0,29.185684001276968,0.7522589985455852,29.2125619998842,0.37743589743589745,325,0,0,40,0.953125,0
52.6202,3,0,0,0.0,29.87284600021667,0.7685269993089605,29.897259002609644,0.37627811860940696,326,0,0,40,0.9578125,0
52.64815,3,0,0,0.0,27.91780800180277,0.7539869984611869,27.942417000303976,0.37512742099898067,327,0,0,40,0.9625,0
52.67675,3,0,0,0.0,28.573853000125382,0.7424450013786554,28.597625001566485,0.3739837398373984,328,0,0,40,0.9671875,0
52.70534,3,0,0,0.0,28.56092699948931,0.7446050003636628,28.58252099758829,0.3728470111448835,329,0,0,40,0.971875,0
52.73408,3,0,0,0.0,28.712264000205323,0.7604829988849815,28.73814099802985,0.37171717171717167,330,0,0,40,0.9765625,0
52.76287,3,0,0,0.0,28.756384999724105,0.7644580000487622,28.782755998690845,0.37059415911379656,331,0,0,40,0.98125,0
52.79166,3,0,0,0.0,28.752171998348786,0.736360001610592,28.780094999092398,0.3694779116465864,332,0,0,41,0.961890243902439,0
52.82063,3,0,0,0.0,28.940378997504013,0.7449100012308918,28.96939700076473,0.3683683683683684,333,0,0,41,0.9664634146341463,0
52.84967,3,0,0,0.0,29.004067000641953,0.7615450012963265,29.03027900174493,0.3672654690618763,334,0,0,41,0.9710365853658537,0
52.87808,3,0,0,0.0,28.379801002301974,0.7693180014030077,28.40556799856131,0.36616915422885576,335,0,0,41,0.975609756097561,0
52.9068,3,0,0,0.0,28.688605001661927,0.759509999625152,28.714358999422984,0.3650793650793651,336,0,0,42,0.9568452380952381,0
52.93572,3,0,0,0.0,28.892005000670906,0.7347950013354421,28.916795999975875,0.363996043521266,337,0,0,42,0.9613095238095238,0
52.96441,3,0,0,0.0,28.66021199952229,0.753787000576267,28.686352998192888,0.36291913214990135,338,0,0,42,0.9657738095238095,0
52.99309,3,0,0,0.0,28.650064999965252,0.7601119978062343,28.67435899679549,0.3618485742379548,339,0,0,42,0.9702380952380952,0
53.02167,3,0,0,0.0,28.5481399987475,0.7513769996876363,28.57571299682604,0.36078431372549025,340,0,0,43,0.9520348837209303,0
53.05042,3,0,0,0.0,28.70383700064849,0.7493029988836497,28.741002999595366,0.3597262952101662,341,0,0,21,0.9404761904761905,0
53.07923,2,0,0,0.0,28.776736002328107,0.6645860012213234,28.800773001421476,0.24761904761904763,210,0,0,21,0.9464285714285714,0
53.10751,2,0,0,0.0,28.257761998247588,0.6442779995268211,28.279661997657968,0.24644549763033174,211,0,0,21,0.9523809523809523,0
53.13565,2,0,0,0.0,28.114641001593554,0.6190200001583435,28.139489000750473,0.24528301886792447,212,0,0,21,0.9583333333333334,0
53.16387,2,0,0,0.0,28.18977300194092,0.6091119976190384,28.215350001119077,0.244131455399061,213,0,0,21,0.9642857142857143,0
53.19219,2,0,0,0.0,28.285243999562226,0.6169250009406824,28.31059999880381,0.2429906542056075,214,0,0,21,0.9702380952380952,0
53.21992,2,0,0,0.0,27.695006003341405,0.6345809997583274,27.717809000023408,0.24186046511627912,215,0,0,21,0.9761904761904762,0
53.24847,2,0,0,0.0,28.520541000034427,0.6212349981069565,28.547456000524107,0.2407407407407407,216,0,0,22,0.9375,0
53.27699,2,0,0,0.0,28.497838000475895,0.6421620018954854,28.52402999997139,0.23963133640552992,217,0,0,22,0.9431818181818182,0
53.30596,2,0,0,0.0,28.93675200175494,0.6189380001160316,28.958123999473173,0.23853211009174313,218,0,0,22,0.9488636363636364,0
53.33446,2,0,0,0.0,28.476867999415845,0.6077849975554273,28.501405999122653,0.2374429223744292,219,0,0,22,0.9545454545454546,0
53.36306,2,0,0,0.0,28.5551619999751,0.6564769973920193,28.587616001459537,0.23636363636363633,220,0,0,8,0.9140625,0
53.38667,1,0,0,0.0,23.588251002365723,0.539723001566017,23.611308002728038,0.0,117,0,0,8,0.921875,0
53.41051,1,0,0,0.0,23.81362999949488,0.5645639976137318,23.834448998968583,0.0,118,0,0,8,0.9296875,0
53.43416,1,0,0,0.0,23.623643999599153,0.5600219992629718,23.647084999538492,0.0,119,0,0,8,0.9375,0
53.45775,1,0,0,0.0,23.55973500016262,0.5280429977574386,23.58247599840979,0.0,120,0,0,8,0.9453125,0
53.48118,1,0,0,0.0,23.402184997394215,0.5445089991553687,23.424978000548435,0.0,121,0,0,8,0.953125,0
53.50477,1,0,0,0.0,23.55897300003562,0.5296800009091385,23.579218999657314,0.0,122,0,0,8,0.9609375,0
53.52864,1,0,0,0.0,23.846097999921767,0.5294750008033589,23.86822500193375,0.0,123,0,0,8,0.96875,0
53.55233,1,0,0,0.0,23.664604999794392,0.5394759973569307,23.687575998337707,0.0,124,0,0,8,0.9765625,0
53.5758,1,0,0,0.0,23.442528003215557,0.5535430027521215,23.46433300044737,0.0,125,0,0,8,0.984375,0
53.59917,1,0,0,0.0,23.316124999837484,0.5161169974599034,23.337988001003396,0.0,126,0,0,8,0.9921875,0
53.62229,1,0,0,0.0,23.08607999657397,0.5180560001463164,23.106275002646726,0.0,127,0,0,8,1.0,0
53.64545,1,0,0,0.0,23.137641001085285,0.5235259995970409,23.16265000263229,0.0,128,0,0,9,0.8958333333333334,0
53.66868,1,0,0,0.0,23.20307199988747,0.5368099991756026,23.225331999128684,0.0,129,0,0,9,0.9027777777777778,0
53.69187,1,0,0,0.0,23.163123998529045,0.539649001439102,23.18523199937772,0.0,130,0,0,9,0.9097222222222222,0
53.71534,1,0,0,0.0,23.43736200054991,0.5068889986432623,23.457369999960065,0.0,131,0,0,9,0.9166666666666666,0
53.73859,1,0,0,0.0,23.22573499986902,0.5308590007189196,23.24681899699499,0.0,132,0,0,9,0.9236111111111112,0
53.76164,1,0,0,0.0,23.02669100026833,0.5273450005915947,23.046690999763086,0.0,133,0,0,9,0.9305555555555556,0
53.78474,1,0,0,0.0,23.0780930032779,0.5124050003360026,23.097815002984134,0.0,134,0,0,9,0.9375,0
53.8079,1,0,0,0.0,23.13249000144424,0.5130770005052909,23.151043998950627,0.0,135,0,0,9,0.9444444444444444,0
53.83119,1,0,0,0.0,23.26883500063559,0.4985020023013931,23.293321999517502,0.0,136,0,0,9,0.9513888888888888,0
53.85509,1,0,0,0.0,23.870941997301998,0.5693559978681151,23.895337999420008,0.0,137,0,0,9,0.9583333333333334,0
53.87865,1,0,0,0.0,23.533485000371,0.5511490016942844,23.556429998279782,0.0,138,0,0,9,0.9652777777777778,0
53.90204,1,0,0,0.0,23.365593999187695,0.5473279998113867,23.389025998767465,0.0,139,0,0,9,0.9722222222222222,0
53.92554,1,0,0,0.0,23.466340000595665,0.5206189998716582,23.487303998990683,0.0,140,0,0,9,0.9791666666666666,0
53.94866,1,0,0,0.0,23.092629002348986,0.5212809992372058,23.113340997952037,0.0,141,0,0,9,0.9861111111111112,0
53.97167,1,0,0,0.0,22.985859999607783,0.5296300005284138,23.006372997770086,0.0,142,0,0,9,0.9930555555555556,0
53.99464,1,0,0,0.0,22.95036000214168,0.5148790005478077,22.972523998760153,0.0,143,0,0,9,1.0,0
54.01784,1,0,0,0.0,23.156577000918332,0.5137159969308414,23.192186999949627,0.0,144,0,0,10,0.90625,0
54.04098,1,0,0,0.0,23.118556000554236,0.5057019989180844,23.139655000704806,0.0,145,0,0,10,0.9125,0
54.06435,1,0,0,0.0,23.33870999791543,0.5321710013959091,23.36206600011792,0.0,146,0,0,10,0.91875,0
54.08737,1,0,0,0.0,22.992513000644976,0.5409980003605597,23.014823000266915,0.0,147,0,0,10,0.925,0
54.11047,1,0,0,0.0,23.079775000951486,0.5301050005073193,23.09972100192681,0.0,148,0,0,10,0.93125,0
54.13396,1,0,0,0.0,23.45911000156775,0.5299109980114736,23.484395998821128,0.0,149,0,0,10,0.9375,0
54.15719,1,0,0,0.0,23.200723000627477,0.5448550000437535,23.224235002999194,0.0,150,0,0,10,0.94375,0
54.18034,1,0,0,0.0,23.126262000005227,0.5340429997886531,23.14873599971179,0.0,151,0,0,10,0.95,0
54.20356,1,0,0,0.0,23.187962997326395,0.5416540006990544,23.21098299944424,0.0,152,0,0,10,0.95625,0
54.22727,1,0,0,0.0,23.68458199998713,0.5329060004441999,23.708589000307256,0.0,153,0,0,10,0.9625,0
54.25085,1,0,0,0.0,23.550063000584487,0.5664049967890605,23.57334299813374,0.0,154,0,0,10,0.96875,0
54.27417,1,0,0,0.0,23.294888000236824,0.5564920029428322,23.318518997257343,0.0,155,0,0,10,0.975,0
54.29779,1,0,0,0.0,23.59074400010286,0.5309129992383532,23.61502100029611,0.0,156,0,0,10,0.98125,0
54.32167,1,0,0,0.0,23.84752999932971,0.5376879998948425,23.869832999480423,0.0,157,0,0,10,0.9875,0
54.34503,1,0,0,0.0,23.336636000749422,0.5649169979733415,23.359105998679297,0.0,158,0,0,10,0.99375,0
54.36821,1,0,0,0.0,23.14824100176338,0.5443640002340544,23.17082300214679,0.0,159,0,0,10,1.0,0
54.39172,1,0,0,0.0,23.481690001062816,0.5325010024535004,23.507182999310317,0.0,160,0,0,11,0.9147727272727273,0
54.41557,1,0,0,0.0,23.826281998481136,0.5469520001497585,23.847471999033587,0.0,161,0,0,11,0.9204545454545454,0
54.43904,1,0,0,0.0,23.441850000381237,0.5418359978648368,23.4651640021184,0.0,162,0,0,11,0.9261363636363636,0
54.46255,1,0,0,0.0,23.48385699951905,0.546973999007605,23.50814400051604,0.0,163,0,0,11,0.9318181818181818,0
54.51532,2,1,175,24.810147999232868,27.907185001822654,0.6271880010899622,52.75566799900844,0.03142857142857147,175,0,0,22,0.96875,0
54.54382,2,0,0,0.0,28.47672800271539,0.6242479976208415,28.517486000055214,0.03125,176,0,0,23,0.9320652173913043,0
54.57253,2,0,0,0.0,28.662122000241652,0.6097400000726338,28.687629997875774,0.031073446327683607,177,0,0,23,0.9375,0
54.60108,2,0,0,0.0,28.51848200225504,0.6279859990172554,28.543525000714,0.030898876404494402,178,0,0,23,0.9429347826086957,0
54.63155,2,0,0,0.0,30.445545999100432,0.6123470011516474,30.471425998257473,0.030726256983240274,179,0,0,23,0.9483695652173914,0
54.66007,2,0,0,0.0,28.489778000221122,0.6486700003733858,28.515321002487326,0.030555555555555558,180,0,0,23,0.9538043478260869,0
54.68814,2,0,0,0.0,28.040976998454425,0.609468999755336,28.065648999472614,0.03038674033149169,181,0,0,23,0.9592391304347826,0
54.71653,2,0,0,0.0,28.35488400160102,0.6009030003042426,28.3792310001445,0.030219780219780223,182,0,0,23,0.9646739130434783,0
54.7447,2,0,0,0.0,28.145484000560828,0.6718000004184432,28.17023799798335,0.030054644808743203,183,0,0,23,0.970108695652174,0
54.77316,2,0,0,0.0,28.427531997294864,0.634331998298876,28.452071001083823,0.029891304347826053,184,0,0,23,0.9755434782608695,0
54.80145,2,0,0,0.0,28.25909500097623,0.6068339971534442,28.282556999329245,0.02972972972972976,185,0,0,23,0.9809782608695652,0
54.83002,2,0,0,0.0,28.547247999085812,0.666391002596356,28.569423000590177,0.029569892473118253,186,0,0,23,0.9864130434782609,0
54.85825,2,0,0,0.0,28.19754500160343,0.621592000243254,28.224632998899324,0.02941176470588236,187,0,0,24,0.9505208333333334,0
54.88632,2,0,0,0.0,28.03492499879212,0.6377140016411431,28.059551001206273,0.0292553191489362,188,0,0,24,0.9557291666666666,0
54.9146,2,0,0,0.0,28.258635000383947,0.626584002020536,28.280047001317143,0.02910052910052907,189,0,0,24,0.9609375,0
54.94314,2,0,0,0.0,28.510583000752376,0.6257320019358303,28.534282002510736,0.02894736842105261,190,0,0,24,0.9661458333333334,0
54.97053,2,0,0,0.0,27.364751000277465,0.6094880009186454,27.387945003283676,0.028795811518324554,191,0,0,24,0.9713541666666666,0
54.99832,2,0,0,0.0,27.756584000599105,0.6185749989526812,27.78236599988304,0.02864583333333337,192,0,0,25,0.9375,0
55.02653,2,0,0,0.0,28.17623599912622,0.6258920002437662,28.20084699851577,0.02849740932642486,193,0,0,25,0.9425,0
55.07901,3,1,198,24.149098997440888,28.290408998145722,0.7247419998748228,52.48101100005442,0.03198653198653201,198,0,0,38,0.9506578947368421,0
55.10662,3,0,0,0.0,27.574896997975884,0.6871250006952323,27.599253997323103,0.031825795644891075,199,0,0,38,0.9555921052631579,0
55.13496,3,0,0,0.0,28.320370001893025,0.6955999997444451,28.34255899870186,0.03166666666666662,200,0,0,38,0.9605263157894737,0
55.16313,3,0,0,0.0,28.1257659989933,0.6760799988114741,28.15713200106984,0.031509121061359835,201,0,0,26,0.9615384615384616,0
55.19122,2,0,0,0.0,28.067667000868823,0.6195850000949576,28.090804000385106,0.00990099009900991,202,0,0,26,0.9663461538461539,0
55.21913,2,0,0,0.0,27.88060199964093,0.6473289977293462,27.90106700194883,0.009852216748768461,203,0,0,26,0.9711538461538461,0
55.24765,2,0,0,0.0,28.5005320001801,0.6140709992905613,28.52388300016173,0.009803921568627416,204,0,0,26,0.9759615384615384,0
55.28268,2,0,0,0.0,34.99723800268839,0.6443390011554584,35.023399999772664,0.009756097560975618,205,0,0,26,0.9807692307692307,0
55.31612,2,0,0,0.0,33.40830799788819,0.8312589998240583,33.43116299947724,0.009708737864077666,206,0,0,26,0.9855769230769231,0
55.34401,2,0,0,0.0,27.86406900122529,0.6446260013035499,27.88646200133371,0.009661835748792313,207,0,0,26,0.9903846153846154,0
55.37222,2,0,0,0.0,28.182697999000084,0.6237230008991901,28.208148996782256,0.009615384615384581,208,0,0,27,0.9583333333333334,0
55.40095,2,0,0,0.0,28.694541000731988,0.6281749992922414,28.717394998238888,0.009569377990430672,209,0,0,27,0.9629629629629629,0
55.42994,2,0,0,0.0,28.967844998987857,0.6359029976010788,28.99233199786977,0.00952380952380949,210,0,0,27,0.9675925925925926,0
55.45822,2,0,0,0.0,28.245133002201328,0.6399550002242904,28.267330999369733,0.009478672985781977,211,0,0,27,0.9722222222222222,0
55.48663,2,0,0,0.0,28.38399300162564,0.6394359988917131,28.41011499913293,0.009433962264150941,212,0,0,28,0.9419642857142857,0
55.51505,2,0,0,0.0,28.38895100285299,0.6459200012614019,28.408987000148045,0.009389671361502372,213,0,0,28,0.9464285714285714,0
55.5434,2,0,0,0.0,28.328958000201965,0.6206969992490485,28.352466000796994,0.009345794392523366,214,0,0,28,0.9508928571428571,0
55.57132,2,0,0,0.0,27.88958200108027,0.6568290009454358,27.9145120002795,0.009302325581395321,215,0,0,28,0.9553571428571429,0
55.59963,2,0,0,0.0,28.282213999773376,0.6732439978804905,28.30452600028366,0.0092592592592593,216,0,0,28,0.9598214285714286,0
55.62803,2,0,0,0.0,28.370273001200985,0.6273079998209141,28.39320599741768,0.009216589861751112,217,0,0,28,0.9642857142857143,0
55.65668,2,0,0,0.0,28.626105002331315,0.6379419974109624,28.64998199947877,0.00917431192660545,218,0,0,28,0.96875,0
55.68518,2,0,0,0.0,28.468057000281988,0.6753060006303713,28.4917469980428,0.0091324200913242,219,0,0,28,0.9732142857142857,0
55.71397,2,0,0,0.0,28.765768998709973,0.6356889971357305,28.786558999854606,0.009090909090909038,220,0,0,28,0.9776785714285714,0
55.74296,2,0,0,0.0,28.96209099708358,0.6530680002470035,28.98405399901094,0.009049773755656076,221,0,0,28,0.9821428571428571,0
55.77154,2,0,0,0.0,28.553509000630584,0.6515399982163217,28.57670499724918,0.009009009009009028,222,0,0,28,0.9866071428571429,0
55.79959,2,0,0,0.0,28.02076399893849,0.6425850006053224,28.044334998412523,0.008968609865470878,223,0,0,28,0.9910714285714286,0
55.82822,2,0,0,0.0,28.594970997801283,0.6618100014748052,28.620371002034517,0.008928571428571397,224,0,0,29,0.9612068965517241,0
55.85673,2,0,0,0.0,28.48258200174314,0.658846998703666,28.50652399865794,0.008888888888888835,225,0,0,29,0.9655172413793104,0
55.88532,2,0,0,0.0,28.562432999024168,0.656829997751629,28.58579399980954,0.008849557522123908,226,0,0,29,0.9698275862068966,0
55.91366,2,0,0,0.0,28.31822000007378,0.6643400010943878,28.339813001366565,0.008810572687224627,227,0,0,29,0.9741379310344828,0
55.94232,2,0,0,0.0,28.630598000745522,0.6446789993788116,28.657760998612503,0.00877192982456143,228,0,0,30,0.9458333333333333,0
55.97132,2,0,0,0.0,28.963826000108384,0.6761549993825611,28.98926899797516,0.008733624454148492,229,0,0,30,0.95,0
55.99968,2,0,0,0.0,28.333484999166103,0.671050998789724,28.35646599851316,0.008695652173912993,230,0,0,30,0.9541666666666667,0
56.02739,2,0,0,0.0,27.689098002156243,0.6448170024668798,27.71103499981109,0.008658008658008698,231,0,0,30,0.9583333333333334,0
56.05599,2,0,0,0.0,28.57225299885613,0.6584990005649161,28.596594002010534,0.008620689655172376,232,0,0,30,0.9625,0
56.08433,2,0,0,0.0,28.3085260016378,0.6447839987231418,28.330929999356158,0.008583690987124415,233,0,0,30,0.9666666666666667,0
56.11271,2,0,0,0.0,28.35697300179163,0.6452880006690975,28.377853999700164,0.008547008547008517,234,0,0,30,0.9708333333333333,0
56.14122,2,0,0,0.0,28.481066998210736,0.646379998215707,28.50425799988443,0.008510638297872353,235,0,0,30,0.975,0
56.16956,2,0,0,0.0,28.312673002801603,0.6566939991898835,28.33657500013942,0.008474576271186418,236,0,0,30,0.9791666666666666,0
56.19799,2,0,0,0.0,28.40298800219898,0.6602709981962107,28.426865999790607,0.008438818565400852,237,0,0,30,0.9833333333333333,0
56.22667,2,0,0,0.0,28.650177002418786,0.6493159999081399,28.671547999692848,0.008403361344537785,238,0,0,30,0.9875,0
56.25462,2,0,0,0.0,27.918937998038018,0.6473270004789811,27.940489999309648,0.008368200836820106,239,0,0,30,0.9916666666666667,0
56.28316,2,0,0,0.0,28.510099000413902,0.648015000479063,28.53565699842875,0.008333333333333304,240,0,0,31,0.9637096774193549,0
56.31161,2,0,0,0.0,28.428805999283213,0.6633439988945611,28.44903000004706,0.008298755186721962,241,0,0,31,0.967741935483871,0
56.34004,2,0,0,0.0,28.40368800025317,0.6521590003103483,28.429256002709735,0.008264462809917328,242,0,0,31,0.9717741935483871,0
56.3686,2,0,0,0.0,28.532022999570472,0.673222999466816,28.556239998579258,0.008230452674897082,243,0,0,31,0.9758064516129032,0
56.39708,2,0,0,0.0,28.445446001569508,0.6672180024906993,28.469941000366816,0.008196721311475419,244,0,0,32,0.94921875,0
56.42672,2,0,0,0.0,29.614388000481995,0.6385429987858515,29.638259002240375,0.008163265306122436,245,0,0,32,0.953125,0
56.45513,2,0,0,0.0,28.380878000461962,0.6834689993411303,28.403101001458708,0.008130081300813052,246,0,0,32,0.95703125,0
56.48263,2,0,0,0.0,27.473500002088258,0.6429480017686728,27.495727001223713,0.0080971659919028,247,0,0,32,0.9609375,0
56.51088,2,0,0,0.0,28.21693499936373,0.6584670009033289,28.240240000741323,0.008064516129032251,248,0,0,32,0.96484375,0
56.53927,2,0,0,0.0,28.364184003294213,0.7431689991790336,28.385601999616483,0.008032128514056214,249,0,0,32,0.96875,0
56.56739,2,0,0,0.0,28.10127399789053,0.6581810011994094,28.124463999120053,0.008000000000000007,250,0,0,32,0.97265625,0
56.59587,2,0,0,0.0,28.449948000343284,0.6760989999747835,28.474368002207484,0.007968127490039834,251,0,0,32,0.9765625,0
56.62404,2,0,0,0.0,28.13899600005243,0.6570420009666122,28.160857000329997,0.007936507936507908,252,0,0,32,0.98046875,0
56.65221,2,0,0,0.0,28.138299003330758,0.6406760003301315,28.16203200200107,0.007905138339920903,253,0,0,32,0.984375,0
56.68058,2,0,0,0.0,28.34992100179079,0.6760920005035587,28.37418299895944,0.007874015748031482,254,0,0,32,0.98828125,0
56.70809,2,0,0,0.0,27.47709300092538,0.665943996864371,27.49843999845325,0.007843137254901933,255,0,0,32,0.9921875,0
56.737,2,0,0,0.0,28.882843998871977,0.6396120006684214,28.909394997754134,0.0078125,256,0,0,33,0.9659090909090909,0
56.76524,2,0,0,0.0,28.20518800217542,0.6618330007768236,28.227988001162885,0.0077821011673151474,257,0,0,33,0.9696969696969697,0
56.79329,2,0,0,0.0,28.02982900175266,0.6613920013478491,28.05104700019001,0.007751937984496138,258,0,0,33,0.9734848484848485,0
56.82171,2,0,0,0.0,28.387335001752945,0.6522119983856101,28.408332000253722,0.007722007722007707,259,0,0,33,0.9772727272727273,0
56.84981,2,0,0,0.0,28.080229996703565,0.6660869985353202,28.103751999879023,0.007692307692307665,260,0,0,34,0.9522058823529411,0
56.87799,2,0,0,0.0,28.135366999777034,0.6501860007119831,28.158442000858486,0.007662835249042099,261,0,0,34,0.9558823529411765,0
56.90623,2,0,0,0.0,28.209676002006745,0.6622619985137135,28.231394997419557,0.007633587786259555,262,0,0,34,0.9595588235294118,0
56.9339,2,0,0,0.0,27.643733999866527,0.6637590013269801,27.66540700031328,0.0076045627376425395,263,0,0,34,0.9632352941176471,0
56.9623,2,0,0,0.0,28.37880099832546,0.6656400000792928,28.402764997736085,0.007575757575757569,264,0,0,34,0.9669117647058824,0
56.99102,2,0,0,0.0,28.68895500068902,0.7157049985835329,28.713379997498123,0.007547169811320753,265,0,0,34,0.9705882352941176,0
57.01966,2,0,0,0.0,28.60776200031978,0.6992079979681876,28.63033899848233,0.007518796992481258,266,0,0,34,0.9742647058823529,0
57.0479,2,0,0,0.0,28.21739299906767,0.6833650004409719,28.240101000847062,0.0074906367041198685,267,0,0,34,0.9779411764705882,0
57.07619,2,0,0,0.0,28.263170999707654,0.6662129999313038,28.285745000175666,0.007462686567164201,268,0,0,34,0.9816176470588235,0
57.10468,2,0,0,0.0,28.45325700036483,0.7066750004014466,28.47763799945824,0.0074349442379182396,269,0,0,34,0.9852941176470589,0
57.13322,2,0,0,0.0,28.51769799963222,0.6838890003564302,28.53849099847139,0.007407407407407418,270,0,0,34,0.9889705882352942,0
57.16085,2,0,0,0.0,27.605987997958437,0.6752969966328237,27.634396999928867,0.0073800738007380184,271,0,0,34,0.9926470588235294,0
57.18911,2,0,0,0.0,28.21770800073864,0.6816839995735791,28.24316799888038,0.007352941176470562,272,0,0,35,0.9678571428571429,0
57.21717,2,0,0,0.0,28.03910899820039,0.6624939996981993,28.05859900036012,0.0073260073260073,273,0,0,35,0.9714285714285714,0
57.24581,2,0,0,0.0,28.60884499750682,0.6653009986621328,28.63295399947674,0.007299270072992692,274,0,0,35,0.975,0
57.27406,2,0,0,0.0,28.205326001625508,0.6807500030845404,28.242839998711133,0.0072727272727273196,275,0,0,35,0.9785714285714285,0
57.3021,2,0,0,0.0,28.01779099900159,0.6609569973079488,28.044178001437103,0.007246376811594235,276,0,0,36,0.9548611111111112,0
57.33046,2,0,0,0.0,28.329627002676716,0.653851999231847,28.352481000183616,0.0072202166064981865,277,0,0,36,0.9583333333333334,0
57.35865,2,0,0,0.0,28.161883001303067,0.6842590009910055,28.183669001009548,0.007194244604316502,278,0,0,36,0.9618055555555556,0
57.38611,2,0,0,0.0,27.435238000180107,0.6746430008206517,27.45745399806765,0.007168458781361964,279,0,0,36,0.9652777777777778,0
57.41446,2,0,0,0.0,28.319392000412336,0.6646090005233418,28.340094999293797,0.0071428571428571175,280,0,0,36,0.96875,0
57.44294,2,0,0,0.0,28.451985999708995,0.6840339992777444,28.47425999789266,0.007117437722419906,281,0,0,36,0.9722222222222222,0
57.47117,2,0,0,0.0,28.20434500245028,0.6630220013903454,28.2289579990902,0.007092198581560294,282,0,0,36,0.9756944444444444,0
57.49939,2,0,0,0.0,28.18998200018541,0.7183810012065805,28.212982000695774,0.007067137809187329,283,0,0,36,0.9791666666666666,0
57.5275,2,0,0,0.0,28.08078200177988,0.6781929987482727,28.108800997870276,0.007042253521126751,284,0,0,36,0.9826388888888888,0
57.55566,2,0,0,0.0,28.134428001067135,0.6579789987881668,28.155839998362353,0.007017543859649145,285,0,0,36,0.9861111111111112,0
57.58382,2,0,0,0.0,28.130577997217188,0.6846770011179615,28.16690400140942,0.006993006993006978,286,0,0,36,0.9895833333333334,0
57.6114,2,0,0,0.0,27.541784002096392,0.6629249983234331,27.564796000660863,0.006968641114982632,287,0,0,36,0.9930555555555556,0
57.64015,2,0,0,0.0,28.71079800024745,0.694917998771416,28.746975000103703,0.00694444444444442,288,0,0,19,0.9506578947368421,0
57.66406,1,0,0,0.0,23.87610200094059,0.6002770023769699,23.901116001070477,0.0,289,0,0,19,0.9539473684210527,0
57.68791,1,0,0,0.0,23.81823100222391,0.6124529973021708,23.84212999822921,0.0,290,0,0,19,0.9572368421052632,0
57.71191,1,0,0,0.0,23.975266001798445,0.5943819996900856,24.000211000384297,0.0,291,0,0,19,0.9605263157894737,0
57.73626,1,0,0,0.0,24.31515499847592,0.6150269982754253,24.338764997082762,0.0,292,0,0,19,0.9638157894736842,0
57.7605,1,0,0,0.0,24.20414199877996,0.6222160009201616,24.234971999248955,0.0,293,0,0,19,0.9671052631578947,0
57.78473,1,0,0,0.0,24.20557900040876,0.622539002506528,24.229695998656098,0.0,294,0,0,19,0.9703947368421053,0
57.8088,1,0,0,0.0,24.041196000325726,0.620446000539232,24.065790999884484,0.0,295,0,0,19,0.9736842105263158,0
57.83284,1,0,0,0.0,23.999938999622827,0.621058999968227,24.036882001382764,0.0,296,0,0,19,0.9769736842105263,0
57.85675,1,0,0,0.0,23.879599997599144,0.5969679987174459,23.90427099817316,0.0,297,0,0,19,0.9802631578947368,0
57.88078,1,0,0,0.0,24.00163399943267,0.6222650008567143,24.02666399939335,0.0,298,0,0,19,0.9835526315789473,0
57.90462,1,0,0,0.0,23.79676000055042,0.6195470014063176,23.827920002077008,0.0,299,0,0,0,0.0,0
58.22408,1,1,154,26.02014000149211,24.110054997436237,0.5462039989652112,50.18880300121964,0.0,154,0,0,10,0.96875,0
58.24811,1,0,0,0.0,23.99879600125132,0.5680699978256598,24.024041998927714,0.0,155,0,0,10,0.975,0
58.272,1,0,0,0.0,23.865145001764176,0.5613829998765141,23.89028099787538,0.0,156,0,0,10,0.98125,0
58.29557,1,0,0,0.0,23.544865001895232,0.5600099975708872,23.568306998640765,0.0,157,0,0,10,0.9875,0
58.34955,2,1,137,25.152640999294817,28.773586000170326,0.6080509992898442,53.96831599864527,0.06645569620253167,158,0,0,19,0.9769736842105263,0
58.37746,2,0,0,0.0,27.87879300012719,0.6356670019158628,27.903640999284107,0.06603773584905659,159,0,0,19,0.9835526315789473,0
58.40603,2,0,0,0.0,28.539091999846278,0.6296739993558731,28.567657001985935,0.06562500000000004,160,0,0,20,0.940625,0
58.43514,2,0,0,0.0,29.078464998747222,0.6200930001796223,29.10309399885591,0.06521739130434778,161,0,0,20,0.946875,0
58.46342,2,0,0,0.0,28.251815998373786,0.6200620009622071,28.275055999984033,0.06481481481481477,162,0,0,20,0.953125,0
58.49198,2,0,0,0.0,28.533573000459,0.6291960016824305,28.557525998621713,0.06441717791411039,163,0,0,20,0.959375,0
58.52047,2,0,0,0.0,28.461338999477448,0.617437999608228,28.4820810011297,0.06402439024390238,164,0,0,20,0.965625,0
58.54886,2,0,0,0.0,28.357123999739997,0.6147879976197146,28.39120700082276,0.0636363636363636,165,0,0,21,0.9255952380952381,0
58.57741,2,0,0,0.0,28.519051000330364,0.6098420017224271,28.54405500329449,0.06325301204819278,166,0,0,21,0.9315476190476191,0
58.63188,3,1,152,25.71037400048226,28.706166001938982,0.67249499988975,54.46066299919039,0.07185628742514971,167,0,0,31,0.9435483870967742,0
58.66392,3,0,0,0.0,32.00822099825018,0.6956689976505004,32.032236998929875,0.0714285714285714,168,0,0,31,0.9495967741935484,0
58.69264,3,0,0,0.0,28.695083001366584,0.6778960014344193,28.719679001369514,0.07100591715976334,169,0,0,31,0.9556451612903226,0
58.72134,3,0,0,0.0,28.669495000940515,0.6668770001851954,28.690904000541195,0.07058823529411762,170,0,0,31,0.9616935483870968,0
58.75001,3,0,0,0.0,28.641070999583462,0.7114140025805682,28.66383400032646,0.07017543859649122,171,0,0,31,0.967741935483871,0
58.77834,3,0,0,0.0,28.307185999437934,0.6785730001865886,28.33186700081569,0.06976744186046513,172,0,0,31,0.9737903225806451,0
58.80684,3,0,0,0.0,28.45795800021733,0.6892299970786553,28.49683800013736,0.06936416184971095,173,0,0,31,0.9798387096774194,0
58.83541,3,0,0,0.0,28.537253001559293,0.6775729998480529,28.558980997331673,0.06896551724137934,174,0,0,31,0.9858870967741935,0
58.86319,3,0,0,0.0,27.752098998462316,0.6840810019639321,27.778766001574695,0.06857142857142862,175,0,0,32,0.9609375,0
58.9161,4,1,235,24.45825200265972,28.404182001395384,0.7534350006608292,52.90633799813804,0.22659574468085109,235,0,0,48,0.9518229166666666,0
58.94472,4,0,0,0.0,28.588740999111906,0.7662079988222104,28.614414000912802,0.225635593220339,236,0,0,48,0.95703125,0
58.97338,4,0,0,0.0,28.627464998862706,0.795997999375686,28.65274600117118,0.22468354430379744,237,0,0,48,0.9622395833333334,0
59.00186,4,0,0,0.0,28.44674399966607,0.7795730016368907,28.47322600064217,0.2237394957983193,238,0,0,48,0.9674479166666666,0
59.03035,4,0,0,0.0,28.45890699973097,0.7708500015723985,28.48591800284339,0.22280334728033468,239,0,0,48,0.97265625,0
59.05956,4,0,0,0.0,29.17192899985821,0.8108440015348606,29.200769997260068,0.22187500000000004,240,0,0,50,0.93875,0
59.08823,4,0,0,0.0,28.639200998441083,0.7993960025487468,28.665467998507665,0.22095435684647302,241,0,0,50,0.94375,0
59.11676,4,0,0,0.0,28.507857998192776,0.8069389987213071,28.53374500045902,0.2200413223140496,242,0,0,50,0.94875,0
59.14568,4,0,0,0.0,28.881794001790695,0.7829650021449197,28.90653600115911,0.21913580246913578,243,0,0,50,0.95375,0
59.17426,4,0,0,0.0,28.551996001624502,0.7893199981481303,28.577670000231592,0.21823770491803274,244,0,0,50,0.95875,0
59.20296,4,0,0,0.0,28.659923998930026,0.7927269980427809,28.692850999505026,0.21734693877551026,245,0,0,38,0.9605263157894737,0
59.23177,3,0,0,0.0,28.78119399974821,0.7013260001258459,28.804249999666354,0.20867208672086723,246,0,0,38,0.9654605263157895,0
59.25985,3,0,0,0.0,28.03801199843292,0.7434649996866938,28.0766779978876,0.20782726045883937,247,0,0,38,0.9703947368421053,0
59.28858,3,0,0,0.0,28.69843500229763,0.725069003237877,28.72386200033361,0.206989247311828,248,0,0,38,0.975328947368421,0
59.31705,3,0,0,0.0,28.447643002436962,0.7286290019692387,28.47170799941523,0.20615796519410978,249,0,0,38,0.9802631578947368,0
59.34564,3,0,0,0.0,28.55851699860068,0.6993020033405628,28.586020998773165,0.20533333333333337,250,0,0,39,0.9599358974358975,0
59.37424,3,0,0,0.0,28.56262600107584,0.71897700036061,28.593703002115944,0.20451527224435595,251,0,0,28,0.9598214285714286,0
59.40239,2,0,0,0.0,28.11950099930982,0.6647100017289631,28.14162600043346,0.14682539682539686,252,0,0,28,0.9642857142857143,0
59.43111,2,0,0,0.0,28.693885997199686,0.6394039992301259,28.717968001728877,0.1462450592885376,253,0,0,28,0.96875,0
59.45934,2,0,0,0.0,28.198158001032425,0.6720910023432225,28.221184998983517,0.14566929133858264,254,0,0,28,0.9732142857142857,0
59.48679,2,0,0,0.0,27.42296300129965,0.6466409977292642,27.44543600056204,0.14509803921568631,255,0,0,28,0.9776785714285714,0
59.51505,2,0,0,0.0,28.233805001946166,0.6136859992693644,28.26007300245692,0.14453125,256,0,0,29,0.9482758620689655,0
59.5434,2,0,0,0.0,28.314442999544553,0.6439899989345577,28.335484999843175,0.14396887159533078,257,0,0,29,0.9525862068965517,0
59.57154,2,0,0,0.0,28.113291999034118,0.6394729971361812,28.136054999777116,0.14341085271317833,258,0,0,29,0.9568965517241379,0
59.59979,2,0,0,0.0,28.218322000611806,0.6481390009867027,28.239497001777636,0.1428571428571429,259,0,0,29,0.9612068965517241,0
59.62794,2,0,0,0.0,28.13107600013609,0.6427379994420335,28.15132600153447,0.14230769230769236,260,0,0,29,0.9655172413793104,0
59.68134,3,1,159,24.773049000941683,28.57746000154293,0.7167710027715657,53.391190002002986,0.22477650063856958,261,0,0,39,0.9775641025641025,0
59.70972,3,0,0,0.0,28.34857600100804,0.7218680002551991,28.375483998388518,0.22391857506361323,262,0,0,40,0.9578125,0
59.73793,3,0,0,0.0,28.184322000015527,0.710667998646386,28.207453000504756,0.22306717363751583,263,0,0,40,0.9625,0
59.76641,3,0,0,0.0,28.44481300053303,0.7145340023271274,28.468212000007043,0.2222222222222222,264,0,0,40,0.9671875,0
59.79472,3,0,0,0.0,28.284676998737268,0.7143549992179032,28.306691001489526,0.2213836477987421,265,0,0,40,0.971875,0
59.82336,3,0,0,0.0,28.613263999432093,0.6996379997872282,28.637412997341016,0.22055137844611528,266,0,0,41,0.9527439024390244,0
59.85172,3,0,0,0.0,28.33338299751631,0.7206570007838309,28.355791997455526,0.21972534332084892,267,0,0,41,0.9573170731707317,0
59.88015,3,0,0,0.0,28.405585999280447,0.6944800006749574,28.43261199814151,0.21890547263681592,268,0,0,41,0.961890243902439,0
59.90877,3,0,0,0.0,28.58628999820212,0.7400530012091622,28.609887001948664,0.218091697645601,269,0,0,41,0.9664634146341463,0
59.93742,3,0,0,0.0,28.618403997825226,0.7194870013336185,28.639516000112053,0.217283950617284,270,0,0,41,0.9710365853658537,0
59.96537,3,0,0,0.0,27.93073400243884,0.7194659992819652,27.955862999078818,0.21648216482164817,271,0,0,41,0.975609756097561,0
59.99372,3,0,0,0.0,28.315518000454176,0.740748000680469,28.341123997961404,0.21568627450980393,272,0,0,42,0.9568452380952381,0
60.02193,3,0,0,0.0,28.18420299809077,0.7103870011633262,28.20545999929891,0.2148962148962149,273,0,0,42,0.9613095238095238,0
60.05026,3,0,0,0.0,28.296251002757344,0.6934529992577154,28.32176100127981,0.21411192214111918,274,0,0,42,0.9657738095238095,0
60.07905,3,0,0,0.0,28.76151699820184,0.7394380008918233,28.79001099790912,0.21333333333333337,275,0,0,42,0.9702380952380952,0
60.10729,3,0,0,0.0,28.2094819995109,0.7204709982033819,28.23333900232683,0.2125603864734299,276,0,0,42,0.9747023809523809,0
60.13567,3,0,0,0.0,28.348206000373466,0.717218001227593,28.370366999297403,0.21179302045728043,277,0,0,42,0.9791666666666666,0
60.16413,3,0,0,0.0,28.430302001652308,0.7280989993887488,28.45595400140155,0.21103117505995206,278,0,0,43,0.9607558139534884,0
60.19172,3,0,0,0.0,27.562244002183434,0.73567200161051,27.584220002609072,0.21027479091995216,279,0,0,43,0.9651162790697675,0
60.22005,3,0,0,0.0,28.31085299840197,0.7019639997452032,28.335710001556436,0.20952380952380956,280,0,0,43,0.9694767441860465,0
60.24923,3,0,0,0.0,29.15017700070166,0.7618960007675923,29.175383002439048,0.20877817319098457,281,0,0,43,0.9738372093023255,0
60.27747,3,0,0,0.0,28.206606999447104,0.7542980019934475,28.234276996954577,0.20803782505910162,282,0,0,44,0.9559659090909091,0
60.30582,3,0,0,0.0,28.30554699903587,0.7219690014608204,28.34398999766563,0.20730270906949355,283,0,0,44,0.9602272727272727,0
60.33429,3,0,0,0.0,28.433617000700906,0.7338510004046839,28.456509997340618,0.20657276995305163,284,0,0,44,0.9644886363636364,0
60.3625,3,0,0,0.0,28.170745998068014,0.7361520001722965,28.203433997987304,0.20584795321637428,285,0,0,44,0.96875,0
60.39081,3,0,0,0.0,28.282756997214165,0.7300719989871141,28.305932999501238,0.20512820512820518,286,0,0,44,0.9730113636363636,0
60.41841,3,0,0,0.0,27.556354998523602,0.7443239992426243,27.57883599770139,0.20441347270615562,287,0,0,44,0.9772727272727273,0
60.45673,3,0,0,0.0,38.288568997813854,0.7353610017162282,38.31954599809251,0.20370370370370372,288,0,0,45,0.9597222222222223,0
60.49014,3,0,0,0.0,33.381102002749685,0.9857299992290791,33.40432600089116,0.20299884659746248,289,0,0,45,0.9638888888888889,0
60.51842,3,0,0,0.0,28.252346000954276,0.7497549995605368,28.27473499928601,0.20229885057471264,290,0,0,45,0.9680555555555556,0
60.54722,3,0,0,0.0,28.765992999979062,0.7519280006818008,28.792338001949247,0.20160366552119124,291,0,0,45,0.9722222222222222,0
60.57568,3,0,0,0.0,28.42663299816195,0.7753829995635897,28.451506997953402,0.2009132420091324,292,0,0,45,0.9763888888888889,0
60.6285,4,1,83,24.04145500258892,28.728383000270696,0.8216710011765826,52.81879900212516,0.3293515358361775,293,0,0,51,0.9681372549019608,0
60.65702,4,0,0,0.0,28.48960499977693,0.8219049996114336,28.515826001239475,0.3282312925170068,294,0,0,52,0.9543269230769231,0
60.68501,4,0,0,0.0,27.963008000369882,0.8052770026552025,27.98815099959029,0.32711864406779656,295,0,0,52,0.9591346153846154,0
60.7135,4,0,0,0.0,28.44925899989903,0.8184070029528812,28.483121997851413,0.3260135135135135,296,0,0,52,0.9639423076923077,0
60.74234,4,0,0,0.0,28.807156999391736,0.8160059987858403,28.830192000896204,0.32491582491582494,297,0,0,52,0.96875,0
60.77099,4,0,0,0.0,28.615276998607442,0.8267839984910097,28.642731998843374,0.3238255033557047,298,0,0,53,0.9551886792452831,0
60.79943,4,0,0,0.0,28.41731899752631,0.832646997878328,28.441220998502104,0.32274247491638797,299,0,0,53,0.9599056603773585,0
60.82794,4,0,0,0.0,28.477432002546266,0.8239679991675075,28.501634998974623,0.32166666666666666,300,0,0,53,0.964622641509434,0
60.85662,4,0,0,0.0,28.65312199719483,0.809533001302043,28.676686000835616,0.3205980066445183,301,0,0,53,0.9693396226415094,0
60.88502,4,0,0,0.0,28.371180000249296,0.8143090017256327,28.39577400300186,0.3195364238410596,302,0,0,53,0.9740566037735849,0
60.91284,4,0,0,0.0,27.777134000643855,0.8004289993550628,27.81570799925248,0.3184818481848185,303,0,0,53,0.9787735849056604,0
60.94141,4,0,0,0.0,28.541104002215434,0.8015409985091537,28.564412001287565,0.3174342105263158,304,0,0,54,0.9652777777777778,0
60.96978,4,0,0,0.0,28.336867999314563,0.8224379998864606,28.360648000671063,0.31639344262295077,305,0,0,54,0.9699074074074074,0
60.99832,4,0,0,0.0,28.51099600229645,0.81856400356628,28.53770500223618,0.315359477124183,306,0,0,55,0.9568181818181818,0
61.02691,4,0,0,0.0,28.563667998241726,0.8351880023838021,28.585688000021037,0.3143322475570033,307,0,0,55,0.9613636363636363,0
61.0555,4,0,0,0.0,28.556520999700297,0.8033579979382921,28.59001300021191,0.3133116883116883,308,0,0,55,0.9659090909090909,0
61.08436,4,0,0,0.0,28.830112001742236,0.845033999212319,28.854969001258723,0.3122977346278317,309,0,0,55,0.9704545454545455,0
61.11328,4,0,0,0.0,28.883835999295115,0.8590020006522536,28.910393997648498,0.31129032258064515,310,0,0,56,0.9575892857142857,0
61.16652,5,1,255,24.487018999934662,28.71019200028968,1.4090190015849657,53.23921099989093,0.28424437299035366,311,0,0,72,0.9704861111111112,0
61.19506,5,0,0,0.0,28.502600998763228,0.9628529987821821,28.529695999168325,0.2833333333333333,312,0,0,73,0.961472602739726,0
61.22415,5,0,0,0.0,29.066969000268728,0.9399359987583011,29.09336499942583,0.2824281150159744,313,0,0,73,0.9657534246575342,0
61.27908,6,1,180,25.31948999967426,29.550969000410987,1.4701689979119692,54.9182020004082,0.30573248407643316,314,0,0,86,0.9549418604651163,0
61.30781,6,0,0,0.0,28.699755999696208,1.0680729974410497,28.72609500263934,0.3047619047619048,315,0,0,86,0.9593023255813954,0
61.33669,6,0,0,0.0,28.833712000050582,1.0738370001490694,28.87097900020308,0.30379746835443033,316,0,0,86,0.9636627906976745,0
61.36533,6,0,0,0.0,28.612637001060648,1.073467999958666,28.636145001655677,0.3028391167192429,317,0,0,86,0.9680232558139535,0
61.39421,6,0,0,0.0,28.85858000081498,1.0967139969579875,28.88359600183321,0.30188679245283023,318,0,0,86,0.9723837209302325,0
61.42242,6,0,0,0.0,28.179412001918536,1.0883450013352558,28.20514600171009,0.30094043887147337,319,0,0,86,0.9767441860465116,0
61.45945,6,0,0,0.0,36.987727999076014,1.1091759988630656,37.018512997747166,0.30000000000000004,320,0,0,87,0.9698275862068966,0
61.49428,6,0,0,0.0,34.8046670005715,1.235023999470286,34.83018100087065,0.2990654205607477,321,0,0,87,0.9741379310344828,0
61.52319,6,0,0,0.0,28.871874998003477,1.1074309986724984,28.90046600077767,0.2981366459627329,322,0,0,88,0.9673295454545454,0
61.55237,6,0,0,0.0,29.148824000003515,1.112435002141865,29.17255400097929,0.29721362229102166,323,0,0,88,0.9715909090909091,0
61.58111,6,0,0,0.0,28.714595002384158,1.1059810021833982,28.73780300069484,0.2962962962962963,324,0,0,88,0.9758522727272727,0
61.61105,6,0,0,0.0,29.91105999899446,1.0848460005945526,29.936107002868084,0.29538461538461536,325,0,0,88,0.9801136363636364,0
61.64113,6,0,0,0.0,30.05439399930765,1.5603140018356498,30.08049400159507,0.29447852760736193,326,0,0,90,0.9625,0
61.67035,6,0,0,0.0,29.183172999182716,1.1165810028614942,29.21245099787484,0.29357798165137616,327,0,0,90,0.9666666666666667,0
61.70498,6,0,0,0.0,34.59817600014503,1.3435290020424873,34.62849200150231,0.29268292682926833,328,0,0,91,0.9601648351648352,0
61.73466,6,0,0,0.0,29.642314002558123,1.127191000705352,29.665427002328215,0.29179331306990886,329,0,0,91,0.9642857142857143,0
61.7643,6,0,0,0.0,29.604019000544213,1.1160130015923642,29.642598998179892,0.2909090909090909,330,0,0,84,0.9590773809523809,0
61.79339,5,0,0,0.0,29.058505002467427,1.0404230015410576,29.084712001349544,0.22114803625377644,331,0,0,84,0.9627976190476191,0
61.82238,5,0,0,0.0,28.957724000065355,1.029428000038024,28.98183599972981,0.2204819277108434,332,0,0,84,0.9665178571428571,0
61.85165,5,0,0,0.0,29.244723002193496,1.0271530009049457,29.26844700050424,0.2198198198198198,333,0,0,84,0.9702380952380952,0
61.8825,5,0,0,0.0,30.814640998869436,1.025311001285445,30.849691000184976,0.2191616766467066,334,0,0,84,0.9739583333333334,0
61.91269,5,0,0,0.0,30.156812001223443,1.050629001838388,30.183618000592105,0.21850746268656718,335,0,0,84,0.9776785714285714,0
61.94207,5,0,0,0.0,29.345989001740236,1.0464139995747246,29.371813998295693,0.21785714285714286,336,0,0,85,0.9698529411764706,0
61.97127,5,0,0,0.0,29.167487999075092,1.0339420005038846,29.193579001002945,0.21721068249258157,337,0,0,85,0.9735294117647059,0
62.00106,5,0,0,0.0,29.758314001810504,1.0711319991969503,29.786235998471966,0.21656804733727808,338,0,0,85,0.9772058823529411,0
62.03032,5,0,0,0.0,29.233586999907857,1.0403129999758676,29.256363999593304,0.21592920353982303,339,0,0,85,0.9808823529411764,0
62.05959,5,0,0,0.0,29.23590800128295,1.0526689984544646,29.262552001455333,0.21529411764705886,340,0,0,85,0.9845588235294118,0
62.08891,5,0,0,0.0,29.286041997693246,1.0603810005704872,29.31300199998077,0.21466275659824052,341,0,0,85,0.9882352941176471,0
62.1183,5,0,0,0.0,29.360325999732595,1.0401649997220375,29.388052000285825,0.21403508771929824,342,0,0,87,0.9691091954022989,0
62.14722,5,0,0,0.0,28.893646001961315,1.0841600014828146,28.917807998368517,0.21341107871720122,343,0,0,87,0.9727011494252874,0
62.17622,5,0,0,0.0,28.964041001017904,1.0655050027708057,28.992215000471333,0.2127906976744186,344,0,0,88,0.9651988636363636,0
62.205,5,0,0,0.0,28.757173000485636,1.0649369978636969,28.78070099905017,0.2121739130434782,345,0,0,88,0.96875,0
62.23431,5,0,0,0.0,29.272509000293212,1.0278849986207206,29.299443998752395,0.21156069364161845,346,0,0,89,0.961376404494382,0
62.26354,5,0,0,0.0,29.193872996984283,1.0888840006373357,29.22505300011835,0.21095100864553318,347,0,0,71,0.9683098591549296,0
62.29238,4,0,0,0.0,28.802658001950476,0.9428390003449749,28.833727999881376,0.20977011494252873,348,0,0,57,0.9747807017543859,0
62.32114,3,0,0,0.0,28.73284999805037,0.8194120018742979,28.75758499794756,0.15090735434574976,349,0,0,57,0.9780701754385965,0
62.3499,3,0,0,0.0,28.730897000059485,0.8298129978356883,28.75345799839124,0.15047619047619043,350,0,0,57,0.981359649122807,0
62.37777,3,0,0,0.0,27.8431519982405,0.8031750003283378,27.865874999406515,0.15004748338081675,351,0,0,57,0.9846491228070176,0
62.40652,3,0,0,0.0,28.722595001454465,0.8205200028896797,28.749332999723265,0.14962121212121215,352,0,0,58,0.9709051724137931,0
62.43526,3,0,0,0.0,28.712416999042034,0.8409119982388802,28.734298000927083,0.14919735599622286,353,0,0,58,0.9741379310344828,0
62.46391,3,0,0,0.0,28.616853000130504,0.8164819992089178,28.640776999964146,0.1487758945386064,354,0,0,58,0.9773706896551724,0
62.49267,3,0,0,0.0,28.73438700044062,0.822766000055708,28.759132001141552,0.14835680751173708,355,0,0,58,0.9806034482758621,0
62.52128,3,0,0,0.0,28.586991000338458,0.8357070000784006,28.611297999304952,0.14794007490636707,356,0,0,58,0.9838362068965517,0
62.55024,3,0,0,0.0,28.923949001182336,0.8405289991060272,28.953016000741627,0.14752567693744167,357,0,0,35,0.9964285714285714,0
62.57879,2,0,0,0.0,28.514942998299375,0.7048449988360517,28.54059600213077,0.07615894039735094,302,0,0,36,0.9722222222222222,0
62.60651,2,0,0,0.0,27.69272800287581,0.6940950006537605,27.714028998161666,0.07590759075907594,303,0,0,36,0.9756944444444444,0
62.63514,2,0,0,0.0,28.601785001228563,0.6787900019844528,28.625996001210297,0.07565789473684215,304,0,0,37,0.9527027027027027,0
62.66344,2,0,0,0.0,28.276609002205078,0.6879159991513006,28.29941200252506,0.07540983606557372,305,0,0,37,0.956081081081081,0
62.69197,2,0,0,0.0,28.50276400204166,0.7011229972704314,28.526425998279592,0.07516339869281041,306,0,0,37,0.9594594594594594,0
62.72049,2,0,0,0.0,28.48964400254772,0.678750999213662,28.51576700049918,0.07491856677524433,307,0,0,37,0.9628378378378378,0
62.74907,2,0,0,0.0,28.552326999488287,0.7057530019665137,28.572530998644652,0.07467532467532467,308,0,0,37,0.9662162162162162,0
62.77765,2,0,0,0.0,28.552346000651596,0.6791209998482373,28.574951000337023,0.0744336569579288,309,0,0,37,0.9695945945945946,0
62.80607,2,0,0,0.0,28.39080099874991,0.7188529998529702,28.412488998583285,0.0741935483870968,310,0,0,37,0.972972972972973,0
62.83385,2,0,0,0.0,27.750653000111924,0.6617489998461679,27.77128700108733,0.07395498392282962,311,0,0,37,0.9763513513513513,0
62.86244,2,0,0,0.0,28.565890999743715,0.6603459987672977,28.58949800065602,0.07371794871794868,312,0,0,37,0.9797297297297297,0
62.89093,2,0,0,0.0,28.463909999118187,0.70765000054962,28.486625000368804,0.07348242811501593,313,0,0,37,0.9831081081081081,0
62.91932,2,0,0,0.0,28.365711998048937,0.6837120017735288,28.389482999045867,0.07324840764331209,314,0,0,37,0.9864864864864865,0
62.94816,2,0,0,0.0,28.81385799992131,0.6977670018386561,28.83486099744914,0.07301587301587298,315,0,0,37,0.9898648648648649,0
62.97669,2,0,0,0.0,28.50270699855173,0.7090079998306464,28.52524800255196,0.07278481012658233,316,0,0,37,0.9932432432432432,0
63.00529,2,0,0,0.0,28.572318002261454,0.6991289992583916,28.596889002074022,0.0725552050473186,317,0,0,37,0.9966216216216216,0
63.04008,2,0,0,0.0,34.75627700026962,0.7091660008882172,34.783185001288075,0.07232704402515722,318,0,0,38,0.9736842105263158,0
63.06947,2,0,0,0.0,29.349115000513848,0.9250720031559467,29.38257700225222,0.07210031347962387,319,0,0,20,1.0,0
63.09396,1,0,0,0.0,24.4645019993186,0.6737809999322053,24.48970899786218,0.0,320,0,0,21,0.9553571428571429,0
63.11781,1,0,0,0.0,23.817591998522403,0.5954000007477589,23.838715998863336,0.0,321,0,0,21,0.9583333333333334,0
63.14201,1,0,0,0.0,24.159063999832142,0.5757889994129073,24.19134500087239,0.0,322,0,0,21,0.9613095238095238,0
63.1662,1,0,0,0.0,24.166388000594452,0.5803820022265427,24.189540999941528,0.0,323,0,0,21,0.9642857142857143,0
63.19015,1,0,0,0.0,23.927667996758828,0.6361769992508925,23.949581001943443,0.0,324,0,0,21,0.9672619047619048,0
63.21398,1,0,0,0.0,23.80585300124949,0.5678249981428962,23.824859999876935,0.0,325,0,0,21,0.9702380952380952,0
63.23805,1,0,0,0.0,24.040159998548916,0.5531749993679114,24.061750998953357,0.0,326,0,0,21,0.9732142857142857,0
63.29172,2,1,192,25.522648000332993,28.105774999858113,0.6801510025979951,53.668544998799916,0.20642201834862384,327,0,0,34,0.9577205882352942,0
63.3228,2,0,0,0.0,31.04617899953155,0.6723869992129039,31.073441001353785,0.20579268292682928,328,0,0,34,0.9613970588235294,0
63.35964,2,0,0,0.0,36.81335800138186,0.8983120023913216,36.83561999787344,0.20516717325227962,329,0,0,34,0.9650735294117647,0
63.38841,2,0,0,0.0,28.74391600198578,0.6814859989390243,28.76622999974643,0.20454545454545459,330,0,0,34,0.96875,0
63.41725,2,0,0,0.0,28.806375001295237,0.6854509992990643,28.829029000917217,0.20392749244712993,331,0,0,34,0.9724264705882353,0
63.44618,2,0,0,0.0,28.90529900105321,0.6919719999132212,28.926023998792516,0.20331325301204817,332,0,0,34,0.9761029411764706,0
63.47487,2,0,0,0.0,28.670859999692766,0.6834369996795431,28.69561999978032,0.20270270270270274,333,0,0,34,0.9797794117647058,0
63.50359,2,0,0,0.0,28.684883000096306,0.6910390002303757,28.707278001093073,0.2020958083832335,334,0,0,34,0.9834558823529411,0
63.53156,2,0,0,0.0,27.94405000167899,0.6729410015395842,27.964898999925936,0.20149253731343286,335,0,0,34,0.9871323529411765,0
63.56032,2,0,0,0.0,28.732184000546113,0.6663690001005307,28.757999996742,0.2008928571428571,336,0,0,35,0.9625,0
63.58906,2,0,0,0.0,28.71544500158052,0.7052249966363888,28.737602002365747,0.2002967359050445,337,0,0,35,0.9660714285714286,0
63.61769,2,0,0,0.0,28.595793999556918,0.6640009996772278,28.617338997719344,0.19970414201183428,338,0,0,35,0.9696428571428571,0
63.64653,2,0,0,0.0,28.8195729990548,0.6669370013696607,28.84123499825364,0.1991150442477876,339,0,0,35,0.9732142857142857,0
63.67516,2,0,0,0.0,28.605339997739065,0.6843070004833862,28.628902000491507,0.19852941176470584,340,0,0,35,0.9767857142857143,0
63.70377,2,0,0,0.0,28.577385997778038,0.6964940002944786,28.601780999451876,0.19794721407624638,341,0,0,35,0.9803571428571428,0
63.73271,2,0,0,0.0,28.914807000546716,0.6853239974589087,28.93645199947059,0.19736842105263153,342,0,0,35,0.9839285714285714,0
63.78568,3,1,211,24.642355001560645,28.28077099911752,0.7869299988669809,52.96640799861052,0.2594752186588921,343,0,0,50,0.95625,0
63.81437,3,0,0,0.0,28.658726001594914,0.7724720016994979,28.681107000011252,0.25872093023255816,344,0,0,50,0.96,0
63.84306,3,0,0,0.0,28.660719999606954,0.770795999414986,28.681685998890316,0.2579710144927536,345,0,0,50,0.96375,0
63.89689,4,1,129,24.804771001072368,28.990121998504037,0.8496319969708566,53.837496001506224,0.3497109826589595,346,0,0,59,0.9576271186440678,0
63.92571,4,0,0,0.0,28.789952000806807,0.8473640009469818,28.81303699905402,0.34870317002881845,347,0,0,59,0.961864406779661,0
63.95466,4,0,0,0.0,28.920611999637913,0.8542139985365793,28.944065001269337,0.3477011494252874,348,0,0,59,0.9661016949152542,0
63.9836,4,0,0,0.0,28.905702998599736,0.8897170009731781,28.929683001479134,0.3467048710601719,349,0,0,59,0.9703389830508474,0
64.01239,4,0,0,0.0,28.76284800004214,0.8808980019239243,28.785660997527884,0.34571428571428575,350,0,0,59,0.9745762711864406,0
64.04085,4,0,0,0.0,28.43352299896651,0.8738649994484149,28.456685002311133,0.3447293447293447,351,0,0,59,0.9788135593220338,0
64.06965,4,0,0,0.0,28.768682001100387,0.9148930002993438,28.79582699824823,0.34375,352,0,0,60,0.9666666666666667,0
64.09837,4,0,0,0.0,28.691104002064094,0.8662200016260613,28.716101001919014,0.3427762039660056,353,0,0,60,0.9708333333333333,0
64.12718,4,0,0,0.0,28.786284998204792,0.8823349999147467,28.810836000047857,0.3418079096045198,354,0,0,60,0.975,0
64.15608,4,0,0,0.0,28.870653000922175,0.8668680020491593,28.892403999634553,0.3408450704225352,355,0,0,60,0.9791666666666666,0
64.18508,4,0,0,0.0,28.963188000489026,0.8572670012654271,28.991299001063453,0.3398876404494382,356,0,0,61,0.9672131147540983,0
64.2139,4,0,0,0.0,28.791839999030344,0.8848280012898613,28.815429999667685,0.3389355742296919,357,0,0,61,0.9713114754098361,0
64.2429,4,0,0,0.0,28.97628199934843,0.8474059977743309,28.999342997849453,0.33798882681564246,358,0,0,61,0.9754098360655737,0
64.27127,4,0,0,0.0,28.322486999968532,0.8704829997441266,28.35871900242637,0.3370473537604457,359,0,0,47,0.9720744680851063,0
64.29991,3,0,0,0.0,28.612321002583485,0.7839209974918049,28.636577997531276,0.3231481481481482,360,0,0,47,0.976063829787234,0
64.32854,3,0,0,0.0,28.598912002053112,0.7552520000899676,28.625345999898855,0.32225300092336107,361,0,0,48,0.9596354166666666,0
64.35756,3,0,0,0.0,28.988146001211135,0.7704499985266011,29.020584999670973,0.32136279926335176,362,0,0,25,0.9425,0
64.38848,2,0,0,0.0,30.89216700027464,0.6313229969237,30.924710001272615,0.18398268398268403,231,0,0,25,0.9475,0
64.41664,2,0,0,0.0,28.122543000790756,0.6319169988273643,28.145196996774757,0.1831896551724138,232,0,0,25,0.9525,0
64.4453,2,0,0,0.0,28.631440000026487,0.6248190002224874,28.652976998273516,0.18240343347639487,233,0,0,25,0.9575,0
64.47343,2,0,0,0.0,28.107399000873556,0.6404849991668016,28.12745499977609,0.18162393162393164,234,0,0,25,0.9625,0
64.50146,2,0,0,0.0,27.99614800096606,0.6260919981286861,28.018368997436482,0.18085106382978722,235,0,0,25,0.9675,0
64.5303,2,0,0,0.0,28.82279899858986,0.632842999038985,28.84502900269581,0.18008474576271183,236,0,0,25,0.9725,0
64.56426,2,0,0,0.0,33.92822000023443,0.9856670003500767,33.94885299712769,0.17932489451476796,237,0,0,25,0.9775,0
64.59266,2,0,0,0.0,28.3774599993194,0.6350009971356485,28.4000300016487,0.1785714285714286,238,0,0,25,0.9825,0
64.62019,2,0,0,0.0,27.505304999067448,0.6313319972832687,27.526932997716358,0.17782426778242677,239,0,0,25,0.9875,0
64.67371,3,1,180,24.95699099745252,28.509319003205746,0.6909769981575664,53.508386001340114,0.20138888888888884,240,0,0,38,0.9506578947368421,0
64.70192,3,0,0,0.0,28.187837997393217,0.7202249980764464,28.21233499707887,0.20055325034578142,241,0,0,38,0.9555921052631579,0
64.7302,3,0,0,0.0,28.24861599947326,0.6756340007996187,28.2720489994972,0.19972451790633605,242,0,0,38,0.9605263157894737,0
64.75898,3,0,0,0.0,28.754873001162196,0.7141850001062267,28.777069001080235,0.19890260631001366,243,0,0,38,0.9654605263157895,0
64.78735,3,0,0,0.0,28.338661999441683,0.7020970006124116,28.359817999444203,0.19808743169398912,244,0,0,38,0.9703947368421053,0
64.81566,3,0,0,0.0,28.28444899932947,0.7039720003376715,28.309121997153852,0.19727891156462585,245,0,0,39,0.9503205128205128,0
64.84409,3,0,0,0.0,28.39892599877203,0.7060710013320204,28.42132400110131,0.1964769647696477,246,0,0,39,0.9551282051282052,0
64.87291,3,0,0,0.0,28.7965899988194,0.6929340015631169,28.822372998547507,0.19568151147098511,247,0,0,39,0.9599358974358975,0
64.90212,3,0,0,0.0,29.177779997553444,0.7263090010383166,29.20377800182905,0.19489247311827962,248,0,0,39,0.9647435897435898,0
64.95618,4,1,71,25.24421699854429,28.767403000529157,0.7638839997525793,54.054780997830676,0.3242971887550201,249,0,0,44,0.9616477272727273,0
64.98495,4,0,0,0.0,28.738215001794742,0.7709630008321255,28.76506599932327,0.32299999999999995,250,0,0,44,0.9673295454545454,0
65.01352,4,0,0,0.0,28.532462998555275,0.763779000408249,28.558887999679428,0.3217131474103586,251,0,0,44,0.9730113636363636,0
65.04224,4,0,0,0.0,28.687506997812307,0.7618130002811085,28.714852000121027,0.3204365079365079,252,0,0,45,0.9569444444444445,0
65.07089,4,0,0,0.0,28.620349999982864,0.7845870022720192,28.645603997574653,0.31916996047430835,253,0,0,45,0.9625,0
65.09941,4,0,0,0.0,28.497512998001184,0.7864639992476441,28.52256600090186,0.31791338582677164,254,0,0,45,0.9680555555555556,0
65.1272,4,0,0,0.0,27.75645699875895,0.7818650010449346,27.7806199992483,0.31666666666666665,255,0,0,45,0.9736111111111111,0
65.15571,4,0,0,0.0,28.479338998295134,0.7526429981226102,28.505890997621464,0.3154296875,256,0,0,46,0.9578804347826086,0
65.18432,4,0,0,0.0,28.58207400277024,0.761911000154214,28.607634001673432,0.3142023346303502,257,0,0,46,0.9633152173913043,0
65.21281,4,0,0,0.0,28.458169999794336,0.7677170033275615,28.506342001492158,0.312984496124031,258,0,0,47,0.9481382978723404,0
65.24193,4,0,0,0.0,29.058729000098538,0.7765030022710562,29.082979999657255,0.31177606177606176,259,0,0,47,0.9534574468085106,0
65.27033,4,0,0,0.0,28.37225099938223,0.7704950003244448,28.395568999258103,0.3105769230769231,260,0,0,47,0.9587765957446809,0
65.29863,4,0,0,0.0,28.27299400087213,0.778192999860039,28.30028500102344,0.3093869731800766,261,0,0,48,0.9440104166666666,0
65.32714,4,0,0,0.0,28.475990002334584,0.7644930010428652,28.5022400021262,0.308206106870229,262,0,0,48,0.94921875,0
65.37945,5,1,79,24.343380002392223,27.92638800019631,0.8405560001847334,52.30939099783427,0.38555133079847914,263,0,0,53,0.9587264150943396,0
65.40803,5,0,0,0.0,28.543544001877308,0.8595809995313175,28.568783000082476,0.38409090909090904,264,0,0,54,0.9467592592592593,0
65.43674,5,0,0,0.0,28.691364997939672,0.8318790023622569,28.71353599766735,0.38264150943396225,265,0,0,54,0.9525462962962963,0
65.46534,5,0,0,0.0,28.56901400082279,0.8461210018140264,28.594668001460377,0.381203007518797,266,0,0,54,0.9583333333333334,0
65.49401,5,0,0,0.0,28.63502000036533,0.852543002110906,28.659870000410592,0.37977528089887636,267,0,0,54,0.9641203703703703,0
65.52264,5,0,0,0.0,28.60359099940979,0.847551000333624,28.63059300216264,0.3783582089552239,268,0,0,55,0.9522727272727273,0
65.55128,5,0,0,0.0,28.60977999807801,0.8518829999957234,28.63273399998434,0.37695167286245357,269,0,0,55,0.9579545454545455,0
65.5799,5,0,0,0.0,28.59186299974681,0.8756640017963946,28.616793002584018,0.37555555555555553,270,0,0,55,0.9636363636363636,0
65.60769,5,0,0,0.0,27.767182000388857,0.848616000439506,27.791721000539837,0.374169741697417,271,0,0,55,0.9693181818181819,0
65.63639,5,0,0,0.0,28.669814000750193,0.8638200015411712,28.697961999569088,0.37279411764705883,272,0,0,56,0.9575892857142857,0
65.66522,5,0,0,0.0,28.799036001146305,1.050360999215627,28.824667999288067,0.37142857142857144,273,0,0,56,0.9631696428571429,0
65.6938,5,0,0,0.0,28.543126001750352,0.875079000252299,28.571145001478726,0.3700729927007299,274,0,0,57,0.9517543859649122,0
65.72261,5,0,0,0.0,28.78064900141908,0.864934001583606,28.80586999890511,0.3687272727272727,275,0,0,57,0.9572368421052632,0
65.75146,5,0,0,0.0,28.826183999626664,0.8798950002528727,28.85135099859326,0.3673913043478261,276,0,0,57,0.9627192982456141,0
65.78008,5,0,0,0.0,28.57645800031605,0.8864650008035824,28.610392000700813,0.36606498194945847,277,0,0,45,0.9583333333333334,0
65.80836,4,0,0,0.0,28.25741999913589,0.7608289997733664,28.280234000703786,0.3794964028776978,278,0,0,45,0.9638888888888889,0
65.83616,4,0,0,0.0,27.766594001150224,0.7819389975338709,27.790842003014404,0.37813620071684584,279,0,0,45,0.9694444444444444,0
65.86469,4,0,0,0.0,28.50326000043424,0.766828001360409,28.528209000796778,0.3767857142857143,280,0,0,46,0.9538043478260869,0
65.89302,4,0,0,0.0,28.307070999289863,0.7776829988870304,28.329111999482848,0.3754448398576512,281,0,0,46,0.9592391304347826,0
65.92133,4,0,0,0.0,28.280841001105728,0.7619210009579547,28.303914001298836,0.374113475177305,282,0,0,46,0.9646739130434783,0
65.94981,4,0,0,0.0,28.448747001675656,0.7774410005367827,28.470536999520846,0.37279151943462896,283,0,0,46,0.970108695652174,0
65.97807,4,0,0,0.0,28.21669699915219,0.75188000118942,28.255444998649182,0.3714788732394366,284,0,0,47,0.9547872340425532,0
66.00616,4,0,0,0.0,28.068208001059247,0.7574060000479221,28.08962300332496,0.37017543859649127,285,0,0,47,0.9601063829787234,0
66.03443,4,0,0,0.0,28.243488999578403,0.7602890000271145,28.267626999877393,0.36888111888111885,286,0,0,47,0.9654255319148937,0
66.06258,4,0,0,0.0,28.120179998950334,0.7970750011736527,28.14559000034933,0.367595818815331,287,0,0,47,0.9707446808510638,0
66.09194,4,0,0,0.0,29.324347000510897,0.7933950000733603,29.354756999964593,0.3663194444444444,288,0,0,48,0.9557291666666666,0
66.13064,4,0,0,0.0,38.65813800075557,0.9903710015350953,38.69524900073884,0.3650519031141869,289,0,0,41,0.9542682926829268,0
66.16464,3,0,0,0.0,33.97205299916095,0.948062999668764,33.994915000221226,0.2804597701149425,290,0,0,41,0.9588414634146342,0
66.19294,3,0,0,0.0,28.27432499907445,0.7259789999807253,28.29709299840033,0.27949599083619703,291,0,0,41,0.9634146341463414,0
66.2213,3,0,0,0.0,28.32958999715629,0.6911060008860659,28.352519999316428,0.27853881278538817,292,0,0,41,0.9679878048780488,0
66.2499,3,0,0,0.0,28.577027002029354,0.7281800026248675,28.600232002645498,0.27758816837315126,293,0,0,41,0.9725609756097561,0
66.27831,3,0,0,0.0,28.381103998981416,0.7171329998527654,28.404873999534175,0.27664399092970526,294,0,0,41,0.9771341463414634,0
66.30596,3,0,0,0.0,27.62629700009711,0.7322940000449307,27.648299001157284,0.2757062146892655,295,0,0,41,0.9817073170731707,0
66.33419,3,0,0,0.0,28.202127999975346,0.7115209991752636,28.227930000866763,0.27477477477477474,296,0,0,42,0.9627976190476191,0
66.36254,3,0,0,0.0,28.31901800163905,0.7168769989220891,28.342319001239957,0.2738496071829405,297,0,0,42,0.9672619047619048,0
66.39093,3,0,0,0.0,28.344444999675034,0.709633000951726,28.36828599902219,0.27293064876957496,298,0,0,42,0.9717261904761905,0
66.41933,3,0,0,0.0,28.372444001433905,0.7315299990295898,28.397183003107784,0.27201783723522854,299,0,0,42,0.9761904761904762,0
66.44798,3,0,0,0.0,28.61822900013067,0.7430969999404624,28.64342300017597,0.2711111111111111,300,0,0,43,0.9578488372093024,0
66.47638,3,0,0,0.0,28.380348998325644,0.7320330005313735,28.40402299989364,0.2702104097452934,301,0,0,43,0.9622093023255814,0
66.50465,3,0,0,0.0,28.242219999810914,0.7332339991990011,28.26407999964431,0.26931567328918327,302,0,0,43,0.9665697674418605,0
66.53224,3,0,0,0.0,27.555256001505768,0.7163789996411651,27.576840999245178,0.2684268426842684,303,0,0,43,0.9709302325581395,0
66.56053,3,0,0,0.0,28.27051800340996,0.7152830003178678,28.2942349986115,0.26754385964912286,304,0,0,44,0.953125,0
66.5889,3,0,0,0.0,28.33620699675521,0.7353900000452995,28.361718999803998,0.2666666666666667,305,0,0,44,0.9573863636363636,0
66.61729,3,0,0,0.0,28.361780001432635,0.7318850002775434,28.384543998981826,0.2657952069716776,306,0,0,44,0.9616477272727273,0
66.64565,3,0,0,0.0,28.339426997263217,0.7410500002151821,28.36066999952891,0.26492942453854507,307,0,0,44,0.9659090909090909,0
66.67397,3,0,0,0.0,28.2872160023544,0.7225509980344214,28.311212998232804,0.2640692640692641,308,0,0,44,0.9701704545454546,0
66.70272,3,0,0,0.0,28.72754000054556,0.727399001334561,28.752827001881087,0.2632146709816613,309,0,0,44,0.9744318181818182,0
66.73126,3,0,0,0.0,28.50727300028666,0.7683330004510935,28.531651998491725,0.26236559139784943,310,0,0,44,0.9786931818181818,0
66.75937,3,0,0,0.0,28.079595998860896,0.7588599983137101,28.102973999921232,0.2615219721329046,311,0,0,44,0.9829545454545454,0
66.78788,3,0,0,0.0,28.482306999649154,0.7766130001982674,28.506510996521683,0.26068376068376065,312,0,0,45,0.9652777777777778,0
66.81613,3,0,0,0.0,28.22336099779932,0.71471099727205,28.245296998647973,0.25985090521831733,313,0,0,45,0.9694444444444444,0
66.84508,3,0,0,0.0,28.927721999934874,0.7474750018445775,28.948921000846894,0.2590233545647559,314,0,0,45,0.9736111111111111,0
66.87397,3,0,0,0.0,28.864117000921397,0.7428120006807148,28.88968299885164,0.2582010582010582,315,0,0,45,0.9777777777777777,0
66.90296,3,0,0,0.0,28.95169499970507,0.744713001040509,28.97877199939103,0.2573839662447257,316,0,0,46,0.9605978260869565,0
66.93289,3,0,0,0.0,29.9078109965194,0.7503990018449258,29.93288400102756,0.25657202944269186,317,0,0,46,0.9646739130434783,0
66.96218,3,0,0,0.0,29.258488000778016,0.7632339984411374,29.284511001606006,0.2557651991614256,318,0,0,46,0.96875,0
66.9905,3,0,0,0.0,28.284072999667842,0.7629589999851305,28.316849002294475,0.25496342737722044,319,0,0,46,0.9728260869565217,0
67.01934,3,0,0,0.0,28.80334599831258,0.7991430029505864,28.830841998569667,0.25416666666666665,320,0,0,47,0.9561170212765957,0
67.04832,3,0,0,0.0,28.948306000529556,0.7726719995844178,28.97817999837571,0.2533748701973001,321,0,0,26,0.9615384615384616,0
67.07725,2,0,0,0.0,28.899262000777526,0.6617479994019959,28.924802001711214,0.23664122137404575,262,0,0,26,0.9663461538461539,0
67.10541,2,0,0,0.0,28.12542600076995,0.660485999105731,28.149578000011388,0.23574144486692017,263,0,0,26,0.9711538461538461,0
67.13418,2,0,0,0.0,28.735119001794374,0.6604409973078873,28.76738899794873,0.23484848484848486,264,0,0,17,0.9742647058823529,0
67.15807,1,0,0,0.0,23.869763001130195,0.5665179996867664,23.890694999863626,0.0,265,0,0,17,0.9779411764705882,0
67.18168,1,0,0,0.0,23.58283300054609,0.572563996684039,23.60437099923729,0.0,266,0,0,17,0.9816176470588235,0
67.20519,1,0,0,0.0,23.481583997636335,0.5674749991158023,23.50203699825215,0.0,267,0,0,17,0.9852941176470589,0
67.22867,1,0,0,0.0,23.463048000849085,0.5471350013976917,23.48340900061885,0.0,268,0,0,17,0.9889705882352942,0
67.25265,1,0,0,0.0,23.954062002303544,0.5553370028792415,23.97396599917556,0.0,269,0,0,17,0.9926470588235294,0
67.27649,1,0,0,0.0,23.80869199987501,0.5646940007864032,23.83819900205708,0.0,270,0,0,17,0.9963235294117647,0
67.30008,1,0,0,0.0,23.55593299944303,0.6109230016591027,23.575830997287994,0.0,271,0,0,17,1.0,0
67.32347,1,0,0,0.0,23.368288999336073,0.5561620018852409,23.38954000151716,0.0,272,0,0,18,0.9479166666666666,0
67.34705,1,0,0,0.0,23.56174899978214,0.5599169999186415,23.580043998663314,0.0,273,0,0,18,0.9513888888888888,0
67.37521,1,0,0,0.0,28.129516998887993,0.5862729994987603,28.15154000199982,0.0,274,0,0,18,0.9548611111111112,0
67.40343,1,0,0,0.0,28.195981001772452,0.7667429999855813,28.217031998792663,0.0,275,0,0,18,0.9583333333333334,0
67.42732,1,0,0,0.0,23.862800000642892,0.5818700010422617,23.8860069985094,0.0,276,0,0,18,0.9618055555555556,0
67.45173,1,0,0,0.0,24.38128200083156,0.5943069991189986,24.401782000495587,0.0,277,0,0,18,0.9652777777777778,0
67.47561,1,0,0,0.0,23.856608997448348,0.5868119988008402,23.877165996964322,0.0,278,0,0,18,0.96875,0
67.49929,1,0,0,0.0,23.658574998989934,0.5718659995181952,23.67896600117092,0.0,279,0,0,18,0.9722222222222222,0
67.52296,1,0,0,0.0,23.646535999432672,0.5799700011266395,23.668425001233118,0.0,280,0,0,18,0.9756944444444444,0
67.54689,1,0,0,0.0,23.90338300028816,0.5678559973603114,23.923942000692477,0.0,281,0,0,18,0.9791666666666666,0
67.57085,1,0,0,0.0,23.91514999908395,0.571378997847205,23.951791001309175,0.0,282,0,0,18,0.9826388888888888,0
67.59466,1,0,0,0.0,23.78632399995695,0.5906939986743964,23.806629000318935,0.0,283,0,0,18,0.9861111111111112,0
67.61841,1,0,0,0.0,23.730381999484962,0.5777160004072357,23.750862001179485,0.0,284,0,0,18,0.9895833333333334,0
67.64217,1,0,0,0.0,23.732435001875274,0.5655519998981617,23.75049599868362,0.0,285,0,0,18,0.9930555555555556,0
67.66595,1,0,0,0.0,23.757635997753823,0.6123090024630073,23.778087001119275,0.0,286,0,0,18,0.9965277777777778,0
67.68966,1,0,0,0.0,23.685868000029586,0.5647520010825247,23.70635799888987,0.0,287,0,0,18,1.0,0
67.71353,1,0,0,0.0,23.84718700341182,0.5830270019941963,23.869352000474464,0.0,288,0,0,19,0.9506578947368421,0
67.73724,1,0,0,0.0,23.686826996708987,0.5676099972333759,23.707707001449307,0.0,289,0,0,19,0.9539473684210527,0
67.76119,1,0,0,0.0,23.923029999423306,0.5715429979318287,23.941955998452613,0.0,290,0,0,19,0.9572368421052632,0
67.78532,1,0,0,0.0,24.109097001201008,0.5660040005750488,24.12970399745973,0.0,291,0,0,19,0.9605263157894737,0
67.80897,1,0,0,0.0,23.622617998626083,0.5872209985682275,23.641993997443933,0.0,292,0,0,19,0.9638157894736842,0
67.83255,1,0,0,0.0,23.560191002616193,0.5499139988387469,23.578856002131943,0.0,293,0,0,19,0.9671052631578947,0
67.85625,1,0,0,0.0,23.675241998716956,0.5607980019703973,23.692750997724943,0.0,294,0,0,19,0.9703947368421053,0
67.87977,1,0,0,0.0,23.49277499888558,0.5441169996629469,23.512040999776218,0.0,295,0,0,19,0.9736842105263158,0
67.90355,1,0,0,0.0,23.756047998176655,0.5751829994551372,23.78331799991429,0.0,296,0,0,0,0.0,0
