t_s,batch,n_prefill,prefill_tokens,prefill_ms,decode_ms,gather_ms,iteration_ms,padding_waste,context_max,waiting,preempted,kv_blocks_used,kv_slot_utilization,wasted_decode_tokens
0.063,1,1,235,26.267662000464043,36.66808200068772,13.658089999807999,62.995854001201224,0.0,235,0,0,15,0.9833333333333333,0
0.08641,1,0,0,0.0,23.365422999631846,0.5445179995149374,23.3932420014753,0.0,236,0,0,15,0.9875,0
0.10951,1,0,0,0.0,23.082465002516983,0.5343750017345883,23.1033860000025,0.0,237,0,0,15,0.9916666666666667,0
0.13286,1,0,0,0.0,23.32076099992264,0.5454720012494363,23.344481000094675,0.0,238,0,0,15,0.9958333333333333,0
0.15611,1,0,0,0.0,23.22402299978421,0.5600689983111806,23.247504999744706,0.0,239,0,0,15,1.0,0
0.17943,1,0,0,0.0,23.28366000074311,0.5283450009301305,23.31109000078868,0.0,240,0,0,16,0.94140625,0
0.20258,1,0,0,0.0,23.126796000724426,0.5505650005943608,23.149592001573183,0.0,241,0,0,16,0.9453125,0
0.22586,1,0,0,0.0,23.25431099961861,0.5714479993912391,23.27767499809852,0.0,242,0,0,16,0.94921875,0
0.24915,1,0,0,0.0,23.26251799968304,0.5604930011031684,23.286027000722243,0.0,243,0,0,16,0.953125,0
0.27285,1,0,0,0.0,23.669531001360156,0.5368830024963245,23.689312998612877,0.0,244,0,0,16,0.95703125,0
0.29603,1,0,0,0.0,23.161249999247957,0.5468590024975128,23.182314998848597,0.0,245,0,0,16,0.9609375,0
0.31963,1,0,0,0.0,23.564091003208887,0.5499209983099718,23.588036998262396,0.0,246,0,0,16,0.96484375,0
0.34291,1,0,0,0.0,23.252791001141304,0.5715320003218949,23.27523799976916,0.0,247,0,0,16,0.96875,0
0.36615,1,0,0,0.0,23.219306996907108,0.5452229997899849,23.241017002874287,0.0,248,0,0,16,0.97265625,0
0.38935,1,0,0,0.0,23.17676299935556,0.5289250002533663,23.195750000013504,0.0,249,0,0,16,0.9765625,0
0.41259,1,0,0,0.0,23.211638999782735,0.5313460023899097,23.234039999806555,0.0,250,0,0,16,0.98046875,0
0.43598,1,0,0,0.0,23.361630999716,0.5757149992859922,23.385253000014927,0.0,251,0,0,16,0.984375,0
0.45918,1,0,0,0.0,23.171658998762723,0.5561079997278284,23.193304001324577,0.0,252,0,0,16,0.98828125,0
0.48249,1,0,0,0.0,23.28508999926271,0.5354130007617641,23.304166999878362,0.0,253,0,0,16,0.9921875,0
0.50553,1,0,0,0.0,23.021828001219546,0.541678997251438,23.04361099959351,0.0,254,0,0,16,0.99609375,0
0.52873,1,0,0,0.0,23.1752370018512,0.5448080009955447,23.197012997115962,0.0,255,0,0,16,1.0,0
0.55287,1,0,0,0.0,24.096376000670716,0.566153998079244,24.134250001225155,0.0,256,0,0,17,0.9448529411764706,0
0.57687,1,0,0,0.0,23.968790999788325,0.567983999644639,23.988494998775423,0.0,257,0,0,17,0.9485294117647058,0
0.60027,1,0,0,0.0,23.381887000141433,0.5517290010175202,23.401757000101497,0.0,258,0,0,17,0.9522058823529411,0
0.62378,1,0,0,0.0,23.487957998440834,0.5309150001266971,23.510508002800634,0.0,259,0,0,17,0.9558823529411765,0
0.6475,1,0,0,0.0,23.69165300115128,0.5698679997294676,23.713631999271456,0.0,260,0,0,17,0.9595588235294118,0
0.67107,1,0,0,0.0,23.54059900244465,0.5689099998562597,23.57685099923401,0.0,261,0,0,17,0.9632352941176471,0
0.69463,1,0,0,0.0,23.51813899804256,0.5304949991113972,23.53753900024458,0.0,262,0,0,17,0.9669117647058824,0
0.71821,1,0,0,0.0,23.557880998851033,0.5587200030277018,23.5815839987481,0.0,263,0,0,17,0.9705882352941176,0
0.74184,1,0,0,0.0,23.598703999596182,0.5686920012522023,23.621804000867996,0.0,264,0,0,17,0.9742647058823529,0
0.76528,1,0,0,0.0,23.416265998093877,0.5541789978451561,23.4377630004019,0.0,265,0,0,17,0.9779411764705882,0
0.78887,1,0,0,0.0,23.56395400056499,0.5382460003602318,23.583252001117216,0.0,266,0,0,17,0.9816176470588235,0
0.81236,1,0,0,0.0,23.46989200304961,0.5448320007417351,23.491813000873663,0.0,267,0,0,17,0.9852941176470589,0
0.83605,1,0,0,0.0,23.65940900199348,0.5618839968519751,23.681573999056127,0.0,268,0,0,17,0.9889705882352942,0
0.85963,1,0,0,0.0,23.55259400064824,0.5429529992397875,23.57502300219494,0.0,269,0,0,17,0.9926470588235294,0
0.88327,1,0,0,0.0,23.617409999133088,0.5669769998348784,23.636829002498416,0.0,270,0,0,17,0.9963235294117647,0
0.90672,1,0,0,0.0,23.42473699900438,0.5346260004444048,23.447302999556996,0.0,271,0,0,17,1.0,0
0.93044,1,0,0,0.0,23.692164999374654,0.5577580013778061,23.716773997875862,0.0,272,0,0,18,0.9479166666666666,0
0.95394,1,0,0,0.0,23.47172900044825,0.5580490033025853,23.49253300053533,0.0,273,0,0,18,0.9513888888888888,0
0.97767,1,0,0,0.0,23.70438199795899,0.557647999812616,23.724249000224518,0.0,274,0,0,18,0.9548611111111112,0
1.00116,1,0,0,0.0,23.46758900239365,0.5545019994315226,23.490822000894696,0.0,275,0,0,18,0.9583333333333334,0
1.02454,1,0,0,0.0,23.35277200108976,0.542588000826072,23.37387499937904,0.0,276,0,0,18,0.9618055555555556,0
1.04791,1,0,0,0.0,23.344911001913715,0.5555079987971112,23.365393000858603,0.0,277,0,0,18,0.9652777777777778,0
1.07135,1,0,0,0.0,23.417281998263206,0.5513690011866856,23.438355998223415,0.0,278,0,0,18,0.96875,0
1.09505,1,0,0,0.0,23.675545999140013,0.5513590003829449,23.69374800036894,0.0,279,0,0,18,0.9722222222222222,0
1.11848,1,0,0,0.0,23.398930999974255,0.5285899969749153,23.417921001964714,0.0,280,0,0,18,0.9756944444444444,0
1.1419,1,0,0,0.0,23.399034998874413,0.544873000762891,23.420189001626568,0.0,281,0,0,18,0.9791666666666666,0
1.16555,1,0,0,0.0,23.62659600112238,0.5549320012505632,23.648833001061575,0.0,282,0,0,18,0.9826388888888888,0
1.18933,1,0,0,0.0,23.75840799868456,0.5817900018882938,23.777231999702053,0.0,283,0,0,18,0.9861111111111112,0
1.2127,1,0,0,0.0,23.330285999691114,0.537244002771331,23.362511001323583,0.0,284,0,0,0,0.0,0
2.08861,1,1,201,25.43608099949779,23.717138999927556,0.5541150021599606,49.21191399989766,0.0,201,0,0,13,0.9711538461538461,0
2.14654,3,2,354,29.431994997139554,28.434186002414208,0.6867049996799324,57.928780999645824,0.22454672245467222,239,0,0,36,0.9704861111111112,0
2.1754,3,0,0,0.0,28.82700199916144,0.7144230003177654,28.854459000285715,0.2236111111111111,240,0,0,37,0.9493243243243243,0
2.20443,3,0,0,0.0,29.002458999457303,0.7265339991135988,29.025778003415326,0.2226832641770401,241,0,0,37,0.9543918918918919,0
2.23314,3,0,0,0.0,28.68378800121718,0.7342530007008463,28.70847799931653,0.221763085399449,242,0,0,37,0.9594594594594594,0
2.26171,3,0,0,0.0,28.53737200348405,0.6789850012864918,28.55998199811438,0.2208504801097394,243,0,0,37,0.964527027027027,0
2.29074,3,0,0,0.0,29.00220500305295,0.701011002092855,29.033835999143776,0.2199453551912568,244,0,0,37,0.9695945945945946,0
2.32155,3,0,0,0.0,30.772574002185138,0.7021710007393267,30.799289997958113,0.21904761904761905,245,0,0,38,0.9490131578947368,0
2.35182,3,0,0,0.0,30.244673002016498,0.7305520011868794,30.271011997683672,0.21815718157181574,246,0,0,38,0.9539473684210527,0
2.38085,3,0,0,0.0,28.995037002459867,0.7467220020771492,29.017188000580063,0.21727395411605943,247,0,0,38,0.9588815789473685,0
2.41012,3,0,0,0.0,29.248990998894442,0.6961360013519879,29.27338999870699,0.21639784946236562,248,0,0,38,0.9638157894736842,0
2.43942,3,0,0,0.0,29.266397999890614,1.0119189973920584,29.292786999576492,0.21552878179384205,249,0,0,38,0.96875,0
2.46798,3,0,0,0.0,28.532333999464754,0.7547710010840092,28.554583997902228,0.21466666666666667,250,0,0,38,0.9736842105263158,0
2.49657,3,0,0,0.0,28.56993399836938,0.6982840022828896,28.591235997737385,0.21381142098273576,251,0,0,38,0.9786184210526315,0
2.52527,3,0,0,0.0,28.66412000003038,0.7073689994285814,28.690287999779684,0.2129629629629629,252,0,0,39,0.9583333333333334,0
2.55391,3,0,0,0.0,28.60943600171595,0.698460000421619,28.632637000555405,0.21212121212121215,253,0,0,39,0.9631410256410257,0
2.59122,3,0,0,0.0,37.28730899820221,0.695791000907775,37.31071899892413,0.21128608923884518,254,0,0,39,0.967948717948718,0
2.62797,3,0,0,0.0,36.72032399845193,0.9215130012307782,36.745390003488865,0.2104575163398693,255,0,0,39,0.9727564102564102,0
2.65728,3,0,0,0.0,29.27577200171072,0.9094859997276217,29.303138002433116,0.20963541666666663,256,0,0,40,0.953125,0
2.68595,3,0,0,0.0,28.64199599935091,0.7158870030252729,28.66389100017841,0.20881971465629057,257,0,0,40,0.9578125,0
2.71436,3,0,0,0.0,28.385477999108844,0.7081279982230626,28.40882300006342,0.20801033591731266,258,0,0,40,0.9625,0
2.7429,3,0,0,0.0,28.516296999441693,0.706541002728045,28.54064900020603,0.2072072072072072,259,0,0,40,0.9671875,0
2.77131,3,0,0,0.0,28.38018499824102,0.7215839978016447,28.404430999216856,0.20641025641025645,260,0,0,40,0.971875,0
2.79999,3,0,0,0.0,28.647527997236466,0.704335998307215,28.673695000179578,0.20561941251596427,261,0,0,41,0.9527439024390244,0
2.82858,3,0,0,0.0,28.56045500084292,0.7359990013355855,28.585255997313652,0.2048346055979644,262,0,0,41,0.9573170731707317,0
2.85649,3,0,0,0.0,27.875941999809584,0.7409479985653888,27.8998310022871,0.20405576679340942,263,0,0,41,0.961890243902439,0
2.88507,3,0,0,0.0,28.55457999976352,0.7258169971464667,28.591407997737406,0.2032828282828283,264,0,0,41,0.9664634146341463,0
2.91357,3,0,0,0.0,28.455062998546055,0.7239900005515665,28.478365999035304,0.2025157232704402,265,0,0,41,0.9710365853658537,0
2.9419,3,0,0,0.0,28.305801999522373,0.722672000847524,28.32813500208431,0.20175438596491224,266,0,0,41,0.975609756097561,0
2.97042,3,0,0,0.0,28.492590001405915,0.7075929970596917,28.516592999949353,0.20099875156054936,267,0,0,41,0.9801829268292683,0
2.99895,3,0,0,0.0,28.49911399971461,0.7787370013829786,28.52228800111334,0.20024875621890548,268,0,0,42,0.9613095238095238,0
3.02732,3,0,0,0.0,28.343827001663158,0.7411639999190811,28.366450998873916,0.1995043370508055,269,0,0,42,0.9657738095238095,0
3.05595,3,0,0,0.0,28.609711000171956,0.7088330021360889,28.634120997594437,0.1987654320987654,270,0,0,42,0.9702380952380952,0
3.08394,3,0,0,0.0,27.95674599838094,0.7274859999597538,27.978484002233017,0.19803198031980318,271,0,0,42,0.9747023809523809,0
3.11242,3,0,0,0.0,28.450730002077762,0.7126540003810078,28.482669000368332,0.19730392156862742,272,0,0,43,0.9563953488372093,0
3.1418,3,0,0,0.0,29.343276997678913,0.7395569991786033,29.367883998929756,0.19658119658119655,273,0,0,43,0.9607558139534884,0
3.17037,3,0,0,0.0,28.549377999297576,0.7565050000266638,28.574798998306505,0.1958637469586375,274,0,0,43,0.9651162790697675,0
3.19912,3,0,0,0.0,28.711906001262832,0.7600089993502479,28.737079999700654,0.1951515151515152,275,0,0,43,0.9694767441860465,0
3.25349,4,1,98,24.072027001238894,30.25201099808328,1.0922080000455026,54.366256001230795,0.3070652173913043,276,0,0,50,0.96125,0
3.2823,4,0,0,0.0,28.782345001673093,0.8120200000121258,28.810415002226364,0.30595667870036103,277,0,0,51,0.9473039215686274,0
3.31118,4,0,0,0.0,28.845102999184746,0.7990939993760549,28.872793998743873,0.30485611510791366,278,0,0,51,0.9522058823529411,0
3.33962,4,0,0,0.0,28.38778600198566,0.7951730003696866,28.432279999833554,0.303763440860215,279,0,0,51,0.9571078431372549,0
3.369,4,0,0,0.0,29.35160099877976,1.146681999671273,29.3789179995656,0.30267857142857146,280,0,0,51,0.9620098039215687,0
3.39775,4,0,0,0.0,28.72013000160223,0.8078860009845812,28.75275100086583,0.3016014234875445,281,0,0,51,0.9669117647058824,0
3.42649,4,0,0,0.0,28.694539996649837,0.8087159985734615,28.71994000088307,0.30053191489361697,282,0,0,51,0.9718137254901961,0
3.45533,4,0,0,0.0,28.812299999117386,0.7863190003263298,28.838719001214486,0.299469964664311,283,0,0,51,0.9767156862745098,0
3.48441,4,0,0,0.0,29.051723999145906,0.8166849984263536,29.07865499946638,0.2984154929577465,284,0,0,52,0.9627403846153846,0
3.51365,4,0,0,0.0,29.210746000899235,0.7995939995453227,29.237664999527624,0.2973684210526316,285,0,0,52,0.9675480769230769,0
3.54255,4,0,0,0.0,28.86411299914471,0.8230989988078363,28.890286997921066,0.29632867132867136,286,0,0,52,0.9723557692307693,0
3.57072,4,0,0,0.0,28.144061001512455,0.8114029988064431,28.16878300291137,0.2952961672473867,287,0,0,52,0.9771634615384616,0
3.59946,4,0,0,0.0,28.70935700047994,0.8023880000109784,28.735799998685252,0.29427083333333337,288,0,0,53,0.9634433962264151,0
3.62801,4,0,0,0.0,28.51804599777097,0.8143840022967197,28.54298200327321,0.29325259515570934,289,0,0,53,0.9681603773584906,0
3.65642,4,0,0,0.0,28.384378001646837,0.8035130013013259,28.41095099938684,0.2922413793103448,290,0,0,54,0.9548611111111112,0
3.68514,4,0,0,0.0,28.68470799876377,0.7914310008345637,28.70760099904146,0.2912371134020618,291,0,0,54,0.9594907407407407,0
3.71364,4,0,0,0.0,28.475398001319263,0.7913709996500984,28.500980999524472,0.2902397260273972,292,0,0,54,0.9641203703703703,0
3.74212,4,0,0,0.0,28.44397700027912,0.8133150004141498,28.472832000261405,0.2892491467576792,293,0,0,55,0.9511363636363637,0
3.77069,4,0,0,0.0,28.540535997308325,0.7963879979797639,28.56649500245112,0.28826530612244894,294,0,0,55,0.9556818181818182,0
3.79931,4,0,0,0.0,28.592130001925398,0.82505699901958,28.614963997824816,0.2872881355932203,295,0,0,55,0.9602272727272727,0
3.82825,4,0,0,0.0,28.90436000234331,0.8317210013046861,28.930528998898808,0.28631756756756754,296,0,0,55,0.9647727272727272,0
3.85761,4,0,0,0.0,29.305739000847097,0.8428300025116187,29.348440999456216,0.28535353535353536,297,0,0,36,0.9635416666666666,0
3.88652,3,0,0,0.0,28.88417299982393,0.722668002708815,28.906080002343515,0.29118773946360155,261,0,0,36,0.96875,0
3.91525,3,0,0,0.0,28.703604999464005,0.7038919975457247,28.728134999255417,0.29007633587786263,262,0,0,36,0.9739583333333334,0
3.94328,3,0,0,0.0,27.99598199999309,0.689995002176147,28.023748000123305,0.2889733840304183,263,0,0,37,0.9527027027027027,0
3.97194,3,0,0,0.0,28.63013899695943,0.6913609977345914,28.654686000663787,0.28787878787878785,264,0,0,37,0.9577702702702703,0
4.00078,3,0,0,0.0,28.81756900023902,0.7038570001896005,28.84005200030515,0.2867924528301887,265,0,0,37,0.9628378378378378,0
4.02937,3,0,0,0.0,28.55588300008094,0.6852059996163007,28.580734000570374,0.2857142857142857,266,0,0,37,0.9679054054054054,0
4.05805,3,0,0,0.0,28.649620999203762,0.6986990010773297,28.676527999778045,0.28464419475655434,267,0,0,37,0.972972972972973,0
4.08685,3,0,0,0.0,28.758043998095673,0.7058849987515714,28.789166997739812,0.28358208955223885,268,0,0,25,0.9925,0
4.1153,2,0,0,0.0,28.430376998585416,0.6133239985501859,28.454128001612844,0.2620817843866171,269,0,0,26,0.9591346153846154,0
4.14405,2,0,0,0.0,28.717780998704256,0.5975269996270072,28.743068000039784,0.26111111111111107,270,0,0,26,0.9639423076923077,0
4.17189,2,0,0,0.0,27.81777400014107,0.6218720009201206,27.841375002026325,0.2601476014760148,271,0,0,26,0.96875,0
4.20052,2,0,0,0.0,28.59606700076256,0.621971001237398,28.62173699759296,0.2591911764705882,272,0,0,27,0.9375,0
4.22903,2,0,0,0.0,28.47922199725872,0.6367429996316787,28.50306600157637,0.2582417582417582,273,0,0,27,0.9421296296296297,0
4.25757,2,0,0,0.0,28.512659002444707,0.6308459996944293,28.53668399984599,0.2572992700729927,274,0,0,27,0.9467592592592593,0
4.28644,2,0,0,0.0,28.84455599996727,0.6440809993364383,28.867297998658614,0.25636363636363635,275,0,0,27,0.9513888888888888,0
4.31518,2,0,0,0.0,28.711163002299145,0.6374529984896071,28.735935000440804,0.2554347826086957,276,0,0,27,0.9560185185185185,0
4.34374,2,0,0,0.0,28.53193999908399,0.6381820021488238,28.564799002197105,0.2545126353790613,277,0,0,27,0.9606481481481481,0
4.37334,2,0,0,0.0,29.558487000031164,0.6360799998219591,29.583094001282007,0.25359712230215825,278,0,0,27,0.9652777777777778,0
4.40207,2,0,0,0.0,28.705131000606343,0.6470650005212519,28.74469699963811,0.25268817204301075,279,0,0,27,0.9699074074074074,0
4.4306,2,0,0,0.0,28.48621700104559,0.6268659999477677,28.50950099673355,0.2517857142857143,280,0,0,27,0.9745370370370371,0
4.45954,2,0,0,0.0,28.909262000524905,0.646150998363737,28.93301199947018,0.2508896797153025,281,0,0,27,0.9791666666666666,0
4.48845,2,0,0,0.0,28.88471700134687,0.6847020013083238,28.907746000186307,0.25,282,0,0,27,0.9837962962962963,0
4.51753,2,0,0,0.0,29.043613001704216,0.6622159999096766,29.068784999253694,0.24911660777385158,283,0,0,27,0.9884259259259259,0
4.54652,2,0,0,0.0,28.9650740014622,0.6780479998269584,28.990030998102156,0.24823943661971826,284,0,0,27,0.9930555555555556,0
4.57528,2,0,0,0.0,28.72633400329505,0.6637260012212209,28.75362399936421,0.24736842105263157,285,0,0,28,0.9620535714285714,0
4.60391,2,0,0,0.0,28.60882599998149,0.6437720003305003,28.629553999053314,0.24650349650349646,286,0,0,28,0.9665178571428571,0
4.63205,2,0,0,0.0,28.1133120006416,0.6355219993565697,28.13788400089834,0.24564459930313587,287,0,0,28,0.9709821428571429,0
4.66076,2,0,0,0.0,28.66059000007226,0.6485500016424339,28.704252999887103,0.24479166666666663,288,0,0,29,0.9418103448275862,0
4.68989,2,0,0,0.0,29.099733001203276,0.6379410006047692,29.12041300078272,0.24394463667820065,289,0,0,29,0.9461206896551724,0
4.71891,2,0,0,0.0,28.995969998504734,0.6364299988490529,29.020411002420587,0.24310344827586206,290,0,0,29,0.9504310344827587,0
4.74761,2,0,0,0.0,28.66775100119412,0.6753889974788763,28.692659998341696,0.24226804123711343,291,0,0,29,0.9547413793103449,0
4.77624,2,0,0,0.0,28.604353999980958,0.6635009995079599,28.628625001147157,0.24143835616438358,292,0,0,29,0.959051724137931,0
4.80504,2,0,0,0.0,28.77328300019144,0.6589289987459779,28.794592999474844,0.2406143344709898,293,0,0,29,0.9633620689655172,0
4.83356,2,0,0,0.0,28.49085999696399,0.6244729993341025,28.514907997305272,0.23979591836734693,294,0,0,29,0.9676724137931034,0
4.86168,2,0,0,0.0,28.088802999263862,0.6649149981967639,28.11291599937249,0.23898305084745763,295,0,0,29,0.9719827586206896,0
4.8903,2,0,0,0.0,28.593783001269912,0.6702399987261742,28.6136879985861,0.23817567567567566,296,0,0,29,0.9762931034482759,0
4.91874,2,0,0,0.0,28.41031999923871,0.6175950002216268,28.438055000151508,0.23737373737373735,297,0,0,29,0.9806034482758621,0
4.94739,2,0,0,0.0,28.625142000237247,0.6358370010275394,28.649957999732578,0.2365771812080537,298,0,0,29,0.9849137931034483,0
4.97595,2,0,0,0.0,28.527992002636893,0.6654640019405633,28.551707000588067,0.23578595317725748,299,0,0,29,0.9892241379310345,0
5.0044,2,0,0,0.0,28.417538000212517,0.6298309999692719,28.43894400211866,0.235,300,0,0,29,0.9935344827586207,0
5.03299,2,0,0,0.0,28.55985199857969,0.6303119989752304,28.58631499839248,0.23421926910299007,301,0,0,30,0.9645833333333333,0
5.06157,2,0,0,0.0,28.55961900058901,0.6518590016639791,28.582897000887897,0.23344370860927155,302,0,0,30,0.96875,0
5.08975,2,0,0,0.0,28.14829499766347,0.6558789973496459,28.169745000923285,0.23267326732673266,303,0,0,30,0.9729166666666667,0
5.11838,2,0,0,0.0,28.60137300012866,0.6554259998665657,28.62775399989914,0.23190789473684215,304,0,0,31,0.9455645161290323,0
5.14713,2,0,0,0.0,28.724473999318434,0.6836009997641668,28.74958900065394,0.23114754098360657,305,0,0,31,0.9495967741935484,0
5.17584,2,0,0,0.0,28.677805999905104,0.6608440016862005,28.702587998850504,0.23039215686274506,306,0,0,31,0.9536290322580645,0
5.20449,2,0,0,0.0,28.61779099839623,0.6598140025744215,28.638100000534905,0.2296416938110749,307,0,0,31,0.9576612903225806,0
5.23291,2,0,0,0.0,28.39749100166955,0.6513779990200419,28.420582002581796,0.22889610389610393,308,0,0,31,0.9616935483870968,0
5.26152,2,0,0,0.0,28.582634000485996,0.6418689990823623,28.606280000531115,0.22815533980582525,309,0,0,31,0.9657258064516129,0
5.29021,2,0,0,0.0,28.660970001510577,0.6629739982599858,28.688135000265902,0.22741935483870968,310,0,0,11,0.9659090909090909,0
5.31589,1,0,0,0.0,25.64662299846532,0.5184580004424788,25.67194500079495,0.0,170,0,0,11,0.9715909090909091,0
5.34094,1,0,0,0.0,25.0243180016696,0.7526460030931048,25.045801998203387,0.0,171,0,0,11,0.9772727272727273,0
5.36437,1,0,0,0.0,23.40647800156148,0.5616589987766929,23.427812000591075,0.0,172,0,0,11,0.9829545454545454,0
5.38786,1,0,0,0.0,23.46260700142011,0.5259450008452404,23.4813809984189,0.0,173,0,0,11,0.9886363636363636,0
5.41118,1,0,0,0.0,23.29910000116797,0.5253259987512138,23.32123400265118,0.0,174,0,0,11,0.9943181818181818,0
5.4348,1,0,0,0.0,23.591935001604725,0.5301800010784063,23.61346500038053,0.0,175,0,0,11,1.0,0
5.45826,1,0,0,0.0,23.439548000169452,0.5324130033841357,23.46336600021459,0.0,176,0,0,12,0.921875,0
5.48169,1,0,0,0.0,23.394289000862045,0.5297759998939,23.416781001287745,0.0,177,0,0,12,0.9270833333333334,0
5.5055,1,0,0,0.0,23.79089499663678,0.5413860017142724,23.812072999135125,0.0,178,0,0,12,0.9322916666666666,0
5.52884,1,0,0,0.0,23.31585100182565,0.5292330024531111,23.33628599808435,0.0,179,0,0,12,0.9375,0
5.55203,1,0,0,0.0,23.160902001109207,0.5264259998511989,23.18067499800236,0.0,180,0,0,12,0.9427083333333334,0
5.57596,1,0,0,0.0,23.907647999294568,0.5372970008465927,23.928781996801263,0.0,181,0,0,12,0.9479166666666666,0
5.59942,1,0,0,0.0,23.439357999450294,0.5527890025405213,23.4578160016099,0.0,182,0,0,12,0.953125,0
5.62268,1,0,0,0.0,23.226568999234587,0.5254819989204407,23.246374999871477,0.0,183,0,0,12,0.9583333333333334,0
5.64636,1,0,0,0.0,23.658836998947663,0.5366580007830635,23.682384999119677,0.0,184,0,0,12,0.9635416666666666,0
5.67001,1,0,0,0.0,23.621855998499086,0.5503390020749066,23.645588000363205,0.0,185,0,0,12,0.96875,0
5.6938,1,0,0,0.0,23.749002000840846,0.5731450000894256,23.775527999532642,0.0,186,0,0,0,0.0,0
6.49354,1,1,146,25.750803997652838,23.630363000847865,0.5365459983295295,49.43583400017815,0.0,146,0,0,10,0.91875,0
6.51704,1,0,0,0.0,23.472105000109877,0.57515099979355,23.495350000303006,0.0,147,0,0,10,0.925,0
6.54025,1,0,0,0.0,23.183735000202432,0.521802001458127,23.20552899982431,0.0,148,0,0,10,0.93125,0
6.56334,1,0,0,0.0,23.065212000801694,0.5055039982835297,23.08597500086762,0.0,149,0,0,10,0.9375,0
6.58663,1,0,0,0.0,23.266519001481356,0.5102249997435138,23.28896499966504,0.0,150,0,0,10,0.94375,0
6.60988,1,0,0,0.0,23.221240000566468,0.5416319982032292,23.241889000928495,0.0,151,0,0,10,0.95,0
6.63284,1,0,0,0.0,22.9238419997273,0.522075999469962,22.952571998757776,0.0,152,0,0,10,0.95625,0
6.6559,1,0,0,0.0,23.033569999824977,0.5091809980513062,23.05452300061006,0.0,153,0,0,10,0.9625,0
6.67897,1,0,0,0.0,23.052535998431267,0.5375699984142557,23.072088002663804,0.0,154,0,0,10,0.96875,0
6.70216,1,0,0,0.0,23.166226001194445,0.5130289973749314,23.18424400073127,0.0,155,0,0,10,0.975,0
6.72517,1,0,0,0.0,22.991948000708362,0.4855799998040311,23.012191002635518,0.0,156,0,0,10,0.98125,0
6.74826,1,0,0,0.0,23.057812999468297,0.5047579979873262,23.08135199928074,0.0,157,0,0,10,0.9875,0
6.77135,1,0,0,0.0,23.061435000272468,0.5107169999973848,23.084186999767553,0.0,158,0,0,10,0.99375,0
6.79483,1,0,0,0.0,23.45504899858497,0.5156009974598419,23.47424899926409,0.0,159,0,0,10,1.0,0
6.81843,1,0,0,0.0,23.575566003273707,0.5290199987939559,23.600455999257974,0.0,160,0,0,11,0.9147727272727273,0
6.84173,1,0,0,0.0,23.274842998944223,0.5364440003177151,23.296725998079637,0.0,161,0,0,11,0.9204545454545454,0
6.8649,1,0,0,0.0,23.14068700070493,0.5399760011641774,23.16272600000957,0.0,162,0,0,11,0.9261363636363636,0
6.88832,1,0,0,0.0,23.392408998915926,0.536023002496222,23.415507002937375,0.0,163,0,0,11,0.9318181818181818,0
6.91167,1,0,0,0.0,23.32528400074807,0.5510090013558511,23.345573998085456,0.0,164,0,0,11,0.9375,0
6.93484,1,0,0,0.0,23.14815900172107,0.5503200009115972,23.169107000285294,0.0,165,0,0,11,0.9431818181818182,0
6.95806,1,0,0,0.0,23.187648999737576,0.5363609998312313,23.20981299999403,0.0,166,0,0,11,0.9488636363636364,0
6.98139,1,0,0,0.0,23.297173000173643,0.5308489999151789,23.332688000664348,0.0,167,0,0,11,0.9545454545454546,0
7.00449,1,0,0,0.0,23.0697480001254,0.5188169998291414,23.088376998202875,0.0,168,0,0,11,0.9602272727272727,0
7.02757,1,0,0,0.0,23.05827800228144,0.5105059972265735,23.078051002812572,0.0,169,0,0,11,0.9659090909090909,0
7.05075,1,0,0,0.0,23.153614001785172,0.5347000005713198,23.175577000074554,0.0,170,0,0,11,0.9715909090909091,0
7.07388,1,0,0,0.0,23.104191001039,0.552083998627495,23.126428997784387,0.0,171,0,0,11,0.9772727272727273,0
7.09704,1,0,0,0.0,23.13509099985822,0.5289420005283318,23.153329999331618,0.0,172,0,0,11,0.9829545454545454,0
7.12026,1,0,0,0.0,23.192511001980165,0.505905001773499,23.21426500202506,0.0,173,0,0,11,0.9886363636363636,0
7.14345,1,0,0,0.0,23.16688100108877,0.5424990013125353,23.189685001852922,0.0,174,0,0,11,0.9943181818181818,0
7.1676,1,0,0,0.0,24.120074001984904,0.5405090014392044,24.141890000464628,0.0,175,0,0,11,1.0,0
7.19129,1,0,0,0.0,23.659162001422374,0.5609719992207829,23.681421000219416,0.0,176,0,0,12,0.921875,0
7.2146,1,0,0,0.0,23.29231500334572,0.5421649984782562,23.313827001402387,0.0,177,0,0,12,0.9270833333333334,0
7.23787,1,0,0,0.0,23.23815099953208,0.5400090012699366,23.25828600078239,0.0,178,0,0,12,0.9322916666666666,0
7.26116,1,0,0,0.0,23.266676998900948,0.533779999386752,23.288864002097398,0.0,179,0,0,12,0.9375,0
7.28459,1,0,0,0.0,23.411713998939376,0.5327869985194411,23.434474001987837,0.0,180,0,0,12,0.9427083333333334,0
7.30791,1,0,0,0.0,23.286653002287494,0.5482779997691978,23.30554500076687,0.0,181,0,0,12,0.9479166666666666,0
7.33118,1,0,0,0.0,23.250686997926096,0.532559999555815,23.272047001228202,0.0,182,0,0,12,0.953125,0
7.35456,1,0,0,0.0,23.34907799740904,0.5171070006326772,23.371757997665554,0.0,183,0,0,12,0.9583333333333334,0
7.37789,1,0,0,0.0,23.30649899886339,0.553149999177549,23.326798000198323,0.0,184,0,0,12,0.9635416666666666,0
7.40129,1,0,0,0.0,23.3764330005215,0.525045001268154,23.39585099980468,0.0,185,0,0,12,0.96875,0
7.4249,1,0,0,0.0,23.584275997563964,0.5304389997036196,23.607406001247,0.0,186,0,0,12,0.9739583333333334,0
7.44838,1,0,0,0.0,23.449563999747625,0.5685039977834094,23.472794997360324,0.0,187,0,0,12,0.9791666666666666,0
7.4716,1,0,0,0.0,23.196084999653976,0.5431370009318925,23.21781600039685,0.0,188,0,0,12,0.984375,0
7.49502,1,0,0,0.0,23.398303001158638,0.5512130010174587,23.41832000092836,0.0,189,0,0,12,0.9895833333333334,0
7.51877,1,0,0,0.0,23.719510001683375,0.5467359987960663,23.74318699730793,0.0,190,0,0,12,0.9947916666666666,0
7.54229,1,0,0,0.0,23.490318999392912,0.5694110004696995,23.512940999353305,0.0,191,0,0,12,1.0,0
7.56562,1,0,0,0.0,23.3085369982291,0.5364190001273528,23.331837997830007,0.0,192,0,0,13,0.9278846153846154,0
7.58904,1,0,0,0.0,23.38963900183444,0.5441489993245341,23.41221700044116,0.0,193,0,0,13,0.9326923076923077,0
7.61272,1,0,0,0.0,23.650306000490673,0.5411460006143898,23.671921000641305,0.0,194,0,0,13,0.9375,0
7.63598,1,0,0,0.0,23.238860001583816,0.558529998670565,23.260811001819093,0.0,195,0,0,13,0.9423076923076923,0
7.65924,1,0,0,0.0,23.236445002112305,0.539879001735244,23.25791900148033,0.0,196,0,0,13,0.9471153846153846,0
7.68262,1,0,0,0.0,23.354749999271007,0.5570549983531237,23.37598400117713,0.0,197,0,0,13,0.9519230769230769,0
7.70593,1,0,0,0.0,23.285851002583513,0.5448629999591503,23.304605998418992,0.0,198,0,0,13,0.9567307692307693,0
7.72922,1,0,0,0.0,23.263082999619655,0.5295920018397737,23.283536000235472,0.0,199,0,0,13,0.9615384615384616,0
7.75281,1,0,0,0.0,23.56340000187629,0.5350169994926546,23.587427000165917,0.0,200,0,0,13,0.9663461538461539,0
7.77629,1,0,0,0.0,23.44976699896506,0.5793119998998009,23.473771998396842,0.0,201,0,0,13,0.9711538461538461,0
7.79996,1,0,0,0.0,23.63946399782435,0.5367030025809072,23.660300001211,0.0,202,0,0,13,0.9759615384615384,0
7.85273,2,1,207,24.653648997627897,28.076384998712456,0.6451400004152674,52.77903000023798,0.009661835748792313,207,0,0,26,0.9903846153846154,0
7.88122,2,0,0,0.0,28.444651998142945,0.6367880014295224,28.470680997997988,0.009615384615384581,208,0,0,27,0.9583333333333334,0
7.90987,2,0,0,0.0,28.62145999824861,0.6097920013417024,28.64288800265058,0.009569377990430672,209,0,0,27,0.9629629629629629,0
7.93823,2,0,0,0.0,28.340718999970704,0.6466160011768807,28.36225500141154,0.00952380952380949,210,0,0,27,0.9675925925925926,0
7.96681,2,0,0,0.0,28.545468998345314,0.6156140007078648,28.570767997734947,0.009478672985781977,211,0,0,27,0.9722222222222222,0
7.99591,2,0,0,0.0,29.072179000650067,0.7139190020097885,29.09780800109729,0.009433962264150941,212,0,0,28,0.9419642857142857,0
8.02484,2,0,0,0.0,28.904475999297574,0.6456910014094319,28.92901299856021,0.009389671361502372,213,0,0,28,0.9464285714285714,0
8.05355,2,0,0,0.0,28.676460002316162,0.6461560005845968,28.70063899899833,0.009345794392523366,214,0,0,28,0.9508928571428571,0
8.08152,2,0,0,0.0,27.93978100089589,0.6541080001625232,27.963969001575606,0.009302325581395321,215,0,0,28,0.9553571428571429,0
8.11038,2,0,0,0.0,28.833907999796793,0.6392180002876557,28.858443998615257,0.0092592592592593,216,0,0,28,0.9598214285714286,0
8.13938,2,0,0,0.0,28.975244997127447,0.653582999802893,29.000649999943562,0.009216589861751112,217,0,0,28,0.9642857142857143,0
8.16828,2,0,0,0.0,28.87050700155669,0.6968720008444507,28.895993000332965,0.00917431192660545,218,0,0,28,0.96875,0
8.19728,2,0,0,0.0,28.968827999051427,0.6612809993384872,28.99166899806005,0.0091324200913242,219,0,0,28,0.9732142857142857,0
8.22624,2,0,0,0.0,28.934122001373908,0.6644360000791494,28.958612001588335,0.009090909090909038,220,0,0,28,0.9776785714285714,0
8.2549,2,0,0,0.0,28.632120000111172,0.6446510014939122,28.656043999944814,0.009049773755656076,221,0,0,28,0.9821428571428571,0
8.28366,2,0,0,0.0,28.72663800008013,0.6482550015789457,28.74973999860231,0.009009009009009028,222,0,0,28,0.9866071428571429,0
8.31178,2,0,0,0.0,28.09881699795369,0.65354799880879,28.11956200093846,0.008968609865470878,223,0,0,28,0.9910714285714286,0
8.34028,2,0,0,0.0,28.465694002079545,0.6314279999060091,28.49095999772544,0.008928571428571397,224,0,0,29,0.9612068965517241,0
8.36903,2,0,0,0.0,28.72461600054521,0.6431580004573334,28.749023997079348,0.008888888888888835,225,0,0,29,0.9655172413793104,0
8.39785,2,0,0,0.0,28.790176002075896,0.6525690005219076,28.811337000661297,0.008849557522123908,226,0,0,29,0.9698275862068966,0
8.42637,2,0,0,0.0,28.490576001786394,0.6696609998471104,28.51380100037204,0.008810572687224627,227,0,0,29,0.9741379310344828,0
8.45482,2,0,0,0.0,28.42435300044599,0.6289399971137755,28.451886999391718,0.00877192982456143,228,0,0,30,0.9458333333333333,0
8.48327,2,0,0,0.0,28.417184999852907,0.6560709989571478,28.441154998290585,0.008733624454148492,229,0,0,30,0.95,0
8.51212,2,0,0,0.0,28.82224200220662,0.6524210002680775,28.84765300041181,0.008695652173912993,230,0,0,30,0.9541666666666667,0
8.54003,2,0,0,0.0,27.88466199854156,0.6476269991253503,27.90836600252078,0.008658008658008698,231,0,0,30,0.9583333333333334,0
8.56872,2,0,0,0.0,28.663085999141913,0.684733000525739,28.686980997008504,0.008620689655172376,232,0,0,30,0.9625,0
8.59746,2,0,0,0.0,28.699649999907706,0.6570609984919429,28.73041199927684,0.008583690987124415,233,0,0,30,0.9666666666666667,0
8.6262,2,0,0,0.0,28.714411000692053,0.6672790004813578,28.738617002090905,0.008547008547008517,234,0,0,30,0.9708333333333333,0
8.65469,2,0,0,0.0,28.459231998567702,0.6544499992742203,28.483663001679815,0.008510638297872353,235,0,0,30,0.975,0
8.68318,2,0,0,0.0,28.464508999604732,0.6570219993591309,28.489088999776868,0.008474576271186418,236,0,0,30,0.9791666666666666,0
8.71237,2,0,0,0.0,29.1537499979313,0.6424229977710638,29.17844599869568,0.008438818565400852,237,0,0,30,0.9833333333333333,0
8.7411,2,0,0,0.0,28.705461998470128,0.6573360005859286,28.72934400147642,0.008403361344537785,238,0,0,30,0.9875,0
8.76894,2,0,0,0.0,27.809367998997914,0.6479330004367512,27.833021002152236,0.008368200836820106,239,0,0,30,0.9916666666666667,0
8.79761,2,0,0,0.0,28.641663000598783,0.6612290017073974,28.664370001934003,0.008333333333333304,240,0,0,31,0.9637096774193549,0
8.82587,2,0,0,0.0,28.233676002855645,0.6476870003098156,28.254288001335226,0.008298755186721962,241,0,0,31,0.967741935483871,0
8.85449,2,0,0,0.0,28.588532000867417,0.6485500016424339,28.612165002414258,0.008264462809917328,242,0,0,31,0.9717741935483871,0
8.88302,2,0,0,0.0,28.49758299998939,0.66548099857755,28.5202080012823,0.008230452674897082,243,0,0,31,0.9758064516129032,0
8.91149,2,0,0,0.0,28.44811500108335,0.6415829993784428,28.473022000980563,0.008196721311475419,244,0,0,32,0.94921875,0
8.93996,2,0,0,0.0,28.44018799805781,0.6603219990211073,28.46460300133913,0.008163265306122436,245,0,0,32,0.953125,0
8.96841,2,0,0,0.0,28.424465999705717,0.6498809998447541,28.44675799860852,0.008130081300813052,246,0,0,32,0.95703125,0
8.99618,2,0,0,0.0,27.73904700006824,0.6544939969899133,27.760024000599515,0.0080971659919028,247,0,0,32,0.9609375,0
9.02462,2,0,0,0.0,28.411892999429256,0.7056110007397365,28.432942999643274,0.008064516129032251,248,0,0,32,0.96484375,0
9.05287,2,0,0,0.0,28.22514099898399,0.6470509979408234,28.24664700165158,0.008032128514056214,249,0,0,32,0.96875,0
9.08139,2,0,0,0.0,28.499170002760366,0.6827180004620459,28.521873002318898,0.008000000000000007,250,0,0,32,0.97265625,0
9.10986,2,0,0,0.0,28.438449000532273,0.6347179987642448,28.458714001317276,0.007968127490039834,251,0,0,32,0.9765625,0
9.13836,2,0,0,0.0,28.478814998379676,0.65366699709557,28.50237800157629,0.007936507936507908,252,0,0,32,0.98046875,0
9.16704,2,0,0,0.0,28.647734001424396,0.6562810012837872,28.671977001067717,0.007905138339920903,253,0,0,32,0.984375,0
9.19532,2,0,0,0.0,28.255977002118016,0.6485760022769682,28.27849500317825,0.007874015748031482,254,0,0,32,0.98828125,0
9.22329,2,0,0,0.0,27.944319001107942,0.6343889981508255,27.967721998720663,0.007843137254901933,255,0,0,32,0.9921875,0
9.25201,2,0,0,0.0,28.69051900052,0.6548290002683643,28.71659900119994,0.0078125,256,0,0,33,0.9659090909090909,0
9.28043,2,0,0,0.0,28.395180001098197,0.660793997667497,28.41695800088928,0.0077821011673151474,257,0,0,33,0.9696969696969697,0
9.309,2,0,0,0.0,28.54252000179258,0.6404330015357118,28.56380299999728,0.007751937984496138,258,0,0,33,0.9734848484848485,0
9.36186,3,1,228,24.35515399702126,28.448904002289055,0.7447419993695803,52.84788500284776,0.04504504504504503,259,0,0,48,0.9700520833333334,0
9.39042,3,0,0,0.0,28.535028999613132,0.7256969984155148,28.56148900173139,0.04487179487179482,260,0,0,49,0.9540816326530612,0
9.41935,3,0,0,0.0,28.89800000048126,0.7565149971924257,28.922227000293788,0.04469987228607919,261,0,0,49,0.9579081632653061,0
9.44802,3,0,0,0.0,28.641386998060625,0.7812670010025613,28.664948997175088,0.04452926208651398,262,0,0,49,0.9617346938775511,0
9.47613,3,0,0,0.0,28.0839350016322,0.767174999054987,28.10675699947751,0.04435994930291509,263,0,0,49,0.9655612244897959,0
9.50486,3,0,0,0.0,28.705714001262095,0.7362670003203675,28.727231998345815,0.04419191919191923,264,0,0,49,0.9693877551020408,0
9.53356,3,0,0,0.0,28.677735001110705,0.7450049997714814,28.700832001050003,0.04402515723270439,265,0,0,49,0.9732142857142857,0
9.56247,3,0,0,0.0,28.8812719991256,0.7725190007477067,28.90504099923419,0.04385964912280704,266,0,0,49,0.9770408163265306,0
9.59125,3,0,0,0.0,28.754648999893107,0.7713200029684231,28.777368999726605,0.043695380774032455,267,0,0,49,0.9808673469387755,0
9.62031,3,0,0,0.0,29.019251000136137,0.7498589984606951,29.05276100136689,0.04353233830845771,268,0,0,32,0.982421875,0
9.64888,2,0,0,0.0,28.536985999380704,0.6544080024468713,28.560471000673715,0.05094339622641508,265,0,0,32,0.986328125,0
9.6773,2,0,0,0.0,28.391605999786407,0.6655650031461846,28.418760000931798,0.050751879699248104,266,0,0,15,1.0,0
9.7008,1,0,0,0.0,23.474827001336962,0.5309309999574907,23.49771399894962,0.0,240,0,0,16,0.94140625,0
9.72421,1,0,0,0.0,23.387447999994038,0.5573190028371755,23.408245000609895,0.0,241,0,0,16,0.9453125,0
9.74733,1,0,0,0.0,23.093487001460744,0.5400940026447643,23.114191000786377,0.0,242,0,0,16,0.94921875,0
9.77062,1,0,0,0.0,23.26126699699671,0.5405119991337415,23.28375000070082,0.0,243,0,0,16,0.953125,0
9.79414,1,0,0,0.0,23.4978759981459,0.574270001379773,23.520541999459965,0.0,244,0,0,16,0.95703125,0
9.8178,1,0,0,0.0,23.630715000763303,0.5398559987952467,23.654753000300843,0.0,245,0,0,16,0.9609375,0
9.84145,1,0,0,0.0,23.618482999154367,0.5984480012557469,23.642944001039723,0.0,246,0,0,16,0.96484375,0
9.86527,1,0,0,0.0,23.78962700095144,0.5806870030937716,23.813419000362046,0.0,247,0,0,16,0.96875,0
9.88887,1,0,0,0.0,23.570681998535292,0.58151600023848,23.594172002049163,0.0,248,0,0,16,0.97265625,0
9.91256,1,0,0,0.0,23.66669899856788,0.5742829998780508,23.68908499920508,0.0,249,0,0,16,0.9765625,0
9.93629,1,0,0,0.0,23.69697800168069,0.5922200034547132,23.724889997538412,0.0,250,0,0,16,0.98046875,0
9.95994,1,0,0,0.0,23.614231002284214,0.5979670022497885,23.638515998754883,0.0,251,0,0,16,0.984375,0
9.98363,1,0,0,0.0,23.665552002057666,0.579080999159487,23.689593999733916,0.0,252,0,0,16,0.98828125,0
10.00741,1,0,0,0.0,23.748738996800967,0.5825209991598967,23.77025999885518,0.0,253,0,0,16,0.9921875,0
10.03123,1,0,0,0.0,23.800982999091502,0.5923930002609268,23.825113999919267,0.0,254,0,0,16,0.99609375,0
10.05486,1,0,0,0.0,23.600925000209827,0.5740289998357184,23.624942001333693,0.0,255,0,0,16,1.0,0
10.07879,1,0,0,0.0,23.897957002191106,0.5890700012969319,23.924629000248387,0.0,256,0,0,17,0.9448529411764706,0
10.10283,1,0,0,0.0,24.002823996852385,0.5910199979552999,24.024791000556434,0.0,257,0,0,17,0.9485294117647058,0
10.1267,1,0,0,0.0,23.843933999160072,0.5823749997944105,23.867410000093514,0.0,258,0,0,17,0.9522058823529411,0
10.15071,1,0,0,0.0,23.98690399786574,0.6073160002415534,24.010334000195144,0.0,259,0,0,17,0.9558823529411765,0
10.17465,1,0,0,0.0,23.908445000415668,0.6013179990986828,23.9321299995936,0.0,260,0,0,17,0.9595588235294118,0
10.19851,1,0,0,0.0,23.841253998398315,0.5994339990138542,23.864714999945136,0.0,261,0,0,17,0.9632352941176471,0
10.22262,1,0,0,0.0,24.0748780015565,0.6019210013619158,24.098762001813157,0.0,262,0,0,17,0.9669117647058824,0
10.24671,1,0,0,0.0,24.05947099759942,0.6010610013618134,24.084610002319096,0.0,263,0,0,17,0.9705882352941176,0
10.27059,1,0,0,0.0,23.850591001973953,0.6094549971749075,23.873669000749942,0.0,264,0,0,17,0.9742647058823529,0
10.29443,1,0,0,0.0,23.81527300167363,0.6015599974489305,23.84019700184581,0.0,265,0,0,17,0.9779411764705882,0
10.31889,1,0,0,0.0,24.431519999779994,0.5834900002810173,24.455382997984998,0.0,266,0,0,17,0.9816176470588235,0
10.34299,1,0,0,0.0,24.074270997516578,0.5967209981463384,24.098952002532315,0.0,267,0,0,17,0.9852941176470589,0
10.36691,1,0,0,0.0,23.89203699931386,0.5967030010651797,23.91628000259516,0.0,268,0,0,17,0.9889705882352942,0
10.39094,1,0,0,0.0,23.999997996725142,0.6002109985274728,24.02317200176185,0.0,269,0,0,17,0.9926470588235294,0
10.41521,1,0,0,0.0,24.24255100049777,0.5894940004509408,24.26642600039486,0.0,270,0,0,17,0.9963235294117647,0
10.43942,1,0,0,0.0,24.176292998163262,0.5864669983566273,24.19924599962542,0.0,271,0,0,17,1.0,0
10.46347,1,0,0,0.0,24.018345000513364,0.6364849978126585,24.046185000770492,0.0,272,0,0,18,0.9479166666666666,0
10.48748,1,0,0,0.0,23.986119998880895,0.5973740007902961,24.009174998354865,0.0,273,0,0,18,0.9513888888888888,0
10.51165,1,0,0,0.0,24.14296400093008,0.5996920008328743,24.165405000530882,0.0,274,0,0,18,0.9548611111111112,0
10.53545,1,0,0,0.0,23.77452600194374,0.6149929977254942,23.796622997906525,0.0,275,0,0,18,0.9583333333333334,0
10.55924,1,0,0,0.0,23.75542099980521,0.5681080001522787,23.779009003192186,0.0,276,0,0,18,0.9618055555555556,0
10.58303,1,0,0,0.0,23.767766000673873,0.5961440001556184,23.789227998349816,0.0,277,0,0,18,0.9652777777777778,0
10.60685,1,0,0,0.0,23.796639001375297,0.5758259976573754,23.816658998839557,0.0,278,0,0,18,0.96875,0
10.63064,1,0,0,0.0,23.756702001264784,0.5882690020371228,23.779930001182947,0.0,279,0,0,18,0.9722222222222222,0
10.65456,1,0,0,0.0,23.892851000709925,0.5887180013814941,23.915636997116962,0.0,280,0,0,18,0.9756944444444444,0
10.67822,1,0,0,0.0,23.637382000742946,0.593609998759348,23.65949900195119,0.0,281,0,0,18,0.9791666666666666,0
10.70201,1,0,0,0.0,23.761725999065675,0.5677949993696529,23.781603002134943,0.0,282,0,0,18,0.9826388888888888,0
10.72594,1,0,0,0.0,23.90404300240334,0.5773150005552452,23.927641999762272,0.0,283,0,0,18,0.9861111111111112,0
10.7496,1,0,0,0.0,23.631732998182997,0.5865389975951985,23.653144999116194,0.0,284,0,0,18,0.9895833333333334,0
10.77318,1,0,0,0.0,23.561137000797316,0.5852550020790659,23.583193000376923,0.0,285,0,0,18,0.9930555555555556,0
10.79676,1,0,0,0.0,23.555022999062203,0.5635719971905928,23.57732800010126,0.0,286,0,0,18,0.9965277777777778,0
10.8208,1,0,0,0.0,24.009402997762663,0.5805500004498754,24.030944998230552,0.0,287,0,0,18,1.0,0
10.84459,1,0,0,0.0,23.759693001920823,0.587775997701101,23.785526002029656,0.0,288,0,0,19,0.9506578947368421,0
10.8684,1,0,0,0.0,23.78000200042152,0.607374997343868,23.80383099807659,0.0,289,0,0,19,0.9539473684210527,0
10.8923,1,0,0,0.0,23.878584001067793,0.5834969997522421,23.902238997834502,0.0,290,0,0,19,0.9572368421052632,0
10.91621,1,0,0,0.0,23.879546999523882,0.5788460002804641,23.899783001979813,0.0,291,0,0,19,0.9605263157894737,0
10.9399,1,0,0,0.0,23.66598299704492,0.5715119987144135,23.687193002842832,0.0,292,0,0,19,0.9638157894736842,0
10.96371,1,0,0,0.0,23.779433002346195,0.5826039996463805,23.802568000974134,0.0,293,0,0,19,0.9671052631578947,0
10.98754,1,0,0,0.0,23.808875001122942,0.6107420012995135,23.831163998693228,0.0,294,0,0,19,0.9703947368421053,0
11.01141,1,0,0,0.0,23.84050799810211,0.601956999162212,23.860602999775438,0.0,295,0,0,19,0.9736842105263158,0
11.0351,1,0,0,0.0,23.667493998800637,0.5866419996891636,23.690490001172293,0.0,296,0,0,19,0.9769736842105263,0
11.05892,1,0,0,0.0,23.790754999936325,0.5848469991178717,23.815204000129597,0.0,297,0,0,19,0.9802631578947368,0
11.08284,1,0,0,0.0,23.894603000371717,0.611672003287822,23.9177830007975,0.0,298,0,0,19,0.9835526315789473,0
11.10677,1,0,0,0.0,23.89399399908143,0.6048470022506081,23.915198999020504,0.0,299,0,0,19,0.9868421052631579,0
11.1305,1,0,0,0.0,23.713140999461757,0.6002709997119382,23.736326998914592,0.0,300,0,0,19,0.9901315789473685,0
11.15425,1,0,0,0.0,23.717136999039212,0.5914809989917558,23.74008700280683,0.0,301,0,0,19,0.993421052631579,0
11.17806,1,0,0,0.0,23.787726000591647,0.5817759993078653,23.827369997889036,0.0,302,0,0,19,0.9967105263157895,0
11.20219,1,0,0,0.0,24.081608000415144,0.5878500014659949,24.105210999550764,0.0,303,0,0,19,1.0,0
11.22616,1,0,0,0.0,23.936149998917244,0.6006340008752886,23.961037000844954,0.0,304,0,0,20,0.953125,0
11.24993,1,0,0,0.0,23.747596998873632,0.5901940021431074,23.770758998580277,0.0,305,0,0,20,0.95625,0
11.27367,1,0,0,0.0,23.708321001322474,0.594786000874592,23.730834996968042,0.0,306,0,0,20,0.959375,0
11.29758,1,0,0,0.0,23.883074998593656,0.6070439994800836,23.90584099703119,0.0,307,0,0,20,0.9625,0
11.32147,1,0,0,0.0,23.860302000684896,0.6097149998822715,23.881313001766102,0.0,308,0,0,20,0.965625,0
11.34506,1,0,0,0.0,23.566206997202244,0.572823999391403,23.586975999933202,0.0,309,0,0,20,0.96875,0
11.36877,1,0,0,0.0,23.675999000261072,0.5626880010822788,23.714622999250423,0.0,310,0,0,20,0.971875,0
11.39252,1,0,0,0.0,23.71604899963131,0.5856679999851622,23.738792002404807,0.0,311,0,0,20,0.975,0
11.41661,1,0,0,0.0,24.065118999715196,0.5998819979140535,24.0884630002256,0.0,312,0,0,20,0.978125,0
11.44063,1,0,0,0.0,23.99433800019324,0.6075439996493515,24.017429001105484,0.0,313,0,0,20,0.98125,0
11.46441,1,0,0,0.0,23.751120002998505,0.6011890000081621,23.773192999215098,0.0,314,0,0,20,0.984375,0
11.48789,1,0,0,0.0,23.451639000995783,0.5654810011037625,23.472676999517716,0.0,315,0,0,20,0.9875,0
11.51161,1,0,0,0.0,23.695691001194064,0.5721000015910249,23.716394996881718,0.0,316,0,0,20,0.990625,0
11.53514,1,0,0,0.0,23.501929001213284,0.5819370016979519,23.523060997831635,0.0,317,0,0,20,0.99375,0
11.55872,1,0,0,0.0,23.558356002467917,0.5537210017791949,23.579534001328284,0.0,318,0,0,20,0.996875,0
11.58277,1,0,0,0.0,24.026073999266373,0.5954260013822932,24.047832997894147,0.0,319,0,0,20,1.0,0
11.60646,1,0,0,0.0,23.665824002819136,0.5699089997506235,23.686089996772353,0.0,320,0,0,21,0.9553571428571429,0
11.63021,1,0,0,0.0,23.72178299992811,0.5593770001723897,23.74420799969812,0.0,321,0,0,21,0.9583333333333334,0
11.65391,1,0,0,0.0,23.67033400150831,0.584035999054322,23.69190600074944,0.0,322,0,0,21,0.9613095238095238,0
11.67754,1,0,0,0.0,23.611192998941988,0.5854440023540519,23.631594998732908,0.0,323,0,0,21,0.9642857142857143,0
11.70119,1,0,0,0.0,23.617361999640707,0.5838460019731428,23.639171999093378,0.0,324,0,0,21,0.9672619047619048,0
11.72487,1,0,0,0.0,23.658435999095673,0.5740739979955833,23.677335000684252,0.0,325,0,0,21,0.9702380952380952,0
11.74843,1,0,0,0.0,23.53469599984237,0.5675319989677519,23.554139999760082,0.0,326,0,0,21,0.9732142857142857,0
11.77184,1,0,0,0.0,23.39042700259597,0.5614969995804131,23.409362001984846,0.0,327,0,0,21,0.9761904761904762,0
11.79528,1,0,0,0.0,23.411742997268448,0.5641930001729634,23.429406002833275,0.0,328,0,0,21,0.9791666666666666,0
11.81884,1,0,0,0.0,23.541696999018313,0.5494309989444446,23.559604000183754,0.0,329,0,0,21,0.9821428571428571,0
11.84245,1,0,0,0.0,23.59230499860132,0.569124000321608,23.6129679979058,0.0,330,0,0,21,0.9851190476190477,0
11.86619,1,0,0,0.0,23.711402998742415,0.5753510013164487,23.731129000225337,0.0,331,0,0,21,0.9880952380952381,0
11.88979,1,0,0,0.0,23.57766700151842,0.5727749994548503,23.5984639984963,0.0,332,0,0,21,0.9910714285714286,0
11.91335,1,0,0,0.0,23.535161999461707,0.5708569988200907,23.55249299944262,0.0,333,0,0,21,0.9940476190476191,0
11.93694,1,0,0,0.0,23.571216999698663,0.5519740007002838,23.590356999193318,0.0,334,0,0,21,0.9970238095238095,0
11.96064,1,0,0,0.0,23.675862001255155,0.579309999011457,23.695632997259963,0.0,335,0,0,21,1.0,0
11.98428,1,0,0,0.0,23.61185299741919,0.5817509991175029,23.63278899792931,0.0,336,0,0,22,0.9573863636363636,0
12.00787,1,0,0,0.0,23.56289000090328,0.5529980007850099,23.57962199675967,0.0,337,0,0,22,0.9602272727272727,0
12.03129,1,0,0,0.0,23.401359001582023,0.5626519996440038,23.418672997649992,0.0,338,0,0,22,0.9630681818181818,0
12.05473,1,0,0,0.0,23.410769998008618,0.547045001439983,23.43578199725016,0.0,339,0,0,0,0.0,0
14.98472,1,1,174,26.013511000201106,23.245460997713963,0.5337379989214242,49.315252999804216,0.0,174,0,0,11,0.9943181818181818,0
15.00789,1,0,0,0.0,23.14288599882275,0.5505349981831387,23.165589998825453,0.0,175,0,0,11,1.0,0
15.03128,1,0,0,0.0,23.35949400003301,0.5216680001467466,23.381774000881705,0.0,176,0,0,12,0.921875,0
15.05451,1,0,0,0.0,23.205143999803113,0.5025999998906627,23.225666998769157,0.0,177,0,0,12,0.9270833333333334,0
15.07771,1,0,0,0.0,23.17759300058242,0.5144319984538015,23.19921700109262,0.0,178,0,0,12,0.9322916666666666,0
15.10085,1,0,0,0.0,23.10910600135685,0.542818997928407,23.1322799991176,0.0,179,0,0,12,0.9375,0
15.12417,1,0,0,0.0,23.296969000512036,0.533812002686318,23.317409999435768,0.0,180,0,0,12,0.9427083333333334,0
15.14744,1,0,0,0.0,23.23936700122431,0.5325439997250214,23.262030001205858,0.0,181,0,0,12,0.9479166666666666,0
15.17073,1,0,0,0.0,23.2673030004662,0.5353679989639204,23.29029700194951,0.0,182,0,0,12,0.953125,0
15.19386,1,0,0,0.0,23.10710200254107,0.5532710019906517,23.129705001338152,0.0,183,0,0,12,0.9583333333333334,0
15.21719,1,0,0,0.0,23.297332001675386,0.527565000083996,23.316080998483812,0.0,184,0,0,12,0.9635416666666666,0
15.24022,1,0,0,0.0,23.013081998215057,0.5091870007163379,23.03460599796381,0.0,185,0,0,12,0.96875,0
15.26351,1,0,0,0.0,23.265961001015967,0.5222720028541517,23.287984000489814,0.0,186,0,0,12,0.9739583333333334,0
15.28662,1,0,0,0.0,23.081676998117473,0.5505029985215515,23.103487998014316,0.0,187,0,0,12,0.9791666666666666,0
15.30967,1,0,0,0.0,23.017419000098016,0.5435130005935207,23.039380001137033,0.0,188,0,0,12,0.984375,0
15.33291,1,0,0,0.0,23.218689999339404,0.5503030006366316,23.239641999680316,0.0,189,0,0,12,0.9895833333333334,0
15.35616,1,0,0,0.0,23.220312999910675,0.5397139975684695,23.243225998157868,0.0,190,0,0,12,0.9947916666666666,0
15.3793,1,0,0,0.0,23.117066000850173,0.5308830004651099,23.139559998526238,0.0,191,0,0,12,1.0,0
15.40267,1,0,0,0.0,23.342151998804184,0.5509209986485075,23.366968998743687,0.0,192,0,0,13,0.9278846153846154,0
15.42655,1,0,0,0.0,23.845929001254262,0.5490850016940385,23.868259999289876,0.0,193,0,0,13,0.9326923076923077,0
15.45113,1,0,0,0.0,24.552939998102374,0.5713199971069116,24.579914002970327,0.0,194,0,0,13,0.9375,0
15.47493,1,0,0,0.0,23.775509998813504,0.5607480015896726,23.799329999746988,0.0,195,0,0,13,0.9423076923076923,0
15.49957,1,0,0,0.0,24.609205000160728,0.5594579997705296,24.632996999571333,0.0,196,0,0,13,0.9471153846153846,0
15.52377,1,0,0,0.0,24.168762000044808,0.5715629995393101,24.191563999920618,0.0,197,0,0,13,0.9519230769230769,0
15.54772,1,0,0,0.0,23.931255000206875,0.5777119986305479,23.95562900346704,0.0,198,0,0,13,0.9567307692307693,0
15.57187,1,0,0,0.0,24.11263400063035,0.5864459999429528,24.13484299904667,0.0,199,0,0,13,0.9615384615384616,0
15.59555,1,0,0,0.0,23.656422999920323,0.575760001083836,23.67840700026136,0.0,200,0,0,13,0.9663461538461539,0
15.61955,1,0,0,0.0,23.972770999534987,0.554213002033066,23.996252999495482,0.0,201,0,0,13,0.9711538461538461,0
15.64346,1,0,0,0.0,23.88562399937655,0.6030069998814724,23.90852700045798,0.0,202,0,0,13,0.9759615384615384,0
15.66747,1,0,0,0.0,23.978453999006888,0.5551520007429644,24.001522997423308,0.0,203,0,0,13,0.9807692307692307,0
15.69116,1,0,0,0.0,23.665174998313887,0.584762998187216,23.688458000833634,0.0,204,0,0,13,0.9855769230769231,0
15.71465,1,0,0,0.0,23.461218999727862,0.5387380006141029,23.484977999032708,0.0,205,0,0,13,0.9903846153846154,0
15.73859,1,0,0,0.0,23.909245999675477,0.5567949992837384,23.93179699720349,0.0,206,0,0,13,0.9951923076923077,0
15.76238,1,0,0,0.0,23.76856999762822,0.5830769987369422,23.790203002135968,0.0,207,0,0,13,1.0,0
15.78587,1,0,0,0.0,23.462400000425987,0.5373690000851639,23.4883519988216,0.0,208,0,0,14,0.9330357142857143,0
15.81365,1,0,0,0.0,27.748165997763863,0.5781380023108795,27.771531997132115,0.0,209,0,0,14,0.9375,0
15.84383,1,0,0,0.0,30.155626001942437,0.5626640013360884,30.178811997757293,0.0,210,0,0,14,0.9419642857142857,0
15.86704,1,0,0,0.0,23.175694997917162,0.5672900006175041,23.19992699995055,0.0,211,0,0,14,0.9464285714285714,0
15.89028,1,0,0,0.0,23.213749002024997,0.5556200012506451,23.237741999764694,0.0,212,0,0,14,0.9508928571428571,0
15.91335,1,0,0,0.0,23.040989002765855,0.5561180005315691,23.06522400249378,0.0,213,0,0,14,0.9553571428571429,0
15.93644,1,0,0,0.0,23.0680909990042,0.5345209974620957,23.088812002242776,0.0,214,0,0,14,0.9598214285714286,0
15.95948,1,0,0,0.0,23.013567999441875,0.5346440011635423,23.036069000227144,0.0,215,0,0,14,0.9642857142857143,0
15.98255,1,0,0,0.0,23.03975000177161,0.5826769993291236,23.0616459994053,0.0,216,0,0,14,0.96875,0
16.00562,1,0,0,0.0,23.048494000249775,0.553758000023663,23.07126999949105,0.0,217,0,0,14,0.9732142857142857,0
16.02872,1,0,0,0.0,23.071036997862393,0.5512620009540115,23.09168099964154,0.0,218,0,0,14,0.9776785714285714,0
16.05186,1,0,0,0.0,23.118641998735256,0.5348640006559435,23.139589000493288,0.0,219,0,0,14,0.9821428571428571,0
16.07535,1,0,0,0.0,23.45767799852183,0.563031997444341,23.481260999687947,0.0,220,0,0,14,0.9866071428571429,0
16.09869,1,0,0,0.0,23.321122000197647,0.5396190026658587,23.342238997429376,0.0,221,0,0,14,0.9910714285714286,0
16.12194,1,0,0,0.0,23.219012000481598,0.550062999536749,23.238299996592104,0.0,222,0,0,14,0.9955357142857143,0
16.14513,1,0,0,0.0,23.16743000119459,0.548190000699833,23.19109100062633,0.0,223,0,0,14,1.0,0
16.16841,1,0,0,0.0,23.245640000823187,0.5512459974852391,23.27072900152416,0.0,224,0,0,15,0.9375,0
16.19163,1,0,0,0.0,23.19743099724292,0.525008999829879,23.218670998176094,0.0,225,0,0,15,0.9416666666666667,0
16.21485,1,0,0,0.0,23.19914600229822,0.5521040002349764,23.222642001201166,0.0,226,0,0,15,0.9458333333333333,0
16.23831,1,0,0,0.0,23.42734699777793,0.562301000172738,23.448877000191715,0.0,227,0,0,15,0.95,0
16.26167,1,0,0,0.0,23.33524099958595,0.545750001037959,23.357049998594448,0.0,228,0,0,15,0.9541666666666667,0
16.28489,1,0,0,0.0,23.19172700299532,0.5637380018015392,23.213131000375142,0.0,229,0,0,15,0.9583333333333334,0
16.30828,1,0,0,0.0,23.36563499920885,0.5707020027330145,23.388200999761466,0.0,230,0,0,15,0.9625,0
16.3318,1,0,0,0.0,23.49145900006988,0.5456899998534936,23.510962000727886,0.0,231,0,0,15,0.9666666666666667,0
16.35478,1,0,0,0.0,22.958836998441257,0.5501439991348889,22.97961699878215,0.0,232,0,0,15,0.9708333333333333,0
16.37806,1,0,0,0.0,23.24837999913143,0.5490510011441074,23.271145000762772,0.0,233,0,0,15,0.975,0
16.40129,1,0,0,0.0,23.18566100075259,0.5486980007844977,23.208054997667205,0.0,234,0,0,15,0.9791666666666666,0
16.42478,1,0,0,0.0,23.46408100129338,0.5232600015006028,23.48566100044991,0.0,235,0,0,15,0.9833333333333333,0
16.44811,1,0,0,0.0,23.310395001317374,0.5758240004070103,23.334191002504667,0.0,236,0,0,15,0.9875,0
16.47149,1,0,0,0.0,23.35249399766326,0.5589659995166585,23.374698001134675,0.0,237,0,0,15,0.9916666666666667,0
16.49478,1,0,0,0.0,23.25632399879396,0.5669000020134263,23.277388001588406,0.0,238,0,0,15,0.9958333333333333,0
16.51811,1,0,0,0.0,23.307752999244258,0.5717300009564497,23.328961000515847,0.0,239,0,0,15,1.0,0
16.54155,1,0,0,0.0,23.416362000716617,0.5647920006595086,23.440695000317646,0.0,240,0,0,16,0.94140625,0
16.56475,1,0,0,0.0,23.16788399912184,0.5714760009141173,23.18970799751696,0.0,241,0,0,16,0.9453125,0
16.58785,1,0,0,0.0,23.08198499667924,0.5655499990098178,23.102657996787457,0.0,242,0,0,16,0.94921875,0
16.61117,1,0,0,0.0,23.29218099839636,0.5572359987127129,23.315121998166433,0.0,243,0,0,16,0.953125,0
16.63469,1,0,0,0.0,23.490149000281235,0.5636750029225368,23.510660997999366,0.0,244,0,0,16,0.95703125,0
16.6579,1,0,0,0.0,23.183665998658398,0.572977998672286,23.206147001474164,0.0,245,0,0,16,0.9609375,0
16.68123,1,0,0,0.0,23.29821199964499,0.5699600005755201,23.329291001573438,0.0,246,0,0,0,0.0,0
27.11049,1,1,98,26.90166600223165,32.67591199983144,0.5603460012935102,59.63740999868605,0.0,98,0,0,7,0.8839285714285714,0
27.14263,1,0,0,0.0,32.10356500130729,0.7191110016719904,32.132596999872476,0.0,99,0,0,7,0.8928571428571429,0
27.16738,1,0,0,0.0,24.723678001464577,0.7470620003005024,24.74774000074831,0.0,100,0,0,7,0.9017857142857143,0
27.19097,1,0,0,0.0,23.557222000818,0.5231520008237567,23.578807999001583,0.0,101,0,0,7,0.9107142857142857,0
27.21429,1,0,0,0.0,23.303063000639668,0.501366001117276,23.324196998146363,0.0,102,0,0,7,0.9196428571428571,0
27.23777,1,0,0,0.0,23.45436199902906,0.48721599887358025,23.476632999518188,0.0,103,0,0,7,0.9285714285714286,0
27.26143,1,0,0,0.0,23.630697000044165,0.5253390008874703,23.652438998396974,0.0,104,0,0,7,0.9375,0
27.28511,1,0,0,0.0,23.656473000301048,0.5174489997443743,23.679459998675156,0.0,105,0,0,7,0.9464285714285714,0
27.30846,1,0,0,0.0,23.32132299852674,0.4995140006940346,23.342988999502268,0.0,106,0,0,7,0.9553571428571429,0
27.3319,1,0,0,0.0,23.406393996992847,0.49142799980472773,23.42659299756633,0.0,107,0,0,7,0.9642857142857143,0
27.35542,1,0,0,0.0,23.496392997913063,0.5087569988972973,23.51675099998829,0.0,108,0,0,7,0.9732142857142857,0
27.37867,1,0,0,0.0,23.226506000355585,0.5145890027051792,23.24699100063299,0.0,109,0,0,7,0.9821428571428571,0
27.402,1,0,0,0.0,23.307690000365255,0.5129359997226857,23.33018399804132,0.0,110,0,0,7,0.9910714285714286,0
27.42554,1,0,0,0.0,23.50876899799914,0.5208490001678001,23.53147000030731,0.0,111,0,0,7,1.0,0
27.44919,1,0,0,0.0,23.62215399989509,0.5368359998101369,23.644423999940045,0.0,112,0,0,8,0.8828125,0
27.47255,1,0,0,0.0,23.342328997387085,0.5180500011192635,23.36334999927203,0.0,113,0,0,8,0.890625,0
27.49656,1,0,0,0.0,23.978714998520445,0.5240600003162399,24.001255002076505,0.0,114,0,0,8,0.8984375,0
27.52009,1,0,0,0.0,23.48843299841974,0.5186410016904119,23.524161999375792,0.0,115,0,0,8,0.90625,0
27.54367,1,0,0,0.0,23.55815199916833,0.5122390030010138,23.58204599659075,0.0,116,0,0,8,0.9140625,0
27.56719,1,0,0,0.0,23.492158001317875,0.5232809999142773,23.51251499931095,0.0,117,0,0,8,0.921875,0
27.59071,1,0,0,0.0,23.49447799861082,0.4936719997203909,23.515500000939937,0.0,118,0,0,8,0.9296875,0
27.61402,1,0,0,0.0,23.28548700097599,0.5174299985810649,23.306340000999626,0.0,119,0,0,8,0.9375,0
27.63742,1,0,0,0.0,23.37147499929415,0.5121350004628766,23.393849998683436,0.0,120,0,0,8,0.9453125,0
27.66094,1,0,0,0.0,23.491837997426046,0.5050920008216053,23.51242800068576,0.0,121,0,0,8,0.953125,0
27.68418,1,0,0,0.0,23.22346000073594,0.532180998561671,23.24413400128833,0.0,122,0,0,8,0.9609375,0
27.70748,1,0,0,0.0,23.27089100072044,0.4829930003324989,23.29039100004593,0.0,123,0,0,8,0.96875,0
27.7308,1,0,0,0.0,23.2973430029233,0.4954719988745637,23.31889000197407,0.0,124,0,0,8,0.9765625,0
27.75505,1,0,0,0.0,24.220330000389367,0.5147950032551307,24.242604999017203,0.0,125,0,0,8,0.984375,0
27.77863,1,0,0,0.0,23.558408000099007,0.5239769998297561,23.581853998621227,0.0,126,0,0,8,0.9921875,0
27.80204,1,0,0,0.0,23.38276799855521,0.536406001629075,23.405769999953918,0.0,127,0,0,8,1.0,0
27.8254,1,0,0,0.0,23.32478300013463,0.5196499987505376,23.350169001787435,0.0,128,0,0,9,0.8958333333333334,0
27.84901,1,0,0,0.0,23.584793001646176,0.5339839990483597,23.60522999879322,0.0,129,0,0,9,0.9027777777777778,0
27.87233,1,0,0,0.0,23.295421997318044,0.5336489994078875,23.318159001064487,0.0,130,0,0,9,0.9097222222222222,0
27.89557,1,0,0,0.0,23.211296000226866,0.5261600017547607,23.234135998791317,0.0,131,0,0,9,0.9166666666666666,0
27.91882,1,0,0,0.0,23.220447001222055,0.5335720015864354,23.242815001140116,0.0,132,0,0,9,0.9236111111111112,0
27.94222,1,0,0,0.0,23.381248000077903,0.5202600004849955,23.40202500272426,0.0,133,0,0,9,0.9305555555555556,0
27.96558,1,0,0,0.0,23.32786499755457,0.5021079996367916,23.34993700060295,0.0,134,0,0,9,0.9375,0
27.98889,1,0,0,0.0,23.286818999622483,0.543657999514835,23.308091000217246,0.0,135,0,0,9,0.9444444444444444,0
28.01222,1,0,0,0.0,23.304127000301378,0.5232089970377274,23.32655699865427,0.0,136,0,0,9,0.9513888888888888,0
28.03574,1,0,0,0.0,23.48768899901188,0.509186000272166,23.51035199899343,0.0,137,0,0,9,0.9583333333333334,0
28.05925,1,0,0,0.0,23.485491998144425,0.5372790001274552,23.50794300218695,0.0,138,0,0,9,0.9652777777777778,0
28.08258,1,0,0,0.0,23.310009000852006,0.5600099975708872,23.331893997237785,0.0,139,0,0,9,0.9722222222222222,0
28.10578,1,0,0,0.0,23.159249998570886,0.5347160004021134,23.189374998764833,0.0,140,0,0,9,0.9791666666666666,0
28.12896,1,0,0,0.0,23.161081000580452,0.5112580001878086,23.181614000350237,0.0,141,0,0,9,0.9861111111111112,0
28.15235,1,0,0,0.0,23.360438000963768,0.5053770000813529,23.379987997032003,0.0,142,0,0,9,0.9930555555555556,0
28.17541,1,0,0,0.0,23.032457000226714,0.5024719976063352,23.052725999150425,0.0,143,0,0,9,1.0,0
28.19846,1,0,0,0.0,23.022145996947074,0.5009589986002538,23.046914000588004,0.0,144,0,0,10,0.90625,0
28.22188,1,0,0,0.0,23.39644300082,0.5081599992990959,23.42049499929999,0.0,145,0,0,10,0.9125,0
28.24534,1,0,0,0.0,23.432742000295548,0.5308190011419356,23.45549800156732,0.0,146,0,0,10,0.91875,0
28.2687,1,0,0,0.0,23.33591400019941,0.5232200019236188,23.357620000751922,0.0,147,0,0,10,0.925,0
28.29184,1,0,0,0.0,23.103747000277508,0.5339950002962723,23.125427000195486,0.0,148,0,0,10,0.93125,0
28.3151,1,0,0,0.0,23.229587997775525,0.5372790001274552,23.250712001754437,0.0,149,0,0,10,0.9375,0
28.33839,1,0,0,0.0,23.26489400002174,0.5035159992985427,23.286759002075996,0.0,150,0,0,10,0.94375,0
28.36169,1,0,0,0.0,23.279626002477016,0.5213160002313089,23.298811000131536,0.0,151,0,0,10,0.95,0
28.38479,1,0,0,0.0,23.071463001542725,0.5279689976305235,23.091937000572216,0.0,152,0,0,10,0.95625,0
28.40774,1,0,0,0.0,22.929398000997026,0.515323001309298,22.949326001253212,0.0,153,0,0,10,0.9625,0
28.43081,1,0,0,0.0,23.04255600029137,0.5111989994475152,23.06391300226096,0.0,154,0,0,10,0.96875,0
28.45405,1,0,0,0.0,23.219037997478154,0.5312470020726323,23.237723002239363,0.0,155,0,0,10,0.975,0
28.47717,1,0,0,0.0,23.09892799894442,0.49581900020712055,23.11940299841808,0.0,156,0,0,10,0.98125,0
28.50028,1,0,0,0.0,23.08246800021152,0.5124140006955713,23.102786999515956,0.0,157,0,0,10,0.9875,0
28.52335,1,0,0,0.0,23.044052999466658,0.5172620003577322,23.064139997586608,0.0,158,0,0,10,0.99375,0
28.54645,1,0,0,0.0,23.078235000866698,0.515212999744108,23.101666000002297,0.0,159,0,0,10,1.0,0
28.56997,1,0,0,0.0,23.490425002819393,0.5225040004006587,23.513194999395637,0.0,160,0,0,11,0.9147727272727273,0
28.59318,1,0,0,0.0,23.1779900022957,0.5277070013107732,23.201292999146972,0.0,161,0,0,11,0.9204545454545454,0
28.61646,1,0,0,0.0,23.259515000972897,0.5128800003149081,23.283057002117857,0.0,162,0,0,11,0.9261363636363636,0
28.63976,1,0,0,0.0,23.272529000678333,0.5254300012893509,23.299568998481845,0.0,163,0,0,11,0.9318181818181818,0
28.66312,1,0,0,0.0,23.324056001001736,0.5262690028757788,23.343541000940604,0.0,164,0,0,11,0.9375,0
28.68619,1,0,0,0.0,23.042821998387808,0.5069509970780928,23.063229000399588,0.0,165,0,0,11,0.9431818181818182,0
28.70915,1,0,0,0.0,22.94004899886204,0.5123520022607408,22.958331999689108,0.0,166,0,0,11,0.9488636363636364,0
28.73197,1,0,0,0.0,22.794857999542728,0.49854200187837705,22.81320900146966,0.0,167,0,0,11,0.9545454545454546,0
28.75515,1,0,0,0.0,23.16699599759886,0.5035190006310586,23.184562000096776,0.0,168,0,0,11,0.9602272727272727,0
28.77821,1,0,0,0.0,23.030208998534363,0.4905499990854878,23.05023799999617,0.0,169,0,0,11,0.9659090909090909,0
28.80193,1,0,0,0.0,23.704046001512324,0.5059370014350861,23.725225000816863,0.0,170,0,0,11,0.9715909090909091,0
28.82851,1,0,0,0.0,26.55097100068815,0.5295629998727236,26.57335799813154,0.0,171,0,0,11,0.9772727272727273,0
28.85478,1,0,0,0.0,26.24543199999607,0.714860998414224,26.266192999173654,0.0,172,0,0,11,0.9829545454545454,0
28.87828,1,0,0,0.0,23.472802000469528,0.556736998987617,23.494347002269933,0.0,173,0,0,11,0.9886363636363636,0
28.90369,1,0,0,0.0,25.387490997673012,0.5234090021986049,25.4102149992832,0.0,174,0,0,11,0.9943181818181818,0
28.93165,1,0,0,0.0,27.930789001402445,0.7166199975472409,27.952483997069066,0.0,175,0,0,11,1.0,0
28.95535,1,0,0,0.0,23.67018699806067,0.5538030018215068,23.69228200041107,0.0,176,0,0,12,0.921875,0
28.97859,1,0,0,0.0,23.219276998133864,0.5172429991944227,23.239422000187915,0.0,177,0,0,12,0.9270833333333334,0
29.00192,1,0,0,0.0,23.306397000851575,0.5259479985397775,23.328631999902427,0.0,178,0,0,12,0.9322916666666666,0
29.02548,1,0,0,0.0,23.52600800077198,0.5244829990260769,23.548616998596117,0.0,179,0,0,12,0.9375,0
29.04888,1,0,0,0.0,23.375103999569546,0.5357090012694243,23.3968049979012,0.0,180,0,0,12,0.9427083333333334,0
29.07238,1,0,0,0.0,23.480869000195526,0.5327610015228856,23.501227999076946,0.0,181,0,0,12,0.9479166666666666,0
29.09564,1,0,0,0.0,23.228181002195925,0.5238109988567885,23.25071900122566,0.0,182,0,0,12,0.953125,0
29.1204,1,0,0,0.0,24.73507800095831,0.536860003194306,24.757185998169007,0.0,183,0,0,12,0.9583333333333334,0
29.14402,1,0,0,0.0,23.591011002281448,0.5395219995989464,23.61400399968261,0.0,184,0,0,12,0.9635416666666666,0
29.16751,1,0,0,0.0,23.460862001229543,0.5481029984366614,23.485964000428794,0.0,185,0,0,0,0.0,0
33.67461,1,1,173,27.279048001219053,23.551296999357874,0.5391090016928501,50.88350699952571,0.0,173,0,0,11,0.9886363636363636,0
33.72733,2,1,135,24.607709001429612,28.06723100002273,0.5914450011914596,52.71381200145697,0.11206896551724133,174,0,0,20,0.971875,0
33.75479,2,0,0,0.0,27.437807999376673,0.5817800010845531,27.462314999866067,0.11142857142857143,175,0,0,20,0.978125,0
33.78279,2,0,0,0.0,27.962956999544986,0.6141439989733044,27.985802000330295,0.11079545454545459,176,0,0,21,0.9375,0
33.81211,2,0,0,0.0,29.29214599862462,0.5915900001127739,29.31608400103869,0.11016949152542377,177,0,0,21,0.9434523809523809,0
33.84068,2,0,0,0.0,28.54450400263886,0.6021689987392165,28.568724999786355,0.1095505617977528,178,0,0,21,0.9494047619047619,0
33.86938,2,0,0,0.0,28.673568998783594,0.6257249988266267,28.694664000795456,0.10893854748603349,179,0,0,21,0.9553571428571429,0
33.89762,2,0,0,0.0,28.217690000019502,0.5984199997328687,28.23908799837227,0.10833333333333328,180,0,0,21,0.9613095238095238,0
33.92688,2,0,0,0.0,29.226857997855404,0.60260499958531,29.249310999148292,0.10773480662983426,181,0,0,21,0.9672619047619048,0
33.95536,2,0,0,0.0,28.45365399844013,0.6424169987440109,28.47616900180583,0.1071428571428571,182,0,0,21,0.9732142857142857,0
33.98329,2,0,0,0.0,27.90340899809962,0.5845790001330897,27.928663999773562,0.10655737704918034,183,0,0,22,0.9346590909090909,0
34.01177,2,0,0,0.0,28.451858001062647,0.6051319978723768,28.475349998188904,0.10597826086956519,184,0,0,22,0.9403409090909091,0
34.04001,2,0,0,0.0,28.21470200069598,0.6063340006221551,28.23793799689156,0.10540540540540544,185,0,0,22,0.9460227272727273,0
34.06857,2,0,0,0.0,28.528884999104775,0.5982149996270891,28.55086899944581,0.10483870967741937,186,0,0,22,0.9517045454545454,0
34.09683,2,0,0,0.0,28.23996099687065,0.6287169999268372,28.262322000955464,0.10427807486631013,187,0,0,22,0.9573863636363636,0
34.12503,2,0,0,0.0,28.174102000775747,0.5895860012969933,28.1956889994035,0.10372340425531912,188,0,0,22,0.9630681818181818,0
34.15362,2,0,0,0.0,28.56547800183762,0.5875920032849535,28.589112000190653,0.10317460317460314,189,0,0,22,0.96875,0
34.18211,2,0,0,0.0,28.462182999646757,0.6260269983613398,28.483684996899683,0.10263157894736841,190,0,0,22,0.9744318181818182,0
34.20978,2,0,0,0.0,27.637033999781124,0.5774910023319535,27.659725998091744,0.10209424083769636,191,0,0,22,0.9801136363636364,0
34.23859,2,0,0,0.0,28.782117999071488,0.6091350005590357,28.809422998165246,0.1015625,192,0,0,23,0.9429347826086957,0
34.26788,2,0,0,0.0,29.260032999445684,0.6602610010304488,29.28103899830603,0.10103626943005184,193,0,0,23,0.9483695652173914,0
34.29647,2,0,0,0.0,28.558600999531336,0.6200659991009161,28.58637700046529,0.10051546391752575,194,0,0,23,0.9538043478260869,0
34.32525,2,0,0,0.0,28.755989998899167,0.6339149986160919,28.780732001905562,0.09999999999999998,195,0,0,23,0.9592391304347826,0
34.35359,2,0,0,0.0,28.311644000496017,0.5921580013819039,28.334341001027497,0.09948979591836737,196,0,0,23,0.9646739130434783,0
34.38237,2,0,0,0.0,28.752054000506178,0.6115800024417695,28.777300998626743,0.09898477157360408,197,0,0,23,0.970108695652174,0
34.41148,2,0,0,0.0,29.078007999487454,0.6166109997138847,29.101259999151807,0.09848484848484851,198,0,0,23,0.9755434782608695,0
34.43989,2,0,0,0.0,28.38013200016576,0.6263130017032381,28.405864999513142,0.09798994974874375,199,0,0,24,0.9401041666666666,0
34.46815,2,0,0,0.0,28.239090999704786,0.6174189984449185,28.260438000870636,0.09750000000000003,200,0,0,24,0.9453125,0
34.49609,2,0,0,0.0,27.89559400116559,0.6016469997121021,27.930994001508225,0.09701492537313428,201,0,0,24,0.9505208333333334,0
34.52509,2,0,0,0.0,28.96163500190596,0.5841160018462688,28.999375997955212,0.09653465346534651,202,0,0,24,0.9557291666666666,0
34.55303,2,0,0,0.0,27.91534100106219,0.5856569987372495,27.937765000388026,0.09605911330049266,203,0,0,24,0.9609375,0
34.58091,2,0,0,0.0,27.85133900033543,0.6124140018073376,27.872164002474165,0.09558823529411764,204,0,0,24,0.9661458333333334,0
34.60854,2,0,0,0.0,27.60801700060256,0.5975659987598192,27.63005200176849,0.09512195121951217,205,0,0,24,0.9713541666666666,0
34.63654,2,0,0,0.0,27.968353999312967,0.6200079988047946,27.990921000309754,0.09466019417475724,206,0,0,24,0.9765625,0
34.66387,2,0,0,0.0,27.296244003082393,0.615533997915918,27.319175002048723,0.09420289855072461,207,0,0,24,0.9817708333333334,0
34.69221,2,0,0,0.0,28.310731999226846,0.6245629992918111,28.33721100250841,0.09375,208,0,0,25,0.9475,0
34.72275,2,0,0,0.0,30.495959999825573,0.6130809997557662,30.5344909975247,0.09330143540669855,209,0,0,11,0.9715909090909091,0
34.74625,1,0,0,0.0,23.475342997699045,0.5543030019907746,23.497774000134086,0.0,171,0,0,11,0.9772727272727273,0
34.77015,1,0,0,0.0,23.86437799941632,0.5400999980338383,23.888075000286335,0.0,172,0,0,11,0.9829545454545454,0
34.79376,1,0,0,0.0,23.581185996590648,0.5679309979313985,23.605637998116435,0.0,173,0,0,11,0.9886363636363636,0
34.81741,1,0,0,0.0,23.619879000762012,0.572289001866011,23.644585999136325,0.0,174,0,0,11,0.9943181818181818,0
34.84195,1,0,0,0.0,24.513576998288045,0.5511230010597501,24.538531000871444,0.0,175,0,0,11,1.0,0
34.86556,1,0,0,0.0,23.582950001582503,0.5645359997288324,23.608637999132043,0.0,176,0,0,12,0.921875,0
34.88924,1,0,0,0.0,23.65567699962412,0.5543519982893486,23.676660002820427,0.0,177,0,0,12,0.9270833333333334,0
34.91281,1,0,0,0.0,23.544659998151474,0.5383240022638347,23.56790900012129,0.0,178,0,0,12,0.9322916666666666,0
34.93709,1,0,0,0.0,24.237280998931965,0.6844259987701662,24.27583200187655,0.0,179,0,0,12,0.9375,0
34.96046,1,0,0,0.0,23.340634998021415,0.5386100019677542,23.36338700115448,0.0,180,0,0,12,0.9427083333333334,0
34.98389,1,0,0,0.0,23.397667999233818,0.5254749994492158,23.41735099980724,0.0,181,0,0,12,0.9479166666666666,0
35.00716,1,0,0,0.0,23.246369000844425,0.5278270000417251,23.268375000043306,0.0,182,0,0,12,0.953125,0
35.03058,1,0,0,0.0,23.399809997499688,0.524479997693561,23.42153499921551,0.0,183,0,0,12,0.9583333333333334,0
35.0539,1,0,0,0.0,23.291067001991905,0.5453689991554711,23.31336999850464,0.0,184,0,0,12,0.9635416666666666,0
35.07736,1,0,0,0.0,23.433314003341366,0.5312200009939261,23.454966001736466,0.0,185,0,0,12,0.96875,0
35.10081,1,0,0,0.0,23.42858300107764,0.5401670023275074,23.451010001735995,0.0,186,0,0,12,0.9739583333333334,0
35.12414,1,0,0,0.0,23.302164001506753,0.5577229967457242,23.325285001192242,0.0,187,0,0,12,0.9791666666666666,0
35.1475,1,0,0,0.0,23.331877000600798,0.539233999006683,23.35497500098427,0.0,188,0,0,12,0.984375,0
35.17132,1,0,0,0.0,23.79047100112075,0.5635550005536061,23.812016999727348,0.0,189,0,0,12,0.9895833333333334,0
35.19473,1,0,0,0.0,23.38219600278535,0.5490000003192108,23.415760002535535,0.0,190,0,0,12,0.9947916666666666,0
35.21788,1,0,0,0.0,23.119968998798868,0.5430430028354749,23.140246001275955,0.0,191,0,0,12,1.0,0
35.24137,1,0,0,0.0,23.458380997908534,0.5314689988153987,23.486730999138672,0.0,192,0,0,13,0.9278846153846154,0
35.26519,1,0,0,0.0,23.792987001797883,0.5638040020130575,23.81824899930507,0.0,193,0,0,13,0.9326923076923077,0
35.28914,1,0,0,0.0,23.920532999909483,0.5599030009761918,23.944227999891154,0.0,194,0,0,13,0.9375,0
35.3129,1,0,0,0.0,23.724829999991925,0.5413139988377225,23.74979500018526,0.0,195,0,0,13,0.9423076923076923,0
35.33648,1,0,0,0.0,23.554610001156107,0.5729670010623522,23.57923599993228,0.0,196,0,0,13,0.9471153846153846,0
35.36,1,0,0,0.0,23.489357998187188,0.5438519983727019,23.51220799755538,0.0,197,0,0,13,0.9519230769230769,0
35.38353,1,0,0,0.0,23.500669001805363,0.5508040012500715,23.521330000221496,0.0,198,0,0,13,0.9567307692307693,0
35.40693,1,0,0,0.0,23.379535999993095,0.5573589987761807,23.40148700022837,0.0,199,0,0,13,0.9615384615384616,0
35.43035,1,0,0,0.0,23.392662002152065,0.5478259990923107,23.413489001541166,0.0,200,0,0,13,0.9663461538461539,0
35.45351,1,0,0,0.0,23.12998100023833,0.5310119995556306,23.15735400043195,0.0,201,0,0,0,0.0,0
38.21822,1,1,82,30.016025997610996,23.603885998454643,0.5113260012876708,53.675649000069825,0.0,82,0,0,6,0.8645833333333334,0
38.24181,1,0,0,0.0,23.564618997625075,0.5167659983271733,23.589043001265964,0.0,83,0,0,6,0.875,0
38.26535,1,0,0,0.0,23.51498999996693,0.5329060004441999,23.537905999546638,0.0,84,0,0,6,0.8854166666666666,0
38.29024,1,0,0,0.0,24.860222001734655,0.5226930006756447,24.882893998437794,0.0,85,0,0,6,0.8958333333333334,0
38.31444,1,0,0,0.0,24.174303998734104,0.5247359986242373,24.197020000428893,0.0,86,0,0,6,0.90625,0
38.36878,2,1,253,24.950785002147313,29.342547000851482,0.6522589974338189,54.336835997673916,0.32806324110671936,253,0,0,22,0.9715909090909091,0
38.3978,2,0,0,0.0,28.98605399968801,0.6522660005430225,29.008368001086637,0.32677165354330706,254,0,0,22,0.9772727272727273,0
38.42671,2,0,0,0.0,28.882075999717927,0.6305700007942505,28.90657399984775,0.3254901960784313,255,0,0,22,0.9829545454545454,0
38.45569,2,0,0,0.0,28.950304000318283,0.6634150013269391,28.97823800230981,0.32421875,256,0,0,23,0.9456521739130435,0
38.48437,2,0,0,0.0,28.65427599681425,0.6480639967776369,28.67669300030684,0.32295719844357973,257,0,0,23,0.9510869565217391,0
38.51346,2,0,0,0.0,29.0608670002257,0.6119649988249876,29.08577900234377,0.32170542635658916,258,0,0,23,0.9565217391304348,0
38.54226,2,0,0,0.0,28.77111099951435,0.6758960007573478,28.794392001145752,0.3204633204633205,259,0,0,23,0.9619565217391305,0
38.5707,2,0,0,0.0,28.41630400143913,0.6095470016589388,28.439940000680508,0.3192307692307692,260,0,0,23,0.967391304347826,0
38.59923,2,0,0,0.0,28.500880998763023,0.6220960021892097,28.521958000055747,0.31800766283524906,261,0,0,23,0.9728260869565217,0
38.62764,2,0,0,0.0,28.380830997775774,0.6228139973245561,28.40645499964012,0.316793893129771,262,0,0,24,0.9375,0
38.65529,2,0,0,0.0,27.626481001789216,0.6210660030774307,27.648593997582793,0.31558935361216733,263,0,0,24,0.9427083333333334,0
38.6839,2,0,0,0.0,28.582299997651717,0.6016289989929646,28.602753998711705,0.31439393939393945,264,0,0,24,0.9479166666666666,0
38.71277,2,0,0,0.0,28.84482900117291,0.6245059994398616,28.867249999166233,0.31320754716981136,265,0,0,24,0.953125,0
38.74119,2,0,0,0.0,28.381075000652345,0.6239260001166258,28.405331999238115,0.3120300751879699,266,0,0,24,0.9583333333333334,0
38.76967,2,0,0,0.0,28.455689000111306,0.6183099976624362,28.47885099981795,0.31086142322097376,267,0,0,24,0.9635416666666666,0
38.79813,2,0,0,0.0,28.428346002328908,0.6331490003503859,28.44833900235244,0.3097014925373134,268,0,0,24,0.96875,0
38.82646,2,0,0,0.0,28.30779899886693,0.583807999646524,28.331965000688797,0.30855018587360594,269,0,0,24,0.9739583333333334,0
38.85504,2,0,0,0.0,28.548614001920214,0.6291009995038621,28.572386003361316,0.30740740740740746,270,0,0,24,0.9791666666666666,0
38.88294,2,0,0,0.0,27.87334000095143,0.6117960001574829,27.894397997442866,0.30627306273062727,271,0,0,24,0.984375,0
38.91138,2,0,0,0.0,28.41350400194642,0.6133909992058761,28.440411002520705,0.30514705882352944,272,0,0,25,0.95,0
38.93988,2,0,0,0.0,28.472832000261405,0.6242060007934924,28.495500999270007,0.30402930402930406,273,0,0,25,0.955,0
38.96829,2,0,0,0.0,28.382941000018036,0.6232590021681972,28.406631001416827,0.3029197080291971,274,0,0,25,0.96,0
38.99676,2,0,0,0.0,28.436901997338282,0.6241429982765112,28.45864499977324,0.30181818181818176,275,0,0,25,0.965,0
39.02502,2,0,0,0.0,28.236090001882985,0.6233540007087868,28.258876998734195,0.3007246376811594,276,0,0,25,0.97,0
39.05362,2,0,0,0.0,28.57041099923663,0.6214230015757494,28.59605199773796,0.29963898916967513,277,0,0,25,0.975,0
39.08242,2,0,0,0.0,28.76767199995811,0.6655610013694968,28.792165998311248,0.2985611510791367,278,0,0,26,0.9423076923076923,0
39.11014,2,0,0,0.0,27.695331002178136,0.6415120005840436,27.72159799860674,0.29749103942652333,279,0,0,26,0.9471153846153846,0
39.13876,2,0,0,0.0,28.58554600243224,0.6212150001374539,28.60995100127184,0.2964285714285714,280,0,0,26,0.9519230769230769,0
39.16745,2,0,0,0.0,28.661448999628192,0.6488049984909594,28.685836998192826,0.2953736654804271,281,0,0,26,0.9567307692307693,0
39.19602,2,0,0,0.0,28.54022899919073,0.6470910011557862,28.562043997226283,0.2943262411347518,282,0,0,26,0.9615384615384616,0
39.22458,2,0,0,0.0,28.535651999845868,0.6193139997776598,28.558719997818116,0.29328621908127206,283,0,0,26,0.9663461538461539,0
39.25296,2,0,0,0.0,28.344246002234286,0.6403020015568472,28.37770399855799,0.2922535211267606,284,0,0,8,0.9296875,0
39.27623,1,0,0,0.0,23.245692002092255,0.5202089996600989,23.26759900097386,0.0,119,0,0,8,0.9375,0
39.29979,1,0,0,0.0,23.526067001512274,0.4770680025103502,23.554610001156107,0.0,120,0,0,8,0.9453125,0
39.3231,1,0,0,0.0,23.280059998796787,0.5202980028116144,23.30168999833404,0.0,121,0,0,8,0.953125,0
39.34617,1,0,0,0.0,23.05008099938277,0.4839809989789501,23.069802999089006,0.0,122,0,0,8,0.9609375,0
39.36963,1,0,0,0.0,23.433335998561233,0.47535100020468235,23.45538699955796,0.0,123,0,0,8,0.96875,0
39.39435,1,0,0,0.0,24.7005960009119,0.5425189992820378,24.72237599795335,0.0,124,0,0,8,0.9765625,0
39.41906,1,0,0,0.0,24.680416001501726,0.5159639986231923,24.720589000935433,0.0,125,0,0,8,0.984375,0
39.4439,1,0,0,0.0,24.78815900030895,0.539159998879768,24.812386000121478,0.0,126,0,0,8,0.9921875,0
39.46804,1,0,0,0.0,24.118146000546403,0.5600049989880063,24.140769000950968,0.0,127,0,0,8,1.0,0
39.4922,1,0,0,0.0,24.098990998027148,0.5138300002727192,24.137526997947134,0.0,128,0,0,9,0.8958333333333334,0
39.51591,1,0,0,0.0,23.687213997618528,0.5242019979050383,23.708301996521186,0.0,129,0,0,9,0.9027777777777778,0
39.54033,1,0,0,0.0,24.390554001001874,0.5220319981162902,24.413922998064663,0.0,130,0,0,9,0.9097222222222222,0
39.56433,1,0,0,0.0,23.97768200171413,0.5311929999152198,24.001297999348026,0.0,131,0,0,9,0.9166666666666666,0
39.58848,1,0,0,0.0,24.115390002407366,0.521925998327788,24.135562001902144,0.0,132,0,0,9,0.9236111111111112,0
39.61258,1,0,0,0.0,24.07980199859594,0.512045000505168,24.102660001517506,0.0,133,0,0,9,0.9305555555555556,0
39.63668,1,0,0,0.0,24.069798000709852,0.5609430008917116,24.092028001177823,0.0,134,0,0,9,0.9375,0
39.66065,1,0,0,0.0,23.94609200200648,0.5487259986693971,23.96817800035933,0.0,135,0,0,9,0.9444444444444444,0
39.68484,1,0,0,0.0,24.16106300006504,0.5457739971461706,24.182264001865406,0.0,136,0,0,9,0.9513888888888888,0
39.70878,1,0,0,0.0,23.914777997561032,0.5504599976120517,23.943110998516204,0.0,137,0,0,9,0.9583333333333334,0
39.7328,1,0,0,0.0,23.978199002158362,0.5515539996849839,24.008009997487534,0.0,138,0,0,9,0.9652777777777778,0
39.75653,1,0,0,0.0,23.70535599766299,0.5421489986474626,23.728816999209812,0.0,139,0,0,9,0.9722222222222222,0
39.78066,1,0,0,0.0,24.107302000629716,0.5693240018445067,24.130931997206062,0.0,140,0,0,9,0.9791666666666666,0
39.80489,1,0,0,0.0,24.197226000978844,0.7266650027304422,24.217194000812015,0.0,141,0,0,9,0.9861111111111112,0
39.82898,1,0,0,0.0,24.071249001281103,0.5314770023687743,24.092577001283644,0.0,142,0,0,9,0.9930555555555556,0
39.85325,1,0,0,0.0,24.2481469977065,0.5585680009971838,24.270321999210864,0.0,143,0,0,9,1.0,0
39.87728,1,0,0,0.0,23.992357000679476,0.5313830006343778,24.017502000788227,0.0,144,0,0,10,0.90625,0
39.90141,1,0,0,0.0,24.103523999656318,0.520661000336986,24.123682000208646,0.0,145,0,0,10,0.9125,0
39.92548,1,0,0,0.0,24.048923998634564,0.5206790010561235,24.06972500102711,0.0,146,0,0,10,0.91875,0
39.94925,1,0,0,0.0,23.745012000290444,0.5323969999153633,23.764756002492504,0.0,147,0,0,10,0.925,0
39.97291,1,0,0,0.0,23.633958997379523,0.4978440010745544,23.65476499835495,0.0,148,0,0,10,0.93125,0
39.99685,1,0,0,0.0,23.9147390020662,0.5133220001880545,23.934501001349417,0.0,149,0,0,10,0.9375,0
40.02051,1,0,0,0.0,23.64132499860716,0.5302649988152552,23.66083499873639,0.0,150,0,0,10,0.94375,0
40.04416,1,0,0,0.0,23.621660999197047,0.5188830000406597,23.642362000828143,0.0,151,0,0,10,0.95,0
40.06801,1,0,0,0.0,23.830897000152618,0.49987500096904114,23.85253600004944,0.0,152,0,0,10,0.95625,0
40.09191,1,0,0,0.0,23.869893000664888,0.5377250017772894,23.890049000328872,0.0,153,0,0,10,0.9625,0
40.11549,1,0,0,0.0,23.55988300041645,0.5306220009515528,23.581204997753957,0.0,154,0,0,10,0.96875,0
40.13935,1,0,0,0.0,23.83414699943387,0.5308869986038189,23.858755997935077,0.0,155,0,0,10,0.975,0
40.16328,1,0,0,0.0,23.89861699703033,0.5757110011472832,23.923018998175394,0.0,156,0,0,10,0.98125,0
40.18716,1,0,0,0.0,23.849118002544856,0.5471810000017285,23.870778000855353,0.0,157,0,0,10,0.9875,0
40.21098,1,0,0,0.0,23.794640001142398,0.534351998794591,23.817474000679795,0.0,158,0,0,10,0.99375,0
40.23588,1,0,0,0.0,24.869297001714585,0.5765030000475235,24.892312998417765,0.0,159,0,0,10,1.0,0
40.25971,1,0,0,0.0,23.80824899955769,0.5847149986948352,23.834544997953344,0.0,160,0,0,11,0.9147727272727273,0
40.28374,1,0,0,0.0,23.996168001758633,0.5705930016119964,24.017675998038612,0.0,161,0,0,11,0.9204545454545454,0
40.30799,1,0,0,0.0,24.230516999523388,0.5646089994115755,24.2537159974745,0.0,162,0,0,11,0.9261363636363636,0
40.33191,1,0,0,0.0,23.888796000392176,0.5825470034324098,23.911383002996445,0.0,163,0,0,11,0.9318181818181818,0
40.35562,1,0,0,0.0,23.68758300144691,0.5612050008494407,23.710255001788028,0.0,164,0,0,11,0.9375,0
40.37938,1,0,0,0.0,23.730994998913957,0.5676590008079074,23.754122001264477,0.0,165,0,0,11,0.9431818181818182,0
40.40332,1,0,0,0.0,23.907168997538975,0.5641050011035986,23.928368002088973,0.0,166,0,0,11,0.9488636363636364,0
40.42715,1,0,0,0.0,23.810965998563915,0.5377769994083792,23.83345099951839,0.0,167,0,0,11,0.9545454545454546,0
40.45107,1,0,0,0.0,23.890705000667367,0.5363559976103716,23.929814997245558,0.0,168,0,0,11,0.9602272727272727,0
40.50625,2,1,225,25.317376999737462,29.800970001815585,0.6459800024458673,55.16131400145241,0.12444444444444447,225,0,0,26,0.9519230769230769,0
40.53559,2,0,0,0.0,29.30802600167226,0.6432740010495763,29.331088000617456,0.12389380530973448,226,0,0,26,0.9567307692307693,0
40.56502,2,0,0,0.0,29.399128001386998,0.6446119987231214,29.42364299815381,0.12334801762114533,227,0,0,26,0.9615384615384616,0
40.59444,2,0,0,0.0,29.39302700178814,0.6622849978157319,29.41409100094461,0.1228070175438597,228,0,0,26,0.9663461538461539,0
40.62394,2,0,0,0.0,29.472149999492103,0.634714997431729,29.49625299879699,0.12227074235807855,229,0,0,26,0.9711538461538461,0
40.65355,2,0,0,0.0,29.5829530004994,0.673484002618352,29.60773900122149,0.12173913043478257,230,0,0,26,0.9759615384615384,0
40.68188,2,0,0,0.0,28.3055530017009,0.6740409990015905,28.329303000646178,0.12121212121212122,231,0,0,26,0.9807692307692307,0
40.71103,2,0,0,0.0,29.11406299972441,0.6618580009671859,29.14112600046792,0.12068965517241381,232,0,0,27,0.9490740740740741,0
40.74069,2,0,0,0.0,29.635111000970937,0.6423599988920614,29.661283999303123,0.12017167381974247,233,0,0,27,0.9537037037037037,0
40.76989,2,0,0,0.0,29.17104700100026,0.6802079988119658,29.19625299909967,0.11965811965811968,234,0,0,27,0.9583333333333334,0
40.7992,2,0,0,0.0,29.273375002958346,0.666432999423705,29.2954960023053,0.11914893617021272,235,0,0,27,0.9629629629629629,0
40.82863,2,0,0,0.0,29.405746998236282,0.6572569982381538,29.42991300005815,0.11864406779661019,236,0,0,27,0.9675925925925926,0
40.85777,2,0,0,0.0,29.11596099875169,0.6649269998888485,29.14837699790951,0.11814345991561181,237,0,0,27,0.9722222222222222,0
40.88733,2,0,0,0.0,29.516156999306986,0.6536010005220305,29.538181999669177,0.11764705882352944,238,0,0,27,0.9768518518518519,0
40.9158,2,0,0,0.0,28.437048000341747,0.6271150014072191,28.46872200098005,0.11715481171548114,239,0,0,27,0.9814814814814815,0
40.94496,2,0,0,0.0,29.13548600190552,0.6450029977713712,29.161596001358703,0.1166666666666667,240,0,0,28,0.9508928571428571,0
40.97432,2,0,0,0.0,29.33096100241528,0.662009999359725,29.355053000472253,0.11618257261410792,241,0,0,28,0.9553571428571429,0
41.0036,2,0,0,0.0,29.250486000819365,0.6317459992715158,29.272406001837226,0.11570247933884292,242,0,0,28,0.9598214285714286,0
41.03282,2,0,0,0.0,29.19100500002969,0.6548080018546898,29.21696100020199,0.1152263374485597,243,0,0,28,0.9642857142857143,0
41.06227,2,0,0,0.0,29.422334999253508,0.6797360001655761,29.446308999467874,0.11475409836065575,244,0,0,28,0.96875,0
41.09159,2,0,0,0.0,29.294563002622453,0.6483209981524851,29.315423998923507,0.11428571428571432,245,0,0,28,0.9732142857142857,0
41.12058,2,0,0,0.0,28.959486000530887,0.687932002620073,28.98425600142218,0.11382113821138207,246,0,0,28,0.9776785714285714,0
41.14916,2,0,0,0.0,28.555856999446405,0.6695820011373144,28.580638001585612,0.11336032388663964,247,0,0,28,0.9821428571428571,0
41.17838,2,0,0,0.0,29.18756500002928,0.6472439999924973,29.21423100269749,0.11290322580645162,248,0,0,29,0.9525862068965517,0
41.20779,2,0,0,0.0,29.369289997703163,0.6350479998218361,29.401277999568265,0.1124497991967871,249,0,0,29,0.9568965517241379,0
41.23685,2,0,0,0.0,29.03368099941872,0.6651329968008213,29.05906899832189,0.11199999999999999,250,0,0,29,0.9612068965517241,0
41.26637,2,0,0,0.0,29.48604300036095,0.6528330013679806,29.512240002077306,0.11155378486055778,251,0,0,29,0.9655172413793104,0
41.29558,2,0,0,0.0,29.186155999923358,0.634067997452803,29.207917999883648,0.11111111111111116,252,0,0,29,0.9698275862068966,0
41.32444,2,0,0,0.0,28.826875000959262,0.6684779982606415,28.849711001385003,0.11067193675889331,253,0,0,29,0.9741379310344828,0
41.35324,2,0,0,0.0,28.78061999945203,0.6497020003735088,28.80481999818585,0.11023622047244097,254,0,0,29,0.978448275862069,0
41.38292,2,0,0,0.0,29.643290999956662,0.6545869982801378,29.667712999071227,0.1098039215686275,255,0,0,29,0.9827586206896551,0
41.4119,2,0,0,0.0,28.951902000699192,0.6699840014334768,28.977906000363873,0.109375,256,0,0,30,0.9541666666666667,0
41.441,2,0,0,0.0,29.074841000692686,0.6507360012619756,29.09984799771337,0.1089494163424124,257,0,0,30,0.9583333333333334,0
41.4706,2,0,0,0.0,29.563491996668745,0.6554790015798062,29.587999000796117,0.10852713178294571,258,0,0,30,0.9625,0
41.50009,2,0,0,0.0,29.446427997754654,0.7140019988582935,29.488744999980554,0.10810810810810811,259,0,0,30,0.9666666666666667,0
41.52919,2,0,0,0.0,29.068826999719022,0.6833309998910408,29.094354998960625,0.10769230769230764,260,0,0,30,0.9708333333333333,0
41.55796,2,0,0,0.0,28.738297998643247,0.6487519967777189,28.76338599890005,0.10727969348659006,261,0,0,30,0.975,0
41.58717,2,0,0,0.0,29.183930000726832,0.6860289977339562,29.207293002400547,0.10687022900763354,262,0,0,30,0.9791666666666666,0
41.61515,2,0,0,0.0,27.951007999945432,0.6639240018557757,27.983044998109108,0.10646387832699622,263,0,0,17,0.9705882352941176,0
41.63923,1,0,0,0.0,24.04663599736523,0.5683739982487168,24.070337000011932,0.0,264,0,0,17,0.9742647058823529,0
41.66333,1,0,0,0.0,24.071836996881757,0.6104630010668188,24.09407400045893,0.0,265,0,0,17,0.9779411764705882,0
41.68741,1,0,0,0.0,24.054292000073474,0.5894670030102134,24.07513100115466,0.0,266,0,0,17,0.9816176470588235,0
41.71157,1,0,0,0.0,24.132542999723228,0.5748639996454585,24.155330000212416,0.0,267,0,0,17,0.9852941176470589,0
41.73525,1,0,0,0.0,23.650150000321446,0.5907240010856185,23.674112002481706,0.0,268,0,0,17,0.9889705882352942,0
41.75854,1,0,0,0.0,23.262744998646667,0.5784259992651641,23.28624000074342,0.0,269,0,0,17,0.9926470588235294,0
41.78185,1,0,0,0.0,23.287955998966936,0.603896001848625,23.310618998948485,0.0,270,0,0,17,0.9963235294117647,0
41.80538,1,0,0,0.0,23.496482001064578,0.5995780011289753,23.51527199789416,0.0,271,0,0,17,1.0,0
41.82861,1,0,0,0.0,23.19941699897754,0.5439729975478258,23.221447998366784,0.0,272,0,0,18,0.9479166666666666,0
41.85166,1,0,0,0.0,23.02404800138902,0.5550710011448245,23.04559499680181,0.0,273,0,0,18,0.9513888888888888,0
41.87487,1,0,0,0.0,23.190023999632103,0.5670400023518596,23.211594998429064,0.0,274,0,0,18,0.9548611111111112,0
41.8981,1,0,0,0.0,23.205602999951225,0.5615109985228628,23.22421799908625,0.0,275,0,0,18,0.9583333333333334,0
41.92098,1,0,0,0.0,22.85987800132716,0.5279789984342642,22.878607000166085,0.0,276,0,0,18,0.9618055555555556,0
41.94418,1,0,0,0.0,23.168842002633028,0.540639000973897,23.187834001873853,0.0,277,0,0,18,0.9652777777777778,0
41.96692,1,0,0,0.0,22.723596997821005,0.5231899995123968,22.743408000678755,0.0,278,0,0,18,0.96875,0
41.98988,1,0,0,0.0,22.937714002182474,0.5407480020949151,22.955281001486583,0.0,279,0,0,18,0.9722222222222222,0
42.01279,1,0,0,0.0,22.881234999658773,0.53053500232636,22.898975999851245,0.0,280,0,0,18,0.9756944444444444,0
42.03567,1,0,0,0.0,22.863859998324187,0.5967110009805765,22.88307500202791,0.0,281,0,0,18,0.9791666666666666,0
42.05867,1,0,0,0.0,22.9719130002195,0.5479350002133287,22.99227999901632,0.0,282,0,0,18,0.9826388888888888,0
42.08174,1,0,0,0.0,23.053222001180984,0.5611460001091473,23.072765998222167,0.0,283,0,0,18,0.9861111111111112,0
42.10491,1,0,0,0.0,23.138332999224076,0.5590120017586742,23.157179999543587,0.0,284,0,0,18,0.9895833333333334,0
42.128,1,0,0,0.0,23.07371300048544,0.5514799995580688,23.095223001291743,0.0,285,0,0,18,0.9930555555555556,0
42.15148,1,0,0,0.0,23.44713800266618,0.5777160004072357,23.469476000173017,0.0,286,0,0,18,0.9965277777777778,0
42.20338,2,1,251,24.098941998090595,27.7640109998174,0.6903829998918809,51.901804999943124,0.06271777003484325,287,0,0,34,0.9926470588235294,0
42.23139,2,0,0,0.0,27.980910999758635,0.6677400015178137,28.005836000374984,0.0625,288,0,0,35,0.9678571428571429,0
42.25943,2,0,0,0.0,28.00814299916965,0.6694380026601721,28.03206700264127,0.06228373702422141,289,0,0,35,0.9714285714285714,0
42.28764,2,0,0,0.0,28.185384999233065,0.7172559999162331,28.20939099910902,0.06206896551724139,290,0,0,35,0.975,0
42.31584,2,0,0,0.0,28.16199399967445,0.7806749999872409,28.1917770007567,0.061855670103092786,291,0,0,35,0.9785714285714285,0
42.34368,2,0,0,0.0,27.813541997602442,0.6618410006922204,27.837316996738082,0.06164383561643838,292,0,0,36,0.9548611111111112,0
42.37146,2,0,0,0.0,27.752991998568177,0.6580219996976666,27.77305700146826,0.061433447098976135,293,0,0,36,0.9583333333333334,0
42.39919,2,0,0,0.0,27.712348997738445,0.6599209991691168,27.73155600152677,0.061224489795918324,294,0,0,36,0.9618055555555556,0
42.42654,2,0,0,0.0,27.31714100082172,0.6462880010076333,27.336520000972087,0.06101694915254241,295,0,0,36,0.9652777777777778,0
42.45483,2,0,0,0.0,28.2736000008299,0.6758050003554672,28.295580003032228,0.060810810810810856,296,0,0,36,0.96875,0
42.48346,2,0,0,0.0,28.599380999366986,0.7055260030028876,28.62266699958127,0.06060606060606055,297,0,0,36,0.9722222222222222,0
42.51163,2,0,0,0.0,28.13846099888906,0.6713359980494715,28.158376000646967,0.06040268456375841,298,0,0,36,0.9756944444444444,0
42.53935,2,0,0,0.0,27.698639998561703,0.670935998641653,27.71902199674514,0.06020066889632103,299,0,0,36,0.9791666666666666,0
42.56738,2,0,0,0.0,28.005686999676982,0.6471250017057173,28.026019001117675,0.06000000000000005,300,0,0,36,0.9826388888888888,0
42.59518,2,0,0,0.0,27.781775999756064,0.643134000711143,27.801444000942865,0.05980066445182719,301,0,0,36,0.9861111111111112,0
42.62371,2,0,0,0.0,28.496285998699022,0.6319140011328273,28.518215000076452,0.05960264900662249,302,0,0,36,0.9895833333333334,0
42.65156,2,0,0,0.0,27.828320999105927,0.6830700003774837,27.85041900278884,0.05940594059405946,303,0,0,36,0.9930555555555556,0
42.6799,2,0,0,0.0,28.31102499840199,0.6750600005034357,28.334788999927696,0.05921052631578949,304,0,0,37,0.9695945945945946,0
42.70858,2,0,0,0.0,28.655066002102103,0.6550090001837816,28.674868000962306,0.059016393442622994,305,0,0,37,0.972972972972973,0
42.73735,2,0,0,0.0,28.74129100018763,0.686031999066472,28.763254998921184,0.05882352941176472,306,0,0,37,0.9763513513513513,0
42.76586,2,0,0,0.0,28.490532997238915,0.6685170010314323,28.51269299935666,0.05863192182410426,307,0,0,37,0.9797297297297297,0
42.79454,2,0,0,0.0,28.64468600091641,0.667349999275757,28.667524999036686,0.058441558441558406,308,0,0,38,0.9572368421052632,0
42.82312,2,0,0,0.0,28.56239100219682,0.6821749993832782,28.583764000359224,0.058252427184465994,309,0,0,38,0.9605263157894737,0
42.85162,2,0,0,0.0,28.46977599983802,0.6605779999517836,28.49164700091933,0.058064516129032295,310,0,0,38,0.9638157894736842,0
42.87951,2,0,0,0.0,27.869197001564316,0.6941479987290222,27.890803998161573,0.05787781350482313,311,0,0,38,0.9671052631578947,0
42.90809,2,0,0,0.0,28.532437998364912,0.6867929987492971,28.566416000103345,0.05769230769230771,312,0,0,38,0.9703947368421053,0
42.9366,2,0,0,0.0,28.492417000961723,0.6566949996340554,28.515398000308778,0.057507987220447254,313,0,0,38,0.9736842105263158,0
42.96551,2,0,0,0.0,28.87604300121893,0.7010960034676827,28.90018100151792,0.0573248407643312,314,0,0,38,0.9769736842105263,0
42.99438,2,0,0,0.0,28.847474000940565,0.7005389998084866,28.869477999251103,0.05714285714285716,315,0,0,38,0.9802631578947368,0
43.02294,2,0,0,0.0,28.53544800018426,0.6913039978826419,28.559948998008622,0.05696202531645567,316,0,0,38,0.9835526315789473,0
43.05149,2,0,0,0.0,28.51667800132418,0.6815990018367302,28.538384998682886,0.056782334384858024,317,0,0,38,0.9868421052631579,0
43.08034,2,0,0,0.0,28.82694000072661,0.6985119980527088,28.851805996964686,0.05660377358490565,318,0,0,38,0.9901315789473685,0
43.10843,2,0,0,0.0,28.0632419999165,0.6907000024511945,28.083567001885967,0.056426332288401215,319,0,0,38,0.993421052631579,0
43.13699,2,0,0,0.0,28.532739001093432,0.7050389976939186,28.558572001202265,0.05625000000000002,320,0,0,39,0.9711538461538461,0
43.16554,2,0,0,0.0,28.520035000838106,0.6832619983470067,28.541059997223783,0.05607476635514019,321,0,0,39,0.9743589743589743,0
43.19407,2,0,0,0.0,28.50543099702918,0.6831009995948989,28.540145001898054,0.05590062111801242,322,0,0,39,0.9775641025641025,0
43.22245,2,0,0,0.0,28.345796999929007,0.6697450007777661,28.36685900183511,0.05572755417956654,323,0,0,39,0.9807692307692307,0
43.25078,2,0,0,0.0,28.29487799681374,0.6865060022391845,28.318216998741264,0.05555555555555558,324,0,0,40,0.959375,0
43.27917,2,0,0,0.0,28.36635800122167,0.6722370017087087,28.38849200270488,0.055384615384615365,325,0,0,40,0.9625,0
43.30784,2,0,0,0.0,28.64080799918156,0.6866680014354642,28.66307600197615,0.05521472392638038,326,0,0,40,0.965625,0
43.33565,2,0,0,0.0,27.791929998784326,0.6775540023227222,27.81409399904078,0.05504587155963303,327,0,0,40,0.96875,0
43.36413,2,0,0,0.0,28.451596001104917,0.6818260008003563,28.47327699782909,0.054878048780487854,328,0,0,40,0.971875,0
43.39274,2,0,0,0.0,28.580882997630397,0.6704330007778481,28.60032300304738,0.054711246200607855,329,0,0,40,0.975,0
43.42145,2,0,0,0.0,28.665720998105826,0.6789519975427538,28.699624999717344,0.054545454545454564,330,0,0,21,0.9851190476190477,0
43.44523,1,0,0,0.0,23.75446700170869,0.5848840010003187,23.78267499807407,0.0,331,0,0,0,0.0,0
48.49542,1,1,198,25.40810700156726,23.94587099843193,0.5403609975473955,49.40790800174,0.0,198,0,0,13,0.9567307692307693,0
48.51899,1,0,0,0.0,23.541779002698604,0.5382359995564912,23.560811001516413,0.0,199,0,0,13,0.9615384615384616,0
48.54241,1,0,0,0.0,23.39249699798529,0.5288539978209883,23.416577001626138,0.0,200,0,0,13,0.9663461538461539,0
48.56578,1,0,0,0.0,23.34574699852965,0.5547229993680958,23.367239999060985,0.0,201,0,0,13,0.9711538461538461,0
48.58913,1,0,0,0.0,23.31921499717282,0.5514869990292937,23.341759999311762,0.0,202,0,0,13,0.9759615384615384,0
48.61277,1,0,0,0.0,23.613167999428697,0.5173859972273931,23.634008000954054,0.0,203,0,0,13,0.9807692307692307,0
48.63743,1,0,0,0.0,24.637327001983067,0.5478330022015143,24.66283600006136,0.0,204,0,0,13,0.9855769230769231,0
48.66183,1,0,0,0.0,24.37227300106315,0.5739650005125441,24.39665500060073,0.0,205,0,0,13,0.9903846153846154,0
48.68532,1,0,0,0.0,23.456593000446446,0.5656069988617674,23.477933998947265,0.0,206,0,0,13,0.9951923076923077,0
48.70872,1,0,0,0.0,23.379833000944927,0.53964800099493,23.399055997288087,0.0,207,0,0,13,1.0,0
48.73889,1,0,0,0.0,30.141801998979645,0.5415830019046552,30.16683999885572,0.0,208,0,0,14,0.9330357142857143,0
48.76255,1,0,0,0.0,23.63535200129263,0.5976169995847158,23.656574998312863,0.0,209,0,0,14,0.9375,0
48.78583,1,0,0,0.0,23.249075002240716,0.5505780027306173,23.27028999934555,0.0,210,0,0,14,0.9419642857142857,0
48.80942,1,0,0,0.0,23.570829998789122,0.5490809999173507,23.592392000864493,0.0,211,0,0,14,0.9464285714285714,0
48.83284,1,0,0,0.0,23.38670999961323,0.5503089996636845,23.409532001096522,0.0,212,0,0,14,0.9508928571428571,0
48.85617,1,0,0,0.0,23.309644999244483,0.5508940012077801,23.331895001319936,0.0,213,0,0,14,0.9553571428571429,0
48.87985,1,0,0,0.0,23.646928002563072,0.5346809994080104,23.66903700021794,0.0,214,0,0,14,0.9598214285714286,0
48.90313,1,0,0,0.0,23.255529999005375,0.5563509985222481,23.277915999642573,0.0,215,0,0,14,0.9642857142857143,0
48.92664,1,0,0,0.0,23.488756000006106,0.5306599996401928,23.507969999627676,0.0,216,0,0,14,0.96875,0
48.95059,1,0,0,0.0,23.922799999127164,0.5467259979923256,23.946370001795003,0.0,217,0,0,14,0.9732142857142857,0
48.97421,1,0,0,0.0,23.596475999511313,0.6079019985918421,23.618795999936992,0.0,218,0,0,14,0.9776785714285714,0
48.99774,1,0,0,0.0,23.498742000811035,0.5408489996625576,23.519046997535042,0.0,219,0,0,14,0.9821428571428571,0
49.02133,1,0,0,0.0,23.56431099906331,0.5431339995993767,23.58565300164628,0.0,220,0,0,14,0.9866071428571429,0
49.04484,1,0,0,0.0,23.480903000745457,0.5566799991356675,23.505022003519116,0.0,221,0,0,14,0.9910714285714286,0
49.06816,1,0,0,0.0,23.294571998121683,0.5604120015050285,23.316296999837505,0.0,222,0,0,14,0.9955357142857143,0
49.09142,1,0,0,0.0,23.22942400132888,0.5269819994282443,23.25018400006229,0.0,223,0,0,14,1.0,0
49.11517,1,0,0,0.0,23.72328599813045,0.5290739973133896,23.746908002067357,0.0,224,0,0,15,0.9375,0
49.13858,1,0,0,0.0,23.382502997264965,0.5405990013969131,23.404325998853892,0.0,225,0,0,15,0.9416666666666667,0
49.16206,1,0,0,0.0,23.461430999304866,0.5683780000254046,23.496396002883557,0.0,226,0,0,15,0.9458333333333333,0
49.21616,2,1,182,25.35105200149701,28.688907998002833,0.6256939996092115,54.07678700066754,0.09911894273127753,227,0,0,27,0.9513888888888888,0
49.24448,2,0,0,0.0,28.28986500026076,0.6057790014892817,28.31187899937504,0.09868421052631582,228,0,0,27,0.9560185185185185,0
49.27293,2,0,0,0.0,28.430705999198835,0.6518100017274264,28.45362000152818,0.09825327510917026,229,0,0,27,0.9606481481481481,0
49.30144,2,0,0,0.0,28.47909000047366,0.6312510013231076,28.501698998297798,0.09782608695652173,230,0,0,27,0.9652777777777778,0
49.32943,2,0,0,0.0,27.966721998382127,0.6254569998418447,27.9906089999713,0.09740259740259738,231,0,0,27,0.9699074074074074,0
49.35802,2,0,0,0.0,28.55558800001745,0.654535000649048,28.57966900046449,0.09698275862068961,232,0,0,27,0.9745370370370371,0
49.38643,2,0,0,0.0,28.385292000166373,0.6267319986363873,28.406114997778786,0.09656652360515017,233,0,0,27,0.9791666666666666,0
49.41525,2,0,0,0.0,28.799198000342585,0.6038860010448843,28.820065999752842,0.09615384615384615,234,0,0,27,0.9837962962962963,0
49.44426,2,0,0,0.0,28.979710998100927,0.6654330027231481,29.00228599901311,0.0957446808510638,235,0,0,27,0.9884259259259259,0
49.47273,2,0,0,0.0,28.44595799979288,0.6177559989737347,28.467469001043355,0.09533898305084743,236,0,0,27,0.9930555555555556,0
49.5014,2,0,0,0.0,28.631502002099296,0.6349970026349183,28.66621500288602,0.09493670886075944,237,0,0,28,0.9620535714285714,0
49.53002,2,0,0,0.0,28.59634799824562,0.6243780007935129,28.61741800006712,0.09453781512605042,238,0,0,28,0.9665178571428571,0
49.55791,2,0,0,0.0,27.85563799989177,0.6218279995664489,27.879608001967426,0.09414225941422594,239,0,0,28,0.9709821428571429,0
49.58653,2,0,0,0.0,28.588061999471392,0.6490910018328577,28.61373600171646,0.09375,240,0,0,29,0.9418103448275862,0
49.61518,2,0,0,0.0,28.62531000209856,0.6375330012815539,28.645770998991793,0.09336099585062241,241,0,0,29,0.9461206896551724,0
49.64386,2,0,0,0.0,28.66110000104527,0.6234879983821884,28.684491000603884,0.09297520661157022,242,0,0,29,0.9504310344827587,0
49.67313,2,0,0,0.0,29.23870399899897,0.6911109994689468,29.263077998621156,0.09259259259259256,243,0,0,29,0.9547413793103449,0
49.70156,2,0,0,0.0,28.404761000274448,0.6310490025498439,28.42846100247698,0.09221311475409832,244,0,0,29,0.959051724137931,0
49.7301,2,0,0,0.0,28.509289997600717,0.6404460000339895,28.533225999126444,0.09183673469387754,245,0,0,29,0.9633620689655172,0
49.75868,2,0,0,0.0,28.549301001476124,0.6367689966282342,28.573456998856273,0.09146341463414631,246,0,0,29,0.9676724137931034,0
49.78632,2,0,0,0.0,27.60929600117379,0.6550239995704032,27.634907000901876,0.09109311740890691,247,0,0,29,0.9719827586206896,0
49.84093,3,1,211,25.301343001046916,29.265168002893915,0.753029999032151,54.61151800045627,0.11021505376344087,248,0,0,43,0.9665697674418605,0
49.86981,3,0,0,0.0,28.848557998571778,0.7517020021623466,28.87507299965364,0.1097724230254351,249,0,0,43,0.9709302325581395,0
49.89859,3,0,0,0.0,28.74853399771382,0.7398689995170571,28.773775997251505,0.10933333333333328,250,0,0,43,0.9752906976744186,0
49.92762,3,0,0,0.0,29.001430000789696,0.7560529993497767,29.025316001934698,0.10889774236387784,251,0,0,43,0.9796511627906976,0
49.95663,3,0,0,0.0,28.97522300190758,0.7377059991995338,29.001213999436004,0.10846560846560849,252,0,0,43,0.9840116279069767,0
49.98557,3,0,0,0.0,28.91127300244989,0.7949169994390104,28.939870000613155,0.1080368906455863,253,0,0,44,0.9659090909090909,0
50.01454,3,0,0,0.0,28.93829800086678,0.7540500009781681,28.960965002625016,0.1076115485564304,254,0,0,44,0.9701704545454546,0
50.04361,3,0,0,0.0,29.044613998848945,0.768660000176169,29.073229001369327,0.10718954248366008,255,0,0,44,0.9744318181818182,0
50.07682,3,0,0,0.0,33.173149000504054,0.9655299982114229,33.2028189986886,0.10677083333333337,256,0,0,45,0.9569444444444445,0
50.10597,3,0,0,0.0,29.112080999766476,0.7551779999630526,29.139296999346698,0.10635538261997401,257,0,0,45,0.9611111111111111,0
50.13535,3,0,0,0.0,29.346937000809703,0.7854989999032114,29.37286700034747,0.10594315245478036,258,0,0,45,0.9652777777777778,0
50.16441,3,0,0,0.0,29.036848001851467,0.7646359990758356,29.062382000120124,0.10553410553410558,259,0,0,45,0.9694444444444444,0
50.1936,3,0,0,0.0,29.160072997910902,0.7619620009791106,29.187004998675548,0.10512820512820509,260,0,0,45,0.9736111111111111,0
50.22285,3,0,0,0.0,29.21666000111145,0.7760449989291374,29.243175998999504,0.10472541507024269,261,0,0,46,0.9565217391304348,0
50.25202,3,0,0,0.0,29.13419700053055,0.8013850019779056,29.160459998820443,0.10432569974554706,262,0,0,46,0.9605978260869565,0
50.28058,3,0,0,0.0,28.530855001008604,0.7759699983580504,28.55675599857932,0.10392902408111537,263,0,0,46,0.9646739130434783,0
50.30961,3,0,0,0.0,29.000155001995154,0.7682469986320939,29.025509997154586,0.10353535353535348,264,0,0,46,0.96875,0
50.33897,3,0,0,0.0,29.33521199884126,0.8724459985387512,29.361042001255555,0.10314465408805029,265,0,0,46,0.9728260869565217,0
50.36812,3,0,0,0.0,29.114565000782022,0.7832009978301357,29.14047599915648,0.10275689223057649,266,0,0,46,0.9769021739130435,0
50.39711,3,0,0,0.0,28.951660999155138,0.7472529978258535,28.98567599913804,0.10237203495630465,267,0,0,29,0.978448275862069,0
50.42605,2,0,0,0.0,28.915565999341197,0.6602480025321711,28.93975699771545,0.017316017316017285,231,0,0,29,0.9827586206896551,0
50.45503,2,0,0,0.0,28.933190998941427,0.6642280022788327,28.975229000934632,0.017241379310344862,232,0,0,30,0.9541666666666667,0
50.48388,2,0,0,0.0,28.813408000132767,0.646759999654023,28.838452002673876,0.01716738197424894,233,0,0,30,0.9583333333333334,0
50.51306,2,0,0,0.0,29.15563600254245,0.6693460018141195,29.178401997342007,0.017094017094017144,234,0,0,30,0.9625,0
50.5419,2,0,0,0.0,28.79930899871397,0.6600310007343069,28.824996999901487,0.017021276595744705,235,0,0,30,0.9666666666666667,0
50.57119,2,0,0,0.0,29.255309000291163,0.6683909996354487,29.282120001880685,0.016949152542372836,236,0,0,30,0.9708333333333333,0
50.59985,2,0,0,0.0,28.63177099789027,0.6783850003557745,28.657826002017828,0.016877637130801704,237,0,0,30,0.975,0
50.62896,2,0,0,0.0,29.078944000502815,0.7225850022223312,29.103397999278968,0.01680672268907568,238,0,0,30,0.9791666666666666,0
50.65709,2,0,0,0.0,28.084817000490148,0.6624849993386306,28.124453998316312,0.01673640167364021,239,0,0,30,0.9833333333333333,0
50.68582,2,0,0,0.0,28.69715199994971,0.6578419997822493,28.72517000287189,0.01666666666666672,240,0,0,31,0.9556451612903226,0
50.71487,2,0,0,0.0,29.02048299802118,0.660367000818951,29.043182999885175,0.016597510373444035,241,0,0,31,0.9596774193548387,0
50.74369,2,0,0,0.0,28.791839999030344,0.6625239984714426,28.81665899985819,0.016528925619834656,242,0,0,31,0.9637096774193549,0
50.77281,2,0,0,0.0,29.086257000017213,0.7123389987100381,29.112751999491593,0.016460905349794275,243,0,0,31,0.967741935483871,0
50.80096,2,0,0,0.0,28.119814000092447,0.6775330002710689,28.144621002866188,0.016393442622950838,244,0,0,31,0.9717741935483871,0
50.82973,2,0,0,0.0,28.741903999616625,0.6642320004175417,28.766607996658422,0.01632653061224487,245,0,0,31,0.9758064516129032,0
50.85872,2,0,0,0.0,28.965137997147394,0.6904280016897246,28.98991400070372,0.016260162601625994,246,0,0,31,0.9798387096774194,0
50.88679,2,0,0,0.0,28.03404700171086,0.67078199936077,28.063530000508763,0.01619433198380571,247,0,0,31,0.9838709677419355,0
50.91567,2,0,0,0.0,28.852262999862432,0.6675089971395209,28.878434997750446,0.016129032258064502,248,0,0,32,0.95703125,0
50.94467,2,0,0,0.0,28.965108998818323,0.704677000612719,28.988672002014937,0.016064257028112428,249,0,0,32,0.9609375,0
50.97348,2,0,0,0.0,28.785842001525452,0.6780680014344398,28.81075600089389,0.016000000000000014,250,0,0,32,0.96484375,0
51.00227,2,0,0,0.0,28.7648999983503,0.6771319967810996,28.789220999897225,0.015936254980079667,251,0,0,32,0.96875,0
51.03103,2,0,0,0.0,28.73100899887504,0.6632750009885058,28.75208900150028,0.015873015873015928,252,0,0,32,0.97265625,0
51.0595,2,0,0,0.0,28.44055099922116,0.6690299996989779,28.464377002819674,0.015810276679841917,253,0,0,32,0.9765625,0
51.08812,2,0,0,0.0,28.589670000656042,0.6876039988128468,28.613758000574308,0.015748031496062964,254,0,0,32,0.98046875,0
51.11619,2,0,0,0.0,28.044153998052934,0.6666439985565376,28.06545099883806,0.015686274509803977,255,0,0,32,0.984375,0
51.14489,2,0,0,0.0,28.668178998486837,0.6484010009444319,28.696294000837952,0.015625,256,0,0,33,0.9583333333333334,0
51.17354,2,0,0,0.0,28.627383999264566,0.673335998726543,28.65214399935212,0.015564202334630295,257,0,0,33,0.9621212121212122,0
51.20221,2,0,0,0.0,28.636077000555815,0.6688869980280288,28.659689000051003,0.015503875968992276,258,0,0,33,0.9659090909090909,0
51.23114,2,0,0,0.0,28.897938998852624,0.6563489987456705,28.920788998220814,0.015444015444015413,259,0,0,33,0.9696969696969697,0
51.25979,2,0,0,0.0,28.628683001443278,0.6712780013913289,28.653427001700038,0.01538461538461533,260,0,0,33,0.9734848484848485,0
51.28844,2,0,0,0.0,28.614524999284185,0.6728959997417405,28.63830199930817,0.01532567049808431,261,0,0,33,0.9772727272727273,0
51.31742,2,0,0,0.0,28.960266001377022,0.676690000545932,28.98260000074515,0.01526717557251911,262,0,0,33,0.9810606060606061,0
51.3454,2,0,0,0.0,27.94899900254677,0.6964809981582221,27.972046998911537,0.01520912547528519,263,0,0,33,0.9848484848484849,0
51.37406,2,0,0,0.0,28.632325997023145,0.6925220004632138,28.674380999291316,0.015151515151515138,264,0,0,34,0.9595588235294118,0
51.40272,2,0,0,0.0,28.60357700046734,0.6731889989168849,28.634479000174906,0.015094339622641506,265,0,0,17,0.9779411764705882,0
51.42737,1,0,0,0.0,24.63173599971924,0.5754349986091256,24.654304997966392,0.0,266,0,0,17,0.9816176470588235,0
51.45152,1,0,0,0.0,24.114968000503723,0.5716970008506905,24.139547000231687,0.0,267,0,0,17,0.9852941176470589,0
51.47544,1,0,0,0.0,23.892165001598187,0.6117980010458268,23.913980003271718,0.0,268,0,0,17,0.9889705882352942,0
51.49923,1,0,0,0.0,23.767206999764312,0.5705230032617692,23.789781997038517,0.0,269,0,0,17,0.9926470588235294,0
51.5235,1,0,0,0.0,24.244067000836367,0.5939609982306138,24.265683998237364,0.0,270,0,0,17,0.9963235294117647,0
51.54749,1,0,0,0.0,23.965141997905448,0.6016480001562741,23.98754000023473,0.0,271,0,0,17,1.0,0
51.57127,1,0,0,0.0,23.750369997287635,0.5752529978053644,23.774317996867467,0.0,272,0,0,18,0.9479166666666666,0
51.59496,1,0,0,0.0,23.662521998630837,0.5674700005329214,23.684230000071693,0.0,273,0,0,18,0.9513888888888888,0
51.61906,1,0,0,0.0,24.07533200312173,0.5773299999418668,24.09641200210899,0.0,274,0,0,18,0.9548611111111112,0
51.64292,1,0,0,0.0,23.82250600203406,0.6063079999876209,23.84656700087362,0.0,275,0,0,18,0.9583333333333334,0
51.66887,1,0,0,0.0,25.917642000422347,0.5873109985259362,25.941215997590916,0.0,276,0,0,18,0.9618055555555556,0
51.69251,1,0,0,0.0,23.61064599972451,0.5866700012120418,23.63954999964335,0.0,277,0,0,18,0.9652777777777778,0
51.71654,1,0,0,0.0,23.996140000235755,0.5903519995626993,24.01619100055541,0.0,278,0,0,18,0.96875,0
51.74085,1,0,0,0.0,24.292026999319205,0.6001029978506267,24.31344300202909,0.0,279,0,0,18,0.9722222222222222,0
51.76521,1,0,0,0.0,24.33432800171431,0.6132870003057178,24.35769200019422,0.0,280,0,0,18,0.9756944444444444,0
51.79045,1,0,0,0.0,25.2054410011624,0.58105800053454,25.22953700099606,0.0,281,0,0,18,0.9791666666666666,0
51.81447,1,0,0,0.0,23.999050001293654,0.5846990025020204,24.022238998441026,0.0,282,0,0,18,0.9826388888888888,0
51.83859,1,0,0,0.0,24.08442100204411,0.6699459991068579,24.107168999762507,0.0,283,0,0,18,0.9861111111111112,0
51.86274,1,0,0,0.0,24.123586001223885,0.6280050001805648,24.15386299981037,0.0,284,0,0,18,0.9895833333333334,0
51.88696,1,0,0,0.0,24.190817999624414,0.6257729983190075,24.21402799882344,0.0,285,0,0,18,0.9930555555555556,0
51.91101,1,0,0,0.0,24.022321002121316,0.6051679993106518,24.042990000452846,0.0,286,0,0,18,0.9965277777777778,0
51.93509,1,0,0,0.0,24.039315998379607,0.5903179990127683,24.077563000901137,0.0,287,0,0,18,1.0,0
51.95904,1,0,0,0.0,23.91757300210884,0.5605839978670701,23.9431619993411,0.0,288,0,0,19,0.9506578947368421,0
51.98292,1,0,0,0.0,23.850797002523905,0.5975569984002504,23.87082499990356,0.0,289,0,0,19,0.9539473684210527,0
52.0067,1,0,0,0.0,23.762615001032827,0.5718530010199174,23.78243099883548,0.0,290,0,0,19,0.9572368421052632,0
52.03072,1,0,0,0.0,23.995624000235694,0.587238999287365,24.015472998144105,0.0,291,0,0,19,0.9605263157894737,0
52.05468,1,0,0,0.0,23.928516002342803,0.5910680010856595,23.95706499737571,0.0,292,0,0,19,0.9638157894736842,0
52.07844,1,0,0,0.0,23.72913200088078,0.6005010000080802,23.750096999719972,0.0,293,0,0,19,0.9671052631578947,0
52.1023,1,0,0,0.0,23.835169999074424,0.5579279968515038,23.85777900053654,0.0,294,0,0,19,0.9703947368421053,0
52.12607,1,0,0,0.0,23.73838700077613,0.5850429988640826,23.772818996803835,0.0,295,0,0,19,0.9736842105263158,0
52.14965,1,0,0,0.0,23.543462000816362,0.5746060014644172,23.56594900265918,0.0,296,0,0,19,0.9769736842105263,0
52.17339,1,0,0,0.0,23.71567999944091,0.5960999988019466,23.73866000198177,0.0,297,0,0,19,0.9802631578947368,0
52.19712,1,0,0,0.0,23.70130999770481,0.5734180012950674,23.726619998342358,0.0,298,0,0,19,0.9835526315789473,0
52.22097,1,0,0,0.0,23.81472900015069,0.5681670008925721,23.84219999657944,0.0,299,0,0,0,0.0,0
52.80305,1,1,135,26.257685996824875,24.044147998210974,0.5643990007229149,50.35937300272053,0.0,135,0,0,9,0.9444444444444444,0
52.82722,1,0,0,0.0,24.144044000422582,0.5285789993649814,24.164857000869233,0.0,136,0,0,9,0.9513888888888888,0
52.88185,2,1,174,25.54383200185839,29.038296001090202,0.6298009975580499,54.62238300242461,0.10632183908045978,174,0,0,20,0.978125,0
52.90999,2,0,0,0.0,28.11085000212188,0.625520999165019,28.13440099998843,0.10571428571428576,175,0,0,20,0.984375,0
52.93888,2,0,0,0.0,28.859235000709305,0.6237919988052454,28.884307997941505,0.10511363636363635,176,0,0,21,0.9434523809523809,0
52.9679,2,0,0,0.0,28.99180300300941,0.6282329995883629,29.016268003033474,0.10451977401129942,177,0,0,21,0.9494047619047619,0
52.99658,2,0,0,0.0,28.654958001425257,0.6155030023364816,28.677420999883907,0.1039325842696629,178,0,0,21,0.9553571428571429,0
53.0254,2,0,0,0.0,28.78922400122974,0.6399580015568063,28.811172996938694,0.1033519553072626,179,0,0,21,0.9613095238095238,0
53.05392,2,0,0,0.0,28.495055998064345,0.600202998612076,28.518092000012984,0.10277777777777775,180,0,0,21,0.9672619047619048,0
53.08243,2,0,0,0.0,28.487995001341915,0.62036900271778,28.512485001556342,0.10220994475138123,181,0,0,22,0.9289772727272727,0
53.11105,2,0,0,0.0,28.588240002136445,0.5805530017823912,28.612554000574164,0.10164835164835162,182,0,0,22,0.9346590909090909,0
53.16404,3,1,223,24.70856400032062,28.221843000210356,0.6900279986439273,52.98678500184906,0.17488789237668156,223,0,0,36,0.9635416666666666,0
53.19314,3,0,0,0.0,29.06820600037463,0.6764739991922397,29.096122001647018,0.1741071428571429,224,0,0,37,0.9425675675675675,0
53.22202,3,0,0,0.0,28.840576000220608,0.6789569997636136,28.862711998954182,0.17333333333333334,225,0,0,37,0.9476351351351351,0
53.25087,3,0,0,0.0,28.816227000788786,0.7189269999798853,28.8410200009821,0.17256637168141598,226,0,0,37,0.9527027027027027,0
53.27977,3,0,0,0.0,28.87323100003414,0.7369289996859152,28.89726499779499,0.17180616740088106,227,0,0,37,0.9577702702702703,0
53.30836,3,0,0,0.0,28.55940000154078,0.6804849981563166,28.581812999618705,0.17105263157894735,228,0,0,37,0.9628378378378378,0
53.3373,3,0,0,0.0,28.921696997713298,0.6707579996145796,28.945858000952285,0.17030567685589515,229,0,0,37,0.9679054054054054,0
53.3659,3,0,0,0.0,28.563634001329774,0.6946079993213061,28.58654399824445,0.16956521739130437,230,0,0,37,0.972972972972973,0
53.39387,3,0,0,0.0,27.942703000007896,0.7095059991115704,27.96450999812805,0.16883116883116878,231,0,0,37,0.9780405405405406,0
53.4229,3,0,0,0.0,29.00243799740565,0.7091980005498044,29.026041000179248,0.1681034482758621,232,0,0,38,0.9572368421052632,0
53.45154,3,0,0,0.0,28.620214001421118,0.7177090010372922,28.64291199875879,0.1673819742489271,233,0,0,38,0.962171052631579,0
53.47995,3,0,0,0.0,28.383490000123857,0.7064790006552357,28.407803001755383,0.16666666666666663,234,0,0,38,0.9671052631578947,0
53.50883,3,0,0,0.0,28.847817000496434,0.7279329984157812,28.872298997157486,0.16595744680851066,235,0,0,38,0.9720394736842105,0
53.53787,3,0,0,0.0,29.014484000072116,0.7133450017136056,29.035795996605884,0.1652542372881356,236,0,0,38,0.9769736842105263,0
53.56684,3,0,0,0.0,28.933790999872144,0.7179040003393311,28.9615869987756,0.16455696202531644,237,0,0,39,0.9567307692307693,0
53.59555,3,0,0,0.0,28.682944001047872,0.7115080006769858,28.70639899992966,0.16386554621848737,238,0,0,39,0.9615384615384616,0
53.624,3,0,0,0.0,28.42108899858431,0.7073400010995101,28.444088999094674,0.16317991631799167,239,0,0,39,0.9663461538461539,0
53.65293,3,0,0,0.0,28.901802998007042,0.7281520011019893,28.928112998983124,0.16249999999999998,240,0,0,40,0.946875,0
53.68138,3,0,0,0.0,28.428175999579253,0.7190059986896813,28.450977999455063,0.16182572614107882,241,0,0,40,0.9515625,0
53.70983,3,0,0,0.0,28.420348000508966,0.7095159999153111,28.444399998988956,0.16115702479338845,242,0,0,40,0.95625,0
53.73853,3,0,0,0.0,28.66747400184977,0.7489570016332436,28.69030000147177,0.16049382716049387,243,0,0,40,0.9609375,0
53.7679,3,0,0,0.0,29.349024000111967,0.7275099997059442,29.374358000495704,0.1598360655737705,244,0,0,40,0.965625,0
53.79721,3,0,0,0.0,29.274798998812912,0.7683889998588711,29.300649999640882,0.15918367346938778,245,0,0,40,0.9703125,0
53.82623,3,0,0,0.0,28.984491997107398,0.7253990006574895,29.008090998104308,0.1585365853658537,246,0,0,40,0.975,0
53.85466,3,0,0,0.0,28.411579001840437,0.7153320002544206,28.437278997444082,0.1578947368421053,247,0,0,40,0.9796875,0
53.88341,3,0,0,0.0,28.71149900238379,0.7417400011036079,28.740534999087686,0.157258064516129,248,0,0,41,0.9603658536585366,0
53.91206,3,0,0,0.0,28.621251996810315,0.737169997591991,28.660501997364918,0.15662650602409633,249,0,0,41,0.9649390243902439,0
53.94071,3,0,0,0.0,28.60022299864795,0.7140449997677933,28.62379300131579,0.15600000000000003,250,0,0,41,0.9695121951219512,0
53.9693,3,0,0,0.0,28.56691900160513,0.7155320017773192,28.59162100139656,0.15537848605577687,251,0,0,41,0.9740853658536586,0
53.99792,3,0,0,0.0,28.58452100190334,0.712037999619497,28.61454700178001,0.15476190476190477,252,0,0,30,0.9708333333333333,0
54.02666,2,0,0,0.0,28.71329199842876,0.6533180021506269,28.73412999906577,0.07905138339920947,253,0,0,30,0.975,0
54.05559,2,0,0,0.0,28.903851998620667,0.6856689979031216,28.928520001500146,0.07874015748031493,254,0,0,30,0.9791666666666666,0
54.08285,2,0,0,0.0,27.234401997702662,0.6595289996766951,27.25746600117418,0.07843137254901966,255,0,0,30,0.9833333333333333,0
54.1107,2,0,0,0.0,27.817874997708714,0.6272030004765838,27.842793002491817,0.078125,256,0,0,31,0.9556451612903226,0
54.13891,2,0,0,0.0,28.179679000459146,0.6428640008380171,28.200926000863547,0.0778210116731517,257,0,0,31,0.9596774193548387,0
54.16684,2,0,0,0.0,27.90709599867114,0.6450359978771303,27.92995700292522,0.07751937984496127,258,0,0,31,0.9637096774193549,0
54.19485,2,0,0,0.0,27.982270999928005,0.6330300020636059,28.00613499857718,0.07722007722007718,259,0,0,31,0.967741935483871,0
54.22296,2,0,0,0.0,28.07990400106064,0.641994000034174,28.10159399814438,0.07692307692307687,260,0,0,31,0.9717741935483871,0
54.25087,2,0,0,0.0,27.887978998478502,0.6493389992101584,27.911201999813784,0.07662835249042144,261,0,0,31,0.9758064516129032,0
54.27892,2,0,0,0.0,28.021433001413243,0.6441309997171629,28.045405000739265,0.07633587786259544,262,0,0,31,0.9798387096774194,0
54.30637,2,0,0,0.0,27.425784999650205,0.6747369989170693,27.44958699986455,0.07604562737642584,263,0,0,31,0.9838709677419355,0
54.33474,2,0,0,0.0,28.331686000456102,0.6316360013443045,28.366455000650603,0.0757575757575758,264,0,0,32,0.95703125,0
54.36296,2,0,0,0.0,28.182114998344332,0.6715620002069045,28.206709001096897,0.07547169811320753,265,0,0,32,0.9609375,0
54.39096,2,0,0,0.0,27.971421997790458,0.6903649991727434,27.99376800248865,0.07518796992481203,266,0,0,32,0.96484375,0
54.41924,2,0,0,0.0,28.25701400070102,0.6369139991875272,28.27949700076715,0.07490636704119846,267,0,0,32,0.96875,0
54.44771,2,0,0,0.0,28.44514999742387,0.6721809986629523,28.468518998124637,0.07462686567164178,268,0,0,32,0.97265625,0
54.47559,2,0,0,0.0,27.850340997247258,0.6538969973917119,27.871315000083996,0.07434944237918217,269,0,0,32,0.9765625,0
54.5036,2,0,0,0.0,27.983490999758942,0.6385029992088675,28.007305998471566,0.07407407407407407,270,0,0,32,0.98046875,0
54.53124,2,0,0,0.0,27.61060299962992,0.6681220002064947,27.630188000330236,0.07380073800738007,271,0,0,32,0.984375,0
54.55911,2,0,0,0.0,27.842783001688076,0.6295630009844899,27.866423002706142,0.07352941176470584,272,0,0,33,0.9583333333333334,0
54.58709,2,0,0,0.0,27.940250001847744,0.6479959993157536,27.97763099806616,0.07326007326007322,273,0,0,33,0.9621212121212122,0
54.61497,2,0,0,0.0,27.86040499995579,0.6431869987864047,27.88365100059309,0.07299270072992703,274,0,0,33,0.9659090909090909,0
54.64295,2,0,0,0.0,27.952404001553077,0.6455780021497048,27.973950000159675,0.07272727272727275,275,0,0,33,0.9696969696969697,0
54.67103,2,0,0,0.0,28.045510000083596,0.6564779978361912,28.069501000572927,0.07246376811594202,276,0,0,33,0.9734848484848485,0
54.69884,2,0,0,0.0,27.785373000369873,0.6549610006914008,27.805916000943398,0.07220216606498198,277,0,0,33,0.9772727272727273,0
54.72694,2,0,0,0.0,28.075778998754686,0.6429570021282416,28.09794299901114,0.07194244604316546,278,0,0,33,0.9810606060606061,0
54.7546,2,0,0,0.0,27.630472999589983,0.6717779979226179,27.65383599762572,0.07168458781362008,279,0,0,33,0.9848484848484849,0
54.78274,2,0,0,0.0,28.111752999393502,0.6832240032963455,28.145013999164803,0.0714285714285714,280,0,0,34,0.9595588235294118,0
54.81091,2,0,0,0.0,28.13291699931142,0.6544640018546488,28.1551230000332,0.07117437722419928,281,0,0,34,0.9632352941176471,0
54.83965,2,0,0,0.0,28.72194399969885,0.6604419977520593,28.744609997374937,0.07092198581560283,282,0,0,34,0.9669117647058824,0
54.86788,2,0,0,0.0,28.2011950002925,0.6844199997431133,28.22578099949169,0.07067137809187274,283,0,0,34,0.9705882352941176,0
54.8959,2,0,0,0.0,27.99079499891377,0.6725009989168029,28.01636400181451,0.07042253521126762,284,0,0,34,0.9742647058823529,0
54.92423,2,0,0,0.0,28.298536999500357,0.6619679988943972,28.321257999778027,0.07017543859649122,285,0,0,34,0.9779411764705882,0
54.95228,2,0,0,0.0,28.022554997733096,0.6669260001217481,28.045561000908492,0.0699300699300699,286,0,0,34,0.9816176470588235,0
54.97991,2,0,0,0.0,27.59399100250448,0.6555580002896022,27.626664999843342,0.06968641114982577,287,0,0,16,0.96875,0
55.00297,1,0,0,0.0,23.029537998809246,0.5453990015666932,23.050994997902308,0.0,248,0,0,16,0.97265625,0
55.02605,1,0,0,0.0,23.059804996591993,0.5560530007642228,23.079115999280475,0.0,249,0,0,16,0.9765625,0
55.04893,1,0,0,0.0,22.860952998598805,0.530384000740014,22.881388998939656,0.0,250,0,0,16,0.98046875,0
55.07204,1,0,0,0.0,23.083271000359673,0.5524589978449512,23.106156000721967,0.0,251,0,0,16,0.984375,0
55.09517,1,0,0,0.0,23.096396998880664,0.5611950000457,23.11710199865047,0.0,252,0,0,16,0.98828125,0
55.11815,1,0,0,0.0,22.960997997870436,0.5392890016082674,22.983522998401895,0.0,253,0,0,16,0.9921875,0
55.14138,1,0,0,0.0,23.196643000119366,0.5618770010187291,23.218423000798794,0.0,254,0,0,16,0.99609375,0
55.16467,1,0,0,0.0,23.263934002898168,0.5797730009362567,23.286248000658816,0.0,255,0,0,16,1.0,0
55.21652,2,1,207,23.908805000246502,27.894203998585,0.6277520005824044,51.84640700099408,0.095703125,256,0,0,30,0.96875,0
55.24472,2,0,0,0.0,28.16779600107111,0.6397050019586459,28.19807400010177,0.09533073929961089,257,0,0,14,0.9330357142857143,0
55.26766,1,0,0,0.0,22.912516000360483,0.5555579991778359,22.93296899733832,0.0,209,0,0,14,0.9375,0
55.29055,1,0,0,0.0,22.866024999530055,0.532635000126902,22.887580998940393,0.0,210,0,0,14,0.9419642857142857,0
55.31356,1,0,0,0.0,22.982629998296034,0.5406630007200874,23.00378899963107,0.0,211,0,0,14,0.9464285714285714,0
55.33678,1,0,0,0.0,23.194800000055693,0.5501949999597855,23.21514399955049,0.0,212,0,0,14,0.9508928571428571,0
55.35963,1,0,0,0.0,22.829779001767747,0.5381890005082823,22.851270998216933,0.0,213,0,0,14,0.9553571428571429,0
55.38263,1,0,0,0.0,22.96827600002871,0.5495180012076162,22.990831999777583,0.0,214,0,0,14,0.9598214285714286,0
55.4055,1,0,0,0.0,22.843955001008,0.5880579992663115,22.864563998155063,0.0,215,0,0,14,0.9642857142857143,0
55.42896,1,0,0,0.0,23.44189500217908,0.5237820005277172,23.460808999516303,0.0,216,0,0,14,0.96875,0
55.4523,1,0,0,0.0,23.31067400155007,0.5634369990730193,23.333555000135675,0.0,217,0,0,14,0.9732142857142857,0
55.47531,1,0,0,0.0,22.979325000051176,0.5580889992415905,23.00024400028633,0.0,218,0,0,14,0.9776785714285714,0
55.49825,1,0,0,0.0,22.91601699835155,0.5161819972272497,22.937219000596087,0.0,219,0,0,14,0.9821428571428571,0
55.52143,1,0,0,0.0,23.15528199687833,0.538660999154672,23.17867099918658,0.0,220,0,0,14,0.9866071428571429,0
55.54471,1,0,0,0.0,23.25368999663624,0.5466010006784927,23.275187999388436,0.0,221,0,0,14,0.9910714285714286,0
55.56764,1,0,0,0.0,22.908325998287182,0.5528670008061454,22.929970000404865,0.0,222,0,0,14,0.9955357142857143,0
55.59037,1,0,0,0.0,22.7065280014358,0.5442529982246924,22.72593199813855,0.0,223,0,0,14,1.0,0
55.61341,1,0,0,0.0,23.013188001641538,0.5217590005486272,23.03727500111563,0.0,224,0,0,15,0.9375,0
55.63665,1,0,0,0.0,23.21042399853468,0.5531550013984088,23.23053600048297,0.0,225,0,0,15,0.9416666666666667,0
55.65959,1,0,0,0.0,22.9195179999806,0.5456500002765097,22.953501000301912,0.0,226,0,0,15,0.9458333333333333,0
55.68253,1,0,0,0.0,22.902009997778805,0.5478849998326041,22.923518998140935,0.0,227,0,0,15,0.95,0
55.70561,1,0,0,0.0,23.052722001011716,0.561048997042235,23.075737997714896,0.0,228,0,0,15,0.9541666666666667,0
55.72918,1,0,0,0.0,23.54392399865901,0.572592001844896,23.566145999211585,0.0,229,0,0,15,0.9583333333333334,0
55.75263,1,0,0,0.0,23.41528900069534,0.5713169994123746,23.43862599809654,0.0,230,0,0,15,0.9625,0
55.77663,1,0,0,0.0,23.976243999641156,0.6396009994205087,24.000117999094073,0.0,231,0,0,15,0.9666666666666667,0
55.79998,1,0,0,0.0,23.325286001636414,0.5969520025246311,23.3508109995455,0.0,232,0,0,15,0.9708333333333333,0
55.82364,1,0,0,0.0,23.62815200103796,0.5887059996894095,23.65271500093513,0.0,233,0,0,15,0.975,0
55.84763,1,0,0,0.0,23.95547600099235,0.6378090001817327,23.97880300122779,0.0,234,0,0,15,0.9791666666666666,0
55.87109,1,0,0,0.0,23.421786998369498,0.5831480011693202,23.459001000446733,0.0,235,0,0,15,0.9833333333333333,0
55.8942,1,0,0,0.0,23.088337999070063,0.5463560009957291,23.10983200004557,0.0,236,0,0,15,0.9875,0
55.91726,1,0,0,0.0,23.03262200075551,0.5476909973367583,23.05436000096961,0.0,237,0,0,15,0.9916666666666667,0
55.94043,1,0,0,0.0,23.141915000451263,0.5452109980979003,23.161893001088174,0.0,238,0,0,15,0.9958333333333333,0
55.96352,1,0,0,0.0,23.064837001584237,0.5403539980761707,23.088195001037093,0.0,239,0,0,15,1.0,0
55.9869,1,0,0,0.0,23.344024000834906,0.5703919996449258,23.369272999843815,0.0,240,0,0,16,0.94140625,0
56.00986,1,0,0,0.0,22.933431002456928,0.5722210007661488,22.95602899903315,0.0,241,0,0,16,0.9453125,0
56.03301,1,0,0,0.0,23.123971997847548,0.5489309987751767,23.14416100125527,0.0,242,0,0,16,0.94921875,0
56.05617,1,0,0,0.0,23.139725999499205,0.5564769999182317,23.163601999840466,0.0,243,0,0,16,0.953125,0
56.07941,1,0,0,0.0,23.208427999634296,0.5822969978908077,23.232850999193033,0.0,244,0,0,16,0.95703125,0
56.10257,1,0,0,0.0,23.129727000196,0.5854940027347766,23.153190002631163,0.0,245,0,0,16,0.9609375,0
56.12568,1,0,0,0.0,23.08776000063517,0.5772269978479017,23.110095000447473,0.0,246,0,0,16,0.96484375,0
56.14893,1,0,0,0.0,23.223852000228362,0.5778760023531504,23.247741999512073,0.0,247,0,0,16,0.96875,0
56.17217,1,0,0,0.0,23.208438000438036,0.5774810015282128,23.232283001561882,0.0,248,0,0,16,0.97265625,0
56.19555,1,0,0,0.0,23.353894001047593,0.5656620014633518,23.378018999210326,0.0,249,0,0,16,0.9765625,0
56.21915,1,0,0,0.0,23.572862999571953,0.6015100007061847,23.598314997798298,0.0,250,0,0,16,0.98046875,0
56.24266,1,0,0,0.0,23.47308400203474,0.6000180001137778,23.494982000556774,0.0,251,0,0,16,0.984375,0
56.26596,1,0,0,0.0,23.27579600023455,0.5950570011918899,23.299174001294887,0.0,252,0,0,16,0.98828125,0
56.28955,1,0,0,0.0,23.569506000058027,0.5777279984613415,23.593000001710607,0.0,253,0,0,16,0.9921875,0
56.31263,1,0,0,0.0,23.050593001244124,0.5721329980588052,23.07326899972395,0.0,254,0,0,16,0.99609375,0
56.33617,1,0,0,0.0,23.505597000621492,0.577017999603413,23.525995002273703,0.0,255,0,0,16,1.0,0
56.35938,1,0,0,0.0,23.183524997875793,0.5489640025189146,23.207799000374507,0.0,256,0,0,17,0.9448529411764706,0
56.3827,1,0,0,0.0,23.29521999854478,0.5615349982690532,23.317099999985658,0.0,257,0,0,17,0.9485294117647058,0
56.40588,1,0,0,0.0,23.155656999733765,0.5724280017602723,23.17673500147066,0.0,258,0,0,17,0.9522058823529411,0
56.42965,1,0,0,0.0,23.748799998429604,0.569092997466214,23.767839000356616,0.0,259,0,0,17,0.9558823529411765,0
56.45275,1,0,0,0.0,23.070846000337042,0.5817929995828308,23.098290999769233,0.0,260,0,0,17,0.9595588235294118,0
56.4758,1,0,0,0.0,23.02036399851204,0.5511669987754431,23.03982200101018,0.0,261,0,0,17,0.9632352941176471,0
56.49916,1,0,0,0.0,23.338602000876563,0.5421809983090498,23.36191300128121,0.0,262,0,0,17,0.9669117647058824,0
56.52248,1,0,0,0.0,23.296744002436753,0.5831429989484604,23.318011000810657,0.0,263,0,0,17,0.9705882352941176,0
56.54596,1,0,0,0.0,23.44595400063554,0.5483159984578378,23.46584100087057,0.0,264,0,0,17,0.9742647058823529,0
56.56893,1,0,0,0.0,22.94981700106291,0.5839990008098539,22.968379998928867,0.0,265,0,0,17,0.9779411764705882,0
56.5919,1,0,0,0.0,22.945149001316167,0.5326130012690555,22.96344400019734,0.0,266,0,0,17,0.9816176470588235,0
56.61494,1,0,0,0.0,23.022444001981057,0.5337490001693368,23.041657001158455,0.0,267,0,0,17,0.9852941176470589,0
56.63839,1,0,0,0.0,23.428379998222226,0.5420220004452858,23.449469001207035,0.0,268,0,0,17,0.9889705882352942,0
56.6617,1,0,0,0.0,23.282661000848748,0.5688499986717943,23.303571997530526,0.0,269,0,0,17,0.9926470588235294,0
56.68485,1,0,0,0.0,23.125399002310587,0.5754490011895541,23.14539300277829,0.0,270,0,0,17,0.9963235294117647,0
56.708,1,0,0,0.0,23.12294199873577,0.5435200000647455,23.14175100036664,0.0,271,0,0,17,1.0,0
56.76067,2,1,156,24.497875001543434,28.125595999881625,0.6473769972217269,52.66308199861669,0.21323529411764708,272,0,0,28,0.9598214285714286,0
56.78902,2,0,0,0.0,28.324557999440003,0.6505060009658337,28.348117997666122,0.21245421245421248,273,0,0,28,0.9642857142857143,0
56.81696,2,0,0,0.0,27.910723998502363,0.6386029999703169,27.93347799888579,0.21167883211678828,274,0,0,28,0.96875,0
56.84516,2,0,0,0.0,28.17241799857584,0.6271839993132744,28.198062998853857,0.21090909090909093,275,0,0,28,0.9732142857142857,0
56.87352,2,0,0,0.0,28.32658500119578,0.6368799986375961,28.352933000860503,0.21014492753623193,276,0,0,29,0.9439655172413793,0
56.90173,2,0,0,0.0,28.183236998302164,0.6515819986816496,28.206741000758484,0.20938628158844763,277,0,0,29,0.9482758620689655,0
56.92972,2,0,0,0.0,27.959204999206122,0.6279429981077556,27.979744001640938,0.2086330935251799,278,0,0,29,0.9525862068965517,0
56.95692,2,0,0,0.0,27.17922100055148,0.6241379996936303,27.199405998544535,0.20788530465949817,279,0,0,29,0.9568965517241379,0
56.9851,2,0,0,0.0,28.15064300011727,0.6260250011109747,28.17400799904135,0.20714285714285718,280,0,0,29,0.9612068965517241,0
57.01283,2,0,0,0.0,27.707356999599142,0.6223959971976001,27.73142200021539,0.20640569395017794,281,0,0,29,0.9655172413793104,0
57.04105,2,0,0,0.0,28.176649000670295,0.6261360031203367,28.205532998981653,0.2056737588652482,282,0,0,11,0.9488636363636364,0
57.06419,1,0,0,0.0,23.120463996747276,0.5287880012474488,23.143362999689998,0.0,167,0,0,11,0.9545454545454546,0
57.08732,1,0,0,0.0,23.09981200232869,0.5406640011642594,23.12291899943375,0.0,168,0,0,11,0.9602272727272727,0
57.1105,1,0,0,0.0,23.151262001192663,0.5291209999995772,23.17423400018015,0.0,169,0,0,11,0.9659090909090909,0
57.13373,1,0,0,0.0,23.210350002045743,0.5231329996604472,23.238391997438157,0.0,170,0,0,11,0.9715909090909091,0
57.15671,1,0,0,0.0,22.942109000723576,0.5368899983295705,22.96246100013377,0.0,171,0,0,11,0.9772727272727273,0
57.17959,1,0,0,0.0,22.8547240003536,0.5301519995555282,22.88995599883492,0.0,172,0,0,11,0.9829545454545454,0
57.20241,1,0,0,0.0,22.7787840012752,0.5342059994291048,22.800859002018115,0.0,173,0,0,11,0.9886363636363636,0
57.22543,1,0,0,0.0,22.997015999862924,0.5455540012917481,23.019138996460242,0.0,174,0,0,11,0.9943181818181818,0
57.24861,1,0,0,0.0,23.155246999522205,0.5287700005283114,23.175959999207407,0.0,175,0,0,11,1.0,0
57.27155,1,0,0,0.0,22.91339699877426,0.5387380006141029,22.935598997719353,0.0,176,0,0,12,0.921875,0
57.29448,1,0,0,0.0,22.900085998116992,0.5308199979481287,22.9204059978656,0.0,177,0,0,12,0.9270833333333334,0
57.31739,1,0,0,0.0,22.887555001943838,0.5108989971631672,22.906601003342075,0.0,178,0,0,12,0.9322916666666666,0
57.34047,1,0,0,0.0,23.06380799927865,0.5090509985166136,23.082543000782607,0.0,179,0,0,12,0.9375,0
57.36337,1,0,0,0.0,22.87101800175151,0.5253240015008487,22.890291998919565,0.0,180,0,0,12,0.9427083333333334,0
57.3861,1,0,0,0.0,22.713771999406163,0.510784000653075,22.73237400004291,0.0,181,0,0,12,0.9479166666666666,0
57.40884,1,0,0,0.0,22.710352997819427,0.4898689985566307,22.72874299887917,0.0,182,0,0,12,0.953125,0
57.43218,1,0,0,0.0,23.319694999372587,0.513836999743944,23.33824699962861,0.0,183,0,0,12,0.9583333333333334,0
57.45506,1,0,0,0.0,22.855996001453605,0.5126960022607818,22.87374699881184,0.0,184,0,0,12,0.9635416666666666,0
57.47769,1,0,0,0.0,22.59838300233241,0.5026680009905249,22.629561000940157,0.0,185,0,0,12,0.96875,0
57.50034,1,0,0,0.0,22.627688998909434,0.5153120000613853,22.646798002824653,0.0,186,0,0,12,0.9739583333333334,0
57.5231,1,0,0,0.0,22.732809997251024,0.5058299975644331,22.751833999791415,0.0,187,0,0,12,0.9791666666666666,0
57.5459,1,0,0,0.0,22.776937003072817,0.5004030026611872,22.79605300282128,0.0,188,0,0,12,0.984375,0
57.56851,1,0,0,0.0,22.585071998037165,0.5206629975873511,22.605655001825653,0.0,189,0,0,12,0.9895833333333334,0
57.59122,1,0,0,0.0,22.686117998091504,0.5230249989836011,22.705840001435718,0.0,190,0,0,12,0.9947916666666666,0
57.61396,1,0,0,0.0,22.71994900002028,0.5082579991722014,22.739923999324674,0.0,191,0,0,12,1.0,0
57.63688,1,0,0,0.0,22.891336000611773,0.5152479971002322,22.912993998033926,0.0,192,0,0,13,0.9278846153846154,0
57.65973,1,0,0,0.0,22.83060099944123,0.5253509989415761,22.85866099919076,0.0,193,0,0,13,0.9326923076923077,0
57.68253,1,0,0,0.0,22.761236999940593,0.5365430006349925,22.77975799734122,0.0,194,0,0,13,0.9375,0
57.70523,1,0,0,0.0,22.678723998978967,0.5079949987703003,22.69678000084241,0.0,195,0,0,13,0.9423076923076923,0
57.72791,1,0,0,0.0,22.661838000203716,0.5015259994252119,22.681151996948756,0.0,196,0,0,13,0.9471153846153846,0
57.75101,1,0,0,0.0,23.076235000189627,0.525047998962691,23.09785000034026,0.0,197,0,0,13,0.9519230769230769,0
57.77444,1,0,0,0.0,23.40182500120136,0.5437340005300939,23.422666999977082,0.0,198,0,0,13,0.9567307692307693,0
57.79737,1,0,0,0.0,22.910990999662317,0.5351809995772783,22.931859999516746,0.0,199,0,0,13,0.9615384615384616,0
57.82027,1,0,0,0.0,22.872499001096003,0.5226709981798194,22.89417800056981,0.0,200,0,0,13,0.9663461538461539,0
57.8434,1,0,0,0.0,23.101279999536928,0.5328940023900941,23.11989900044864,0.0,201,0,0,13,0.9711538461538461,0
57.86639,1,0,0,0.0,22.960990001593018,0.5307139981596265,22.988147000432946,0.0,202,0,0,0,0.0,0
60.23141,1,1,249,25.53819700187887,23.668827998335473,0.5997309999656864,49.262926000665175,0.0,249,0,0,16,0.9765625,0
60.25528,1,0,0,0.0,23.84028799860971,0.577934999455465,23.86262200161582,0.0,250,0,0,16,0.98046875,0
60.27877,1,0,0,0.0,23.463835001166444,0.5678910019923933,23.484895998990396,0.0,251,0,0,16,0.984375,0
60.3023,1,0,0,0.0,23.507755999162327,0.5666719989676494,23.52743799929158,0.0,252,0,0,16,0.98828125,0
60.3257,1,0,0,0.0,23.373763000563486,0.5438029984361492,23.397365999699105,0.0,253,0,0,16,0.9921875,0
60.34974,1,0,0,0.0,24.005039002076956,0.5839890000061132,24.0258099984203,0.0,254,0,0,16,0.99609375,0
60.37312,1,0,0,0.0,23.36151800045627,0.6018240019329824,23.383902000205126,0.0,255,0,0,16,1.0,0
60.39655,1,0,0,0.0,23.395729000185383,0.5489089999173302,23.419061999447877,0.0,256,0,0,17,0.9448529411764706,0
60.42034,1,0,0,0.0,23.76986300077988,0.5538459990930278,23.793516000296222,0.0,257,0,0,17,0.9485294117647058,0
60.44446,1,0,0,0.0,24.09064700259478,0.5784460008726455,24.111997001455165,0.0,258,0,0,17,0.9522058823529411,0
60.4684,1,0,0,0.0,23.915495999972336,0.6625729984079953,23.93678700173041,0.0,259,0,0,17,0.9558823529411765,0
60.49467,1,0,0,0.0,26.237526999466354,0.5675450011040084,26.262338000378804,0.0,260,0,0,17,0.9595588235294118,0
60.52067,1,0,0,0.0,25.974600001063664,0.7704160016146488,25.999163997767027,0.0,261,0,0,17,0.9632352941176471,0
60.5442,1,0,0,0.0,23.50302500053658,0.5847450011060573,23.522813000454335,0.0,262,0,0,17,0.9669117647058824,0
60.56763,1,0,0,0.0,23.401159000059124,0.5528890033019707,23.423694998200517,0.0,263,0,0,17,0.9705882352941176,0
60.59118,1,0,0,0.0,23.530517999461154,0.5729270014853682,23.552574999484932,0.0,264,0,0,17,0.9742647058823529,0
60.61457,1,0,0,0.0,23.355661000096006,0.5604079997283407,23.37753499887185,0.0,265,0,0,17,0.9779411764705882,0
60.63804,1,0,0,0.0,23.44690899917623,0.5929270009801257,23.46939999915776,0.0,266,0,0,17,0.9816176470588235,0
60.66182,1,0,0,0.0,23.753789999318542,0.548191001144005,23.774684999807505,0.0,267,0,0,17,0.9852941176470589,0
60.68835,1,0,0,0.0,26.50581499983673,0.5769870003859978,26.531038998655276,0.0,268,0,0,17,0.9889705882352942,0
60.71807,1,0,0,0.0,29.68592700199224,0.7777239989081863,29.730019999988144,0.0,269,0,0,17,0.9926470588235294,0
60.7417,1,0,0,0.0,23.583008001878625,0.5646829995384905,23.604051002621418,0.0,270,0,0,17,0.9963235294117647,0
60.76546,1,0,0,0.0,23.733551999612246,0.5827869972563349,23.756893999234308,0.0,271,0,0,17,1.0,0
60.78955,1,0,0,0.0,24.058623999735573,0.5969840021862183,24.083303000224987,0.0,272,0,0,18,0.9479166666666666,0
60.81326,1,0,0,0.0,23.687069999141386,0.6051059972378425,23.713853002846008,0.0,273,0,0,18,0.9513888888888888,0
60.83666,1,0,0,0.0,23.36424199893372,0.5546890024561435,23.38721500200336,0.0,274,0,0,18,0.9548611111111112,0
60.86045,1,0,0,0.0,23.765737998473924,0.5901240001549013,23.788746999343857,0.0,275,0,0,18,0.9583333333333334,0
60.88401,1,0,0,0.0,23.53252999819233,0.5801090010209009,23.55622899995069,0.0,276,0,0,18,0.9618055555555556,0
60.90737,1,0,0,0.0,23.32950700292713,0.5598640018433798,23.349958999460796,0.0,277,0,0,18,0.9652777777777778,0
60.93078,1,0,0,0.0,23.384232001262717,0.5631240019283723,23.407267999573378,0.0,278,0,0,18,0.96875,0
60.95485,1,0,0,0.0,24.039463998633437,0.5765770001744386,24.062894000962842,0.0,279,0,0,18,0.9722222222222222,0
60.97884,1,0,0,0.0,23.968075998709537,0.599897000938654,23.99008800057345,0.0,280,0,0,18,0.9756944444444444,0
61.00283,1,0,0,0.0,23.961634997249348,0.5791490002593491,23.98574100152473,0.0,281,0,0,18,0.9791666666666666,0
61.02639,1,0,0,0.0,23.530346999905305,0.571750002563931,23.553770002763486,0.0,282,0,0,18,0.9826388888888888,0
61.07921,2,1,78,24.393583000346553,28.38444499866455,0.6271739985095337,52.816614999755984,0.3621908127208481,283,0,0,23,0.9864130434782609,0
61.10737,2,0,0,0.0,28.130547998443944,0.6271860002016183,28.152445000159787,0.3609154929577465,284,0,0,23,0.9918478260869565,0
61.13552,2,0,0,0.0,28.12063700184808,0.5950169979769271,28.14670199950342,0.35964912280701755,285,0,0,24,0.9557291666666666,0
61.16415,2,0,0,0.0,28.60834899911424,0.6566289994225372,28.631462002522312,0.35839160839160844,286,0,0,24,0.9609375,0
61.19161,2,0,0,0.0,27.427472999988822,0.606304998655105,27.448605997051345,0.3571428571428571,287,0,0,24,0.9661458333333334,0
61.21989,2,0,0,0.0,28.249161998246564,0.6377780009643175,28.274601998418802,0.3559027777777778,288,0,0,25,0.9325,0
61.24841,2,0,0,0.0,28.49528300066595,0.6287649994192179,28.516345002572052,0.3546712802768166,289,0,0,25,0.9375,0
61.27655,2,0,0,0.0,28.12270700087538,0.59807199795614,28.14457799831871,0.35344827586206895,290,0,0,25,0.9425,0
61.30495,2,0,0,0.0,28.371807999064913,0.6299320011748932,28.394036999088712,0.352233676975945,291,0,0,25,0.9475,0
61.33358,2,0,0,0.0,28.597127999091754,0.6103859996073879,28.620711997064063,0.351027397260274,292,0,0,25,0.9525,0
61.36195,2,0,0,0.0,28.34040199741139,0.6328890012810007,28.361251002934296,0.34982935153583616,293,0,0,25,0.9575,0
61.39025,2,0,0,0.0,28.278371999476803,0.6206170000950806,28.301692997047212,0.3486394557823129,294,0,0,25,0.9625,0
61.41801,2,0,0,0.0,27.733371000067564,0.6221170006028842,27.757171999837738,0.34745762711864403,295,0,0,25,0.9675,0
61.44645,2,0,0,0.0,28.407885998603888,0.6203570010256954,28.43004500027746,0.34628378378378377,296,0,0,25,0.9725,0
61.47462,2,0,0,0.0,28.142070001194952,0.6227099984243978,28.164974002720555,0.34511784511784516,297,0,0,25,0.9775,0
61.50284,2,0,0,0.0,28.19319400077802,0.6416479991457891,28.21548900101334,0.34395973154362414,298,0,0,25,0.9825,0
61.53547,2,0,0,0.0,32.60700299870223,0.6216330002644099,32.631512000079965,0.342809364548495,299,0,0,25,0.9875,0
61.56851,2,0,0,0.0,33.0146460000833,0.8407249988522381,33.037076998880366,0.3416666666666667,300,0,0,25,0.9925,0
61.59695,2,0,0,0.0,28.40573999856133,0.6744179991073906,28.428766996512422,0.340531561461794,301,0,0,26,0.9591346153846154,0
61.62565,2,0,0,0.0,28.67572399918572,0.6101139988459181,28.7003769990406,0.3394039735099338,302,0,0,26,0.9639423076923077,0
61.65384,2,0,0,0.0,28.15860700138728,0.665364001179114,28.180957000586204,0.3382838283828383,303,0,0,26,0.96875,0
61.68241,2,0,0,0.0,28.540797997266054,0.632307001069421,28.565237000293564,0.337171052631579,304,0,0,27,0.9375,0
61.71098,2,0,0,0.0,28.549304999614833,0.6140080004115589,28.57230999870808,0.33606557377049184,305,0,0,27,0.9421296296296297,0
61.73935,2,0,0,0.0,28.336982999462634,0.6343589993775822,28.358596999169094,0.33496732026143794,306,0,0,27,0.9467592592592593,0
61.76871,2,0,0,0.0,29.340054003114346,0.63230200248654,29.382062999502523,0.3338762214983714,307,0,0,27,0.9513888888888888,0
61.79987,2,0,0,0.0,31.11088299920084,0.8481900003971532,31.13409200159367,0.33279220779220775,308,0,0,27,0.9560185185185185,0
61.82836,2,0,0,0.0,28.464697999879718,0.6298370026343036,28.486469000199577,0.33171521035598706,309,0,0,27,0.9606481481481481,0
61.85727,2,0,0,0.0,28.884636998554925,0.6341629996313713,28.90858200044022,0.3306451612903226,310,0,0,27,0.9652777777777778,0
61.88518,2,0,0,0.0,27.879200999450404,0.638711000647163,27.902115001779748,0.32958199356913187,311,0,0,27,0.9699074074074074,0
61.91352,2,0,0,0.0,28.314802999375388,0.6103369996708352,28.336342998954933,0.3285256410256411,312,0,0,27,0.9745370370370371,0
61.96704,3,1,225,24.574648999987403,28.900725999847054,0.732510001398623,53.51551800049492,0.31203407880724177,313,0,0,42,0.9657738095238095,0
61.99603,3,0,0,0.0,28.961404001165647,0.6968929992581252,28.983945998334093,0.3110403397027601,314,0,0,42,0.9702380952380952,0
62.0256,3,0,0,0.0,29.54302099897177,0.7265470012498554,29.56855299999006,0.31005291005291,315,0,0,42,0.9747023809523809,0
62.05443,3,0,0,0.0,28.79542099981336,0.7471009994333144,28.817390997573966,0.30907172995780585,316,0,0,42,0.9791666666666666,0
62.08306,3,0,0,0.0,28.600462999747833,0.7099400027072988,28.628464999201242,0.3080967402733964,317,0,0,43,0.9607558139534884,0
62.11172,3,0,0,0.0,28.60879299987573,0.7341479977185372,28.636852999625262,0.3071278825995807,318,0,0,43,0.9651162790697675,0
62.13989,3,0,0,0.0,28.141449998656753,0.8051270015130285,28.167201002361253,0.3061650992685475,319,0,0,43,0.9694767441860465,0
62.16895,3,0,0,0.0,29.027275999396807,0.7291299989446998,29.054974002065137,0.3052083333333333,320,0,0,44,0.9517045454545454,0
62.19789,3,0,0,0.0,28.90740899965749,0.746237001294503,28.935155998624396,0.30425752855659394,321,0,0,44,0.9559659090909091,0
62.2267,3,0,0,0.0,28.782674999092706,0.7429739998769946,28.80743599962443,0.3033126293995859,322,0,0,44,0.9602272727272727,0
62.25563,3,0,0,0.0,28.90067200132762,0.7508740018238313,28.926704999321373,0.3023735810113519,323,0,0,44,0.9644886363636364,0
62.28455,3,0,0,0.0,28.887776999908965,0.7762040004308801,28.9126280003984,0.30144032921810704,324,0,0,44,0.96875,0
62.31312,3,0,0,0.0,28.54272500189836,0.7608289997733664,28.567858000315027,0.30051282051282047,325,0,0,44,0.9730113636363636,0
62.34178,3,0,0,0.0,28.630557000724366,0.7170399985625409,28.655377001996385,0.2995910020449898,326,0,0,44,0.9772727272727273,0
62.37009,3,0,0,0.0,28.267870999115985,0.7381770010397304,28.306993997830432,0.29867482161060144,327,0,0,44,0.9815340909090909,0
62.39864,3,0,0,0.0,28.5182799998438,0.7222849999379832,28.542932999698678,0.2977642276422764,328,0,0,45,0.9638888888888889,0
62.42742,3,0,0,0.0,28.74690700264182,0.7504280001739971,28.771287001291057,0.29685916919959476,329,0,0,45,0.9680555555555556,0
62.4564,3,0,0,0.0,28.956109999853652,0.7329020008910447,28.979323000385193,0.295959595959596,330,0,0,45,0.9722222222222222,0
62.48506,3,0,0,0.0,28.631625998968957,0.734918998205103,28.653766003117198,0.2950654582074521,331,0,0,45,0.9763888888888889,0
62.51395,3,0,0,0.0,28.849958998762304,0.7180829998105764,28.874573999928543,0.29417670682730923,332,0,0,45,0.9805555555555555,0
62.54306,3,0,0,0.0,29.072501998598455,0.7465639973815996,29.09941500183777,0.29329329329329334,333,0,0,46,0.9633152173913043,0
62.57186,3,0,0,0.0,28.76471800118452,0.7296980002138298,28.80238199941232,0.2924151696606786,334,0,0,46,0.967391304347826,0
62.60011,3,0,0,0.0,28.220946001965785,0.7453430007444695,28.245972000149777,0.291542288557214,335,0,0,46,0.9714673913043478,0
62.62878,3,0,0,0.0,28.63266300118994,0.7254529991769232,28.65980699789361,0.29067460317460314,336,0,0,47,0.9547872340425532,0
62.65778,3,0,0,0.0,28.97732700148481,0.7456150015059393,29.00029999727849,0.28981206726013853,337,0,0,47,0.9587765957446809,0
62.68686,3,0,0,0.0,29.037811000307556,0.7617819974257145,29.061242999887327,0.2889546351084813,338,0,0,47,0.9627659574468085,0
62.71562,3,0,0,0.0,28.739028002746636,0.7478669976990204,28.761123998265248,0.288102261553589,339,0,0,47,0.9667553191489362,0
62.74446,3,0,0,0.0,28.809283998270985,0.7643280005140696,28.833298998506507,0.2872549019607843,340,0,0,47,0.9707446808510638,0
62.77341,3,0,0,0.0,28.925175000040326,0.7736669977020938,28.95076999993762,0.2864125122189638,341,0,0,47,0.9747340425531915,0
62.80264,3,0,0,0.0,29.193721999035915,0.7506259971705731,29.21926500130212,0.2855750487329435,342,0,0,47,0.9787234042553191,0
62.83124,3,0,0,0.0,28.572449999046512,0.7790780000505038,28.59771799921873,0.28474246841593776,343,0,0,47,0.9827127659574468,0
62.8603,3,0,0,0.0,29.02954399905866,0.7511889998568222,29.05425499920966,0.2839147286821705,344,0,0,48,0.9661458333333334,0
62.88913,3,0,0,0.0,28.795491001801565,0.7556419986940455,28.83025200208067,0.2830917874396135,345,0,0,39,0.967948717948718,0
62.91771,2,0,0,0.0,28.551024999615038,0.697197003319161,28.572565999638755,0.12716763005780352,346,0,0,39,0.9711538461538461,0
62.94658,2,0,0,0.0,28.840005998063134,0.6950740025786217,28.86080299867899,0.12680115273775217,347,0,0,39,0.9743589743589743,0
62.97528,2,0,0,0.0,28.67818600134342,0.7338230025197845,28.702720999717712,0.12643678160919536,348,0,0,39,0.9775641025641025,0
63.00397,2,0,0,0.0,28.659813000558643,0.6930330018803943,28.68229399973643,0.1260744985673352,349,0,0,39,0.9807692307692307,0
63.03287,2,0,0,0.0,28.87025499876472,0.681952999002533,28.893801998492563,0.12571428571428567,350,0,0,39,0.9839743589743589,0
63.06164,2,0,0,0.0,28.750263998517767,0.7083210002747364,28.77133600122761,0.1253561253561254,351,0,0,39,0.9871794871794872,0
63.09023,2,0,0,0.0,28.559292997670127,0.7038920011837035,28.583187002368504,0.125,352,0,0,40,0.965625,0
63.11884,2,0,0,0.0,28.573850999237038,0.6620400017709471,28.60681699894485,0.12464589235127477,353,0,0,17,0.9779411764705882,0
63.14265,1,0,0,0.0,23.785596000379883,0.5810780021420214,23.809387999790488,0.0,266,0,0,17,0.9816176470588235,0
63.16656,1,0,0,0.0,23.88512399920728,0.5749300034949556,23.904430996481096,0.0,267,0,0,17,0.9852941176470589,0
63.1902,1,0,0,0.0,23.609808002220234,0.5702779999410268,23.63171999968472,0.0,268,0,0,17,0.9889705882352942,0
63.21393,1,0,0,0.0,23.701195998000912,0.5518350008060224,23.721651999949245,0.0,269,0,0,17,0.9926470588235294,0
63.23749,1,0,0,0.0,23.537474000477232,0.5608040009974502,23.55696800077567,0.0,270,0,0,17,0.9963235294117647,0
63.26129,1,0,0,0.0,23.779609997291118,0.5483989989443216,23.79968500099494,0.0,271,0,0,17,1.0,0
63.28517,1,0,0,0.0,23.856894000346074,0.5616989983536769,23.88027200140641,0.0,272,0,0,18,0.9479166666666666,0
63.30863,1,0,0,0.0,23.437741001544055,0.5500789993675426,23.456602000806015,0.0,273,0,0,18,0.9513888888888888,0
63.33225,1,0,0,0.0,23.589263997564558,0.5672090010193642,23.608539999258937,0.0,274,0,0,18,0.9548611111111112,0
63.35602,1,0,0,0.0,23.752011999022216,0.5570089997490868,23.770525000145426,0.0,275,0,0,18,0.9583333333333334,0
63.37948,1,0,0,0.0,23.438378997525433,0.5806120025226846,23.45684300235007,0.0,276,0,0,18,0.9618055555555556,0
63.40291,1,0,0,0.0,23.397999997541774,0.6061320018488914,23.417085001710802,0.0,277,0,0,18,0.9652777777777778,0
63.42696,1,0,0,0.0,24.032198001805227,0.5498409991560038,24.054610999883153,0.0,278,0,0,18,0.96875,0
63.45161,1,0,0,0.0,24.62401599768782,0.6268409997574054,24.64398799929768,0.0,279,0,0,18,0.9722222222222222,0
63.47537,1,0,0,0.0,23.736143000860466,0.5979330016998574,23.756100999889895,0.0,280,0,0,18,0.9756944444444444,0
63.49887,1,0,0,0.0,23.4737770006177,0.5453079975268338,23.493675998906838,0.0,281,0,0,18,0.9791666666666666,0
63.52342,1,0,0,0.0,24.527536999812583,0.5580999968515243,24.551754002459347,0.0,282,0,0,18,0.9826388888888888,0
63.54721,1,0,0,0.0,23.754669000481954,0.589218001550762,23.77697699921555,0.0,283,0,0,18,0.9861111111111112,0
63.57104,1,0,0,0.0,23.80498499769601,0.5733139987569302,23.824487001547823,0.0,284,0,0,18,0.9895833333333334,0
63.59457,1,0,0,0.0,23.513165000622394,0.5575040013354737,23.53421400039224,0.0,285,0,0,18,0.9930555555555556,0
63.61838,1,0,0,0.0,23.784667002473725,0.5840080011694226,23.806714998499956,0.0,286,0,0,18,0.9965277777777778,0
63.64192,1,0,0,0.0,23.509512000600807,0.5608040009974502,23.529754998889985,0.0,287,0,0,18,1.0,0
63.66563,1,0,0,0.0,23.680333000811515,0.5712150014005601,23.70294600041234,0.0,288,0,0,19,0.9506578947368421,0
63.68938,1,0,0,0.0,23.73105399965425,0.579991999984486,23.75269600088359,0.0,289,0,0,19,0.9539473684210527,0
63.7131,1,0,0,0.0,23.69467300013639,0.5560350000450853,23.715087998425588,0.0,290,0,0,19,0.9572368421052632,0
63.7366,1,0,0,0.0,23.473343997466145,0.5734959995606914,23.493106000387343,0.0,291,0,0,19,0.9605263157894737,0
63.76055,1,0,0,0.0,23.926903999381466,0.5754300000262447,23.94835299855913,0.0,292,0,0,19,0.9638157894736842,0
63.78441,1,0,0,0.0,23.836415999539895,0.5969699996057898,23.856006999267265,0.0,293,0,0,19,0.9671052631578947,0
63.80849,1,0,0,0.0,24.05639900098322,0.5673339983331971,24.07671100081643,0.0,294,0,0,19,0.9703947368421053,0
63.83267,1,0,0,0.0,24.148860000423156,0.5780039973615203,24.172776997147594,0.0,295,0,0,19,0.9736842105263158,0
63.85664,1,0,0,0.0,23.94170600018697,0.5985700008750428,23.960791000718018,0.0,296,0,0,19,0.9769736842105263,0
63.8801,1,0,0,0.0,23.436511000909377,0.5994870007270947,23.45627500108094,0.0,297,0,0,19,0.9802631578947368,0
63.9036,1,0,0,0.0,23.47949700197205,0.5409700024756603,23.50073400157271,0.0,298,0,0,19,0.9835526315789473,0
63.92718,1,0,0,0.0,23.549065001134295,0.5854949995409697,23.57077600026969,0.0,299,0,0,19,0.9868421052631579,0
63.95099,1,0,0,0.0,23.785448996932246,0.5571830006374512,23.805164000805235,0.0,300,0,0,19,0.9901315789473685,0
63.97487,1,0,0,0.0,23.858904001826886,0.5888579980819486,23.882191002485342,0.0,301,0,0,19,0.993421052631579,0
63.99864,1,0,0,0.0,23.739472999295685,0.6104839994804934,23.76035500128637,0.0,302,0,0,19,0.9967105263157895,0
64.02219,1,0,0,0.0,23.53070199751528,0.5937919995631091,23.551648002467118,0.0,303,0,0,19,1.0,0
64.04594,1,0,0,0.0,23.71699699870078,0.5570319990511052,23.74360300018452,0.0,304,0,0,20,0.953125,0
64.07096,1,0,0,0.0,24.992119000671664,0.6122689992480446,25.0156540023454,0.0,305,0,0,20,0.95625,0
64.09615,1,0,0,0.0,25.157659001706634,0.6309880009212065,25.182221001159633,0.0,306,0,0,20,0.959375,0
64.12194,1,0,0,0.0,25.765867001609877,0.5919929972151294,25.790296000195667,0.0,307,0,0,20,0.9625,0
64.14652,1,0,0,0.0,24.551598999096313,0.6481749987869989,24.574277002102463,0.0,308,0,0,20,0.965625,0
64.17111,1,0,0,0.0,24.55790000021807,0.616713998169871,24.587480998889077,0.0,309,0,0,20,0.96875,0
64.19558,1,0,0,0.0,24.434671002381947,0.6018149979354348,24.4599220022792,0.0,310,0,0,20,0.971875,0
64.22041,1,0,0,0.0,24.80130800176994,0.6245350014069118,24.82697799860034,0.0,311,0,0,20,0.975,0
64.24495,1,0,0,0.0,24.507723999704467,0.6082029976823833,24.531408002076205,0.0,312,0,0,20,0.978125,0
64.26979,1,0,0,0.0,24.814697997499024,0.606719000643352,24.838254998030607,0.0,313,0,0,20,0.98125,0
64.29481,1,0,0,0.0,24.98044100138941,0.6501690004370175,25.020511999173323,0.0,314,0,0,20,0.984375,0
64.31959,1,0,0,0.0,24.74354699734249,0.6317890001810156,24.782684002275346,0.0,315,0,0,20,0.9875,0
64.34433,1,0,0,0.0,24.70317099869135,0.6506700010504574,24.727388998144306,0.0,316,0,0,20,0.990625,0
64.36926,1,0,0,0.0,24.903433997678803,0.5997680018481333,24.92616300150985,0.0,317,0,0,20,0.99375,0
64.39367,1,0,0,0.0,24.381658997299382,0.6054019977455027,24.405682997894473,0.0,318,0,0,20,0.996875,0
64.41837,1,0,0,0.0,24.67057000103523,0.6270269986998755,24.694886000361294,0.0,319,0,0,20,1.0,0
64.44268,1,0,0,0.0,24.27903200077708,0.6537949993798975,24.30723100042087,0.0,320,0,0,21,0.9553571428571429,0
64.46736,1,0,0,0.0,24.647258996992605,0.6466609993367456,24.67101299771457,0.0,321,0,0,21,0.9583333333333334,0
64.49163,1,0,0,0.0,24.23390100011602,0.5907869999646209,24.262971001007827,0.0,322,0,0,0,0.0,0
65.66811,1,1,197,32.51032299885992,25.38213599837036,0.8176090013876092,57.951651000621496,0.0,197,0,0,13,0.9519230769230769,0
65.69241,1,0,0,0.0,24.271326001326088,0.5367070007196162,24.293054000736447,0.0,198,0,0,13,0.9567307692307693,0
65.71635,1,0,0,0.0,23.909870000352385,0.5388210011005867,23.931431001983583,0.0,199,0,0,13,0.9615384615384616,0
65.74033,1,0,0,0.0,23.96107900131028,0.5427639989648014,23.98465299847885,0.0,200,0,0,13,0.9663461538461539,0
65.76445,1,0,0,0.0,24.08995999940089,0.5467690025398042,24.111595001159003,0.0,201,0,0,13,0.9711538461538461,0
65.78822,1,0,0,0.0,23.746476999804145,0.5441600005724467,23.768140003085136,0.0,202,0,0,13,0.9759615384615384,0
65.81317,1,0,0,0.0,24.925115001678932,0.6708729997626506,24.949591999757104,0.0,203,0,0,13,0.9807692307692307,0
65.83725,1,0,0,0.0,24.05248699869844,0.5780920000688639,24.07562799999141,0.0,204,0,0,13,0.9855769230769231,0
65.86168,1,0,0,0.0,24.398146000748966,0.5604810030490626,24.420302001090022,0.0,205,0,0,13,0.9903846153846154,0
65.88629,1,0,0,0.0,24.58040700003039,0.5908540006203111,24.60356099982164,0.0,206,0,0,13,0.9951923076923077,0
65.91506,1,0,0,0.0,28.740293000737438,0.5644499979098327,28.76693200232694,0.0,207,0,0,13,1.0,0
65.94227,1,0,0,0.0,27.16717299699667,0.7940510004118551,27.19559599790955,0.0,208,0,0,14,0.9330357142857143,0
65.96659,1,0,0,0.0,24.285649000375997,0.561539000045741,24.307353000040166,0.0,209,0,0,14,0.9375,0
65.99043,1,0,0,0.0,23.816239001462236,0.5748019975726493,23.837467000703327,0.0,210,0,0,14,0.9419642857142857,0
66.01414,1,0,0,0.0,23.685552001552423,0.524974999279948,23.70706899819197,0.0,211,0,0,14,0.9464285714285714,0
66.03819,1,0,0,0.0,24.028683998039924,0.5384180003602523,24.052594999375287,0.0,212,0,0,14,0.9508928571428571,0
66.06188,1,0,0,0.0,23.656015000597108,0.5466990005515981,23.67697600129759,0.0,213,0,0,14,0.9553571428571429,0
66.08536,1,0,0,0.0,23.4582990015042,0.5568600026890635,23.479217998101376,0.0,214,0,0,14,0.9598214285714286,0
66.10932,1,0,0,0.0,23.931191997689893,0.5323799996403977,23.95554300164804,0.0,215,0,0,14,0.9642857142857143,0
66.13296,1,0,0,0.0,23.61347499754629,0.5752580000262242,23.6373170009756,0.0,216,0,0,14,0.96875,0
66.15724,1,0,0,0.0,24.254488002043217,0.5920699986745603,24.276235002616886,0.0,217,0,0,14,0.9732142857142857,0
66.18125,1,0,0,0.0,23.978826000529807,0.5546640022657812,24.002782000025036,0.0,218,0,0,14,0.9776785714285714,0
66.20553,1,0,0,0.0,24.25723700071103,0.5720900007872842,24.280236997583415,0.0,219,0,0,14,0.9821428571428571,0
66.22939,1,0,0,0.0,23.829509002098348,0.5664769996656105,23.851883997849654,0.0,220,0,0,14,0.9866071428571429,0
66.25302,1,0,0,0.0,23.604560999956448,0.5531319984584115,23.627309001312824,0.0,221,0,0,14,0.9910714285714286,0
66.27717,1,0,0,0.0,24.12244800143526,0.598869999521412,24.14511099777883,0.0,222,0,0,14,0.9955357142857143,0
66.30114,1,0,0,0.0,23.9422079976066,0.5479889987327624,23.963365001691272,0.0,223,0,0,14,1.0,0
66.32515,1,0,0,0.0,23.987728996871738,0.5360540017136373,24.013411999476375,0.0,224,0,0,15,0.9375,0
66.34919,1,0,0,0.0,24.00784200290218,0.5652229992847424,24.034001002291916,0.0,225,0,0,15,0.9416666666666667,0
66.37303,1,0,0,0.0,23.807230001693824,0.5654980013787281,23.826389999157982,0.0,226,0,0,15,0.9458333333333333,0
66.39646,1,0,0,0.0,23.411924001266016,0.5581580007856246,23.43085800021072,0.0,227,0,0,15,0.95,0
66.42006,1,0,0,0.0,23.571939000248676,0.5297690004226752,23.594731999764917,0.0,228,0,0,15,0.9541666666666667,0
66.44359,1,0,0,0.0,23.47427199856611,0.5782180014648475,23.497006000980036,0.0,229,0,0,15,0.9583333333333334,0
66.46688,1,0,0,0.0,23.262489998160163,0.5571580004470889,23.286260999157093,0.0,230,0,0,0,0.0,0
69.10942,1,1,112,25.45943199947942,23.287502001039684,0.5235479984548874,48.79947399967932,0.0,112,0,0,8,0.8828125,0
69.13279,1,0,0,0.0,23.333194003498647,0.49508799929753877,23.35615799893276,0.0,113,0,0,8,0.890625,0
69.15628,1,0,0,0.0,23.46528300040518,0.5243689993221778,23.488907998398645,0.0,114,0,0,8,0.8984375,0
69.1799,1,0,0,0.0,23.595180002303096,0.5147859992575832,23.615052999957697,0.0,115,0,0,8,0.90625,0
69.20383,1,0,0,0.0,23.90901800026768,0.5254659990896471,23.92963600141229,0.0,116,0,0,8,0.9140625,0
69.22792,1,0,0,0.0,24.0585799983819,0.5203290020290297,24.079975999484304,0.0,117,0,0,8,0.921875,0
69.2513,1,0,0,0.0,23.35158400092041,0.5223749976721592,23.37329400324961,0.0,118,0,0,8,0.9296875,0
69.27464,1,0,0,0.0,23.3212570019532,0.48418699952890165,23.340406998613616,0.0,119,0,0,8,0.9375,0
69.29786,1,0,0,0.0,23.196232999907807,0.500949001434492,23.217374000523705,0.0,120,0,0,8,0.9453125,0
69.3213,1,0,0,0.0,23.407316002703737,0.5200980012887157,23.429529999702936,0.0,121,0,0,8,0.953125,0
69.34449,1,0,0,0.0,23.173495999799343,0.4947870002069976,23.193942000943935,0.0,122,0,0,8,0.9609375,0
69.36775,1,0,0,0.0,23.2298869996157,0.4980020021321252,23.247651999554364,0.0,123,0,0,8,0.96875,0
69.39094,1,0,0,0.0,23.17097100240062,0.5165429975022562,23.19064800030901,0.0,124,0,0,8,0.9765625,0
69.4143,1,0,0,0.0,23.33277999787242,0.5252310002106242,23.354394998023054,0.0,125,0,0,8,0.984375,0
69.43817,1,0,0,0.0,23.84963399890694,0.5022719997214153,23.87283300049603,0.0,126,0,0,8,0.9921875,0
69.46156,1,0,0,0.0,23.334245997830294,0.5048870007158257,23.35645999846747,0.0,127,0,0,8,1.0,0
69.48514,1,0,0,0.0,23.55585199984489,0.5455919999803882,23.579869000968756,0.0,128,0,0,9,0.8958333333333334,0
69.5082,1,0,0,0.0,23.0389539974567,0.5195429985178635,23.05807199809351,0.0,129,0,0,9,0.9027777777777778,0
69.53143,1,0,0,0.0,23.19619600166334,0.49542600027052686,23.218622998683713,0.0,130,0,0,9,0.9097222222222222,0
69.55472,1,0,0,0.0,23.267844000656623,0.5178089995752089,23.29003900013049,0.0,131,0,0,9,0.9166666666666666,0
69.57809,1,0,0,0.0,23.326149999775225,0.5351180006982759,23.366002998955082,0.0,132,0,0,9,0.9236111111111112,0
69.60114,1,0,0,0.0,23.025284997856943,0.498661000165157,23.045555000862805,0.0,133,0,0,9,0.9305555555555556,0
69.62425,1,0,0,0.0,23.08701899892185,0.4961890008416958,23.109198999009095,0.0,134,0,0,9,0.9375,0
69.64741,1,0,0,0.0,23.130163001042092,0.5060859984951094,23.15109900155221,0.0,135,0,0,9,0.9444444444444444,0
69.67069,1,0,0,0.0,23.251611997693544,0.5025249993195757,23.270673002116382,0.0,136,0,0,9,0.9513888888888888,0
69.69369,1,0,0,0.0,22.98024799893028,0.5205630004638806,23.001945999567397,0.0,137,0,0,9,0.9583333333333334,0
69.71697,1,0,0,0.0,23.25183399807429,0.5357670015655458,23.274148999917088,0.0,138,0,0,9,0.9652777777777778,0
69.77022,2,1,129,24.7242469995399,28.487650000897702,0.5804799984616693,53.24781099989195,0.03597122302158273,139,0,0,18,0.9375,0
69.79864,2,0,0,0.0,28.395265999279218,0.5737209976359736,28.419158999895444,0.0357142857142857,140,0,0,18,0.9444444444444444,0
69.82822,2,0,0,0.0,29.550257997470908,0.6171419991005678,29.576676999568008,0.03546099290780147,141,0,0,18,0.9513888888888888,0
69.85666,2,0,0,0.0,28.405033001035918,0.5992599981254898,28.42967299875454,0.035211267605633756,142,0,0,18,0.9583333333333334,0
69.88495,2,0,0,0.0,28.25994399972842,0.6159660006233025,28.284614003496245,0.034965034965035,143,0,0,18,0.9652777777777778,0
69.91346,2,0,0,0.0,28.48101199924713,0.6058439976186492,28.51011700113304,0.03472222222222221,144,0,0,19,0.9210526315789473,0
69.94198,2,0,0,0.0,28.494091999164084,0.5981640024401713,28.519953000795795,0.03448275862068961,145,0,0,19,0.9276315789473685,0
69.9707,2,0,0,0.0,28.681305997452,0.6248680001590401,28.70374499980244,0.03424657534246578,146,0,0,19,0.9342105263157895,0
69.99981,2,0,0,0.0,29.082598000968574,0.6183699988469016,29.10687199982931,0.03401360544217691,147,0,0,19,0.9407894736842105,0
70.02859,2,0,0,0.0,28.75712300010491,0.6541790025949012,28.783005000150297,0.03378378378378377,148,0,0,19,0.9473684210526315,0
70.05699,2,0,0,0.0,28.367921000608476,0.6177480026963167,28.393549997417722,0.03355704697986572,149,0,0,19,0.9539473684210527,0
70.08569,2,0,0,0.0,28.6648889996286,0.6147359999886248,28.689268001471646,0.033333333333333326,150,0,0,19,0.9605263157894737,0
70.11363,2,0,0,0.0,27.919198000745382,0.6194060006237123,27.943373999733012,0.0331125827814569,151,0,0,19,0.9671052631578947,0
70.14218,2,0,0,0.0,28.517538001324283,0.6343610002659261,28.542058000311954,0.03289473684210531,152,0,0,19,0.9736842105263158,0
70.19602,3,1,134,24.980747999507003,28.81515599801787,0.6724419981765095,53.83913700279663,0.0631808278867102,153,0,0,28,0.9665178571428571,0
70.22503,3,0,0,0.0,28.977848000067752,0.6812470019212924,29.006067001319025,0.06277056277056281,154,0,0,29,0.9396551724137931,0
70.25473,3,0,0,0.0,29.664835001312895,0.6846300020697527,29.689466002309928,0.062365591397849474,155,0,0,29,0.9461206896551724,0
70.28359,3,0,0,0.0,28.832857999077532,0.685765000525862,28.858720001153415,0.06196581196581197,156,0,0,29,0.9525862068965517,0
70.31234,3,0,0,0.0,28.72054600084084,0.7371640022029169,28.746708001563093,0.06157112526539277,157,0,0,29,0.959051724137931,0
70.34123,3,0,0,0.0,28.860491001978517,0.6578240027010906,28.886760999739636,0.06118143459915615,158,0,0,29,0.9655172413793104,0
70.36935,3,0,0,0.0,28.088893999665743,0.6515339991892688,28.111715997511055,0.06079664570230603,159,0,0,29,0.9719827586206896,0
70.39798,3,0,0,0.0,28.595322000910528,0.6473730027209967,28.623176000110107,0.060416666666666674,160,0,0,30,0.9458333333333333,0
70.42689,3,0,0,0.0,28.882136000902392,0.6817770008638036,28.907406998769147,0.06004140786749479,161,0,0,30,0.9520833333333333,0
70.45561,3,0,0,0.0,28.693340998870553,0.7196619990281761,28.71828299976187,0.05967078189300412,162,0,0,30,0.9583333333333334,0
70.48462,3,0,0,0.0,28.97700699759298,0.6961819999560248,29.003989999182522,0.059304703476482645,163,0,0,31,0.9334677419354839,0
70.51333,3,0,0,0.0,28.68030500030727,0.6895240003359504,28.704955002467614,0.058943089430894324,164,0,0,31,0.9395161290322581,0
70.54179,3,0,0,0.0,28.430132999346824,0.6384309999702964,28.45344399975147,0.05858585858585863,165,0,0,31,0.9455645161290323,0
70.57052,3,0,0,0.0,28.702002000500215,0.67272399974172,28.723110997816548,0.05823293172690758,166,0,0,31,0.9516129032258065,0
70.59839,3,0,0,0.0,27.839483998832293,0.7126909986254759,27.864379997481592,0.05788423153692612,167,0,0,31,0.9576612903225806,0
70.62701,3,0,0,0.0,28.588930999831064,0.6739710006513633,28.614085997105576,0.05753968253968256,168,0,0,31,0.9637096774193549,0
70.65574,3,0,0,0.0,28.702849998808233,0.6868060008855537,28.726755997922737,0.05719921104536485,169,0,0,31,0.969758064516129,0
70.68434,3,0,0,0.0,28.572884999448434,0.6751530017936602,28.59747399998014,0.056862745098039236,170,0,0,32,0.9453125,0
70.71275,3,0,0,0.0,28.382598000462167,0.6345340007101186,28.406158002326265,0.05653021442495132,171,0,0,32,0.951171875,0
70.74148,3,0,0,0.0,28.70432800045819,0.6770159998268355,28.72918199864216,0.05620155038759689,172,0,0,32,0.95703125,0
70.77018,3,0,0,0.0,28.671826999925543,0.6804410004406236,28.694213997368934,0.055876685934489356,173,0,0,32,0.962890625,0
70.79863,3,0,0,0.0,28.417699999408796,0.6798700014769565,28.440654998121317,0.05555555555555558,174,0,0,32,0.96875,0
70.82774,3,0,0,0.0,29.088057999615557,0.6757349983672611,29.112765998434043,0.0552380952380952,175,0,0,32,0.974609375,0
70.85664,3,0,0,0.0,28.86377899994841,0.7222860003821552,28.890468998724828,0.05492424242424243,176,0,0,33,0.9507575757575758,0
70.88534,3,0,0,0.0,28.67314700051793,0.7013029971858487,28.696319997834507,0.05461393596986819,177,0,0,33,0.9564393939393939,0
70.9139,3,0,0,0.0,28.52957399954903,0.6539999994856771,28.55434299999615,0.054307116104868935,178,0,0,33,0.9621212121212122,0
70.94237,3,0,0,0.0,28.439067002182128,0.684429000102682,28.467555999668548,0.054003724394785846,179,0,0,34,0.9393382352941176,0
70.97119,3,0,0,0.0,28.784810998331523,0.6520799979625735,28.80693399856682,0.0537037037037037,180,0,0,34,0.9448529411764706,0
70.99975,3,0,0,0.0,28.541519001009874,0.669447999825934,28.56594599870732,0.05340699815837935,181,0,0,34,0.9503676470588235,0
71.02829,3,0,0,0.0,28.50884800136555,0.6885939983476419,28.533573000459,0.05311355311355315,182,0,0,34,0.9558823529411765,0
71.05643,3,0,0,0.0,28.112833002523985,0.6673389980278444,28.138000998296775,0.05282331511839711,183,0,0,34,0.9613970588235294,0
71.08524,3,0,0,0.0,28.774787999282125,0.6953969968890306,28.796817998227198,0.05253623188405798,184,0,0,34,0.9669117647058824,0
71.11367,3,0,0,0.0,28.404865002812585,0.6723139995301608,28.4279420011444,0.052252252252252274,185,0,0,34,0.9724264705882353,0
71.14252,3,0,0,0.0,28.81970199814532,0.6866709991300013,28.847240999311907,0.05197132616487454,186,0,0,35,0.95,0
71.17132,3,0,0,0.0,28.768393000063952,0.7028539985185489,28.79138500065892,0.05169340463458105,187,0,0,35,0.9553571428571429,0
71.19991,3,0,0,0.0,28.561991999595193,0.6883660025778227,28.58591399854049,0.0514184397163121,188,0,0,35,0.9607142857142857,0
71.2287,3,0,0,0.0,28.76266699968255,0.696135000907816,28.787461000320036,0.051146384479717866,189,0,0,35,0.9660714285714286,0
71.2583,3,0,0,0.0,29.563602998678107,0.7054550005705096,29.600557001685956,0.05087719298245619,190,0,0,12,0.9947916666666666,0
71.28232,1,0,0,0.0,23.985222996998345,0.5569169989030343,24.00589999888325,0.0,191,0,0,12,1.0,0
71.30579,1,0,0,0.0,23.450412998499814,0.5289410000841599,23.473711000406183,0.0,192,0,0,13,0.9278846153846154,0
71.32957,1,0,0,0.0,23.753620000206865,0.5497239981195889,23.77766499921563,0.0,193,0,0,13,0.9326923076923077,0
71.35295,1,0,0,0.0,23.348223003267776,0.5813440002384596,23.37222899950575,0.0,194,0,0,13,0.9375,0
71.37647,1,0,0,0.0,23.493267999583622,0.575874000787735,23.513875999924494,0.0,195,0,0,13,0.9423076923076923,0
71.39971,1,0,0,0.0,23.21411799857742,0.5296899980749004,23.235371001646854,0.0,196,0,0,13,0.9471153846153846,0
71.4233,1,0,0,0.0,23.567568998259958,0.5791279982076958,23.58978499978548,0.0,197,0,0,13,0.9519230769230769,0
71.44689,1,0,0,0.0,23.56014600081835,0.5349929997464642,23.581838999234606,0.0,198,0,0,13,0.9567307692307693,0
71.47001,1,0,0,0.0,23.09897099985392,0.5583180027315393,23.119059998862213,0.0,199,0,0,13,0.9615384615384616,0
71.49339,1,0,0,0.0,23.354570999799762,0.5337190013960935,23.37535799961188,0.0,200,0,0,13,0.9663461538461539,0
71.51673,1,0,0,0.0,23.30704699852504,0.5248179986665491,23.329179002757883,0.0,201,0,0,13,0.9711538461538461,0
71.53996,1,0,0,0.0,23.21151700016344,0.5569439999817405,23.23275500020827,0.0,202,0,0,13,0.9759615384615384,0
71.56311,1,0,0,0.0,23.121949001506437,0.5496199992194306,23.143323000113014,0.0,203,0,0,13,0.9807692307692307,0
71.58668,1,0,0,0.0,23.542986997199478,0.5305919985403307,23.562459002278047,0.0,204,0,0,13,0.9855769230769231,0
71.60975,1,0,0,0.0,23.0514890026825,0.544190999789862,23.07397899858188,0.0,205,0,0,13,0.9903846153846154,0
71.63288,1,0,0,0.0,23.10136300002341,0.5540450001717545,23.12272900235257,0.0,206,0,0,13,0.9951923076923077,0
71.65627,1,0,0,0.0,23.357806996500585,0.5518590005522128,23.38055400105077,0.0,207,0,0,13,1.0,0
71.6798,1,0,0,0.0,23.506207999162143,0.5460079992190003,23.528904999693623,0.0,208,0,0,14,0.9330357142857143,0
71.70285,1,0,0,0.0,23.029795000184095,0.563821002288023,23.04913500120165,0.0,209,0,0,14,0.9375,0
71.72584,1,0,0,0.0,22.96209300038754,0.538807002158137,22.981399000855163,0.0,210,0,0,14,0.9419642857142857,0
71.74894,1,0,0,0.0,23.074879998603137,0.5380830007197801,23.096453998732613,0.0,211,0,0,14,0.9464285714285714,0
71.77247,1,0,0,0.0,23.5076709977875,0.5606380000244826,23.529628997494,0.0,212,0,0,14,0.9508928571428571,0
71.79568,1,0,0,0.0,23.18170099897543,0.5511380004463717,23.204204997455236,0.0,213,0,0,14,0.9553571428571429,0
71.81957,1,0,0,0.0,23.865139002737124,0.5533020012080669,23.887569001090014,0.0,214,0,0,14,0.9598214285714286,0
71.84344,1,0,0,0.0,23.836401000153273,0.5782760017609689,23.85796599992318,0.0,215,0,0,14,0.9642857142857143,0
71.86659,1,0,0,0.0,23.124939001718303,0.5297489988151938,23.145952000049874,0.0,216,0,0,14,0.96875,0
71.88987,1,0,0,0.0,23.258658999111503,0.5831460002809763,23.278604003280634,0.0,217,0,0,14,0.9732142857142857,0
71.91291,1,0,0,0.0,23.016945000563283,0.5433240003185347,23.03695399677963,0.0,218,0,0,14,0.9776785714285714,0
71.93613,1,0,0,0.0,23.19453100062674,0.5573620001086965,23.216090001369594,0.0,219,0,0,14,0.9821428571428571,0
71.95918,1,0,0,0.0,23.02184899963322,0.5291230008879211,23.042800999974133,0.0,220,0,0,14,0.9866071428571429,0
71.98244,1,0,0,0.0,23.24227300050552,0.542169000254944,23.260950001713354,0.0,221,0,0,14,0.9910714285714286,0
72.0057,1,0,0,0.0,23.22168399768998,0.5276669980958104,23.247747998539126,0.0,222,0,0,0,0.0,0
72.62464,1,1,229,25.237546000425937,23.767140999552794,0.5640919989673421,49.05380400305148,0.0,229,0,0,15,0.9583333333333334,0
72.64784,1,0,0,0.0,23.180406002211384,0.5736769999202807,23.203977001685416,0.0,230,0,0,15,0.9625,0
72.67121,1,0,0,0.0,23.33985500081326,0.5635390007228125,23.361715997452848,0.0,231,0,0,15,0.9666666666666667,0
72.6943,1,0,0,0.0,23.062961001414806,0.524627001141198,23.08193399949232,0.0,232,0,0,15,0.9708333333333333,0
72.71719,1,0,0,0.0,22.87388700278825,0.524511000548955,22.892013999808114,0.0,233,0,0,15,0.975,0
72.74016,1,0,0,0.0,22.94714399977238,0.509915997099597,22.96686000045156,0.0,234,0,0,15,0.9791666666666666,0
72.76311,1,0,0,0.0,22.924011998838978,0.5165799993847031,22.943840998777887,0.0,235,0,0,15,0.9833333333333333,0
72.78657,1,0,0,0.0,23.43038100298145,0.5295730006764643,23.449756001355127,0.0,236,0,0,15,0.9875,0
72.80965,1,0,0,0.0,23.056543002894614,0.5669060010404792,23.077091998857213,0.0,237,0,0,15,0.9916666666666667,0
72.83375,1,0,0,0.0,24.082476997136837,0.5695159998140298,24.103636998916045,0.0,238,0,0,15,0.9958333333333333,0
72.85727,1,0,0,0.0,23.493189000873826,0.5774700002803002,23.516027998994105,0.0,239,0,0,15,1.0,0
72.88049,1,0,0,0.0,23.183866000181297,0.5600509975920431,23.20573500037426,0.0,240,0,0,16,0.94140625,0
72.90339,1,0,0,0.0,22.878960997331887,0.5333860026439652,22.89902200209326,0.0,241,0,0,16,0.9453125,0
72.92615,1,0,0,0.0,22.7350219975051,0.5249909991107415,22.754442998120794,0.0,242,0,0,16,0.94921875,0
72.94899,1,0,0,0.0,22.820058999059256,0.515966003149515,22.839085999294184,0.0,243,0,0,16,0.953125,0
72.97177,1,0,0,0.0,22.75550600097631,0.5324029989424162,22.77361300002667,0.0,244,0,0,16,0.95703125,0
72.99466,1,0,0,0.0,22.866225001052953,0.5269149987725541,22.8854089982633,0.0,245,0,0,16,0.9609375,0
73.01761,1,0,0,0.0,22.930373997951392,0.5515960001503117,22.94982999956119,0.0,246,0,0,16,0.96484375,0
73.04047,1,0,0,0.0,22.839784000098007,0.5419670014816802,22.859879998577526,0.0,247,0,0,16,0.96875,0
73.06352,1,0,0,0.0,23.020705000817543,0.5303910002112389,23.044605000904994,0.0,248,0,0,16,0.97265625,0
73.08669,1,0,0,0.0,23.140422999858856,0.5693909988622181,23.160438999184407,0.0,249,0,0,16,0.9765625,0
73.10954,1,0,0,0.0,22.833380000520265,0.5574319984589238,22.85313500033226,0.0,250,0,0,16,0.98046875,0
73.13258,1,0,0,0.0,23.007020998193184,0.5672229999618139,23.027971998089924,0.0,251,0,0,16,0.984375,0
73.15588,1,0,0,0.0,23.28359300008742,0.5635689994960558,23.306798000703566,0.0,252,0,0,16,0.98828125,0
73.17903,1,0,0,0.0,23.116083000786602,0.5689069985237438,23.135855997679755,0.0,253,0,0,16,0.9921875,0
73.20202,1,0,0,0.0,22.97054800146725,0.5578569980571046,22.98993300064467,0.0,254,0,0,16,0.99609375,0
73.2251,1,0,0,0.0,23.05934100149898,0.5364140015444718,23.08184799767332,0.0,255,0,0,16,1.0,0
73.24848,1,0,0,0.0,23.35164000032819,0.5426099996839184,23.375329001282807,0.0,256,0,0,17,0.9448529411764706,0
73.27169,1,0,0,0.0,23.181464999652235,0.5520640006579924,23.202635999041377,0.0,257,0,0,17,0.9485294117647058,0
73.29543,1,0,0,0.0,23.71178199973656,0.5625180019706022,23.730721000902122,0.0,258,0,0,17,0.9522058823529411,0
73.31933,1,0,0,0.0,23.880818000179715,0.5314849986461923,23.90151900181081,0.0,259,0,0,17,0.9558823529411765,0
73.34287,1,0,0,0.0,23.51242900112993,0.5589700012933463,23.53255399793852,0.0,260,0,0,17,0.9595588235294118,0
73.36599,1,0,0,0.0,23.098444002243923,0.5577599986281712,23.118200999306282,0.0,261,0,0,17,0.9632352941176471,0
73.38925,1,0,0,0.0,23.23461000196403,0.5443859990919009,23.252849001437426,0.0,262,0,0,17,0.9669117647058824,0
73.41251,1,0,0,0.0,23.23448099923553,0.5390799997258,23.253540999576217,0.0,263,0,0,17,0.9705882352941176,0
73.43581,1,0,0,0.0,23.285731000214582,0.5567209991568234,23.305339000216918,0.0,264,0,0,17,0.9742647058823529,0
73.45872,1,0,0,0.0,22.878770003444515,0.545601000339957,22.897005001141224,0.0,265,0,0,17,0.9779411764705882,0
73.48194,1,0,0,0.0,23.19769899986568,0.5463330016937107,23.215827000967693,0.0,266,0,0,17,0.9816176470588235,0
73.50517,1,0,0,0.0,23.21535800001584,0.5406960008258466,23.23555100156227,0.0,267,0,0,17,0.9852941176470589,0
73.52833,1,0,0,0.0,23.12895399882109,0.5339669987733942,23.148881999077275,0.0,268,0,0,17,0.9889705882352942,0
73.55142,1,0,0,0.0,23.066563000611495,0.5465879985422362,23.086367997166235,0.0,269,0,0,17,0.9926470588235294,0
73.57467,1,0,0,0.0,23.228559002745897,0.5387940000218805,23.24864700131002,0.0,270,0,0,17,0.9963235294117647,0
73.59803,1,0,0,0.0,23.34097300263238,0.5636880014208145,23.359697999694617,0.0,271,0,0,17,1.0,0
73.62139,1,0,0,0.0,23.32739299890818,0.5469850002555177,23.35173100073007,0.0,272,0,0,18,0.9479166666666666,0
73.64464,1,0,0,0.0,23.225484001159202,0.5671929975505918,23.245775999384932,0.0,273,0,0,18,0.9513888888888888,0
73.66791,1,0,0,0.0,23.250395002833102,0.5770880015916191,23.269920002348954,0.0,274,0,0,18,0.9548611111111112,0
73.71955,2,1,94,23.682893999648513,27.91021699886187,0.6304140006250236,51.632241000334034,0.3290909090909091,275,0,0,24,0.9661458333333334,0
73.74743,2,0,0,0.0,27.85248500003945,0.6219550014066044,27.87490100308787,0.3278985507246377,276,0,0,24,0.9713541666666666,0
73.77542,2,0,0,0.0,27.96040099929087,0.5960890011920128,27.98597200307995,0.3267148014440433,277,0,0,25,0.9375,0
73.80337,2,0,0,0.0,27.931046999583486,0.6017779996909667,27.95042100115097,0.3255395683453237,278,0,0,25,0.9425,0
73.83141,2,0,0,0.0,28.01235499646282,0.5897320006624795,28.033439000864746,0.32437275985663083,279,0,0,25,0.9475,0
73.85968,2,0,0,0.0,28.239559000212466,0.6090479982958641,28.262166000786237,0.3232142857142857,280,0,0,25,0.9525,0
73.88814,2,0,0,0.0,28.43661999941105,0.6184599988046102,28.45901099863113,0.3220640569395018,281,0,0,25,0.9575,0
73.91638,2,0,0,0.0,28.209312997205416,0.6494779991044197,28.232802000275115,0.32092198581560283,282,0,0,25,0.9625,0
73.94454,2,0,0,0.0,28.13819000220974,0.6179800002428237,28.16247499868041,0.31978798586572443,283,0,0,25,0.9675,0
73.97265,2,0,0,0.0,28.083076002076268,0.637263001408428,28.106888999900548,0.3186619718309859,284,0,0,25,0.9725,0
74.0008,2,0,0,0.0,28.12447200267343,0.6496300011349376,28.144166000856785,0.3175438596491228,285,0,0,25,0.9775,0
74.02871,2,0,0,0.0,27.87883700148086,0.6112139999459032,27.89904299788759,0.31643356643356646,286,0,0,25,0.9825,0
74.05607,2,0,0,0.0,27.337119998264825,0.6127149972599,27.371698997740168,0.31533101045296164,287,0,0,25,0.9875,0
74.08417,2,0,0,0.0,28.05718300078297,0.5946909986960236,28.079767998860916,0.31423611111111116,288,0,0,26,0.9543269230769231,0
74.11215,2,0,0,0.0,27.9532790009398,0.609160000749398,27.97478599677561,0.31314878892733566,289,0,0,26,0.9591346153846154,0
74.14004,2,0,0,0.0,27.863658000569558,0.602637002884876,27.8862030027085,0.3120689655172414,290,0,0,26,0.9639423076923077,0
74.16825,2,0,0,0.0,28.188830001454335,0.6273709986999165,28.21184000276844,0.31099656357388317,291,0,0,26,0.96875,0
74.19622,2,0,0,0.0,27.93829599977471,0.61019599888823,27.959477996773785,0.30993150684931503,292,0,0,26,0.9735576923076923,0
74.22418,2,0,0,0.0,27.940437001234386,0.60507700254675,27.96609900178737,0.3088737201365188,293,0,0,27,0.9421296296296297,0
74.25217,2,0,0,0.0,27.954340999713168,0.6237229972612113,27.97774600185221,0.30782312925170063,294,0,0,27,0.9467592592592593,0
74.27966,2,0,0,0.0,27.462381000077585,0.6427689986594487,27.483928999572527,0.3067796610169492,295,0,0,27,0.9513888888888888,0
74.30764,2,0,0,0.0,27.955050998571096,0.6353659991873428,27.978046997304773,0.3057432432432432,296,0,0,27,0.9560185185185185,0
74.33604,2,0,0,0.0,28.372816999763018,0.6430329995055217,28.396180001436733,0.3047138047138047,297,0,0,27,0.9606481481481481,0
74.3648,2,0,0,0.0,28.73667200037744,0.6354599972837605,28.760399000020698,0.30369127516778527,298,0,0,27,0.9652777777777778,0
74.39298,2,0,0,0.0,28.142886996647576,0.6383090003510006,28.164982999442145,0.30267558528428096,299,0,0,27,0.9699074074074074,0
74.42135,2,0,0,0.0,28.348544998152647,0.6494169974757824,28.372310000122525,0.30166666666666664,300,0,0,27,0.9745370370370371,0
74.44954,2,0,0,0.0,28.16707999954815,0.6220960021892097,28.189155000291066,0.30066445182724255,301,0,0,27,0.9791666666666666,0
74.47747,2,0,0,0.0,27.900567998585757,0.6291049976425711,27.92296099869418,0.29966887417218546,302,0,0,27,0.9837962962962963,0
74.50499,2,0,0,0.0,27.494304998981534,0.6315229984465986,27.516419999301434,0.2986798679867987,303,0,0,27,0.9884259259259259,0
74.53304,2,0,0,0.0,28.016243999445578,0.6314910024229903,28.049499000189826,0.29769736842105265,304,0,0,8,0.96875,0
74.55604,1,0,0,0.0,22.972057999140816,0.5179610016057268,22.9939650016604,0.0,124,0,0,8,0.9765625,0
74.57896,1,0,0,0.0,22.891102998983115,0.5026449980505276,22.913559998414712,0.0,125,0,0,8,0.984375,0
74.60216,1,0,0,0.0,23.170788001152687,0.5096370005048811,23.190955998870777,0.0,126,0,0,8,0.9921875,0
74.62529,1,0,0,0.0,23.106452001229627,0.49147699974128045,23.129157001676504,0.0,127,0,0,8,1.0,0
74.64834,1,0,0,0.0,23.01661499950569,0.5194219993427396,23.042564000206767,0.0,128,0,0,9,0.8958333333333334,0
74.67132,1,0,0,0.0,22.956625998631353,0.5360139984986745,22.977693999564508,0.0,129,0,0,9,0.9027777777777778,0
74.69439,1,0,0,0.0,23.044667002977803,0.5064290016889572,23.062735999701545,0.0,130,0,0,9,0.9097222222222222,0
74.71735,1,0,0,0.0,22.942432002309943,0.4967919994669501,22.963819003052777,0.0,131,0,0,9,0.9166666666666666,0
74.7404,1,0,0,0.0,23.02134199999273,0.5081279996375088,23.043544999381993,0.0,132,0,0,9,0.9236111111111112,0
74.76343,1,0,0,0.0,23.00121799999033,0.517921998834936,23.028329000226222,0.0,133,0,0,9,0.9305555555555556,0
74.7866,1,0,0,0.0,23.141514000599273,0.5145119976077694,23.161861001426587,0.0,134,0,0,9,0.9375,0
74.80948,1,0,0,0.0,22.853981998196105,0.5213030017330311,22.875822000059998,0.0,135,0,0,9,0.9444444444444444,0
74.83342,1,0,0,0.0,23.916230999020627,0.5159020001883619,23.94453099987004,0.0,136,0,0,9,0.9513888888888888,0
74.85734,1,0,0,0.0,23.89085899994825,0.5382089984777849,23.913534001621883,0.0,137,0,0,9,0.9583333333333334,0
74.88037,1,0,0,0.0,22.99760999812861,0.5264089995762333,23.0190379988926,0.0,138,0,0,9,0.9652777777777778,0
74.9033,1,0,0,0.0,22.90247500059195,0.6374410004355013,22.92097900135559,0.0,139,0,0,9,0.9722222222222222,0
74.92611,1,0,0,0.0,22.793862997787073,0.5042810007580556,22.81393500015838,0.0,140,0,0,9,0.9791666666666666,0
74.94894,1,0,0,0.0,22.80112299922621,0.4875449994869996,22.821152000688016,0.0,141,0,0,9,0.9861111111111112,0
74.97182,1,0,0,0.0,22.85930899961386,0.530118999449769,22.880009997606976,0.0,142,0,0,9,0.9930555555555556,0
74.99492,1,0,0,0.0,23.072979998687515,0.5136859981575981,23.092995998013066,0.0,143,0,0,9,1.0,0
75.01816,1,0,0,0.0,23.212913998577278,0.5361549992812797,23.235925000335556,0.0,144,0,0,10,0.90625,0
75.04105,1,0,0,0.0,22.863177000544965,0.5051169973739889,22.883475001435727,0.0,145,0,0,10,0.9125,0
75.06389,1,0,0,0.0,22.819058001914527,0.48865899952943437,22.83840200107079,0.0,146,0,0,10,0.91875,0
75.08691,1,0,0,0.0,22.99819300242234,0.5181079977774061,23.01612800147268,0.0,147,0,0,10,0.925,0
75.10975,1,0,0,0.0,22.813460000179475,0.5131750003783964,22.843053000542568,0.0,148,0,0,10,0.93125,0
75.13271,1,0,0,0.0,22.931008999876212,0.5393589999584947,22.953463998419465,0.0,149,0,0,10,0.9375,0
75.15572,1,0,0,0.0,22.986225001659477,0.5255579999356996,23.007956999208545,0.0,150,0,0,10,0.94375,0
75.1786,1,0,0,0.0,22.838838001916884,0.5353749984351452,22.868445001222426,0.0,151,0,0,10,0.95,0
75.20177,1,0,0,0.0,23.1513940016157,0.5466879993036855,23.170993001258466,0.0,152,0,0,10,0.95625,0
75.22461,1,0,0,0.0,22.80218799933209,0.5427610012702644,22.827641001640586,0.0,153,0,0,0,0.0,0
75.41043,1,1,88,25.234328997612465,23.54157200170448,0.5461100008687936,48.82799800179782,0.0,88,0,0,6,0.9270833333333334,0
75.43426,1,0,0,0.0,23.804550000932068,0.518335000379011,23.828391000279225,0.0,89,0,0,6,0.9375,0
75.45746,1,0,0,0.0,23.164737998740748,0.5316399983712472,23.188279999885708,0.0,90,0,0,6,0.9479166666666666,0
75.48061,1,0,0,0.0,23.123352002585307,0.49996000234386884,23.145585000747815,0.0,91,0,0,6,0.9583333333333334,0
75.50399,1,0,0,0.0,23.356043002422666,0.5067179990874138,23.377388999506366,0.0,92,0,0,6,0.96875,0
75.52716,1,0,0,0.0,23.150589000579203,0.5286199993861374,23.17336600026465,0.0,93,0,0,6,0.9791666666666666,0
75.55066,1,0,0,0.0,23.46467700044741,0.5048050006735139,23.4875420028402,0.0,94,0,0,6,0.9895833333333334,0
75.57371,1,0,0,0.0,23.029632000543643,0.5170739968889393,23.05068100031349,0.0,95,0,0,6,1.0,0
75.59686,1,0,0,0.0,23.117176999221556,0.526269999681972,23.138585998822236,0.0,96,0,0,7,0.8660714285714286,0
75.61993,1,0,0,0.0,23.049802002788056,0.47981000170693733,23.0702389999351,0.0,97,0,0,7,0.875,0
75.64312,1,0,0,0.0,23.16559300015797,0.49553699864191003,23.187824001070112,0.0,98,0,0,7,0.8839285714285714,0
75.66633,1,0,0,0.0,23.18540299893357,0.49945399950956926,23.20767199853435,0.0,99,0,0,7,0.8928571428571429,0
75.6895,1,0,0,0.0,23.14102599848411,0.500796999403974,23.159937998570967,0.0,100,0,0,7,0.9017857142857143,0
75.71244,1,0,0,0.0,22.918568000022788,0.4920150022371672,22.938638998311944,0.0,101,0,0,7,0.9107142857142857,0
75.73554,1,0,0,0.0,23.07519099849742,0.47991000246838666,23.097023000445915,0.0,102,0,0,7,0.9196428571428571,0
75.75884,1,0,0,0.0,23.277992000657832,0.4916709985991474,23.30139500190853,0.0,103,0,0,7,0.9285714285714286,0
75.78192,1,0,0,0.0,23.022197998216143,0.5123640003148466,23.044517998641822,0.0,104,0,0,7,0.9375,0
75.80574,1,0,0,0.0,23.789397997461492,0.49873099851538427,23.80918899871176,0.0,105,0,0,7,0.9464285714285714,0
75.8294,1,0,0,0.0,23.632844000530895,0.5108500008645933,23.657051999180112,0.0,106,0,0,7,0.9553571428571429,0
75.85413,1,0,0,0.0,24.697917000594316,0.6279100016399752,24.72206200036453,0.0,107,0,0,7,0.9642857142857143,0
75.87759,1,0,0,0.0,23.43740899959812,0.5324939993442968,23.46036000017193,0.0,108,0,0,7,0.9732142857142857,0
75.90117,1,0,0,0.0,23.553570001240587,0.5345129975466989,23.57312399908551,0.0,109,0,0,7,0.9821428571428571,0
75.92455,1,0,0,0.0,23.35382999808644,0.48635100029059686,23.375287997623673,0.0,110,0,0,7,0.9910714285714286,0
75.94789,1,0,0,0.0,23.31158499873709,0.5332580003596377,23.334251000051154,0.0,111,0,0,7,1.0,0
75.97128,1,0,0,0.0,23.36445699984324,0.525239000126021,23.389989000861533,0.0,112,0,0,8,0.8828125,0
75.99476,1,0,0,0.0,23.453417998098303,0.5213950025790837,23.472787001082906,0.0,113,0,0,8,0.890625,0
76.0183,1,0,0,0.0,23.516305998782627,0.5210550007177517,23.536872999102343,0.0,114,0,0,8,0.8984375,0
76.04157,1,0,0,0.0,23.240792001161026,0.5056720001448411,23.262142000021413,0.0,115,0,0,8,0.90625,0
76.06498,1,0,0,0.0,23.382747000141535,0.5268269997031894,23.406708998663817,0.0,116,0,0,8,0.9140625,0
76.08858,1,0,0,0.0,23.573485002998495,0.523065999004757,23.59370300109731,0.0,117,0,0,8,0.921875,0
76.11185,1,0,0,0.0,23.241874001541873,0.5298020005284343,23.262876999069704,0.0,118,0,0,8,0.9296875,0
76.13516,1,0,0,0.0,23.287703999812948,0.5130159988766536,23.307837000174914,0.0,119,0,0,8,0.9375,0
76.15857,1,0,0,0.0,23.38540599885164,0.49080600001616403,23.40774499680265,0.0,120,0,0,8,0.9453125,0
76.18194,1,0,0,0.0,23.340395997365704,0.541329998668516,23.361673000181327,0.0,121,0,0,8,0.953125,0
76.20533,1,0,0,0.0,23.37274000092293,0.5327689978003036,23.39310699971975,0.0,122,0,0,8,0.9609375,0
76.22877,1,0,0,0.0,23.406210999382893,0.5140590001246892,23.428512999089435,0.0,123,0,0,8,0.96875,0
76.25236,1,0,0,0.0,23.56651599984616,0.5385510012274608,23.58917899982771,0.0,124,0,0,8,0.9765625,0
76.27581,1,0,0,0.0,23.427298001479357,0.5279950019030366,23.448183997970773,0.0,125,0,0,8,0.984375,0
76.29967,1,0,0,0.0,23.831212001823587,0.516922002134379,23.850771998695564,0.0,126,0,0,8,0.9921875,0
76.32351,1,0,0,0.0,23.813276002329076,0.5171619995962828,23.834865001845174,0.0,127,0,0,8,1.0,0
76.34695,1,0,0,0.0,23.409483997966163,0.5535039999813307,23.434746002749307,0.0,128,0,0,9,0.8958333333333334,0
76.37017,1,0,0,0.0,23.19667399933678,0.5227230030868668,23.216753997985506,0.0,129,0,0,9,0.9027777777777778,0
76.39409,1,0,0,0.0,23.885050999524537,0.4907360016659368,23.92150500236312,0.0,130,0,0,9,0.9097222222222222,0
76.41861,1,0,0,0.0,24.489134000759805,0.536409999767784,24.51209599894355,0.0,131,0,0,9,0.9166666666666666,0
76.44303,1,0,0,0.0,24.397200002567843,0.6223450000106823,24.41998200083617,0.0,132,0,0,9,0.9236111111111112,0
76.46706,1,0,0,0.0,23.997414002224104,0.5417309985205065,24.02173999871593,0.0,133,0,0,9,0.9305555555555556,0
76.49116,1,0,0,0.0,24.055674999544863,0.544833001185907,24.077709000266623,0.0,134,0,0,9,0.9375,0
76.5151,1,0,0,0.0,23.898639999970328,0.5367560006561689,23.94021800137125,0.0,135,0,0,9,0.9444444444444444,0
76.5391,1,0,0,0.0,23.971220001840265,0.5265569998300634,23.99896300266846,0.0,136,0,0,9,0.9513888888888888,0
76.56323,1,0,0,0.0,24.098013000184437,0.5543180013773963,24.1213549998065,0.0,137,0,0,9,0.9583333333333334,0
76.58738,1,0,0,0.0,24.12261000063154,0.5392639977799263,24.143163998814998,0.0,138,0,0,9,0.9652777777777778,0
76.61129,1,0,0,0.0,23.88444099779008,0.5224359993007965,23.905807996925432,0.0,139,0,0,9,0.9722222222222222,0
76.63544,1,0,0,0.0,24.129122000886127,0.5433869991975371,24.151167999661993,0.0,140,0,0,9,0.9791666666666666,0
76.65949,1,0,0,0.0,24.01298399854568,0.532098001713166,24.041839002165943,0.0,141,0,0,0,0.0,0
77.50888,1,1,100,25.717813998198835,24.011860998143675,0.54373199964175,49.780834997363854,0.0,100,0,0,7,0.9017857142857143,0
77.53877,1,0,0,0.0,29.85981700112461,0.5238119993009605,29.8856480003451,0.0,101,0,0,7,0.9107142857142857,0
77.57044,1,0,0,0.0,31.645046001358423,0.7018479991529603,31.668822997744428,0.0,102,0,0,7,0.9196428571428571,0
77.59418,1,0,0,0.0,23.713597998721525,0.5395209991547745,23.732990001008147,0.0,103,0,0,7,0.9285714285714286,0
77.61779,1,0,0,0.0,23.58560499851592,0.49095199938165024,23.607486000400968,0.0,104,0,0,7,0.9375,0
77.64165,1,0,0,0.0,23.82868500353652,0.5436009996628854,23.852113001339603,0.0,105,0,0,7,0.9464285714285714,0
77.66538,1,0,0,0.0,23.706359999778215,0.5402669994509779,23.7286489973485,0.0,106,0,0,7,0.9553571428571429,0
77.68924,1,0,0,0.0,23.830256999644917,0.5013449990656227,23.85017000051448,0.0,107,0,0,7,0.9642857142857143,0
77.71309,1,0,0,0.0,23.81816400156822,0.4889090014330577,23.853556001995457,0.0,108,0,0,7,0.9732142857142857,0
77.73685,1,0,0,0.0,23.729622997052502,0.49445300101069734,23.75267800016445,0.0,109,0,0,7,0.9821428571428571,0
77.76063,1,0,0,0.0,23.754388999805087,0.5036410002503544,23.777374997735023,0.0,110,0,0,7,0.9910714285714286,0
77.78449,1,0,0,0.0,23.83633299905341,0.5355030007194728,23.859229000663618,0.0,111,0,0,7,1.0,0
77.80843,1,0,0,0.0,23.905817997729173,0.534388000232866,23.92903399959323,0.0,112,0,0,8,0.8828125,0
77.83231,1,0,0,0.0,23.85462999882293,0.5109459998493548,23.877310999523615,0.0,113,0,0,8,0.890625,0
77.85682,1,0,0,0.0,24.480984000547323,0.5205579982430208,24.50602699900628,0.0,114,0,0,8,0.8984375,0
77.88087,1,0,0,0.0,24.027015999308787,0.5633979999402072,24.049329000263242,0.0,115,0,0,8,0.90625,0
77.90479,1,0,0,0.0,23.893428002338624,0.5112130020279437,23.912370001198724,0.0,116,0,0,8,0.9140625,0
77.92857,1,0,0,0.0,23.757047001708997,0.514334999024868,23.77797499866574,0.0,117,0,0,8,0.921875,0
77.95249,1,0,0,0.0,23.892887998954393,0.5338390001270454,23.91458199781482,0.0,118,0,0,8,0.9296875,0
77.97626,1,0,0,0.0,23.74354600033257,0.5375210021156818,23.76516000003903,0.0,119,0,0,8,0.9375,0
77.9998,1,0,0,0.0,23.51330099918414,0.5072130006738007,23.532212999270996,0.0,120,0,0,8,0.9453125,0
78.02389,1,0,0,0.0,24.069243998383172,0.5346830002963543,24.091278999549104,0.0,121,0,0,8,0.953125,0
78.0475,1,0,0,0.0,23.584849001053954,0.5375100008677691,23.604810998222092,0.0,122,0,0,8,0.9609375,0
78.071,1,0,0,0.0,23.468412000511307,0.4984260012861341,23.487673002819065,0.0,123,0,0,8,0.96875,0
78.09483,1,0,0,0.0,23.809387999790488,0.5040350006311201,23.830223999539157,0.0,124,0,0,8,0.9765625,0
78.11839,1,0,0,0.0,23.531068000011146,0.5274439972708933,23.551887999929022,0.0,125,0,0,8,0.984375,0
78.14185,1,0,0,0.0,23.436848998244386,0.5156190018169582,23.458627998479642,0.0,126,0,0,8,0.9921875,0
78.16543,1,0,0,0.0,23.55606600031024,0.5275700023048557,23.57835300063016,0.0,127,0,0,8,1.0,0
78.18934,1,0,0,0.0,23.879420998127898,0.5225450004218146,23.904131001472706,0.0,128,0,0,9,0.8958333333333334,0
78.21327,1,0,0,0.0,23.904977999336552,0.5748229996243026,23.926174999360228,0.0,129,0,0,9,0.9027777777777778,0
78.23678,1,0,0,0.0,23.488013001042418,0.5264809988148045,23.511759001848986,0.0,130,0,0,9,0.9097222222222222,0
78.26082,1,0,0,0.0,24.007043000892736,0.572856002690969,24.03108200087445,0.0,131,0,0,9,0.9166666666666666,0
78.28476,1,0,0,0.0,23.90777300024638,0.5747499999415595,23.937780999403913,0.0,132,0,0,9,0.9236111111111112,0
78.30868,1,0,0,0.0,23.888143001386197,0.5530070011445787,23.907179001980694,0.0,133,0,0,9,0.9305555555555556,0
78.3325,1,0,0,0.0,23.796661000233144,0.5362340016290545,23.82045800186461,0.0,134,0,0,9,0.9375,0
78.3562,1,0,0,0.0,23.67539599799784,0.5554979979933705,23.699229997873772,0.0,135,0,0,9,0.9444444444444444,0
78.37954,1,0,0,0.0,23.30745300059789,0.5199170009291265,23.329214000114007,0.0,136,0,0,9,0.9513888888888888,0
78.40316,1,0,0,0.0,23.598902000230737,0.5515400007425342,23.620447998837335,0.0,137,0,0,9,0.9583333333333334,0
78.42709,1,0,0,0.0,23.883571000624215,0.5065889999968931,23.920552001072792,0.0,138,0,0,9,0.9652777777777778,0
78.45052,1,0,0,0.0,23.402914001053432,0.524518996826373,23.426356998243136,0.0,139,0,0,9,0.9722222222222222,0
78.47413,1,0,0,0.0,23.589379001350608,0.567636001505889,23.613673001818825,0.0,140,0,0,9,0.9791666666666666,0
78.49821,1,0,0,0.0,24.050615000305697,0.5180679982004222,24.07153899912373,0.0,141,0,0,9,0.9861111111111112,0
78.5219,1,0,0,0.0,23.663485000724904,0.5387550008890685,23.68507299979683,0.0,142,0,0,9,0.9930555555555556,0
78.54546,1,0,0,0.0,23.53108899842482,0.5519850019481964,23.558791999676032,0.0,143,0,0,0,0.0,0
79.97215,1,1,110,25.20805200038012,23.494757999287685,0.5383410025388002,48.75974300011876,0.0,110,0,0,7,0.9910714285714286,0
79.99542,1,0,0,0.0,23.237546000018483,0.5076200031908229,23.257954999280628,0.0,111,0,0,7,1.0,0
80.01891,1,0,0,0.0,23.46279300036258,0.4964680010743905,23.486883997975383,0.0,112,0,0,8,0.8828125,0
80.04235,1,0,0,0.0,23.419989996909862,0.5515640004887246,23.442755998985376,0.0,113,0,0,8,0.890625,0
80.06553,1,0,0,0.0,23.152073001256213,0.5119560009916313,23.174589998234296,0.0,114,0,0,8,0.8984375,0
80.08873,1,0,0,0.0,23.169363998022163,0.5034000023442786,23.18868599832058,0.0,115,0,0,8,0.90625,0
80.11219,1,0,0,0.0,23.437415999069344,0.4968710018147249,23.45883199814125,0.0,116,0,0,8,0.9140625,0
80.13554,1,0,0,0.0,23.32216400100151,0.4961619997629896,23.345673998846905,0.0,117,0,0,8,0.921875,0
80.15901,1,0,0,0.0,23.440498000127263,0.5260920006548986,23.463181998522487,0.0,118,0,0,8,0.9296875,0
80.18255,1,0,0,0.0,23.517183999501867,0.5073229986010119,23.540415000752546,0.0,119,0,0,8,0.9375,0
80.20618,1,0,0,0.0,23.599289001140278,0.5506779998540878,23.620967000169912,0.0,120,0,0,8,0.9453125,0
80.22946,1,0,0,0.0,23.253481998835923,0.528592001501238,23.277885000425158,0.0,121,0,0,8,0.953125,0
80.25297,1,0,0,0.0,23.486958001740277,0.5349290004232898,23.51208100299118,0.0,122,0,0,8,0.9609375,0
80.27651,1,0,0,0.0,23.51196100062225,0.5565900028159376,23.535828000603942,0.0,123,0,0,8,0.96875,0
80.30013,1,0,0,0.0,23.583542999404017,0.5380940019676927,23.60441400014679,0.0,124,0,0,8,0.9765625,0
80.32345,1,0,0,0.0,23.301952998735942,0.4960410005878657,23.323564997554058,0.0,125,0,0,8,0.984375,0
80.34681,1,0,0,0.0,23.33006999833742,0.4995950002921745,23.353022999799578,0.0,126,0,0,8,0.9921875,0
80.37045,1,0,0,0.0,23.61400500012678,0.5658500012941658,23.637030000827508,0.0,127,0,0,8,1.0,0
80.39367,1,0,0,0.0,23.189686002297094,0.5217059988353867,23.21401199878892,0.0,128,0,0,9,0.8958333333333334,0
80.41702,1,0,0,0.0,23.319563999393722,0.5288159991323482,23.34076700208243,0.0,129,0,0,9,0.9027777777777778,0
80.44076,1,0,0,0.0,23.71458299967344,0.524551000125939,23.744902999169426,0.0,130,0,0,9,0.9097222222222222,0
80.46379,1,0,0,0.0,23.00058299806551,0.5270969995763153,23.021222001261776,0.0,131,0,0,9,0.9166666666666666,0
80.48683,1,0,0,0.0,23.01683299810975,0.5146690018591471,23.037524999381276,0.0,132,0,0,9,0.9236111111111112,0
80.51039,1,0,0,0.0,23.536267999588745,0.5084680014988407,23.55915299995104,0.0,133,0,0,9,0.9305555555555556,0
80.53416,1,0,0,0.0,23.74113499899977,0.5424970004241914,23.764360998029588,0.0,134,0,0,9,0.9375,0
80.55733,1,0,0,0.0,23.14394100176287,0.5105519994685892,23.16642399819102,0.0,135,0,0,9,0.9444444444444444,0
80.58055,1,0,0,0.0,23.19267600250896,0.5119060006109066,23.213918997498695,0.0,136,0,0,9,0.9513888888888888,0
80.60394,1,0,0,0.0,23.3607780028251,0.5362740012060385,23.381246002827538,0.0,137,0,0,9,0.9583333333333334,0
80.62709,1,0,0,0.0,23.108833000151208,0.5146270013938192,23.144324000895722,0.0,138,0,0,9,0.9652777777777778,0
80.6501,1,0,0,0.0,22.985145998973167,0.5043650016887113,23.007592997601023,0.0,139,0,0,9,0.9722222222222222,0
80.67331,1,0,0,0.0,23.18966100210673,0.5158619969733991,23.211347001051763,0.0,140,0,0,9,0.9791666666666666,0
80.69645,1,0,0,0.0,23.113529998227023,0.521573001606157,23.135586001444608,0.0,141,0,0,9,0.9861111111111112,0
80.72353,1,0,0,0.0,27.049563999753445,0.660296998830745,27.072488999692723,0.0,142,0,0,9,0.9930555555555556,0
80.74861,1,0,0,0.0,25.054975998500595,0.7269910020113457,25.078473998291884,0.0,143,0,0,9,1.0,0
80.77212,1,0,0,0.0,23.47324199945433,0.5601060001936276,23.499418999563204,0.0,144,0,0,10,0.90625,0
80.79552,1,0,0,0.0,23.381955001241295,0.5156730003363919,23.402080001687864,0.0,145,0,0,10,0.9125,0
80.81945,1,0,0,0.0,23.899463998532156,0.5368179990909994,23.921336000057636,0.0,146,0,0,10,0.91875,0
80.84302,1,0,0,0.0,23.54214000297361,0.555547001567902,23.564036997413496,0.0,147,0,0,10,0.925,0
80.86788,1,0,0,0.0,24.84067099794629,0.5386550001276191,24.862569996912498,0.0,148,0,0,10,0.93125,0
80.89139,1,0,0,0.0,23.47805200042785,0.5523910003830679,23.501727999246214,0.0,149,0,0,10,0.9375,0
80.91497,1,0,0,0.0,23.551717000373174,0.5300869997881819,23.571671001263894,0.0,150,0,0,10,0.94375,0
80.93837,1,0,0,0.0,23.379651000141166,0.5279060023894999,23.399911002343288,0.0,151,0,0,10,0.95,0
80.96184,1,0,0,0.0,23.439455002517207,0.5126539981574751,23.4617630012508,0.0,152,0,0,10,0.95625,0
80.98536,1,0,0,0.0,23.497456997574773,0.5783650012745056,23.519375998148462,0.0,153,0,0,10,0.9625,0
81.00891,1,0,0,0.0,23.51910899960785,0.5181279993848875,23.538952998933382,0.0,154,0,0,10,0.96875,0
81.03247,1,0,0,0.0,23.538444998848718,0.521574002050329,23.560929999803193,0.0,155,0,0,10,0.975,0
81.05609,1,0,0,0.0,23.577919997478602,0.5318010007613339,23.622708999027964,0.0,156,0,0,10,0.98125,0
81.07962,1,0,0,0.0,23.47926400034339,0.539538999873912,23.517870999057777,0.0,157,0,0,10,0.9875,0
81.10323,1,0,0,0.0,23.586295999848517,0.5295199989632238,23.606380997080123,0.0,158,0,0,10,0.99375,0
81.12688,1,0,0,0.0,23.625148998689838,0.5371709994506091,23.648926999157993,0.0,159,0,0,10,1.0,0
81.15055,1,0,0,0.0,23.636661000637105,0.5831390008097515,23.66154999981518,0.0,160,0,0,11,0.9147727272727273,0
81.17411,1,0,0,0.0,23.53322700218996,0.5540729980566539,23.55593800166389,0.0,161,0,0,11,0.9204545454545454,0
81.19779,1,0,0,0.0,23.651524999877438,0.5347269980120473,23.67414699983783,0.0,162,0,0,11,0.9261363636363636,0
81.22146,1,0,0,0.0,23.647442998480983,0.6224159988050815,23.66723300292506,0.0,163,0,0,11,0.9318181818181818,0
81.24481,1,0,0,0.0,23.324433001107536,0.5380420006986242,23.349743998551276,0.0,164,0,0,0,0.0,0
85.8303,1,1,189,26.447763997566653,23.936256002343725,0.5396259984991048,50.4372700015665,0.0,189,0,0,12,0.9895833333333334,0
85.85398,1,0,0,0.0,23.65021299920045,0.558716001251014,23.6738220010011,0.0,190,0,0,12,0.9947916666666666,0
85.8784,1,0,0,0.0,24.39231300013489,0.559667001652997,24.414034000074025,0.0,191,0,0,12,1.0,0
85.9025,1,0,0,0.0,24.072070998954587,0.5379819995141588,24.098845999105833,0.0,192,0,0,13,0.9278846153846154,0
85.92633,1,0,0,0.0,23.804796997865196,0.5634650005958974,23.824970001442125,0.0,193,0,0,13,0.9326923076923077,0
85.9496,1,0,0,0.0,23.2385660019645,0.5326909995346796,23.258913999598008,0.0,194,0,0,13,0.9375,0
85.97295,1,0,0,0.0,23.325883001234615,0.5467200026032515,23.34751300077187,0.0,195,0,0,13,0.9423076923076923,0
85.99654,1,0,0,0.0,23.56241699817474,0.5526679997274186,23.583770002005622,0.0,196,0,0,13,0.9471153846153846,0
86.02019,1,0,0,0.0,23.63261299979058,0.550714998098556,23.651447998418007,0.0,197,0,0,13,0.9519230769230769,0
86.0441,1,0,0,0.0,23.881003002315992,0.5160900000191759,23.902508000901435,0.0,198,0,0,13,0.9567307692307693,0
86.06765,1,0,0,0.0,23.52947100007441,0.5402799979492556,23.55096700193826,0.0,199,0,0,13,0.9615384615384616,0
86.09359,1,0,0,0.0,25.911114000336966,0.5670239988830872,25.932757002010476,0.0,200,0,0,13,0.9663461538461539,0
86.14847,2,1,129,25.475640999502502,29.36054800011334,0.6305509996309411,54.87860899665975,0.17910447761194026,201,0,0,22,0.9431818181818182,0
86.1776,2,0,0,0.0,29.092251999827567,0.6398089972208254,29.117288999259472,0.17821782178217827,202,0,0,22,0.9488636363636364,0
86.20644,2,0,0,0.0,28.81244600212085,0.6389860027411487,28.836719000537414,0.17733990147783252,203,0,0,22,0.9545454545454546,0
86.23558,2,0,0,0.0,29.109121998772025,0.6277709981077351,29.13298099883832,0.17647058823529416,204,0,0,22,0.9602272727272727,0
86.26463,2,0,0,0.0,29.02712000286556,0.6545669966726564,29.052440000668867,0.17560975609756102,205,0,0,22,0.9659090909090909,0
86.2935,2,0,0,0.0,28.8369789996068,0.6407740002032369,28.86056299757911,0.1747572815533981,206,0,0,22,0.9715909090909091,0
86.32196,2,0,0,0.0,28.434710002329666,0.6353289973048959,28.456551000999752,0.17391304347826086,207,0,0,22,0.9772727272727273,0
86.35089,2,0,0,0.0,28.90431199921295,0.6347669987007976,28.93198599849711,0.17307692307692313,208,0,0,23,0.9402173913043478,0
86.37959,2,0,0,0.0,28.662850003456697,0.6251539998629596,28.687738998996792,0.1722488038277512,209,0,0,23,0.9456521739130435,0
86.40817,2,0,0,0.0,28.541428000607993,0.6311890028882772,28.56381699893973,0.17142857142857137,210,0,0,23,0.9510869565217391,0
86.43746,2,0,0,0.0,29.260128998430446,0.5929029975959565,29.28244699796778,0.17061611374407581,211,0,0,23,0.9565217391304348,0
86.46636,2,0,0,0.0,28.87436800301657,0.631501003226731,28.89895400221576,0.16981132075471694,212,0,0,23,0.9619565217391305,0
86.49487,2,0,0,0.0,28.478547003032872,0.6409810011973605,28.501918000984006,0.16901408450704225,213,0,0,23,0.967391304347826,0
86.52362,2,0,0,0.0,28.723620998789556,0.6170630003907718,28.744818999257404,0.16822429906542058,214,0,0,23,0.9728260869565217,0
86.5516,2,0,0,0.0,27.949892002652632,0.623345000349218,27.97155200096313,0.16744186046511633,215,0,0,23,0.9782608695652174,0
86.58047,2,0,0,0.0,28.84287599954405,0.6417459990188945,28.870137000922114,0.16666666666666663,216,0,0,24,0.9427083333333334,0
86.60935,2,0,0,0.0,28.854440999566577,0.655720999930054,28.878616001748014,0.16589861751152069,217,0,0,24,0.9479166666666666,0
86.63805,2,0,0,0.0,28.666269001405453,0.6126180014689453,28.687057998467935,0.1651376146788991,218,0,0,24,0.953125,0
86.66764,2,0,0,0.0,29.566335997515125,0.5957869980193209,29.589636000309838,0.1643835616438356,219,0,0,24,0.9583333333333334,0
86.69715,2,0,0,0.0,29.486489998816978,0.6642119988100603,29.5088829989254,0.1636363636363637,220,0,0,24,0.9635416666666666,0
86.72601,2,0,0,0.0,28.826654997828882,0.6160699995234609,28.856887998699676,0.16289592760180993,221,0,0,24,0.96875,0
86.75488,2,0,0,0.0,28.836768000473967,0.6301210014498793,28.85997300109011,0.16216216216216217,222,0,0,24,0.9739583333333334,0
86.78292,2,0,0,0.0,28.013900002406444,0.6574510007339995,28.036096999130677,0.16143497757847536,223,0,0,24,0.9791666666666666,0
86.81161,2,0,0,0.0,28.661096999712754,0.6313829981081653,28.68615899933502,0.1607142857142857,224,0,0,25,0.945,0
86.84042,2,0,0,0.0,28.778069998224964,0.614997999946354,28.800682001019595,0.16000000000000003,225,0,0,25,0.95,0
86.8694,2,0,0,0.0,28.95985899886,0.6150039989734069,28.985925997403683,0.15929203539823011,226,0,0,25,0.955,0
86.8989,2,0,0,0.0,29.462760998285376,0.6850839999970049,29.486102001101244,0.15859030837004406,227,0,0,25,0.96,0
86.92776,2,0,0,0.0,28.839200000220444,0.6356880003295373,28.861508002592018,0.1578947368421053,228,0,0,25,0.965,0
86.95621,2,0,0,0.0,28.42246400177828,0.632423998467857,28.44425899820635,0.15720524017467252,229,0,0,25,0.97,0
86.98473,2,0,0,0.0,28.489483000157634,0.5967979996057693,28.511174001323525,0.15652173913043477,230,0,0,25,0.975,0
87.01259,2,0,0,0.0,27.8398880000168,0.622890998783987,27.861160000611562,0.1558441558441559,231,0,0,25,0.98,0
87.04166,2,0,0,0.0,29.03833800155553,0.6198060000315309,29.063695001241285,0.15517241379310343,232,0,0,26,0.9471153846153846,0
87.07059,2,0,0,0.0,28.8978889984719,0.663385999359889,28.92284900008235,0.15450643776824036,233,0,0,26,0.9519230769230769,0
87.09923,2,0,0,0.0,28.61854000002495,0.6678139980067499,28.643319001275813,0.15384615384615385,234,0,0,26,0.9567307692307693,0
87.12822,2,0,0,0.0,28.95567499945173,0.6327670016617049,28.979660997720202,0.15319148936170213,235,0,0,26,0.9615384615384616,0
87.15702,2,0,0,0.0,28.77766299934592,0.6212660009623505,28.80221599843935,0.15254237288135597,236,0,0,26,0.9663461538461539,0
87.1857,2,0,0,0.0,28.64456699899165,0.6246609991649166,28.66783699937514,0.15189873417721522,237,0,0,26,0.9711538461538461,0
87.21425,2,0,0,0.0,28.52134400018258,0.6366570014506578,28.543727999931434,0.1512605042016807,238,0,0,26,0.9759615384615384,0
87.24227,2,0,0,0.0,27.993526000500424,0.7309049979085103,28.01840100073605,0.15062761506276146,239,0,0,26,0.9807692307692307,0
87.27093,2,0,0,0.0,28.627493000385584,0.5970689999230672,28.65288400062127,0.15000000000000002,240,0,0,27,0.9490740740740741,0
87.29981,2,0,0,0.0,28.854937001597136,0.6497949980257545,28.878330998850288,0.14937759336099588,241,0,0,27,0.9537037037037037,0
87.32879,2,0,0,0.0,28.95383699797094,0.6447650011978112,28.97425399714848,0.14876033057851235,242,0,0,27,0.9583333333333334,0
87.35732,2,0,0,0.0,28.506241000286536,0.6354149991238955,28.528718001325615,0.14814814814814814,243,0,0,27,0.9629629629629629,0
87.38582,2,0,0,0.0,28.472089001297718,0.6077750003896654,28.493232999608153,0.14754098360655743,244,0,0,27,0.9675925925925926,0
87.41466,2,0,0,0.0,28.812825003114995,0.649050998617895,28.83630199721665,0.14693877551020407,245,0,0,27,0.9722222222222222,0
87.44391,2,0,0,0.0,29.219257998192916,0.7181010005297139,29.243854998640018,0.14634146341463417,246,0,0,27,0.9768518518518519,0
87.47184,2,0,0,0.0,27.90221600298537,0.6573559985554311,27.9240009986097,0.14574898785425106,247,0,0,27,0.9814814814814815,0
87.50042,2,0,0,0.0,28.554225998959737,0.63268799931393,28.579976999026258,0.14516129032258063,248,0,0,28,0.9508928571428571,0
87.52925,2,0,0,0.0,28.798573999665678,0.6342720007523894,28.81997000076808,0.14457831325301207,249,0,0,28,0.9553571428571429,0
87.55774,2,0,0,0.0,28.46274300100049,0.6230219987628516,28.4918179968372,0.14400000000000002,250,0,0,12,0.9322916666666666,0
87.58128,1,0,0,0.0,23.51324900155305,0.5363450000004377,23.534609001217177,0.0,179,0,0,12,0.9375,0
87.60461,1,0,0,0.0,23.29997199922218,0.4999919983674772,23.31988199875923,0.0,180,0,0,12,0.9427083333333334,0
87.62818,1,0,0,0.0,23.55370000077528,0.5271490008453839,23.57539099830319,0.0,181,0,0,12,0.9479166666666666,0
87.65165,1,0,0,0.0,23.441261997504625,0.5271900008665398,23.46300300268922,0.0,182,0,0,12,0.953125,0
87.67516,1,0,0,0.0,23.482134001824306,0.5475590005517006,23.50334799848497,0.0,183,0,0,12,0.9583333333333334,0
87.69887,1,0,0,0.0,23.68127100271522,0.5262810009298846,23.702094997133827,0.0,184,0,0,12,0.9635416666666666,0
87.72294,1,0,0,0.0,24.05176600223058,0.5671319995599333,24.07093699730467,0.0,185,0,0,12,0.96875,0
87.74653,1,0,0,0.0,23.556988999189343,0.5828379980812315,23.587501000292832,0.0,186,0,0,0,0.0,0
89.06869,1,1,161,26.309894001315115,23.592649999045534,0.5260609977995045,49.95636999956332,0.0,161,0,0,11,0.9204545454545454,0
89.09293,1,0,0,0.0,24.209256000176538,0.5593889982264955,24.231992996647023,0.0,162,0,0,11,0.9261363636363636,0
89.11685,1,0,0,0.0,23.894490997918183,0.5625909980153665,23.915189998660935,0.0,163,0,0,11,0.9318181818181818,0
89.14089,1,0,0,0.0,24.012800000491552,0.575606001802953,24.033990001044003,0.0,164,0,0,11,0.9375,0
89.16475,1,0,0,0.0,23.832415998185752,0.5630689993267879,23.852724996686447,0.0,165,0,0,11,0.9431818181818182,0
89.18848,1,0,0,0.0,23.708803997578798,0.5588050007645506,23.729526001261547,0.0,166,0,0,11,0.9488636363636364,0
89.2121,1,0,0,0.0,23.573872000270057,0.5006120009056758,23.611641001480166,0.0,167,0,0,11,0.9545454545454546,0
89.23611,1,0,0,0.0,23.97746700080461,0.521005000337027,24.00287500131526,0.0,168,0,0,11,0.9602272727272727,0
89.25988,1,0,0,0.0,23.750771000777604,0.5266240004857536,23.772323998855427,0.0,169,0,0,11,0.9659090909090909,0
89.2836,1,0,0,0.0,23.69424299831735,0.5519799997273367,23.71469299760065,0.0,170,0,0,11,0.9715909090909091,0
89.30742,1,0,0,0.0,23.795645000063814,0.5555560019274708,23.816893000912387,0.0,171,0,0,11,0.9772727272727273,0
89.33136,1,0,0,0.0,23.912546999781625,0.5014299968024716,23.930783001560485,0.0,172,0,0,11,0.9829545454545454,0
89.35486,1,0,0,0.0,23.471906999475323,0.5013209993194323,23.491250998631585,0.0,173,0,0,11,0.9886363636363636,0
89.37852,1,0,0,0.0,23.640573999728076,0.5443200025183614,23.660761999053648,0.0,174,0,0,11,0.9943181818181818,0
89.40218,1,0,0,0.0,23.635326000658097,0.5177249986445531,23.65545300199301,0.0,175,0,0,11,1.0,0
89.42665,1,0,0,0.0,24.444755999866175,0.5375219989218749,24.468498002534034,0.0,176,0,0,12,0.921875,0
89.4513,1,0,0,0.0,24.625081998237874,0.5988010016153567,24.648418999277055,0.0,177,0,0,12,0.9270833333333334,0
89.47786,1,0,0,0.0,26.52607900017756,0.565772999834735,26.549406000413,0.0,178,0,0,12,0.9322916666666666,0
89.50295,1,0,0,0.0,25.061436001124093,0.7078670023474842,25.084317996515892,0.0,179,0,0,12,0.9375,0
89.52747,1,0,0,0.0,24.494929999491433,0.6018649983161595,24.516264998965198,0.0,180,0,0,12,0.9427083333333334,0
89.55235,1,0,0,0.0,24.853891001839656,0.5401429989433382,24.875957999029197,0.0,181,0,0,12,0.9479166666666666,0
89.57779,1,0,0,0.0,25.41704800023581,0.5374749998736661,25.439829998504138,0.0,182,0,0,12,0.953125,0
89.60249,1,0,0,0.0,24.668414000188932,0.5819950019940734,24.69244200256071,0.0,183,0,0,12,0.9583333333333334,0
89.62689,1,0,0,0.0,24.37198300322052,0.5747110008087475,24.39326199964853,0.0,184,0,0,12,0.9635416666666666,0
89.65356,1,0,0,0.0,26.642108998203184,0.5860410019522533,26.665741999750026,0.0,185,0,0,12,0.96875,0
89.67895,1,0,0,0.0,25.36358599900268,0.5788570015283767,25.387371999386232,0.0,186,0,0,12,0.9739583333333334,0
89.70502,1,0,0,0.0,26.041960998554714,0.595164001424564,26.066677000926575,0.0,187,0,0,12,0.9791666666666666,0
89.7298,1,0,0,0.0,24.751852000918007,0.6086379980843049,24.775087000307394,0.0,188,0,0,12,0.984375,0
89.75431,1,0,0,0.0,24.483664998115273,0.5814920004922897,24.5082410001487,0.0,189,0,0,12,0.9895833333333334,0
89.77858,1,0,0,0.0,24.24015499855159,0.5728860014642123,24.263355000584852,0.0,190,0,0,12,0.9947916666666666,0
89.80433,1,0,0,0.0,25.722525002493057,0.5742640023527201,25.74780799841392,0.0,191,0,0,12,1.0,0
89.82859,1,0,0,0.0,24.22391499931109,0.5699719986296259,24.247252000350272,0.0,192,0,0,13,0.9278846153846154,0
89.85248,1,0,0,0.0,23.869533000834053,0.5921470001339912,23.89224199941964,0.0,193,0,0,13,0.9326923076923077,0
89.87634,1,0,0,0.0,23.833000999729848,0.5511439994734246,23.854833998484537,0.0,194,0,0,13,0.9375,0
89.90075,1,0,0,0.0,24.38739799981704,0.5273429997032508,24.410243997408543,0.0,195,0,0,13,0.9423076923076923,0
89.92489,1,0,0,0.0,24.110211001243442,0.5901940021431074,24.130742000124883,0.0,196,0,0,13,0.9471153846153846,0
89.94866,1,0,0,0.0,23.74493800016353,0.5686889999196865,23.766183003317565,0.0,197,0,0,13,0.9519230769230769,0
89.97242,1,0,0,0.0,23.73158900081762,0.5683359995600767,23.753034001856577,0.0,198,0,0,13,0.9567307692307693,0
89.99671,1,0,0,0.0,24.266609998448985,0.5180160005693324,24.28769700054545,0.0,199,0,0,13,0.9615384615384616,0
90.02046,1,0,0,0.0,23.721059998933924,0.5595969996647909,23.741572000290034,0.0,200,0,0,13,0.9663461538461539,0
90.04418,1,0,0,0.0,23.70327099924907,0.5241129983915016,23.722505000478122,0.0,201,0,0,13,0.9711538461538461,0
90.06795,1,0,0,0.0,23.74816399969859,0.5385860022215638,23.769241997797508,0.0,202,0,0,13,0.9759615384615384,0
90.09203,1,0,0,0.0,24.048934999882476,0.5827870008943137,24.07151899751625,0.0,203,0,0,13,0.9807692307692307,0
90.11583,1,0,0,0.0,23.774482997396262,0.5840789999638218,23.79600100175594,0.0,204,0,0,13,0.9855769230769231,0
90.13966,1,0,0,0.0,23.79979000033927,0.5559159981203265,23.81920900006662,0.0,205,0,0,13,0.9903846153846154,0
90.1639,1,0,0,0.0,24.22038900112966,0.5669810016115662,24.24301500286674,0.0,206,0,0,13,0.9951923076923077,0
90.1882,1,0,0,0.0,24.27056400119909,0.7101340015651658,24.29314099936164,0.0,207,0,0,13,1.0,0
90.21276,1,0,0,0.0,24.528611000278033,0.5418440014182124,24.55410300171934,0.0,208,0,0,14,0.9330357142857143,0
90.23727,1,0,0,0.0,24.484240002493607,0.5851839996466879,24.505785000656033,0.0,209,0,0,14,0.9375,0
90.26544,1,0,0,0.0,28.147909997642273,0.5631540007016156,28.169635002996074,0.0,210,0,0,14,0.9419642857142857,0
90.29028,1,0,0,0.0,24.806976998661412,0.5568800006585661,24.827002998790704,0.0,211,0,0,14,0.9464285714285714,0
90.31511,1,0,0,0.0,24.807208999845898,0.5513799987966195,24.839388999680523,0.0,212,0,0,14,0.9508928571428571,0
90.33971,1,0,0,0.0,24.5621799986111,0.5639299997710623,24.583047998021357,0.0,213,0,0,14,0.9553571428571429,0
90.36391,1,0,0,0.0,24.17230900027789,0.6048110008123331,24.195595000492176,0.0,214,0,0,14,0.9598214285714286,0
90.38814,1,0,0,0.0,24.20788400195306,0.5911820007895585,24.23215899761999,0.0,215,0,0,14,0.9642857142857143,0
90.41245,1,0,0,0.0,24.277215998154134,0.5720209992432501,24.30083199942601,0.0,216,0,0,14,0.96875,0
90.43793,1,0,0,0.0,25.451113997405628,0.556009999854723,25.473452998994617,0.0,217,0,0,14,0.9732142857142857,0
90.46342,1,0,0,0.0,25.46231800079113,0.6092830008128658,25.48625099734636,0.0,218,0,0,14,0.9776785714285714,0
90.48742,1,0,0,0.0,23.972212002263404,0.5702239977836143,23.995696999918437,0.0,219,0,0,14,0.9821428571428571,0
90.51377,1,0,0,0.0,26.329962001909735,0.5553939990932122,26.35361500142608,0.0,220,0,0,14,0.9866071428571429,0
90.53805,1,0,0,0.0,24.24569100185181,0.596582998696249,24.26832499986631,0.0,221,0,0,14,0.9910714285714286,0
90.56219,1,0,0,0.0,24.11308699811343,0.590441999520408,24.136040003213566,0.0,222,0,0,14,0.9955357142857143,0
90.58594,1,0,0,0.0,23.72623399787699,0.5799760001536924,23.74858899929677,0.0,223,0,0,14,1.0,0
90.60962,1,0,0,0.0,23.6480860003212,0.5821839986310806,23.67339299962623,0.0,224,0,0,15,0.9375,0
90.63344,1,0,0,0.0,23.799809998308774,0.581902997510042,23.820342001272365,0.0,225,0,0,15,0.9416666666666667,0
90.65715,1,0,0,0.0,23.676910997892264,0.554370999452658,23.698963999777334,0.0,226,0,0,15,0.9458333333333333,0
90.68325,1,0,0,0.0,26.080730000103358,0.5360900031519122,26.10490700317314,0.0,227,0,0,15,0.95,0
90.70987,1,0,0,0.0,26.58576800240553,0.5873250011063647,26.60890299739549,0.0,228,0,0,15,0.9541666666666667,0
90.73457,1,0,0,0.0,24.679374000697862,0.6092129988246597,24.699789999431232,0.0,229,0,0,15,0.9583333333333334,0
90.75839,1,0,0,0.0,23.79038899744046,0.5967920005787164,23.81237599911401,0.0,230,0,0,15,0.9625,0
90.78284,1,0,0,0.0,24.430698998912703,0.5597400013357401,24.45412899760413,0.0,231,0,0,15,0.9666666666666667,0
90.80683,1,0,0,0.0,23.959784000908257,0.5974380001134705,23.98339900173596,0.0,232,0,0,15,0.9708333333333333,0
90.83114,1,0,0,0.0,24.276615000417223,0.5934940018050838,24.300643999595195,0.0,233,0,0,15,0.975,0
90.85503,1,0,0,0.0,23.868347001553047,0.5795040015073027,23.891901000752114,0.0,234,0,0,15,0.9791666666666666,0
90.87878,1,0,0,0.0,23.721131998172496,0.5779630009783432,23.744388003251515,0.0,235,0,0,15,0.9833333333333333,0
90.90324,1,0,0,0.0,24.429034001514083,0.6136739975772798,24.450367000099504,0.0,236,0,0,15,0.9875,0
90.92705,1,0,0,0.0,23.78916399902664,0.5556979995162692,23.808073998225154,0.0,237,0,0,15,0.9916666666666667,0
90.95101,1,0,0,0.0,23.92912399955094,0.5686609983968083,23.952068000653526,0.0,238,0,0,15,0.9958333333333333,0
90.97488,1,0,0,0.0,23.84461499968893,0.5919489994994365,23.867836000135867,0.0,239,0,0,15,1.0,0
90.99875,1,0,0,0.0,23.835844000132056,0.5842959981237072,23.869392000051448,0.0,240,0,0,16,0.94140625,0
91.0226,1,0,0,0.0,23.82105500146281,0.5763240005762782,23.843248000048334,0.0,241,0,0,16,0.9453125,0
91.04641,1,0,0,0.0,23.784442997566657,0.5660259994328953,23.807802997907856,0.0,242,0,0,16,0.94921875,0
91.06956,1,0,0,0.0,23.120212001231266,0.5856530005985405,23.143400001572445,0.0,243,0,0,16,0.953125,0
91.09255,1,0,0,0.0,22.95502200286137,0.5740170017816126,22.981934002018534,0.0,244,0,0,0,0.0,0
91.31573,1,1,123,25.124558997049462,23.35690900144982,0.5089059995952994,48.533212997426745,0.0,123,0,0,8,0.96875,0
91.3394,1,0,0,0.0,23.64041299733799,0.5257800003164448,23.660470000322675,0.0,124,0,0,8,0.9765625,0
91.36238,1,0,0,0.0,22.954898999159923,0.504261002788553,22.975406998739345,0.0,125,0,0,8,0.984375,0
91.38554,1,0,0,0.0,23.126027997932397,0.48743699881015345,23.148112999479054,0.0,126,0,0,8,0.9921875,0
91.40861,1,0,0,0.0,23.047487000440015,0.5317039976944216,23.07104099963908,0.0,127,0,0,8,1.0,0
91.43227,1,0,0,0.0,23.6295920003613,0.5231590002949815,23.65150700279628,0.0,128,0,0,9,0.8958333333333334,0
91.45531,1,0,0,0.0,23.01300299950526,0.5007929976272862,23.034849000396207,0.0,129,0,0,9,0.9027777777777778,0
91.47847,1,0,0,0.0,23.136306001106277,0.5245980028121267,23.155929000495235,0.0,130,0,0,9,0.9097222222222222,0
91.50138,1,0,0,0.0,22.885097001562826,0.4982649988960475,22.90594899750431,0.0,131,0,0,9,0.9166666666666666,0
91.52438,1,0,0,0.0,22.97673099747044,0.5066539997642394,22.997650998149766,0.0,132,0,0,9,0.9236111111111112,0
91.54777,1,0,0,0.0,23.36025800104835,0.5143620001035742,23.38030599639751,0.0,133,0,0,9,0.9305555555555556,0
91.57095,1,0,0,0.0,23.156693001510575,0.5232379990047775,23.176231999968877,0.0,134,0,0,9,0.9375,0
91.59401,1,0,0,0.0,23.036141999909887,0.5285010010993574,23.055451001710026,0.0,135,0,0,9,0.9444444444444444,0
91.61712,1,0,0,0.0,23.091650997230317,0.4991409987269435,23.113633000320988,0.0,136,0,0,9,0.9513888888888888,0
91.64039,1,0,0,0.0,23.237383997184224,0.5090480008220766,23.25735500198789,0.0,137,0,0,9,0.9583333333333334,0
91.66344,1,0,0,0.0,23.02823299760348,0.5110820020490792,23.04897400244954,0.0,138,0,0,9,0.9652777777777778,0
91.68634,1,0,0,0.0,22.877303999848664,0.5083870019007009,22.899848998349626,0.0,139,0,0,9,0.9722222222222222,0
91.70935,1,0,0,0.0,22.98405100009404,0.519062999956077,23.004114998911973,0.0,140,0,0,9,0.9791666666666666,0
91.7325,1,0,0,0.0,23.1265260008513,0.5109490011818707,23.144088001572527,0.0,141,0,0,9,0.9861111111111112,0
91.7554,1,0,0,0.0,22.872816000017338,0.4862019995925948,22.893633002240676,0.0,142,0,0,9,0.9930555555555556,0
91.77859,1,0,0,0.0,23.16857099867775,0.534929997229483,23.189232000731863,0.0,143,0,0,9,1.0,0
91.80172,1,0,0,0.0,23.101373000827152,0.5266779990051873,23.124120001739357,0.0,144,0,0,10,0.90625,0
91.82504,1,0,0,0.0,23.293362999538658,0.5288339998514857,23.314517999097006,0.0,145,0,0,10,0.9125,0
91.84924,1,0,0,0.0,24.17268100180081,0.5276930023683235,24.19521100091515,0.0,146,0,0,10,0.91875,0
91.87233,1,0,0,0.0,23.06558200143627,0.5343020020518452,23.08704400275019,0.0,147,0,0,10,0.925,0
91.89604,1,0,0,0.0,23.681816001044353,0.5105939999339171,23.70340400011628,0.0,148,0,0,10,0.93125,0
91.91954,1,0,0,0.0,23.472441997000715,0.5472630000440404,23.493354001402622,0.0,149,0,0,10,0.9375,0
91.94299,1,0,0,0.0,23.42920699811657,0.5517429999599699,23.44979499684996,0.0,150,0,0,10,0.94375,0
91.96605,1,0,0,0.0,23.035717000311706,0.5316449969541281,23.055440997268306,0.0,151,0,0,10,0.95,0
91.98903,1,0,0,0.0,22.95159600180341,0.4985919986211229,22.970030000578845,0.0,152,0,0,10,0.95625,0
92.01198,1,0,0,0.0,22.932045998459216,0.5027519982832018,22.952931001782417,0.0,153,0,0,10,0.9625,0
92.0352,1,0,0,0.0,23.194466000859393,0.5259770005068276,23.21326300079818,0.0,154,0,0,10,0.96875,0
92.05851,1,0,0,0.0,23.293046000617323,0.5039290008426178,23.311577999265864,0.0,155,0,0,10,0.975,0
92.08171,1,0,0,0.0,23.16790300028515,0.5181150008866098,23.18839099825709,0.0,156,0,0,10,0.98125,0
92.10487,1,0,0,0.0,23.13460799996392,0.5456239996419754,23.15616499981843,0.0,157,0,0,10,0.9875,0
92.12795,1,0,0,0.0,23.05278099811403,0.5364270000427496,23.074984001141274,0.0,158,0,0,10,0.99375,0
92.15115,1,0,0,0.0,23.17616300206282,0.5224680026003625,23.198120998131344,0.0,159,0,0,10,1.0,0
92.17445,1,0,0,0.0,23.273720002180198,0.5232250005064998,23.300650998862693,0.0,160,0,0,11,0.9147727272727273,0
92.19768,1,0,0,0.0,23.200987998279743,0.5374510001274757,23.225310000270838,0.0,161,0,0,11,0.9204545454545454,0
92.22087,1,0,0,0.0,23.15825499681523,0.5475880025187507,23.1822360001388,0.0,162,0,0,11,0.9261363636363636,0
92.2445,1,0,0,0.0,23.603557001479203,0.5381740011216607,23.62565200019162,0.0,163,0,0,11,0.9318181818181818,0
92.26795,1,0,0,0.0,23.418974000378512,0.5640469971694984,23.441854998964118,0.0,164,0,0,11,0.9375,0
92.29116,1,0,0,0.0,23.190496998722665,0.5442879992187954,23.214067001390504,0.0,165,0,0,11,0.9431818181818182,0
92.31428,1,0,0,0.0,23.089443002390908,0.5098420006106608,23.111874997994164,0.0,166,0,0,11,0.9488636363636364,0
92.33794,1,0,0,0.0,23.636616999283433,0.5384180003602523,23.657392001041444,0.0,167,0,0,11,0.9545454545454546,0
92.36116,1,0,0,0.0,23.19109099698835,0.5422229987743776,23.2155679987045,0.0,168,0,0,11,0.9602272727272727,0
92.38437,1,0,0,0.0,23.18334799929289,0.5384130017773714,23.205608998978278,0.0,169,0,0,11,0.9659090909090909,0
92.40749,1,0,0,0.0,23.089985999831697,0.5164260001038201,23.112339000363136,0.0,170,0,0,11,0.9715909090909091,0
92.43135,1,0,0,0.0,23.828935998608358,0.5319029987731483,23.8498159997107,0.0,171,0,0,11,0.9772727272727273,0
92.45439,1,0,0,0.0,23.021239998342935,0.5259120007394813,23.04230799927609,0.0,172,0,0,11,0.9829545454545454,0
92.47732,1,0,0,0.0,22.900363001099322,0.5157730010978412,22.921407002286287,0.0,173,0,0,11,0.9886363636363636,0
92.50053,1,0,0,0.0,23.19127200098592,0.5130610006744973,23.213080999994418,0.0,174,0,0,11,0.9943181818181818,0
92.52353,1,0,0,0.0,22.966894997807685,0.5452029981825035,22.987346001173137,0.0,175,0,0,11,1.0,0
92.547,1,0,0,0.0,23.44113100116374,0.5290660010359716,23.463462999643525,0.0,176,0,0,12,0.921875,0
92.57017,1,0,0,0.0,23.15330800047377,0.5252709997876082,23.174713998741936,0.0,177,0,0,12,0.9270833333333334,0
92.59323,1,0,0,0.0,23.034953999740537,0.5187260030652396,23.054207002132898,0.0,178,0,0,12,0.9322916666666666,0
92.61619,1,0,0,0.0,22.933747997740284,0.5029109997849446,22.953023999434663,0.0,179,0,0,12,0.9375,0
92.63941,1,0,0,0.0,23.19248400090146,0.5022950026614126,23.212740998133086,0.0,180,0,0,12,0.9427083333333334,0
92.66268,1,0,0,0.0,23.244742998940637,0.5472470002132468,23.26609200099483,0.0,181,0,0,12,0.9479166666666666,0
92.68585,1,0,0,0.0,23.14590700189001,0.5488789975061081,23.16481999878306,0.0,182,0,0,12,0.953125,0
92.7088,1,0,0,0.0,22.92963900254108,0.5228810005064588,22.950462996959686,0.0,183,0,0,12,0.9583333333333334,0
92.73231,1,0,0,0.0,23.480576997826574,0.5334439993021078,23.50110099723679,0.0,184,0,0,12,0.9635416666666666,0
92.75536,1,0,0,0.0,23.028568997688126,0.5482519991346635,23.050331998092588,0.0,185,0,0,12,0.96875,0
92.77828,1,0,0,0.0,22.898402999999234,0.5309080006554723,22.918050999578554,0.0,186,0,0,12,0.9739583333333334,0
92.8014,1,0,0,0.0,23.092970997822704,0.5083379983261693,23.11539500078652,0.0,187,0,0,12,0.9791666666666666,0
92.82447,1,0,0,0.0,23.04176799952984,0.5288760003168136,23.063814998749876,0.0,188,0,0,12,0.984375,0
92.84841,1,0,0,0.0,23.915795998618705,0.5270830006338656,23.93738899991149,0.0,189,0,0,12,0.9895833333333334,0
92.87231,1,0,0,0.0,23.872623998613562,0.5402130009315442,23.895456000900595,0.0,190,0,0,12,0.9947916666666666,0
92.89585,1,0,0,0.0,23.513995001849253,0.5424589980975725,23.53374599988456,0.0,191,0,0,12,1.0,0
92.92024,1,0,0,0.0,24.36141900034272,0.5661799987137783,24.384795000514714,0.0,192,0,0,13,0.9278846153846154,0
92.94345,1,0,0,0.0,23.180210002465174,0.5310740016284399,23.199213999760104,0.0,193,0,0,13,0.9326923076923077,0
92.96658,1,0,0,0.0,23.10665299955872,0.5254780007817317,23.12843400068232,0.0,194,0,0,13,0.9375,0
92.98984,1,0,0,0.0,23.23807900029351,0.5706580013793427,23.259292996954173,0.0,195,0,0,13,0.9423076923076923,0
93.01283,1,0,0,0.0,22.966472002735827,0.5436770006781444,22.98724800130003,0.0,196,0,0,13,0.9471153846153846,0
93.03594,1,0,0,0.0,23.086998000508174,0.5273319984553382,23.105399999622023,0.0,197,0,0,13,0.9519230769230769,0
93.05936,1,0,0,0.0,23.391073998936918,0.5369630016502924,23.412946000462398,0.0,198,0,0,13,0.9567307692307693,0
93.08242,1,0,0,0.0,23.035859001538483,0.5546850006794557,23.05628800240811,0.0,199,0,0,13,0.9615384615384616,0
93.10524,1,0,0,0.0,22.791279003286036,0.530341003468493,22.81061800022144,0.0,200,0,0,13,0.9663461538461539,0
93.12839,1,0,0,0.0,23.131355999794323,0.5128039992996491,23.154029000579612,0.0,201,0,0,13,0.9711538461538461,0
93.1518,1,0,0,0.0,23.38294000219321,0.5595060029008891,23.40263100268203,0.0,202,0,0,13,0.9759615384615384,0
93.17481,1,0,0,0.0,22.983685998042347,0.5490959993039723,23.00207200096338,0.0,203,0,0,13,0.9807692307692307,0
93.1979,1,0,0,0.0,23.068580998369725,0.5267350024951156,23.08822700069868,0.0,204,0,0,13,0.9855769230769231,0
93.221,1,0,0,0.0,23.07554900107789,0.5483640015881974,23.096979999536416,0.0,205,0,0,13,0.9903846153846154,0
93.24418,1,0,0,0.0,23.15579199785134,0.5273339993436821,23.174404002929805,0.0,206,0,0,13,0.9951923076923077,0
93.26728,1,0,0,0.0,23.07284500056994,0.5148730015207548,23.09320400308934,0.0,207,0,0,13,1.0,0
93.2905,1,0,0,0.0,23.197405000246363,0.5481700027303305,23.222751999128377,0.0,208,0,0,14,0.9330357142857143,0
93.31345,1,0,0,0.0,22.920214003534056,0.5324960002326407,22.940613998798653,0.0,209,0,0,14,0.9375,0
93.33756,1,0,0,0.0,24.091513998428127,0.52253299872973,24.110780999762937,0.0,210,0,0,14,0.9419642857142857,0
93.36101,1,0,0,0.0,23.417743999743834,0.559823998628417,23.44159299900639,0.0,211,0,0,14,0.9464285714285714,0
93.38416,1,0,0,0.0,23.124033999920357,0.587313999858452,23.145259998273104,0.0,212,0,0,14,0.9508928571428571,0
93.40729,1,0,0,0.0,23.103382001863793,0.5308229992806446,23.123883998778183,0.0,213,0,0,14,0.9553571428571429,0
93.43086,1,0,0,0.0,23.547206998046022,0.5449599993880838,23.568956999952206,0.0,214,0,0,14,0.9598214285714286,0
93.45447,1,0,0,0.0,23.579554002935765,0.5590280015894677,23.60171899999841,0.0,215,0,0,14,0.9642857142857143,0
93.47745,1,0,0,0.0,22.96353299971088,0.5436770006781444,22.984519997407915,0.0,216,0,0,14,0.96875,0
93.50037,1,0,0,0.0,22.886867001943756,0.5212899995967746,22.906579997652443,0.0,217,0,0,14,0.9732142857142857,0
93.52356,1,0,0,0.0,23.166810999100562,0.5156940023880452,23.18965000085882,0.0,218,0,0,14,0.9776785714285714,0
93.54689,1,0,0,0.0,23.302786001295317,0.5698240020137746,23.322457000176655,0.0,219,0,0,14,0.9821428571428571,0
93.57015,1,0,0,0.0,23.239444999489933,0.5537839970202185,23.260609999852022,0.0,220,0,0,14,0.9866071428571429,0
93.59331,1,0,0,0.0,23.135996001656167,0.538012998731574,23.157996001827996,0.0,221,0,0,14,0.9910714285714286,0
93.61654,1,0,0,0.0,23.197072998300428,0.5456469989439938,23.21788200060837,0.0,222,0,0,14,0.9955357142857143,0
93.63992,1,0,0,0.0,23.357106998446397,0.5554269991989713,23.37600700047915,0.0,223,0,0,14,1.0,0
93.66299,1,0,0,0.0,23.042863002046943,0.5465489994094241,23.066163001203677,0.0,224,0,0,15,0.9375,0
93.68612,1,0,0,0.0,23.110701000405243,0.5530419985007029,23.134026003390318,0.0,225,0,0,15,0.9416666666666667,0
93.70917,1,0,0,0.0,23.025428999972064,0.5331100001058076,23.044590001518372,0.0,226,0,0,15,0.9458333333333333,0
93.73206,1,0,0,0.0,22.860906003188575,0.5155569997441489,22.881322998728137,0.0,227,0,0,15,0.95,0
93.75555,1,0,0,0.0,23.448176001693355,0.521691999892937,23.46965399920009,0.0,228,0,0,15,0.9541666666666667,0
93.77873,1,0,0,0.0,23.156139002821874,0.5680140020558611,23.1765809985518,0.0,229,0,0,15,0.9583333333333334,0
93.80168,1,0,0,0.0,22.922905001905747,0.5401290000008885,22.943881998799043,0.0,230,0,0,15,0.9625,0
93.82474,1,0,0,0.0,23.02673899976071,0.5375300024752505,23.057974998664577,0.0,231,0,0,15,0.9666666666666667,0
93.84832,1,0,0,0.0,23.545855001430027,0.5885270002181642,23.566446998302126,0.0,232,0,0,15,0.9708333333333333,0
93.87192,1,0,0,0.0,23.577050000312738,0.556847000552807,23.597026000061305,0.0,233,0,0,15,0.975,0
93.89584,1,0,0,0.0,23.890984000900062,0.5482080014189705,23.919035000290023,0.0,234,0,0,15,0.9791666666666666,0
93.92038,1,0,0,0.0,24.513035001291428,0.7160829991335049,24.534878000849858,0.0,235,0,0,15,0.9833333333333333,0
93.94377,1,0,0,0.0,23.366591998637887,0.5382630006351974,23.38433399927453,0.0,236,0,0,15,0.9875,0
93.96695,1,0,0,0.0,23.15892299884581,0.5435940001916606,23.18116300011752,0.0,237,0,0,15,0.9916666666666667,0
93.99026,1,0,0,0.0,23.281924000912113,0.5622799981210846,23.304027003177907,0.0,238,0,0,15,0.9958333333333333,0
94.01324,1,0,0,0.0,22.954519001359586,0.5549300003622193,22.97540899962769,0.0,239,0,0,15,1.0,0
94.03642,1,0,0,0.0,23.15394200195442,0.5395880034484435,23.17640500041307,0.0,240,0,0,16,0.94140625,0
94.05963,1,0,0,0.0,23.1773979976424,0.5351180006982759,23.19819600234041,0.0,241,0,0,16,0.9453125,0
94.08277,1,0,0,0.0,23.116545999073423,0.5491039992193691,23.138512999139493,0.0,242,0,0,16,0.94921875,0
94.10575,1,0,0,0.0,22.947071000089636,0.5906450023758225,22.974839997914387,0.0,243,0,0,16,0.953125,0
94.12871,1,0,0,0.0,22.93847100008861,0.5330269996193238,22.958345998631557,0.0,244,0,0,16,0.95703125,0
94.15204,1,0,0,0.0,23.299320000660373,0.5433730002550874,23.321695000049658,0.0,245,0,0,16,0.9609375,0
94.17523,1,0,0,0.0,23.169126998254796,0.5917429989494849,23.188169001514325,0.0,246,0,0,16,0.96484375,0
94.19828,1,0,0,0.0,23.023219000606332,0.5217249999986961,23.04383999944548,0.0,247,0,0,16,0.96875,0
94.22135,1,0,0,0.0,23.05239999986952,0.5333839981176425,23.072826999850804,0.0,248,0,0,16,0.97265625,0
94.24485,1,0,0,0.0,23.466180999093922,0.5477849990711547,23.49411499744747,0.0,249,0,0,0,0.0,0
95.11279,1,1,143,26.028532000054838,23.34695999888936,0.528362001205096,49.43357400043169,0.0,143,0,0,9,1.0,0
95.13623,1,0,0,0.0,23.407920998579357,0.5495789991982747,23.43606400245335,0.0,144,0,0,10,0.90625,0
95.15993,1,0,0,0.0,23.672097999224206,0.5446380018838681,23.69691999774659,0.0,145,0,0,10,0.9125,0
95.18346,1,0,0,0.0,23.49802900062059,0.562991997867357,23.52230999895255,0.0,146,0,0,10,0.91875,0
95.20669,1,0,0,0.0,23.20681700075511,0.5320349991961848,23.22969599845237,0.0,147,0,0,10,0.925,0
95.22993,1,0,0,0.0,23.2065500022145,0.5517270001291763,23.232004001329187,0.0,148,0,0,10,0.93125,0
95.25367,1,0,0,0.0,23.714811002719216,0.5572770023718476,23.738706000585807,0.0,149,0,0,10,0.9375,0
95.27695,1,0,0,0.0,23.24993000001996,0.5658910013153218,23.27413099919795,0.0,150,0,0,10,0.94375,0
95.30042,1,0,0,0.0,23.44261499820277,0.5519990008906461,23.466853999707382,0.0,151,0,0,10,0.95,0
95.32418,1,0,0,0.0,23.72817699870211,0.5857309988641646,23.752729000989348,0.0,152,0,0,10,0.95625,0
95.34767,1,0,0,0.0,23.457646002498223,0.5440989989438094,23.481575000914745,0.0,153,0,0,10,0.9625,0
95.37095,1,0,0,0.0,23.254351999639766,0.5623860015475657,23.27907400103868,0.0,154,0,0,10,0.96875,0
95.39437,1,0,0,0.0,23.39478299836628,0.5447969997476321,23.419070999807445,0.0,155,0,0,10,0.975,0
95.4178,1,0,0,0.0,23.39437200134853,0.5485580004460644,23.4193679971213,0.0,156,0,0,10,0.98125,0
95.44141,1,0,0,0.0,23.581714001920773,0.5780020001111552,23.602804998517968,0.0,157,0,0,10,0.9875,0
95.46453,1,0,0,0.0,23.09191899985308,0.5344780001905747,23.115850002795924,0.0,158,0,0,10,0.99375,0
95.48766,1,0,0,0.0,23.106765002012253,0.5517190002137795,23.12946999882115,0.0,159,0,0,10,1.0,0
95.511,1,0,0,0.0,23.312575998716056,0.5679259993485175,23.337823997280793,0.0,160,0,0,11,0.9147727272727273,0
95.53417,1,0,0,0.0,23.138054999435553,0.5371600018406752,23.16158999747131,0.0,161,0,0,11,0.9204545454545454,0
95.55758,1,0,0,0.0,23.380703998554964,0.5295730006764643,23.40186799847288,0.0,162,0,0,11,0.9261363636363636,0
95.58067,1,0,0,0.0,23.073767999449046,0.5491599986271467,23.094284999388037,0.0,163,0,0,11,0.9318181818181818,0
95.60366,1,0,0,0.0,22.95828600108507,0.5800769977213349,22.978521999903023,0.0,164,0,0,11,0.9375,0
95.6269,1,0,0,0.0,23.2179869999527,0.5289610016916413,23.241579001478385,0.0,165,0,0,11,0.9431818181818182,0
95.65024,1,0,0,0.0,23.306893002882134,0.5427299984148704,23.328240000410005,0.0,166,0,0,11,0.9488636363636364,0
95.67326,1,0,0,0.0,22.996973002591403,0.5383550014812499,23.017495001113275,0.0,167,0,0,11,0.9545454545454546,0
95.69641,1,0,0,0.0,23.12091600106214,0.5194339973968454,23.145316998125054,0.0,168,0,0,11,0.9602272727272727,0
95.71949,1,0,0,0.0,23.05612599957385,0.5276330011838581,23.07801200004178,0.0,169,0,0,11,0.9659090909090909,0
95.74515,1,0,0,0.0,25.631305001297733,0.5324350022419821,25.65564600081416,0.0,170,0,0,11,0.9715909090909091,0
95.76859,1,0,0,0.0,23.416610001731897,0.51311000061105,23.44039700255962,0.0,171,0,0,11,0.9772727272727273,0
95.79171,1,0,0,0.0,23.082242001692066,0.5688050005119294,23.108335000870284,0.0,172,0,0,11,0.9829545454545454,0
95.81463,1,0,0,0.0,22.891881002578884,0.5525359993043821,22.914916000445373,0.0,173,0,0,11,0.9886363636363636,0
95.83958,1,0,0,0.0,24.92685999823152,0.7939930001157336,24.950609000370605,0.0,174,0,0,11,0.9943181818181818,0
95.86376,1,0,0,0.0,24.134999999660067,0.5883029989490751,24.171329001546837,0.0,175,0,0,11,1.0,0
95.88723,1,0,0,0.0,23.437492000084603,0.5725400005758274,23.462323999410728,0.0,176,0,0,12,0.921875,0
95.91143,1,0,0,0.0,24.177670002245577,0.5446689974633045,24.199247996875783,0.0,177,0,0,12,0.9270833333333334,0
95.93589,1,0,0,0.0,24.42850700026611,0.5451050019473769,24.45281599648297,0.0,178,0,0,12,0.9322916666666666,0
95.95999,1,0,0,0.0,24.078768001345452,0.5925820005359128,24.100826001813402,0.0,179,0,0,12,0.9375,0
95.98342,1,0,0,0.0,23.401378999551525,0.5436100000224542,23.423713999363827,0.0,180,0,0,12,0.9427083333333334,0
96.0069,1,0,0,0.0,23.447994000889594,0.5332460023055319,23.471077998692635,0.0,181,0,0,12,0.9479166666666666,0
96.03033,1,0,0,0.0,23.40291699874797,0.5505059998540673,23.426799998560455,0.0,182,0,0,12,0.953125,0
96.05466,1,0,0,0.0,24.30460699906689,0.5403989998740144,24.32601100008469,0.0,183,0,0,12,0.9583333333333334,0
96.07828,1,0,0,0.0,23.59914099724847,0.579612998990342,23.623086999577936,0.0,184,0,0,12,0.9635416666666666,0
96.10511,1,0,0,0.0,26.791364001837792,0.5714619983336888,26.818643000297016,0.0,185,0,0,12,0.96875,0
96.13425,1,0,0,0.0,29.113462998793693,0.7400399990729056,29.137699002603767,0.0,186,0,0,12,0.9739583333333334,0
96.15779,1,0,0,0.0,23.507173002144555,0.5532300019694958,23.5283209985937,0.0,187,0,0,12,0.9791666666666666,0
96.18149,1,0,0,0.0,23.682856000959873,0.559746000362793,23.70634299950325,0.0,188,0,0,12,0.984375,0
96.20491,1,0,0,0.0,23.388700999930734,0.5729179974878207,23.411169000610244,0.0,189,0,0,12,0.9895833333333334,0
96.22829,1,0,0,0.0,23.353090000455268,0.552655998035334,23.375923999992665,0.0,190,0,0,12,0.9947916666666666,0
96.252,1,0,0,0.0,23.68011099679279,0.5489739996846765,23.701769001490902,0.0,191,0,0,12,1.0,0
96.27564,1,0,0,0.0,23.61101300266455,0.5637569993268698,23.637509999389295,0.0,192,0,0,13,0.9278846153846154,0
96.33022,2,1,185,25.484658999630483,29.048008000245318,0.6040530024620239,54.5738729997538,0.020725388601036232,193,0,0,25,0.95,0
96.35878,2,0,0,0.0,28.537633999803802,0.6350039984681644,28.560499002196593,0.020618556701030966,194,0,0,25,0.955,0
96.38724,2,0,0,0.0,28.426463999494445,0.6209259991010185,28.44690699930652,0.02051282051282055,195,0,0,25,0.96,0
96.41581,2,0,0,0.0,28.544029002659954,0.6008050004311372,28.567683999426663,0.020408163265306145,196,0,0,25,0.965,0
96.44461,2,0,0,0.0,28.77577799881692,0.6682640014332719,28.798087001632666,0.02030456852791873,197,0,0,25,0.97,0
96.4732,2,0,0,0.0,28.56611800234532,0.6326729999273084,28.586994998477167,0.02020202020202022,198,0,0,25,0.975,0
96.50104,2,0,0,0.0,27.816225003334694,0.6091189970902633,27.839059999678284,0.02010050251256279,199,0,0,25,0.98,0
96.52937,2,0,0,0.0,28.296245000092313,0.5969849989924114,28.320827001152793,0.020000000000000018,200,0,0,26,0.9471153846153846,0
96.5582,2,0,0,0.0,28.80098999958136,0.6056230013200548,28.825129997130716,0.01990049751243783,201,0,0,26,0.9519230769230769,0
96.58674,2,0,0,0.0,28.51038000153494,0.6403269981092308,28.539759001432685,0.01980198019801982,202,0,0,26,0.9567307692307693,0
96.61498,2,0,0,0.0,28.204913000081433,0.6089900016377214,28.226513000845443,0.019704433497536922,203,0,0,26,0.9615384615384616,0
96.64345,2,0,0,0.0,28.452071001083823,0.6266570017032791,28.474286002165172,0.019607843137254943,204,0,0,26,0.9663461538461539,0
96.67194,2,0,0,0.0,28.456877000280656,0.6390099988493603,28.479019001679262,0.019512195121951237,205,0,0,26,0.9711538461538461,0
96.70026,2,0,0,0.0,28.297472999838647,0.6232269988686312,28.31888400032767,0.01941747572815533,206,0,0,26,0.9759615384615384,0
96.72797,2,0,0,0.0,27.685291999659967,0.6168880026962142,27.706747001502663,0.019323671497584516,207,0,0,26,0.9807692307692307,0
96.75653,2,0,0,0.0,28.534307002701098,0.6209750026755501,28.5567760001868,0.019230769230769273,208,0,0,27,0.9490740740740741,0
96.78535,2,0,0,0.0,28.789281997887883,0.6395249984052498,28.811900003347546,0.019138755980861233,209,0,0,27,0.9537037037037037,0
96.81336,2,0,0,0.0,27.990337999654002,0.6268460019782651,28.011267000692897,0.01904761904761909,210,0,0,27,0.9583333333333334,0
96.84119,2,0,0,0.0,27.801658001408214,0.5987139993521851,27.82228700016276,0.018957345971563955,211,0,0,27,0.9629629629629629,0
96.86956,2,0,0,0.0,28.345476999675157,0.5957400026090909,28.36856300200452,0.018867924528301883,212,0,0,27,0.9675925925925926,0
96.89772,2,0,0,0.0,28.127413999754936,0.6512420004582964,28.151352002169006,0.018779342723004744,213,0,0,27,0.9722222222222222,0
96.92668,2,0,0,0.0,28.921542998432415,0.6239319991436787,28.95304100093199,0.01869158878504673,214,0,0,27,0.9768518518518519,0
96.95486,2,0,0,0.0,28.157144999568118,0.6751010005245917,28.179020999232307,0.018604651162790753,215,0,0,27,0.9814814814814815,0
96.98351,2,0,0,0.0,28.61817300072289,0.6695289994240738,28.642494999076007,0.01851851851851849,216,0,0,28,0.9508928571428571,0
97.0114,2,0,0,0.0,27.868512999702943,0.6213629967533052,27.892699003132293,0.018433179723502335,217,0,0,28,0.9553571428571429,0
97.03951,2,0,0,0.0,28.076325997972162,0.628613997832872,28.09831100239535,0.01834862385321101,218,0,0,28,0.9598214285714286,0
97.06776,2,0,0,0.0,28.231075997609878,0.6371039999066852,28.251915002329042,0.0182648401826484,219,0,0,28,0.9642857142857143,0
97.09589,2,0,0,0.0,28.10382700045011,0.63177199990605,28.128050002123928,0.018181818181818188,220,0,0,28,0.96875,0
97.1242,2,0,0,0.0,28.271494000364328,0.6494270019175019,28.30330600045272,0.018099547511312264,221,0,0,28,0.9732142857142857,0
97.1527,2,0,0,0.0,28.470959998230683,0.6435409995901864,28.493128997070016,0.018018018018018056,222,0,0,28,0.9776785714285714,0
97.18077,2,0,0,0.0,28.044569000485353,0.6511259998660535,28.069629999663448,0.017937219730941756,223,0,0,28,0.9821428571428571,0
97.20934,2,0,0,0.0,28.533011998661095,0.6533570012834389,28.56085500025074,0.017857142857142905,224,0,0,29,0.9525862068965517,0
97.2626,3,1,112,24.183469999115914,29.03061300094123,0.721073000022443,53.25499000173295,0.17925925925925923,225,0,0,37,0.9408783783783784,0
97.29142,3,0,0,0.0,28.79484799996135,0.7229110015032347,28.8202990013815,0.1784660766961652,226,0,0,37,0.9459459459459459,0
97.31981,3,0,0,0.0,28.35468800185481,0.7337089991779067,28.37959400130785,0.17767988252569755,227,0,0,37,0.9510135135135135,0
97.34828,3,0,0,0.0,28.445411997381598,0.6845659991085995,28.469396002037684,0.17690058479532167,228,0,0,37,0.956081081081081,0
97.37664,3,0,0,0.0,28.332227000646526,0.7175640021159779,28.356407001410844,0.17612809315866085,229,0,0,37,0.9611486486486487,0
97.40483,3,0,0,0.0,28.15182099948288,0.7168709998950362,28.176666997751454,0.17536231884057973,230,0,0,37,0.9662162162162162,0
97.43377,3,0,0,0.0,28.919224998389836,0.6922069987922441,28.955181998753687,0.17460317460317465,231,0,0,37,0.9712837837837838,0
97.46282,3,0,0,0.0,29.005479002080392,0.7164550006564241,29.0322639993974,0.17385057471264365,232,0,0,38,0.9506578947368421,0
97.49165,3,0,0,0.0,28.804387999116443,0.7281329999386799,28.827305999584496,0.17310443490701,233,0,0,38,0.9555921052631579,0
97.52075,3,0,0,0.0,29.065121998428367,0.7205210022220854,29.089207000652095,0.17236467236467234,234,0,0,38,0.9605263157894737,0
97.54966,3,0,0,0.0,28.886082996905316,0.7161319990700576,28.90726500118035,0.1716312056737589,235,0,0,38,0.9654605263157895,0
97.57871,3,0,0,0.0,29.0253790008137,0.7097439993231092,29.050396002276102,0.17090395480225984,236,0,0,38,0.9703947368421053,0
97.60768,3,0,0,0.0,28.938379997271113,0.7173750018409919,28.96172900000238,0.170182841068917,237,0,0,38,0.975328947368421,0
97.63641,3,0,0,0.0,28.70473299844889,0.7089940008881968,28.727581000566715,0.1694677871148459,238,0,0,38,0.9802631578947368,0
97.66492,3,0,0,0.0,28.474998001911445,0.7018949982011691,28.49850799975684,0.16875871687587174,239,0,0,38,0.9851973684210527,0
97.70103,3,0,0,0.0,36.076143998798216,0.7077709997247439,36.10627799935173,0.1680555555555555,240,0,0,39,0.9647435897435898,0
97.73078,3,0,0,0.0,29.714938002143754,0.9906420018523932,29.746516000159318,0.16735822959889346,241,0,0,40,0.9453125,0
97.75998,3,0,0,0.0,29.17079300095793,0.7385600001725834,29.194463000749238,0.16666666666666663,242,0,0,40,0.95,0
97.78866,3,0,0,0.0,28.650991000176873,0.7129950026865117,28.67481299836072,0.16598079561042522,243,0,0,40,0.9546875,0
97.81746,3,0,0,0.0,28.77503400304704,0.7145810013753362,28.800347001379123,0.16530054644808745,244,0,0,40,0.959375,0
97.84642,3,0,0,0.0,28.929219999554334,0.7264380001288373,28.953744000318693,0.1646258503401361,245,0,0,40,0.9640625,0
97.87483,3,0,0,0.0,28.377258000546135,0.7400719987344928,28.401096002198756,0.1639566395663956,246,0,0,40,0.96875,0
97.90256,3,0,0,0.0,27.702966002834728,0.720164996891981,27.728043001843616,0.1632928475033738,247,0,0,40,0.9734375,0
97.93191,3,0,0,0.0,29.323441001906758,0.7180900029197801,29.34941700004856,0.1626344086021505,248,0,0,41,0.9542682926829268,0
97.96038,3,0,0,0.0,28.43800799746532,0.7209709983726498,28.461335998144932,0.16198125836680055,249,0,0,41,0.9588414634146342,0
97.98897,3,0,0,0.0,28.55889900092734,0.7315889997698832,28.582897000887897,0.16133333333333333,250,0,0,41,0.9634146341463414,0
98.0173,3,0,0,0.0,28.301752001425484,0.699187999998685,28.325848001259146,0.16069057104913675,251,0,0,41,0.9679878048780488,0
98.04564,3,0,0,0.0,28.317432002950227,0.6954529999347869,28.342497997073224,0.16005291005291,252,0,0,41,0.9725609756097561,0
98.07417,3,0,0,0.0,28.50231599950348,0.728090999473352,28.524385001219343,0.1594202898550725,253,0,0,41,0.9771341463414634,0
98.10223,3,0,0,0.0,28.02721000261954,0.6967269982851576,28.05011600139551,0.15879265091863515,254,0,0,41,0.9817073170731707,0
98.12977,3,0,0,0.0,27.514306999364635,0.6987819979258347,27.538277001440292,0.15816993464052287,255,0,0,41,0.9862804878048781,0
98.15797,3,0,0,0.0,28.166901000076905,0.7150880010158289,28.190867000375874,0.15755208333333337,256,0,0,42,0.9672619047619048,0
98.18604,3,0,0,0.0,28.04571299930103,0.7031310015008785,28.07100100108073,0.1569390402075227,257,0,0,43,0.9491279069767442,0
98.21431,3,0,0,0.0,28.242889999091858,0.7162990004871972,28.26851699865074,0.15633074935400515,258,0,0,43,0.9534883720930233,0
98.24252,3,0,0,0.0,28.177746000437764,0.7092409978213254,28.202441997564165,0.15572715572715568,259,0,0,43,0.9578488372093024,0
98.27102,3,0,0,0.0,28.464554001402576,0.7384340024145786,28.48803099914221,0.15512820512820513,260,0,0,43,0.9622093023255814,0
98.29945,3,0,0,0.0,28.403017000528052,0.7337669994740281,28.4345870022662,0.1545338441890166,261,0,0,26,0.96875,0
98.32758,2,0,0,0.0,28.096967998862965,0.6537990011565853,28.119784998125397,0.20669291338582674,254,0,0,26,0.9735576923076923,0
98.35523,2,0,0,0.0,27.616528001090046,0.6316500002867542,27.646984002785757,0.20588235294117652,255,0,0,10,0.94375,0
98.3785,1,0,0,0.0,23.24279800086515,0.5434839986264706,23.26349600116373,0.0,151,0,0,10,0.95,0
98.40143,1,0,0,0.0,22.90475599875208,0.5101749993627891,22.923528002138482,0.0,152,0,0,10,0.95625,0
98.42469,1,0,0,0.0,23.239874997670995,0.5015189999539871,23.26091400027508,0.0,153,0,0,10,0.9625,0
98.44801,1,0,0,0.0,23.292829002457438,0.5665240023517981,23.316116999922087,0.0,154,0,0,10,0.96875,0
98.47125,1,0,0,0.0,23.21671299796435,0.5298050018609501,23.235103999468265,0.0,155,0,0,10,0.975,0
98.49405,1,0,0,0.0,22.773185999540146,0.49644899991108105,22.79216299939435,0.0,156,0,0,10,0.98125,0
98.51716,1,0,0,0.0,23.091320999810705,0.49905099876923487,23.112234001018805,0.0,157,0,0,10,0.9875,0
98.54001,1,0,0,0.0,22.816637003415963,0.5137019979883917,22.836768002889585,0.0,158,0,0,10,0.99375,0
98.56287,1,0,0,0.0,22.840420999273192,0.5133420017955359,22.85742000094615,0.0,159,0,0,10,1.0,0
98.58582,1,0,0,0.0,22.92498200040427,0.5019659984100144,22.947226996620884,0.0,160,0,0,11,0.9147727272727273,0
98.60885,1,0,0,0.0,23.002208999969298,0.5223879998084158,23.021871002129046,0.0,161,0,0,11,0.9204545454545454,0
98.6318,1,0,0,0.0,22.925851997570135,0.5166749979252927,22.94547500059707,0.0,162,0,0,11,0.9261363636363636,0
98.65486,1,0,0,0.0,23.039422998408554,0.5110860001877882,23.058520000631688,0.0,163,0,0,11,0.9318181818181818,0
98.67791,1,0,0,0.0,23.031554999761283,0.531107001734199,23.052248001476983,0.0,164,0,0,11,0.9375,0
98.70324,1,0,0,0.0,25.302134999947157,0.5159100001037586,25.32408000115538,0.0,165,0,0,11,0.9431818181818182,0
98.73064,1,0,0,0.0,27.371974996640347,0.6883479982207064,27.392446998419473,0.0,166,0,0,11,0.9488636363636364,0
98.7538,1,0,0,0.0,23.134835999371717,0.5410730009316467,23.154903999966336,0.0,167,0,0,11,0.9545454545454546,0
98.77688,1,0,0,0.0,23.05823999995482,0.5342910008039325,23.078524998709327,0.0,168,0,0,11,0.9602272727272727,0
98.79976,1,0,0,0.0,22.852137000882067,0.5183050016057678,22.871246001159307,0.0,169,0,0,11,0.9659090909090909,0
98.82282,1,0,0,0.0,23.03579100043862,0.5102409995743074,23.059357998135965,0.0,170,0,0,11,0.9715909090909091,0
98.84576,1,0,0,0.0,22.91422800044529,0.533590999111766,22.93672900123056,0.0,171,0,0,11,0.9772727272727273,0
98.90262,2,1,141,24.433843998849625,32.381357999838656,0.5749200026912149,56.85813699892606,0.09011627906976749,172,0,0,20,0.984375,0
98.93288,2,0,0,0.0,30.23164800106315,0.8101300009002443,30.25449299821048,0.08959537572254339,173,0,0,20,0.990625,0
98.96106,2,0,0,0.0,28.138127003330737,0.6150190019980073,28.169973000331083,0.08908045977011492,174,0,0,9,1.0,0
98.98438,1,0,0,0.0,23.284883001906564,0.5165910006326158,23.32189200024004,0.0,144,0,0,10,0.90625,0
99.00779,1,0,0,0.0,23.38248700107215,0.5066769990662578,23.403569000947755,0.0,145,0,0,10,0.9125,0
99.03166,1,0,0,0.0,23.85182500074734,0.5468429990287405,23.873042002378497,0.0,146,0,0,10,0.91875,0
99.055,1,0,0,0.0,23.306345003220486,0.5639820010401309,23.328969997237436,0.0,147,0,0,10,0.925,0
99.07835,1,0,0,0.0,23.3278639971104,0.5647699981636833,23.348151000391226,0.0,148,0,0,10,0.93125,0
99.10111,1,0,0,0.0,22.738879997632466,0.5087399986223318,22.759405001124833,0.0,149,0,0,10,0.9375,0
99.12407,1,0,0,0.0,22.925753000890836,0.49354400107404217,22.962955001275986,0.0,150,0,0,10,0.94375,0
99.14715,1,0,0,0.0,23.03805699921213,0.5201620006118901,23.060315998009173,0.0,151,0,0,10,0.95,0
99.17027,1,0,0,0.0,23.098131001461297,0.515594998432789,23.117690998333273,0.0,152,0,0,10,0.95625,0
99.19324,1,0,0,0.0,22.947836998355342,0.5076489978819154,22.968999001022894,0.0,153,0,0,10,0.9625,0
99.21619,1,0,0,0.0,22.920801002328517,0.525239000126021,22.940417999052443,0.0,154,0,0,10,0.96875,0
99.23912,1,0,0,0.0,22.906166999746347,0.5091080020065419,22.92708499953733,0.0,155,0,0,10,0.975,0
99.26223,1,0,0,0.0,23.091440998541657,0.5180010011827108,23.109812998882262,0.0,156,0,0,10,0.98125,0
99.28515,1,0,0,0.0,22.892732002219418,0.5127029980940279,22.913529002835276,0.0,157,0,0,10,0.9875,0
99.30839,1,0,0,0.0,23.218422997160815,0.5280699988361448,23.240222999447724,0.0,158,0,0,10,0.99375,0
99.33143,1,0,0,0.0,23.010024000541307,0.5309150001266971,23.030719999951543,0.0,159,0,0,10,1.0,0
99.35451,1,0,0,0.0,23.05443099976401,0.513342998601729,23.07540699985111,0.0,160,0,0,11,0.9147727272727273,0
99.37748,1,0,0,0.0,22.943182997551048,0.513035000039963,22.965625998040196,0.0,161,0,0,11,0.9204545454545454,0
99.4298,2,1,208,23.900233001768356,28.377798000292387,0.5825760017614812,52.317346999188885,0.11057692307692313,208,0,0,25,0.93,0
99.45803,2,0,0,0.0,28.209727999637835,0.6212849984876812,28.229805997398216,0.11004784688995217,209,0,0,25,0.935,0
99.48595,2,0,0,0.0,27.88496699940879,0.61564499992528,27.907725001568906,0.10952380952380958,210,0,0,25,0.94,0
99.51378,2,0,0,0.0,27.81061599671375,0.6059090010239743,27.832723997562425,0.1090047393364929,211,0,0,25,0.945,0
99.54173,2,0,0,0.0,27.920589000132168,0.6127739980001934,27.950551000685664,0.10849056603773588,212,0,0,25,0.95,0
99.56971,2,0,0,0.0,27.950694999162806,0.6207930018717889,27.970237999397796,0.107981220657277,213,0,0,25,0.955,0
99.60404,2,0,0,0.0,34.30368100089254,1.0028090000560042,34.326914999837754,0.10747663551401865,214,0,0,25,0.96,0
99.63187,2,0,0,0.0,27.797361002740217,0.6197830007295124,27.821011000924045,0.10697674418604652,215,0,0,25,0.965,0
99.6604,2,0,0,0.0,28.500087002612418,0.6697659991914406,28.520067997305887,0.10648148148148151,216,0,0,25,0.97,0
99.68872,2,0,0,0.0,28.301169997575926,0.6120710022514686,28.32386500085704,0.10599078341013823,217,0,0,25,0.975,0
99.71693,2,0,0,0.0,28.176428997539915,0.6199909985298291,28.198214000440203,0.10550458715596334,218,0,0,25,0.98,0
99.74536,2,0,0,0.0,28.400621999026043,0.6114529969636351,28.42420500019216,0.10502283105022836,219,0,0,25,0.985,0
99.77419,2,0,0,0.0,28.802952001569793,0.6321719993138686,28.824250999605283,0.1045454545454545,220,0,0,25,0.99,0
99.80258,2,0,0,0.0,28.36165900225751,0.6254500003706198,28.383394997945288,0.10407239819004521,221,0,0,25,0.995,0
99.83128,2,0,0,0.0,28.676623001956614,0.6169459993543569,28.70300200083875,0.10360360360360366,222,0,0,26,0.9615384615384616,0
99.85996,2,0,0,0.0,28.649970001424663,0.6286559982981998,28.670927000348456,0.10313901345291476,223,0,0,26,0.9663461538461539,0
99.88848,2,0,0,0.0,28.48626500053797,0.6282350004767068,28.510153002571315,0.1026785714285714,224,0,0,27,0.9351851851851852,0
99.91731,2,0,0,0.0,28.811162999772932,0.6340820000332315,28.83578700129874,0.10222222222222221,225,0,0,27,0.9398148148148148,0
99.94728,2,0,0,0.0,29.939036998257507,0.632232000498334,29.963937999127666,0.10176991150442483,226,0,0,27,0.9444444444444444,0
99.97598,2,0,0,0.0,28.663417000643676,0.6389959999069106,28.68556700195768,0.10132158590308371,227,0,0,27,0.9490740740740741,0
100.00453,2,0,0,0.0,28.524614997877507,0.6399509984476026,28.547665999212768,0.10087719298245612,228,0,0,27,0.9537037037037037,0
100.03315,2,0,0,0.0,28.59838499716716,0.6364750006468967,28.62137400006759,0.10043668122270744,229,0,0,27,0.9583333333333334,0
100.0624,2,0,0,0.0,29.2166740000539,0.6171079985506367,29.23968100003549,0.09999999999999998,230,0,0,27,0.9629629629629629,0
100.09018,2,0,0,0.0,27.758291998907225,0.6335459984256886,27.77956399950199,0.09956709956709953,231,0,0,27,0.9675925925925926,0
100.11842,2,0,0,0.0,28.215610000188462,0.6057989994587842,28.236289999767905,0.09913793103448276,232,0,0,27,0.9722222222222222,0
100.147,2,0,0,0.0,28.54798300177208,0.6096939978306182,28.572817998792743,0.09871244635193133,233,0,0,27,0.9768518518518519,0
100.17555,2,0,0,0.0,28.5241829988081,0.6470810003520455,28.545222001412185,0.09829059829059827,234,0,0,27,0.9814814814814815,0
100.20401,2,0,0,0.0,28.435534000891494,0.6343969980662223,28.459199002099922,0.09787234042553195,235,0,0,27,0.9861111111111112,0
100.2327,2,0,0,0.0,28.658920997258974,0.6380159975378774,28.6830139993981,0.09745762711864403,236,0,0,27,0.9907407407407407,0
100.26146,2,0,0,0.0,28.73658200041973,0.6533509986184072,28.75951299938606,0.09704641350210974,237,0,0,27,0.9953703703703703,0
100.29141,2,0,0,0.0,29.91589299927,0.6470560001616832,29.9464870004158,0.09663865546218486,238,0,0,28,0.9642857142857143,0
100.32037,2,0,0,0.0,28.932737001014175,0.9003910017781891,28.95813199938857,0.09623430962343094,239,0,0,28,0.96875,0
100.349,2,0,0,0.0,28.594051000254694,0.6364360015140846,28.6210160011251,0.09583333333333333,240,0,0,29,0.9396551724137931,0
100.37768,2,0,0,0.0,28.65567000117153,0.6407130022125784,28.678263999609044,0.0954356846473029,241,0,0,29,0.9439655172413793,0
100.40634,2,0,0,0.0,28.62428000298678,0.6656389996351209,28.64662000138196,0.0950413223140496,242,0,0,29,0.9482758620689655,0
100.43518,2,0,0,0.0,28.81856699968921,0.6312619989330415,28.842154002632014,0.09465020576131689,243,0,0,29,0.9525862068965517,0
100.46407,2,0,0,0.0,28.857162997155683,0.650420999591006,28.89636799955042,0.09426229508196726,244,0,0,29,0.9568965517241379,0
100.49251,2,0,0,0.0,28.3997040023678,0.6318550003925338,28.42323599907104,0.09387755102040818,245,0,0,29,0.9612068965517241,0
100.52449,2,0,0,0.0,31.95071200025268,0.6424319981306326,31.973789002222475,0.0934959349593496,246,0,0,29,0.9655172413793104,0
100.55239,2,0,0,0.0,27.875355001015123,0.6737349976901896,27.898582000489114,0.09311740890688258,247,0,0,29,0.9698275862068966,0
100.58261,2,0,0,0.0,30.19089100052952,0.6266400014283136,30.211029999918537,0.092741935483871,248,0,0,29,0.9741379310344828,0
100.61117,2,0,0,0.0,28.537238998978864,0.6383909967553336,28.56161800082191,0.09236947791164662,249,0,0,29,0.978448275862069,0
100.63966,2,0,0,0.0,28.458671000407776,0.6570389996340964,28.48164099850692,0.09199999999999997,250,0,0,29,0.9827586206896551,0
100.66824,2,0,0,0.0,28.555455999594415,0.6544700008817017,28.575837997777853,0.0916334661354582,251,0,0,29,0.9870689655172413,0
100.69675,2,0,0,0.0,28.48737099702703,0.6305040005827323,28.511556000012206,0.09126984126984128,252,0,0,29,0.9913793103448276,0
100.72525,2,0,0,0.0,28.464704999350943,0.6565010007761884,28.487984000094002,0.09090909090909094,253,0,0,29,0.9956896551724138,0
100.75355,2,0,0,0.0,28.271176997805014,0.6381589992088266,28.29757600193261,0.09055118110236215,254,0,0,30,0.9666666666666667,0
100.78174,2,0,0,0.0,28.155857002275297,0.6566350020875689,28.186821000417694,0.09019607843137256,255,0,0,30,0.9708333333333333,0
100.8102,2,0,0,0.0,28.43075599957956,0.6519440030388068,28.45664500273415,0.08984375,256,0,0,31,0.9435483870967742,0
100.83869,2,0,0,0.0,28.455473999201786,0.6294319973676465,28.48016799907782,0.08949416342412453,257,0,0,31,0.9475806451612904,0
100.86742,2,0,0,0.0,28.707319997920422,0.6668539972451981,28.727601002174197,0.08914728682170547,258,0,0,31,0.9516129032258065,0
100.92017,3,1,121,24.09270000134711,28.61106799900881,0.6904510009917431,52.742656000191346,0.23680823680823682,259,0,0,39,0.9551282051282052,0
100.95004,3,0,0,0.0,29.839768998499494,0.7123199975467287,29.86353799860808,0.23589743589743595,260,0,0,39,0.9599358974358975,0
100.97869,3,0,0,0.0,28.627091000089422,0.6859259992779698,28.6494110005151,0.23499361430395915,261,0,0,39,0.9647435897435898,0
101.0073,3,0,0,0.0,28.584018000401556,0.7071979998727329,28.60895899721072,0.23409669211195927,262,0,0,39,0.969551282051282,0
101.03552,3,0,0,0.0,28.192282999953022,0.6940700004633982,28.21627700177487,0.23320659062103932,263,0,0,39,0.9743589743589743,0
101.06614,3,0,0,0.0,30.582450002839323,0.744368000596296,30.60709199780831,0.23232323232323238,264,0,0,39,0.9791666666666666,0
101.12221,4,1,256,26.305193001462612,29.72371500072768,0.8534100015822332,56.07352899824036,0.18207547169811322,265,0,0,56,0.9720982142857143,0
101.15187,4,0,0,0.0,29.622150999784935,0.8118250007100869,29.652233002707362,0.181390977443609,266,0,0,57,0.9594298245614035,0
101.18159,4,0,0,0.0,29.681413998332573,0.8764109988987911,29.714669999520993,0.18071161048689144,267,0,0,40,0.9546875,0
101.21065,3,0,0,0.0,29.035339000984095,0.7569360022898763,29.059065000183182,0.2136422136422137,259,0,0,40,0.959375,0
101.23978,3,0,0,0.0,29.100024003128055,0.7344169971474912,29.124706001312006,0.21282051282051284,260,0,0,40,0.9640625,0
101.26915,3,0,0,0.0,29.333425001823343,0.7577989999845158,29.36163599952124,0.21200510855683274,261,0,0,41,0.9451219512195121,0
101.29837,3,0,0,0.0,29.1899489966454,0.7352350003202446,29.21513299952494,0.2111959287531806,262,0,0,41,0.9496951219512195,0
101.32685,3,0,0,0.0,28.4561680018669,0.7218610007839743,28.481028999522096,0.21039290240811148,263,0,0,41,0.9542682926829268,0
101.35598,3,0,0,0.0,29.095386002154555,0.747992999095004,29.120863000571262,0.20959595959595956,264,0,0,41,0.9588414634146342,0
101.38544,3,0,0,0.0,29.435688000376103,0.7518629972764757,29.460517998813884,0.20880503144654083,265,0,0,41,0.9634146341463414,0
101.41428,3,0,0,0.0,28.80926299985731,0.7630330001120456,28.83609600030468,0.20802005012531333,266,0,0,41,0.9679878048780488,0
101.44337,3,0,0,0.0,29.051585999695817,0.7285630017577205,29.077201001200592,0.20724094881398247,267,0,0,41,0.9725609756097561,0
101.47226,3,0,0,0.0,28.864818999863928,0.735679997887928,28.887219003081555,0.2064676616915423,268,0,0,41,0.9771341463414634,0
101.50101,3,0,0,0.0,28.71954399961396,0.7006070009083487,28.74279900061083,0.20570012391573733,269,0,0,41,0.9817073170731707,0
101.52995,3,0,0,0.0,28.915697999764234,0.737580001441529,28.94015800120542,0.20493827160493827,270,0,0,41,0.9862804878048781,0
101.55807,3,0,0,0.0,28.08689800076536,0.7325430015043821,28.12649600309669,0.20418204182041821,271,0,0,41,0.9908536585365854,0
101.58689,3,0,0,0.0,28.777905001334148,0.7115539992810227,28.805349000322167,0.20343137254901966,272,0,0,42,0.9717261904761905,0
101.61552,3,0,0,0.0,28.599599998415215,0.6993549977778457,28.624913000385277,0.20268620268620263,273,0,0,43,0.9534883720930233,0
101.64415,3,0,0,0.0,28.599070999916876,0.732589000108419,28.623351998248836,0.2019464720194647,274,0,0,43,0.9578488372093024,0
101.67287,3,0,0,0.0,28.6919609970937,0.7031969980744179,28.71314100048039,0.20121212121212118,275,0,0,43,0.9622093023255814,0
101.70152,3,0,0,0.0,28.630356999201467,0.7377789988822769,28.65252600167878,0.20048309178743962,276,0,0,43,0.9665697674418605,0
101.73047,3,0,0,0.0,28.907874002470635,0.8204669975384604,28.93961500012665,0.19975932611311675,277,0,0,28,0.953125,0
101.75917,2,0,0,0.0,28.674875997239724,0.6334320023597684,28.699212001811247,0.23201438848920863,278,0,0,28,0.9575892857142857,0
101.78718,2,0,0,0.0,27.980791001027683,0.6433339985960629,28.00504300103057,0.23118279569892475,279,0,0,28,0.9620535714285714,0
101.81559,2,0,0,0.0,28.3826040031272,0.6245160002436023,28.40527200169163,0.23035714285714282,280,0,0,28,0.9665178571428571,0
101.8439,2,0,0,0.0,28.288146000704728,0.6586620002053678,28.310942001553485,0.2295373665480427,281,0,0,28,0.9709821428571429,0
101.87261,2,0,0,0.0,28.68053799829795,0.6785589976061601,28.702666000754107,0.22872340425531912,282,0,0,28,0.9754464285714286,0
101.90098,2,0,0,0.0,28.339503001916455,0.6809350015828386,28.372155997203663,0.2279151943462897,283,0,0,28,0.9799107142857143,0
101.92976,2,0,0,0.0,28.74162100124522,0.6630240022786893,28.765043996827444,0.227112676056338,284,0,0,28,0.984375,0
101.95868,2,0,0,0.0,28.89360500194016,0.6842170005256776,28.91649800221785,0.22631578947368425,285,0,0,28,0.9888392857142857,0
101.98725,2,0,0,0.0,28.538604998175288,0.6562339985975996,28.55950000230223,0.22552447552447552,286,0,0,28,0.9933035714285714,0
102.01501,2,0,0,0.0,27.73893700214103,0.6162290010252036,27.7624599984847,0.2247386759581882,287,0,0,28,0.9977678571428571,0
102.04349,2,0,0,0.0,28.446263997466303,0.6367109999700915,28.47309099888662,0.22395833333333337,288,0,0,29,0.9676724137931034,0
102.0723,2,0,0,0.0,28.78310699816211,0.6679120015178341,28.8069540001743,0.22318339100346019,289,0,0,30,0.9395833333333333,0
102.10108,2,0,0,0.0,28.74428699942655,0.6261369999265298,28.782814002624946,0.22241379310344822,290,0,0,30,0.94375,0
102.1296,2,0,0,0.0,28.479713000706397,0.6361000014294405,28.503974001068855,0.22164948453608246,291,0,0,30,0.9479166666666666,0
102.15846,2,0,0,0.0,28.838092999649234,0.6728840016876347,28.86181400026544,0.22089041095890416,292,0,0,30,0.9520833333333333,0
102.18817,2,0,0,0.0,29.679792998649646,0.6698769975628238,29.70379500038689,0.2201365187713311,293,0,0,30,0.95625,0
102.21694,2,0,0,0.0,28.743318001943408,0.6442710000555962,28.766778003046056,0.21938775510204078,294,0,0,30,0.9604166666666667,0
102.24518,2,0,0,0.0,28.21511300135171,0.6843850023869891,28.240813000593334,0.21864406779661016,295,0,0,30,0.9645833333333333,0
102.2742,2,0,0,0.0,28.98240299691679,0.6502999967779033,29.004645999521017,0.21790540540540537,296,0,0,30,0.96875,0
102.30319,2,0,0,0.0,28.965592999156797,0.6433779999497347,28.990875001909444,0.21717171717171713,297,0,0,30,0.9729166666666667,0
102.33189,2,0,0,0.0,28.673966000496875,0.6615630009036977,28.69938000003458,0.21644295302013428,298,0,0,30,0.9770833333333333,0
102.36066,2,0,0,0.0,28.734906001773197,0.6934679986443371,28.758659998857183,0.21571906354515047,299,0,0,30,0.98125,0
102.38944,2,0,0,0.0,28.753299000527477,0.6717010001011658,28.773632999218535,0.21499999999999997,300,0,0,30,0.9854166666666667,0
102.41801,2,0,0,0.0,28.542497999296756,0.6460160002461635,28.56523000082234,0.2142857142857143,301,0,0,30,0.9895833333333334,0
102.44658,2,0,0,0.0,28.548299000249244,0.6596679995709565,28.570578000653768,0.2135761589403974,302,0,0,30,0.99375,0
102.47469,2,0,0,0.0,28.08047600046848,0.6772460001229774,28.10144599789055,0.21287128712871284,303,0,0,30,0.9979166666666667,0
102.50341,2,0,0,0.0,28.69476200066856,0.6846839969512075,28.721319999021944,0.21217105263157898,304,0,0,31,0.969758064516129,0
102.53194,2,0,0,0.0,28.50159599984181,0.6860979992779903,28.52615299707395,0.2114754098360656,305,0,0,32,0.943359375,0
102.56095,2,0,0,0.0,28.968644997803494,0.6277989996306133,28.991038001549896,0.21078431372549022,306,0,0,32,0.947265625,0
102.58982,2,0,0,0.0,28.83911699973396,0.6864759998279624,28.85866100041312,0.21009771986970682,307,0,0,32,0.951171875,0
102.61863,2,0,0,0.0,28.792759996576933,0.6639970015385188,28.814887002226897,0.2094155844155844,308,0,0,32,0.955078125,0
102.6475,2,0,0,0.0,28.84068200000911,0.6852459991932847,28.863777999504237,0.20873786407766992,309,0,0,32,0.958984375,0
102.67663,2,0,0,0.0,29.097761002049083,0.6786640005884692,29.118238999217283,0.2080645161290322,310,0,0,32,0.962890625,0
102.70453,2,0,0,0.0,27.880219000508077,0.6812739993620198,27.90036899750703,0.207395498392283,311,0,0,32,0.966796875,0
102.73318,2,0,0,0.0,28.625035000004573,0.6598050022148527,28.648857998632593,0.20673076923076927,312,0,0,32,0.970703125,0
102.76167,2,0,0,0.0,28.457312000682577,0.6546510012412909,28.48095499939518,0.20607028753993606,313,0,0,32,0.974609375,0
102.79003,2,0,0,0.0,28.33888000168372,0.6801669987908099,28.360191001411295,0.2054140127388535,314,0,0,32,0.978515625,0
102.81864,2,0,0,0.0,28.577895998751046,0.6656920013483614,28.598869001143612,0.2047619047619048,315,0,0,32,0.982421875,0
102.84744,2,0,0,0.0,28.773412999726133,0.673260998155456,28.795439000532497,0.2041139240506329,316,0,0,32,0.986328125,0
102.87629,2,0,0,0.0,28.826091998780612,0.6739579985151067,28.847269000834785,0.20347003154574128,317,0,0,32,0.990234375,0
102.90497,2,0,0,0.0,28.65290300178458,0.6600519991479814,28.673804001300596,0.2028301886792453,318,0,0,32,0.994140625,0
102.93364,2,0,0,0.0,28.64577899890719,0.667121999867959,28.66879599969252,0.20219435736677116,319,0,0,32,0.998046875,0
102.96255,2,0,0,0.0,28.88108499973896,0.7037019968265668,28.905640003358712,0.20156249999999998,320,0,0,33,0.9715909090909091,0
102.99121,2,0,0,0.0,28.629601001739502,0.6825560012657661,28.6528830001771,0.2009345794392523,321,0,0,34,0.9466911764705882,0
103.01941,2,0,0,0.0,28.176830001029884,0.6326760012598243,28.20117599912919,0.2003105590062112,322,0,0,34,0.9503676470588235,0
103.04778,2,0,0,0.0,28.335242997854948,0.682331999996677,28.359384999930626,0.19969040247678016,323,0,0,34,0.9540441176470589,0
103.07653,2,0,0,0.0,28.72057899730862,0.6577450003533158,28.743547001795378,0.19907407407407407,324,0,0,34,0.9577205882352942,0
103.1071,2,0,0,0.0,30.52802700040047,0.7013340000412427,30.573301002732478,0.19846153846153847,325,0,0,34,0.9613970588235294,0
103.13585,2,0,0,0.0,28.714216001390014,0.6725860002916306,28.739392997522373,0.1978527607361963,326,0,0,34,0.9650735294117647,0
103.16394,2,0,0,0.0,28.066266000678297,0.7080150026013143,28.091444997699,0.1972477064220184,327,0,0,34,0.96875,0
103.19257,2,0,0,0.0,28.60296099970583,0.6678769968857523,28.625795999687398,0.19664634146341464,328,0,0,34,0.9724264705882353,0
103.22119,2,0,0,0.0,28.585865002241917,0.6967580011405516,28.60968400273123,0.19604863221884494,329,0,0,34,0.9761029411764706,0
103.25015,2,0,0,0.0,28.939256000739988,0.6842299990239553,28.96446399972774,0.19545454545454544,330,0,0,34,0.9797794117647058,0
103.27927,2,0,0,0.0,29.087154001899762,0.6790730003558565,29.110119998222217,0.19486404833836857,331,0,0,34,0.9834558823529411,0
103.30827,2,0,0,0.0,28.97470799871371,0.6827590004832018,28.99852599875885,0.1942771084337349,332,0,0,34,0.9871323529411765,0
103.33726,2,0,0,0.0,28.95563600031892,0.6717640026181471,28.980207000131486,0.1936936936936937,333,0,0,34,0.9908088235294118,0
103.36559,2,0,0,0.0,28.308179000305245,0.6854390012449585,28.331289999186993,0.19311377245508987,334,0,0,34,0.9944852941176471,0
103.39305,2,0,0,0.0,27.432216000306653,0.8149150016834028,27.45211599903996,0.19253731343283587,335,0,0,34,0.9981617647058824,0
103.42111,2,0,0,0.0,28.02894100022968,0.6247380006243475,28.05428599822335,0.1919642857142857,336,0,0,35,0.9732142857142857,0
103.44936,2,0,0,0.0,28.223125002114102,0.6517659967357758,28.25079700050992,0.1913946587537092,337,0,0,36,0.9496527777777778,0
103.47747,2,0,0,0.0,28.076144997612573,0.6555860018124804,28.09658899786882,0.19082840236686394,338,0,0,36,0.953125,0
103.50544,2,0,0,0.0,27.952350999839837,0.6575600018550176,27.976897999906214,0.19026548672566368,339,0,0,36,0.9565972222222222,0
103.53347,2,0,0,0.0,27.996876997349318,0.6767230006516911,28.021508998790523,0.18970588235294117,340,0,0,36,0.9600694444444444,0
103.56141,2,0,0,0.0,27.90111899957992,0.6823289986641612,27.931779997743433,0.1891495601173021,341,0,0,14,0.9508928571428571,0
103.58531,1,0,0,0.0,23.876867999206297,0.5253620001894888,23.89623199997004,0.0,213,0,0,14,0.9553571428571429,0
103.60809,1,0,0,0.0,22.746490998542868,0.5331270003807731,22.780514002079144,0.0,214,0,0,14,0.9598214285714286,0
103.63106,1,0,0,0.0,22.9377640025632,0.5188920004002284,22.958830999414204,0.0,215,0,0,14,0.9642857142857143,0
103.65392,1,0,0,0.0,22.845043997222092,0.5225310014793649,22.86558899868396,0.0,216,0,0,14,0.96875,0
103.67705,1,0,0,0.0,23.095797001587925,0.538776999746915,23.1159060022037,0.0,217,0,0,14,0.9732142857142857,0
103.69983,1,0,0,0.0,22.757656002795557,0.525770999956876,22.777780999604147,0.0,218,0,0,14,0.9776785714285714,0
103.72264,1,0,0,0.0,22.785482000472257,0.5352080006559845,22.805209999205545,0.0,219,0,0,14,0.9821428571428571,0
103.74568,1,0,0,0.0,23.01461000024574,0.547202998859575,23.042787001031684,0.0,220,0,0,0,0.0,0
104.40843,1,1,77,25.503917997411918,23.37429399995017,0.4993069996999111,48.932322999462485,0.0,77,0,0,5,0.975,0
104.43237,1,0,0,0.0,23.919130999274785,0.5025930004194379,23.944807002408197,0.0,78,0,0,5,0.9875,0
104.45589,1,0,0,0.0,23.487810998631176,0.5121939975651912,23.51239899871871,0.0,79,0,0,5,1.0,0
104.47966,1,0,0,0.0,23.73803500086069,0.5225800014159176,23.763103999954183,0.0,80,0,0,6,0.84375,0
104.50294,1,0,0,0.0,23.250466998433694,0.517308999405941,23.27233200048795,0.0,81,0,0,6,0.8541666666666666,0
104.52621,1,0,0,0.0,23.24498300004052,0.5039529969508294,23.26804699987406,0.0,82,0,0,6,0.8645833333333334,0
104.54957,1,0,0,0.0,23.338660001172684,0.4851499979849905,23.360950999631314,0.0,83,0,0,6,0.875,0
104.57349,1,0,0,0.0,23.8888890016824,0.519707002240466,23.91024899770855,0.0,84,0,0,6,0.8854166666666666,0
104.59686,1,0,0,0.0,23.34229799816967,0.5136290019436274,23.365504999674158,0.0,85,0,0,6,0.8958333333333334,0
104.62024,1,0,0,0.0,23.359818002063548,0.5039560019213241,23.381984003208345,0.0,86,0,0,6,0.90625,0
104.64373,1,0,0,0.0,23.457999999664025,0.4847679992963094,23.48102399992058,0.0,87,0,0,6,0.9166666666666666,0
104.66779,1,0,0,0.0,24.037589002546156,0.5226409994065762,24.06297900233767,0.0,88,0,0,6,0.9270833333333334,0
104.69142,1,0,0,0.0,23.59861199875013,0.5347459991753567,23.621979999006726,0.0,89,0,0,6,0.9375,0
104.71654,1,0,0,0.0,25.087146001169458,0.501329999679001,25.112963001447497,0.0,90,0,0,6,0.9479166666666666,0
104.74838,1,0,0,0.0,31.81241700076498,0.7199559986474924,31.839794999541482,0.0,91,0,0,6,0.9583333333333334,0
104.78049,1,0,0,0.0,32.072324996988755,0.7318869975279085,32.09550799874705,0.0,92,0,0,6,0.96875,0
104.81092,1,0,0,0.0,30.407467998884385,0.7173750018409919,30.430758000875358,0.0,93,0,0,6,0.9791666666666666,0
104.83416,1,0,0,0.0,23.209005001262994,0.5235400021774694,23.2324049975432,0.0,94,0,0,6,0.9895833333333334,0
104.85747,1,0,0,0.0,23.28728100110311,0.4974080002284609,23.31096000125399,0.0,95,0,0,6,1.0,0
104.88109,1,0,0,0.0,23.573651000333484,0.5195990015636198,23.611292999703437,0.0,96,0,0,7,0.8660714285714286,0
104.90411,1,0,0,0.0,22.991916001046775,0.49388599654776044,23.019227999611758,0.0,97,0,0,7,0.875,0
104.92717,1,0,0,0.0,23.03198799927486,0.49709799714037217,23.053979999531293,0.0,98,0,0,7,0.8839285714285714,0
104.95132,1,0,0,0.0,24.117154000123264,0.48063099893624894,24.139927001670003,0.0,99,0,0,7,0.8928571428571429,0
104.9748,1,0,0,0.0,23.453727997548413,0.509946999954991,23.474001998692984,0.0,100,0,0,7,0.9017857142857143,0
104.99788,1,0,0,0.0,23.063094999088207,0.5033080014982261,23.083924999809824,0.0,101,0,0,7,0.9107142857142857,0
105.02085,1,0,0,0.0,22.93574099894613,0.4906210015178658,22.958040000958135,0.0,102,0,0,7,0.9196428571428571,0
105.04386,1,0,0,0.0,22.98994699958712,0.5070670013083145,23.010271001112415,0.0,103,0,0,7,0.9285714285714286,0
105.06689,1,0,0,0.0,23.007259998848895,0.501599999552127,23.028902000078233,0.0,104,0,0,7,0.9375,0
105.09006,1,0,0,0.0,23.143523001635913,0.5055629990238231,23.176636001153383,0.0,105,0,0,7,0.9464285714285714,0
105.11298,1,0,0,0.0,22.87772199997562,0.48123099986696616,22.90046699999948,0.0,106,0,0,7,0.9553571428571429,0
105.13628,1,0,0,0.0,23.27412700105924,0.5100150010548532,23.29640400057542,0.0,107,0,0,7,0.9642857142857143,0
105.15944,1,0,0,0.0,23.127608001232147,0.5253429990261793,23.15162699960638,0.0,108,0,0,7,0.9732142857142857,0
105.18295,1,0,0,0.0,23.48491199882119,0.5338290029612835,23.507260000769747,0.0,109,0,0,7,0.9821428571428571,0
105.20696,1,0,0,0.0,23.981579000974307,0.515937997988658,24.004918999708025,0.0,110,0,0,7,0.9910714285714286,0
105.23024,1,0,0,0.0,23.251797996636014,0.5590559994743671,23.27540000260342,0.0,111,0,0,7,1.0,0
105.25336,1,0,0,0.0,23.088911999366246,0.5071820014563855,23.11376199941151,0.0,112,0,0,8,0.8828125,0
105.2765,1,0,0,0.0,23.117687000194564,0.5080090013507288,23.136609001085162,0.0,113,0,0,8,0.890625,0
105.29945,1,0,0,0.0,22.921773997950368,0.49616700198384933,22.943261999898823,0.0,114,0,0,8,0.8984375,0
105.32267,1,0,0,0.0,23.199324001325294,0.5136270010552835,23.220360002596863,0.0,115,0,0,8,0.90625,0
105.3456,1,0,0,0.0,22.90390200141701,0.5357769987313077,22.924085998965893,0.0,116,0,0,8,0.9140625,0
105.36878,1,0,0,0.0,23.159454998676665,0.5079340007796418,23.181421001936542,0.0,117,0,0,8,0.921875,0
105.39186,1,0,0,0.0,23.046166003041435,0.5273240021779202,23.065010998834623,0.0,118,0,0,8,0.9296875,0
105.41523,1,0,0,0.0,23.354371998721035,0.5044350000389386,23.377254998194985,0.0,119,0,0,8,0.9375,0
105.43876,1,0,0,0.0,23.49892499842099,0.5236140023043845,23.52324000094086,0.0,120,0,0,8,0.9453125,0
105.46168,1,0,0,0.0,22.891117998369737,0.5139749991940334,22.91296199837234,0.0,121,0,0,8,0.953125,0
105.48485,1,0,0,0.0,23.145660998125095,0.5105630007165018,23.1664799975988,0.0,122,0,0,8,0.9609375,0
105.50821,1,0,0,0.0,23.328409999521682,0.510674999532057,23.35133599990513,0.0,123,0,0,8,0.96875,0
105.53131,1,0,0,0.0,23.075123001035536,0.5323119985405356,23.098190999007784,0.0,124,0,0,8,0.9765625,0
105.55436,1,0,0,0.0,23.021393000817625,0.5101719980302732,23.04422099768999,0.0,125,0,0,8,0.984375,0
105.57761,1,0,0,0.0,23.221143997943727,0.4986019994248636,23.241020997375017,0.0,126,0,0,8,0.9921875,0
105.60072,1,0,0,0.0,23.088335001375526,0.50933600141434,23.110825000912882,0.0,127,0,0,8,1.0,0
105.62411,1,0,0,0.0,23.35260499967262,0.5390530022850726,23.387471999740228,0.0,128,0,0,9,0.8958333333333334,0
105.64723,1,0,0,0.0,23.091497001587413,0.5246090004220605,23.114512998290593,0.0,129,0,0,9,0.9027777777777778,0
105.67022,1,0,0,0.0,22.958011999435257,0.5199949991947506,22.981345999141922,0.0,130,0,0,9,0.9097222222222222,0
105.69424,1,0,0,0.0,24.00163000129396,0.5938899994362146,24.022008998144884,0.0,131,0,0,9,0.9166666666666666,0
105.71787,1,0,0,0.0,23.59792100105551,0.5184719993849285,23.619757001142716,0.0,132,0,0,9,0.9236111111111112,0
105.74139,1,0,0,0.0,23.494362998462748,0.5310699998517521,23.51779099990381,0.0,133,0,0,9,0.9305555555555556,0
105.76512,1,0,0,0.0,23.705395997239975,0.5405520023487043,23.731065000902163,0.0,134,0,0,9,0.9375,0
105.78897,1,0,0,0.0,23.81616899947403,0.5331229986040853,23.83739200013224,0.0,135,0,0,9,0.9444444444444444,0
105.81242,1,0,0,0.0,23.431289999280125,0.53576400023303,23.454211001080694,0.0,136,0,0,9,0.9513888888888888,0
105.83594,1,0,0,0.0,23.49115299875848,0.5251160000625532,23.515723001764854,0.0,137,0,0,9,0.9583333333333334,0
105.85969,1,0,0,0.0,23.715426999842748,0.5405109986895695,23.739746000501327,0.0,138,0,0,9,0.9652777777777778,0
105.88341,1,0,0,0.0,23.690533002081793,0.5707310010620859,23.71229300115374,0.0,139,0,0,9,0.9722222222222222,0
105.90679,1,0,0,0.0,23.357685000519268,0.5241219987510704,23.379808000754565,0.0,140,0,0,9,0.9791666666666666,0
105.93037,1,0,0,0.0,23.552511000161758,0.540038996405201,23.575071998493513,0.0,141,0,0,9,0.9861111111111112,0
105.95502,1,0,0,0.0,24.626378999528242,0.5276649972074665,24.649943003169028,0.0,142,0,0,9,0.9930555555555556,0
105.9789,1,0,0,0.0,23.845728999731364,0.5838709985255264,23.86683600343531,0.0,143,0,0,9,1.0,0
106.00235,1,0,0,0.0,23.42710300217732,0.5371560000639874,23.451486998965265,0.0,144,0,0,10,0.90625,0
106.02578,1,0,0,0.0,23.402717997669242,0.5145479990460444,23.425521001627203,0.0,145,0,0,10,0.9125,0
106.04936,1,0,0,0.0,23.547690998384496,0.5483200002345257,23.572292000608286,0.0,146,0,0,10,0.91875,0
106.07309,1,0,0,0.0,23.68741100144689,0.5430890014395118,23.72610100064776,0.0,147,0,0,10,0.925,0
106.09682,1,0,0,0.0,23.70570900166058,0.5892429981031455,23.725903000013204,0.0,148,0,0,10,0.93125,0
106.12055,1,0,0,0.0,23.708104999968782,0.5390699989220593,23.73026199711603,0.0,149,0,0,10,0.9375,0
106.14412,1,0,0,0.0,23.538964000181295,0.5414360020949971,23.5640009996132,0.0,150,0,0,10,0.94375,0
106.16848,1,0,0,0.0,24.33084000222152,0.5346100006136112,24.354940000193892,0.0,151,0,0,10,0.95,0
106.19232,1,0,0,0.0,23.817598997993628,0.5468929994094651,23.837674998503644,0.0,152,0,0,10,0.95625,0
106.21627,1,0,0,0.0,23.9159760021721,0.5292689966154285,23.938844999065623,0.0,153,0,0,10,0.9625,0
106.23982,1,0,0,0.0,23.52108400009456,0.5407730022852775,23.546393000287935,0.0,154,0,0,10,0.96875,0
106.26297,1,0,0,0.0,23.12625400008983,0.5619520015898161,23.149520999140805,0.0,155,0,0,10,0.975,0
106.28633,1,0,0,0.0,23.330633997829864,0.5972379985905718,23.350265000772197,0.0,156,0,0,10,0.98125,0
106.30931,1,0,0,0.0,22.95620000222698,0.5101460010337178,22.977161999733653,0.0,157,0,0,10,0.9875,0
106.33285,1,0,0,0.0,23.515402001066832,0.5185439986234996,23.5380880003504,0.0,158,0,0,10,0.99375,0
106.35577,1,0,0,0.0,22.893388999364106,0.5485610017785802,22.913937998964684,0.0,159,0,0,10,1.0,0
106.37914,1,0,0,0.0,23.346527999819955,0.5328000006556977,23.368833997665206,0.0,160,0,0,11,0.9147727272727273,0
106.40235,1,0,0,0.0,23.18089999971562,0.5321629978425335,23.202205000416143,0.0,161,0,0,11,0.9204545454545454,0
106.42571,1,0,0,0.0,23.33020299920463,0.51784300012514,23.353391003183788,0.0,162,0,0,11,0.9261363636363636,0
106.44872,1,0,0,0.0,22.99039100034861,0.5449899981613271,23.011324999970384,0.0,163,0,0,11,0.9318181818181818,0
106.47173,1,0,0,0.0,22.97737899789354,0.5311130007612519,23.001257999567315,0.0,164,0,0,11,0.9375,0
106.49481,1,0,0,0.0,23.06050599872833,0.5405119991337415,23.079492999386275,0.0,165,0,0,11,0.9431818181818182,0
106.51779,1,0,0,0.0,22.953922001761384,0.5254349998722319,22.973375002038665,0.0,166,0,0,11,0.9488636363636364,0
106.54066,1,0,0,0.0,22.840713001642143,0.522498998179799,22.86140900105238,0.0,167,0,0,11,0.9545454545454546,0
106.5637,1,0,0,0.0,23.01819500280544,0.5323959994711913,23.040686999593163,0.0,168,0,0,11,0.9602272727272727,0
106.58693,1,0,0,0.0,23.20668299944373,0.5388280005718116,23.226877998240525,0.0,169,0,0,11,0.9659090909090909,0
106.60989,1,0,0,0.0,22.940027000004193,0.5359579990908969,22.96104699780699,0.0,170,0,0,11,0.9715909090909091,0
106.633,1,0,0,0.0,23.078071000782074,0.5397029999585357,23.100728998542763,0.0,171,0,0,11,0.9772727272727273,0
106.65589,1,0,0,0.0,22.86767899931874,0.5561029975069687,22.888535000674892,0.0,172,0,0,11,0.9829545454545454,0
106.6789,1,0,0,0.0,22.97837700098171,0.5360840004868805,22.99775799838244,0.0,173,0,0,11,0.9886363636363636,0
106.70161,1,0,0,0.0,22.693170001730323,0.5310129999998026,22.71325100082322,0.0,174,0,0,11,0.9943181818181818,0
106.72466,1,0,0,0.0,23.0186330009019,0.5350140017981175,23.040370000671828,0.0,175,0,0,11,1.0,0
106.74753,1,0,0,0.0,22.84827399853384,0.53500499780057,22.871532000863226,0.0,176,0,0,12,0.921875,0
106.77028,1,0,0,0.0,22.722099001839524,0.5292559981171507,22.742487999494188,0.0,177,0,0,12,0.9270833333333334,0
106.79343,1,0,0,0.0,23.12503699795343,0.496564000059152,23.14484400267247,0.0,178,0,0,12,0.9322916666666666,0
106.81619,1,0,0,0.0,22.73556700311019,0.5089890000817832,22.75510400068015,0.0,179,0,0,12,0.9375,0
106.8389,1,0,0,0.0,22.691444999509258,0.5010949971619993,22.711603000061586,0.0,180,0,0,12,0.9427083333333334,0
106.86194,1,0,0,0.0,23.010324999631848,0.5273790011415258,23.03371000016341,0.0,181,0,0,12,0.9479166666666666,0
106.88512,1,0,0,0.0,23.15205700142542,0.5537830002140254,23.17126700290828,0.0,182,0,0,12,0.953125,0
106.90782,1,0,0,0.0,22.67954200215172,0.5071140003565233,22.699024000758072,0.0,183,0,0,12,0.9583333333333334,0
106.93073,1,0,0,0.0,22.888651001267135,0.5220179991738405,22.907988997758366,0.0,184,0,0,12,0.9635416666666666,0
106.95445,1,0,0,0.0,23.6913619992265,0.5342299991752952,23.71316599965212,0.0,185,0,0,12,0.96875,0
106.97802,1,0,0,0.0,23.54089900109102,0.5275039984553587,23.56616700126324,0.0,186,0,0,0,0.0,0
108.96793,1,1,175,25.678778998553753,24.241422001068713,0.5509589973371476,49.97136900055921,0.0,175,0,0,11,1.0,0
108.99179,1,0,0,0.0,23.835365998820635,0.5666699980793055,23.859947999881115,0.0,176,0,0,12,0.921875,0
109.01501,1,0,0,0.0,23.193364999315236,0.5581589975918178,23.216858000523644,0.0,177,0,0,12,0.9270833333333334,0
109.03811,1,0,0,0.0,23.072594001860125,0.5382250019465573,23.093691997928545,0.0,178,0,0,12,0.9322916666666666,0
109.06118,1,0,0,0.0,23.04099100001622,0.5091169987281319,23.065463999955682,0.0,179,0,0,12,0.9375,0
109.08465,1,0,0,0.0,23.44185699985246,0.5350540013751015,23.46213399869157,0.0,180,0,0,12,0.9427083333333334,0
109.10755,1,0,0,0.0,22.87454399993294,0.5345789977582172,22.894335001183208,0.0,181,0,0,12,0.9479166666666666,0
109.13067,1,0,0,0.0,23.099460999219446,0.5235669996181969,23.121998998249182,0.0,182,0,0,12,0.953125,0
109.15406,1,0,0,0.0,23.345277997577796,0.563977999263443,23.37756300039473,0.0,183,0,0,12,0.9583333333333334,0
109.17716,1,0,0,0.0,23.067984999215696,0.5341290016076528,23.10247900095419,0.0,184,0,0,12,0.9635416666666666,0
109.20018,1,0,0,0.0,22.992512000200804,0.5214070006331895,23.012092999124434,0.0,185,0,0,12,0.96875,0
109.22318,1,0,0,0.0,22.972865001065657,0.49932399997487664,22.994163999101147,0.0,186,0,0,12,0.9739583333333334,0
109.24619,1,0,0,0.0,22.988204000284895,0.5201109997869935,23.00921399728395,0.0,187,0,0,12,0.9791666666666666,0
109.26893,1,0,0,0.0,22.716383999068057,0.5130249992362224,22.735652997653233,0.0,188,0,0,12,0.984375,0
109.2932,1,0,0,0.0,24.238517999037867,0.5242719998932444,24.26134599954821,0.0,189,0,0,12,0.9895833333333334,0
109.31686,1,0,0,0.0,23.634038003365276,0.564670997846406,23.655293000047095,0.0,190,0,0,12,0.9947916666666666,0
109.33995,1,0,0,0.0,23.06358300120337,0.5512639982043765,23.08432399877347,0.0,191,0,0,12,1.0,0
109.36299,1,0,0,0.0,23.01775399973849,0.5431980025605299,23.04193999952986,0.0,192,0,0,13,0.9278846153846154,0
109.38633,1,0,0,0.0,23.31074999892735,0.5523710024135653,23.33073699992383,0.0,193,0,0,13,0.9326923076923077,0
109.40938,1,0,0,0.0,23.02703500026837,0.5194490004214458,23.048562001349637,0.0,194,0,0,13,0.9375,0
109.43283,1,0,0,0.0,23.424519997206517,0.531106001290027,23.447231000318425,0.0,195,0,0,13,0.9423076923076923,0
109.45602,1,0,0,0.0,23.16739200250595,0.5830879999848548,23.189488998468732,0.0,196,0,0,13,0.9471153846153846,0
109.47904,1,0,0,0.0,22.991231999185402,0.5500689985638019,23.019520998786902,0.0,197,0,0,13,0.9519230769230769,0
109.50229,1,0,0,0.0,23.217278001538943,0.5279599972709548,23.236692999489605,0.0,198,0,0,13,0.9567307692307693,0
109.52545,1,0,0,0.0,23.129305998736527,0.5022160003136378,23.15128500049468,0.0,199,0,0,13,0.9615384615384616,0
109.54857,1,0,0,0.0,23.094936997949844,0.528362001205096,23.116530999686802,0.0,200,0,0,13,0.9663461538461539,0
109.5716,1,0,0,0.0,23.005965998891043,0.5467230002977885,23.02569500170648,0.0,201,0,0,13,0.9711538461538461,0
109.59504,1,0,0,0.0,23.41996600080165,0.5777190017397515,23.449779000657145,0.0,202,0,0,13,0.9759615384615384,0
109.61834,1,0,0,0.0,23.262279999471502,0.5327079998096451,23.28396499797236,0.0,203,0,0,13,0.9807692307692307,0
109.64137,1,0,0,0.0,23.01157999681891,0.5233689989836421,23.031601998809492,0.0,204,0,0,13,0.9855769230769231,0
109.6644,1,0,0,0.0,23.003405996860238,0.5094419975648634,23.025242000585422,0.0,205,0,0,13,0.9903846153846154,0
109.68766,1,0,0,0.0,23.235374999785563,0.5258670025796164,23.2557999988785,0.0,206,0,0,13,0.9951923076923077,0
109.7107,1,0,0,0.0,23.013565001747338,0.5469400020956527,23.03388099971926,0.0,207,0,0,13,1.0,0
109.73373,1,0,0,0.0,23.006272000202443,0.5555630013986956,23.029108000628185,0.0,208,0,0,14,0.9330357142857143,0
109.75693,1,0,0,0.0,23.173541001597187,0.5447900002764072,23.197028996946756,0.0,209,0,0,14,0.9375,0
109.78012,1,0,0,0.0,23.16073199835955,0.5906229998799972,23.184772002423415,0.0,210,0,0,14,0.9419642857142857,0
109.80346,1,0,0,0.0,23.31196200248087,0.5462260014610365,23.33458299835911,0.0,211,0,0,14,0.9464285714285714,0
109.82658,1,0,0,0.0,23.092760999134043,0.5332180007826537,23.113913997804048,0.0,212,0,0,14,0.9508928571428571,0
109.84982,1,0,0,0.0,23.21594399836613,0.5568349988607224,23.239335998368915,0.0,213,0,0,14,0.9553571428571429,0
109.87304,1,0,0,0.0,23.19030899889185,0.5803729982289951,23.22059300058754,0.0,214,0,0,14,0.9598214285714286,0
109.8961,1,0,0,0.0,23.03107199986698,0.5303870020725299,23.05033900120179,0.0,215,0,0,14,0.9642857142857143,0
109.91918,1,0,0,0.0,23.0447460016876,0.528478001797339,23.070652998285368,0.0,216,0,0,14,0.96875,0
109.94243,1,0,0,0.0,23.22145599828218,0.5657420006173197,23.243204999744194,0.0,217,0,0,14,0.9732142857142857,0
109.96918,1,0,0,0.0,26.73049999793875,0.5314730005920865,26.75340700079687,0.0,218,0,0,14,0.9776785714285714,0
109.9945,1,0,0,0.0,25.2893260003475,0.7332489985856228,25.30923199810786,0.0,219,0,0,14,0.9821428571428571,0
110.01801,1,0,0,0.0,23.48935000190977,0.5613229986920487,23.51122100299108,0.0,220,0,0,14,0.9866071428571429,0
110.04139,1,0,0,0.0,23.355523000645917,0.5603000026894733,23.375464999844553,0.0,221,0,0,14,0.9910714285714286,0
110.0947,2,1,198,24.26547299910453,28.994928998145042,0.6331219992716797,53.29662100120913,0.05405405405405406,222,0,0,27,0.9768518518518519,0
110.12257,2,0,0,0.0,27.850878999743145,0.6442539997806307,27.874439001607243,0.053811659192825156,223,0,0,27,0.9814814814814815,0
110.15105,2,0,0,0.0,28.444326999306213,0.6497549984487705,28.471367000747705,0.0535714285714286,224,0,0,28,0.9508928571428571,0
110.17975,2,0,0,0.0,28.678151000349317,0.6478799987235107,28.701087001536507,0.053333333333333344,225,0,0,28,0.9553571428571429,0
110.20824,2,0,0,0.0,28.46326199869509,0.6303900008788332,28.484678998211166,0.053097345132743334,226,0,0,28,0.9598214285714286,0
110.23677,2,0,0,0.0,28.50055499948212,0.6156359995657112,28.523840999696404,0.052863436123347984,227,0,0,28,0.9642857142857143,0
110.26534,2,0,0,0.0,28.539535000163596,0.6827619981777389,28.564107000420336,0.052631578947368474,228,0,0,28,0.96875,0
110.29392,2,0,0,0.0,28.557923000334995,0.6323779998638202,28.57766000306583,0.05240174672489084,229,0,0,28,0.9732142857142857,0
110.32302,2,0,0,0.0,29.071570999803953,0.6442190024245065,29.09596500103362,0.05217391304347829,230,0,0,28,0.9776785714285714,0
110.35138,2,0,0,0.0,28.331038000033004,0.668340999254724,28.35466300166445,0.051948051948051965,231,0,0,28,0.9821428571428571,0
110.37979,2,0,0,0.0,28.37775200168835,0.6272569989960175,28.40563999779988,0.051724137931034475,232,0,0,29,0.9525862068965517,0
110.40847,2,0,0,0.0,28.65561400176375,0.6447829982789699,28.677883001364535,0.05150214592274682,233,0,0,29,0.9568965517241379,0
110.43733,2,0,0,0.0,28.826956000557402,0.6767049999325536,28.850236998550827,0.05128205128205132,234,0,0,29,0.9612068965517241,0
110.46586,2,0,0,0.0,28.507779999927152,0.6291280005825683,28.532749998703366,0.051063829787234005,235,0,0,29,0.9655172413793104,0
110.49445,2,0,0,0.0,28.559320002386812,0.6476810012827627,28.581342001416488,0.05084745762711862,236,0,0,29,0.9698275862068966,0
110.52285,2,0,0,0.0,28.37629100031336,0.6408499975805171,28.398962000210304,0.05063291139240511,237,0,0,29,0.9741379310344828,0
110.55138,2,0,0,0.0,28.501034001237713,0.6469270010711625,28.524852001282852,0.050420168067226934,238,0,0,29,0.978448275862069,0
110.57927,2,0,0,0.0,27.855508000357077,0.6317410006886348,27.87773899763124,0.05020920502092052,239,0,0,29,0.9827586206896551,0
110.6077,2,0,0,0.0,28.401133000443224,0.6333580022328533,28.427286000805907,0.050000000000000044,240,0,0,30,0.9541666666666667,0
110.63628,2,0,0,0.0,28.556686000229092,0.6600809974770527,28.57963900169125,0.049792531120331995,241,0,0,30,0.9583333333333334,0
110.66454,2,0,0,0.0,28.231297997990623,0.6382900028256699,28.253172000404447,0.04958677685950408,242,0,0,30,0.9625,0
110.69324,2,0,0,0.0,28.679651997663314,0.6441080004151445,28.699696998955915,0.04938271604938271,243,0,0,30,0.9666666666666667,0
110.72147,2,0,0,0.0,28.198902000440285,0.6300210006884299,28.220457999850623,0.049180327868852514,244,0,0,30,0.9708333333333333,0
110.74964,2,0,0,0.0,28.14709800077253,0.6409500019799452,28.16876900033094,0.048979591836734726,245,0,0,30,0.975,0
110.77824,2,0,0,0.0,28.571049999300158,0.6494529989140574,28.595134001079714,0.04878048780487809,246,0,0,30,0.9791666666666666,0
110.80793,2,0,0,0.0,29.660850999789545,0.6331329968816135,29.680775001907023,0.04858299595141702,247,0,0,30,0.9833333333333333,0
110.83618,2,0,0,0.0,28.224055000464432,0.6372700008796528,28.249883001990383,0.048387096774193505,248,0,0,31,0.9556451612903226,0
110.86484,2,0,0,0.0,28.637208000873215,0.6517210022138897,28.662991000601323,0.048192771084337394,249,0,0,31,0.9596774193548387,0
110.89332,2,0,0,0.0,28.444414001569385,0.6607230025110766,28.46499899897026,0.04800000000000004,250,0,0,31,0.9637096774193549,0
110.92169,2,0,0,0.0,28.35324600164313,0.6460099975811318,28.37631999864243,0.047808764940239,251,0,0,31,0.967741935483871,0
110.95024,2,0,0,0.0,28.52251700096531,0.6654930002696346,28.546674002427608,0.04761904761904767,252,0,0,31,0.9717741935483871,0
110.97964,2,0,0,0.0,29.364989000896458,0.6555079999088775,29.3874480012164,0.04743083003952564,253,0,0,31,0.9758064516129032,0
111.00815,2,0,0,0.0,28.487835999840172,0.678904998494545,28.511250999144977,0.047244094488189003,254,0,0,31,0.9798387096774194,0
111.03609,2,0,0,0.0,27.894402999663725,0.6474020010500681,27.931612999964273,0.04705882352941182,255,0,0,31,0.9838709677419355,0
111.06445,2,0,0,0.0,28.32909900098457,0.6373340002028272,28.355218000797322,0.046875,256,0,0,32,0.95703125,0
111.09343,2,0,0,0.0,28.95917299974826,0.6317039988061879,28.978970996831777,0.046692607003890996,257,0,0,32,0.9609375,0
111.1219,2,0,0,0.0,28.43974600182264,0.6659150021732785,28.460402998462087,0.046511627906976716,258,0,0,32,0.96484375,0
111.15025,2,0,0,0.0,28.326133000518894,0.6446700026572216,28.34759800316533,0.04633204633204635,259,0,0,32,0.96875,0
111.17877,2,0,0,0.0,28.49140299804276,0.6509040031232871,28.514093999547185,0.0461538461538461,260,0,0,32,0.97265625,0
111.20737,2,0,0,0.0,28.581238999322522,0.6590329976461362,28.602485999726923,0.04597701149425293,261,0,0,32,0.9765625,0
111.23575,2,0,0,0.0,28.33461000045645,0.6434140013880096,28.370500996970804,0.04580152671755722,262,0,0,32,0.98046875,0
111.26384,2,0,0,0.0,28.06309399966267,0.6769230021745898,28.085595000447938,0.04562737642585546,263,0,0,32,0.984375,0
111.29262,2,0,0,0.0,28.755420000379672,0.6556039988936391,28.77848400021321,0.045454545454545414,264,0,0,33,0.9583333333333334,0
111.32093,2,0,0,0.0,28.276542001549387,0.67490399669623,28.30063300280017,0.04528301886792452,265,0,0,33,0.9621212121212122,0
111.34989,2,0,0,0.0,28.940894997504074,0.6803579999541398,28.963774999283487,0.045112781954887216,266,0,0,33,0.9659090909090909,0
111.37852,2,0,0,0.0,28.601332000107504,0.6868839991511777,28.62409799854504,0.0449438202247191,267,0,0,33,0.9696969696969697,0
111.40687,2,0,0,0.0,28.320661000179825,0.6548599994857796,28.342891000647796,0.04477611940298509,268,0,0,33,0.9734848484848485,0
111.43582,2,0,0,0.0,28.922456000145758,0.7232390016724821,28.945399000804173,0.044609665427509326,269,0,0,33,0.9772727272727273,0
111.46378,2,0,0,0.0,27.932559001783375,0.6687610002700239,27.954302000580356,0.0444444444444444,270,0,0,33,0.9810606060606061,0
111.49153,2,0,0,0.0,27.724363000743324,0.6746430008206517,27.746149000449805,0.044280442804428,271,0,0,33,0.9848484848484849,0
111.51962,2,0,0,0.0,28.065253001841484,0.6795150002290029,28.09142099795281,0.044117647058823484,272,0,0,34,0.9595588235294118,0
111.54764,2,0,0,0.0,27.990561997285113,0.6623190020036418,28.013325998472283,0.04395604395604391,273,0,0,34,0.9632352941176471,0
111.57573,2,0,0,0.0,28.058299998519942,0.6648640010098461,28.090482999687083,0.04379562043795615,274,0,0,34,0.9669117647058824,0
111.60383,2,0,0,0.0,28.06819000034011,0.6653389973507728,28.088268998544663,0.043636363636363584,275,0,0,34,0.9705882352941176,0
111.63184,2,0,0,0.0,27.978108999377582,0.6430199973692652,28.00239000134752,0.04347826086956519,276,0,0,34,0.9742647058823529,0
111.65999,2,0,0,0.0,28.12351299871807,0.6917630016687326,28.14657299677492,0.04332129963898912,277,0,0,34,0.9779411764705882,0
111.68913,2,0,0,0.0,29.118395999830682,0.7092419982654974,29.140388000087114,0.043165467625899234,278,0,0,34,0.9816176470588235,0
111.71721,2,0,0,0.0,28.050534998328658,0.6601409986615181,28.074901998479618,0.043010752688172005,279,0,0,34,0.9852941176470589,0
111.74526,2,0,0,0.0,28.01823399931891,0.6778009992558509,28.04460100014694,0.042857142857142816,280,0,0,35,0.9607142857142857,0
111.77337,2,0,0,0.0,28.08442800233024,0.6512820000352804,28.107365000323625,0.042704626334519546,281,0,0,35,0.9642857142857143,0
111.80162,2,0,0,0.0,28.225040001416346,0.6531139988510404,28.24628799862694,0.04255319148936165,282,0,0,35,0.9678571428571429,0
111.8353,2,0,0,0.0,33.64840100039146,0.6633400007558521,33.67420599897741,0.04240282685512364,283,0,0,35,0.9714285714285714,0
111.86457,2,0,0,0.0,29.234936999273486,0.9430450008949265,29.266363999340683,0.04225352112676062,284,0,0,17,0.9595588235294118,0
111.88828,1,0,0,0.0,23.677585002587875,0.5877229996258393,23.701040998275857,0.0,261,0,0,17,0.9632352941176471,0
111.91192,1,0,0,0.0,23.619117000635015,0.5535999989660922,23.638683000172023,0.0,262,0,0,17,0.9669117647058824,0
111.93549,1,0,0,0.0,23.54582699990715,0.5516060009540524,23.566087998915464,0.0,263,0,0,17,0.9705882352941176,0
111.95929,1,0,0,0.0,23.770215000695316,0.5461070031742565,23.79293299964047,0.0,264,0,0,17,0.9742647058823529,0
111.98404,1,0,0,0.0,24.72716199918068,0.5936150009802077,24.747904000832932,0.0,265,0,0,17,0.9779411764705882,0
112.00775,1,0,0,0.0,23.672981002164306,0.5575280010816641,23.698073000559816,0.0,266,0,0,17,0.9816176470588235,0
112.03138,1,0,0,0.0,23.606943999766372,0.5396359993028454,23.629192997759674,0.0,267,0,0,17,0.9852941176470589,0
112.05493,1,0,0,0.0,23.530634000053396,0.5604709986073431,23.551526002847822,0.0,268,0,0,17,0.9889705882352942,0
112.07861,1,0,0,0.0,23.650825998629443,0.5518940015463158,23.672260002058465,0.0,269,0,0,17,0.9926470588235294,0
112.10255,1,0,0,0.0,23.917119000543607,0.5651609972119331,23.936767000122927,0.0,270,0,0,17,0.9963235294117647,0
112.12641,1,0,0,0.0,23.835733998566866,0.5842589998792391,23.857056999986526,0.0,271,0,0,17,1.0,0
112.15011,1,0,0,0.0,23.671873997955117,0.5599200012511574,23.696449999988545,0.0,272,0,0,18,0.9479166666666666,0
112.17381,1,0,0,0.0,23.672870000154944,0.5588179992628284,23.69473899670993,0.0,273,0,0,18,0.9513888888888888,0
112.19791,1,0,0,0.0,24.06990199961001,0.5821470003866125,24.091359999147244,0.0,274,0,0,18,0.9548611111111112,0
112.2216,1,0,0,0.0,23.672112998610828,0.5729660006181803,23.69414199711173,0.0,275,0,0,18,0.9583333333333334,0
112.24592,1,0,0,0.0,24.292533998959698,0.5844959996466059,24.3181910009298,0.0,276,0,0,18,0.9618055555555556,0
112.27145,1,0,0,0.0,25.49871899827849,0.7912550026958343,25.522124000417534,0.0,277,0,0,18,0.9652777777777778,0
112.29543,1,0,0,0.0,23.949495000124443,0.5991479993099347,23.96977600074024,0.0,278,0,0,18,0.96875,0
112.3191,1,0,0,0.0,23.643614000320667,0.563139001314994,23.66375999918091,0.0,279,0,0,18,0.9722222222222222,0
112.34357,1,0,0,0.0,24.44866600126261,0.5598450006800704,24.471972999890568,0.0,280,0,0,18,0.9756944444444444,0
112.3677,1,0,0,0.0,24.102902996673947,0.5976969987386838,24.12577400173177,0.0,281,0,0,18,0.9791666666666666,0
112.39202,1,0,0,0.0,24.286620999191655,0.6128590030129999,24.306965002324432,0.0,282,0,0,18,0.9826388888888888,0
112.41606,1,0,0,0.0,24.017882999032736,0.5961659990134649,24.041654000029666,0.0,283,0,0,18,0.9861111111111112,0
112.44042,1,0,0,0.0,24.307726002007257,0.602834999881452,24.33104000010644,0.0,284,0,0,18,0.9895833333333334,0
112.4641,1,0,0,0.0,23.65410200218321,0.569847001315793,23.67615600087447,0.0,285,0,0,18,0.9930555555555556,0
112.48782,1,0,0,0.0,23.692489001405193,0.5512290008482523,23.7160379983834,0.0,286,0,0,18,0.9965277777777778,0
112.5116,1,0,0,0.0,23.761185999319423,0.5882359982933849,23.782121999829542,0.0,287,0,0,18,1.0,0
112.53523,1,0,0,0.0,23.59679000073811,0.5770790012320504,23.61906099758926,0.0,288,0,0,19,0.9506578947368421,0
112.55887,1,0,0,0.0,23.613184999703662,0.5584040009125602,23.63401999900816,0.0,289,0,0,19,0.9539473684210527,0
112.58274,1,0,0,0.0,23.850130000937497,0.57537999964552,23.871118999522878,0.0,290,0,0,19,0.9572368421052632,0
112.60657,1,0,0,0.0,23.794610002369154,0.5714409999200143,23.81417500146199,0.0,291,0,0,19,0.9605263157894737,0
112.63024,1,0,0,0.0,23.647496997000417,0.5759670020779595,23.66909899865277,0.0,292,0,0,19,0.9638157894736842,0
112.65387,1,0,0,0.0,23.602315999596613,0.5745599992224015,23.624969999218592,0.0,293,0,0,19,0.9671052631578947,0
112.67744,1,0,0,0.0,23.539012003311655,0.5870469976798631,23.559819001093274,0.0,294,0,0,19,0.9703947368421053,0
112.70098,1,0,0,0.0,23.522111998317996,0.556808001419995,23.540911999589298,0.0,295,0,0,19,0.9736842105263158,0
112.72474,1,0,0,0.0,23.73427500060643,0.5592939996859059,23.75704299993231,0.0,296,0,0,19,0.9769736842105263,0
112.7486,1,0,0,0.0,23.82326400038437,0.6008489981468301,23.84481499757385,0.0,297,0,0,19,0.9802631578947368,0
112.77221,1,0,0,0.0,23.585556999023538,0.5830650006828364,23.605802001839038,0.0,298,0,0,19,0.9835526315789473,0
112.7962,1,0,0,0.0,23.958469999342924,0.5574009992415085,23.985357998753898,0.0,299,0,0,0,0.0,0
116.39716,1,1,154,26.067707000038354,23.409023000567686,0.5468820017995313,49.531736000062665,0.0,154,0,0,10,0.96875,0
116.42324,1,0,0,0.0,26.05653600039659,0.5217750003794208,26.07983299822081,0.0,155,0,0,10,0.975,0
116.44711,1,0,0,0.0,23.8353829990956,0.5495690020325128,23.861661000410095,0.0,156,0,0,10,0.98125,0
116.47076,1,0,0,0.0,23.627795999345835,0.5600430013146251,23.652618001506198,0.0,157,0,0,10,0.9875,0
116.49533,1,0,0,0.0,24.541480001062155,0.5653799998981413,24.565837000409374,0.0,158,0,0,10,0.99375,0
116.51938,1,0,0,0.0,24.01278400066076,0.5461630025820341,24.034535999817308,0.0,159,0,0,10,1.0,0
116.54295,1,0,0,0.0,23.543219002021942,0.5577529991569463,23.56811400022707,0.0,160,0,0,11,0.9147727272727273,0
116.56634,1,0,0,0.0,23.364805998426164,0.5473119999805931,23.388843997963704,0.0,161,0,0,11,0.9204545454545454,0
116.62041,2,1,137,25.099611997575266,28.926433999004075,0.6092869989515748,54.06516099901637,0.0771604938271605,162,0,0,20,0.940625,0
116.64872,2,0,0,0.0,28.279359998123255,0.5926859994360711,28.31146899916348,0.07668711656441718,163,0,0,20,0.946875,0
116.67711,2,0,0,0.0,28.355555001326138,0.6012039993947838,28.380487998219905,0.07621951219512191,164,0,0,20,0.953125,0
116.70594,2,0,0,0.0,28.798128998460015,0.5804629981867038,28.81949299990083,0.0757575757575758,165,0,0,20,0.959375,0
116.73413,2,0,0,0.0,28.17096899889293,0.5921500014665071,28.192104000481777,0.07530120481927716,166,0,0,20,0.965625,0
116.76162,2,0,0,0.0,27.458335000119405,0.5615339978248812,27.47894500134862,0.07485029940119758,167,0,0,20,0.971875,0
116.78987,2,0,0,0.0,28.227233000507113,0.5883960002392996,28.250416999071604,0.07440476190476186,168,0,0,20,0.978125,0
116.81829,2,0,0,0.0,28.388747999997577,0.5986550022498704,28.412740997737274,0.07396449704142016,169,0,0,21,0.9375,0
116.8464,2,0,0,0.0,28.083001998311374,0.5789860006188974,28.10366100311512,0.07352941176470584,170,0,0,21,0.9434523809523809,0
116.87451,2,0,0,0.0,28.085097001167014,0.5884339989279397,28.106631001719506,0.07309941520467833,171,0,0,21,0.9494047619047619,0
116.90259,2,0,0,0.0,28.055873000994325,0.6052610006008763,28.07580000080634,0.07267441860465118,172,0,0,21,0.9553571428571429,0
116.93057,2,0,0,0.0,27.96066500013694,0.5942230018263217,27.981527000520146,0.0722543352601156,173,0,0,21,0.9613095238095238,0
116.95863,2,0,0,0.0,28.03038199999719,0.6071900024835486,28.0525160014804,0.07183908045977017,174,0,0,21,0.9672619047619048,0
116.98626,2,0,0,0.0,27.60566999859293,0.594213001022581,27.628087998891715,0.0714285714285714,175,0,0,21,0.9732142857142857,0
117.0153,2,0,0,0.0,29.010892001679167,0.5916519985476043,29.032562000793405,0.07102272727272729,176,0,0,22,0.9346590909090909,0
117.04358,2,0,0,0.0,28.25408499847981,0.57027000002563,28.276021999772638,0.07062146892655363,177,0,0,22,0.9403409090909091,0
117.07167,2,0,0,0.0,28.064209000149276,0.6078059996070806,28.086127000278793,0.0702247191011236,178,0,0,22,0.9460227272727273,0
117.1004,2,0,0,0.0,28.70005799923092,0.6309589989541564,28.722761999233626,0.06983240223463683,179,0,0,22,0.9517045454545454,0
117.12877,2,0,0,0.0,28.34751100090216,0.5934499968134332,28.36931700221612,0.06944444444444442,180,0,0,22,0.9573863636363636,0
117.18223,3,1,152,24.8807649986702,28.527865000796737,0.7365040000877343,53.44984399926034,0.09944751381215466,181,0,0,32,0.9609375,0
117.21073,3,0,0,0.0,28.469873002904933,0.6579539985978045,28.502657998615177,0.09890109890109888,182,0,0,32,0.966796875,0
117.23837,3,0,0,0.0,27.61325200117426,0.663879000057932,27.634810001472943,0.09836065573770492,183,0,0,32,0.97265625,0
117.26664,3,0,0,0.0,28.242288000910776,0.6408490007743239,28.264008000405738,0.09782608695652173,184,0,0,32,0.978515625,0
117.29705,3,0,0,0.0,30.37847999803489,0.6788719983887859,30.402902000787435,0.0972972972972973,185,0,0,33,0.9545454545454546,0
117.32569,3,0,0,0.0,28.608599997824058,0.6502110009023454,28.636765000555897,0.09677419354838712,186,0,0,21,0.9523809523809523,0
117.35495,2,0,0,0.0,29.233672001282685,0.6136459996923804,29.258463000587653,0.012345679012345734,162,0,0,21,0.9583333333333334,0
117.38346,2,0,0,0.0,28.483762998803286,0.6100240025261883,28.507512997748563,0.012269938650306789,163,0,0,21,0.9642857142857143,0
117.4169,2,0,0,0.0,33.40457699960098,0.6322020017250907,33.42872499706573,0.012195121951219523,164,0,0,22,0.9261363636363636,0
117.44611,2,0,0,0.0,29.187677002482815,0.6517729998449795,29.208597999968333,0.012121212121212088,165,0,0,22,0.9318181818181818,0
117.47434,2,0,0,0.0,28.198011001222767,0.5710490004275925,28.22081900012563,0.012048192771084376,166,0,0,22,0.9375,0
117.50217,2,0,0,0.0,27.807178998045856,0.5975800013402477,27.82937300071353,0.0119760479041916,167,0,0,22,0.9431818181818182,0
117.53137,2,0,0,0.0,29.17687099761679,0.5917979979130905,29.198715998063562,0.011904761904761862,168,0,0,22,0.9488636363636364,0
117.5598,2,0,0,0.0,28.401193998433882,0.5974930027150549,28.424293999705696,0.011834319526627168,169,0,0,22,0.9545454545454546,0
117.58818,2,0,0,0.0,28.34201999939978,0.6040439984644763,28.363956000248436,0.0117647058823529,170,0,0,22,0.9602272727272727,0
117.61659,2,0,0,0.0,28.382296000927454,0.5713079990528058,28.407821999280713,0.011695906432748537,171,0,0,11,0.9545454545454546,0
117.6399,1,0,0,0.0,23.28306300114491,0.5397739987529349,23.3018090002588,0.0,168,0,0,11,0.9602272727272727,0
117.66319,1,0,0,0.0,23.273986000276636,0.5207750000408851,23.29184699920006,0.0,169,0,0,11,0.9659090909090909,0
117.68626,1,0,0,0.0,23.04709800228011,0.49504499838803895,23.0660489978618,0.0,170,0,0,11,0.9715909090909091,0
117.70952,1,0,0,0.0,23.23126999908709,0.48990499999490567,23.249360001500463,0.0,171,0,0,11,0.9772727272727273,0
117.73265,1,0,0,0.0,23.11174400165328,0.5437500003608875,23.132311001972994,0.0,172,0,0,11,0.9829545454545454,0
117.78541,2,1,235,24.29406300143455,28.425172000424936,0.6115130017860793,52.7582969989453,0.13191489361702124,235,0,0,26,0.9855769230769231,0
117.81426,2,0,0,0.0,28.818913000577595,0.6385989981936291,28.842593997978838,0.1313559322033898,236,0,0,26,0.9903846153846154,0
117.84283,2,0,0,0.0,28.52910699948552,0.638331999653019,28.562337000039406,0.13080168776371304,237,0,0,26,0.9951923076923077,0
117.87127,2,0,0,0.0,28.414120999514125,0.6359250000969041,28.439551002520602,0.13025210084033612,238,0,0,27,0.9629629629629629,0
117.89883,2,0,0,0.0,27.533608001249377,0.6122150007286109,27.555339998798445,0.12970711297071125,239,0,0,27,0.9675925925925926,0
117.92732,2,0,0,0.0,28.453489998355508,0.6174720001581591,28.47777200076962,0.12916666666666665,240,0,0,28,0.9375,0
117.95551,2,0,0,0.0,28.16729899859638,0.6287739997787867,28.18873699652613,0.12863070539419086,241,0,0,28,0.9419642857142857,0
117.98382,2,0,0,0.0,28.277899000386242,0.6355430014082231,28.307251999649452,0.12809917355371903,242,0,0,28,0.9464285714285714,0
118.01349,2,0,0,0.0,29.645624999830034,0.62506799804396,29.666515001736116,0.12757201646090532,243,0,0,28,0.9508928571428571,0
118.04201,2,0,0,0.0,28.496710998297203,0.6656119985564146,28.517424998426577,0.12704918032786883,244,0,0,28,0.9553571428571429,0
118.07031,2,0,0,0.0,28.26741999888327,0.6241880000743549,28.287543002079474,0.12653061224489792,245,0,0,28,0.9598214285714286,0
118.09869,2,0,0,0.0,28.35790300014196,0.6077400030335411,28.378679999150336,0.1260162601626016,246,0,0,28,0.9642857142857143,0
118.12638,2,0,0,0.0,27.66445700035547,0.6281710011535324,27.683588999934727,0.1255060728744939,247,0,0,28,0.96875,0
118.15468,2,0,0,0.0,28.280148002522765,0.6127719971118495,28.301359998295084,0.125,248,0,0,28,0.9732142857142857,0
118.18317,2,0,0,0.0,28.46661700095865,0.6451480003306642,28.49068800060195,0.12449799196787148,249,0,0,28,0.9776785714285714,0
118.21162,2,0,0,0.0,28.41398399687023,0.642178001726279,28.43638199919951,0.124,250,0,0,28,0.9821428571428571,0
118.24022,2,0,0,0.0,28.575377000379376,0.6564499999512918,28.59881599943037,0.12350597609561753,251,0,0,28,0.9866071428571429,0
118.26884,2,0,0,0.0,28.59269799955655,0.6445780018111691,28.618989999813493,0.12301587301587302,252,0,0,28,0.9910714285714286,0
118.29737,2,0,0,0.0,28.50370399755775,0.6591689998458605,28.528456001367886,0.12252964426877466,253,0,0,28,0.9955357142857143,0
118.32592,2,0,0,0.0,28.514648001873866,0.6432059999497142,28.537480997329112,0.1220472440944882,254,0,0,29,0.9655172413793104,0
118.35373,2,0,0,0.0,27.78533300079289,0.6500640010926872,27.807476002635667,0.1215686274509804,255,0,0,29,0.9698275862068966,0
118.38215,2,0,0,0.0,28.390564999426715,0.6388350011548027,28.41498599809711,0.12109375,256,0,0,30,0.9416666666666667,0
118.41158,2,0,0,0.0,29.40283100178931,0.6204670025908854,29.423275002045557,0.12062256809338523,257,0,0,30,0.9458333333333333,0
118.44168,2,0,0,0.0,30.0727680005366,0.7529040012741461,30.095269001321867,0.12015503875968991,258,0,0,30,0.95,0
118.47006,2,0,0,0.0,28.356959999655373,0.6473969988292083,28.379147999658016,0.11969111969111967,259,0,0,30,0.9541666666666667,0
118.49856,2,0,0,0.0,28.45304199945531,0.6321110013232101,28.476821000367636,0.11923076923076925,260,0,0,30,0.9583333333333334,0
118.52714,2,0,0,0.0,28.55545399870607,0.6429659988498315,28.576729997439543,0.11877394636015326,261,0,0,30,0.9625,0
118.55592,2,0,0,0.0,28.750471999956062,0.6243719981284812,28.7725620000856,0.11832061068702293,262,0,0,30,0.9666666666666667,0
118.58376,2,0,0,0.0,27.823650001664646,0.6754220012226142,27.84412099936162,0.11787072243346008,263,0,0,30,0.9708333333333333,0
118.61218,2,0,0,0.0,28.39445599965984,0.6382819992722943,28.41436699964106,0.11742424242424243,264,0,0,30,0.975,0
118.64079,2,0,0,0.0,28.57863299868768,0.6345120018522721,28.60261400201125,0.11698113207547167,265,0,0,30,0.9791666666666666,0
118.66919,2,0,0,0.0,28.37900999656995,0.6544280004163738,28.400580999004887,0.11654135338345861,266,0,0,30,0.9833333333333333,0
118.69741,2,0,0,0.0,28.193483001814457,0.6242810013645794,28.21402499830583,0.11610486891385763,267,0,0,30,0.9875,0
118.72594,2,0,0,0.0,28.500479998911032,0.6513959997391794,28.520774998469278,0.11567164179104472,268,0,0,30,0.9916666666666667,0
118.75453,2,0,0,0.0,28.573219002282713,0.6438700002036057,28.59690300101647,0.11524163568773238,269,0,0,30,0.9958333333333333,0
118.78328,2,0,0,0.0,28.712169001664734,0.6822270006523468,28.73989300132962,0.11481481481481481,270,0,0,31,0.967741935483871,0
118.81148,2,0,0,0.0,28.172889997222228,0.6537980007124133,28.19516399904387,0.11439114391143912,271,0,0,31,0.9717741935483871,0
118.8403,2,0,0,0.0,28.792187997169094,0.6720860001223627,28.81978300138144,0.11397058823529416,272,0,0,32,0.9453125,0
118.86896,2,0,0,0.0,28.63016199989943,0.6746910003130324,28.65502600252512,0.1135531135531136,273,0,0,32,0.94921875,0
118.89757,2,0,0,0.0,28.574392999871634,0.6710829984513111,28.598005999810994,0.11313868613138689,274,0,0,32,0.953125,0
118.92618,2,0,0,0.0,28.583778999745846,0.6660319995717146,28.60501900067902,0.11272727272727268,275,0,0,32,0.95703125,0
118.95452,2,0,0,0.0,28.31986200180836,0.6417080003302544,28.340817996650003,0.1123188405797102,276,0,0,32,0.9609375,0
118.98282,2,0,0,0.0,28.264846998354187,0.6498279981315136,28.2956720002403,0.11191335740072206,277,0,0,32,0.96484375,0
119.01221,2,0,0,0.0,29.361498996877344,0.6459430005634204,29.38158400138491,0.11151079136690645,278,0,0,32,0.96875,0
119.0399,2,0,0,0.0,27.66156999859959,0.6441110017476603,27.68253599788295,0.11111111111111116,279,0,0,32,0.97265625,0
119.06829,2,0,0,0.0,28.371624001010787,0.6467040002462454,28.394109001965262,0.11071428571428577,280,0,0,32,0.9765625,0
119.09674,2,0,0,0.0,28.4236029983731,0.6428409978980199,28.445258001738694,0.11032028469750887,281,0,0,32,0.98046875,0
119.12534,2,0,0,0.0,28.567517001647502,0.6530500031658448,28.5885289995349,0.10992907801418439,282,0,0,32,0.984375,0
119.15389,2,0,0,0.0,28.52273800090188,0.6356529993354343,28.54622100130655,0.10954063604240283,283,0,0,32,0.98828125,0
119.18237,2,0,0,0.0,28.455010000470793,0.7195530015451368,28.477879001002293,0.10915492957746475,284,0,0,32,0.9921875,0
119.21087,2,0,0,0.0,28.470575001847465,0.6329750031000003,28.492350000306033,0.10877192982456141,285,0,0,32,0.99609375,0
119.23925,2,0,0,0.0,28.348808002192527,0.6859899986011442,28.376523001497844,0.10839160839160844,286,0,0,33,0.9696969696969697,0
119.26721,2,0,0,0.0,27.93801999723655,0.6578460015589371,27.9617230007716,0.10801393728222997,287,0,0,33,0.9734848484848485,0
119.32085,3,1,159,24.971226001071045,28.61835400108248,0.7280099998752121,53.6318089980341,0.22106481481481477,288,0,0,44,0.9602272727272727,0
119.3494,3,0,0,0.0,28.521150998130906,0.719588999345433,28.546170000481652,0.22029988465974626,289,0,0,45,0.9430555555555555,0
119.37787,3,0,0,0.0,28.441327998734778,0.7276559990714304,28.465183000662364,0.2195402298850575,290,0,0,45,0.9472222222222222,0
119.40662,3,0,0,0.0,28.7256650008203,0.7273470000654925,28.749976998369675,0.21878579610538373,291,0,0,45,0.9513888888888888,0
119.43758,3,0,0,0.0,30.929288997867843,0.8367690024897456,30.952509001508588,0.21803652968036524,292,0,0,45,0.9555555555555556,0
119.46605,3,0,0,0.0,28.445260002627037,0.7406709992210381,28.46931800013408,0.217292377701934,293,0,0,45,0.9597222222222223,0
119.49464,3,0,0,0.0,28.540377999888733,0.720805001037661,28.579959998751292,0.21655328798185947,294,0,0,45,0.9638888888888889,0
119.52285,3,0,0,0.0,28.183709997392725,0.7452029967680573,28.20601400162559,0.215819209039548,295,0,0,45,0.9680555555555556,0
119.5517,3,0,0,0.0,28.824909000832122,0.7283929990080651,28.84957499918528,0.21509009009009006,296,0,0,45,0.9722222222222222,0
119.58103,3,0,0,0.0,29.297894001501845,0.7819509992259555,29.322718000912573,0.21436588103254772,297,0,0,45,0.9763888888888889,0
119.60988,3,0,0,0.0,28.82138099812437,0.7798129990987945,28.843854001024738,0.21364653243847875,298,0,0,45,0.9805555555555555,0
119.63855,3,0,0,0.0,28.644321002502693,0.7671940002182964,28.66936899954453,0.2129319955406912,299,0,0,45,0.9847222222222223,0
119.6675,3,0,0,0.0,28.914077000081306,0.7537230012530927,28.938773000845686,0.2122222222222222,300,0,0,45,0.9888888888888889,0
119.69615,3,0,0,0.0,28.626333998545306,0.7691829996474553,28.65129500059993,0.21151716500553708,301,0,0,45,0.9930555555555556,0
119.72489,3,0,0,0.0,28.70953299861867,0.7355919988185633,28.73738299967954,0.21081677704194257,302,0,0,46,0.9755434782608695,0
119.75296,3,0,0,0.0,28.03483400202822,0.7517929989262484,28.059716998541262,0.21012101210121015,303,0,0,46,0.9796195652173914,0
119.78184,3,0,0,0.0,28.851120001490926,0.7708560005994514,28.87856600136729,0.20942982456140347,304,0,0,47,0.9627659574468085,0
119.81068,3,0,0,0.0,28.810157000407344,0.7501350009988528,28.833256001234986,0.20874316939890714,305,0,0,48,0.9466145833333334,0
119.83945,3,0,0,0.0,28.739792000123998,0.7751289995212574,28.766060000634752,0.2080610021786492,306,0,0,48,0.9505208333333334,0
119.86831,3,0,0,0.0,28.8346029992681,0.7955779983603861,28.86024400140741,0.2073832790445168,307,0,0,48,0.9544270833333334,0
119.89695,3,0,0,0.0,28.610888999537565,0.7808999980625231,28.635708000365412,0.20670995670995673,308,0,0,48,0.9583333333333334,0
119.92595,3,0,0,0.0,28.967131998797413,0.7553590003226418,28.990514001634438,0.2060409924487594,309,0,0,48,0.9622395833333334,0
119.9552,3,0,0,0.0,29.219424999610055,0.7583760016132146,29.246473000966944,0.20537634408602146,310,0,0,48,0.9661458333333334,0
119.98385,3,0,0,0.0,28.621825000300305,0.7774209989293013,28.648139999859268,0.20471596998928188,311,0,0,48,0.9700520833333334,0
120.01414,3,0,0,0.0,30.252305001340574,0.7713630002399441,30.276542998763034,0.2040598290598291,312,0,0,48,0.9739583333333334,0
120.04297,3,0,0,0.0,28.80351800195058,0.7612539993715473,28.828570997575298,0.2034078807241747,313,0,0,48,0.9778645833333334,0
120.07171,3,0,0,0.0,28.707292000035523,0.7605419996252749,28.732909999234835,0.20276008492568998,314,0,0,48,0.9817708333333334,0
120.10045,3,0,0,0.0,28.711658000247553,0.7748060015728697,28.736518001096556,0.20211640211640214,315,0,0,48,0.9856770833333334,0
120.12947,3,0,0,0.0,28.990219998377142,0.7643919998372439,29.01371799816843,0.20147679324894519,316,0,0,48,0.9895833333333334,0
120.15819,3,0,0,0.0,28.69714700136683,0.7767210008751135,28.720876001898432,0.20084121976866454,317,0,0,48,0.9934895833333334,0
120.18678,3,0,0,0.0,28.560122002090793,0.7486790018447209,28.588469001988415,0.20020964360587,318,0,0,49,0.9770408163265306,0
120.21512,3,0,0,0.0,28.307560001849197,0.7651029991393443,28.33164099865826,0.19958202716823403,319,0,0,49,0.9808673469387755,0
120.24383,3,0,0,0.0,28.669291001278907,0.7674799999222159,28.705133001494687,0.19895833333333335,320,0,0,50,0.965,0
120.27261,3,0,0,0.0,28.749732999131083,0.8085609988484066,28.777040002751164,0.19833852544132913,321,0,0,51,0.9497549019607843,0
120.30115,3,0,0,0.0,28.505815000244183,0.7672350002394523,28.528876002383186,0.1977225672877847,322,0,0,51,0.9534313725490197,0
120.3299,3,0,0,0.0,28.721916001813952,0.7413470011670142,28.745535000780364,0.19711042311661509,323,0,0,51,0.9571078431372549,0
120.35846,3,0,0,0.0,28.532440999697428,0.7556609998573549,28.557110999827273,0.19650205761316875,324,0,0,51,0.9607843137254902,0
120.38706,3,0,0,0.0,28.575272001035046,0.7606269973621238,28.599557997949887,0.1958974358974359,325,0,0,51,0.9644607843137255,0
120.41757,3,0,0,0.0,30.46901999914553,0.7666929996048566,30.492821999359876,0.19529652351738236,326,0,0,51,0.9681372549019608,0
120.44667,3,0,0,0.0,29.073228000925155,0.8334920021297876,29.096803998982068,0.19469928644240575,327,0,0,51,0.9718137254901961,0
120.47688,3,0,0,0.0,30.179011002474,0.7729449971520808,30.202990001271246,0.19410569105691056,328,0,0,51,0.9754901960784313,0
120.50797,3,0,0,0.0,31.059851000463823,0.8381059997191187,31.085622002137825,0.193515704154002,329,0,0,51,0.9791666666666666,0
120.53717,3,0,0,0.0,29.1730130011274,0.8300359986606054,29.196112001955044,0.19292929292929295,330,0,0,51,0.9828431372549019,0
120.56599,3,0,0,0.0,28.787040999304736,0.7620169999427162,28.810984000301687,0.1923464249748238,331,0,0,51,0.9865196078431373,0
120.59517,3,0,0,0.0,29.157185999793,0.7678179972572252,29.18374799992307,0.19176706827309242,332,0,0,51,0.9901960784313726,0
120.62485,3,0,0,0.0,29.64821899877279,0.7853959978092462,29.671866999706253,0.1911911911911912,333,0,0,51,0.9938725490196079,0
120.65368,3,0,0,0.0,28.798108996852534,0.7822229999874253,28.824010001699207,0.19061876247504994,334,0,0,52,0.9783653846153846,0
120.68207,3,0,0,0.0,28.351559998554876,0.8301029993162956,28.401903000485618,0.1900497512437811,335,0,0,34,0.9981617647058824,0
120.71095,2,0,0,0.0,28.83367699905648,0.6738720003340859,28.85964300003252,0.1919642857142857,336,0,0,35,0.9732142857142857,0
120.7398,2,0,0,0.0,28.820268998970278,0.6775510009902064,28.844415999628836,0.1913946587537092,337,0,0,36,0.9496527777777778,0
120.76863,2,0,0,0.0,28.791275999537902,0.6774799985578284,28.814934001275105,0.19082840236686394,338,0,0,36,0.953125,0
120.79721,2,0,0,0.0,28.55940500012366,0.6870459983474575,28.58451599968248,0.19026548672566368,339,0,0,36,0.9565972222222222,0
120.82632,2,0,0,0.0,29.076404000079492,0.6803159994888119,29.102982000040356,0.18970588235294117,340,0,0,36,0.9600694444444444,0
120.85541,2,0,0,0.0,29.05960399948526,0.6827959987276699,29.08622200266109,0.1891495601173021,341,0,0,36,0.9635416666666666,0
120.88421,2,0,0,0.0,28.764179998688633,0.7073359993228223,28.788185001758393,0.1885964912280702,342,0,0,36,0.9670138888888888,0
120.91236,2,0,0,0.0,28.128001998993568,0.680351000482915,28.153203002148075,0.18804664723032072,343,0,0,36,0.9704861111111112,0
120.94146,2,0,0,0.0,29.066595001495443,0.6908889990882017,29.091188000165857,0.1875,344,0,0,36,0.9739583333333334,0
120.97054,2,0,0,0.0,29.047356998489704,0.7001129997661337,29.072392997477436,0.18695652173913047,345,0,0,36,0.9774305555555556,0
120.99902,2,0,0,0.0,28.45902199987904,0.6930890012881719,28.48290100155282,0.18641618497109824,346,0,0,36,0.9809027777777778,0
121.02893,2,0,0,0.0,29.87580899934983,0.6887089984957129,29.900932000600733,0.1858789625360231,347,0,0,36,0.984375,0
121.05761,2,0,0,0.0,28.654996000113897,0.7001669982855674,28.678020000370452,0.18534482758620685,348,0,0,36,0.9878472222222222,0
121.08611,2,0,0,0.0,28.466908999689622,0.7082060001266655,28.48911399996723,0.18481375358166185,349,0,0,36,0.9913194444444444,0
121.11503,2,0,0,0.0,28.89625399984652,0.6602350003959145,28.918312000314472,0.18428571428571427,350,0,0,36,0.9947916666666666,0
121.1433,2,0,0,0.0,28.242110998689895,0.7279189994733315,28.266443998290924,0.18376068376068377,351,0,0,36,0.9982638888888888,0
121.19617,3,1,83,24.2329749999044,28.584029998455662,0.7553340001322795,52.86280500149587,0.37689393939393945,352,0,0,43,0.9607558139534884,0
121.22531,3,0,0,0.0,29.111588999512605,0.7167209987528622,29.138344998500543,0.37582625118035884,353,0,0,44,0.9431818181818182,0
121.25406,3,0,0,0.0,28.719492998789065,0.7494410019717179,28.741869999066694,0.3747645951035782,354,0,0,44,0.9474431818181818,0
121.28267,3,0,0,0.0,28.5694100020919,0.7214039978862274,28.590706002432853,0.37370892018779345,355,0,0,44,0.9517045454545454,0
121.31139,3,0,0,0.0,28.69976199872326,0.740901999961352,28.723711002385244,0.37265917602996257,356,0,0,44,0.9559659090909091,0
121.34066,3,0,0,0.0,29.229720999865094,0.7508269991376437,29.260176997922827,0.3716153127917834,357,0,0,21,0.9464285714285714,0
121.36922,2,0,0,0.0,28.53308600242599,0.6137960008345544,28.556119003042113,0.30567685589519655,229,0,0,21,0.9523809523809523,0
121.39803,2,0,0,0.0,28.779722000763286,0.6096750003052875,28.804575998947257,0.30434782608695654,230,0,0,21,0.9583333333333334,0
121.42687,2,0,0,0.0,28.81125299973064,0.6310739991022274,28.83481299795676,0.303030303030303,231,0,0,21,0.9642857142857143,0
121.45562,2,0,0,0.0,28.721779999614228,0.6586470008187462,28.745859999617096,0.3017241379310345,232,0,0,21,0.9702380952380952,0
121.48458,2,0,0,0.0,28.934510999533813,0.6335780017252546,28.961818999960087,0.3004291845493562,233,0,0,21,0.9761904761904762,0
121.51366,2,0,0,0.0,29.04073799800244,0.650451002002228,29.065979000733932,0.2991452991452992,234,0,0,21,0.9821428571428571,0
121.54281,2,0,0,0.0,29.123109998181462,0.6653829987044446,29.15694200055441,0.2978723404255319,235,0,0,21,0.9880952380952381,0
121.57224,2,0,0,0.0,29.389711999101564,0.6346400004986208,29.4172880021506,0.2966101694915254,236,0,0,22,0.9488636363636364,0
121.60159,2,0,0,0.0,29.316014999494655,0.633454998023808,29.341396999370772,0.2953586497890295,237,0,0,22,0.9545454545454546,0
121.63096,2,0,0,0.0,29.343112000788096,0.6794239998271223,29.366507998929592,0.2941176470588235,238,0,0,22,0.9602272727272727,0
121.65949,2,0,0,0.0,28.508650000730995,0.6256890010263305,28.532984000776196,0.2928870292887029,239,0,0,22,0.9659090909090909,0
121.68827,2,0,0,0.0,28.748306998750195,0.6553149978572037,28.776249000657117,0.29166666666666663,240,0,0,23,0.9293478260869565,0
121.71731,2,0,0,0.0,28.99960900322185,0.6324329988274258,29.022203001659364,0.2904564315352697,241,0,0,23,0.9347826086956522,0
121.74641,2,0,0,0.0,29.078685001877602,0.6362339991028421,29.104365999955917,0.2892561983471075,242,0,0,23,0.9402173913043478,0
121.77558,2,0,0,0.0,29.133818999980576,0.6496780006273184,29.16005900260643,0.2880658436213992,243,0,0,23,0.9456521739130435,0
121.80453,2,0,0,0.0,28.92461800001911,0.6575369989150204,28.951125001185574,0.28688524590163933,244,0,0,23,0.9510869565217391,0
121.83385,2,0,0,0.0,29.287231001944747,0.6591530000150669,29.31236799850012,0.2857142857142857,245,0,0,23,0.9565217391304348,0
121.8625,2,0,0,0.0,28.615997998713283,0.6416649994207546,28.64024399968912,0.2845528455284553,246,0,0,23,0.9619565217391305,0
121.89065,2,0,0,0.0,28.12927800187026,0.6302089968812652,28.152705999673344,0.2834008097165992,247,0,0,23,0.967391304347826,0
121.91942,2,0,0,0.0,28.739332999975886,0.630327998806024,28.759893000824377,0.282258064516129,248,0,0,23,0.9728260869565217,0
121.94792,2,0,0,0.0,28.4758210000291,0.6465149999712594,28.497186001914088,0.2811244979919679,249,0,0,23,0.9782608695652174,0
121.97675,2,0,0,0.0,28.798359002394136,0.6230209983186796,28.82189199954155,0.28,250,0,0,23,0.9836956521739131,0
122.0055,2,0,0,0.0,28.72961100001703,0.6382610008586198,28.753347000019858,0.2788844621513944,251,0,0,23,0.9891304347826086,0
122.03524,2,0,0,0.0,29.709010999795282,0.6482220014731865,29.73590600231546,0.2777777777777778,252,0,0,24,0.953125,0
122.06396,2,0,0,0.0,28.685208002571017,0.626279001153307,28.70932400037418,0.27667984189723316,253,0,0,24,0.9583333333333334,0
122.09244,2,0,0,0.0,28.457790001994,0.619040998572018,28.481531000579707,0.2755905511811023,254,0,0,24,0.9635416666666666,0
122.12104,2,0,0,0.0,28.568056997755775,0.6297680010902695,28.589957000804134,0.27450980392156865,255,0,0,24,0.96875,0
122.14975,2,0,0,0.0,28.68303899958846,0.6100110003899317,28.709155001706677,0.2734375,256,0,0,25,0.935,0
122.17873,2,0,0,0.0,28.944931000296492,0.6418910015781876,28.971078001632122,0.27237354085603116,257,0,0,25,0.94,0
122.20775,2,0,0,0.0,28.992969997489126,0.6628549999732058,29.018786000960972,0.2713178294573644,258,0,0,25,0.945,0
122.26236,3,1,255,25.188455001625698,29.37462299814797,0.7198759994935244,54.6065800008364,0.1853281853281853,259,0,0,41,0.9695121951219512,0
122.29195,3,0,0,0.0,29.548520997195737,0.757678000809392,29.586873002699576,0.18461538461538463,260,0,0,34,0.9522058823529411,0
122.32113,2,0,0,0.0,29.151177001040196,0.6954950004001148,29.171991998737212,0.007662835249042099,261,0,0,34,0.9558823529411765,0
122.35019,2,0,0,0.0,29.0299159969436,0.6724019985995255,29.054509999696165,0.007633587786259555,262,0,0,34,0.9595588235294118,0
122.37838,2,0,0,0.0,28.15903000009712,0.6782399977964815,28.18308799760416,0.0076045627376425395,263,0,0,34,0.9632352941176471,0
122.40732,2,0,0,0.0,28.917101000843104,0.672573998599546,28.941615000803722,0.007575757575757569,264,0,0,34,0.9669117647058824,0
122.43928,2,0,0,0.0,31.923709000693634,0.7436500018229708,31.948273001034977,0.007547169811320753,265,0,0,34,0.9705882352941176,0
122.49385,3,1,180,25.546701999701327,28.981876002944773,0.7343990000663325,54.573463999986416,0.1127819548872181,266,0,0,46,0.9660326086956522,0
122.52334,3,0,0,0.0,29.4551440019859,0.7706150026933756,29.47934300027555,0.1123595505617978,267,0,0,46,0.970108695652174,0
122.55278,3,0,0,0.0,29.41419600028894,0.8130629976221826,29.44038100031321,0.11194029850746268,268,0,0,46,0.9741847826086957,0
122.58209,3,0,0,0.0,29.26336200107471,0.7502510015910957,29.30398500029696,0.11152416356877326,269,0,0,46,0.9782608695652174,0
122.61072,3,0,0,0.0,28.593769999133656,0.7417630004056264,28.618647000257624,0.11111111111111116,270,0,0,46,0.9823369565217391,0
122.63891,3,0,0,0.0,28.165720999822952,0.7476209975720849,28.187528001581086,0.11070110701107017,271,0,0,46,0.9864130434782609,0
122.6677,3,0,0,0.0,28.757059000781737,0.8013289989321493,28.782787998352433,0.11029411764705888,272,0,0,47,0.9694148936170213,0
122.696,3,0,0,0.0,28.269546000956325,0.769614998716861,28.301850998104783,0.10989010989010994,273,0,0,29,0.9870689655172413,0
122.72444,2,0,0,0.0,28.404400996805634,0.6535229986184277,28.42574700116529,0.1518518518518519,270,0,0,29,0.9913793103448276,0
122.75195,2,0,0,0.0,27.485024998895824,0.6515890017908532,27.509955001733033,0.1512915129151291,271,0,0,29,0.9956896551724138,0
122.78019,2,0,0,0.0,28.21365199997672,0.6494629997177981,28.24214700012817,0.15073529411764708,272,0,0,30,0.9666666666666667,0
122.80834,2,0,0,0.0,28.120596001826925,0.638948997220723,28.144767002231674,0.1501831501831502,273,0,0,30,0.9708333333333333,0
122.83733,2,0,0,0.0,28.953348999493755,0.6412170005205553,28.979327998968074,0.14963503649635035,274,0,0,31,0.9435483870967742,0
122.86591,2,0,0,0.0,28.552521998790326,0.673598002322251,28.57710999887786,0.14909090909090905,275,0,0,31,0.9475806451612904,0
122.8941,2,0,0,0.0,28.165222000097856,0.6440530014515389,28.18897100223694,0.14855072463768115,276,0,0,31,0.9516129032258065,0
122.92287,2,0,0,0.0,28.736448999552522,0.6222759984666482,28.75906900226255,0.148014440433213,277,0,0,31,0.9556451612903226,0
122.95119,2,0,0,0.0,28.301479000219842,0.6502979995275382,28.32427099929191,0.14748201438848918,278,0,0,31,0.9596774193548387,0
122.97878,2,0,0,0.0,27.550091999728465,0.6288619988481514,27.58070200070506,0.1469534050179212,279,0,0,31,0.9637096774193549,0
123.00721,2,0,0,0.0,28.40511000249535,0.6557570013683289,28.430221002054168,0.14642857142857146,280,0,0,31,0.967741935483871,0
123.03684,2,0,0,0.0,29.600398000184214,0.6519380003737751,29.621623001730768,0.14590747330960852,281,0,0,31,0.9717741935483871,0
123.06525,2,0,0,0.0,28.379539002344245,0.6600429987884127,28.402603002177784,0.14539007092198586,282,0,0,31,0.9758064516129032,0
123.09356,2,0,0,0.0,28.288068002439104,0.6587630014109891,28.309755001828307,0.14487632508833925,283,0,0,31,0.9798387096774194,0
123.12204,2,0,0,0.0,28.45564400195144,0.6390390008164104,28.47716099859099,0.14436619718309862,284,0,0,31,0.9838709677419355,0
123.1505,2,0,0,0.0,28.429305002646288,0.6253080027818214,28.453292001358932,0.14385964912280702,285,0,0,31,0.9879032258064516,0
123.17893,2,0,0,0.0,28.40207600092981,0.6643249980697874,28.425317999790423,0.14335664335664333,286,0,0,31,0.9919354838709677,0
123.20649,2,0,0,0.0,27.534594002645463,0.6624550005653873,27.55620200332487,0.1428571428571429,287,0,0,31,0.9959677419354839,0
123.23522,2,0,0,0.0,28.69514799749595,0.6472960012615658,28.718710000248393,0.14236111111111116,288,0,0,32,0.96875,0
123.2636,2,0,0,0.0,28.357246999803465,0.6485179983428679,28.37791400088463,0.1418685121107266,289,0,0,32,0.97265625,0
123.29175,2,0,0,0.0,28.124942000431474,0.6491759995697066,28.14937799848849,0.14137931034482754,290,0,0,33,0.946969696969697,0
123.32019,2,0,0,0.0,28.403447002347093,0.6602200010092929,28.4349059984379,0.14089347079037806,291,0,0,33,0.9507575757575758,0
123.34856,2,0,0,0.0,28.343637000944,0.6511930005217437,28.36384900001576,0.1404109589041096,292,0,0,33,0.9545454545454546,0
123.37669,2,0,0,0.0,28.111076000641333,0.6439200005843304,28.133069001341937,0.13993174061433444,293,0,0,33,0.9583333333333334,0
123.40498,2,0,0,0.0,28.257417001441354,0.6712739996146411,28.27884799989988,0.1394557823129252,294,0,0,33,0.9621212121212122,0
123.43546,2,0,0,0.0,30.455339001491666,0.6878340027469676,30.477553998935036,0.13898305084745766,295,0,0,33,0.9659090909090909,0
123.46385,2,0,0,0.0,28.359214000374777,0.6700749981973786,28.39247099836939,0.1385135135135135,296,0,0,19,0.9769736842105263,0
123.48738,1,0,0,0.0,23.504502001742367,0.579920997552108,23.52503500151215,0.0,297,0,0,19,0.9802631578947368,0
123.51082,1,0,0,0.0,23.40949800054659,0.5650179991789628,23.42936499917414,0.0,298,0,0,19,0.9835526315789473,0
123.53474,1,0,0,0.0,23.895875001471722,0.5643709992000367,23.916427002404816,0.0,299,0,0,19,0.9868421052631579,0
123.55831,1,0,0,0.0,23.54752600149368,0.6104240019340068,23.567404998175334,0.0,300,0,0,19,0.9901315789473685,0
123.5818,1,0,0,0.0,23.467902003176278,0.5727089992433321,23.48874399831402,0.0,301,0,0,19,0.993421052631579,0
123.60758,1,0,0,0.0,25.756800001545344,0.5640039998979773,25.777007002034225,0.0,302,0,0,19,0.9967105263157895,0
123.6319,1,0,0,0.0,24.28746800069348,0.5815810000058264,24.308117001055507,0.0,303,0,0,19,1.0,0
123.6557,1,0,0,0.0,23.775186000420945,0.5976009997539222,23.797437999746762,0.0,304,0,0,20,0.953125,0
123.67983,1,0,0,0.0,24.101596001855796,0.6116209988249466,24.121211001329357,0.0,305,0,0,20,0.95625,0
123.7041,1,0,0,0.0,24.249141999462154,0.5896859984204639,24.2719420020876,0.0,306,0,0,20,0.959375,0
123.72824,1,0,0,0.0,24.110156002279837,0.5865439998160582,24.12928600097075,0.0,307,0,0,20,0.9625,0
123.75215,1,0,0,0.0,23.887359002401354,0.5858240001543891,23.907474998850375,0.0,308,0,0,20,0.965625,0
123.77609,1,0,0,0.0,23.900667001726106,0.566147002245998,23.937275000207592,0.0,309,0,0,20,0.96875,0
123.80069,1,0,0,0.0,24.571804999141023,0.5775009994977154,24.59408099821303,0.0,310,0,0,20,0.971875,0
123.82455,1,0,0,0.0,23.83865599767887,0.6350969997583888,23.857381998823257,0.0,311,0,0,20,0.975,0
123.84841,1,0,0,0.0,23.83649499824969,0.5914030007261317,23.858885000663577,0.0,312,0,0,20,0.978125,0
123.87235,1,0,0,0.0,23.909022002044367,0.5993960003252141,23.93119899716112,0.0,313,0,0,20,0.98125,0
123.89604,1,0,0,0.0,23.669157999393065,0.5740269989473745,23.69013099814765,0.0,314,0,0,20,0.984375,0
123.91957,1,0,0,0.0,23.503998996602604,0.5578389973379672,23.52348400017945,0.0,315,0,0,20,0.9875,0
123.94353,1,0,0,0.0,23.931948002427816,0.581975000386592,23.952367999299895,0.0,316,0,0,20,0.990625,0
123.96715,1,0,0,0.0,23.597190996952122,0.5991190009808633,23.617734001163626,0.0,317,0,0,20,0.99375,0
123.99065,1,0,0,0.0,23.47538899994106,0.5800449980597477,23.495101999287726,0.0,318,0,0,20,0.996875,0
124.01472,1,0,0,0.0,24.049481999099953,0.5862170000909828,24.0799560015148,0.0,319,0,0,20,1.0,0
124.04005,1,0,0,0.0,25.290263001807034,0.7596570030727889,25.31447100045625,0.0,320,0,0,21,0.9553571428571429,0
124.06361,1,0,0,0.0,23.537107001175173,0.5791180010419339,23.555539002700243,0.0,321,0,0,21,0.9583333333333334,0
124.08725,1,0,0,0.0,23.613312001543818,0.6085249988245778,23.634181001398247,0.0,322,0,0,21,0.9613095238095238,0
124.11087,1,0,0,0.0,23.601492001034785,0.5792069969174918,23.62029799769516,0.0,323,0,0,21,0.9642857142857143,0
124.13448,1,0,0,0.0,23.585278999235015,0.5640899980789982,23.60391399997752,0.0,324,0,0,21,0.9672619047619048,0
124.15802,1,0,0,0.0,23.51257200280088,0.5749060001107864,23.533906998636667,0.0,325,0,0,21,0.9702380952380952,0
124.18164,1,0,0,0.0,23.597793999215355,0.5907329978072084,23.618590999831213,0.0,326,0,0,21,0.9732142857142857,0
124.20499,1,0,0,0.0,23.321480002778117,0.5941569979768246,23.341799998888746,0.0,327,0,0,21,0.9761904761904762,0
124.22858,1,0,0,0.0,23.567955002363306,0.5614420006168075,23.587978997966275,0.0,328,0,0,21,0.9791666666666666,0
124.2523,1,0,0,0.0,23.699026001850143,0.5982980001135729,23.721284000203013,0.0,329,0,0,21,0.9821428571428571,0
124.276,1,0,0,0.0,23.66561099915998,0.5853330003446899,23.68727700013551,0.0,330,0,0,21,0.9851190476190477,0
124.29968,1,0,0,0.0,23.662440002226504,0.5742260000261012,23.683715000515804,0.0,331,0,0,21,0.9880952380952381,0
124.32337,1,0,0,0.0,23.663504998694407,0.5966069984424394,23.685730000579497,0.0,332,0,0,21,0.9910714285714286,0
124.34706,1,0,0,0.0,23.660970000491943,0.7451240016962402,23.681819999183062,0.0,333,0,0,21,0.9940476190476191,0
124.37057,1,0,0,0.0,23.4694379978464,0.5703179995180108,23.49140700243879,0.0,334,0,0,21,0.9970238095238095,0
124.39421,1,0,0,0.0,23.61352700245334,0.5870200002391357,23.635329001990613,0.0,335,0,0,21,1.0,0
124.41993,1,0,0,0.0,25.694067000586074,0.5853239999851212,25.718916000187164,0.0,336,0,0,22,0.9573863636363636,0
124.44455,1,0,0,0.0,24.587750998762203,0.6668860005447641,24.608325998997316,0.0,337,0,0,22,0.9602272727272727,0
124.46823,1,0,0,0.0,23.66234299915959,0.5941849994997028,23.684196999965934,0.0,338,0,0,22,0.9630681818181818,0
124.49185,1,0,0,0.0,23.59170400086441,0.6087469992053229,23.61431399913272,0.0,339,0,0,22,0.9659090909090909,0
124.5153,1,0,0,0.0,23.421829002472805,0.5822339990118053,23.442235000402434,0.0,340,0,0,22,0.96875,0
124.5389,1,0,0,0.0,23.57702300287201,0.5590520013356581,23.598353000124916,0.0,341,0,0,22,0.9715909090909091,0
124.56267,1,0,0,0.0,23.741734999930486,0.590788997214986,23.762857003021054,0.0,342,0,0,22,0.9744318181818182,0
124.58619,1,0,0,0.0,23.494267999922158,0.6044849978934508,23.51511899905745,0.0,343,0,0,22,0.9772727272727273,0
124.60957,1,0,0,0.0,23.354043001745595,0.5690399993909523,23.374680000415538,0.0,344,0,0,22,0.9801136363636364,0
124.63326,1,0,0,0.0,23.664978998567676,0.5902640004933346,23.68373200079077,0.0,345,0,0,22,0.9829545454545454,0
124.65692,1,0,0,0.0,23.637252998014446,0.583463999646483,23.659301998122828,0.0,346,0,0,22,0.9857954545454546,0
124.68036,1,0,0,0.0,23.417520002112724,0.5992200021864846,23.437353000190342,0.0,347,0,0,22,0.9886363636363636,0
124.70394,1,0,0,0.0,23.554041999886977,0.5626379970635753,23.57394399950863,0.0,348,0,0,22,0.9914772727272727,0
124.72818,1,0,0,0.0,24.217017999035306,0.602297001023544,24.236732999270316,0.0,349,0,0,22,0.9943181818181818,0
124.75159,1,0,0,0.0,23.386963999655563,0.5990069985273294,23.407675998896593,0.0,350,0,0,22,0.9971590909090909,0
124.77516,1,0,0,0.0,23.544488001789432,0.592005999351386,23.564277002151357,0.0,351,0,0,22,1.0,0
124.79855,1,0,0,0.0,23.365512999589555,0.5607790008070879,23.390059999655932,0.0,352,0,0,23,0.9592391304347826,0
124.82195,1,0,0,0.0,23.374554999463726,0.6002150003041606,23.396058000798803,0.0,353,0,0,23,0.9619565217391305,0
124.84552,1,0,0,0.0,23.541236001619836,0.5794440003228374,23.56086700092419,0.0,354,0,0,23,0.9646739130434783,0
124.86894,1,0,0,0.0,23.399914000037825,0.5911330008530058,23.420540997904027,0.0,355,0,0,23,0.967391304347826,0
124.89237,1,0,0,0.0,23.403858998790383,0.5999999993946403,23.42412999860244,0.0,356,0,0,23,0.970108695652174,0
124.91574,1,0,0,0.0,23.34941700246418,0.5715570005122572,23.368338999716798,0.0,357,0,0,23,0.9728260869565217,0
124.9393,1,0,0,0.0,23.531077000370715,0.5760950007243082,23.55090399942128,0.0,358,0,0,23,0.9755434782608695,0
124.96285,1,0,0,0.0,23.532152001280338,0.5998750020808075,23.55317600085982,0.0,359,0,0,23,0.9782608695652174,0
124.98616,1,0,0,0.0,23.284066002815962,0.5942329989920836,23.304250000364846,0.0,360,0,0,23,0.9809782608695652,0
125.00948,1,0,0,0.0,23.295594000956044,0.561310000193771,23.31524100009119,0.0,361,0,0,23,0.9836956521739131,0
125.03428,1,0,0,0.0,24.76163399842335,0.5985429997963365,24.788554997940082,0.0,362,0,0,0,0.0,0
126.4835,1,1,192,26.877811000304064,24.398198002018034,0.567556002351921,51.328919998923084,0.0,192,0,0,13,0.9278846153846154,0
126.50757,1,0,0,0.0,24.036147999140667,0.5733090001740493,24.060356001427863,0.0,193,0,0,13,0.9326923076923077,0
126.53173,1,0,0,0.0,24.137117998179747,0.6072109972592443,24.15711100184126,0.0,194,0,0,13,0.9375,0
126.55551,1,0,0,0.0,23.755995000101393,0.5831540001963731,23.777976999554085,0.0,195,0,0,13,0.9423076923076923,0
126.57985,1,0,0,0.0,24.313803998666117,0.5798379970656242,24.338028000784107,0.0,196,0,0,13,0.9471153846153846,0
126.60369,1,0,0,0.0,23.81291499841609,0.5978280023555271,23.836984000809025,0.0,197,0,0,13,0.9519230769230769,0
126.62744,1,0,0,0.0,23.72028600075282,0.5824649997521192,23.74304900149582,0.0,198,0,0,13,0.9567307692307693,0
126.65147,1,0,0,0.0,24.00463500089245,0.5602290002570953,24.02850600265083,0.0,199,0,0,13,0.9615384615384616,0
126.67526,1,0,0,0.0,23.75800300069386,0.5815810000058264,23.780525996698998,0.0,200,0,0,13,0.9663461538461539,0
126.69927,1,0,0,0.0,23.981374000868527,0.5539230005524587,24.003741000342416,0.0,201,0,0,13,0.9711538461538461,0
126.72326,1,0,0,0.0,23.970728001586394,0.5573519993049558,23.99227299974882,0.0,202,0,0,13,0.9759615384615384,0
126.74746,1,0,0,0.0,24.17023299858556,0.5261030019028112,24.192503999074688,0.0,203,0,0,13,0.9807692307692307,0
126.77131,1,0,0,0.0,23.81898900057422,0.5629650004266296,23.842952999984846,0.0,204,0,0,13,0.9855769230769231,0
126.79501,1,0,0,0.0,23.676691002037842,0.5539420017157681,23.699729001236847,0.0,205,0,0,13,0.9903846153846154,0
126.81909,1,0,0,0.0,24.03622599740629,0.577359001908917,24.07826100170496,0.0,206,0,0,13,0.9951923076923077,0
126.84384,1,0,0,0.0,24.717522999708308,0.5835919982928317,24.740537999605294,0.0,207,0,0,13,1.0,0
126.86815,1,0,0,0.0,24.28135100126383,0.599360002524918,24.30815700063249,0.0,208,0,0,14,0.9330357142857143,0
126.8924,1,0,0,0.0,24.21635200153105,0.5798620004497934,24.240688002464594,0.0,209,0,0,14,0.9375,0
126.91675,1,0,0,0.0,24.31105300274794,0.5689920035365503,24.343123001017375,0.0,210,0,0,14,0.9419642857142857,0
126.941,1,0,0,0.0,24.227762001828523,0.5917909984418657,24.24967399929301,0.0,211,0,0,14,0.9464285714285714,0
126.96494,1,0,0,0.0,23.91632299986668,0.5566649997490458,23.938207999890437,0.0,212,0,0,14,0.9508928571428571,0
126.9892,1,0,0,0.0,24.22392899825354,0.5957920002401806,24.246583998319693,0.0,213,0,0,14,0.9553571428571429,0
127.01305,1,0,0,0.0,23.826003998692613,0.5568550004682038,23.84705399890663,0.0,214,0,0,14,0.9598214285714286,0
127.0378,1,0,0,0.0,24.728943000809522,0.549678999959724,24.75012099966989,0.0,215,0,0,14,0.9642857142857143,0
127.0622,1,0,0,0.0,24.375700999371475,0.5930699990130961,24.399737998464843,0.0,216,0,0,14,0.96875,0
127.08635,1,0,0,0.0,24.121228001604322,0.5730689990741666,24.143287999322638,0.0,217,0,0,14,0.9732142857142857,0
127.11047,1,0,0,0.0,24.09343899853411,0.5523660001927055,24.117083998135058,0.0,218,0,0,14,0.9776785714285714,0
127.13492,1,0,0,0.0,24.41667899984168,0.5817570017825346,24.439517001155764,0.0,219,0,0,14,0.9821428571428571,0
127.15911,1,0,0,0.0,24.163397996744607,0.5795320030301809,24.185712001781212,0.0,220,0,0,14,0.9866071428571429,0
127.18323,1,0,0,0.0,24.090957002044888,0.5698630011465866,24.11273799953051,0.0,221,0,0,14,0.9910714285714286,0
127.20738,1,0,0,0.0,24.131225000019185,0.5327920007403009,24.1516860005504,0.0,222,0,0,14,0.9955357142857143,0
127.23132,1,0,0,0.0,23.913911001727683,0.547808002011152,23.934770997584565,0.0,223,0,0,14,1.0,0
127.2553,1,0,0,0.0,23.947315999976126,0.6043650028004777,23.975608000910142,0.0,224,0,0,0,0.0,0
127.47748,1,1,211,26.09810799913248,24.22871000089799,0.5482749984366819,50.381287997879554,0.0,211,0,0,14,0.9464285714285714,0
127.50162,1,0,0,0.0,24.113284998747986,0.5401259986683726,24.137771000823705,0.0,212,0,0,14,0.9508928571428571,0
127.52576,1,0,0,0.0,24.10311500352691,0.6157930001791101,24.127931999828434,0.0,213,0,0,14,0.9553571428571429,0
127.55009,1,0,0,0.0,24.29545099948882,0.5962380018900149,24.33275200019125,0.0,214,0,0,14,0.9598214285714286,0
127.57429,1,0,0,0.0,24.166642000636784,0.5403610011853743,24.190883999835933,0.0,215,0,0,14,0.9642857142857143,0
127.59866,1,0,0,0.0,24.338454997632653,0.6078719998185989,24.36126600150601,0.0,216,0,0,14,0.96875,0
127.62275,1,0,0,0.0,24.065666999376845,0.5926970006839838,24.088284000754356,0.0,217,0,0,14,0.9732142857142857,0
127.64689,1,0,0,0.0,24.11408399711945,0.5946290002611931,24.136034000548534,0.0,218,0,0,14,0.9776785714285714,0
127.67102,1,0,0,0.0,24.10418399813352,0.5798669990326744,24.12706600080128,0.0,219,0,0,14,0.9821428571428571,0
127.72571,2,1,129,25.19947700056946,29.447583001456223,0.5985339994367678,54.68714800008456,0.2068181818181818,220,0,0,23,0.9538043478260869,0
127.75561,2,0,0,0.0,29.872715000237804,0.6635169993387535,29.8977329985064,0.20588235294117652,221,0,0,23,0.9592391304347826,0
127.78548,2,0,0,0.0,29.833823999069864,0.6903159992361907,29.859067999495892,0.20495495495495497,222,0,0,23,0.9646739130434783,0
127.81444,2,0,0,0.0,28.927914001542376,0.6492159991466906,28.95219199854182,0.20403587443946192,223,0,0,23,0.970108695652174,0
127.84445,2,0,0,0.0,29.980148003232898,0.6418859993573278,30.007018001924735,0.203125,224,0,0,24,0.9348958333333334,0
127.87404,2,0,0,0.0,29.565833996457513,0.651411999569973,29.590886002551997,0.2022222222222222,225,0,0,24,0.9401041666666666,0
127.9035,2,0,0,0.0,29.428547000861727,0.6285940035013482,29.45238599932054,0.20132743362831862,226,0,0,24,0.9453125,0
127.93279,2,0,0,0.0,29.26170499995351,0.6432320005842485,29.286857999977656,0.20044052863436124,227,0,0,24,0.9505208333333334,0
127.96533,2,0,0,0.0,32.50673900038237,0.7365860001300462,32.53010000116774,0.19956140350877194,228,0,0,24,0.9557291666666666,0
127.99392,2,0,0,0.0,28.563376003148733,0.6221799994818866,28.587996999704046,0.1986899563318777,229,0,0,24,0.9609375,0
128.0224,2,0,0,0.0,28.45473200068227,0.6312469995464198,28.477669002313633,0.1978260869565217,230,0,0,24,0.9661458333333334,0
128.0516,2,0,0,0.0,29.16497800106299,0.6069949995435309,29.18767899973318,0.19696969696969702,231,0,0,24,0.9713541666666666,0
128.08023,2,0,0,0.0,28.611994999664603,0.634937001450453,28.634655001951614,0.19612068965517238,232,0,0,24,0.9765625,0
128.10855,2,0,0,0.0,28.287089000514243,0.6079239974496886,28.309263001574436,0.1952789699570815,233,0,0,24,0.9817708333333334,0
128.13744,2,0,0,0.0,28.859309997642413,0.6547029988723807,28.881947000627406,0.19444444444444442,234,0,0,24,0.9869791666666666,0
128.16587,2,0,0,0.0,28.40588400067645,0.6486580023192801,28.431580001779366,0.19361702127659575,235,0,0,25,0.9525,0
128.19435,2,0,0,0.0,28.45528000034392,0.6686739980068523,28.47700900019845,0.19279661016949157,236,0,0,25,0.9575,0
128.22302,2,0,0,0.0,28.624044000025606,0.5901139993511606,28.6591629992472,0.19198312236286919,237,0,0,25,0.9625,0
128.25163,2,0,0,0.0,28.587502001755638,0.6388919973687734,28.6096850031754,0.19117647058823528,238,0,0,25,0.9675,0
128.27953,2,0,0,0.0,27.87358400019002,0.6263139985094313,27.896116000192706,0.19037656903765687,239,0,0,25,0.9725,0
128.30818,2,0,0,0.0,28.619112003070768,0.6591640012629796,28.64465400125482,0.18958333333333333,240,0,0,26,0.9399038461538461,0
128.33677,2,0,0,0.0,28.56588000213378,0.6125090003479272,28.58672399815987,0.1887966804979253,241,0,0,26,0.9447115384615384,0
128.36531,2,0,0,0.0,28.513056997326203,0.627655001153471,28.537864000099944,0.18801652892561982,242,0,0,26,0.9495192307692307,0
128.39383,2,0,0,0.0,28.490791999502108,0.6143870014057029,28.512998000223888,0.18724279835390945,243,0,0,26,0.9543269230769231,0
128.42463,2,0,0,0.0,30.772625999816228,0.6211649997567292,30.795999999099877,0.1864754098360656,244,0,0,26,0.9591346153846154,0
128.45387,2,0,0,0.0,29.207120998762548,0.6799269976909272,29.229284002212808,0.18571428571428572,245,0,0,26,0.9639423076923077,0
128.48227,2,0,0,0.0,28.37690299929818,0.642219001747435,28.398837999702664,0.18495934959349591,246,0,0,26,0.96875,0
128.50996,2,0,0,0.0,27.65955200084136,0.6042299974069465,27.68214000025182,0.1842105263157895,247,0,0,26,0.9735576923076923,0
128.53862,2,0,0,0.0,28.635328999371268,0.6478600007540081,28.65605599799892,0.18346774193548387,248,0,0,26,0.9783653846153846,0
128.56712,2,0,0,0.0,28.473297999880742,0.6413609989976976,28.499481002654647,0.18273092369477917,249,0,0,26,0.9831730769230769,0
128.59569,2,0,0,0.0,28.536409001389984,0.6158329997560941,28.560266000567935,0.18200000000000005,250,0,0,26,0.9879807692307693,0
128.62434,2,0,0,0.0,28.625041999475798,0.6419700002879836,28.650894997554133,0.18127490039840632,251,0,0,27,0.9560185185185185,0
128.65284,2,0,0,0.0,28.472159003285924,0.6079589984437916,28.49348000017926,0.18055555555555558,252,0,0,27,0.9606481481481481,0
128.68137,2,0,0,0.0,28.501636999862967,0.6334370009426493,28.52482700109249,0.17984189723320154,253,0,0,27,0.9652777777777778,0
128.70962,2,0,0,0.0,28.226300000824267,0.6260480004129931,28.248979997442802,0.17913385826771655,254,0,0,27,0.9699074074074074,0
128.73748,2,0,0,0.0,27.82892400136916,0.6374509976012632,27.85000799849513,0.17843137254901964,255,0,0,27,0.9745370370370371,0
128.76616,2,0,0,0.0,28.65424400079064,0.6322369990812149,28.680850999080576,0.177734375,256,0,0,28,0.9441964285714286,0
128.79464,2,0,0,0.0,28.44800499951816,0.6261449998419266,28.47050999844214,0.17704280155642027,257,0,0,28,0.9486607142857143,0
128.82356,2,0,0,0.0,28.897156000311952,0.6589179974980652,28.92015700126649,0.1763565891472868,258,0,0,28,0.953125,0
128.85299,2,0,0,0.0,29.40045499781263,0.6471769993368071,29.43201300149667,0.17567567567567566,259,0,0,28,0.9575892857142857,0
128.88154,2,0,0,0.0,28.5131079981511,0.6477250026364345,28.53583900287049,0.17500000000000004,260,0,0,28,0.9620535714285714,0
128.90984,2,0,0,0.0,28.27693299695966,0.6296790015767328,28.298101999098435,0.17432950191570884,261,0,0,28,0.9665178571428571,0
128.93851,2,0,0,0.0,28.63689100195188,0.6423650011129212,28.6572220029484,0.17366412213740456,262,0,0,28,0.9709821428571429,0
128.96634,2,0,0,0.0,27.808251998067135,0.648094999633031,27.829752998513868,0.1730038022813688,263,0,0,28,0.9754464285714286,0
128.99474,2,0,0,0.0,28.37730900137103,0.6091789982747287,28.39926999877207,0.17234848484848486,264,0,0,28,0.9799107142857143,0
129.02336,2,0,0,0.0,28.586589000042295,0.650605001283111,28.60938300000271,0.17169811320754713,265,0,0,28,0.984375,0
129.05294,2,0,0,0.0,29.556745001173113,0.6254630025068764,29.57700199840474,0.17105263157894735,266,0,0,28,0.9888392857142857,0
129.0816,2,0,0,0.0,28.637090003030607,0.6717440010106657,28.662904998782324,0.17041198501872656,267,0,0,29,0.959051724137931,0
129.10982,2,0,0,0.0,28.188902000692906,0.6479319999925792,28.209443000378087,0.1697761194029851,268,0,0,29,0.9633620689655172,0
129.13872,2,0,0,0.0,28.870301001006737,0.6519109992950689,28.89159199912683,0.16914498141263945,269,0,0,29,0.9676724137931034,0
129.16764,2,0,0,0.0,28.899200002342695,0.6701509992126375,28.922761001012987,0.1685185185185185,270,0,0,29,0.9719827586206896,0
129.1955,2,0,0,0.0,27.833034000650514,0.6706579988531303,27.855574997374788,0.16789667896678961,271,0,0,29,0.9762931034482759,0
129.22402,2,0,0,0.0,28.484774997195927,0.629139001830481,28.511504002381116,0.16727941176470584,272,0,0,30,0.9479166666666666,0
129.27774,3,1,180,25.237321999156848,28.434904997993726,0.6975899996177759,53.710928001237335,0.22466422466422464,273,0,0,42,0.9494047619047619,0
129.30633,3,0,0,0.0,28.568434001499554,0.7009000000834931,28.593488998012617,0.22384428223844277,274,0,0,42,0.9538690476190477,0
129.33492,3,0,0,0.0,28.56003399938345,0.7238750004034955,28.583618000993738,0.22303030303030302,275,0,0,42,0.9583333333333334,0
129.36346,3,0,0,0.0,28.514002999145305,0.7193309975264128,28.535086999909254,0.2222222222222222,276,0,0,42,0.9627976190476191,0
129.39212,3,0,0,0.0,28.6272330013162,0.72252199970535,28.651852000621147,0.2214199759326113,277,0,0,42,0.9672619047619048,0
129.42274,3,0,0,0.0,30.597599998145597,0.7048860024951864,30.623488000856014,0.22062350119904073,278,0,0,42,0.9717261904761905,0
129.45115,3,0,0,0.0,28.374180998071097,0.8230419989558868,28.394444998411927,0.21983273596176822,279,0,0,42,0.9761904761904762,0
129.47983,3,0,0,0.0,28.663144999882206,0.6942719992366619,28.686749003099976,0.21904761904761905,280,0,0,42,0.9806547619047619,0
129.50836,3,0,0,0.0,28.496269002062036,0.7355170018854551,28.519215000414988,0.21826809015421111,281,0,0,42,0.9851190476190477,0
129.53689,3,0,0,0.0,28.506277998531004,0.7260759994096588,28.530649997264845,0.21749408983451535,282,0,0,42,0.9895833333333334,0
129.56574,3,0,0,0.0,28.804141998989508,0.7384900018223561,28.838729002018226,0.2167255594817432,283,0,0,30,0.9895833333333334,0
129.59436,2,0,0,0.0,28.597873999387957,0.664333001623163,28.62101099890424,0.16373239436619713,284,0,0,30,0.99375,0
129.62307,2,0,0,0.0,28.67483700174489,0.63200099975802,28.714498999761418,0.16315789473684206,285,0,0,31,0.9657258064516129,0
129.65178,2,0,0,0.0,28.675018998910673,0.6515179993584752,28.696433997538406,0.1625874125874126,286,0,0,31,0.969758064516129,0
129.67957,2,0,0,0.0,27.764505000959616,0.6566360025317408,27.78690299965092,0.16202090592334495,287,0,0,31,0.9737903225806451,0
129.70831,2,0,0,0.0,28.71164699899964,0.6437240008381195,28.737959000864066,0.16145833333333337,288,0,0,32,0.947265625,0
129.73675,2,0,0,0.0,28.412832001777133,0.6349879986373708,28.435940002964344,0.16089965397923878,289,0,0,32,0.951171875,0
129.76534,2,0,0,0.0,28.560910002852324,0.6490759988082573,28.584294999745907,0.16034482758620694,290,0,0,32,0.955078125,0
129.79393,2,0,0,0.0,28.55781999824103,0.641612998151686,28.5792959984974,0.15979381443298968,291,0,0,32,0.958984375,0
129.84692,3,1,71,23.919153998576803,29.03209199939738,0.698197000019718,52.99016799835954,0.35844748858447484,292,0,0,37,0.9543918918918919,0
129.87629,3,0,0,0.0,29.342171997996047,0.7164139969972894,29.36826400036807,0.35722411831626844,293,0,0,37,0.9594594594594594,0
129.90476,3,0,0,0.0,28.440696998586645,0.6961399994906969,28.463455000746762,0.35600907029478457,294,0,0,37,0.964527027027027,0
129.9326,3,0,0,0.0,27.81429999959073,0.7062090007821098,27.83696400001645,0.35480225988700564,295,0,0,37,0.9695945945945946,0
129.96154,3,0,0,0.0,28.91314799853717,0.7259580015670508,28.934367997862864,0.35360360360360366,296,0,0,37,0.9746621621621622,0
129.98994,3,0,0,0.0,28.367806000460405,0.7101279989001341,28.390064999257447,0.3524130190796857,297,0,0,37,0.9797297297297297,0
130.01841,3,0,0,0.0,28.44900200216216,0.6989079993218184,28.4736020003038,0.3512304250559284,298,0,0,37,0.9847972972972973,0
130.04789,3,0,0,0.0,29.444505002174992,0.7185030008258764,29.46788699773606,0.3500557413600892,299,0,0,37,0.9898648648648649,0
130.0767,3,0,0,0.0,28.7879690004047,0.7382460025837645,28.810437997890403,0.3488888888888889,300,0,0,37,0.9949324324324325,0
130.10541,3,0,0,0.0,28.675363999354886,0.7183089983300306,28.701535000436706,0.3477297895902547,301,0,0,39,0.9487179487179487,0
130.13418,3,0,0,0.0,28.746350999426795,0.7059230010781903,28.77017699938733,0.3465783664459161,302,0,0,39,0.9535256410256411,0
130.16251,3,0,0,0.0,28.302154001721647,0.70311699892045,28.327699001238216,0.34543454345434543,303,0,0,39,0.9583333333333334,0
130.19154,3,0,0,0.0,28.998099998716498,0.7268090012075845,29.026573000010103,0.3442982456140351,304,0,0,40,0.9390625,0
130.22061,3,0,0,0.0,29.03563200015924,0.7292250011232682,29.06054400227731,0.34316939890710385,305,0,0,40,0.94375,0
130.24987,3,0,0,0.0,29.23089799878653,0.740866998967249,29.255579996970482,0.34204793028322444,306,0,0,40,0.9484375,0
130.27902,3,0,0,0.0,29.124067001248477,0.7889330008765683,29.150474001653492,0.3409337676438654,307,0,0,40,0.953125,0
130.30822,3,0,0,0.0,29.169212000851985,0.7450039993273094,29.195913000876317,0.3398268398268398,308,0,0,40,0.9578125,0
130.33735,3,0,0,0.0,29.093777997331927,0.7092209998518229,29.12029399885796,0.3387270765911543,309,0,0,40,0.9625,0
130.36655,3,0,0,0.0,29.17004900155007,0.7412559971271548,29.195543997047935,0.33763440860215055,310,0,0,40,0.9671875,0
130.39484,3,0,0,0.0,28.262479998375056,0.739791001251433,28.28751700144494,0.3365487674169346,311,0,0,40,0.971875,0
130.42636,3,0,0,0.0,31.491395999182714,0.7543100000475533,31.516670002019964,0.3354700854700855,312,0,0,40,0.9765625,0
130.45533,3,0,0,0.0,28.935488997376524,0.7392349980364088,28.957866998098325,0.3343982960596379,313,0,0,40,0.98125,0
130.4842,3,0,0,0.0,28.84256700053811,0.7322919991565868,28.86728600060451,0.33333333333333337,314,0,0,40,0.9859375,0
130.51306,3,0,0,0.0,28.83788100007223,0.7208239985629916,28.87597600056324,0.3322751322751323,315,0,0,40,0.990625,0
130.54198,3,0,0,0.0,28.872368999145692,0.718366998626152,28.89357700041728,0.3312236286919831,316,0,0,40,0.9953125,0
130.5709,3,0,0,0.0,28.881262998766033,0.754711996705737,28.918123000039486,0.33017875920084117,317,0,0,42,0.9523809523809523,0
130.59971,3,0,0,0.0,28.786445000150707,0.7408820019918494,28.811446001782315,0.3291404612159329,318,0,0,42,0.9568452380952381,0
130.62795,3,0,0,0.0,28.20800300105475,0.7371459978458006,28.234295001311693,0.3281086729362591,319,0,0,42,0.9613095238095238,0
130.68203,4,1,79,24.875906001398107,29.148505000193836,1.1610200017457828,54.06938400119543,0.43359375,320,0,0,48,0.94921875,0
130.71111,4,0,0,0.0,29.040003999398323,0.8001659989531618,29.07770999809145,0.43224299065420557,321,0,0,28,0.9174107142857143,0
130.73952,3,0,0,0.0,28.382721000525635,0.6412039983842988,28.40608800033806,0.40174672489082974,229,0,0,28,0.9241071428571429,0
130.76784,3,0,0,0.0,28.293229999690084,0.6670609982393216,28.314614999544574,0.4,230,0,0,28,0.9308035714285714,0
130.7957,3,0,0,0.0,27.83848999752081,0.6483030010713264,27.860554000653792,0.3982683982683982,231,0,0,28,0.9375,0
130.82404,3,0,0,0.0,28.30844399795751,0.6555779982591048,28.331306999461958,0.39655172413793105,232,0,0,28,0.9441964285714286,0
130.85266,3,0,0,0.0,28.598198001418496,0.6418509983632248,28.621166999073466,0.3948497854077253,233,0,0,28,0.9508928571428571,0
130.88161,3,0,0,0.0,28.92478599824244,0.6787380007153843,28.94887599904905,0.3931623931623932,234,0,0,28,0.9575892857142857,0
130.91022,3,0,0,0.0,28.581006998138037,0.6947750007384457,28.60517499721027,0.39148936170212767,235,0,0,28,0.9642857142857143,0
130.93859,3,0,0,0.0,28.34018200155697,0.6296649989963043,28.36346600088291,0.38983050847457623,236,0,0,28,0.9709821428571429,0
130.96739,3,0,0,0.0,28.76767099951394,0.6674360010947566,28.790055999706965,0.38818565400843885,237,0,0,28,0.9776785714285714,0
130.99583,3,0,0,0.0,28.419911999662872,0.6487270002253354,28.44277600161149,0.38655462184873945,238,0,0,28,0.984375,0
131.0238,3,0,0,0.0,27.931633998377947,0.6556629996339325,27.964590000919998,0.38493723849372385,239,0,0,21,0.9880952380952381,0
131.05315,2,0,0,0.0,29.316754000319634,0.6236109984456562,29.34061300038593,0.30833333333333335,240,0,0,22,0.9488636363636364,0
131.08177,2,0,0,0.0,28.59788600108004,0.6026080009178258,28.61755199774052,0.3070539419087137,241,0,0,22,0.9545454545454546,0
131.10984,2,0,0,0.0,28.047690997482277,0.5935410008532926,28.07035999649088,0.30578512396694213,242,0,0,22,0.9602272727272727,0
131.13848,2,0,0,0.0,28.609105000214186,0.6293199985520914,28.631564000534127,0.30452674897119336,243,0,0,22,0.9659090909090909,0
131.16699,2,0,0,0.0,28.48386600089725,0.6137589989521075,28.51689800081658,0.30327868852459017,244,0,0,23,0.9293478260869565,0
131.19524,2,0,0,0.0,28.22107199972379,0.6149149994598702,28.243146000022534,0.30204081632653057,245,0,0,23,0.9347826086956522,0
131.22356,2,0,0,0.0,28.285734999371925,0.5873509981029201,28.306222000537673,0.30081300813008127,246,0,0,23,0.9402173913043478,0
131.25168,2,0,0,0.0,28.095994999603136,0.6074640004953835,28.11729700260912,0.2995951417004049,247,0,0,23,0.9456521739130435,0
131.28035,2,0,0,0.0,28.64519200011273,0.6303139998635743,28.66729300149018,0.2983870967741935,248,0,0,23,0.9510869565217391,0
131.30863,2,0,0,0.0,28.254135002498515,0.5926249978074338,28.276311000809073,0.29718875502008035,249,0,0,23,0.9565217391304348,0
131.33752,2,0,0,0.0,28.865374999440974,0.6480330011982005,28.889216999232303,0.29600000000000004,250,0,0,23,0.9619565217391305,0
131.36601,2,0,0,0.0,28.46880300057819,0.6415169991669245,28.49012099977699,0.29482071713147406,251,0,0,23,0.967391304347826,0
131.39446,2,0,0,0.0,28.41755400004331,0.6234319989744108,28.44010799890384,0.2936507936507936,252,0,0,23,0.9728260869565217,0
131.42522,2,0,0,0.0,30.73492399926181,0.6263329996727407,30.7600080013799,0.2924901185770751,253,0,0,23,0.9782608695652174,0
131.45386,2,0,0,0.0,28.613442998903338,0.6263670002226718,28.635881000809604,0.2913385826771654,254,0,0,23,0.9836956521739131,0
131.48168,2,0,0,0.0,27.788311999756843,0.6339700012176763,27.809702998638386,0.2901960784313725,255,0,0,23,0.9891304347826086,0
131.5102,2,0,0,0.0,28.496096001617843,0.639360001514433,28.523372999188723,0.2890625,256,0,0,24,0.953125,0
131.53894,2,0,0,0.0,28.707311001198832,0.6254839972825721,28.73135700065177,0.28793774319066145,257,0,0,24,0.9583333333333334,0
131.56744,2,0,0,0.0,28.474487000494264,0.6579839973710477,28.494703001342714,0.28682170542635654,258,0,0,24,0.9635416666666666,0
131.596,2,0,0,0.0,28.532602998893708,0.6154930015327409,28.56313599841087,0.2857142857142857,259,0,0,24,0.96875,0
131.62444,2,0,0,0.0,28.405593999195844,0.6157689967949409,28.431421000277624,0.2846153846153846,260,0,0,25,0.935,0
131.65291,2,0,0,0.0,28.442937997169793,0.6385439992300235,28.463423001085175,0.28352490421455934,261,0,0,25,0.94,0
131.68127,2,0,0,0.0,28.340996999759227,0.6337810009426903,28.36283099895809,0.2824427480916031,262,0,0,25,0.945,0
131.70939,2,0,0,0.0,28.09286299816449,0.5959239970252384,28.116238998336485,0.28136882129277563,263,0,0,25,0.95,0
131.73788,2,0,0,0.0,28.460183999413857,0.6232140003703535,28.48326000093948,0.2803030303030303,264,0,0,25,0.955,0
131.76643,2,0,0,0.0,28.529187002277467,0.6337960003293119,28.550499002449214,0.279245283018868,265,0,0,25,0.96,0
131.79465,2,0,0,0.0,28.19006400022772,0.6292149992077611,28.20990300097037,0.27819548872180455,266,0,0,25,0.965,0
131.82294,2,0,0,0.0,28.26290699886158,0.6222420015546959,28.285252999921795,0.27715355805243447,267,0,0,25,0.97,0
131.85165,2,0,0,0.0,28.688688998954603,0.635245000012219,28.710390000924235,0.27611940298507465,268,0,0,25,0.975,0
131.88018,2,0,0,0.0,28.50414900240139,0.6557970009453129,28.527029000542825,0.275092936802974,269,0,0,25,0.98,0
131.9088,2,0,0,0.0,28.595930001756642,0.6184609992487822,28.61883600053261,0.274074074074074,270,0,0,25,0.985,0
131.93685,2,0,0,0.0,28.019001001666766,0.6640339997829869,28.041740999469766,0.27306273062730624,271,0,0,25,0.99,0
131.96551,2,0,0,0.0,28.631552999286214,0.650417001452297,28.6559619999025,0.2720588235294118,272,0,0,26,0.9567307692307693,0
131.99389,2,0,0,0.0,28.354575002595084,0.641499998891959,28.375927999150008,0.2710622710622711,273,0,0,26,0.9615384615384616,0
132.02219,2,0,0,0.0,28.27554499890539,0.6378969992510974,28.297453001869144,0.27007299270072993,274,0,0,26,0.9663461538461539,0
132.05109,2,0,0,0.0,28.858686997409677,0.6014609971316531,28.89748799861991,0.26909090909090905,275,0,0,26,0.9711538461538461,0
132.08019,2,0,0,0.0,29.064959999232087,0.6224799981282558,29.090738000377314,0.2681159420289855,276,0,0,27,0.9398148148148148,0
132.1085,2,0,0,0.0,28.289906000281917,0.6116559998190496,28.31214699835982,0.26714801444043323,277,0,0,27,0.9444444444444444,0
132.13709,2,0,0,0.0,28.543020998768043,0.627575001999503,28.58116599963978,0.26618705035971224,278,0,0,27,0.9490740740740741,0
132.16493,2,0,0,0.0,27.811743999336613,0.6140160003269557,27.831703999254387,0.2652329749103942,279,0,0,27,0.9537037037037037,0
132.19343,2,0,0,0.0,28.476632996898843,0.6320819993561599,28.500676999101415,0.26428571428571423,280,0,0,27,0.9583333333333334,0
132.22206,2,0,0,0.0,28.600475001439918,0.6459329997596797,28.624293001485057,0.2633451957295374,281,0,0,27,0.9629629629629629,0
132.25066,2,0,0,0.0,28.55770099995425,0.6417799995688256,28.59370499936631,0.26241134751773054,282,0,0,27,0.9675925925925926,0
132.27927,2,0,0,0.0,28.593121998710558,0.6524679993162863,28.617209998628823,0.2614840989399293,283,0,0,27,0.9722222222222222,0
132.30756,2,0,0,0.0,28.257909998501418,0.6360289989970624,28.281397000682773,0.2605633802816901,284,0,0,27,0.9768518518518519,0
132.33604,2,0,0,0.0,28.454724000766873,0.6393779985955916,28.479094999056542,0.2596491228070176,285,0,0,27,0.9814814814814815,0
132.36466,2,0,0,0.0,28.591655001946492,0.6242920026124921,28.611953999643447,0.25874125874125875,286,0,0,27,0.9861111111111112,0
132.39259,2,0,0,0.0,27.899352000531508,0.6357199999911245,27.921175002120435,0.2578397212543554,287,0,0,27,0.9907407407407407,0
132.42344,2,0,0,0.0,30.82144200016046,0.6435830000555143,30.856812998536043,0.2569444444444444,288,0,0,19,0.9506578947368421,0
132.4477,1,0,0,0.0,24.231421997683356,0.5827089989907108,24.251099999673897,0.0,289,0,0,19,0.9539473684210527,0
132.47148,1,0,0,0.0,23.754109999572393,0.5864800004928838,23.774751000019023,0.0,290,0,0,19,0.9572368421052632,0
132.49498,1,0,0,0.0,23.474435998650733,0.5497420024767052,23.494447999837575,0.0,291,0,0,19,0.9605263157894737,0
132.51842,1,0,0,0.0,23.421079000399914,0.5646810022881255,23.439756001607748,0.0,292,0,0,19,0.9638157894736842,0
132.54193,1,0,0,0.0,23.48031799920136,0.5368790007196367,23.49944599700393,0.0,293,0,0,19,0.9671052631578947,0
132.56538,1,0,0,0.0,23.43021399792633,0.5682200026058126,23.44784399974742,0.0,294,0,0,19,0.9703947368421053,0
132.58872,1,0,0,0.0,23.3174009990762,0.5303790021571331,23.3355330019549,0.0,295,0,0,19,0.9736842105263158,0
132.61226,1,0,0,0.0,23.50989499973366,0.5680260001099668,23.53764899817179,0.0,296,0,0,0,0.0,0
