t_s,batch,n_prefill,prefill_tokens,prefill_ms,decode_ms,gather_ms,iteration_ms,padding_waste,context_max,waiting,preempted,kv_blocks_used,kv_slot_utilization,wasted_decode_tokens
0.05092,1,1,235,27.165511997736758,23.708502001682064,0.5804979991808068,50.911309001094196,0.0,235,0,0,15,0.9833333333333333,0
0.07468,1,0,0,0.0,23.739135001960676,0.5782549997093156,23.762041997542838,0.0,236,0,0,15,0.9875,0
0.09837,1,0,0,0.0,23.660585000470746,0.5525920023501385,23.68151400150964,0.0,237,0,0,15,0.9916666666666667,0
0.12198,1,0,0,0.0,23.581675999594154,0.5314869995345362,23.61054100038018,0.0,238,0,0,15,0.9958333333333333,0
0.1456,1,0,0,0.0,23.585045000800164,0.5922029995417688,23.606220001965994,0.0,239,0,0,15,1.0,0
0.16913,1,0,0,0.0,23.50646500053699,0.5369529972085729,23.529066998889903,0.0,240,0,0,16,0.94140625,0
0.19262,1,0,0,0.0,23.464347003027797,0.547622999874875,23.487201000534697,0.0,241,0,0,16,0.9453125,0
0.21642,1,0,0,0.0,23.769487997924443,0.5581159966823179,23.790555002051406,0.0,242,0,0,16,0.94921875,0
0.24007,1,0,0,0.0,23.622332999366336,0.5701299996871967,23.645162000320852,0.0,243,0,0,16,0.953125,0
0.26414,1,0,0,0.0,24.050407999311574,0.5831270027556457,24.071374999039108,0.0,244,0,0,16,0.95703125,0
0.28798,1,0,0,0.0,23.81088299807743,0.5669570018653758,23.843577000661753,0.0,245,0,0,16,0.9609375,0
0.3118,1,0,0,0.0,23.782304997439496,0.5828620014654007,23.802993000572314,0.0,246,0,0,16,0.96484375,0
0.33552,1,0,0,0.0,23.697171000094386,0.5843670005560853,23.71922200109111,0.0,247,0,0,16,0.96875,0
0.3596,1,0,0,0.0,24.049913001363166,0.5539800004044082,24.07223399859504,0.0,248,0,0,16,0.97265625,0
0.38322,1,0,0,0.0,23.593359997903462,0.5638779985019937,23.615829999471316,0.0,249,0,0,16,0.9765625,0
0.40694,1,0,0,0.0,23.694284998782678,0.5609440013358835,23.714504000963643,0.0,250,0,0,16,0.98046875,0
0.43071,1,0,0,0.0,23.75042000130634,0.5612970016954932,23.774330999003723,0.0,251,0,0,16,0.984375,0
0.45438,1,0,0,0.0,23.639921000722097,0.6008409982314333,23.661749000893906,0.0,252,0,0,16,0.98828125,0
0.47773,1,0,0,0.0,23.32665799985989,0.533246999111725,23.34688299742993,0.0,253,0,0,16,0.9921875,0
0.50142,1,0,0,0.0,23.656292003579438,0.5298280011629686,23.678821002249606,0.0,254,0,0,16,0.99609375,0
0.5251,1,0,0,0.0,23.66234299915959,0.6232990017451812,23.682609000388766,0.0,255,0,0,16,1.0,0
0.58595,4,3,555,30.777740001212806,30.011079001269536,0.7784359986544587,60.83992700223462,0.2080078125,256,0,0,53,0.9610849056603774,0
0.61521,4,0,0,0.0,29.234710997116053,1.0443289975228254,29.260796000016853,0.20719844357976658,257,0,0,54,0.9479166666666666,0
0.64398,4,0,0,0.0,28.736423002555966,0.8010530000319704,28.7704920010583,0.20639534883720934,258,0,0,54,0.9525462962962963,0
0.67307,4,0,0,0.0,29.054810001980513,0.8039029999054037,29.08384600232239,0.20559845559845558,259,0,0,54,0.9571759259259259,0
0.70255,4,0,0,0.0,29.441256003337912,0.8256789988081437,29.465198000252713,0.20480769230769236,260,0,0,54,0.9618055555555556,0
0.7315,4,0,0,0.0,28.925703001732472,0.8181000011973083,28.949184001248796,0.20402298850574707,261,0,0,54,0.9664351851851852,0
0.76056,4,0,0,0.0,29.025177002040436,0.812087000667816,29.050870001810836,0.2032442748091603,262,0,0,54,0.9710648148148148,0
0.789,4,0,0,0.0,28.41361800165032,0.8383580025110859,28.44209199975012,0.20247148288973382,263,0,0,55,0.9579545454545455,0
0.81821,4,0,0,0.0,29.18084599878057,0.8149789973685984,29.205355000158306,0.20170454545454541,264,0,0,55,0.9625,0
0.87236,5,1,98,24.572554997575935,29.53124999839929,1.1699500028043985,54.14780499995686,0.2867924528301887,265,0,0,62,0.9576612903225806,0
0.90168,5,0,0,0.0,29.282385999977123,0.8741029996599536,29.307695000170497,0.2857142857142857,266,0,0,62,0.9627016129032258,0
0.93114,5,0,0,0.0,29.431465998641215,0.90185099907103,29.454998002620414,0.28464419475655434,267,0,0,62,0.967741935483871,0
0.96029,5,0,0,0.0,29.121482999471482,0.8943780012486968,29.14545800013002,0.28358208955223885,268,0,0,62,0.9727822580645161,0
0.98966,5,0,0,0.0,29.33966399723431,0.9237989979737904,29.369021001912188,0.2825278810408922,269,0,0,63,0.9623015873015873,0
1.01901,5,0,0,0.0,29.31760099818348,0.9053470021171961,29.341007000766695,0.28148148148148144,270,0,0,63,0.9672619047619048,0
1.04738,5,0,0,0.0,28.34645599796204,0.9126820004894398,28.37068599910708,0.28044280442804426,271,0,0,63,0.9722222222222222,0
1.07659,5,0,0,0.0,29.17240199894877,0.8791929976723623,29.200929999205982,0.27941176470588236,272,0,0,64,0.9619140625,0
1.10774,5,0,0,0.0,31.123426000704058,0.9048869978869334,31.149493999691913,0.2783882783882784,273,0,0,65,0.9519230769230769,0
1.13689,5,0,0,0.0,29.12050799932331,0.9056499984581023,29.14529999907245,0.2773722627737226,274,0,0,65,0.9567307692307693,0
1.1661,5,0,0,0.0,29.17862300091656,0.9277530007238965,29.201468998508062,0.27636363636363637,275,0,0,65,0.9615384615384616,0
1.1951,5,0,0,0.0,28.974313998332946,0.8980290003819391,28.998398000112502,0.2753623188405797,276,0,0,65,0.9663461538461539,0
1.22451,5,0,0,0.0,29.37666000070749,0.9093699991353787,29.399787999864202,0.2743682310469314,277,0,0,65,0.9711538461538461,0
1.25358,5,0,0,0.0,29.045752999081742,0.9081940006581135,29.070183998555876,0.27338129496402874,278,0,0,65,0.9759615384615384,0
1.28199,5,0,0,0.0,28.369890998874325,0.8953760006988887,28.40606500103604,0.2724014336917563,279,0,0,67,0.9514925373134329,0
1.31174,5,0,0,0.0,29.717497000092408,1.19829700270202,29.740482998022344,0.27142857142857146,280,0,0,67,0.9561567164179104,0
1.34083,5,0,0,0.0,29.071364999254,0.9396659988851752,29.094665998854907,0.2704626334519573,281,0,0,67,0.960820895522388,0
1.37037,5,0,0,0.0,29.507101000490366,0.9388840007886756,29.532566000852967,0.2695035460992907,282,0,0,67,0.9654850746268657,0
1.39961,5,0,0,0.0,29.212305002147332,0.9442129994567949,29.23771600035252,0.26855123674911663,283,0,0,67,0.9701492537313433,0
1.42901,5,0,0,0.0,29.362833996856352,0.917631001357222,29.3942899988906,0.2676056338028169,284,0,0,49,0.9693877551020408,0
1.45806,4,0,0,0.0,29.019503999734297,0.8075339974311646,29.047297000943217,0.29104477611940294,268,0,0,50,0.955,0
1.48683,4,0,0,0.0,28.736217998812208,0.7971349987201393,28.75986600338365,0.28996282527881045,269,0,0,50,0.96,0
1.5159,4,0,0,0.0,29.041605001111748,0.8072500022535678,29.0651909999724,0.28888888888888886,270,0,0,50,0.965,0
1.54412,4,0,0,0.0,28.196588998980587,0.8115050004562363,28.219104999152478,0.2878228782287823,271,0,0,50,0.97,0
1.57285,4,0,0,0.0,28.698432000965113,0.7917240000097081,28.7223150007776,0.2867647058823529,272,0,0,51,0.9558823529411765,0
1.60198,4,0,0,0.0,29.104788998665754,0.7980549999047071,29.13871200144058,0.2857142857142857,273,0,0,51,0.9607843137254902,0
1.63105,4,0,0,0.0,29.035743998974795,0.8143609993567225,29.05957000257331,0.2846715328467153,274,0,0,51,0.9656862745098039,0
1.6854,5,1,146,25.103043000854086,29.191819001425756,0.8890070021152496,54.33937199995853,0.32072727272727275,275,0,0,61,0.9620901639344263,0
1.7147,5,0,0,0.0,29.271184997924138,0.9148979988822248,29.29497600052855,0.3195652173913044,276,0,0,61,0.9672131147540983,0
1.74363,5,0,0,0.0,28.90513300008024,0.8993459996418096,28.926557002705522,0.31841155234657037,277,0,0,61,0.9723360655737705,0
1.77272,5,0,0,0.0,29.059055999823613,0.8787440019659698,29.089264000504045,0.3172661870503597,278,0,0,63,0.9464285714285714,0
1.80156,5,0,0,0.0,28.808864000893664,0.9083469994948246,28.834133998316247,0.31612903225806455,279,0,0,63,0.9513888888888888,0
1.83147,5,0,0,0.0,29.878206998546375,0.9042190031323116,29.902345999289537,0.31499999999999995,280,0,0,63,0.9563492063492064,0
1.86076,5,0,0,0.0,29.26838100029272,0.9125680007855408,29.294834999745945,0.3138790035587189,281,0,0,63,0.9613095238095238,0
1.88994,5,0,0,0.0,29.147399000066798,0.9550969989504665,29.174602997954935,0.31276595744680846,282,0,0,63,0.9662698412698413,0
1.91913,5,0,0,0.0,29.161034002754604,0.9346810002170969,29.185307001171168,0.31166077738515896,283,0,0,63,0.9712301587301587,0
1.94827,5,0,0,0.0,29.107393998856423,0.9307679974881466,29.134385000361362,0.31056338028169017,284,0,0,64,0.9609375,0
2.00276,6,1,207,24.97102300185361,29.472530997736612,1.2289439982851036,54.48514800082194,0.3035087719298246,285,0,0,77,0.9715909090909091,0
2.03219,6,0,0,0.0,29.393000997515628,1.0407269983261358,29.420228998787934,0.3024475524475524,286,0,0,78,0.9639423076923077,0
2.06077,6,0,0,0.0,28.548979997140123,1.0374230005254503,28.571998002007604,0.3013937282229965,287,0,0,78,0.96875,0
2.09028,6,0,0,0.0,29.480978999345098,1.0487370018381625,29.507844999898225,0.3003472222222222,288,0,0,79,0.9612341772151899,0
2.12109,6,0,0,0.0,30.78340499996557,1.056727000104729,30.812829001661157,0.2993079584775087,289,0,0,80,0.95390625,0
2.1524,6,0,0,0.0,31.276229001377942,1.08315100078471,31.302846000471618,0.2982758620689655,290,0,0,80,0.95859375,0
2.18374,6,0,0,0.0,31.30594799949904,1.0572400024102535,31.334171999333194,0.29725085910652926,291,0,0,80,0.96328125,0
2.21329,6,0,0,0.0,29.514873000152875,1.082808001228841,29.539715997088933,0.2962328767123288,292,0,0,80,0.96796875,0
2.24309,6,0,0,0.0,29.774441998597467,1.0736780022853054,29.80110999851604,0.2952218430034129,293,0,0,80,0.97265625,0
2.2731,6,0,0,0.0,29.972967997309752,1.0548909995122813,30.000727998412913,0.29421768707483,294,0,0,82,0.9535060975609756,0
2.30246,6,0,0,0.0,29.328234999411507,1.3260149971756618,29.35360499759554,0.2932203389830509,295,0,0,82,0.958079268292683,0
2.33256,6,0,0,0.0,30.075001002842328,1.0476809984538704,30.10056700077257,0.2922297297297297,296,0,0,82,0.9626524390243902,0
2.38815,7,1,228,24.844150997523684,30.67995899982634,1.553822003188543,55.57696400137502,0.2828282828282829,297,0,0,78,0.9615384615384616,0
2.41891,6,0,0,0.0,30.737298002350144,1.0419680002087262,30.761393001739634,0.23076923076923073,260,0,0,78,0.9663461538461539,0
2.44886,6,0,0,0.0,29.92041200195672,1.0466979983903002,29.94527500050026,0.22988505747126442,261,0,0,78,0.9711538461538461,0
2.47864,6,0,0,0.0,29.746552001597593,1.0329180004191585,29.77436299988767,0.2290076335877863,262,0,0,79,0.9636075949367089,0
2.50718,6,0,0,0.0,28.515333997347625,1.0291869984939694,28.539053000713466,0.22813688212927752,263,0,0,79,0.9683544303797469,0
2.5359,6,0,0,0.0,28.682347998255864,1.005447000352433,28.710662001685705,0.2272727272727273,264,0,0,80,0.9609375,0
2.56465,6,0,0,0.0,28.716557997540804,1.0220869990007486,28.742915001203073,0.2264150943396226,265,0,0,80,0.965625,0
2.5932,6,0,0,0.0,28.521740998257883,1.0025439987657592,28.54597799887415,0.22556390977443608,266,0,0,80,0.9703125,0
2.6222,6,0,0,0.0,28.96568999858573,1.0098439997818787,29.001270999287954,0.2247191011235955,267,0,0,69,0.9655797101449275,0
2.65088,5,0,0,0.0,28.646080998441903,0.9346810002170969,28.670745999988867,0.20447761194029845,268,0,0,69,0.970108695652174,0
2.67966,5,0,0,0.0,28.753480000887066,0.936354001169093,28.77955199801363,0.20371747211895908,269,0,0,69,0.9746376811594203,0
2.7089,5,0,0,0.0,29.210712000349304,0.9128739984589629,29.23433800242492,0.202962962962963,270,0,0,69,0.9791666666666666,0
2.73711,5,0,0,0.0,28.182572998048272,0.9520420026092324,28.210424999997485,0.20221402214022144,271,0,0,70,0.9696428571428571,0
2.76573,5,0,0,0.0,28.583183000591816,0.9391379971930292,28.612307000003057,0.20147058823529407,272,0,0,72,0.9470486111111112,0
2.79445,5,0,0,0.0,28.68449299785425,0.9365090008941479,28.710645998216933,0.20073260073260069,273,0,0,72,0.9513888888888888,0
2.82327,5,0,0,0.0,28.783567002392374,0.9210079988406505,28.81074200195144,0.19999999999999996,274,0,0,72,0.9557291666666666,0
2.85193,5,0,0,0.0,28.63428600176121,0.9543200030748267,28.661270000156946,0.19927272727272727,275,0,0,72,0.9600694444444444,0
2.88234,5,0,0,0.0,30.363801997737028,0.9537850019114558,30.409625000174856,0.1985507246376812,276,0,0,72,0.9644097222222222,0
2.91183,5,0,0,0.0,29.44521500103292,0.957748998189345,29.470854002283886,0.19783393501805058,277,0,0,72,0.96875,0
2.94067,5,0,0,0.0,28.81443899968872,0.9671959996921942,28.84072499728063,0.19712230215827342,278,0,0,72,0.9730902777777778,0
2.96891,5,0,0,0.0,28.21504099847516,0.9920439988491125,28.241085998160997,0.19641577060931903,279,0,0,72,0.9774305555555556,0
2.99767,5,0,0,0.0,28.719233003357658,0.9635539972805418,28.745711999363266,0.19571428571428573,280,0,0,73,0.9683219178082192,0
3.02672,5,0,0,0.0,29.02388000075007,0.9382850003021304,29.047878000710625,0.19501779359430604,281,0,0,73,0.9726027397260274,0
3.05537,5,0,0,0.0,28.62004800044815,0.9674620014266111,28.644581001572078,0.19432624113475172,282,0,0,73,0.9768835616438356,0
3.08409,5,0,0,0.0,28.68877400032943,0.9424780000699684,28.717626999423373,0.19363957597173143,283,0,0,74,0.9679054054054054,0
3.11311,5,0,0,0.0,28.991667000809684,0.9708799989311956,29.014712999924086,0.1929577464788732,284,0,0,74,0.9721283783783784,0
3.14179,5,0,0,0.0,28.648273000726476,0.9802220010897145,28.672281001490774,0.19228070175438594,285,0,0,74,0.9763513513513513,0
3.17046,5,0,0,0.0,28.648324001551373,0.9591929992893711,28.67363500263309,0.1916083916083916,286,0,0,74,0.9805743243243243,0
3.1985,5,0,0,0.0,28.008467001200188,0.957438001933042,28.035452000040095,0.1909407665505226,287,0,0,75,0.9716666666666667,0
3.22715,5,0,0,0.0,28.611975998501293,0.9369729996251408,28.636269002163317,0.19027777777777777,288,0,0,77,0.950487012987013,0
3.25593,5,0,0,0.0,28.742523998516845,0.9485119990131352,28.76771899900632,0.18961937716262978,289,0,0,77,0.9545454545454546,0
3.28461,5,0,0,0.0,28.647409002587665,0.9849829984887037,28.67251800125814,0.18896551724137933,290,0,0,77,0.9586038961038961,0
3.3134,5,0,0,0.0,28.76382100293995,0.954924998950446,28.78755400161026,0.18831615120274914,291,0,0,77,0.9626623376623377,0
3.34216,5,0,0,0.0,28.73001099942485,0.9632420005800668,28.75561399923754,0.18767123287671228,292,0,0,77,0.9667207792207793,0
3.37072,5,0,0,0.0,28.533828000945505,0.9811309973883908,28.556907000165666,0.18703071672354954,293,0,0,77,0.9707792207792207,0
3.39948,5,0,0,0.0,28.73195799838868,0.9715960004541557,28.75867799957632,0.1863945578231293,294,0,0,77,0.9748376623376623,0
3.42762,5,0,0,0.0,28.10042100099963,0.9709639998618513,28.12395200089668,0.18576271186440674,295,0,0,77,0.9788961038961039,0
3.45613,5,0,0,0.0,28.48830299990368,0.9688530008133966,28.515220998087898,0.18513513513513513,296,0,0,78,0.9703525641025641,0
3.4848,5,0,0,0.0,28.638486001000274,0.9796499980438966,28.66382499996689,0.18451178451178452,297,0,0,78,0.9743589743589743,0
3.5135,5,0,0,0.0,28.665606001595734,0.9944859993993305,28.6953060021915,0.18389261744966445,298,0,0,66,0.9791666666666666,0
3.54198,4,0,0,0.0,28.444808998756343,0.8611850025772583,28.47075400131871,0.13545150501672243,299,0,0,67,0.9682835820895522,0
3.57048,4,0,0,0.0,28.480429002229357,0.8840269983920734,28.50425699944026,0.135,300,0,0,67,0.9720149253731343,0
3.59885,4,0,0,0.0,28.336739000224043,0.8615160004410427,28.360954998788657,0.13455149501661134,301,0,0,67,0.9757462686567164,0
3.62741,4,0,0,0.0,28.52871600043727,0.8746510029595811,28.5518749988114,0.13410596026490063,302,0,0,67,0.9794776119402985,0
3.65526,4,0,0,0.0,27.813275999506004,0.8711349983059336,27.84818500003894,0.13366336633663367,303,0,0,68,0.96875,0
3.6841,4,0,0,0.0,28.805934001866262,0.8731509988137987,28.832811000029324,0.13322368421052633,304,0,0,69,0.9583333333333334,0
3.71287,4,0,0,0.0,28.739833000145154,0.8886459982022643,28.763212001649663,0.13278688524590165,305,0,0,69,0.9619565217391305,0
3.7412,4,0,0,0.0,28.305955998803256,0.8975169985205866,28.328332999080885,0.13235294117647056,306,0,0,69,0.9655797101449275,0
3.79473,5,1,174,24.67707799951313,28.812698998081032,0.9961279974959325,53.53168999863556,0.19218241042345274,307,0,0,80,0.97265625,0
3.82372,5,0,0,0.0,28.947688999323873,1.0189379972871393,28.981859999476,0.1915584415584416,308,0,0,63,0.9732142857142857,0
3.8522,4,0,0,0.0,28.44647700112546,0.8523290016455576,28.473378999478882,0.2063106796116505,309,0,0,64,0.9619140625,0
3.88262,4,0,0,0.0,30.373735000466695,0.883240998518886,30.40731800138019,0.20564516129032262,310,0,0,44,0.9630681818181818,0
3.91177,3,0,0,0.0,29.12512200055062,0.8315480008604936,29.148626999813132,0.19285714285714284,280,0,0,44,0.9673295454545454,0
3.94005,3,0,0,0.0,28.252111998881446,0.7496539983549155,28.27460499975132,0.19217081850533813,281,0,0,44,0.9715909090909091,0
3.96866,3,0,0,0.0,28.58060400103568,0.7357369977398776,28.60672200040426,0.19148936170212771,282,0,0,44,0.9758522727272727,0
3.99705,3,0,0,0.0,28.36246000151732,0.7707939985266421,28.38606400109711,0.19081272084805656,283,0,0,44,0.9801136363636364,0
4.02542,3,0,0,0.0,28.33814100085874,0.7520819999626838,28.36444399872562,0.1901408450704225,284,0,0,45,0.9625,0
4.05375,3,0,0,0.0,28.30501299831667,0.733777997083962,28.32835400113254,0.18947368421052635,285,0,0,45,0.9666666666666667,0
4.08203,3,0,0,0.0,28.249481998500414,0.7496990001527593,28.27521699873614,0.18881118881118886,286,0,0,45,0.9708333333333333,0
4.11001,3,0,0,0.0,27.946982001594733,0.7546150009147823,27.97174299848848,0.18815331010452963,287,0,0,45,0.975,0
4.13866,3,0,0,0.0,28.6217979992216,0.7656560010218527,28.64769300140324,0.1875,288,0,0,46,0.9578804347826086,0
4.16696,3,0,0,0.0,28.27637700102059,0.7553180003014859,28.298100998654263,0.18685121107266434,289,0,0,46,0.9619565217391305,0
4.19637,3,0,0,0.0,29.37213699988206,0.7708209996053483,29.40269700047793,0.18620689655172418,290,0,0,46,0.9660326086956522,0
4.22573,3,0,0,0.0,29.33295499678934,0.7598759984830394,29.356628001551144,0.18556701030927836,291,0,0,46,0.970108695652174,0
4.25415,3,0,0,0.0,28.386157002387336,0.7582840007671621,28.41094499672181,0.18493150684931503,292,0,0,46,0.9741847826086957,0
4.2828,3,0,0,0.0,28.62792999803787,0.7928580016596243,28.652361001149984,0.1843003412969283,293,0,0,46,0.9782608695652174,0
4.31113,3,0,0,0.0,28.293370000028517,0.7700499991187826,28.32076399863581,0.18367346938775508,294,0,0,47,0.961436170212766,0
4.33921,3,0,0,0.0,28.05256500141695,0.7962220006447751,28.077868999389466,0.18305084745762712,295,0,0,47,0.9654255319148937,0
4.36766,3,0,0,0.0,28.42185800182051,0.7638649985892698,28.446409000025596,0.18243243243243246,296,0,0,47,0.9694148936170213,0
4.39608,3,0,0,0.0,28.387320002366323,0.760383001761511,28.411216000677086,0.18181818181818177,297,0,0,47,0.973404255319149,0
4.42491,3,0,0,0.0,28.790003998437896,0.7562110004073475,28.81200699994224,0.18120805369127513,298,0,0,47,0.9773936170212766,0
4.45308,3,0,0,0.0,28.144547999545466,0.7725959985691588,28.167323998786742,0.1806020066889632,299,0,0,47,0.9813829787234043,0
4.48114,3,0,0,0.0,28.031221001583617,0.7409970021399204,28.057104002073174,0.18000000000000005,300,0,0,48,0.96484375,0
4.50954,3,0,0,0.0,28.37019900107407,0.7691720020375215,28.393872002197895,0.17940199335548168,301,0,0,48,0.96875,0
4.53793,3,0,0,0.0,28.361513999698218,0.7358439979725517,28.3833430003142,0.17880794701986757,302,0,0,48,0.97265625,0
4.56579,3,0,0,0.0,27.835679000418168,0.7645820005564019,27.860756999871228,0.17821782178217827,303,0,0,48,0.9765625,0
4.59451,3,0,0,0.0,28.68732299975818,0.7811959985701833,28.71510200202465,0.17763157894736847,304,0,0,49,0.9604591836734694,0
4.62309,3,0,0,0.0,28.548456997668836,0.7435019979311619,28.57054600099218,0.17704918032786887,305,0,0,49,0.9642857142857143,0
4.65184,3,0,0,0.0,28.721400998620084,0.7723970011284109,28.745083000103477,0.17647058823529416,306,0,0,49,0.9681122448979592,0
4.6803,3,0,0,0.0,28.42972999860649,0.7917690018075518,28.4550649994344,0.17589576547231267,307,0,0,49,0.9719387755102041,0
4.7089,3,0,0,0.0,28.57444300025236,0.7792140022502281,28.60143399811932,0.17532467532467533,308,0,0,49,0.9757653061224489,0
4.73772,3,0,0,0.0,28.784402999008307,0.7925600002636202,28.807022998080356,0.1747572815533981,309,0,0,49,0.9795918367346939,0
4.76605,3,0,0,0.0,28.309558001637924,0.7822640000085812,28.3346670003084,0.17419354838709677,310,0,0,50,0.96375,0
4.79392,3,0,0,0.0,27.835026998218382,0.7787599970470183,27.861002999998163,0.1736334405144695,311,0,0,50,0.9675,0
4.82268,3,0,0,0.0,28.73402399927727,0.7888649997767061,28.756604999216506,0.17307692307692313,312,0,0,50,0.97125,0
4.85178,3,0,0,0.0,29.068020998238353,0.7834829993953463,29.09182899747975,0.17252396166134187,313,0,0,50,0.975,0
4.88313,3,0,0,0.0,31.317748998844763,0.7878239994170144,31.350270000984892,0.1719745222929936,314,0,0,50,0.97875,0
4.91249,3,0,0,0.0,29.332018002605764,0.8988699992187321,29.357797000557184,0.17142857142857137,315,0,0,50,0.9825,0
4.94147,3,0,0,0.0,28.94448100050795,0.7799390004947782,28.97117699831142,0.1708860759493671,316,0,0,51,0.9669117647058824,0
4.97027,3,0,0,0.0,28.75789500103565,0.7690730017202441,28.79016299993964,0.17034700315457418,317,0,0,51,0.9705882352941176,0
4.99904,3,0,0,0.0,28.742643000441603,0.7841880033083726,28.767428997525712,0.16981132075471694,318,0,0,51,0.9742647058823529,0
5.02731,3,0,0,0.0,28.24155500275083,0.8007920005184133,28.263963999052066,0.16927899686520376,319,0,0,51,0.9779411764705882,0
5.05595,3,0,0,0.0,28.609285000129603,0.761641000281088,28.63546300068265,0.16874999999999996,320,0,0,52,0.9627403846153846,0
5.08427,3,0,0,0.0,28.29768500305363,0.7869830005802214,28.321566998783965,0.16822429906542058,321,0,0,52,0.9663461538461539,0
5.11279,3,0,0,0.0,28.470801997173112,0.7655970002815593,28.495734000898665,0.16770186335403725,322,0,0,52,0.9699519230769231,0
5.1413,3,0,0,0.0,28.47774399924674,0.7781439999234863,28.501021002739435,0.16718266253869973,323,0,0,52,0.9735576923076923,0
5.16951,3,0,0,0.0,28.186787996673957,0.770721999288071,28.209447998960968,0.16666666666666663,324,0,0,52,0.9771634615384616,0
5.19768,3,0,0,0.0,28.13860500100418,0.7677879984839819,28.160975998616777,0.1661538461538462,325,0,0,52,0.9807692307692307,0
5.226,3,0,0,0.0,28.289084999414627,0.7688909972785041,28.319206001469865,0.16564417177914115,326,0,0,36,0.9583333333333334,0
5.25348,2,0,0,0.0,27.452866001112852,0.6868470009067096,27.476972001750255,0.15596330275229353,327,0,0,36,0.9618055555555556,0
5.28173,2,0,0,0.0,28.226938000443624,0.6755420035915449,28.250847000890644,0.1554878048780488,328,0,0,36,0.9652777777777778,0
5.30985,2,0,0,0.0,28.08233800169546,0.6972279988985974,28.10401699753129,0.1550151975683891,329,0,0,36,0.96875,0
5.33803,2,0,0,0.0,28.161840000393568,0.6824529991718009,28.182679001474753,0.15454545454545454,330,0,0,36,0.9722222222222222,0
5.36609,2,0,0,0.0,28.033533999405336,0.6925759989826474,28.05497399822343,0.15407854984894265,331,0,0,36,0.9756944444444444,0
5.39428,2,0,0,0.0,28.164819999801693,0.7020379998721182,28.18887899775291,0.15361445783132532,332,0,0,36,0.9791666666666666,0
5.42314,2,0,0,0.0,28.821885000070324,0.7094339998729993,28.844658001617063,0.15315315315315314,333,0,0,36,0.9826388888888888,0
5.45183,2,0,0,0.0,28.669671999523416,0.72241199814016,28.693645999737782,0.15269461077844315,334,0,0,36,0.9861111111111112,0
5.47974,2,0,0,0.0,27.875157000380568,0.7300540019059554,27.90037399972789,0.15223880597014927,335,0,0,36,0.9895833333333334,0
5.50816,2,0,0,0.0,28.38773300027242,0.7050770000205375,28.413789998012362,0.1517857142857143,336,0,0,37,0.9662162162162162,0
5.53654,2,0,0,0.0,28.353232999506872,0.7062990007398184,28.373183002258884,0.1513353115727003,337,0,0,37,0.9695945945945946,0
5.56485,2,0,0,0.0,28.289249999943422,0.6743090016243514,28.311570997175295,0.15088757396449703,338,0,0,37,0.972972972972973,0
5.59306,2,0,0,0.0,28.171817000838928,0.7004429971857462,28.20161899944651,0.1504424778761062,339,0,0,15,0.9916666666666667,0
5.61647,1,0,0,0.0,23.38875200075563,0.5745679991377983,23.409311997966142,0.0,238,0,0,15,0.9958333333333333,0
5.63964,1,0,0,0.0,23.147527997934958,0.5633330001728609,23.169153999333503,0.0,239,0,0,15,1.0,0
5.66273,1,0,0,0.0,23.063491000357317,0.5452350014820695,23.08520099904854,0.0,240,0,0,16,0.94140625,0
5.68576,1,0,0,0.0,23.007092997431755,0.5414599982032087,23.027739000099245,0.0,241,0,0,16,0.9453125,0
5.70885,1,0,0,0.0,23.06668500023079,0.5798909987788647,23.087866000423674,0.0,242,0,0,16,0.94921875,0
5.73248,1,0,0,0.0,23.598095001943875,0.5695059990102891,23.620490999746835,0.0,243,0,0,16,0.953125,0
5.75563,1,0,0,0.0,23.125394000089727,0.5810469992866274,23.14566299901344,0.0,244,0,0,16,0.95703125,0
5.77864,1,0,0,0.0,22.989940000115894,0.535340001079021,23.010251999949105,0.0,245,0,0,16,0.9609375,0
5.80173,1,0,0,0.0,23.05579200037755,0.539652999577811,23.082770996552426,0.0,246,0,0,0,0.0,0
6.81259,1,1,98,25.805042998399585,23.88750499812886,0.5232549992797431,49.74521899930551,0.0,98,0,0,7,0.8839285714285714,0
6.83651,1,0,0,0.0,23.87647900104639,0.5184390029171482,23.898562998510897,0.0,99,0,0,7,0.8928571428571429,0
6.86016,1,0,0,0.0,23.620062002009945,0.5016760005673859,23.64188800129341,0.0,100,0,0,7,0.9017857142857143,0
6.88667,1,0,0,0.0,26.489368003240088,0.5333150002115872,26.51359800074715,0.0,101,0,0,7,0.9107142857142857,0
6.91052,1,0,0,0.0,23.82034800029942,0.5210250019445084,23.844078001275193,0.0,102,0,0,7,0.9196428571428571,0
6.93447,1,0,0,0.0,23.918793001939775,0.5179059990041424,23.93974499864271,0.0,103,0,0,7,0.9285714285714286,0
6.95827,1,0,0,0.0,23.775099001795752,0.5046400001447182,23.796305002178997,0.0,104,0,0,7,0.9375,0
6.98223,1,0,0,0.0,23.932922002131818,0.5432969992398284,23.955448999913642,0.0,105,0,0,7,0.9464285714285714,0
7.00584,1,0,0,0.0,23.579349002829986,0.5457560000650119,23.603027999342885,0.0,106,0,0,7,0.9553571428571429,0
7.0295,1,0,0,0.0,23.630294999748003,0.5375939981604461,23.651070001506014,0.0,107,0,0,7,0.9642857142857143,0
7.05299,1,0,0,0.0,23.46576500349329,0.5062560012447648,23.486954996769782,0.0,108,0,0,7,0.9732142857142857,0
7.07652,1,0,0,0.0,23.511963998316787,0.5408959987107664,23.532567000074778,0.0,109,0,0,7,0.9821428571428571,0
7.10016,1,0,0,0.0,23.615026999323163,0.508691999129951,23.63572399917757,0.0,110,0,0,7,0.9910714285714286,0
7.1238,1,0,0,0.0,23.61388999997871,0.5332969994924497,23.63413399871206,0.0,111,0,0,7,1.0,0
7.14712,1,0,0,0.0,23.28770600070129,0.5360840004868805,23.30940899992129,0.0,112,0,0,8,0.8828125,0
7.17055,1,0,0,0.0,23.409394001646433,0.5214969969529193,23.429504999512574,0.0,113,0,0,8,0.890625,0
7.19394,1,0,0,0.0,23.370038001303328,0.5038090021116659,23.389785001199925,0.0,114,0,0,8,0.8984375,0
7.21735,1,0,0,0.0,23.38503000282799,0.5249280002317391,23.40617699883296,0.0,115,0,0,8,0.90625,0
7.24082,1,0,0,0.0,23.44288599852007,0.5082099996798206,23.46165299968561,0.0,116,0,0,8,0.9140625,0
7.2642,1,0,0,0.0,23.35304799998994,0.5330290005076677,23.37133200126118,0.0,117,0,0,8,0.921875,0
7.28789,1,0,0,0.0,23.66935700047179,0.5167429990251549,23.688265999226132,0.0,118,0,0,8,0.9296875,0
7.31106,1,0,0,0.0,23.154992999479873,0.5274479990475811,23.17471599963028,0.0,119,0,0,8,0.9375,0
7.33547,1,0,0,0.0,24.38082400112762,0.5246510008873884,24.49177100061206,0.0,120,0,0,8,0.9453125,0
7.36079,1,0,0,0.0,25.203965000400785,0.5734879996452946,25.24335400084965,0.0,121,0,0,8,0.953125,0
7.38482,1,0,0,0.0,23.981201000424335,0.5962110008113086,24.005410999961896,0.0,122,0,0,8,0.9609375,0
7.4086,1,0,0,0.0,23.752691002300708,0.5545589992834721,23.778120998031227,0.0,123,0,0,8,0.96875,0
7.43235,1,0,0,0.0,23.702662001596764,0.5681439979525749,23.73928900124156,0.0,124,0,0,8,0.9765625,0
7.45577,1,0,0,0.0,23.40094700048212,0.565770998946391,23.425307997968048,0.0,125,0,0,8,0.984375,0
7.47899,1,0,0,0.0,23.184256002423353,0.5668670019076671,23.21483400010038,0.0,126,0,0,8,0.9921875,0
7.50206,1,0,0,0.0,23.0439769984514,0.532750000274973,23.06569699794636,0.0,127,0,0,8,1.0,0
7.52511,1,0,0,0.0,23.01850900039426,0.5239220008661505,23.041432999889366,0.0,128,0,0,9,0.8958333333333334,0
7.54813,1,0,0,0.0,22.997232001216616,0.5260860016278457,23.017638999590417,0.0,129,0,0,9,0.9027777777777778,0
7.57115,1,0,0,0.0,22.992212001554435,0.5179749969101977,23.014596998109482,0.0,130,0,0,9,0.9097222222222222,0
7.59436,1,0,0,0.0,23.1696880000527,0.5316539973136969,23.193422999611357,0.0,131,0,0,9,0.9166666666666666,0
7.61775,1,0,0,0.0,23.361233001196524,0.5307629980961792,23.38510199842858,0.0,132,0,0,9,0.9236111111111112,0
7.64115,1,0,0,0.0,23.37344099942129,0.5729510012315586,23.396350999973947,0.0,133,0,0,9,0.9305555555555556,0
7.66446,1,0,0,0.0,23.285178998776246,0.5483679997269064,23.30865999829257,0.0,134,0,0,9,0.9375,0
7.6879,1,0,0,0.0,23.407046999636805,0.5493520002346486,23.42957899963949,0.0,135,0,0,9,0.9444444444444444,0
7.71139,1,0,0,0.0,23.4674260027532,0.5580990000453312,23.49214100104291,0.0,136,0,0,9,0.9513888888888888,0
7.73573,1,0,0,0.0,24.306708000949584,0.5725020018871874,24.3288109995774,0.0,137,0,0,9,0.9583333333333334,0
7.75917,1,0,0,0.0,23.418750999553595,0.5551829999603797,23.442211000656243,0.0,138,0,0,9,0.9652777777777778,0
7.78255,1,0,0,0.0,23.345009998593014,0.5640320014208555,23.36900799855357,0.0,139,0,0,9,0.9722222222222222,0
7.80583,1,0,0,0.0,23.252276001585415,0.545371000043815,23.27621099902899,0.0,140,0,0,9,0.9791666666666666,0
7.82942,1,0,0,0.0,23.564276998513378,0.5633009968732949,23.586367999087088,0.0,141,0,0,9,0.9861111111111112,0
7.85288,1,0,0,0.0,23.430884000845253,0.5558400007430464,23.456405997421825,0.0,142,0,0,9,0.9930555555555556,0
7.87775,1,0,0,0.0,24.836083000991493,0.5613899993477389,24.860852001438616,0.0,143,0,0,9,1.0,0
7.90236,1,0,0,0.0,24.583303998952033,0.615909000771353,24.610236996522872,0.0,144,0,0,10,0.90625,0
7.92574,1,0,0,0.0,23.35535800011712,0.5504720029421151,23.375649001536658,0.0,145,0,0,10,0.9125,0
7.94903,1,0,0,0.0,23.257176999322837,0.5345660028979182,23.27878700089059,0.0,146,0,0,10,0.91875,0
7.973,1,0,0,0.0,23.951443999976618,0.5313139990903437,23.976881999260513,0.0,147,0,0,10,0.925,0
7.99781,1,0,0,0.0,24.7802000012598,0.7714610001130495,24.80329299942241,0.0,148,0,0,10,0.93125,0
8.02121,1,0,0,0.0,23.37344999978086,0.5633689979731571,23.395644999254728,0.0,149,0,0,10,0.9375,0
8.04483,1,0,0,0.0,23.594113998115063,0.5409900004451629,23.614681002072757,0.0,150,0,0,10,0.94375,0
8.0683,1,0,0,0.0,23.444626000127755,0.5495920013345312,23.4673249979096,0.0,151,0,0,10,0.95,0
8.09205,1,0,0,0.0,23.722578000160865,0.5368810016079806,23.74704700196162,0.0,152,0,0,10,0.95625,0
8.11571,1,0,0,0.0,23.62835600069957,0.5686650001734961,23.650915998587152,0.0,153,0,0,10,0.9625,0
8.13932,1,0,0,0.0,23.57611200204701,0.5473349992826115,23.597187999257585,0.0,154,0,0,10,0.96875,0
8.16289,1,0,0,0.0,23.53102699998999,0.5312510002113413,23.56707400031155,0.0,155,0,0,10,0.975,0
8.18653,1,0,0,0.0,23.617456001375103,0.5894229980185628,23.639742001250852,0.0,156,0,0,10,0.98125,0
8.21013,1,0,0,0.0,23.573147002025507,0.5476160004036501,23.59505300046294,0.0,157,0,0,10,0.9875,0
8.23446,1,0,0,0.0,24.303971000335878,0.5585609978879802,24.325028996827314,0.0,158,0,0,10,0.99375,0
8.25774,1,0,0,0.0,23.25682000082452,0.5575380018854048,23.278569999092724,0.0,159,0,0,10,1.0,0
8.28101,1,0,0,0.0,23.239232003106736,0.5324429985194001,23.26944499873207,0.0,160,0,0,11,0.9147727272727273,0
8.30446,1,0,0,0.0,23.416140000335872,0.5488969982252456,23.438756001269212,0.0,161,0,0,11,0.9204545454545454,0
8.32815,1,0,0,0.0,23.66108799833455,0.5437020008685067,23.682651000854094,0.0,162,0,0,11,0.9261363636363636,0
8.35155,1,0,0,0.0,23.378439000225626,0.5707510026695672,23.40127099887468,0.0,163,0,0,11,0.9318181818181818,0
8.37484,1,0,0,0.0,23.265698000614066,0.5403379982453771,23.288052001589676,0.0,164,0,0,11,0.9375,0
8.39813,1,0,0,0.0,23.259551999217365,0.5488409988174681,23.283078997337725,0.0,165,0,0,11,0.9431818181818182,0
8.42189,1,0,0,0.0,23.72659799948451,0.5571259971475229,23.750890002702363,0.0,166,0,0,11,0.9488636363636364,0
8.47891,3,2,308,28.617115000088234,28.3479690006061,0.6354610013659112,57.00977499873261,0.08477842003853564,173,0,0,31,0.9637096774193549,0
8.50745,3,0,0,0.0,28.51448699948378,0.6750950014975388,28.53932800280745,0.08429118773946365,174,0,0,31,0.969758064516129,0
8.5355,3,0,0,0.0,28.02034799969988,0.679896998917684,28.04255899900454,0.08380952380952378,175,0,0,31,0.9758064516129032,0
8.56376,3,0,0,0.0,28.228183000464924,0.6672879972029477,28.253374999621883,0.08333333333333337,176,0,0,32,0.951171875,0
8.5921,3,0,0,0.0,28.318127999227727,0.6661529987468384,28.34167499895557,0.08286252354048962,177,0,0,32,0.95703125,0
8.62074,3,0,0,0.0,28.60637299818336,0.679781998769613,28.631949997361517,0.08239700374531833,178,0,0,32,0.962890625,0
8.64914,3,0,0,0.0,28.378094000800047,0.7072039988997858,28.400303002854344,0.08193668528864062,179,0,0,32,0.96875,0
8.67749,3,0,0,0.0,28.315037001448218,0.6755329995939974,28.338635002000956,0.08148148148148149,180,0,0,32,0.974609375,0
8.70594,3,0,0,0.0,28.42728199902922,0.668037999275839,28.45104299922241,0.08103130755064458,181,0,0,32,0.98046875,0
8.73437,3,0,0,0.0,28.39814899925841,0.69529699976556,28.423505002137972,0.08058608058608063,182,0,0,34,0.9283088235294118,0
8.76222,3,0,0,0.0,27.8209030002472,0.6813340005464852,27.844886000821134,0.08014571948998184,183,0,0,34,0.9338235294117647,0
8.79081,3,0,0,0.0,28.564775999257108,0.7351700005528983,28.58768000078271,0.07971014492753625,184,0,0,34,0.9393382352941176,0
8.81936,3,0,0,0.0,28.517056001874153,0.6949869966774713,28.541955001855968,0.07927927927927925,185,0,0,34,0.9448529411764706,0
8.84786,3,0,0,0.0,28.471691999584436,0.6811269995523617,28.49383799912175,0.07885304659498205,186,0,0,34,0.9503676470588235,0
8.87768,3,0,0,0.0,29.789830001391238,0.6863260023237672,29.81838200139464,0.07843137254901966,187,0,0,34,0.9558823529411765,0
8.90712,3,0,0,0.0,29.407527999865124,0.7727970005362295,29.434544001560425,0.07801418439716312,188,0,0,34,0.9613970588235294,0
8.93567,3,0,0,0.0,28.525010002340423,0.6871170007798355,28.54709000166622,0.07760141093474426,189,0,0,34,0.9669117647058824,0
8.96423,3,0,0,0.0,28.53061000132584,0.6975360010983422,28.554769000038505,0.07719298245614037,190,0,0,34,0.9724264705882353,0
8.99243,3,0,0,0.0,28.169564000563696,0.6809650003560819,28.199237000080757,0.07678883071553233,191,0,0,22,0.9829545454545454,0
9.02121,2,0,0,0.0,28.743610997480573,0.6204060009622481,28.770292999979574,0.09895833333333337,192,0,0,23,0.9456521739130435,0
9.04971,2,0,0,0.0,28.472434998548124,0.6360660008795094,28.4947629988892,0.0984455958549223,193,0,0,23,0.9510869565217391,0
9.07819,2,0,0,0.0,28.455779000069015,0.6368700014718343,28.47999999721651,0.09793814432989689,194,0,0,23,0.9565217391304348,0
9.10675,2,0,0,0.0,28.534320001199376,0.6414519993995782,28.559235997818178,0.09743589743589742,195,0,0,23,0.9619565217391305,0
9.1351,2,0,0,0.0,28.31201800290728,0.64366700098617,28.33418999944115,0.09693877551020413,196,0,0,23,0.967391304347826,0
9.16358,2,0,0,0.0,28.459986999223474,0.6399369995051529,28.484487000241643,0.09644670050761417,197,0,0,23,0.9728260869565217,0
9.19219,2,0,0,0.0,28.57271600078093,0.6411709982785396,28.601244997844333,0.09595959595959591,198,0,0,24,0.9375,0
9.21999,2,0,0,0.0,27.77395299926866,0.6402619983418845,27.799595998658333,0.09547738693467334,199,0,0,24,0.9427083333333334,0
9.24856,2,0,0,0.0,28.534405002574204,0.6457079980464187,28.563416002725717,0.09499999999999997,200,0,0,24,0.9479166666666666,0
9.27774,2,0,0,0.0,29.151662001822842,0.6276749991229735,29.17460099706659,0.09452736318407962,201,0,0,24,0.953125,0
9.30642,2,0,0,0.0,28.653308996581472,0.6495950001408346,28.67743599927053,0.09405940594059403,202,0,0,24,0.9583333333333334,0
9.33507,2,0,0,0.0,28.6190879996866,0.6314120000752155,28.640538999752607,0.09359605911330049,203,0,0,24,0.9635416666666666,0
9.3634,2,0,0,0.0,28.306793999945512,0.632685001619393,28.330417000688612,0.09313725490196079,204,0,0,24,0.96875,0
9.3919,2,0,0,0.0,28.4646319996682,0.6288799995672889,28.490138000051957,0.09268292682926826,205,0,0,24,0.9739583333333334,0
9.42065,2,0,0,0.0,28.719021000142675,0.6529500024043955,28.742318001604872,0.09223300970873782,206,0,0,24,0.9791666666666666,0
9.44865,2,0,0,0.0,27.969761002168525,0.6727979998686351,27.995377000479493,0.09178743961352653,207,0,0,24,0.984375,0
9.47712,2,0,0,0.0,28.438692999770865,0.6425280007533729,28.466294999816455,0.09134615384615385,208,0,0,25,0.95,0
9.50567,2,0,0,0.0,28.51582900257199,0.6518439986393787,28.544917000544956,0.09090909090909094,209,0,0,11,0.9772727272727273,0
9.52932,1,0,0,0.0,23.62784100114368,0.5380639995564707,23.64811499865027,0.0,172,0,0,11,0.9829545454545454,0
9.55278,1,0,0,0.0,23.41826599877095,0.5446609975479078,23.440549997758353,0.0,173,0,0,11,0.9886363636363636,0
9.60595,2,1,82,24.43342200058396,28.69333900162019,0.6189959967741743,53.167576999840094,0.26436781609195403,174,0,0,17,0.9485294117647058,0
9.65965,3,1,253,24.878594998881454,28.761994999513263,0.6964849999349099,53.68116600220674,0.3267457180500659,253,0,0,33,0.9734848484848485,0
9.68853,3,0,0,0.0,28.84441700007301,0.7160690001910552,28.872823000710923,0.3254593175853019,254,0,0,34,0.9503676470588235,0
9.71678,3,0,0,0.0,28.223864999745274,0.692972000251757,28.249446000700118,0.32418300653594767,255,0,0,34,0.9558823529411765,0
9.74578,3,0,0,0.0,28.965475998120382,0.716646001819754,28.991735001909547,0.32291666666666663,256,0,0,35,0.9339285714285714,0
9.77443,3,0,0,0.0,28.62047199960216,0.747075002436759,28.646121001656866,0.32166018158236054,257,0,0,35,0.9392857142857143,0
9.80298,3,0,0,0.0,28.51193500100635,0.6936240024515428,28.542577998450724,0.32041343669250644,258,0,0,35,0.9446428571428571,0
9.83152,3,0,0,0.0,28.507586001069285,0.703872003214201,28.533520999189932,0.31917631917631917,259,0,0,35,0.95,0
9.86005,3,0,0,0.0,28.507047001767205,0.6789880026190076,28.530683997814776,0.31794871794871793,260,0,0,35,0.9553571428571429,0
9.89107,3,0,0,0.0,30.985972000053152,0.696975999744609,31.010731996502727,0.3167305236270753,261,0,0,35,0.9607142857142857,0
9.9197,3,0,0,0.0,28.60540400070022,0.7097449997672811,28.630287997657433,0.3155216284987278,262,0,0,35,0.9660714285714286,0
9.94787,3,0,0,0.0,28.139175999967847,0.7356540008913726,28.160430996649666,0.31432192648922685,263,0,0,35,0.9714285714285714,0
9.97623,3,0,0,0.0,28.333460999419913,0.7116430024325382,28.356454000459053,0.31313131313131315,264,0,0,35,0.9767857142857143,0
10.00673,3,0,0,0.0,30.46964500026661,0.6928589973540511,30.49367399944458,0.31194968553459124,265,0,0,35,0.9821428571428571,0
10.03572,3,0,0,0.0,28.95859600175754,0.7327589992200956,28.984253000089666,0.3107769423558897,266,0,0,36,0.9600694444444444,0
10.06402,3,0,0,0.0,28.274558997509303,0.7081130024744198,28.297453998675337,0.3096129837702871,267,0,0,36,0.9652777777777778,0
10.0927,3,0,0,0.0,28.65650500098127,0.6990080000832677,28.681361000053585,0.3084577114427861,268,0,0,36,0.9704861111111112,0
10.12111,3,0,0,0.0,28.37455000189948,0.72092799746315,28.398619000654435,0.30731102850061953,269,0,0,36,0.9756944444444444,0
10.17383,4,1,225,24.271052996482467,28.398918999300804,0.7880640005168971,52.71624300075928,0.27129629629629626,270,0,0,52,0.9507211538461539,0
10.20158,4,0,0,0.0,27.72678000110318,0.8165840008587111,27.752227000746643,0.27029520295202947,271,0,0,52,0.9555288461538461,0
10.23005,4,0,0,0.0,28.42951099955826,0.804423001682153,28.454945000703447,0.2693014705882353,272,0,0,53,0.9422169811320755,0
10.25856,4,0,0,0.0,28.488559000834357,0.8032010009628721,28.514494999399176,0.26831501831501836,273,0,0,53,0.9469339622641509,0
10.28742,4,0,0,0.0,28.82103399679181,0.8079220024228562,28.847665998910088,0.26733576642335766,274,0,0,53,0.9516509433962265,0
10.31603,4,0,0,0.0,28.580772999703186,0.8058579987846315,28.606793999642832,0.26636363636363636,275,0,0,53,0.9563679245283019,0
10.34494,4,0,0,0.0,28.880642999865813,0.8385410001210403,28.903946000355063,0.2653985507246377,276,0,0,53,0.9610849056603774,0
10.37326,4,0,0,0.0,28.29677400222863,0.8279670000774786,28.32022899747244,0.2644404332129964,277,0,0,53,0.9658018867924528,0
10.40157,4,0,0,0.0,28.278997000597883,0.8140639984048903,28.303208000579616,0.26348920863309355,278,0,0,53,0.9705188679245284,0
10.42969,4,0,0,0.0,28.08601599826943,0.8094029981293716,28.115983001043787,0.26254480286738346,279,0,0,40,0.9765625,0
10.45771,3,0,0,0.0,27.993712999887066,0.7253119983943179,28.015007002977654,0.25595238095238093,280,0,0,40,0.98125,0
10.4859,3,0,0,0.0,28.160999998362968,0.6979689969739411,28.18505300092511,0.2550415183867141,281,0,0,40,0.9859375,0
10.51412,3,0,0,0.0,28.192421999847284,0.7221220002975315,28.217563001817325,0.2541371158392435,282,0,0,41,0.9664634146341463,0
10.54229,3,0,0,0.0,28.139821002696408,0.7204700013971888,28.160251000372227,0.25323910482921086,283,0,0,41,0.9710365853658537,0
10.59512,4,1,251,24.33531999849947,28.43175299858558,0.8267370030807797,52.8279640020628,0.21830985915492962,284,0,0,39,0.9727564102564102,0
10.62331,3,0,0,0.0,28.15614500286756,0.7130169979063794,28.190189001179533,0.1970899470899471,252,0,0,40,0.953125,0
10.65175,3,0,0,0.0,28.397295998729533,0.7090969993441831,28.431408001779346,0.19631093544137024,253,0,0,40,0.9578125,0
10.67998,3,0,0,0.0,28.205653001350584,0.7319110009120777,28.229609997652005,0.1955380577427821,254,0,0,40,0.9625,0
10.70781,3,0,0,0.0,27.79408900096314,0.7350539999606553,27.82022999963374,0.19477124183006533,255,0,0,40,0.9671875,0
10.73625,3,0,0,0.0,28.414044001692673,0.7499669991375413,28.4386329985864,0.19401041666666663,256,0,0,41,0.948170731707317,0
10.76435,3,0,0,0.0,28.072986999177374,0.7183800007624086,28.094870001950767,0.19325551232166016,257,0,0,41,0.9527439024390244,0
10.79267,3,0,0,0.0,28.2867099995201,0.689006999891717,28.31036200223025,0.19250645994832039,258,0,0,41,0.9573170731707317,0
10.82081,3,0,0,0.0,28.11524999924586,0.7463799993274733,28.139368998381542,0.1917631917631918,259,0,0,41,0.961890243902439,0
10.84906,3,0,0,0.0,28.224700999999186,0.7491780015698168,28.24723300000187,0.191025641025641,260,0,0,41,0.9664634146341463,0
10.87914,3,0,0,0.0,30.052684000111185,0.739678001991706,30.078776999289403,0.19029374201787996,261,0,0,41,0.9710365853658537,0
10.9087,3,0,0,0.0,29.52402599839843,0.8468500018352643,29.549619001045357,0.1895674300254453,262,0,0,41,0.975609756097561,0
10.93712,3,0,0,0.0,28.39099800257827,0.7466369970643427,28.414121999958297,0.18884664131812423,263,0,0,41,0.9801829268292683,0
10.96593,3,0,0,0.0,28.783232999558095,0.7655789995624218,28.808512000978226,0.18813131313131315,264,0,0,41,0.9847560975609756,0
10.99443,3,0,0,0.0,28.470604000176536,0.751462001062464,28.49869500278146,0.1874213836477987,265,0,0,42,0.9657738095238095,0
11.02313,3,0,0,0.0,28.661637999903178,0.7276389987964649,28.686251000181073,0.18671679197994984,266,0,0,42,0.9702380952380952,0
11.0517,3,0,0,0.0,28.547845002321992,0.7647170023119543,28.57137600221904,0.18601747815230962,267,0,0,42,0.9747023809523809,0
11.0806,3,0,0,0.0,28.869787998701213,0.7545480002590921,28.89789500113693,0.18532338308457708,268,0,0,43,0.9563953488372093,0
11.10939,3,0,0,0.0,28.756944000633666,0.793561997852521,28.782708999642637,0.18463444857496902,269,0,0,43,0.9607558139534884,0
11.138,3,0,0,0.0,28.577979999681702,0.7370069979515392,28.59999399879598,0.18395061728395057,270,0,0,43,0.9651162790697675,0
11.16587,3,0,0,0.0,27.848708999954397,0.7479999985662289,27.87293499932275,0.18327183271832714,271,0,0,43,0.9694767441860465,0
11.1941,3,0,0,0.0,28.196971001307247,0.7499489984184038,28.222576998814475,0.1825980392156863,272,0,0,44,0.9517045454545454,0
11.22217,3,0,0,0.0,28.044639999279752,0.7430299992847722,28.06880200296291,0.18192918192918195,273,0,0,44,0.9559659090909091,0
11.25046,3,0,0,0.0,28.254898999875877,0.7399780006380752,28.277176003030036,0.181265206812652,274,0,0,44,0.9602272727272727,0
11.27875,3,0,0,0.0,28.261511000891915,0.7212359996628948,28.287052999075968,0.18060606060606066,275,0,0,44,0.9644886363636364,0
11.30678,3,0,0,0.0,28.00487000058638,0.7403189993056003,28.026206000504317,0.17995169082125606,276,0,0,44,0.96875,0
11.33517,3,0,0,0.0,28.362033001030795,0.7441759989887942,28.384257999277906,0.17930204572803854,277,0,0,44,0.9730113636363636,0
11.36336,3,0,0,0.0,28.169066001282772,0.7666649980819784,28.192805002618115,0.17865707434052758,278,0,0,44,0.9772727272727273,0
11.39089,3,0,0,0.0,27.495187998283654,0.7206090012914501,27.517825001268648,0.17801672640382316,279,0,0,44,0.9815340909090909,0
11.41929,3,0,0,0.0,28.37306200308376,0.7365780002146494,28.397871003107866,0.17738095238095242,280,0,0,44,0.9857954545454546,0
11.44772,3,0,0,0.0,28.394116001436487,0.7540389997302555,28.418884001439437,0.17674970344009489,281,0,0,45,0.9680555555555556,0
11.47585,3,0,0,0.0,28.10480600237497,0.7427599994116463,28.127199002483394,0.17612293144208035,282,0,0,45,0.9722222222222222,0
11.50417,3,0,0,0.0,28.29039400239708,0.7544939981016796,28.314056999079185,0.1755005889281508,283,0,0,45,0.9763888888888889,0
11.53224,3,0,0,0.0,28.03658099946915,0.7598709999001585,28.06007500112173,0.17488262910798125,284,0,0,46,0.9592391304347826,0
11.56022,3,0,0,0.0,27.954034998401767,0.7502039989049081,27.976140001555905,0.17426900584795324,285,0,0,46,0.9633152173913043,0
11.58847,3,0,0,0.0,28.22765699966112,0.7645510013389867,28.25114000006579,0.1736596736596736,286,0,0,46,0.967391304347826,0
11.61604,3,0,0,0.0,27.543585001694737,0.732821998099098,27.56641599989962,0.17305458768873405,287,0,0,46,0.9714673913043478,0
11.64434,3,0,0,0.0,28.257037000003038,0.7499629973608535,28.293631003180053,0.17245370370370372,288,0,0,47,0.9547872340425532,0
11.6727,3,0,0,0.0,28.32609300094191,0.7440469998982735,28.349526000965852,0.17185697808535183,289,0,0,47,0.9587765957446809,0
11.70087,3,0,0,0.0,28.13412999967113,0.7642880009370856,28.169425000669435,0.171264367816092,290,0,0,47,0.9627659574468085,0
11.72929,3,0,0,0.0,28.38923200033605,0.7636670015926939,28.413839001586894,0.17067583046964485,291,0,0,47,0.9667553191489362,0
11.75772,3,0,0,0.0,28.391466999892145,0.7561290003650356,28.422438001143746,0.17009132420091322,292,0,0,47,0.9707446808510638,0
11.78607,3,0,0,0.0,28.33132199884858,0.7682850009587128,28.354685997328488,0.16951080773606375,293,0,0,47,0.9747340425531915,0
11.81446,3,0,0,0.0,28.34424199681962,0.7751990015094634,28.37854300014442,0.1689342403628118,294,0,0,28,0.984375,0
11.84263,2,0,0,0.0,28.150592002930352,0.6372749994625337,28.170478999527404,0.2208480565371025,283,0,0,28,0.9888392857142857,0
11.87121,2,0,0,0.0,28.547841000545304,0.6270589983614627,28.572486000484787,0.22007042253521125,284,0,0,28,0.9933035714285714,0
11.90084,2,0,0,0.0,29.60549199997331,0.7260610000230372,29.643244997714646,0.2192982456140351,285,0,0,29,0.9633620689655172,0
11.92902,2,0,0,0.0,28.13648599840235,0.6657340018136892,28.159391000372125,0.21853146853146854,286,0,0,29,0.9676724137931034,0
11.95906,2,0,0,0.0,30.016032000276027,0.6679280013486277,30.038610002520727,0.21777003484320556,287,0,0,29,0.9719827586206896,0
11.98797,2,0,0,0.0,28.872660997876665,0.6819580012233928,28.897197000333108,0.21701388888888884,288,0,0,30,0.94375,0
12.01692,2,0,0,0.0,28.92485200209194,0.677416999678826,28.94881799875293,0.2162629757785467,289,0,0,30,0.9479166666666666,0
12.04603,2,0,0,0.0,29.085576999932528,0.6946989997231867,29.107653001119616,0.2155172413793104,290,0,0,30,0.9520833333333333,0
12.07475,2,0,0,0.0,28.69538600134547,0.6653490017924923,28.719657002511667,0.2147766323024055,291,0,0,30,0.95625,0
12.10374,2,0,0,0.0,28.960419000213733,0.6860189969302155,28.985321998334257,0.21404109589041098,292,0,0,30,0.9604166666666667,0
12.13251,2,0,0,0.0,28.736713000398595,0.6956699980946723,28.761418001522543,0.2133105802047781,293,0,0,30,0.9645833333333333,0
12.18617,3,1,198,24.7104189984384,28.899745000671828,0.7297459997062106,53.654916999221314,0.25056689342403626,294,0,0,43,0.9651162790697675,0
12.21451,3,0,0,0.0,28.308516997640254,0.7691949977015611,28.333228001429234,0.24971751412429377,295,0,0,43,0.9694767441860465,0
12.24349,3,0,0,0.0,28.957767000974854,0.7446630006597843,28.980130002310034,0.24887387387387383,296,0,0,43,0.9738372093023255,0
12.27246,3,0,0,0.0,28.940919997694436,0.7542419989476912,28.96814699852257,0.24803591470258135,297,0,0,43,0.9781976744186046,0
12.30151,3,0,0,0.0,29.01283499886631,0.7759340005577542,29.038867996860063,0.24720357941834448,298,0,0,43,0.9825581395348837,0
12.35632,4,1,182,25.594090002414305,29.168715002015233,0.8646370006317738,54.80546500257333,0.28260869565217395,299,0,0,55,0.9795454545454545,0
12.38573,4,0,0,0.0,29.361365999648115,0.8599280008638743,29.388343999016797,0.2816666666666666,300,0,0,55,0.9840909090909091,0
12.41499,4,0,0,0.0,29.2278630004148,0.864518999151187,29.258395999931963,0.2807308970099668,301,0,0,56,0.9709821428571429,0
12.44528,4,0,0,0.0,30.25143500053673,0.9302150028815959,30.285909000667743,0.2798013245033113,302,0,0,56,0.9754464285714286,0
12.49902,5,1,211,24.812337000184925,28.87153800111264,0.9803709981497377,53.73159800001304,0.2838283828382838,303,0,0,70,0.9732142857142857,0
12.52875,5,0,0,0.0,29.695128003368154,1.0026380005001556,29.725954002060462,0.2828947368421053,304,0,0,72,0.9505208333333334,0
12.55822,5,0,0,0.0,29.437648998282384,1.0078500017698389,29.46318400063319,0.28196721311475414,305,0,0,72,0.9548611111111112,0
12.58784,5,0,0,0.0,29.594248000648804,0.9898340031213593,29.62201000264031,0.28104575163398693,306,0,0,72,0.9592013888888888,0
12.61733,5,0,0,0.0,29.452219998347573,1.0081660002470016,29.493859998183325,0.28013029315960913,307,0,0,72,0.9635416666666666,0
12.64669,5,0,0,0.0,29.319469002075493,0.9895639996102545,29.345295999519294,0.27922077922077926,308,0,0,72,0.9678819444444444,0
12.67616,5,0,0,0.0,29.43514800062985,1.0026870004367083,29.46561700082384,0.2783171521035599,309,0,0,73,0.958904109589041,0
12.70564,5,0,0,0.0,29.443769999488723,0.9987619996536523,29.471532001480227,0.2774193548387097,310,0,0,73,0.9631849315068494,0
12.73436,5,0,0,0.0,28.6853190009424,0.9916970011545345,28.713118001178373,0.2765273311897106,311,0,0,73,0.9674657534246576,0
12.76378,5,0,0,0.0,29.385007001110353,1.0454879993631039,29.412457999569597,0.27564102564102566,312,0,0,73,0.9717465753424658,0
12.79311,5,0,0,0.0,29.299382000317564,1.0105479996127542,29.326364001462935,0.2747603833865815,313,0,0,73,0.976027397260274,0
12.82244,5,0,0,0.0,29.305165000550915,1.0089699972013477,29.333479000342777,0.2738853503184714,314,0,0,73,0.9803082191780822,0
12.85182,5,0,0,0.0,29.340310000407044,1.005906000500545,29.365606998908333,0.27301587301587305,315,0,0,73,0.9845890410958904,0
12.88326,5,0,0,0.0,31.40386100130854,1.0187330008193385,31.4348300016718,0.2721518987341772,316,0,0,74,0.9755067567567568,0
12.91288,5,0,0,0.0,29.591172002255917,1.0658240025804844,29.6222110009694,0.27129337539432175,317,0,0,75,0.9666666666666667,0
12.94272,5,0,0,0.0,29.802995999489212,1.0462249992997386,29.828737999196164,0.2704402515723271,318,0,0,75,0.9708333333333333,0
12.97151,5,0,0,0.0,28.761384997778805,1.0398070007795468,28.792504999728408,0.2695924764890282,319,0,0,75,0.975,0
13.00122,5,0,0,0.0,29.667457998584723,1.0212489978584927,29.696508001507027,0.26875000000000004,320,0,0,77,0.9537337662337663,0
13.03049,5,0,0,0.0,29.239112001960166,1.0308070013707038,29.266129997267853,0.2679127725856698,321,0,0,77,0.9577922077922078,0
13.05993,5,0,0,0.0,29.414164000627352,1.0174340022786055,29.440213002089877,0.26708074534161486,322,0,0,77,0.9618506493506493,0
13.08937,5,0,0,0.0,29.40511099950527,1.043886997649679,29.432764000375755,0.2662538699690402,323,0,0,77,0.9659090909090909,0
13.11932,5,0,0,0.0,29.922626999905333,1.1175809995620511,29.96566200090456,0.26543209876543206,324,0,0,77,0.9699675324675324,0
13.14944,5,0,0,0.0,30.062066001846688,1.036297999235103,30.09083800134249,0.2646153846153846,325,0,0,78,0.9615384615384616,0
13.17838,5,0,0,0.0,28.91368199925637,1.0265659984725062,28.941898999619298,0.2638036809815951,326,0,0,78,0.9655448717948718,0
13.20669,5,0,0,0.0,28.27305000027991,1.0363039982621558,28.29987999939476,0.2629969418960245,327,0,0,78,0.969551282051282,0
13.2648,7,2,309,28.598950000741752,29.450763002387248,1.693311998678837,58.10939100047108,0.33841463414634143,328,0,0,98,0.9732142857142857,0
13.29432,7,0,0,0.0,29.486388997611357,1.2174589974165428,29.533396002079826,0.33738601823708203,329,0,0,98,0.9776785714285714,0
13.34869,8,1,223,24.497178997989977,29.799841999192722,1.7020810009853449,54.34602900277241,0.33484848484848484,330,0,0,113,0.9756637168141593,0
13.37792,8,0,0,0.0,29.185493000113638,1.3720609968004283,29.225299000245286,0.33383685800604235,331,0,0,93,0.967741935483871,0
13.40684,7,0,0,0.0,28.881887999887113,1.1142069997731596,28.917740000906633,0.1428571428571429,240,0,0,81,0.9560185185185185,0
13.43592,6,0,0,0.0,29.049638000287814,1.001520999125205,29.074547997879563,0.1431535269709544,241,0,0,81,0.9606481481481481,0
13.46499,6,0,0,0.0,29.03509799944004,1.0370659983891528,29.060790002404246,0.1425619834710744,242,0,0,81,0.9652777777777778,0
13.49376,6,0,0,0.0,28.743799000949366,1.0101109983224887,28.77004300171393,0.14197530864197527,243,0,0,81,0.9699074074074074,0
13.52259,6,0,0,0.0,28.797117000067374,1.0125640001206193,28.825894001784036,0.14139344262295084,244,0,0,82,0.9626524390243902,0
13.55152,6,0,0,0.0,28.896712999994634,1.0090899995702785,28.923415000463137,0.14081632653061227,245,0,0,83,0.9555722891566265,0
13.58032,6,0,0,0.0,28.766530002030777,0.992213001154596,28.806374997657258,0.1402439024390244,246,0,0,83,0.9600903614457831,0
13.60859,6,0,0,0.0,28.22197799832793,1.0172460024477914,28.249958999367664,0.13967611336032393,247,0,0,83,0.9646084337349398,0
13.63735,6,0,0,0.0,28.717858000163687,1.016194000840187,28.757502001099056,0.1391129032258065,248,0,0,83,0.9691265060240963,0
13.66639,6,0,0,0.0,29.006282999034738,1.1281229999440257,29.035931001999415,0.13855421686746983,249,0,0,84,0.9620535714285714,0
13.69553,6,0,0,0.0,29.104632001690334,1.0167479995288886,29.131266001058975,0.138,250,0,0,84,0.9665178571428571,0
13.72434,6,0,0,0.0,28.772309997293632,1.017260001390241,28.812710999773117,0.13745019920318724,251,0,0,84,0.9709821428571429,0
13.75332,6,0,0,0.0,28.934218997164862,1.0090110008604825,28.9647400022659,0.13690476190476186,252,0,0,84,0.9754464285714286,0
13.78213,6,0,0,0.0,28.768926997145172,1.0396200013929047,28.79427600055351,0.13636363636363635,253,0,0,84,0.9799107142857143,0
13.81083,6,0,0,0.0,28.667730999586638,1.0215279980911873,28.69436999753816,0.1358267716535433,254,0,0,85,0.9727941176470588,0
13.86388,7,1,207,24.46535999843036,28.521637999801897,1.1311029993521515,53.046138000354404,0.1428571428571429,255,0,0,99,0.9703282828282829,0
13.8951,7,0,0,0.0,31.19126000092365,1.1457139989943244,31.222344001434976,0.1422991071428571,256,0,0,101,0.9554455445544554,0
13.92432,7,0,0,0.0,29.17969199916115,1.1615059993346222,29.20906799772638,0.14174541411895503,257,0,0,101,0.9597772277227723,0
13.95355,7,0,0,0.0,29.188912998506567,1.1545470006240066,29.21413200238021,0.14119601328903653,258,0,0,101,0.9641089108910891,0
13.98253,7,0,0,0.0,28.951794000022346,1.1699269998644013,28.978247002669377,0.14065085493656926,259,0,0,101,0.968440594059406,0
14.01185,7,0,0,0.0,29.28407400031574,1.1784700000134762,29.31389799778117,0.14010989010989006,260,0,0,102,0.9632352941176471,0
14.04096,7,0,0,0.0,29.072900000755908,1.1731289996532723,29.099808998580556,0.13957307060755342,261,0,0,103,0.9581310679611651,0
14.07009,7,0,0,0.0,29.105224999511847,1.173108998045791,29.131627998140175,0.13904034896401307,262,0,0,103,0.962378640776699,0
14.09857,7,0,0,0.0,28.444368002965348,1.1780039967561606,28.47194200148806,0.13851167843563283,263,0,0,103,0.966626213592233,0
14.13711,7,0,0,0.0,38.512471997819375,1.1662680008157622,38.540017001650995,0.137987012987013,264,0,0,103,0.970873786407767,0
14.16674,7,0,0,0.0,29.589682002551854,1.204059000883717,29.615742998430505,0.13746630727762799,265,0,0,104,0.9657451923076923,0
14.19587,7,0,0,0.0,29.107256003044313,1.1696889996528625,29.13257600084762,0.13694951664876476,266,0,0,104,0.9699519230769231,0
14.25056,8,1,156,25.17821199944592,29.462025999237085,1.2621899986697827,54.68257499887841,0.1713483146067416,267,0,0,114,0.9747807017543859,0
14.27978,8,0,0,0.0,29.194606002420187,1.2606939999386668,29.2208489991026,0.17070895522388063,268,0,0,114,0.9791666666666666,0
14.30925,8,0,0,0.0,29.435530999762705,1.2838850016123615,29.46248300213483,0.1700743494423792,269,0,0,114,0.9835526315789473,0
14.33859,8,0,0,0.0,29.301791000762023,1.2851790015702136,29.331126999750268,0.1694444444444444,270,0,0,115,0.9793478260869565,0
14.36726,8,0,0,0.0,28.635087997827213,1.2897019987576641,28.67236499878345,0.1688191881918819,271,0,0,100,0.96375,0
14.39668,7,0,0,0.0,29.380083000432933,1.1711770021065604,29.410328999802005,0.19012605042016806,272,0,0,102,0.9491421568627451,0
14.42617,7,0,0,0.0,29.46240500023123,1.1811219992523547,29.489051001291955,0.18942961800104652,273,0,0,102,0.9534313725490197,0
14.45688,7,0,0,0.0,30.672528002469335,1.2472389971662778,30.697885998961283,0.18873826903023982,274,0,0,102,0.9577205882352942,0
14.48788,7,0,0,0.0,30.9776790018077,1.221561000420479,31.00464200178976,0.18805194805194803,275,0,0,102,0.9620098039215687,0
14.51784,7,0,0,0.0,29.914927999925567,1.2238420022185892,29.95435499906307,0.18737060041407871,276,0,0,91,0.9622252747252747,0
14.54776,6,0,0,0.0,29.886165997595526,1.0918700027104933,29.91135999764083,0.15703971119133575,277,0,0,91,0.9663461538461539,0
14.57703,6,0,0,0.0,29.24249100033194,1.094143997761421,29.278121000970714,0.15647482014388492,278,0,0,91,0.970467032967033,0
14.60561,6,0,0,0.0,28.53470799891511,1.084146999346558,28.560943999764277,0.15591397849462363,279,0,0,91,0.9745879120879121,0
14.63496,6,0,0,0.0,29.322125999897253,1.0870680016523693,29.349491000175476,0.15535714285714286,280,0,0,91,0.9787087912087912,0
14.66417,6,0,0,0.0,29.177032000006875,1.100015997508308,29.20347199687967,0.15480427046263345,281,0,0,92,0.9721467391304348,0
14.69337,6,0,0,0.0,29.158681998524116,1.0835120010597166,29.193605998443672,0.1542553191489362,282,0,0,75,0.9825,0
14.72262,5,0,0,0.0,29.22429400132387,0.9884039973258041,29.252093998366036,0.16678445229681982,283,0,0,75,0.9866666666666667,0
14.75176,5,0,0,0.0,29.110344999935478,0.9729579978738911,29.134734002582263,0.16619718309859155,284,0,0,75,0.9908333333333333,0
14.78105,5,0,0,0.0,29.248033002659213,0.9834280026552733,29.27986500071711,0.16561403508771932,285,0,0,75,0.995,0
14.81052,5,0,0,0.0,29.43834899997455,0.98481899840408,29.466768999554915,0.16503496503496506,286,0,0,76,0.9860197368421053,0
14.83894,5,0,0,0.0,28.390602998115355,0.9707979988888837,28.419856997061288,0.16445993031358885,287,0,0,78,0.9647435897435898,0
14.86829,5,0,0,0.0,29.308409997611307,0.9901059966068715,29.336758998397272,0.16388888888888886,288,0,0,80,0.94453125,0
14.89896,5,0,0,0.0,30.64223800174659,1.0316290026821662,30.665466001664754,0.16332179930795843,289,0,0,80,0.9484375,0
14.92806,5,0,0,0.0,29.075795002427185,0.986992999969516,29.102374999638414,0.1627586206896552,290,0,0,80,0.95234375,0
14.95738,5,0,0,0.0,29.28667400192353,0.9990660000767093,29.310574998817174,0.1621993127147766,291,0,0,80,0.95625,0
14.98623,5,0,0,0.0,28.828894999605836,0.9790379990590736,28.852884002844803,0.16164383561643836,292,0,0,80,0.96015625,0
15.01546,5,0,0,0.0,29.194210001151077,0.9830169983615633,29.219783998996718,0.16109215017064848,293,0,0,80,0.9640625,0
15.04451,5,0,0,0.0,29.02167599677341,0.9938700022757985,29.045379000308458,0.16054421768707483,294,0,0,80,0.96796875,0
15.07278,5,0,0,0.0,28.24489399790764,0.985764003416989,28.270867998799076,0.16000000000000003,295,0,0,80,0.971875,0
15.12688,6,1,249,24.957813002401963,29.09251100209076,1.1094799992861226,54.09281399988686,0.15934684684684686,296,0,0,96,0.9759114583333334,0
15.15694,6,0,0,0.0,30.027773002075264,1.1162120026710909,30.05548599685426,0.15881032547699214,297,0,0,96,0.9798177083333334,0
15.1871,6,0,0,0.0,30.130617000395432,1.1429929982114118,30.158457997458754,0.15827740492170017,298,0,0,96,0.9837239583333334,0
15.21658,6,0,0,0.0,29.438149998895824,1.146334001532523,29.473249000147916,0.15774804905239692,299,0,0,77,0.9878246753246753,0
15.24611,5,0,0,0.0,29.50160199907259,0.9984860007534735,29.526998001529137,0.14596491228070174,285,0,0,77,0.9918831168831169,0
15.27596,5,0,0,0.0,29.81743800046388,1.0082269982376602,29.845319000742165,0.1454545454545455,286,0,0,77,0.9959415584415584,0
15.33041,6,1,78,25.379110000358196,29.005871998379007,1.0844429998542182,54.4443010003306,0.2421602787456446,287,0,0,65,0.9836538461538461,0
15.35914,5,0,0,0.0,28.694003998680273,0.907756999367848,28.71997300098883,0.20078125000000002,256,0,0,67,0.9589552238805971,0
15.38802,5,0,0,0.0,28.84586900108843,0.9179560001939535,28.87629000179004,0.19999999999999996,257,0,0,69,0.9356884057971014,0
15.41672,5,0,0,0.0,28.67397699810681,0.9132750019489322,28.700426999421325,0.19922480620155036,258,0,0,69,0.9402173913043478,0
15.44547,5,0,0,0.0,28.717350996885216,0.9277989993279334,28.74084800350829,0.19845559845559846,259,0,0,69,0.9447463768115942,0
15.47413,5,0,0,0.0,28.63151299970923,0.8963629989011679,28.659628998866538,0.19769230769230772,260,0,0,69,0.9492753623188406,0
15.50273,5,0,0,0.0,28.56743499796721,0.933262002945412,28.591549998964183,0.19693486590038312,261,0,0,69,0.9538043478260869,0
15.55567,6,1,225,24.106250999466283,28.792790999432327,1.0152180002478417,52.93832800089149,0.1870229007633588,262,0,0,84,0.9553571428571429,0
15.58377,6,0,0,0.0,28.0663720004668,1.0392529984528664,28.092735003156122,0.18631178707224338,263,0,0,84,0.9598214285714286,0
15.61247,6,0,0,0.0,28.672044001723407,1.031264997436665,28.698199999780627,0.18560606060606055,264,0,0,84,0.9642857142857143,0
15.64126,6,0,0,0.0,28.75530000164872,1.0262340001645498,28.78314100235002,0.18490566037735845,265,0,0,84,0.96875,0
15.67002,6,0,0,0.0,28.72682899760548,1.0463689977768809,28.7598800023261,0.1842105263157895,266,0,0,71,0.9727112676056338,0
15.6987,5,0,0,0.0,28.647341998293996,0.9316169998783153,28.673153999989154,0.17228464419475653,267,0,0,71,0.977112676056338,0
15.72774,5,0,0,0.0,29.00891699755448,0.9519650011498015,29.0345690009417,0.17164179104477617,268,0,0,71,0.9815140845070423,0
15.75666,5,0,0,0.0,28.890566998597933,0.9558180026942864,28.914932001498528,0.17100371747211895,269,0,0,71,0.9859154929577465,0
15.78547,5,0,0,0.0,28.782965000573313,0.9286700005759485,28.80777000245871,0.1703703703703704,270,0,0,71,0.9903169014084507,0
15.81347,5,0,0,0.0,27.966552999714622,0.9476710001763422,28.000433998386143,0.1697416974169742,271,0,0,72,0.9809027777777778,0
15.84201,5,0,0,0.0,28.484783000749303,0.9339940006611869,28.52816199811059,0.16911764705882348,272,0,0,56,0.9787946428571429,0
15.87056,4,0,0,0.0,28.517176997411298,0.8339110027009156,28.5431400006928,0.19688644688644685,273,0,0,58,0.9493534482758621,0
15.8989,4,0,0,0.0,28.3127090006019,0.8214509980462026,28.336433999356814,0.19616788321167888,274,0,0,58,0.9536637931034483,0
15.92735,4,0,0,0.0,28.410602997610113,0.831610999739496,28.449189001548802,0.19545454545454544,275,0,0,58,0.9579741379310345,0
15.95607,4,0,0,0.0,28.688734000752447,0.8302090027427766,28.71191400117823,0.19474637681159424,276,0,0,58,0.9622844827586207,0
15.98455,4,0,0,0.0,28.454516002966557,0.829626002087025,28.480288001446752,0.19404332129963897,277,0,0,59,0.9502118644067796,0
16.01295,4,0,0,0.0,28.369632000249112,0.8280410002043936,28.39383099853876,0.1933453237410072,278,0,0,59,0.9544491525423728,0
16.0408,4,0,0,0.0,27.824302000226453,0.8567059994675219,27.848273999552475,0.19265232974910396,279,0,0,59,0.9586864406779662,0
16.0693,4,0,0,0.0,28.47593600017717,0.8542149989807513,28.49803999924916,0.1919642857142857,280,0,0,59,0.9629237288135594,0
16.09805,4,0,0,0.0,28.69006099717808,0.8077160018729046,28.715846998238703,0.1912811387900356,281,0,0,59,0.9671610169491526,0
16.12641,4,0,0,0.0,28.330807999736862,0.8458400006929878,28.354727997793816,0.19060283687943258,282,0,0,59,0.9713983050847458,0
16.15484,4,0,0,0.0,28.394689001288498,0.8170929977495689,28.423059000488138,0.18992932862190814,283,0,0,41,0.9725609756097561,0
16.18629,3,0,0,0.0,31.425424000190105,0.7169870004872791,31.450202000996796,0.25117370892018775,284,0,0,41,0.9771341463414634,0
16.2152,3,0,0,0.0,28.88001099927351,0.7524020002165344,28.905621999001596,0.2502923976608187,285,0,0,41,0.9817073170731707,0
16.24482,3,0,0,0.0,29.588272998807952,0.7828289999451954,29.614605999086052,0.2494172494172494,286,0,0,41,0.9862804878048781,0
16.27927,3,0,0,0.0,34.41852100149845,0.8000220004760195,34.443516000465024,0.24854819976771192,287,0,0,41,0.9908536585365854,0
16.30812,3,0,0,0.0,28.81959699880099,0.7711969992669765,28.848419002315495,0.24768518518518523,288,0,0,42,0.9717261904761905,0
16.33718,3,0,0,0.0,29.029810000793077,0.740293999115238,29.0583770001831,0.2468281430219147,289,0,0,43,0.9534883720930233,0
16.36598,3,0,0,0.0,28.762611000274774,0.7496609978261404,28.78427600080613,0.24597701149425288,290,0,0,43,0.9578488372093024,0
16.39479,3,0,0,0.0,28.782952002075035,0.7367930011241697,28.808639999624575,0.24513172966781216,291,0,0,43,0.9622093023255814,0
16.4239,3,0,0,0.0,29.077398001390975,0.7744319991616067,29.1028270003153,0.2442922374429224,292,0,0,43,0.9665697674418605,0
16.47939,4,1,197,24.932935000833822,30.500599998049438,0.8439090015599504,55.48175500007346,0.26450511945392496,293,0,0,57,0.9495614035087719,0
16.5112,4,0,0,0.0,31.78087699780008,0.8438240001851227,31.812971999897854,0.26360544217687076,294,0,0,57,0.9539473684210527,0
16.54064,4,0,0,0.0,29.397264999715844,0.9857580007519573,29.424709002341842,0.2627118644067796,295,0,0,57,0.9583333333333334,0
16.57498,4,0,0,0.0,34.305392000533175,0.860055999510223,34.34589699827484,0.26182432432432434,296,0,0,57,0.9627192982456141,0
16.61186,4,0,0,0.0,36.83790300055989,1.377445998514304,36.864228000922594,0.2609427609427609,297,0,0,57,0.9671052631578947,0
16.64079,4,0,0,0.0,28.90735199980554,0.8795470021141227,28.932285000337288,0.2600671140939598,298,0,0,57,0.9714912280701754,0
16.66976,4,0,0,0.0,28.93660799963982,0.8861410024110228,28.96198199960054,0.25919732441471577,299,0,0,57,0.9758771929824561,0
16.69855,4,0,0,0.0,28.754208000464132,0.8533410000381991,28.779863998352084,0.2583333333333333,300,0,0,57,0.9802631578947368,0
16.72736,4,0,0,0.0,28.754762999597006,0.8385469991480932,28.806477999751223,0.25747508305647837,301,0,0,57,0.9846491228070176,0
16.75602,4,0,0,0.0,28.632891000597738,0.8517749993188772,28.654401998210233,0.2566225165562914,302,0,0,57,0.9890350877192983,0
16.78381,4,0,0,0.0,27.762539000832476,0.8542969990230631,27.784629997768207,0.2557755775577558,303,0,0,57,0.993421052631579,0
16.81254,4,0,0,0.0,28.702419000183,0.8439320008619688,28.729951998684555,0.2549342105263158,304,0,0,59,0.9639830508474576,0
16.84097,4,0,0,0.0,28.39478899841197,0.8400670012633782,28.42112299913424,0.25409836065573765,305,0,0,60,0.9520833333333333,0
16.86955,4,0,0,0.0,28.55251900109579,0.8510430016031023,28.57679600128904,0.25326797385620914,306,0,0,60,0.95625,0
16.8984,4,0,0,0.0,28.818096001486992,0.8446050014754292,28.842158000770723,0.252442996742671,307,0,0,60,0.9604166666666667,0
16.92681,4,0,0,0.0,28.383220997056924,0.8430540001427289,28.407279001839925,0.25162337662337664,308,0,0,60,0.9645833333333333,0
16.95569,4,0,0,0.0,28.842810999776702,0.8534660009900108,28.869375000795117,0.2508090614886731,309,0,0,61,0.9528688524590164,0
16.98415,4,0,0,0.0,28.441030000976752,0.8532949977961835,28.46447900083149,0.25,310,0,0,61,0.9569672131147541,0
17.01204,4,0,0,0.0,27.861743001267314,0.8658259976073168,27.884993000043323,0.24919614147909963,311,0,0,61,0.9610655737704918,0
17.04065,4,0,0,0.0,28.575268002896337,0.8690770009707194,28.600754998478806,0.2483974358974359,312,0,0,61,0.9651639344262295,0
17.06922,4,0,0,0.0,28.544715998577885,0.8676739998918492,28.567608998855576,0.24760383386581475,313,0,0,61,0.9692622950819673,0
17.09786,4,0,0,0.0,28.607614996872144,0.8791610016487539,28.632010998990154,0.24681528662420382,314,0,0,61,0.9733606557377049,0
17.1265,4,0,0,0.0,28.612730002350872,0.8802830016065855,28.63609000269207,0.24603174603174605,315,0,0,61,0.9774590163934426,0
17.15501,4,0,0,0.0,28.482121997512877,0.8529789993190207,28.502943001512904,0.245253164556962,316,0,0,61,0.9815573770491803,0
17.18356,4,0,0,0.0,28.51569899939932,0.8638539984531235,28.54951799963601,0.24447949526813884,317,0,0,52,0.9867788461538461,0
17.21206,3,0,0,0.0,28.469701002904912,0.7984349977050442,28.493777001131093,0.13941299790356398,318,0,0,52,0.9903846153846154,0
17.23981,3,0,0,0.0,27.72596899740165,0.8102409992716275,27.748968001105823,0.13897596656217348,319,0,0,52,0.9939903846153846,0
17.26848,3,0,0,0.0,28.643681998801185,0.7824419990356546,28.667572001722874,0.13854166666666667,320,0,0,54,0.9606481481481481,0
17.32122,4,1,112,24.03808199960622,28.655808997427812,0.8467900006507989,52.73433800175553,0.26635514018691586,321,0,0,62,0.9536290322580645,0
17.34992,4,0,0,0.0,28.67180199973518,0.8787350016064011,28.693918000499252,0.265527950310559,322,0,0,62,0.9576612903225806,0
17.37837,4,0,0,0.0,28.425257001799764,0.8773030021984596,28.448000997741474,0.2647058823529411,323,0,0,62,0.9616935483870968,0
17.40697,4,0,0,0.0,28.564166997966822,0.849311996717006,28.588225999556016,0.26388888888888884,324,0,0,62,0.9657258064516129,0
17.43554,4,0,0,0.0,28.54435200060834,0.884529003087664,28.57043099720613,0.2630769230769231,325,0,0,63,0.9543650793650794,0
17.48875,5,1,129,24.528821002604673,28.626948998862645,0.9642129989515524,53.2071250017907,0.33067484662576685,326,0,0,57,0.9484649122807017,0
17.51682,4,0,0,0.0,28.044196998962434,0.8394680007768329,28.068177998648025,0.33868501529051986,327,0,0,57,0.9528508771929824,0
17.5453,4,0,0,0.0,28.451443002268206,0.8584800016251393,28.47491400098079,0.33765243902439024,328,0,0,57,0.9572368421052632,0
17.59917,5,1,134,24.713704002351733,29.087516999425134,0.9770149990799837,53.86545300279977,0.3878419452887538,329,0,0,66,0.9583333333333334,0
17.62791,5,0,0,0.0,28.706797998893308,0.9714539992273785,28.732885999488644,0.3866666666666667,330,0,0,66,0.9630681818181818,0
17.65661,5,0,0,0.0,28.663761000643717,0.9719099980429746,28.687272999377456,0.38549848942598186,331,0,0,66,0.9678030303030303,0
17.68536,5,0,0,0.0,28.72226800172939,0.9571410009812098,28.747432999807643,0.38433734939759034,332,0,0,66,0.9725378787878788,0
17.71396,5,0,0,0.0,28.576917000464164,0.960032000875799,28.60043300097459,0.38318318318318323,333,0,0,66,0.9772727272727273,0
17.7427,5,0,0,0.0,28.713600000628503,0.965829000051599,28.739506997226272,0.38203592814371257,334,0,0,66,0.9820075757575758,0
17.77082,5,0,0,0.0,28.08643599928473,0.9717780012579169,28.109368999139406,0.3808955223880597,335,0,0,66,0.9867424242424242,0
17.79952,5,0,0,0.0,28.674447999947006,0.9729699995659757,28.701677001663484,0.37976190476190474,336,0,0,67,0.976679104477612,0
17.82821,5,0,0,0.0,28.654245998041006,0.9555520009598695,28.68204599872115,0.3786350148367953,337,0,0,68,0.9669117647058824,0
17.85697,5,0,0,0.0,28.72650899735163,0.9812399985094089,28.747783002472715,0.37751479289940826,338,0,0,68,0.9715073529411765,0
17.88581,5,0,0,0.0,28.81732599780662,0.9730079982546158,28.846749999502208,0.376401179941003,339,0,0,69,0.9619565217391305,0
17.91467,5,0,0,0.0,28.830516999732936,1.0039459994004574,28.854578999016667,0.3752941176470588,340,0,0,69,0.9664855072463768,0
17.94324,5,0,0,0.0,28.53290899656713,0.9522869986540172,28.561195998918265,0.37419354838709673,341,0,0,71,0.9436619718309859,0
17.97535,5,0,0,0.0,32.06638700066833,0.9958820010069758,32.11053599807201,0.3730994152046784,342,0,0,71,0.9480633802816901,0
18.00405,5,0,0,0.0,28.66461600206094,0.9986029981519096,28.690745999483624,0.37201166180758016,343,0,0,71,0.9524647887323944,0
18.03313,5,0,0,0.0,29.053565998765407,0.98321599944029,29.079354997520568,0.3709302325581395,344,0,0,71,0.9568661971830986,0
18.06231,5,0,0,0.0,29.146859000320546,1.0051950011984445,29.169450997869717,0.36985507246376814,345,0,0,71,0.9612676056338029,0
18.09571,5,0,0,0.0,33.36636899985024,0.9988730016630143,33.39546999995946,0.36878612716763004,346,0,0,71,0.965669014084507,0
18.13201,5,0,0,0.0,36.26745499786921,1.2573589992825873,36.29470499799936,0.3677233429394813,347,0,0,71,0.9700704225352113,0
18.16115,5,0,0,0.0,29.11558499909006,1.021766998746898,29.137448000255972,0.3666666666666667,348,0,0,71,0.9744718309859155,0
18.21538,6,1,229,24.745869002799736,29.435200998705113,1.129599000705639,54.22427499797777,0.36198662846227314,349,0,0,86,0.9752906976744186,0
18.24455,6,0,0,0.0,29.136009001376806,1.1224769987165928,29.16243400250096,0.3609523809523809,350,0,0,86,0.9796511627906976,0
18.27354,6,0,0,0.0,28.96580900051049,1.1175340005138423,28.99270399939269,0.3599240265906932,351,0,0,86,0.9840116279069767,0
18.30289,6,0,0,0.0,29.31167999850004,1.1438299989094958,29.340815999603365,0.35890151515151514,352,0,0,87,0.9770114942528736,0
18.33286,6,0,0,0.0,29.929159001767403,1.1495279977680184,29.969179999170592,0.35788479697828135,353,0,0,65,0.9730769230769231,0
18.36223,5,0,0,0.0,29.33987799769966,0.9858020021056291,29.362257999309804,0.3615141955835962,317,0,0,65,0.9778846153846154,0
18.39122,5,0,0,0.0,28.956197998923017,0.9530570023343898,28.983075000724057,0.36037735849056607,318,0,0,66,0.9678030303030303,0
18.4198,5,0,0,0.0,28.546992001793114,0.9430369973415509,28.57280299940612,0.35924764890282135,319,0,0,66,0.9725378787878788,0
18.47336,6,1,94,24.328227998921648,29.181648998928722,1.0255619999952614,53.554582002107054,0.4161458333333333,320,0,0,74,0.9518581081081081,0
18.50264,6,0,0,0.0,29.253706998133566,1.0261710012855474,29.279015001520747,0.4148494288681205,321,0,0,74,0.9569256756756757,0
18.5318,6,0,0,0.0,29.121112998836907,1.0347509996790905,29.158980996726314,0.4135610766045549,322,0,0,54,0.9444444444444444,0
18.5607,5,0,0,0.0,28.859631998784607,0.8441350000794046,28.884775001642993,0.31999999999999995,240,0,0,55,0.9329545454545455,0
18.58956,5,0,0,0.0,28.835805002017878,0.8463430021947715,28.862167997431243,0.31867219917012446,241,0,0,55,0.9386363636363636,0
18.6187,5,0,0,0.0,29.105167999659898,0.8437889991910197,29.131299001164734,0.3173553719008264,242,0,0,55,0.9443181818181818,0
18.64767,5,0,0,0.0,28.93954400133225,0.8434090013906825,28.96527499979129,0.31604938271604943,243,0,0,55,0.95,0
18.67689,5,0,0,0.0,29.19732699956512,0.8328789990628138,29.222034998383606,0.3147540983606557,244,0,0,55,0.9556818181818182,0
18.70611,5,0,0,0.0,29.18431999933091,0.8666659996379167,29.213927999080624,0.313469387755102,245,0,0,55,0.9613636363636363,0
18.73504,5,0,0,0.0,28.89168299952871,0.854153997352114,28.92587300084415,0.31219512195121957,246,0,0,44,0.9644886363636364,0
18.76361,4,0,0,0.0,28.54504700007965,0.7619159987370949,28.567424000357278,0.31275303643724695,247,0,0,44,0.9701704545454546,0
18.79245,4,0,0,0.0,28.803854002035223,0.7733399979770184,28.826623998611467,0.311491935483871,248,0,0,44,0.9758522727272727,0
18.82145,4,0,0,0.0,28.97755700178095,0.7541590020991862,29.0061509986117,0.31024096385542166,249,0,0,45,0.9597222222222223,0
18.85035,4,0,0,0.0,28.87024600204313,0.7590850000269711,28.89482200043858,0.30900000000000005,250,0,0,45,0.9652777777777778,0
18.90384,5,1,88,24.306942999828607,29.133808002370642,0.8239089984272141,53.482169001654256,0.3760956175298805,251,0,0,51,0.9656862745098039,0
18.93269,5,0,0,0.0,28.817019003327005,0.8508720020472538,28.84191300108796,0.3746031746031746,252,0,0,51,0.9718137254901961,0
18.96171,5,0,0,0.0,28.987673998926766,0.8296619998873211,29.012086997681763,0.37312252964426873,253,0,0,52,0.9591346153846154,0
18.99081,5,0,0,0.0,29.072320998238865,0.827533000119729,29.09761100090691,0.37165354330708666,254,0,0,52,0.9651442307692307,0
19.0192,5,0,0,0.0,28.35742599927471,0.863068999024108,28.385654000885552,0.3701960784313726,255,0,0,53,0.9528301886792453,0
19.04816,5,0,0,0.0,28.929641001013806,0.8433080001850612,28.959082999790553,0.36875,256,0,0,54,0.9409722222222222,0
19.07731,5,0,0,0.0,29.111236999597168,0.8606270021118689,29.14396000051056,0.3673151750972763,257,0,0,42,0.9479166666666666,0
19.10608,4,0,0,0.0,28.740320001816144,0.7437740023306105,28.761948997271247,0.38275193798449614,258,0,0,42,0.9538690476190477,0
19.13485,4,0,0,0.0,28.744742001435952,0.7530789989687037,28.772830999514554,0.38127413127413123,259,0,0,43,0.9375,0
19.16365,4,0,0,0.0,28.774309997970704,0.7717250009591226,28.795852998882765,0.3798076923076923,260,0,0,43,0.9433139534883721,0
19.19218,4,0,0,0.0,28.50125700206263,0.7437550011673011,28.52363000056357,0.3783524904214559,261,0,0,43,0.9491279069767442,0
19.22124,4,0,0,0.0,29.031497997493716,0.7520750004914589,29.057735999231227,0.37690839694656486,262,0,0,43,0.9549418604651163,0
19.24938,4,0,0,0.0,28.110355000535492,0.7916370013845153,28.13603799950215,0.3754752851711026,263,0,0,43,0.9607558139534884,0
19.27839,4,0,0,0.0,28.982029001781484,0.7495019999623764,29.00759700060007,0.3740530303030303,264,0,0,43,0.9665697674418605,0
19.30752,4,0,0,0.0,29.090214000461856,0.7747319978079759,29.11810400109971,0.37264150943396224,265,0,0,44,0.9502840909090909,0
19.33628,4,0,0,0.0,28.73268300027121,0.7701169997744728,28.757724998285994,0.37124060150375937,266,0,0,44,0.9559659090909091,0
19.36538,4,0,0,0.0,29.0681289989152,0.7702910006628372,29.09178200206952,0.36985018726591756,267,0,0,44,0.9616477272727273,0
19.41887,5,1,100,24.31084199997713,29.135512999346247,0.8385180008190218,53.48919999960344,0.42014925373134326,268,0,0,51,0.9583333333333334,0
19.44813,5,0,0,0.0,29.229343999759294,0.8648840012028813,29.255476998514496,0.4185873605947955,269,0,0,51,0.9644607843137255,0
19.47743,5,0,0,0.0,29.266812998685054,0.863412999024149,29.29064000272774,0.417037037037037,270,0,0,51,0.9705882352941176,0
19.50605,5,0,0,0.0,28.590707999683218,0.8462639998469967,28.621620000194525,0.41549815498154985,271,0,0,52,0.9579326923076923,0
19.53536,5,0,0,0.0,29.270276998431655,0.8905670001695398,29.30019999985234,0.4139705882352941,272,0,0,53,0.9457547169811321,0
19.5644,5,0,0,0.0,29.01759599990328,0.8556569991924334,29.040994002571097,0.41245421245421243,273,0,0,53,0.9516509433962265,0
19.59345,5,0,0,0.0,29.013792001933325,0.8431059977738187,29.04029400087893,0.410948905109489,274,0,0,53,0.9575471698113207,0
19.6226,5,0,0,0.0,29.120740997313987,0.8893999984138645,29.150293998100096,0.4094545454545454,275,0,0,54,0.9456018518518519,0
19.65129,5,0,0,0.0,28.662266002356773,0.8727070016902871,28.68588599812938,0.40797101449275364,276,0,0,54,0.9513888888888888,0
19.68004,5,0,0,0.0,28.719519003061578,0.8402999992540572,28.743712002324173,0.4064981949458484,277,0,0,54,0.9571759259259259,0
19.70913,5,0,0,0.0,29.06135900047957,0.871644002472749,29.086282000207575,0.4050359712230216,278,0,0,54,0.9629629629629629,0
19.7372,5,0,0,0.0,28.036769999744138,0.871841999469325,28.060410000762204,0.40358422939068095,279,0,0,54,0.96875,0
19.76627,5,0,0,0.0,29.042526002740487,0.8631579985376447,29.06737599914777,0.40214285714285714,280,0,0,55,0.9568181818181818,0
19.79511,5,0,0,0.0,28.813906999857863,0.8853250001266133,28.84132499821135,0.40071174377224195,281,0,0,56,0.9453125,0
19.8241,5,0,0,0.0,28.95543599879602,0.8743710022827145,28.97956900051213,0.39929078014184394,282,0,0,56,0.9508928571428571,0
19.85309,5,0,0,0.0,28.96451199922012,0.889989998540841,28.990773997065844,0.39787985865724385,283,0,0,56,0.9564732142857143,0
19.88225,5,0,0,0.0,29.126508001354523,0.8909579992177896,29.152596998756053,0.39647887323943665,284,0,0,56,0.9620535714285714,0
19.91179,5,0,0,0.0,29.51414999915869,0.9075810012291186,29.539778999605915,0.3950877192982456,285,0,0,56,0.9676339285714286,0
19.94072,5,0,0,0.0,28.89553799832356,0.900622002518503,28.921035998791922,0.39370629370629373,286,0,0,56,0.9732142857142857,0
19.96937,5,0,0,0.0,28.622473997529596,0.9046839986694977,28.649421998125035,0.3923344947735191,287,0,0,57,0.9616228070175439,0
19.99847,5,0,0,0.0,29.06553799766698,0.8862739996402524,29.094975001498824,0.3909722222222223,288,0,0,58,0.9504310344827587,0
20.05206,6,1,110,24.60869499918772,28.928696003276855,0.9804750006878749,53.581846001179656,0.42791234140715106,289,0,0,65,0.9596153846153846,0
20.0822,6,0,0,0.0,30.108360002486734,0.9866929976851679,30.133730000670766,0.4264367816091954,290,0,0,65,0.9653846153846154,0
20.11138,6,0,0,0.0,29.14969899939024,1.0162649996345863,29.178560002037557,0.42497136311569306,291,0,0,67,0.9421641791044776,0
20.14023,6,0,0,0.0,28.81440999772167,0.9953480002877768,28.83765300066443,0.4235159817351598,292,0,0,67,0.9477611940298507,0
20.16929,6,0,0,0.0,29.032786998868687,1.0018640023190528,29.055641000013566,0.42207053469852107,293,0,0,67,0.9533582089552238,0
20.19833,6,0,0,0.0,29.012128001340898,1.0199169992120005,29.052912999759428,0.4206349206349206,294,0,0,67,0.9589552238805971,0
20.22689,6,0,0,0.0,28.516863996628672,0.988930001767585,28.54264800043893,0.4192090395480226,295,0,0,67,0.9645522388059702,0
20.25591,6,0,0,0.0,28.97751900309231,1.0230080006294884,29.014808998908848,0.4177927927927928,296,0,0,58,0.9547413793103449,0
20.28503,5,0,0,0.0,29.092409000440966,1.0249480001220945,29.121324001607718,0.4033670033670034,297,0,0,59,0.9438559322033898,0
20.31422,5,0,0,0.0,29.15497300273273,0.923924999369774,29.181475001678336,0.40201342281879193,298,0,0,59,0.9491525423728814,0
20.34327,5,0,0,0.0,29.01784499772475,0.9261060004064348,29.04373299679719,0.4006688963210703,299,0,0,59,0.9544491525423728,0
20.37256,5,0,0,0.0,29.25853800115874,0.9307660002377816,29.283097999723395,0.3993333333333333,300,0,0,59,0.9597457627118644,0
20.40631,5,0,0,0.0,33.721317999152234,0.9344469981442671,33.75117100222269,0.3980066445182724,301,0,0,59,0.965042372881356,0
20.4375,5,0,0,0.0,31.138259000726976,1.1031499998352956,31.181929996819235,0.3966887417218543,302,0,0,59,0.9703389830508474,0
20.46595,5,0,0,0.0,28.412632000254234,0.9542930019961204,28.438674002245534,0.39537953795379543,303,0,0,59,0.975635593220339,0
20.49522,5,0,0,0.0,29.228720002720365,0.9600189987395424,29.271727999002906,0.3940789473684211,304,0,0,31,0.9657258064516129,0
20.52404,3,0,0,0.0,28.788240000722,0.7123670002329163,28.814186000090558,0.2608024691358025,216,0,0,31,0.9717741935483871,0
20.5523,3,0,0,0.0,28.234090998012107,0.7034509981167503,28.256573998078238,0.25960061443932414,217,0,0,31,0.9778225806451613,0
20.58071,3,0,0,0.0,28.380646002915455,0.6619890009460505,28.406093999365112,0.2584097859327217,218,0,0,32,0.953125,0
20.60914,3,0,0,0.0,28.399607999745058,0.7051170032355003,28.422376002708916,0.25722983257229837,219,0,0,32,0.958984375,0
20.63741,3,0,0,0.0,28.23930300291977,0.6835409985797014,28.261707000638125,0.2560606060606061,220,0,0,32,0.96484375,0
20.66584,3,0,0,0.0,28.41076900222106,0.6739359996572603,28.431009999621892,0.2549019607843137,221,0,0,32,0.970703125,0
20.69434,3,0,0,0.0,28.448315999412443,0.6934439988981467,28.498206000222126,0.25375375375375375,222,0,0,9,0.9236111111111112,0
20.71787,1,0,0,0.0,23.502005002228543,0.5440920031105634,23.52624199920683,0.0,133,0,0,9,0.9305555555555556,0
20.74122,1,0,0,0.0,23.316263999731746,0.5536550015676767,23.340682000707602,0.0,134,0,0,9,0.9375,0
20.76462,1,0,0,0.0,23.375208002107684,0.5300789998727851,23.3951700029138,0.0,135,0,0,9,0.9444444444444444,0
20.78797,1,0,0,0.0,23.322160999668995,0.5142219997651409,23.346784997556824,0.0,136,0,0,9,0.9513888888888888,0
20.8114,1,0,0,0.0,23.393548999592895,0.54334600281436,23.424991999490885,0.0,137,0,0,9,0.9583333333333334,0
20.83469,1,0,0,0.0,23.26166900093085,0.5162560009921435,23.28306200070074,0.0,138,0,0,9,0.9652777777777778,0
20.85773,1,0,0,0.0,23.016850998828886,0.5173130011826288,23.037253999063978,0.0,139,0,0,9,0.9722222222222222,0
20.88101,1,0,0,0.0,23.24113299982855,0.557495000975905,23.270788999070646,0.0,140,0,0,9,0.9791666666666666,0
20.90476,1,0,0,0.0,23.724374997982522,0.557343999389559,23.748732997773914,0.0,141,0,0,9,0.9861111111111112,0
20.92811,1,0,0,0.0,23.318157000176143,0.6441179975809064,23.34039400011534,0.0,142,0,0,9,0.9930555555555556,0
20.9514,1,0,0,0.0,23.272428999916883,0.531833000422921,23.295173999940744,0.0,143,0,0,9,1.0,0
20.97483,1,0,0,0.0,23.399752997647738,0.534511997102527,23.42214999953285,0.0,144,0,0,10,0.90625,0
20.99799,1,0,0,0.0,23.128020999138243,0.5337779984984081,23.157718002039474,0.0,145,0,0,10,0.9125,0
21.02119,1,0,0,0.0,23.167842999100685,0.5200390005484223,23.1892070005415,0.0,146,0,0,10,0.91875,0
21.04449,1,0,0,0.0,23.272504997294163,0.5288030006340705,23.29441400070209,0.0,147,0,0,10,0.925,0
21.06764,1,0,0,0.0,23.1286310008727,0.5199109982640948,23.147542000515386,0.0,148,0,0,10,0.93125,0
21.09063,1,0,0,0.0,22.967195000092033,0.5182590030017309,22.986848001892213,0.0,149,0,0,10,0.9375,0
21.11375,1,0,0,0.0,23.08924300086801,0.52012400192325,23.109197998564923,0.0,150,0,0,10,0.94375,0
21.13674,1,0,0,0.0,22.973946997808525,0.5138390006322879,22.993042999587487,0.0,151,0,0,10,0.95,0
21.16201,1,0,0,0.0,25.24002899735933,0.5171640004846267,25.259455997002078,0.0,152,0,0,10,0.95625,0
21.18645,1,0,0,0.0,24.414610001258552,0.6960930004424881,24.434096001641592,0.0,153,0,0,10,0.9625,0
21.20986,1,0,0,0.0,23.386320001009153,0.5050330000813119,23.404699000820983,0.0,154,0,0,10,0.96875,0
21.23311,1,0,0,0.0,23.236540997459088,0.5262849990685936,23.254968000401277,0.0,155,0,0,10,0.975,0
21.25635,1,0,0,0.0,23.21695700084092,0.5170879994693678,23.236768000060692,0.0,156,0,0,10,0.98125,0
21.27966,1,0,0,0.0,23.28022500296356,0.5107659999339376,23.299697000766173,0.0,157,0,0,10,0.9875,0
21.303,1,0,0,0.0,23.314453999773832,0.5220610000833403,23.33972099950188,0.0,158,0,0,10,0.99375,0
21.32643,1,0,0,0.0,23.396717999276007,0.5241309991106391,23.42017499904614,0.0,159,0,0,10,1.0,0
21.34988,1,0,0,0.0,23.425292001775233,0.5500730003404897,23.44987699689227,0.0,160,0,0,11,0.9147727272727273,0
21.37312,1,0,0,0.0,23.21543399739312,0.548996998986695,23.23432800039882,0.0,161,0,0,11,0.9204545454545454,0
21.39613,1,0,0,0.0,22.98450299713295,0.5250220019661356,23.00275900051929,0.0,162,0,0,11,0.9261363636363636,0
21.41924,1,0,0,0.0,23.084119999111863,0.513113998749759,23.10380500057363,0.0,163,0,0,11,0.9318181818181818,0
21.44229,1,0,0,0.0,23.028229999908945,0.5204570006753784,23.05285200054641,0.0,164,0,0,0,0.0,0
21.49293,1,1,189,24.93916000094032,22.97486499810475,0.5368639976950362,47.94848899837234,0.0,189,0,0,12,0.9895833333333334,0
21.51585,1,0,0,0.0,22.89004100020975,0.558640000235755,22.911230000318028,0.0,190,0,0,12,0.9947916666666666,0
21.53904,1,0,0,0.0,23.1716670023161,0.5446220020530745,23.19274200272048,0.0,191,0,0,12,1.0,0
21.59142,2,1,129,24.411318001511972,27.925100999709684,0.5644200027745683,52.37579899767297,0.1640625,192,0,0,22,0.9176136363636364,0
21.61947,2,0,0,0.0,28.014806997816777,0.5891170003451407,28.039189000992337,0.16321243523316065,193,0,0,22,0.9232954545454546,0
21.64726,2,0,0,0.0,27.764266000303905,0.5959119989711326,27.78652699998929,0.16237113402061853,194,0,0,22,0.9289772727272727,0
21.67523,2,0,0,0.0,27.945483998337295,0.5928659993514884,27.9664949994185,0.16153846153846152,195,0,0,22,0.9346590909090909,0
21.70312,2,0,0,0.0,27.857390999997733,0.6115030009823386,27.87988199997926,0.1607142857142857,196,0,0,22,0.9403409090909091,0
21.73115,2,0,0,0.0,27.997291999781737,0.6242020026547834,28.02005700141308,0.15989847715736039,197,0,0,22,0.9460227272727273,0
21.75921,2,0,0,0.0,28.032285001245327,0.6268440010899212,28.055844999471446,0.15909090909090906,198,0,0,22,0.9517045454545454,0
21.78674,2,0,0,0.0,27.509606999956304,0.607947997195879,27.529746999789495,0.15829145728643212,199,0,0,22,0.9573863636363636,0
21.81467,2,0,0,0.0,27.89762600150425,0.607098001637496,27.919629999814788,0.15749999999999997,200,0,0,22,0.9630681818181818,0
21.84282,2,0,0,0.0,28.130278002208797,0.6055349986127112,28.153761999419658,0.15671641791044777,201,0,0,22,0.96875,0
21.8712,2,0,0,0.0,28.34815599999274,0.6407350010704249,28.370792999339756,0.15594059405940597,202,0,0,22,0.9744318181818182,0
21.89939,2,0,0,0.0,28.157561999250902,0.644207997538615,28.180769997561583,0.15517241379310343,203,0,0,22,0.9801136363636364,0
21.92735,2,0,0,0.0,27.920765001908876,0.6094829986977857,27.95583500119392,0.15441176470588236,204,0,0,22,0.9857954545454546,0
21.95541,2,0,0,0.0,28.038815002219053,0.6162730023788754,28.06297600182006,0.15365853658536588,205,0,0,22,0.9914772727272727,0
21.9836,2,0,0,0.0,28.160391997516854,0.6148510001366958,28.182350997667527,0.15291262135922334,206,0,0,22,0.9971590909090909,0
22.01091,2,0,0,0.0,27.281579001282807,0.6139819997770246,27.306660002068384,0.15217391304347827,207,0,0,23,0.9592391304347826,0
22.03897,2,0,0,0.0,28.024789000482997,0.6371050003508572,28.0491429984977,0.1514423076923077,208,0,0,24,0.9244791666666666,0
22.06702,2,0,0,0.0,28.03239999775542,0.6265029987844173,28.052137997292448,0.15071770334928225,209,0,0,24,0.9296875,0
22.09522,2,0,0,0.0,28.17517700168537,0.6224130011105444,28.19699999963632,0.15000000000000002,210,0,0,24,0.9348958333333334,0
22.12318,2,0,0,0.0,27.917482999328058,0.6408899971575011,27.9486210019968,0.1492890995260664,211,0,0,24,0.9401041666666666,0
22.15093,2,0,0,0.0,27.72387000004528,0.6292110010690521,27.745958999730647,0.1485849056603774,212,0,0,24,0.9453125,0
22.17894,2,0,0,0.0,27.98835599969607,0.6280820016399957,28.009114001179114,0.147887323943662,213,0,0,24,0.9505208333333334,0
22.2087,2,0,0,0.0,29.736246000538813,0.632077000773279,29.76101300009759,0.14719626168224298,214,0,0,24,0.9557291666666666,0
22.23728,2,0,0,0.0,28.5510499998054,0.836761999380542,28.574862000823487,0.1465116279069767,215,0,0,24,0.9609375,0
22.26587,2,0,0,0.0,28.552865998790367,0.6451640001614578,28.573930998391006,0.14583333333333337,216,0,0,24,0.9661458333333334,0
22.31897,3,1,161,24.721223999222275,28.336125000350876,0.6609570009459276,53.09733600006439,0.18279569892473113,217,0,0,35,0.9553571428571429,0
22.34727,3,0,0,0.0,28.27362800235278,0.7123640025383793,28.297042001213413,0.18195718654434245,218,0,0,35,0.9607142857142857,0
22.37588,3,0,0,0.0,28.58274100071867,0.6969739988562651,28.60511299877544,0.18112633181126336,219,0,0,35,0.9660714285714286,0
22.40413,3,0,0,0.0,28.222501001437195,0.7163519985624589,28.24430300097447,0.1803030303030303,220,0,0,35,0.9714285714285714,0
22.43234,3,0,0,0.0,28.17326299918932,0.690077999024652,28.20944400082226,0.17948717948717952,221,0,0,35,0.9767857142857143,0
22.46079,3,0,0,0.0,28.42145699833054,0.7145700001274236,28.444280000258004,0.1786786786786787,222,0,0,35,0.9821428571428571,0
22.48856,3,0,0,0.0,27.735342002415564,0.7094590000633616,27.757781001128023,0.17787742899850523,223,0,0,36,0.9600694444444444,0
22.51667,3,0,0,0.0,28.081249998649582,0.6706049971398897,28.10591600064072,0.17708333333333337,224,0,0,37,0.9391891891891891,0
22.54476,3,0,0,0.0,28.070835000107763,0.6887620002089534,28.091034000681248,0.17629629629629628,225,0,0,37,0.9442567567567568,0
22.57285,3,0,0,0.0,28.05925299981027,0.6909290023031645,28.078298000764335,0.17551622418879054,226,0,0,37,0.9493243243243243,0
22.60077,3,0,0,0.0,27.89833199858549,0.6793920001655351,27.91966399672674,0.1747430249632893,227,0,0,37,0.9543918918918919,0
22.62882,3,0,0,0.0,28.02537699972163,0.703419998899335,28.04958300112048,0.17397660818713445,228,0,0,37,0.9594594594594594,0
22.65698,3,0,0,0.0,28.127342000516364,0.714474001142662,28.15149700109032,0.17321688500727805,229,0,0,37,0.964527027027027,0
22.6853,3,0,0,0.0,28.284478998102713,0.7045400016068015,28.30578600332956,0.172463768115942,230,0,0,37,0.9695945945945946,0
22.71292,3,0,0,0.0,27.59504899950116,0.6998780008871108,27.618094001809368,0.1717171717171717,231,0,0,37,0.9746621621621622,0
22.7411,3,0,0,0.0,28.14657799899578,0.7206599984783679,28.171382000437006,0.17097701149425293,232,0,0,38,0.9539473684210527,0
22.76919,3,0,0,0.0,28.068028997950023,0.6951909999770578,28.088928000215674,0.1702432045779685,233,0,0,38,0.9588815789473685,0
22.79727,3,0,0,0.0,28.053057001670823,0.6894760008435696,28.075878999516135,0.16951566951566954,234,0,0,38,0.9638157894736842,0
22.8254,3,0,0,0.0,28.106039000704186,0.7060729985823855,28.128911999374395,0.16879432624113477,235,0,0,38,0.96875,0
22.87737,4,1,123,23.87091100172256,28.05330299815978,0.7423370007018093,51.96171699935803,0.2457627118644068,236,0,0,46,0.9728260869565217,0
22.90557,4,0,0,0.0,28.176357998745516,0.742615000490332,28.199879001476802,0.24472573839662448,237,0,0,46,0.9782608695652174,0
22.93362,4,0,0,0.0,28.02228099972126,0.7609870008309372,28.04577899951255,0.24369747899159666,238,0,0,46,0.9836956521739131,0
22.96129,4,0,0,0.0,27.637062001304002,0.7620739997946657,27.663242002745392,0.2426778242677824,239,0,0,47,0.9680851063829787,0
22.98945,4,0,0,0.0,28.132543000538135,0.756763998651877,28.155405998404603,0.2416666666666667,240,0,0,48,0.953125,0
23.01754,4,0,0,0.0,28.059724001650466,0.7403909985441715,28.085800000553718,0.2406639004149378,241,0,0,49,0.9387755102040817,0
23.04583,4,0,0,0.0,28.261468996788608,0.7759209984214976,28.28465000129654,0.23966942148760328,242,0,0,49,0.9438775510204082,0
23.07432,4,0,0,0.0,28.462072998081567,0.7766130001982674,28.502790999482386,0.23868312757201648,243,0,0,49,0.9489795918367347,0
23.1028,4,0,0,0.0,28.435469001124147,0.7859649995225482,28.46109599704505,0.23770491803278693,244,0,0,49,0.9540816326530612,0
23.13113,4,0,0,0.0,28.29448299962678,0.7937759983178694,28.318985001533292,0.23673469387755097,245,0,0,49,0.9591836734693877,0
23.15944,4,0,0,0.0,28.265185999771347,0.7653050015505869,28.29106300123385,0.2357723577235772,246,0,0,49,0.9642857142857143,0
23.18745,4,0,0,0.0,27.98318500208552,0.7644950019312091,28.007040000375127,0.23481781376518218,247,0,0,49,0.9693877551020408,0
23.21567,4,0,0,0.0,28.186570001707878,0.7588789994770195,28.2111390006321,0.2338709677419355,248,0,0,50,0.955,0
23.24388,4,0,0,0.0,28.17744699859759,0.7748120005999226,28.210345000843517,0.23293172690763053,249,0,0,38,0.9555921052631579,0
23.27204,3,0,0,0.0,28.128459998697508,0.7119900001271162,28.157106000435306,0.22533333333333339,250,0,0,22,0.9460227272727273,0
23.30012,2,0,0,0.0,28.048391999618616,0.6038300016371068,28.071617998648435,0.1461538461538462,195,0,0,22,0.9517045454545454,0
23.32821,2,0,0,0.0,28.06136300205253,0.6157230018288828,28.086198999517364,0.14540816326530615,196,0,0,22,0.9573863636363636,0
23.35627,2,0,0,0.0,28.030929002852645,0.6205850004334934,28.053489000740228,0.14467005076142136,197,0,0,22,0.9630681818181818,0
23.38485,2,0,0,0.0,28.555533001053846,0.617513000179315,28.579871002875734,0.14393939393939392,198,0,0,22,0.96875,0
23.41246,2,0,0,0.0,27.581777998420876,0.646797998342663,27.605238999967696,0.14321608040201006,199,0,0,22,0.9744318181818182,0
23.44056,2,0,0,0.0,28.06591500120703,0.6258680004975758,28.08935999928508,0.14249999999999996,200,0,0,22,0.9801136363636364,0
23.46891,2,0,0,0.0,28.327145999355707,0.6226810000953265,28.35141399918939,0.14179104477611937,201,0,0,23,0.9429347826086957,0
23.49719,2,0,0,0.0,28.245756999240257,0.6471960005001165,28.2696100002795,0.1410891089108911,202,0,0,23,0.9483695652173914,0
23.52522,2,0,0,0.0,28.001905000564875,0.6227859994396567,28.024422001180938,0.14039408866995073,203,0,0,23,0.9538043478260869,0
23.55322,2,0,0,0.0,27.974183998594526,0.61416099924827,27.99851399686304,0.13970588235294112,204,0,0,23,0.9592391304347826,0
23.5815,2,0,0,0.0,28.251739997358527,0.6317029983620159,28.273410000110744,0.13902439024390245,205,0,0,23,0.9646739130434783,0
23.60952,2,0,0,0.0,27.998198002023855,0.6099790007283445,28.019366996886674,0.13834951456310685,206,0,0,23,0.970108695652174,0
23.63698,2,0,0,0.0,27.430484002252342,0.6136880001577083,27.464666000014404,0.1376811594202898,207,0,0,23,0.9755434782608695,0
23.66513,2,0,0,0.0,28.109156002756208,0.6360350016620941,28.136119999544462,0.13701923076923073,208,0,0,24,0.9401041666666666,0
23.69351,2,0,0,0.0,28.34994500153698,0.7461399982275907,28.37383400037652,0.13636363636363635,209,0,0,24,0.9453125,0
23.72157,2,0,0,0.0,28.02847899874905,0.6262610004341695,28.051484001480276,0.13571428571428568,210,0,0,24,0.9505208333333334,0
23.75,2,0,0,0.0,28.393112999765435,0.6125869986135513,28.42527800021344,0.13507109004739337,211,0,0,24,0.9557291666666666,0
23.77869,2,0,0,0.0,28.66105199791491,0.639476998912869,28.683373999228934,0.13443396226415094,212,0,0,24,0.9609375,0
23.83231,3,1,143,24.988278000819264,28.58986499995808,0.6894470025144983,53.61977600114187,0.19874804381846634,213,0,0,33,0.9753787878787878,0
23.86069,3,0,0,0.0,28.33223900233861,0.6737780022376683,28.37278000151855,0.19781931464174451,214,0,0,34,0.9522058823529411,0
23.88876,3,0,0,0.0,28.04614599881461,0.6945150016690604,28.06823400169378,0.1968992248062016,215,0,0,34,0.9577205882352942,0
23.91731,3,0,0,0.0,28.520682997623226,0.6976369986659847,28.54333399955067,0.19598765432098764,216,0,0,34,0.9632352941176471,0
23.94609,3,0,0,0.0,28.735011001117527,0.6895820006320719,28.77662700120709,0.19508448540706602,217,0,0,35,0.9410714285714286,0
23.97518,3,0,0,0.0,29.06478399745538,0.700675998814404,29.08680900145555,0.1941896024464832,218,0,0,35,0.9464285714285714,0
24.00398,3,0,0,0.0,28.76712199940812,0.7064980018185452,28.798768998967716,0.19330289193302896,219,0,0,35,0.9517857142857142,0
24.0362,3,0,0,0.0,32.18411499983631,0.6989659996179398,32.20683500330779,0.1924242424242424,220,0,0,35,0.9571428571428572,0
24.06502,3,0,0,0.0,28.789587999199284,0.7175939972512424,28.812742999434704,0.19155354449472095,221,0,0,35,0.9625,0
24.09422,3,0,0,0.0,29.17499300019699,0.7010409972281195,29.20071400149027,0.19069069069069067,222,0,0,35,0.9678571428571429,0
24.15824,4,1,185,31.662590001360513,32.306447999872034,0.996525999653386,64.01181899855146,0.18497757847533636,223,0,0,47,0.9720744680851063,0
24.18718,4,0,0,0.0,28.90402999764774,0.7667740028409753,28.931722001289017,0.1841517857142857,224,0,0,48,0.95703125,0
24.22066,4,0,0,0.0,33.44610299973283,0.7931869986350648,33.472543000243604,0.18333333333333335,225,0,0,48,0.9622395833333334,0
24.25015,4,0,0,0.0,29.458371998771327,1.0961039988615084,29.483559999789577,0.1825221238938053,226,0,0,48,0.9674479166666666,0
24.27912,4,0,0,0.0,28.93934700114187,0.7717200023762416,28.96279900232912,0.18171806167400884,227,0,0,48,0.97265625,0
24.3082,4,0,0,0.0,29.052700996544445,0.7985310003277846,29.078730000037467,0.18092105263157898,228,0,0,48,0.9778645833333334,0
24.3614,5,1,112,24.365672998101218,28.779324999050004,0.8473829984723125,53.187491997960024,0.24628820960698694,229,0,0,56,0.96875,0
24.39045,5,0,0,0.0,29.02083099979791,0.8220470008382108,29.04831500200089,0.24521739130434783,230,0,0,58,0.9407327586206896,0
24.41882,5,0,0,0.0,28.33974399982253,0.8645390007586684,28.365360001771478,0.24415584415584413,231,0,0,58,0.9461206896551724,0
24.4479,5,0,0,0.0,29.056120998575352,0.8745559971430339,29.079859999910695,0.24310344827586206,232,0,0,58,0.9515086206896551,0
24.47677,5,0,0,0.0,28.834357999585336,0.8696879995113704,28.85997599878465,0.24206008583690986,233,0,0,59,0.940677966101695,0
24.50582,5,0,0,0.0,29.016386997682275,0.870315998326987,29.04219799893326,0.24102564102564106,234,0,0,59,0.9459745762711864,0
24.5347,5,0,0,0.0,28.857098001026316,0.8827599995129276,28.882167000119807,0.24,235,0,0,59,0.951271186440678,0
24.56357,5,0,0,0.0,28.836008998041507,0.8577079970564228,28.85964300003252,0.23898305084745763,236,0,0,59,0.9565677966101694,0
24.59275,5,0,0,0.0,29.15088400186505,0.8640520027256571,29.175448002206394,0.23797468354430384,237,0,0,59,0.961864406779661,0
24.6217,5,0,0,0.0,28.927886000019498,0.8794200002739672,28.951574000529945,0.23697478991596643,238,0,0,59,0.9671610169491526,0
24.64989,5,0,0,0.0,28.154986001027282,0.8639500010758638,28.17872699961299,0.23598326359832633,239,0,0,59,0.972457627118644,0
24.67912,5,0,0,0.0,29.196450999734225,0.8792579974397086,29.22246700109099,0.235,240,0,0,60,0.9614583333333333,0
24.70817,5,0,0,0.0,29.0275199986354,0.8886750001693144,29.053091999230674,0.2340248962655601,241,0,0,60,0.9666666666666667,0
24.76224,6,1,141,24.95022399671143,29.069000000163214,0.9542150000925176,54.063778999989154,0.2637741046831956,242,0,0,69,0.9737318840579711,0
24.7915,6,0,0,0.0,29.226798000308918,0.9677329981059302,29.25156600031187,0.26268861454046644,243,0,0,69,0.9791666666666666,0
24.82041,6,0,0,0.0,28.876421001768904,0.959573000727687,28.908713000419084,0.26161202185792354,244,0,0,53,0.9929245283018868,0
24.84853,5,0,0,0.0,28.082999000616837,0.8317310021084268,28.109965998737607,0.1864734299516908,207,0,0,55,0.9625,0
24.90228,6,1,208,24.699773002794245,28.999944999668514,0.9158350003417581,53.74543099969742,0.1546474358974359,208,0,0,71,0.9339788732394366,0
24.93109,6,0,0,0.0,28.783556997950654,0.9288210021622945,28.808149003452854,0.15390749601275922,209,0,0,71,0.9392605633802817,0
24.9602,6,0,0,0.0,29.075480000756215,0.9268470021197572,29.100100000505336,0.15317460317460319,210,0,0,71,0.9445422535211268,0
24.98939,6,0,0,0.0,29.156369000702398,0.9559909995005,29.182161000790074,0.15244865718799372,211,0,0,72,0.9366319444444444,0
25.01825,6,0,0,0.0,28.83898300206056,0.9297249998780899,28.862635997938924,0.15172955974842772,212,0,0,72,0.9418402777777778,0
25.04742,6,0,0,0.0,29.13727999839466,0.9415889981028158,29.162445000110893,0.15101721439749605,213,0,0,72,0.9470486111111112,0
25.07649,6,0,0,0.0,29.042725000181235,0.9373229986522347,29.06597199762473,0.15031152647975077,214,0,0,72,0.9522569444444444,0
25.10495,6,0,0,0.0,28.432356997655006,0.9385500015923753,28.45794300083071,0.14961240310077517,215,0,0,72,0.9574652777777778,0
25.13397,6,0,0,0.0,28.984199001570232,0.9511859971098602,29.008781002630712,0.1489197530864198,216,0,0,72,0.9626736111111112,0
25.1629,6,0,0,0.0,28.90248499898007,0.9503930014034268,28.92545800204971,0.1482334869431644,217,0,0,72,0.9678819444444444,0
25.19258,6,0,0,0.0,29.65641199989477,0.951335001445841,29.680570001801243,0.14755351681957185,218,0,0,72,0.9730902777777778,0
25.22166,6,0,0,0.0,29.045637002127478,0.9692019993963186,29.070240001601633,0.14687975646879758,219,0,0,72,0.9782986111111112,0
25.27573,7,1,121,24.234205000539077,29.78662500026985,1.0333810023439582,54.06855200271821,0.18961038961038956,220,0,0,80,0.98046875,0
25.32927,8,1,256,24.297831998410402,29.19031700002961,1.1646519997157156,53.53803300022264,0.26220703125,256,0,0,97,0.9787371134020618,0
25.3584,8,0,0,0.0,29.09755899963784,1.2159480029367842,29.12441200169269,0.2611867704280155,257,0,0,97,0.9838917525773195,0
25.38972,8,0,0,0.0,31.279238002753118,1.1893029986822512,31.306627999583725,0.2601744186046512,258,0,0,99,0.9690656565656566,0
25.41894,8,0,0,0.0,29.18518899969058,1.214244999573566,29.214959002274554,0.2591698841698842,259,0,0,102,0.9454656862745098,0
25.44821,8,0,0,0.0,29.24114699999336,1.2291479979467113,29.26722600022913,0.2581730769230769,260,0,0,102,0.9503676470588235,0
25.47767,8,0,0,0.0,29.430490998493042,1.2226760009070858,29.453713999828324,0.257183908045977,261,0,0,102,0.9552696078431373,0
25.50692,8,0,0,0.0,29.21882999726222,1.2415570017765276,29.247631999169243,0.2562022900763359,262,0,0,104,0.9417067307692307,0
25.53531,8,0,0,0.0,28.360719999909634,1.221104001160711,28.385954999976093,0.2552281368821293,263,0,0,104,0.9465144230769231,0
25.56444,8,0,0,0.0,29.08713899887516,1.1963430006289855,29.126766999979736,0.25426136363636365,264,0,0,104,0.9513221153846154,0
25.59368,8,0,0,0.0,29.20352499859291,1.2150019974797033,29.22694700100692,0.2533018867924528,265,0,0,104,0.9561298076923077,0
25.62285,8,0,0,0.0,29.143200001271907,1.2318030021560844,29.168446999392472,0.2523496240601504,266,0,0,104,0.9609375,0
25.65206,8,0,0,0.0,29.18036399933044,1.2474659997678827,29.20610599903739,0.2514044943820225,267,0,0,104,0.9657451923076923,0
25.68117,8,0,0,0.0,29.086220001772745,1.227780998306116,29.109987000992987,0.25046641791044777,268,0,0,104,0.9705528846153846,0
25.71022,8,0,0,0.0,29.021537000517128,1.233345003129216,29.047825999441557,0.24953531598513012,269,0,0,104,0.9753605769230769,0
25.73919,8,0,0,0.0,28.93726199908997,1.2484140024753287,28.962052001588745,0.24861111111111112,270,0,0,104,0.9801682692307693,0
25.76746,8,0,0,0.0,28.24195100038196,1.2307459983276203,28.264709002542077,0.24769372693726932,271,0,0,104,0.9849759615384616,0
25.79673,8,0,0,0.0,29.241229000035673,1.231330999871716,29.270375998748932,0.24678308823529416,272,0,0,105,0.9803571428571428,0
25.82585,8,0,0,0.0,29.08424199995352,1.2750880014209542,29.110903000400867,0.2458791208791209,273,0,0,105,0.9851190476190477,0
25.8549,8,0,0,0.0,29.01257199846441,1.261909001186723,29.040359000646276,0.24498175182481752,274,0,0,107,0.9713785046728972,0
25.88444,8,0,0,0.0,29.515744998207083,1.2697519996436313,29.544975001044804,0.24409090909090914,275,0,0,110,0.9494318181818182,0
25.91352,8,0,0,0.0,29.04385299916612,1.2827589998778421,29.069152998999925,0.2432065217391305,276,0,0,110,0.9539772727272727,0
25.94271,8,0,0,0.0,29.159483998228097,1.2762340011249762,29.184490002080565,0.24232851985559567,277,0,0,110,0.9585227272727272,0
25.9719,8,0,0,0.0,29.15732900146395,1.2924760012538172,29.186186999140773,0.2414568345323741,278,0,0,112,0.9458705357142857,0
26.00072,8,0,0,0.0,28.789795000193408,1.4615500003856141,28.814646000682842,0.24059139784946237,279,0,0,112,0.9503348214285714,0
26.03001,8,0,0,0.0,29.258516999107087,1.309073999436805,29.284996999194846,0.23973214285714284,280,0,0,112,0.9547991071428571,0
26.05944,8,0,0,0.0,29.40170000147191,1.3059949997114018,29.42799499942339,0.23887900355871883,281,0,0,112,0.9592633928571429,0
26.08868,8,0,0,0.0,29.206504001194844,1.2769950008078013,29.22997199857491,0.23803191489361697,282,0,0,112,0.9637276785714286,0
26.11786,8,0,0,0.0,29.15510599996196,1.2959859996044543,29.18152400161489,0.23719081272084808,283,0,0,112,0.9681919642857143,0
26.17392,9,1,77,24.389389000134543,31.620350000594044,1.383389000693569,56.051152998406906,0.29107981220657275,284,0,0,117,0.9727564102564102,0
26.20331,9,0,0,0.0,29.362840999965556,1.4041950016689952,29.392125998128904,0.2900584795321638,285,0,0,117,0.9775641025641025,0
26.23265,9,0,0,0.0,29.289619000337552,1.3945430000603665,29.317122000065865,0.289044289044289,286,0,0,117,0.9823717948717948,0
26.2613,9,0,0,0.0,28.599880999536254,1.4181320002535358,28.628410000237636,0.28803716608594654,287,0,0,118,0.9788135593220338,0
26.2909,9,0,0,0.0,29.5629079992068,1.3858929996786173,29.59887000179151,0.2870370370370371,288,0,0,108,0.9733796296296297,0
26.32013,8,0,0,0.0,29.194369999459013,1.3067789986962453,29.22072100045625,0.27249134948096887,289,0,0,108,0.9780092592592593,0
26.34932,8,0,0,0.0,29.15460499934852,1.318877999437973,29.208916999778012,0.27155172413793105,290,0,0,93,0.9690860215053764,0
26.37879,7,0,0,0.0,29.411479998088907,1.1587779990804847,29.439299996738555,0.29209621993127144,291,0,0,95,0.9532894736842106,0
26.4079,7,0,0,0.0,29.086855000059586,1.180424998892704,29.11091799978749,0.29109589041095896,292,0,0,95,0.9578947368421052,0
26.43701,7,0,0,0.0,29.08608399957302,1.1692629996105097,29.110880997905042,0.2901023890784983,293,0,0,95,0.9625,0
26.46612,7,0,0,0.0,29.074861002300167,1.1749109980883077,29.104107998136897,0.2891156462585034,294,0,0,97,0.9471649484536082,0
26.49479,7,0,0,0.0,28.635894999752054,1.1695409993990324,28.666221001913073,0.288135593220339,295,0,0,97,0.9516752577319587,0
26.52406,7,0,0,0.0,29.23326400195947,1.1924840000574477,29.258778999064816,0.28716216216216217,296,0,0,97,0.9561855670103093,0
26.55314,7,0,0,0.0,29.051814999547787,1.1896210016857367,29.076986000291072,0.2861952861952862,297,0,0,97,0.9606958762886598,0
26.58248,7,0,0,0.0,29.307754997716984,1.1895540010300465,29.33438099717023,0.28523489932885904,298,0,0,97,0.9652061855670103,0
26.61177,7,0,0,0.0,29.263731001265114,1.1915360009879805,29.289248002896784,0.28428093645484953,299,0,0,97,0.9697164948453608,0
26.64092,7,0,0,0.0,29.122366999217775,1.2002820003544912,29.146893000870477,0.2833333333333333,300,0,0,97,0.9742268041237113,0
26.67014,7,0,0,0.0,29.191785997682018,1.1941360025957692,29.21733699986362,0.28239202657807305,301,0,0,97,0.9787371134020618,0
26.69931,7,0,0,0.0,29.128972000762587,1.2045340008626226,29.16223400097806,0.2814569536423841,302,0,0,80,0.9828125,0
26.72816,6,0,0,0.0,28.797644001315348,1.0678690014174208,28.848277001088718,0.30803080308030806,303,0,0,65,0.975,0
26.75798,5,0,0,0.0,29.78178199919057,0.957134001509985,29.823230997862993,0.33289473684210524,304,0,0,66,0.9649621212121212,0
26.78922,5,0,0,0.0,31.197157000860898,1.3658339994435664,31.222076999256387,0.33180327868852455,305,0,0,66,0.9696969696969697,0
26.81953,5,0,0,0.0,30.27921699685976,0.981234999926528,30.308997000247473,0.33071895424836606,306,0,0,67,0.9598880597014925,0
26.84917,5,0,0,0.0,29.6071100019617,0.9751180004968774,29.63516899762908,0.3296416938110749,307,0,0,68,0.9503676470588235,0
26.87858,5,0,0,0.0,29.366390001086984,0.9557359990139958,29.395174999081064,0.3285714285714286,308,0,0,68,0.9549632352941176,0
26.90779,5,0,0,0.0,29.189400000177557,0.9575990006851498,29.215217000455596,0.3275080906148867,309,0,0,68,0.9595588235294118,0
26.93666,5,0,0,0.0,28.830479001044296,0.9570689981046598,28.85922400309937,0.3264516129032258,310,0,0,69,0.9501811594202898,0
26.96507,5,0,0,0.0,28.37798499967903,0.9576679985912051,28.4037650017126,0.3254019292604502,311,0,0,69,0.9547101449275363,0
26.99476,5,0,0,0.0,29.66398199714604,0.9617739997338504,29.68949999922188,0.3243589743589743,312,0,0,69,0.9592391304347826,0
27.02394,5,0,0,0.0,29.151456998079084,0.9875680007098708,29.177999997045845,0.3233226837060703,313,0,0,69,0.9637681159420289,0
27.05317,5,0,0,0.0,29.19929299969226,0.9772020021046046,29.224998997960938,0.3222929936305733,314,0,0,69,0.9682971014492754,0
27.0827,5,0,0,0.0,29.500679000193486,0.9835810014919844,29.5238500002597,0.32126984126984126,315,0,0,69,0.9728260869565217,0
27.11198,5,0,0,0.0,29.247065001982264,0.973150999925565,29.27239400014514,0.32025316455696207,316,0,0,69,0.9773550724637681,0
27.14143,5,0,0,0.0,29.42018500107224,0.9907620005833451,29.446058000758057,0.31924290220820184,317,0,0,69,0.9818840579710145,0
27.17045,5,0,0,0.0,28.986880999582354,0.9562070008541923,29.012189999775728,0.31823899371069186,318,0,0,69,0.9864130434782609,0
27.19895,5,0,0,0.0,28.46904499892844,0.9583489991200622,28.496540002379334,0.3172413793103448,319,0,0,70,0.9767857142857143,0
27.22824,5,0,0,0.0,29.25663299902226,0.9803990033105947,29.284357999131316,0.31625000000000003,320,0,0,71,0.9674295774647887,0
27.25728,5,0,0,0.0,29.01209099945845,0.9765749964572024,29.03651000087848,0.31526479750778813,321,0,0,71,0.971830985915493,0
27.31217,6,1,175,25.43543700085138,29.402453001239337,1.0920669992628973,54.886617999727605,0.337991718426501,322,0,0,83,0.9676204819277109,0
27.34164,6,0,0,0.0,29.435161002766108,1.0937480001302902,29.4642560002103,0.33694530443756454,323,0,0,85,0.9492647058823529,0
27.37108,6,0,0,0.0,29.407613998046145,1.1009260015271138,29.43457500077784,0.3359053497942387,324,0,0,85,0.9536764705882353,0
27.40056,6,0,0,0.0,29.44713699980639,1.1198169995623175,29.470943998603616,0.33487179487179486,325,0,0,85,0.9580882352941177,0
27.42996,6,0,0,0.0,29.37152199956472,1.1031230023945682,29.399040002317633,0.3338445807770961,326,0,0,86,0.9513081395348837,0
27.45906,6,0,0,0.0,29.067153001960833,1.1226300011912826,29.091986998537323,0.3328236493374108,327,0,0,86,0.9556686046511628,0
27.4888,6,0,0,0.0,29.70380999977351,1.1139280031784438,29.736245996900834,0.3318089430894309,328,0,0,69,0.9592391304347826,0
27.51826,5,0,0,0.0,29.428460999042727,0.9875180003291462,29.46519200122566,0.3562310030395137,329,0,0,69,0.9637681159420289,0
27.57287,6,1,198,24.840073001541896,29.71516999969026,1.105771996662952,54.600659997959156,0.36262626262626263,330,0,0,82,0.9664634146341463,0
27.60308,6,0,0,0.0,30.18012199754594,1.1375569993106183,30.208293999749003,0.3615307150050352,331,0,0,82,0.9710365853658537,0
27.63278,6,0,0,0.0,29.660936997970566,1.124180998886004,29.68703900114633,0.36044176706827313,332,0,0,82,0.975609756097561,0
27.66246,6,0,0,0.0,29.65344299809658,1.127005998569075,29.682463999051834,0.35935935935935936,333,0,0,82,0.9801829268292683,0
27.69214,6,0,0,0.0,29.64178199908929,1.0996130004059523,29.66541500063613,0.35828343313373257,334,0,0,82,0.9847560975609756,0
27.721,6,0,0,0.0,28.83401700091781,1.1123049989691935,28.862543000286678,0.35721393034825866,335,0,0,83,0.9774096385542169,0
27.75071,6,0,0,0.0,29.670804000488715,1.1152070001116954,29.70070199808106,0.3561507936507936,336,0,0,84,0.9702380952380952,0
27.78023,6,0,0,0.0,29.496399001800455,1.1269360002188478,29.520030002458952,0.35509396636993074,337,0,0,84,0.9747023809523809,0
27.80952,6,0,0,0.0,29.240910000225995,1.1223340006836224,29.286203000083333,0.354043392504931,338,0,0,69,0.9737318840579711,0
27.83898,5,0,0,0.0,29.42689799965592,0.9698510002635885,29.456332998961443,0.3657817109144543,339,0,0,70,0.9642857142857143,0
27.86843,5,0,0,0.0,29.412767002213513,1.0049310003523715,29.441151000355603,0.3647058823529412,340,0,0,71,0.9551056338028169,0
27.89794,5,0,0,0.0,29.47148899693275,0.9735370003909338,29.507314000511542,0.36363636363636365,341,0,0,49,0.9540816326530612,0
27.92697,4,0,0,0.0,29.000130998610985,0.8210710002458654,29.02750700013712,0.10952380952380958,210,0,0,50,0.94,0
27.95599,4,0,0,0.0,28.982329000427853,0.7972300008987077,29.007856002863264,0.1090047393364929,211,0,0,50,0.945,0
27.98515,4,0,0,0.0,29.13583500048844,0.7954089996928815,29.15801100243698,0.10849056603773588,212,0,0,50,0.95,0
28.01419,4,0,0,0.0,29.009359001065604,0.8046360017033294,29.034371000307146,0.107981220657277,213,0,0,50,0.955,0
28.04305,4,0,0,0.0,28.834873999585398,0.8077679995039944,28.858925998065388,0.10747663551401865,214,0,0,50,0.96,0
28.0713,4,0,0,0.0,28.214814999955706,0.8053260025917552,28.24044400040293,0.10697674418604652,215,0,0,50,0.965,0
28.10048,4,0,0,0.0,29.154400999686914,0.7786490023136139,29.180336998251732,0.10648148148148151,216,0,0,50,0.97,0
28.12937,4,0,0,0.0,28.85281999988365,0.8031030010897666,28.878011002234416,0.10599078341013823,217,0,0,50,0.975,0
28.15829,4,0,0,0.0,28.89172499999404,0.7764120018691756,28.91504699800862,0.10550458715596334,218,0,0,50,0.98,0
28.18743,4,0,0,0.0,29.113626998878317,0.780783000664087,29.139204998500645,0.10502283105022836,219,0,0,51,0.9656862745098039,0
28.21619,4,0,0,0.0,28.735756997775752,0.7730370016361121,28.758794000168564,0.1045454545454545,220,0,0,51,0.9705882352941176,0
28.24513,4,0,0,0.0,28.908312000567093,0.7883280013629701,28.932927998539526,0.10407239819004521,221,0,0,51,0.9754901960784313,0
28.27404,4,0,0,0.0,28.877942997496575,0.8091780000540894,28.908871001476655,0.10360360360360366,222,0,0,37,0.9780405405405406,0
28.30248,3,0,0,0.0,28.402961001120275,0.7209440009319223,28.426597000361653,0.13452914798206284,223,0,0,38,0.9572368421052632,0
28.3317,3,0,0,0.0,29.190830999141326,0.6812959982198663,29.218021998531185,0.1339285714285714,224,0,0,39,0.9375,0
28.36075,3,0,0,0.0,29.028302000369877,0.7403720010188408,29.05204499984393,0.1333333333333333,225,0,0,39,0.9423076923076923,0
28.3899,3,0,0,0.0,29.11340900027426,0.7373420012299903,29.136413999367505,0.1327433628318584,226,0,0,39,0.9471153846153846,0
28.41885,3,0,0,0.0,28.923547997692367,0.7359869996435009,28.947270999196917,0.13215859030837007,227,0,0,39,0.9519230769230769,0
28.4477,3,0,0,0.0,28.823402000853093,0.7218810023914557,28.8459689982119,0.13157894736842102,228,0,0,39,0.9567307692307693,0
28.47653,3,0,0,0.0,28.804853001929587,0.7067149999784306,28.82915400186903,0.13100436681222705,229,0,0,39,0.9615384615384616,0
28.50558,3,0,0,0.0,29.019589001109125,0.720043000910664,29.04311400197912,0.13043478260869568,230,0,0,39,0.9663461538461539,0
28.53382,3,0,0,0.0,28.209062002133578,0.7275640018633567,28.23062400057097,0.1298701298701299,231,0,0,39,0.9711538461538461,0
28.56284,3,0,0,0.0,28.998810998018598,0.7216839985630941,29.024014998867642,0.1293103448275862,232,0,0,39,0.9759615384615384,0
28.59193,3,0,0,0.0,29.055847000563517,0.7353789987973869,29.07797800071421,0.128755364806867,233,0,0,39,0.9807692307692307,0
28.62087,3,0,0,0.0,28.900048997456906,0.7313090027309954,28.93945799951325,0.1282051282051282,234,0,0,39,0.9855769230769231,0
28.64986,3,0,0,0.0,28.959745999600273,0.7453660000464879,28.98617699975148,0.12765957446808507,235,0,0,40,0.965625,0
28.67869,3,0,0,0.0,28.797390001273016,0.7376009998552036,28.81944899854716,0.1271186440677966,236,0,0,40,0.9703125,0
28.70796,3,0,0,0.0,29.240107000077842,0.7203259992820676,29.265820998261916,0.12658227848101267,237,0,0,40,0.975,0
28.73696,3,0,0,0.0,28.968349997740006,0.7600330027344171,28.993240997806424,0.12605042016806722,238,0,0,40,0.9796875,0
28.76521,3,0,0,0.0,28.22037500300212,0.7412569975713268,28.247583999473136,0.12552301255230125,239,0,0,41,0.9603658536585366,0
28.79522,3,0,0,0.0,29.980531999171944,0.7484960005967878,30.008020999957807,0.125,240,0,0,42,0.9419642857142857,0
28.82508,3,0,0,0.0,29.833091000909917,0.772932999097975,29.857016997993924,0.12448132780082988,241,0,0,42,0.9464285714285714,0
28.85407,3,0,0,0.0,28.956035999726737,0.7462989997293334,28.979948998312466,0.12396694214876036,242,0,0,42,0.9508928571428571,0
28.88328,3,0,0,0.0,29.179130997363245,0.757982001232449,29.200952001701808,0.12345679012345678,243,0,0,42,0.9553571428571429,0
28.91235,3,0,0,0.0,29.029909001110354,0.7461819986929186,29.066795003018342,0.12295081967213117,244,0,0,42,0.9598214285714286,0
28.94153,3,0,0,0.0,29.149005000363104,0.715657999535324,29.174975999922026,0.12244897959183676,245,0,0,42,0.9642857142857143,0
28.97058,3,0,0,0.0,29.021956001088256,0.7257020006363746,29.046150997601217,0.12195121951219512,246,0,0,42,0.96875,0
28.99956,3,0,0,0.0,28.951956999662798,0.7464669979526661,28.97678400040604,0.12145748987854255,247,0,0,42,0.9732142857142857,0
29.02868,3,0,0,0.0,29.094149998854846,0.7653529974049889,29.118847000063397,0.12096774193548387,248,0,0,42,0.9776785714285714,0
29.05755,3,0,0,0.0,28.83693699914147,0.7417119995807298,28.858700999990106,0.12048192771084343,249,0,0,42,0.9821428571428571,0
29.0868,3,0,0,0.0,29.226816001028055,0.7111079976311885,29.249440001876792,0.12,250,0,0,42,0.9866071428571429,0
29.11574,3,0,0,0.0,28.910789998917608,0.7596399991598446,28.937761002453044,0.11952191235059761,251,0,0,43,0.9680232558139535,0
29.16984,4,1,154,25.183880999975372,28.8669330002449,0.8002790018508676,54.089735000161454,0.1865079365079365,252,0,0,53,0.9716981132075472,0
29.22409,5,1,137,25.210468000295805,28.98949800146511,0.8891129982657731,54.23965800218866,0.24031620553359678,253,0,0,62,0.9737903225806451,0
29.25329,5,0,0,0.0,29.17336099926615,0.8965380002337042,29.198353997344384,0.23937007874015748,254,0,0,62,0.9788306451612904,0
29.28186,5,0,0,0.0,28.534165998280514,0.8961690000433009,28.55991499745869,0.23843137254901958,255,0,0,63,0.9682539682539683,0
29.33659,6,1,152,25.252284001908265,29.434291998768458,0.9833469994191546,54.732642998715164,0.265625,256,0,0,74,0.9577702702702703,0
29.36565,6,0,0,0.0,29.02803100005258,0.9684169999673031,29.052997000690084,0.2645914396887159,257,0,0,74,0.9628378378378378,0
29.39495,6,0,0,0.0,29.272179999679793,0.9681090014055371,29.299256999365753,0.26356589147286824,258,0,0,75,0.955,0
29.4242,6,0,0,0.0,29.21636899918667,1.0041599998658057,29.242522003187332,0.2625482625482626,259,0,0,75,0.96,0
29.45348,6,0,0,0.0,29.243238001072314,1.000913998723263,29.27046100012376,0.2615384615384615,260,0,0,76,0.9523026315789473,0
29.50781,7,1,235,24.545168998884037,29.733030998613685,1.1135980021208525,54.32707200088771,0.23754789272030652,261,0,0,79,0.9596518987341772,0
29.53718,6,0,0,0.0,29.33785999994143,1.0110389994224533,29.364037000050303,0.22837150127226458,262,0,0,79,0.9643987341772152,0
29.56625,6,0,0,0.0,29.045530001894804,1.0354969999752939,29.08197099895915,0.2275031685678074,263,0,0,79,0.9691455696202531,0
29.59592,6,0,0,0.0,29.621486999531044,1.048685000569094,29.65006600061315,0.22664141414141414,264,0,0,80,0.96171875,0
29.62534,6,0,0,0.0,29.38163300132146,1.037324000208173,29.422160998365143,0.22578616352201253,265,0,0,80,0.96640625,0
29.6547,6,0,0,0.0,29.31679500034079,1.020852996589383,29.346608000196284,0.224937343358396,266,0,0,81,0.9591049382716049,0
29.68406,6,0,0,0.0,29.315381001651986,1.0218649986200035,29.336948002310237,0.22409488139825218,267,0,0,81,0.9637345679012346,0
29.71341,6,0,0,0.0,29.328591001103632,1.0328779972041957,29.354686997976387,0.22325870646766166,268,0,0,81,0.9683641975308642,0
29.74264,6,0,0,0.0,29.198674998042407,1.0280409987899475,29.222354998637456,0.22242874845105332,269,0,0,81,0.9729938271604939,0
29.77185,6,0,0,0.0,29.178052998759085,1.0156530006497633,29.203488997154636,0.221604938271605,270,0,0,81,0.9776234567901234,0
29.80081,6,0,0,0.0,28.93304000099306,1.0366479982621968,28.96098500059452,0.22078720787207873,271,0,0,82,0.9702743902439024,0
29.8301,6,0,0,0.0,29.259045000799233,1.048572001309367,29.285566000908148,0.21997549019607843,272,0,0,83,0.9631024096385542,0
29.88626,7,1,159,25.221890999091556,30.887513999914518,1.1073979985667393,56.149842999730026,0.24751439037153322,273,0,0,93,0.9711021505376344,0
29.91586,7,0,0,0.0,29.56951200030744,1.1584849999053404,29.598171000543516,0.24661105318039622,274,0,0,95,0.9552631578947368,0
29.94536,7,0,0,0.0,29.46797299955506,1.1471940015326254,29.494723999960115,0.24571428571428566,275,0,0,95,0.9598684210526316,0
29.97489,7,0,0,0.0,29.49159600029816,1.1486390030768234,29.521010001190007,0.244824016563147,276,0,0,96,0.9544270833333334,0
30.00443,7,0,0,0.0,29.506720002245856,1.1565860004338901,29.532200998801272,0.24394017534811763,277,0,0,96,0.958984375,0
30.03389,7,0,0,0.0,29.43635400151834,1.1400100011087488,29.460963000019547,0.24306269270298042,278,0,0,96,0.9635416666666666,0
30.06263,7,0,0,0.0,28.705054999591084,1.175507000880316,28.72893300082069,0.24219150025601643,279,0,0,96,0.9680989583333334,0
30.0922,7,0,0,0.0,29.54333600064274,1.1642259996733628,29.56974499829812,0.24132653061224485,280,0,0,97,0.9626288659793815,0
30.12171,7,0,0,0.0,29.476996998710092,1.1742039969249163,29.502614997909404,0.24046771733604477,281,0,0,97,0.967139175257732,0
30.15111,7,0,0,0.0,29.369029998633778,1.1822269989352208,29.397684000286972,0.23961499493414384,282,0,0,98,0.9617346938775511,0
30.18038,7,0,0,0.0,29.243697001220426,1.1606200023379643,29.268712998600677,0.23876829883897022,283,0,0,98,0.9661989795918368,0
30.21015,7,0,0,0.0,29.72960299666738,1.1736220003513154,29.76510200096527,0.23792756539235416,284,0,0,86,0.970203488372093,0
30.23948,6,0,0,0.0,29.293818999576615,1.0823320008057635,29.320223999093287,0.2192982456140351,285,0,0,86,0.9745639534883721,0
30.26883,6,0,0,0.0,29.32035000048927,1.0762139972939622,29.348128999117762,0.21853146853146854,286,0,0,86,0.9789244186046512,0
30.29787,6,0,0,0.0,28.991924998990726,1.1022389990102965,29.029870998783736,0.21777003484320556,287,0,0,76,0.9712171052631579,0
30.3513,6,1,83,24.20404199801851,29.177446001995122,1.0559609982010443,53.429535997565836,0.2685185185185185,288,0,0,83,0.9563253012048193,0
30.38052,6,0,0,0.0,29.185982002672972,1.0443319988553412,29.211286000645487,0.26758938869665516,289,0,0,83,0.9608433734939759,0
30.40961,6,0,0,0.0,29.059295000479324,1.0587260003376286,29.085440997732803,0.2666666666666667,290,0,0,84,0.9538690476190477,0
30.43899,6,0,0,0.0,29.356713999732165,1.047157998982584,29.38267200079281,0.2657502863688431,291,0,0,84,0.9583333333333334,0
30.46813,6,0,0,0.0,29.10511200025212,1.0941070031549316,29.13026999885915,0.2648401826484018,292,0,0,84,0.9627976190476191,0
30.49748,6,0,0,0.0,29.317231001186883,1.063284002157161,29.34154900140129,0.2639362912400455,293,0,0,84,0.9672619047619048,0
30.5267,6,0,0,0.0,29.197618998296093,1.0559089969319757,29.223626999737462,0.2630385487528345,294,0,0,84,0.9717261904761905,0
30.55519,6,0,0,0.0,28.455871000915067,1.0772039968287572,28.48170299694175,0.2621468926553673,295,0,0,84,0.9761904761904762,0
30.61006,7,1,255,24.918590002926067,29.897501000959892,1.220007998199435,54.87467700004345,0.24372586872586877,296,0,0,101,0.974009900990099,0
30.66704,8,1,180,26.510640000196872,30.408724000153597,1.3512629993783776,56.97299900202779,0.2617845117845118,297,0,0,114,0.9660087719298246,0
30.69694,8,0,0,0.0,29.855534998205258,1.3540809995902237,29.883781000535237,0.26090604026845643,298,0,0,115,0.9619565217391305,0
30.72678,8,0,0,0.0,29.798736002703663,1.3496609972207807,29.838954000297235,0.2600334448160535,299,0,0,78,0.9559294871794872,0
30.75636,6,0,0,0.0,29.554659999121213,1.0610539975459687,29.581168997538043,0.274330900243309,274,0,0,78,0.9607371794871795,0
30.78587,6,0,0,0.0,29.47199100162834,1.0298970009898767,29.50104400224518,0.2733333333333333,275,0,0,79,0.9533227848101266,0
30.81559,6,0,0,0.0,29.683117998501984,1.1574849995668046,29.710932001762558,0.2723429951690821,276,0,0,79,0.9580696202531646,0
30.84495,6,0,0,0.0,29.337247000512434,1.0380780004197732,29.36449800108676,0.2713598074608905,277,0,0,79,0.9628164556962026,0
30.87438,6,0,0,0.0,29.389777999313083,1.0487420004210435,29.41768899836461,0.27038369304556353,278,0,0,79,0.9675632911392406,0
30.90356,6,0,0,0.0,29.149531001166906,1.0551470004429575,29.17563099981635,0.2694145758661888,279,0,0,79,0.9723101265822784,0
30.93326,6,0,0,0.0,29.665916998055764,1.0495079986867495,29.696027999307262,0.268452380952381,280,0,0,80,0.96484375,0
30.96281,6,0,0,0.0,29.52313899731962,1.0705019994929899,29.549438000685768,0.26749703440094896,281,0,0,80,0.96953125,0
30.99265,6,0,0,0.0,29.802687000483274,1.0697649995563552,29.825535999407293,0.266548463356974,282,0,0,80,0.97421875,0
31.02197,6,0,0,0.0,29.290510999999242,1.063019000866916,29.31827400243492,0.2656065959952886,283,0,0,81,0.966820987654321,0
31.0514,6,0,0,0.0,29.403479002212407,1.071828999556601,29.429476002405863,0.2646713615023474,284,0,0,81,0.9714506172839507,0
31.08083,6,0,0,0.0,29.404665001493413,1.0506170001463033,29.43036099895835,0.2637426900584795,285,0,0,81,0.9760802469135802,0
31.11048,6,0,0,0.0,29.598493998491904,1.0700919992814306,29.640450000442797,0.2628205128205128,286,0,0,82,0.96875,0
31.13926,6,0,0,0.0,28.746795000188285,1.075336000212701,28.774463000445394,0.26190476190476186,287,0,0,83,0.9615963855421686,0
31.16847,6,0,0,0.0,29.174007999245077,1.0567979988991283,29.20147800250561,0.26099537037037035,288,0,0,84,0.9546130952380952,0
31.19799,6,0,0,0.0,29.49130100023467,1.0517900009290315,29.517154998757178,0.2600922722029988,289,0,0,84,0.9590773809523809,0
31.22749,6,0,0,0.0,29.467888998624403,1.0810399980982766,29.50406399759231,0.25919540229885063,290,0,0,84,0.9635416666666666,0
31.25684,6,0,0,0.0,29.308790999493795,1.0828710001078434,29.338468000787543,0.2583046964490263,291,0,0,85,0.9566176470588236,0
31.28657,6,0,0,0.0,29.70518400252331,1.0929620002571028,29.732125000009546,0.25742009132420096,292,0,0,85,0.9610294117647059,0
31.3159,6,0,0,0.0,29.290024998772424,1.08673900103895,29.315495998162078,0.2565415244596132,293,0,0,85,0.9654411764705882,0
31.3466,6,0,0,0.0,30.675871999847004,1.091352001822088,30.704069999046624,0.25566893424036286,294,0,0,85,0.9698529411764706,0
31.38428,6,0,0,0.0,37.6442019987735,1.2379110012261663,37.673043996619526,0.25480225988700567,295,0,0,85,0.9742647058823529,0
31.41485,6,0,0,0.0,30.535383000824368,1.2492959976952989,30.564611999579938,0.2539414414414415,296,0,0,86,0.967296511627907,0
31.4448,6,0,0,0.0,29.91668100003153,1.1118750007881317,29.943681998702232,0.25308641975308643,297,0,0,86,0.971656976744186,0
31.47407,6,0,0,0.0,29.242642001918284,1.1183920032635797,29.269291000673547,0.2522371364653244,298,0,0,86,0.9760174418604651,0
31.50349,6,0,0,0.0,29.37158399799955,1.1159890018461738,29.407529000309296,0.25139353400222963,299,0,0,79,0.9715189873417721,0
31.53273,5,0,0,0.0,29.21622200301499,1.0031070014520083,29.24273000098765,0.18133333333333335,300,0,0,79,0.9754746835443038,0
31.56183,5,0,0,0.0,29.06691699899966,1.0195370014116634,29.091857999446802,0.1807308970099668,301,0,0,79,0.9794303797468354,0
31.59117,5,0,0,0.0,29.302135000762064,0.9981740004150197,29.33010699780425,0.1801324503311258,302,0,0,80,0.97109375,0
31.61991,5,0,0,0.0,28.713960000459338,1.0238120012218133,28.74348999830545,0.1795379537953795,303,0,0,81,0.9629629629629629,0
31.68281,6,1,192,33.21308399972622,29.630373002873966,1.1251479991187807,62.89280299824895,0.21052631578947367,304,0,0,95,0.9513157894736842,0
31.71219,6,0,0,0.0,29.337292002310278,1.14942399886786,29.37364899844397,0.20983606557377055,305,0,0,81,0.9544753086419753,0
31.74976,5,0,0,0.0,37.542430000030436,1.0069309973914642,37.572064000414684,0.1915032679738562,306,0,0,81,0.9583333333333334,0
31.77983,5,0,0,0.0,30.035559000680223,1.1983520016656257,30.06150399960461,0.19087947882736156,307,0,0,81,0.9621913580246914,0
31.80915,5,0,0,0.0,29.28800500012585,1.0191449982812628,29.31322700169403,0.19025974025974024,308,0,0,81,0.9660493827160493,0
31.83841,5,0,0,0.0,29.224891997728264,1.0218220013484824,29.251269999804208,0.1896440129449838,309,0,0,81,0.9699074074074074,0
31.86731,5,0,0,0.0,28.872346996649867,1.0097669983224478,28.89899699948728,0.18903225806451618,310,0,0,81,0.9737654320987654,0
31.92084,6,1,211,24.860499001079006,28.606079002202023,1.128411000536289,53.52509800286498,0.21061093247588425,311,0,0,95,0.9730263157894737,0
31.97506,7,1,129,24.78739000071073,29.360172000451712,1.2117020014557056,54.19601700123167,0.2637362637362637,312,0,0,105,0.9613095238095238,0
32.00444,7,0,0,0.0,29.349899999942863,1.248832999408478,29.375280002568616,0.2628936558649019,313,0,0,105,0.9654761904761905,0
32.03366,7,0,0,0.0,29.191735997301294,1.2236839975230396,29.21835400047712,0.26205641492265697,314,0,0,105,0.9696428571428571,0
32.06344,7,0,0,0.0,29.745764997642254,1.2506840030255262,29.773335001664236,0.2612244897959184,315,0,0,105,0.9738095238095238,0
32.09263,7,0,0,0.0,29.15536699947552,1.2508069994510151,29.179818000557134,0.26039783001808314,316,0,0,105,0.9779761904761904,0
32.12342,7,0,0,0.0,30.763655002374435,1.2376440026855562,30.79257100034738,0.25957638575935105,317,0,0,105,0.9821428571428571,0
32.1526,7,0,0,0.0,29.14245200008736,1.2407299982442055,29.172393999033375,0.25876010781671155,318,0,0,106,0.9770047169811321,0
32.18114,7,0,0,0.0,28.50671000123839,1.2277620007807855,28.536041001643753,0.25794894760412,319,0,0,107,0.9719626168224299,0
32.21088,7,0,0,0.0,29.703683001571335,1.2257700000191107,29.734297000686638,0.2571428571428571,320,0,0,109,0.9581422018348624,0
32.24052,7,0,0,0.0,29.60975300084101,1.2772869995387737,29.63776500109816,0.2563417890520694,321,0,0,109,0.9621559633027523,0
32.27002,7,0,0,0.0,29.464469000231475,1.2761550024151802,29.49286500006565,0.25554569653948533,322,0,0,109,0.9661697247706422,0
32.29973,7,0,0,0.0,29.679459999897517,1.2851499996031635,29.70650999850477,0.25475453339230425,323,0,0,109,0.9701834862385321,0
32.35868,8,1,180,25.43185900140088,33.46315599992522,1.391623001836706,58.94445900048595,0.2777777777777778,324,0,0,122,0.9631147540983607,0
32.3884,8,0,0,0.0,29.685492998396512,1.403631002176553,29.713330997765297,0.27692307692307694,325,0,0,122,0.9672131147540983,0
32.41788,8,0,0,0.0,29.45056299722637,1.3868879977962933,29.475729999830946,0.2760736196319018,326,0,0,122,0.9713114754098361,0
32.4469,8,0,0,0.0,28.980620998481754,1.3991589985380415,29.012118000537157,0.27522935779816515,327,0,0,123,0.967479674796748,0
32.47662,8,0,0,0.0,29.685290002817055,1.4216070012480486,29.71563300161506,0.27439024390243905,328,0,0,124,0.9637096774193549,0
32.5311,9,1,71,24.286158000904834,30.145444001391297,1.7950279980141204,54.478600999573246,0.33029381965552174,329,0,0,129,0.9651162790697675,0
32.56168,9,0,0,0.0,30.549828999937745,1.514138999482384,30.577063000237104,0.3292929292929293,330,0,0,129,0.9694767441860465,0
32.59208,9,0,0,0.0,30.365834001713665,1.8427719987812452,30.392197997571202,0.3282980866062437,331,0,0,129,0.9738372093023255,0
32.62253,9,0,0,0.0,30.41905999998562,1.5683369965699967,30.447502998868003,0.3273092369477911,332,0,0,129,0.9781976744186046,0
32.65249,9,0,0,0.0,29.92507300223224,1.5441550021932926,29.95445399938035,0.3263263263263263,333,0,0,129,0.9825581395348837,0
32.68235,9,0,0,0.0,29.806803999235854,1.5206409989332315,29.853635998733807,0.32534930139720564,334,0,0,130,0.979326923076923,0
32.73645,10,1,79,24.797878999379463,29.251381998619763,1.9090030000370461,54.09882199819549,0.36835820895522386,335,0,0,136,0.9770220588235294,0
32.76605,10,0,0,0.0,29.546015000960324,1.8597219968796708,29.58793799916748,0.3672619047619048,336,0,0,125,0.9555,0
32.79584,9,0,0,0.0,29.76418500111322,1.485689001128776,29.78791300120065,0.3699307616221563,337,0,0,125,0.96,0
32.82551,9,0,0,0.0,29.640877000929322,1.4891409991832916,29.669481002201792,0.368836291913215,338,0,0,126,0.9568452380952381,0
32.85521,9,0,0,0.0,29.672226999537088,1.4973109973652754,29.70059400104219,0.36774827925270404,339,0,0,126,0.9613095238095238,0
32.88487,9,0,0,0.0,29.616714997246163,1.5158269998210017,29.647054001543438,0.3666666666666667,340,0,0,127,0.9581692913385826,0
32.91466,9,0,0,0.0,29.752168000413803,1.5051949994813185,29.7811480013479,0.3655913978494624,341,0,0,127,0.9625984251968503,0
32.94436,9,0,0,0.0,29.66914100034046,1.5415269990626257,29.696966001210967,0.36452241715399614,342,0,0,127,0.9670275590551181,0
32.9732,9,0,0,0.0,28.80893299879972,1.4814089990977664,28.838803998951335,0.3634596695821186,343,0,0,128,0.9638671875,0
33.00283,9,0,0,0.0,29.594409999845084,1.5027250010462012,29.621969999425346,0.3624031007751938,344,0,0,129,0.9607558139534884,0
33.03237,9,0,0,0.0,29.512156997952843,1.5205249983409885,29.538961996877333,0.3613526570048309,345,0,0,129,0.9651162790697675,0
33.06183,9,0,0,0.0,29.426799999782816,1.5061470003274735,29.45162300238735,0.36030828516377644,346,0,0,129,0.9694767441860465,0
33.09157,9,0,0,0.0,29.708272999414476,1.5128710001590662,29.735477997746784,0.3592699327569645,347,0,0,129,0.9738372093023255,0
33.1233,9,0,0,0.0,31.70466599840438,1.5234800011967309,31.732080002257135,0.35823754789272033,348,0,0,129,0.9781976744186046,0
33.15627,9,0,0,0.0,32.93382700212533,1.5293370015569963,32.962090997898486,0.35721107927411655,349,0,0,129,0.9825581395348837,0
33.18546,9,0,0,0.0,29.161085996747715,1.529576002212707,29.190919998654863,0.35619047619047617,350,0,0,130,0.979326923076923,0
33.21411,9,0,0,0.0,28.607438998733414,1.5135130015551113,28.64684800078976,0.3551756885090218,351,0,0,113,0.9800884955752213,0
33.24334,8,0,0,0.0,29.18094599954202,1.3942439982201904,29.226520000520395,0.37073863636363635,352,0,0,116,0.959051724137931,0
33.27221,8,0,0,0.0,28.82926399979624,1.3807319992338307,28.856663000624394,0.36968838526912184,353,0,0,116,0.9633620689655172,0
33.3013,8,0,0,0.0,29.058654999971623,1.3795289996778592,29.085981997923227,0.3686440677966102,354,0,0,117,0.9594017094017094,0
33.33047,8,0,0,0.0,29.14074299769709,1.3829060007992666,29.16776400161325,0.36760563380281686,355,0,0,117,0.9636752136752137,0
33.3595,8,0,0,0.0,29.0042810011073,1.4088139978412073,29.033115999482106,0.3665730337078652,356,0,0,118,0.9597457627118644,0
33.38853,8,0,0,0.0,28.99202800108469,1.4008560028742068,29.024340001342352,0.365546218487395,357,0,0,95,0.9618421052631579,0
33.41699,7,0,0,0.0,28.423392999684438,1.201317998493323,28.458807999413693,0.39108704706372344,343,0,0,95,0.9664473684210526,0
33.44589,7,0,0,0.0,28.86285900240182,1.2218849988130387,28.89249399959226,0.38995016611295685,344,0,0,96,0.9609375,0
33.47478,7,0,0,0.0,28.853998002887238,1.2276140005269554,28.882277001684997,0.38881987577639754,345,0,0,97,0.9555412371134021,0
33.50391,7,0,0,0.0,29.096763999405084,1.2456139993446413,29.12793799987412,0.3876961189099918,346,0,0,79,0.9620253164556962,0
33.53268,6,0,0,0.0,28.73346600244986,1.0906409988820087,28.765245002432493,0.4159462055715658,347,0,0,79,0.9667721518987342,0
33.56148,6,0,0,0.0,28.765464001480723,1.0887329990509897,28.793597000912996,0.4147509578544061,348,0,0,79,0.9715189873417721,0
33.59014,6,0,0,0.0,28.630613000132143,1.0790569976961706,28.655452999373665,0.41356255969436484,349,0,0,79,0.9762658227848101,0
33.61889,6,0,0,0.0,28.719399000692647,1.0782819990708958,28.74233700276818,0.4123809523809524,350,0,0,79,0.9810126582278481,0
33.64709,6,0,0,0.0,28.181929999846034,1.085444000636926,28.207392002514098,0.41120607787274455,351,0,0,79,0.9857594936708861,0
33.67579,6,0,0,0.0,28.666173999226885,1.0925410024356097,28.695026998320827,0.4100378787878788,352,0,0,80,0.978125,0
33.70472,6,0,0,0.0,28.892448000988225,1.1380549985915422,28.920689001097344,0.40887629839471196,353,0,0,82,0.9588414634146342,0
33.73347,6,0,0,0.0,28.697945999738295,1.0970139992423356,28.730234000249766,0.40772128060263657,354,0,0,75,0.96,0
33.76201,5,0,0,0.0,28.504969999630703,1.0052820034616161,28.53770900037489,0.35098591549295777,355,0,0,75,0.9641666666666666,0
33.79069,5,0,0,0.0,28.652918997977395,0.997176997771021,28.67888300170307,0.35,356,0,0,75,0.9683333333333334,0
33.81941,5,0,0,0.0,28.68200699958834,1.0227559978375211,28.707302000839263,0.34901960784313724,357,0,0,76,0.959703947368421,0
33.84791,5,0,0,0.0,28.480963002948556,0.9921649980242364,28.504355999757536,0.3480446927374302,358,0,0,76,0.9638157894736842,0
33.87606,5,0,0,0.0,28.11400900100125,1.0175890020036604,28.141546998085687,0.34707520891364907,359,0,0,76,0.9679276315789473,0
33.9051,5,0,0,0.0,29.005657001107465,1.0334269973100163,29.041339999821503,0.34611111111111115,360,0,0,64,0.9658203125,0
33.93337,4,0,0,0.0,28.23487099885824,0.8928839997679461,28.257920002943138,0.3150969529085873,361,0,0,64,0.9697265625,0
33.96184,4,0,0,0.0,28.432981998776086,0.8640380001452286,28.466979001677828,0.3142265193370166,362,0,0,41,0.9664634146341463,0
33.99004,3,0,0,0.0,28.178142001706874,0.7334469992201775,28.203932000906207,0.23980815347721818,278,0,0,41,0.9710365853658537,0
34.01777,3,0,0,0.0,27.696270000888035,0.7136089989216998,27.719991998310434,0.23894862604540024,279,0,0,41,0.975609756097561,0
34.04612,3,0,0,0.0,28.322722999291727,0.7319319993257523,28.347020997898653,0.23809523809523814,280,0,0,41,0.9801829268292683,0
34.0743,3,0,0,0.0,28.157783999631647,0.7254640004248358,28.18037199904211,0.2372479240806643,281,0,0,41,0.9847560975609756,0
34.10279,3,0,0,0.0,28.45987100226921,0.7347499995375983,28.48276800068561,0.2364066193853428,282,0,0,41,0.989329268292683,0
34.1311,3,0,0,0.0,28.28450699962559,0.7435710031131748,28.309049001109088,0.23557126030624265,283,0,0,41,0.9939024390243902,0
34.15917,3,0,0,0.0,28.035772000293946,0.7261329992616083,28.061039000021992,0.23474178403755863,284,0,0,43,0.9520348837209303,0
34.1874,3,0,0,0.0,28.207657000166364,0.6987720007600728,28.232281001692172,0.23391812865497075,285,0,0,43,0.9563953488372093,0
34.21576,3,0,0,0.0,28.32354999918607,0.7286330001079477,28.34673800316523,0.2331002331002331,286,0,0,43,0.9607558139534884,0
34.24327,3,0,0,0.0,27.49063899682369,0.726187998225214,27.51276300114114,0.23228803716608593,287,0,0,43,0.9651162790697675,0
34.27146,3,0,0,0.0,28.161351998278406,0.718028997653164,28.187066000100458,0.2314814814814815,288,0,0,44,0.9474431818181818,0
34.29978,3,0,0,0.0,28.28831900114892,0.7172570003604051,28.309220000664936,0.23068050749711644,289,0,0,44,0.9517045454545454,0
34.32798,3,0,0,0.0,28.17424200111418,0.725418001820799,28.199664997373475,0.22988505747126442,290,0,0,44,0.9559659090909091,0
34.35623,3,0,0,0.0,28.218716000992572,0.7416820008074865,28.2498279993888,0.22909507445589916,291,0,0,44,0.9602272727272727,0
34.38443,3,0,0,0.0,28.16969999912544,0.725575999240391,28.193431000545388,0.228310502283105,292,0,0,44,0.9644886363636364,0
34.41271,3,0,0,0.0,28.24802499890211,0.7185720023699105,28.268759000638966,0.22753128555176338,293,0,0,44,0.96875,0
34.44094,3,0,0,0.0,28.211232001922326,0.7251079987327103,28.23473200260196,0.22675736961451243,294,0,0,44,0.9730113636363636,0
34.46844,3,0,0,0.0,27.471168999909423,0.740444000257412,27.493674999277573,0.22598870056497178,295,0,0,44,0.9772727272727273,0
34.4966,3,0,0,0.0,28.125385997554986,0.7160290006140713,28.15617699889117,0.22522522522522526,296,0,0,35,0.9821428571428571,0
34.52493,2,0,0,0.0,28.304657000262523,0.6611409990000539,28.326831001322716,0.07407407407407407,297,0,0,35,0.9857142857142858,0
34.55303,2,0,0,0.0,28.07650600152556,0.6968050001887605,28.09851699930732,0.0738255033557047,298,0,0,35,0.9892857142857143,0
34.5812,2,0,0,0.0,28.13906300070812,0.6685719999950379,28.162921000330243,0.0735785953177257,299,0,0,35,0.9928571428571429,0
34.60968,2,0,0,0.0,28.45548600089387,0.684089998685522,28.480297998612514,0.07333333333333336,300,0,0,36,0.96875,0
34.63778,2,0,0,0.0,28.075124999304535,0.6846700016467366,28.095366000343347,0.07308970099667778,301,0,0,36,0.9722222222222222,0
34.66608,2,0,0,0.0,28.27345200057607,0.6740049975633156,28.297118999034865,0.07284768211920534,302,0,0,36,0.9756944444444444,0
34.69379,2,0,0,0.0,27.682423002261203,0.7031109998933971,27.706365999620175,0.0726072607260726,303,0,0,36,0.9791666666666666,0
34.72227,2,0,0,0.0,28.450287998566637,0.7084329990902916,28.476958999817725,0.07236842105263153,304,0,0,37,0.956081081081081,0
34.75074,2,0,0,0.0,28.438649998861365,0.7086869991326239,28.46321100150817,0.0721311475409836,305,0,0,37,0.9594594594594594,0
34.77886,2,0,0,0.0,28.08525300133624,0.7021470009931363,28.108839000196895,0.07189542483660127,306,0,0,37,0.9628378378378378,0
34.80716,2,0,0,0.0,28.278898000280606,0.6937200014363043,28.300284000579268,0.07166123778501632,307,0,0,37,0.9662162162162162,0
34.83558,2,0,0,0.0,28.38947499913047,0.6962779989407863,28.4138230017561,0.0714285714285714,308,0,0,37,0.9695945945945946,0
34.86378,2,0,0,0.0,28.171925998321967,0.6940970015421044,28.195700997457607,0.07119741100323629,309,0,0,37,0.972972972972973,0
34.89209,2,0,0,0.0,28.279952999582747,0.7030889973975718,28.304228999331826,0.07096774193548383,310,0,0,37,0.9763513513513513,0
34.92002,2,0,0,0.0,27.90812199964421,0.7012030000623781,27.932427001360338,0.07073954983922826,311,0,0,37,0.9797297297297297,0
34.94831,2,0,0,0.0,28.261125000426546,0.704830999893602,28.28432100068312,0.07051282051282048,312,0,0,37,0.9831081081081081,0
34.97656,2,0,0,0.0,28.207028000906575,0.6843420014774892,28.244281002116622,0.07028753993610226,313,0,0,37,0.9864864864864865,0
35.00488,2,0,0,0.0,28.296035998209845,0.6846520009275991,28.318183998635504,0.07006369426751591,314,0,0,37,0.9898648648648649,0
35.03326,2,0,0,0.0,28.347761002805782,0.7177669976954348,28.372081000270555,0.06984126984126982,315,0,0,37,0.9932432432432432,0
35.06146,2,0,0,0.0,28.174533999845153,0.7079659990267828,28.200078999361722,0.069620253164557,316,0,0,38,0.9703947368421053,0
35.08983,2,0,0,0.0,28.338882999378256,0.6743390003975946,28.360936001263326,0.06940063091482651,317,0,0,38,0.9736842105263158,0
35.1181,2,0,0,0.0,28.24251399943023,0.6995750009082258,28.26266299962299,0.0691823899371069,318,0,0,38,0.9769736842105263,0
35.14583,2,0,0,0.0,27.70806699845707,0.6734340022376273,27.732440998079255,0.06896551724137934,319,0,0,38,0.9802631578947368,0
35.1741,2,0,0,0.0,28.242290998605313,0.7146700008888729,28.267393001442542,0.06874999999999998,320,0,0,39,0.9583333333333334,0
35.2024,2,0,0,0.0,28.2616849981423,0.6976650001888629,28.289731999393553,0.06853582554517135,321,0,0,18,0.9652777777777778,0
35.22587,1,0,0,0.0,23.452637997252168,0.5494729994097725,23.473950001061894,0.0,278,0,0,18,0.96875,0
35.24925,1,0,0,0.0,23.34750399677432,0.5762300024798606,23.366527999314712,0.0,279,0,0,18,0.9722222222222222,0
35.27279,1,0,0,0.0,23.517049998190487,0.571338998270221,23.53847000267706,0.0,280,0,0,18,0.9756944444444444,0
35.29636,1,0,0,0.0,23.543692997918697,0.5851890018675476,23.564443003124325,0.0,281,0,0,18,0.9791666666666666,0
35.32004,1,0,0,0.0,23.661762999836355,0.5569320019276347,23.682946997723775,0.0,282,0,0,18,0.9826388888888888,0
35.34344,1,0,0,0.0,23.37464300217107,0.5736789971706457,23.39441000003717,0.0,283,0,0,18,0.9861111111111112,0
35.3667,1,0,0,0.0,23.23489199989126,0.5629189981846139,23.253846000443446,0.0,284,0,0,18,0.9895833333333334,0
35.39001,1,0,0,0.0,23.279258999536978,0.5461260006995872,23.307249997742474,0.0,285,0,0,18,0.9930555555555556,0
35.41372,1,0,0,0.0,23.685766998823965,0.5697920023521874,23.706189000222366,0.0,286,0,0,18,0.9965277777777778,0
35.43738,1,0,0,0.0,23.636535999685293,0.6012320009176619,23.65854500021669,0.0,287,0,0,18,1.0,0
35.46102,1,0,0,0.0,23.603948000527453,0.5614609981421381,23.627700000361074,0.0,288,0,0,19,0.9506578947368421,0
35.48454,1,0,0,0.0,23.503773998527322,0.587117003306048,23.524391999671934,0.0,289,0,0,19,0.9539473684210527,0
35.50811,1,0,0,0.0,23.538639001344563,0.5649049999192357,23.55734600132564,0.0,290,0,0,19,0.9572368421052632,0
35.53148,1,0,0,0.0,23.348582999460632,0.5701629997929558,23.371700997813605,0.0,291,0,0,19,0.9605263157894737,0
35.55475,1,0,0,0.0,23.246354998263996,0.579838000703603,23.26525600074092,0.0,292,0,0,19,0.9638157894736842,0
35.57805,1,0,0,0.0,23.277346001123078,0.5815840013383422,23.29646499856608,0.0,293,0,0,19,0.9671052631578947,0
35.6015,1,0,0,0.0,23.42448900162708,0.5720660010410938,23.443672002031235,0.0,294,0,0,19,0.9703947368421053,0
35.62477,1,0,0,0.0,23.247380999237066,0.5658810005115811,23.266431999218185,0.0,295,0,0,19,0.9736842105263158,0
35.64817,1,0,0,0.0,23.373616000753827,0.5776850011898205,23.39892400050303,0.0,296,0,0,0,0.0,0
