kernel,dram__bytes_read.sum,dram__bytes_write.sum,gpu__time_duration.sum,dram__throughput.avg.pct_of_peak_sustained_elapsed,sm__throughput.avg.pct_of_peak_sustained_elapsed
"void at::vectorized_gather_kernel<16, long>(char *, char *, T2 *, int, long, long, long, long, bool)",7808.0,0.0,3616.0,0.11,0.71
"void <unnamed>::elementwise_kernel_with_index<int, at::arange_cuda_out(const c10::Scalar &, const c10::Scalar &, const c10::Scalar &, at::Tensor &)::[lambda() (instance 1)]::operator ()() const::[lambda() (instance 4)]::operator ()() const::[lambda(long) (instance 1)]>(T1, T2, function_traits<T2>::result_type *)",3328.0,384.0,2272.0,0.08,0.0
"void <unnamed>::elementwise_kernel_with_index<int, at::arange_cuda_out(const c10::Scalar &, const c10::Scalar &, const c10::Scalar &, at::Tensor &)::[lambda() (instance 1)]::operator ()() const::[lambda() (instance 4)]::operator ()() const::[lambda(long) (instance 1)]>(T1, T2, function_traits<T2>::result_type *)",3328.0,128.0,2304.0,0.08,0.0
"void <unnamed>::elementwise_kernel_with_index<int, at::arange_cuda_out(const c10::Scalar &, const c10::Scalar &, const c10::Scalar &, at::Tensor &)::[lambda() (instance 1)]::operator ()() const::[lambda() (instance 4)]::operator ()() const::[lambda(long) (instance 1)]>(T1, T2, function_traits<T2>::result_type *)",3200.0,640.0,2400.0,0.08,0.0
"void at::vectorized_elementwise_kernel<2, at::CUDAFunctor_add<long>, std::array<char *, 3>>(int, T2, T3)",6400.0,896.0,3040.0,0.12,0.03
"void <unnamed>::elementwise_kernel_with_index<int, at::arange_cuda_out(const c10::Scalar &, const c10::Scalar &, const c10::Scalar &, at::Tensor &)::[lambda() (instance 1)]::operator ()() const::[lambda() (instance 4)]::operator ()() const::[lambda(long) (instance 1)]>(T1, T2, function_traits<T2>::result_type *)",3200.0,1920.0,2304.0,0.11,0.06
"void at::vectorized_elementwise_kernel<2, at::CUDAFunctorOnSelf_add<long>, std::array<char *, 2>>(int, T2, T3)",14848.0,2560.0,2816.0,0.31,0.04
"void at::elementwise_kernel<128, 4, void at::gpu_kernel_impl_nocast<at::<unnamed>::CompareFunctor<long>>(at::TensorIteratorBase &, const T1 &)::[lambda(int) (instance 1)]>(int, T3)",29312.0,3328.0,5472.0,0.3,0.05
"void at::unrolled_elementwise_kernel<at::direct_copy_kernel_cuda(at::TensorIteratorBase &)::[lambda() (instance 3)]::operator ()() const::[lambda() (instance 7)]::operator ()() const::[lambda(float) (instance 1)], std::array<char *, 2>, 4, TrivialOffsetCalculator<1, unsigned int>, TrivialOffsetCalculator<1, unsigned int>, memory::LoadWithCast<1>, memory::StoreWithCast<1>>(int, T1, T2, T4, T5, T6, T7)",32384.0,0.0,3168.0,0.51,0.01
"void gemmk1_kernel<int, float, 256, 5, 1, 0, 0, 0, cublasGemvTensorStridedBatched<const float>, cublasGemvTensorStridedBatched<const float>, cublasGemvTensorStridedBatched<float>, float, 0>(cublasGemmk1Params<T2, T9, T10, T11, T12, biasType<T11::value_type, T12>::type>)",6656.0,1536.0,2816.0,0.15,1.02
"void at::<unnamed>::CatArrayBatchedCopy_vectorized<at::<unnamed>::OpaqueType<4>, unsigned int, 3, 128, 1, 16, 4>(char *, at::<unnamed>::CatArrInputTensorMetadata<T1, T2, T4, T5>, at::<unnamed>::TensorSizeStride<T2, 4>, int, T2)",8064.0,4352.0,3968.0,0.15,0.06
"void at::vectorized_elementwise_kernel<4, at::cos_kernel_cuda(at::TensorIteratorBase &)::[lambda() (instance 2)]::operator ()() const::[lambda() (instance 2)]::operator ()() const::[lambda(float) (instance 1)], std::array<char *, 2>>(int, T2, T3)",48640.0,3072.0,3872.0,0.67,0.08
"void at::vectorized_elementwise_kernel<4, at::AUnaryFunctor<float, float, float, binary_internal::MulFunctor<float>>, std::array<char *, 2>>(int, T2, T3)",12928.0,1792.0,2752.0,0.26,0.02
"void at::vectorized_elementwise_kernel<4, at::sin_kernel_cuda(at::TensorIteratorBase &)::[lambda() (instance 2)]::operator ()() const::[lambda() (instance 2)]::operator ()() const::[lambda(float) (instance 1)], std::array<char *, 2>>(int, T2, T3)",48384.0,1408.0,3936.0,0.62,0.08
"void at::vectorized_elementwise_kernel<4, at::AUnaryFunctor<float, float, float, binary_internal::MulFunctor<float>>, std::array<char *, 2>>(int, T2, T3)",13440.0,2176.0,2976.0,0.26,0.01
"void at::vectorized_elementwise_kernel<4, at::float16_copy_kernel_cuda(at::TensorIteratorBase &)::[lambda(float) (instance 1)], std::array<char *, 2>>(int, T2, T3)",13696.0,2560.0,2784.0,0.29,0.01
"void at::vectorized_elementwise_kernel<4, at::float16_copy_kernel_cuda(at::TensorIteratorBase &)::[lambda(float) (instance 1)], std::array<char *, 2>>(int, T2, T3)",13696.0,1024.0,2720.0,0.27,0.01
"void at::unrolled_elementwise_kernel<at::direct_copy_kernel_cuda(at::TensorIteratorBase &)::[lambda() (instance 3)]::operator ()() const::[lambda() (instance 7)]::operator ()() const::[lambda(float) (instance 1)], std::array<char *, 2>, 4, TrivialOffsetCalculator<1, unsigned int>, TrivialOffsetCalculator<1, unsigned int>, memory::LoadWithCast<1>, memory::StoreWithCast<1>>(int, T1, T2, T4, T5, T6, T7)",163712.0,129792.0,5824.0,2.49,2.94
"void at::vectorized_elementwise_kernel<4, void at::<unnamed>::pow_tensor_scalar_kernel_impl<float, float>(at::TensorIteratorBase &, T2)::[lambda(float) (instance 1)], std::array<char *, 2>>(int, T2, T3)",266880.0,0.0,2880.0,4.59,0.47
"void at::reduce_kernel<512, 1, at::ReduceOp<float, at::MeanOps<float, float, float, float>, unsigned int, float, 4, 4>>(T3)",313216.0,0.0,13120.0,1.17,0.14
"void at::vectorized_elementwise_kernel<4, at::CUDAFunctorOnSelf_add<float>, std::array<char *, 2>>(int, T2, T3)",5504.0,512.0,2688.0,0.11,0.02
"void at::vectorized_elementwise_kernel<4, at::rsqrt_kernel_cuda(at::TensorIteratorBase &)::[lambda() (instance 2)]::operator ()() const::[lambda() (instance 2)]::operator ()() const::[lambda(float) (instance 1)], std::array<char *, 2>>(int, T2, T3)",6400.0,0.0,2912.0,0.11,0.04
"void at::elementwise_kernel<128, 2, void at::gpu_kernel_impl_nocast<at::BinaryFunctor<float, float, float, binary_internal::MulFunctor<float>>>(at::TensorIteratorBase &, const T1 &)::[lambda(int) (instance 1)]>(int, T3)",273792.0,134528.0,4512.0,4.45,3.83
"void at::vectorized_elementwise_kernel<4, at::float16_copy_kernel_cuda(at::TensorIteratorBase &)::[lambda(float) (instance 1)], std::array<char *, 2>>(int, T2, T3)",267648.0,57472.0,3104.0,5.25,0.4
"void at::elementwise_kernel<128, 4, void at::gpu_kernel_impl_nocast<at::BinaryFunctor<c10::Half, c10::Half, c10::Half, binary_internal::MulFunctor<float>>>(at::TensorIteratorBase &, const T1 &)::[lambda(int) (instance 1)]>(int, T3)",155520.0,78976.0,5664.0,2.04,2.9
ampere_fp16_s16816gemm_fp16_128x64_ldg8_f2f_stages_32x6_tn,8535168.0,1024384.0,11392.0,41.29,15.3
"void cublasLt::splitKreduce_kernel<32, 16, int, __half, __half, float, __half, 0, __half, __half, __half, 1, 0, 0>(cublasLt::cublasSplitKParams<T6>, const T4 *, const T10 *, T9 *, T5 *, const T6 *, const T6 *, const T11 *, const T4 *, T11 *, void *, long, T6 *, int *, T6 *, T6 *, const T6 *, const T6 *, const T6 *, const T6 *, const T6 *)",532736.0,212864.0,4032.0,9.12,9.52
void cutlass::Kernel2<cutlass_80_wmma_tensorop_s161616gemm_f16_32x32_128x2_tn_align8>(T1::Params),1193600.0,275456.0,5984.0,12.12,5.06
"void cublasLt::splitKreduce_kernel<32, 16, int, float, __half, float, __half, 0, __half, __half, __half, 1, 0, 0>(cublasLt::cublasSplitKParams<T6>, const T4 *, const T10 *, T9 *, T5 *, const T6 *, const T6 *, const T11 *, const T4 *, T11 *, void *, long, T6 *, int *, T6 *, T6 *, const T6 *, const T6 *, const T6 *, const T6 *, const T6 *)",270592.0,122880.0,3616.0,5.4,1.45
void cutlass::Kernel2<cutlass_80_wmma_tensorop_s161616gemm_f16_32x32_128x2_tn_align8>(T1::Params),1194112.0,462720.0,6112.0,13.39,4.94
"void cublasLt::splitKreduce_kernel<32, 16, int, float, __half, float, __half, 0, __half, __half, __half, 1, 0, 0>(cublasLt::cublasSplitKParams<T6>, const T4 *, const T10 *, T9 *, T5 *, const T6 *, const T6 *, const T11 *, const T4 *, T11 *, void *, long, T6 *, int *, T6 *, T6 *, const T6 *, const T6 *, const T6 *, const T6 *, const T6 *)",270592.0,124800.0,3584.0,5.41,1.45
"void at::elementwise_kernel<128, 4, void at::gpu_kernel_impl_nocast<at::BinaryFunctor<c10::Half, c10::Half, c10::Half, binary_internal::MulFunctor<float>>>(at::TensorIteratorBase &, const T1 &)::[lambda(int) (instance 1)]>(int, T3)",155520.0,75392.0,5760.0,1.99,3.45
"void at::elementwise_kernel<128, 4, void at::gpu_kernel_impl_nocast<at::neg_kernel_cuda(at::TensorIteratorBase &)::[lambda() (instance 2)]::operator ()() const::[lambda() (instance 8)]::operator ()() const::[lambda(c10::Half) (instance 1)]>(at::TensorIteratorBase &, const T1 &)::[lambda(int) (instance 1)]>(int, T3)",83328.0,0.0,5376.0,0.76,1.25
"void at::<unnamed>::CatArrayBatchedCopy<at::<unnamed>::OpaqueType<2>, unsigned int, 4, 64, 64>(T1 *, at::<unnamed>::CatArrInputTensorMetadata<T1, T2, T4, T5>, at::<unnamed>::TensorSizeStride<T2, 4>, int, T2)",138624.0,151936.0,6976.0,2.06,12.51
"void at::elementwise_kernel<128, 4, void at::gpu_kernel_impl_nocast<at::BinaryFunctor<c10::Half, c10::Half, c10::Half, binary_internal::MulFunctor<float>>>(at::TensorIteratorBase &, const T1 &)::[lambda(int) (instance 1)]>(int, T3)",155648.0,120576.0,5792.0,2.34,3.41
"void at::vectorized_elementwise_kernel<4, at::CUDAFunctor_add<c10::Half>, std::array<char *, 3>>(int, T2, T3)",268928.0,93568.0,3168.0,5.69,0.76
"void at::elementwise_kernel<128, 4, void at::gpu_kernel_impl_nocast<at::BinaryFunctor<c10::Half, c10::Half, c10::Half, binary_internal::MulFunctor<float>>>(at::TensorIteratorBase &, const T1 &)::[lambda(int) (instance 1)]>(int, T3)",40704.0,4096.0,5504.0,0.4,0.45
"void at::elementwise_kernel<128, 4, void at::gpu_kernel_impl_nocast<at::neg_kernel_cuda(at::TensorIteratorBase &)::[lambda() (instance 2)]::operator ()() const::[lambda() (instance 8)]::operator ()() const::[lambda(c10::Half) (instance 1)]>(at::TensorIteratorBase &, const T1 &)::[lambda(int) (instance 1)]>(int, T3)",26624.0,5888.0,5152.0,0.31,0.16
"void at::<unnamed>::CatArrayBatchedCopy<at::<unnamed>::OpaqueType<2>, unsigned int, 4, 64, 64>(T1 *, at::<unnamed>::CatArrInputTensorMetadata<T1, T2, T4, T5>, at::<unnamed>::TensorSizeStride<T2, 4>, int, T2)",23936.0,25600.0,6688.0,0.37,4.34
"void at::elementwise_kernel<128, 4, void at::gpu_kernel_impl_nocast<at::BinaryFunctor<c10::Half, c10::Half, c10::Half, binary_internal::MulFunctor<float>>>(at::TensorIteratorBase &, const T1 &)::[lambda(int) (instance 1)]>(int, T3)",40832.0,1792.0,5376.0,0.39,0.46
"void at::vectorized_elementwise_kernel<4, at::CUDAFunctor_add<c10::Half>, std::array<char *, 3>>(int, T2, T3)",39552.0,1408.0,2784.0,0.73,0.11
"void <unnamed>::elementwise_kernel_with_index<int, at::arange_cuda_out(const c10::Scalar &, const c10::Scalar &, const c10::Scalar &, at::Tensor &)::[lambda() (instance 1)]::operator ()() const::[lambda() (instance 4)]::operator ()() const::[lambda(long) (instance 1)]>(T1, T2, function_traits<T2>::result_type *)",3328.0,384.0,2528.0,0.07,0.0
"void at::vectorized_elementwise_kernel<2, at::CUDAFunctor_add<long>, std::array<char *, 3>>(int, T2, T3)",6912.0,384.0,3200.0,0.11,0.03
"void at::vectorized_elementwise_kernel<2, at::CUDAFunctorOnSelf_add<long>, std::array<char *, 2>>(int, T2, T3)",6784.0,1152.0,3008.0,0.13,0.02
"void at::index_elementwise_kernel<128, 4, void at::index_copy_kernel_impl<at::OpaqueType<2>>(at::TensorIterator &, long, long, long)::[lambda(int) (instance 1)]>(long, T3)",38272.0,0.0,6080.0,0.31,0.44
"void at::index_elementwise_kernel<128, 4, void at::index_copy_kernel_impl<at::OpaqueType<2>>(at::TensorIterator &, long, long, long)::[lambda(int) (instance 1)]>(long, T3)",38656.0,5760.0,5824.0,0.38,0.46
"void at::elementwise_kernel<128, 4, void at::gpu_kernel_impl_nocast<at::direct_copy_kernel_cuda(at::TensorIteratorBase &)::[lambda() (instance 3)]::operator ()() const::[lambda() (instance 10)]::operator ()() const::[lambda(c10::Half) (instance 1)]>(at::TensorIteratorBase &, const T1 &)::[lambda(int) (instance 1)]>(int, T3)",17347584.0,138490880.0,249184.0,30.67,62.16
"void at::elementwise_kernel<128, 4, void at::gpu_kernel_impl_nocast<at::direct_copy_kernel_cuda(at::TensorIteratorBase &)::[lambda() (instance 3)]::operator ()() const::[lambda() (instance 10)]::operator ()() const::[lambda(c10::Half) (instance 1)]>(at::TensorIteratorBase &, const T1 &)::[lambda(int) (instance 1)]>(int, T3)",17320320.0,138462976.0,249376.0,30.64,62.12
"void at::vectorized_elementwise_kernel<4, at::FillFunctor<c10::Half>, std::array<char *, 1>>(int, T2, T3)",3968.0,128.0,2368.0,0.09,0.01
"void at::vectorized_elementwise_kernel<4, at::FillFunctor<c10::Half>, std::array<char *, 1>>(int, T2, T3)",4480.0,384.0,2368.0,0.1,0.01
"void at::elementwise_kernel<128, 4, void at::gpu_kernel_impl_nocast<at::<unnamed>::where_kernel_impl(at::TensorIterator &)::[lambda() (instance 1)]::operator ()() const::[lambda() (instance 2)]::operator ()() const::[lambda(bool, c10::Half, c10::Half) (instance 1)]>(at::TensorIteratorBase &, const T1 &)::[lambda(int) (instance 1)]>(int, T3)",22656.0,0.0,4864.0,0.23,1.82
"fmha_cutlassF_f16_aligned_64x64_rf_sm80(PyTorchMemEffAttention::AttentionKernel<cutlass::half_t, arch::Sm80, 1, 64, 64, 64, 1, 1>::Params)",277076480.0,19049600.0,317792.0,45.7,52.74
ampere_fp16_s16816gemm_fp16_128x64_ldg8_f2f_stages_32x6_tn,8534912.0,1188096.0,11520.0,41.51,15.22
"void cublasLt::splitKreduce_kernel<32, 16, int, __half, __half, float, __half, 0, __half, __half, __half, 1, 0, 0>(cublasLt::cublasSplitKParams<T6>, const T4 *, const T10 *, T9 *, T5 *, const T6 *, const T6 *, const T11 *, const T4 *, T11 *, void *, long, T6 *, int *, T6 *, T6 *, const T6 *, const T6 *, const T6 *, const T6 *, const T6 *)",533376.0,250112.0,4160.0,9.36,9.26
"void at::vectorized_elementwise_kernel<4, at::CUDAFunctor_add<c10::Half>, std::array<char *, 3>>(int, T2, T3)",268928.0,62464.0,3264.0,5.04,0.73
"void at::unrolled_elementwise_kernel<at::direct_copy_kernel_cuda(at::TensorIteratorBase &)::[lambda() (instance 3)]::operator ()() const::[lambda() (instance 7)]::operator ()() const::[lambda(float) (instance 1)], std::array<char *, 2>, 4, TrivialOffsetCalculator<1, unsigned int>, TrivialOffsetCalculator<1, unsigned int>, memory::LoadWithCast<1>, memory::StoreWithCast<1>>(int, T1, T2, T4, T5, T6, T7)",163840.0,104448.0,5728.0,2.31,2.98
"void at::vectorized_elementwise_kernel<4, void at::<unnamed>::pow_tensor_scalar_kernel_impl<float, float>(at::TensorIteratorBase &, T2)::[lambda(float) (instance 1)], std::array<char *, 2>>(int, T2, T3)",267392.0,174976.0,3008.0,7.35,0.46
"void at::reduce_kernel<512, 1, at::ReduceOp<float, at::MeanOps<float, float, float, float>, unsigned int, float, 4, 4>>(T3)",313856.0,75520.0,13312.0,1.44,0.14
"void at::vectorized_elementwise_kernel<4, at::CUDAFunctorOnSelf_add<float>, std::array<char *, 2>>(int, T2, T3)",5376.0,128.0,2592.0,0.1,0.02
"void at::vectorized_elementwise_kernel<4, at::rsqrt_kernel_cuda(at::TensorIteratorBase &)::[lambda() (instance 2)]::operator ()() const::[lambda() (instance 2)]::operator ()() const::[lambda(float) (instance 1)], std::array<char *, 2>>(int, T2, T3)",6912.0,1024.0,2912.0,0.14,0.04
"void at::elementwise_kernel<128, 2, void at::gpu_kernel_impl_nocast<at::BinaryFunctor<float, float, float, binary_internal::MulFunctor<float>>>(at::TensorIteratorBase &, const T1 &)::[lambda(int) (instance 1)]>(int, T3)",273792.0,180352.0,4608.0,4.89,3.78
"void at::vectorized_elementwise_kernel<4, at::float16_copy_kernel_cuda(at::TensorIteratorBase &)::[lambda(float) (instance 1)], std::array<char *, 2>>(int, T2, T3)",267776.0,114944.0,3104.0,6.14,0.4
"void at::elementwise_kernel<128, 4, void at::gpu_kernel_impl_nocast<at::BinaryFunctor<c10::Half, c10::Half, c10::Half, binary_internal::MulFunctor<float>>>(at::TensorIteratorBase &, const T1 &)::[lambda(int) (instance 1)]>(int, T3)",155520.0,79872.0,5696.0,2.04,2.9
ampere_fp16_s16816gemm_fp16_64x64_sliced1x2_ldg8_f2f_stages_64x5_tn,23214976.0,7098240.0,23232.0,64.2,20.61
"void at::vectorized_elementwise_kernel<4, at::<unnamed>::silu_kernel(at::TensorIteratorBase &)::[lambda() (instance 1)]::operator ()() const::[lambda() (instance 5)]::operator ()() const::[lambda(c10::Half) (instance 1)], std::array<char *, 2>>(int, T2, T3)",373632.0,278272.0,4032.0,8.1,5.77
ampere_fp16_s16816gemm_fp16_64x64_sliced1x2_ldg8_f2f_stages_64x5_tn,23214976.0,7102720.0,23104.0,64.4,20.68
"void at::vectorized_elementwise_kernel<4, at::BinaryFunctor<c10::Half, c10::Half, c10::Half, binary_internal::MulFunctor<float>>, std::array<char *, 3>>(int, T2, T3)",727936.0,296064.0,3488.0,14.64,1.91
ampere_fp16_s16816gemm_fp16_128x64_ldg8_f2f_stages_32x6_tn,23445248.0,8990336.0,24768.0,64.44,19.39
"void cublasLt::splitKreduce_kernel<32, 16, int, __half, __half, float, __half, 0, __half, __half, __half, 1, 0, 0>(cublasLt::cublasSplitKParams<T6>, const T4 *, const T10 *, T9 *, T5 *, const T6 *, const T6 *, const T11 *, const T4 *, T11 *, void *, long, T6 *, int *, T6 *, T6 *, const T6 *, const T6 *, const T6 *, const T6 *, const T6 *)",795392.0,264960.0,5376.0,9.72,8.34
"void at::vectorized_elementwise_kernel<4, at::CUDAFunctor_add<c10::Half>, std::array<char *, 3>>(int, T2, T3)",268928.0,48640.0,3008.0,5.22,0.79
"void at::unrolled_elementwise_kernel<at::direct_copy_kernel_cuda(at::TensorIteratorBase &)::[lambda() (instance 3)]::operator ()() const::[lambda() (instance 7)]::operator ()() const::[lambda(float) (instance 1)], std::array<char *, 2>, 4, TrivialOffsetCalculator<1, unsigned int>, TrivialOffsetCalculator<1, unsigned int>, memory::LoadWithCast<1>, memory::StoreWithCast<1>>(int, T1, T2, T4, T5, T6, T7)",163712.0,115328.0,5856.0,2.34,2.91
"void at::vectorized_elementwise_kernel<4, void at::<unnamed>::pow_tensor_scalar_kernel_impl<float, float>(at::TensorIteratorBase &, T2)::[lambda(float) (instance 1)], std::array<char *, 2>>(int, T2, T3)",267392.0,183680.0,3168.0,7.08,0.43
"void at::reduce_kernel<512, 1, at::ReduceOp<float, at::MeanOps<float, float, float, float>, unsigned int, float, 4, 4>>(T3)",313856.0,54016.0,13056.0,1.39,0.14
"void at::vectorized_elementwise_kernel<4, at::CUDAFunctorOnSelf_add<float>, std::array<char *, 2>>(int, T2, T3)",5504.0,384.0,2592.0,0.11,0.02
"void at::vectorized_elementwise_kernel<4, at::rsqrt_kernel_cuda(at::TensorIteratorBase &)::[lambda() (instance 2)]::operator ()() const::[lambda() (instance 2)]::operator ()() const::[lambda(float) (instance 1)], std::array<char *, 2>>(int, T2, T3)",7040.0,768.0,3104.0,0.13,0.03
"void at::elementwise_kernel<128, 2, void at::gpu_kernel_impl_nocast<at::BinaryFunctor<float, float, float, binary_internal::MulFunctor<float>>>(at::TensorIteratorBase &, const T1 &)::[lambda(int) (instance 1)]>(int, T3)",273920.0,181376.0,4512.0,5.01,3.84
"void at::vectorized_elementwise_kernel<4, at::float16_copy_kernel_cuda(at::TensorIteratorBase &)::[lambda(float) (instance 1)], std::array<char *, 2>>(int, T2, T3)",267776.0,102912.0,3200.0,5.77,0.39
"void at::elementwise_kernel<128, 4, void at::gpu_kernel_impl_nocast<at::BinaryFunctor<c10::Half, c10::Half, c10::Half, binary_internal::MulFunctor<float>>>(at::TensorIteratorBase &, const T1 &)::[lambda(int) (instance 1)]>(int, T3)",155392.0,70016.0,5632.0,1.98,2.91
ampere_fp16_s16816gemm_fp16_128x64_ldg8_f2f_stages_32x6_tn,8535040.0,1181440.0,11392.0,42.03,15.32
"void cublasLt::splitKreduce_kernel<32, 16, int, __half, __half, float, __half, 0, __half, __half, __half, 1, 0, 0>(cublasLt::cublasSplitKParams<T6>, const T4 *, const T10 *, T9 *, T5 *, const T6 *, const T6 *, const T11 *, const T4 *, T11 *, void *, long, T6 *, int *, T6 *, T6 *, const T6 *, const T6 *, const T6 *, const T6 *, const T6 *)",533248.0,260352.0,4096.0,9.52,9.42
void cutlass::Kernel2<cutlass_80_wmma_tensorop_s161616gemm_f16_32x32_128x2_tn_align8>(T1::Params),1194112.0,295680.0,5952.0,12.37,5.09
"void cublasLt::splitKreduce_kernel<32, 16, int, float, __half, float, __half, 0, __half, __half, __half, 1, 0, 0>(cublasLt::cublasSplitKParams<T6>, const T4 *, const T10 *, T9 *, T5 *, const T6 *, const T6 *, const T11 *, const T4 *, T11 *, void *, long, T6 *, int *, T6 *, T6 *, const T6 *, const T6 *, const T6 *, const T6 *, const T6 *)",270720.0,128128.0,3776.0,5.22,1.39
void cutlass::Kernel2<cutlass_80_wmma_tensorop_s161616gemm_f16_32x32_128x2_tn_align8>(T1::Params),1193984.0,296704.0,5888.0,12.5,5.14
"void cublasLt::splitKreduce_kernel<32, 16, int, float, __half, float, __half, 0, __half, __half, __half, 1, 0, 0>(cublasLt::cublasSplitKParams<T6>, const T4 *, const T10 *, T9 *, T5 *, const T6 *, const T6 *, const T11 *, const T4 *, T11 *, void *, long, T6 *, int *, T6 *, T6 *, const T6 *, const T6 *, const T6 *, const T6 *, const T6 *)",270720.0,122112.0,3488.0,5.59,1.49
"void at::elementwise_kernel<128, 4, void at::gpu_kernel_impl_nocast<at::BinaryFunctor<c10::Half, c10::Half, c10::Half, binary_internal::MulFunctor<float>>>(at::TensorIteratorBase &, const T1 &)::[lambda(int) (instance 1)]>(int, T3)",155392.0,75008.0,5888.0,1.94,3.37
"void at::elementwise_kernel<128, 4, void at::gpu_kernel_impl_nocast<at::neg_kernel_cuda(at::TensorIteratorBase &)::[lambda() (instance 2)]::operator ()() const::[lambda() (instance 8)]::operator ()() const::[lambda(c10::Half) (instance 1)]>(at::TensorIteratorBase &, const T1 &)::[lambda(int) (instance 1)]>(int, T3)",83840.0,53120.0,5472.0,1.24,1.25
"void at::<unnamed>::CatArrayBatchedCopy<at::<unnamed>::OpaqueType<2>, unsigned int, 4, 64, 64>(T1 *, at::<unnamed>::CatArrInputTensorMetadata<T1, T2, T4, T5>, at::<unnamed>::TensorSizeStride<T2, 4>, int, T2)",138624.0,204416.0,6912.0,2.45,12.5
"void at::elementwise_kernel<128, 4, void at::gpu_kernel_impl_nocast<at::BinaryFunctor<c10::Half, c10::Half, c10::Half, binary_internal::MulFunctor<float>>>(at::TensorIteratorBase &, const T1 &)::[lambda(int) (instance 1)]>(int, T3)",155392.0,119808.0,5824.0,2.33,3.38
"void at::vectorized_elementwise_kernel<4, at::CUDAFunctor_add<c10::Half>, std::array<char *, 3>>(int, T2, T3)",269056.0,97536.0,3040.0,6.03,0.79
"void at::elementwise_kernel<128, 4, void at::gpu_kernel_impl_nocast<at::BinaryFunctor<c10::Half, c10::Half, c10::Half, binary_internal::MulFunctor<float>>>(at::TensorIteratorBase &, const T1 &)::[lambda(int) (instance 1)]>(int, T3)",40832.0,3712.0,5536.0,0.4,0.45
"void at::elementwise_kernel<128, 4, void at::gpu_kernel_impl_nocast<at::neg_kernel_cuda(at::TensorIteratorBase &)::[lambda() (instance 2)]::operator ()() const::[lambda() (instance 8)]::operator ()() const::[lambda(c10::Half) (instance 1)]>(at::TensorIteratorBase &, const T1 &)::[lambda(int) (instance 1)]>(int, T3)",26624.0,3200.0,5120.0,0.29,0.17
"void at::<unnamed>::CatArrayBatchedCopy<at::<unnamed>::OpaqueType<2>, unsigned int, 4, 64, 64>(T1 *, at::<unnamed>::CatArrInputTensorMetadata<T1, T2, T4, T5>, at::<unnamed>::TensorSizeStride<T2, 4>, int, T2)",23936.0,21504.0,6624.0,0.34,4.4
"void at::elementwise_kernel<128, 4, void at::gpu_kernel_impl_nocast<at::BinaryFunctor<c10::Half, c10::Half, c10::Half, binary_internal::MulFunctor<float>>>(at::TensorIteratorBase &, const T1 &)::[lambda(int) (instance 1)]>(int, T3)",40960.0,1280.0,5632.0,0.37,0.44
"void at::vectorized_elementwise_kernel<4, at::CUDAFunctor_add<c10::Half>, std::array<char *, 3>>(int, T2, T3)",39808.0,1280.0,2816.0,0.73,0.11
"void <unnamed>::elementwise_kernel_with_index<int, at::arange_cuda_out(const c10::Scalar &, const c10::Scalar &, const c10::Scalar &, at::Tensor &)::[lambda() (instance 1)]::operator ()() const::[lambda() (instance 4)]::operator ()() const::[lambda(long) (instance 1)]>(T1, T2, function_traits<T2>::result_type *)",3328.0,384.0,2336.0,0.08,0.0
"void at::vectorized_elementwise_kernel<2, at::CUDAFunctor_add<long>, std::array<char *, 3>>(int, T2, T3)",7168.0,128.0,3040.0,0.12,0.03
"void at::vectorized_elementwise_kernel<2, at::CUDAFunctorOnSelf_add<long>, std::array<char *, 2>>(int, T2, T3)",6272.0,512.0,3104.0,0.11,0.02
"void at::index_elementwise_kernel<128, 4, void at::index_copy_kernel_impl<at::OpaqueType<2>>(at::TensorIterator &, long, long, long)::[lambda(int) (instance 1)]>(long, T3)",38784.0,8576.0,5952.0,0.39,0.45
"void at::index_elementwise_kernel<128, 4, void at::index_copy_kernel_impl<at::OpaqueType<2>>(at::TensorIterator &, long, long, long)::[lambda(int) (instance 1)]>(long, T3)",39040.0,7296.0,5824.0,0.39,0.46
"void at::elementwise_kernel<128, 4, void at::gpu_kernel_impl_nocast<at::direct_copy_kernel_cuda(at::TensorIteratorBase &)::[lambda() (instance 3)]::operator ()() const::[lambda() (instance 10)]::operator ()() const::[lambda(c10::Half) (instance 1)]>(at::TensorIteratorBase &, const T1 &)::[lambda(int) (instance 1)]>(int, T3)",17320320.0,138418560.0,249408.0,30.63,62.13
"void at::elementwise_kernel<128, 4, void at::gpu_kernel_impl_nocast<at::direct_copy_kernel_cuda(at::TensorIteratorBase &)::[lambda() (instance 3)]::operator ()() const::[lambda() (instance 10)]::operator ()() const::[lambda(c10::Half) (instance 1)]>(at::TensorIteratorBase &, const T1 &)::[lambda(int) (instance 1)]>(int, T3)",17320192.0,138369280.0,249408.0,30.62,62.12
"void at::vectorized_elementwise_kernel<4, at::FillFunctor<c10::Half>, std::array<char *, 1>>(int, T2, T3)",4608.0,768.0,2400.0,0.11,0.01
"void at::vectorized_elementwise_kernel<4, at::FillFunctor<c10::Half>, std::array<char *, 1>>(int, T2, T3)",4736.0,384.0,2400.0,0.11,0.01
"void at::elementwise_kernel<128, 4, void at::gpu_kernel_impl_nocast<at::<unnamed>::where_kernel_impl(at::TensorIterator &)::[lambda() (instance 1)]::operator ()() const::[lambda() (instance 2)]::operator ()() const::[lambda(bool, c10::Half, c10::Half) (instance 1)]>(at::TensorIteratorBase &, const T1 &)::[lambda(int) (instance 1)]>(int, T3)",23296.0,57472.0,4576.0,0.88,1.96
"fmha_cutlassF_f16_aligned_64x64_rf_sm80(PyTorchMemEffAttention::AttentionKernel<cutlass::half_t, arch::Sm80, 1, 64, 64, 64, 1, 1>::Params)",277076480.0,19101568.0,318176.0,45.66,52.74
ampere_fp16_s16816gemm_fp16_128x64_ldg8_f2f_stages_32x6_tn,8535040.0,1149824.0,11712.0,40.65,14.98
"void cublasLt::splitKreduce_kernel<32, 16, int, __half, __half, float, __half, 0, __half, __half, __half, 1, 0, 0>(cublasLt::cublasSplitKParams<T6>, const T4 *, const T10 *, T9 *, T5 *, const T6 *, const T6 *, const T11 *, const T4 *, T11 *, void *, long, T6 *, int *, T6 *, T6 *, const T6 *, const T6 *, const T6 *, const T6 *, const T6 *)",533248.0,252800.0,4064.0,9.61,9.51
"void at::vectorized_elementwise_kernel<4, at::CUDAFunctor_add<c10::Half>, std::array<char *, 3>>(int, T2, T3)",269056.0,37760.0,2976.0,5.07,0.81
"void at::unrolled_elementwise_kernel<at::direct_copy_kernel_cuda(at::TensorIteratorBase &)::[lambda() (instance 3)]::operator ()() const::[lambda() (instance 7)]::operator ()() const::[lambda(float) (instance 1)], std::array<char *, 2>, 4, TrivialOffsetCalculator<1, unsigned int>, TrivialOffsetCalculator<1, unsigned int>, memory::LoadWithCast<1>, memory::StoreWithCast<1>>(int, T1, T2, T4, T5, T6, T7)",163840.0,112512.0,5888.0,2.32,2.92
"void at::vectorized_elementwise_kernel<4, void at::<unnamed>::pow_tensor_scalar_kernel_impl<float, float>(at::TensorIteratorBase &, T2)::[lambda(float) (instance 1)], std::array<char *, 2>>(int, T2, T3)",267392.0,173568.0,3008.0,7.23,0.45
"void at::reduce_kernel<512, 1, at::ReduceOp<float, at::MeanOps<float, float, float, float>, unsigned int, float, 4, 4>>(T3)",313728.0,56064.0,13216.0,1.38,0.14
"void at::vectorized_elementwise_kernel<4, at::CUDAFunctorOnSelf_add<float>, std::array<char *, 2>>(int, T2, T3)",5504.0,128.0,2656.0,0.1,0.02
"void at::vectorized_elementwise_kernel<4, at::rsqrt_kernel_cuda(at::TensorIteratorBase &)::[lambda() (instance 2)]::operator ()() const::[lambda() (instance 2)]::operator ()() const::[lambda(float) (instance 1)], std::array<char *, 2>>(int, T2, T3)",6912.0,1024.0,2944.0,0.13,0.04
"void at::elementwise_kernel<128, 2, void at::gpu_kernel_impl_nocast<at::BinaryFunctor<float, float, float, binary_internal::MulFunctor<float>>>(at::TensorIteratorBase &, const T1 &)::[lambda(int) (instance 1)]>(int, T3)",273920.0,167552.0,4672.0,4.69,3.7
"void at::vectorized_elementwise_kernel<4, at::float16_copy_kernel_cuda(at::TensorIteratorBase &)::[lambda(float) (instance 1)], std::array<char *, 2>>(int, T2, T3)",267776.0,100352.0,3136.0,5.78,0.39
"void at::elementwise_kernel<128, 4, void at::gpu_kernel_impl_nocast<at::BinaryFunctor<c10::Half, c10::Half, c10::Half, binary_internal::MulFunctor<float>>>(at::TensorIteratorBase &, const T1 &)::[lambda(int) (instance 1)]>(int, T3)",155520.0,80896.0,5632.0,2.08,2.93
ampere_fp16_s16816gemm_fp16_64x64_sliced1x2_ldg8_f2f_stages_64x5_tn,23215616.0,7452672.0,24128.0,62.5,19.89
"void at::vectorized_elementwise_kernel<4, at::<unnamed>::silu_kernel(at::TensorIteratorBase &)::[lambda() (instance 1)]::operator ()() const::[lambda() (instance 5)]::operator ()() const::[lambda(c10::Half) (instance 1)], std::array<char *, 2>>(int, T2, T3)",374272.0,199680.0,4032.0,7.09,5.73
ampere_fp16_s16816gemm_fp16_64x64_sliced1x2_ldg8_f2f_stages_64x5_tn,23214976.0,7128576.0,23360.0,63.84,20.47
"void at::vectorized_elementwise_kernel<4, at::BinaryFunctor<c10::Half, c10::Half, c10::Half, binary_internal::MulFunctor<float>>, std::array<char *, 3>>(int, T2, T3)",727680.0,216832.0,3424.0,13.86,1.93
ampere_fp16_s16816gemm_fp16_128x64_ldg8_f2f_stages_32x6_tn,23444736.0,8958080.0,24224.0,65.7,19.74
"void cublasLt::splitKreduce_kernel<32, 16, int, __half, __half, float, __half, 0, __half, __half, __half, 1, 0, 0>(cublasLt::cublasSplitKParams<T6>, const T4 *, const T10 *, T9 *, T5 *, const T6 *, const T6 *, const T11 *, const T4 *, T11 *, void *, long, T6 *, int *, T6 *, T6 *, const T6 *, const T6 *, const T6 *, const T6 *, const T6 *)",795392.0,280320.0,5440.0,9.83,8.25
"void at::vectorized_elementwise_kernel<4, at::CUDAFunctor_add<c10::Half>, std::array<char *, 3>>(int, T2, T3)",268928.0,49408.0,3040.0,5.21,0.78
"void at::unrolled_elementwise_kernel<at::direct_copy_kernel_cuda(at::TensorIteratorBase &)::[lambda() (instance 3)]::operator ()() const::[lambda() (instance 7)]::operator ()() const::[lambda(float) (instance 1)], std::array<char *, 2>, 4, TrivialOffsetCalculator<1, unsigned int>, TrivialOffsetCalculator<1, unsigned int>, memory::LoadWithCast<1>, memory::StoreWithCast<1>>(int, T1, T2, T4, T5, T6, T7)",163712.0,114944.0,5792.0,2.36,2.93
"void at::vectorized_elementwise_kernel<4, void at::<unnamed>::pow_tensor_scalar_kernel_impl<float, float>(at::TensorIteratorBase &, T2)::[lambda(float) (instance 1)], std::array<char *, 2>>(int, T2, T3)",267392.0,145408.0,3104.0,6.61,0.44
"void at::reduce_kernel<512, 1, at::ReduceOp<float, at::MeanOps<float, float, float, float>, unsigned int, float, 4, 4>>(T3)",313856.0,78464.0,13120.0,1.47,0.14
"void at::vectorized_elementwise_kernel<4, at::CUDAFunctorOnSelf_add<float>, std::array<char *, 2>>(int, T2, T3)",5376.0,384.0,2656.0,0.11,0.02
"void at::vectorized_elementwise_kernel<4, at::rsqrt_kernel_cuda(at::TensorIteratorBase &)::[lambda() (instance 2)]::operator ()() const::[lambda() (instance 2)]::operator ()() const::[lambda(float) (instance 1)], std::array<char *, 2>>(int, T2, T3)",7168.0,512.0,3104.0,0.12,0.03
"void at::elementwise_kernel<128, 2, void at::gpu_kernel_impl_nocast<at::BinaryFunctor<float, float, float, binary_internal::MulFunctor<float>>>(at::TensorIteratorBase &, const T1 &)::[lambda(int) (instance 1)]>(int, T3)",273920.0,155392.0,4544.0,4.65,3.8
"void at::vectorized_elementwise_kernel<4, at::float16_copy_kernel_cuda(at::TensorIteratorBase &)::[lambda(float) (instance 1)], std::array<char *, 2>>(int, T2, T3)",267776.0,109440.0,2976.0,6.24,0.42
"void at::elementwise_kernel<128, 4, void at::gpu_kernel_impl_nocast<at::BinaryFunctor<c10::Half, c10::Half, c10::Half, binary_internal::MulFunctor<float>>>(at::TensorIteratorBase &, const T1 &)::[lambda(int) (instance 1)]>(int, T3)",155520.0,79232.0,5696.0,2.04,2.87
ampere_fp16_s16816gemm_fp16_128x64_ldg8_f2f_stages_32x6_tn,8535040.0,1163520.0,11552.0,41.17,15.08
"void cublasLt::splitKreduce_kernel<32, 16, int, __half, __half, float, __half, 0, __half, __half, __half, 1, 0, 0>(cublasLt::cublasSplitKParams<T6>, const T4 *, const T10 *, T9 *, T5 *, const T6 *, const T6 *, const T11 *, const T4 *, T11 *, void *, long, T6 *, int *, T6 *, T6 *, const T6 *, const T6 *, const T6 *, const T6 *, const T6 *)",533248.0,245760.0,4064.0,9.53,9.51
void cutlass::Kernel2<cutlass_80_wmma_tensorop_s161616gemm_f16_32x32_128x2_tn_align8>(T1::Params),1193984.0,497664.0,5984.0,13.95,5.04
"void cublasLt::splitKreduce_kernel<32, 16, int, float, __half, float, __half, 0, __half, __half, __half, 1, 0, 0>(cublasLt::cublasSplitKParams<T6>, const T4 *, const T10 *, T9 *, T5 *, const T6 *, const T6 *, const T11 *, const T4 *, T11 *, void *, long, T6 *, int *, T6 *, T6 *, const T6 *, const T6 *, const T6 *, const T6 *, const T6 *)",270592.0,125184.0,3488.0,5.66,1.5
void cutlass::Kernel2<cutlass_80_wmma_tensorop_s161616gemm_f16_32x32_128x2_tn_align8>(T1::Params),1194240.0,345344.0,6112.0,12.45,4.98
"void cublasLt::splitKreduce_kernel<32, 16, int, float, __half, float, __half, 0, __half, __half, __half, 1, 0, 0>(cublasLt::cublasSplitKParams<T6>, const T4 *, const T10 *, T9 *, T5 *, const T6 *, const T6 *, const T11 *, const T4 *, T11 *, void *, long, T6 *, int *, T6 *, T6 *, const T6 *, const T6 *, const T6 *, const T6 *, const T6 *)",270592.0,129920.0,3552.0,5.61,1.47
"void at::elementwise_kernel<128, 4, void at::gpu_kernel_impl_nocast<at::BinaryFunctor<c10::Half, c10::Half, c10::Half, binary_internal::MulFunctor<float>>>(at::TensorIteratorBase &, const T1 &)::[lambda(int) (instance 1)]>(int, T3)",155520.0,98816.0,5824.0,2.16,3.39
"void at::elementwise_kernel<128, 4, void at::gpu_kernel_impl_nocast<at::neg_kernel_cuda(at::TensorIteratorBase &)::[lambda() (instance 2)]::operator ()() const::[lambda() (instance 8)]::operator ()() const::[lambda(c10::Half) (instance 1)]>(at::TensorIteratorBase &, const T1 &)::[lambda(int) (instance 1)]>(int, T3)",83968.0,26624.0,5664.0,0.97,1.2
"void at::<unnamed>::CatArrayBatchedCopy<at::<unnamed>::OpaqueType<2>, unsigned int, 4, 64, 64>(T1 *, at::<unnamed>::CatArrInputTensorMetadata<T1, T2, T4, T5>, at::<unnamed>::TensorSizeStride<T2, 4>, int, T2)",138624.0,188800.0,6720.0,2.4,12.91
"void at::elementwise_kernel<128, 4, void at::gpu_kernel_impl_nocast<at::BinaryFunctor<c10::Half, c10::Half, c10::Half, binary_internal::MulFunctor<float>>>(at::TensorIteratorBase &, const T1 &)::[lambda(int) (instance 1)]>(int, T3)",155648.0,117888.0,5760.0,2.35,3.44
"void at::vectorized_elementwise_kernel<4, at::CUDAFunctor_add<c10::Half>, std::array<char *, 3>>(int, T2, T3)",268928.0,116480.0,3104.0,6.2,0.77
"void at::elementwise_kernel<128, 4, void at::gpu_kernel_impl_nocast<at::BinaryFunctor<c10::Half, c10::Half, c10::Half, binary_internal::MulFunctor<float>>>(at::TensorIteratorBase &, const T1 &)::[lambda(int) (instance 1)]>(int, T3)",40832.0,4096.0,5600.0,0.4,0.44
"void at::elementwise_kernel<128, 4, void at::gpu_kernel_impl_nocast<at::neg_kernel_cuda(at::TensorIteratorBase &)::[lambda() (instance 2)]::operator ()() const::[lambda() (instance 8)]::operator ()() const::[lambda(c10::Half) (instance 1)]>(at::TensorIteratorBase &, const T1 &)::[lambda(int) (instance 1)]>(int, T3)",26624.0,6016.0,5248.0,0.31,0.16
"void at::<unnamed>::CatArrayBatchedCopy<at::<unnamed>::OpaqueType<2>, unsigned int, 4, 64, 64>(T1 *, at::<unnamed>::CatArrInputTensorMetadata<T1, T2, T4, T5>, at::<unnamed>::TensorSizeStride<T2, 4>, int, T2)",23808.0,24192.0,6624.0,0.36,4.48
"void at::elementwise_kernel<128, 4, void at::gpu_kernel_impl_nocast<at::BinaryFunctor<c10::Half, c10::Half, c10::Half, binary_internal::MulFunctor<float>>>(at::TensorIteratorBase &, const T1 &)::[lambda(int) (instance 1)]>(int, T3)",40704.0,1024.0,5504.0,0.37,0.45
"void at::vectorized_elementwise_kernel<4, at::CUDAFunctor_add<c10::Half>, std::array<char *, 3>>(int, T2, T3)",39552.0,384.0,2752.0,0.72,0.11
"void <unnamed>::elementwise_kernel_with_index<int, at::arange_cuda_out(const c10::Scalar &, const c10::Scalar &, const c10::Scalar &, at::Tensor &)::[lambda() (instance 1)]::operator ()() const::[lambda() (instance 4)]::operator ()() const::[lambda(long) (instance 1)]>(T1, T2, function_traits<T2>::result_type *)",3328.0,768.0,2304.0,0.09,0.0
"void at::vectorized_elementwise_kernel<2, at::CUDAFunctor_add<long>, std::array<char *, 3>>(int, T2, T3)",6912.0,128.0,3008.0,0.12,0.03
"void at::vectorized_elementwise_kernel<2, at::CUDAFunctorOnSelf_add<long>, std::array<char *, 2>>(int, T2, T3)",6400.0,384.0,2976.0,0.11,0.02
"void at::index_elementwise_kernel<128, 4, void at::index_copy_kernel_impl<at::OpaqueType<2>>(at::TensorIterator &, long, long, long)::[lambda(int) (instance 1)]>(long, T3)",38912.0,17792.0,5856.0,0.48,0.46
"void at::index_elementwise_kernel<128, 4, void at::index_copy_kernel_impl<at::OpaqueType<2>>(at::TensorIterator &, long, long, long)::[lambda(int) (instance 1)]>(long, T3)",38784.0,14208.0,5888.0,0.45,0.46
"void at::elementwise_kernel<128, 4, void at::gpu_kernel_impl_nocast<at::direct_copy_kernel_cuda(at::TensorIteratorBase &)::[lambda() (instance 3)]::operator ()() const::[lambda() (instance 10)]::operator ()() const::[lambda(c10::Half) (instance 1)]>(at::TensorIteratorBase &, const T1 &)::[lambda(int) (instance 1)]>(int, T3)",17319936.0,138378368.0,249472.0,30.61,62.12
"void at::elementwise_kernel<128, 4, void at::gpu_kernel_impl_nocast<at::direct_copy_kernel_cuda(at::TensorIteratorBase &)::[lambda() (instance 3)]::operator ()() const::[lambda() (instance 10)]::operator ()() const::[lambda(c10::Half) (instance 1)]>(at::TensorIteratorBase &, const T1 &)::[lambda(int) (instance 1)]>(int, T3)",17320064.0,138428928.0,249600.0,30.61,62.1
"void at::vectorized_elementwise_kernel<4, at::FillFunctor<c10::Half>, std::array<char *, 1>>(int, T2, T3)",4608.0,2432.0,2336.0,0.15,0.01
"void at::vectorized_elementwise_kernel<4, at::FillFunctor<c10::Half>, std::array<char *, 1>>(int, T2, T3)",4608.0,768.0,2368.0,0.11,0.01
"void at::elementwise_kernel<128, 4, void at::gpu_kernel_impl_nocast<at::<unnamed>::where_kernel_impl(at::TensorIterator &)::[lambda() (instance 1)]::operator ()() const::[lambda() (instance 2)]::operator ()() const::[lambda(bool, c10::Half, c10::Half) (instance 1)]>(at::TensorIteratorBase &, const T1 &)::[lambda(int) (instance 1)]>(int, T3)",23296.0,45184.0,4672.0,0.72,1.9
"fmha_cutlassF_f16_aligned_64x64_rf_sm80(PyTorchMemEffAttention::AttentionKernel<cutlass::half_t, arch::Sm80, 1, 64, 64, 64, 1, 1>::Params)",277078272.0,19152000.0,319040.0,45.54,52.62
ampere_fp16_s16816gemm_fp16_128x64_ldg8_f2f_stages_32x6_tn,8535168.0,1053440.0,11456.0,41.24,15.33
"void cublasLt::splitKreduce_kernel<32, 16, int, __half, __half, float, __half, 0, __half, __half, __half, 1, 0, 0>(cublasLt::cublasSplitKParams<T6>, const T4 *, const T10 *, T9 *, T5 *, const T6 *, const T6 *, const T11 *, const T4 *, T11 *, void *, long, T6 *, int *, T6 *, T6 *, const T6 *, const T6 *, const T6 *, const T6 *, const T6 *)",533248.0,252800.0,4000.0,9.77,9.65
"void at::vectorized_elementwise_kernel<4, at::CUDAFunctor_add<c10::Half>, std::array<char *, 3>>(int, T2, T3)",269184.0,49152.0,3040.0,5.24,0.79
"void at::unrolled_elementwise_kernel<at::direct_copy_kernel_cuda(at::TensorIteratorBase &)::[lambda() (instance 3)]::operator ()() const::[lambda() (instance 7)]::operator ()() const::[lambda(float) (instance 1)], std::array<char *, 2>, 4, TrivialOffsetCalculator<1, unsigned int>, TrivialOffsetCalculator<1, unsigned int>, memory::LoadWithCast<1>, memory::StoreWithCast<1>>(int, T1, T2, T4, T5, T6, T7)",163840.0,174080.0,5760.0,2.9,2.96
"void at::vectorized_elementwise_kernel<4, void at::<unnamed>::pow_tensor_scalar_kernel_impl<float, float>(at::TensorIteratorBase &, T2)::[lambda(float) (instance 1)], std::array<char *, 2>>(int, T2, T3)",267392.0,240768.0,3072.0,8.16,0.44
"void at::reduce_kernel<512, 1, at::ReduceOp<float, at::MeanOps<float, float, float, float>, unsigned int, float, 4, 4>>(T3)",313856.0,53504.0,13056.0,1.39,0.14
"void at::vectorized_elementwise_kernel<4, at::CUDAFunctorOnSelf_add<float>, std::array<char *, 2>>(int, T2, T3)",5376.0,128.0,2624.0,0.1,0.02
"void at::vectorized_elementwise_kernel<4, at::rsqrt_kernel_cuda(at::TensorIteratorBase &)::[lambda() (instance 2)]::operator ()() const::[lambda() (instance 2)]::operator ()() const::[lambda(float) (instance 1)], std::array<char *, 2>>(int, T2, T3)",7040.0,640.0,2976.0,0.13,0.04
"void at::elementwise_kernel<128, 2, void at::gpu_kernel_impl_nocast<at::BinaryFunctor<float, float, float, binary_internal::MulFunctor<float>>>(at::TensorIteratorBase &, const T1 &)::[lambda(int) (instance 1)]>(int, T3)",273920.0,241792.0,4672.0,5.44,3.7
"void at::vectorized_elementwise_kernel<4, at::float16_copy_kernel_cuda(at::TensorIteratorBase &)::[lambda(float) (instance 1)], std::array<char *, 2>>(int, T2, T3)",267776.0,107520.0,3072.0,6.17,0.41
"void at::elementwise_kernel<128, 4, void at::gpu_kernel_impl_nocast<at::BinaryFunctor<c10::Half, c10::Half, c10::Half, binary_internal::MulFunctor<float>>>(at::TensorIteratorBase &, const T1 &)::[lambda(int) (instance 1)]>(int, T3)",155648.0,148224.0,5824.0,2.58,2.8
ampere_fp16_s16816gemm_fp16_64x64_sliced1x2_ldg8_f2f_stages_64x5_tn,23215104.0,7131136.0,23680.0,62.87,20.18
"void at::vectorized_elementwise_kernel<4, at::<unnamed>::silu_kernel(at::TensorIteratorBase &)::[lambda() (instance 1)]::operator ()() const::[lambda() (instance 5)]::operator ()() const::[lambda(c10::Half) (instance 1)], std::array<char *, 2>>(int, T2, T3)",374400.0,207104.0,3936.0,7.3,5.9
ampere_fp16_s16816gemm_fp16_64x64_sliced1x2_ldg8_f2f_stages_64x5_tn,23215744.0,7148032.0,23296.0,63.99,20.51
"void at::vectorized_elementwise_kernel<4, at::BinaryFunctor<c10::Half, c10::Half, c10::Half, binary_internal::MulFunctor<float>>, std::array<char *, 3>>(int, T2, T3)",727680.0,208000.0,3488.0,13.3,1.88
ampere_fp16_s16816gemm_fp16_128x64_ldg8_f2f_stages_32x6_tn,23444736.0,9376640.0,24608.0,65.51,19.41
"void cublasLt::splitKreduce_kernel<32, 16, int, __half, __half, float, __half, 0, __half, __half, __half, 1, 0, 0>(cublasLt::cublasSplitKParams<T6>, const T4 *, const T10 *, T9 *, T5 *, const T6 *, const T6 *, const T11 *, const T4 *, T11 *, void *, long, T6 *, int *, T6 *, T6 *, const T6 *, const T6 *, const T6 *, const T6 *, const T6 *)",795392.0,278272.0,5504.0,9.64,8.12
"void at::vectorized_elementwise_kernel<4, at::CUDAFunctor_add<c10::Half>, std::array<char *, 3>>(int, T2, T3)",268928.0,44160.0,3008.0,5.16,0.79
"void at::unrolled_elementwise_kernel<at::direct_copy_kernel_cuda(at::TensorIteratorBase &)::[lambda() (instance 3)]::operator ()() const::[lambda() (instance 7)]::operator ()() const::[lambda(float) (instance 1)], std::array<char *, 2>, 4, TrivialOffsetCalculator<1, unsigned int>, TrivialOffsetCalculator<1, unsigned int>, memory::LoadWithCast<1>, memory::StoreWithCast<1>>(int, T1, T2, T4, T5, T6, T7)",163712.0,112256.0,5728.0,2.39,2.98
"void at::vectorized_elementwise_kernel<4, void at::<unnamed>::pow_tensor_scalar_kernel_impl<float, float>(at::TensorIteratorBase &, T2)::[lambda(float) (instance 1)], std::array<char *, 2>>(int, T2, T3)",267520.0,121088.0,2976.0,6.49,0.46
"void at::reduce_kernel<512, 1, at::ReduceOp<float, at::MeanOps<float, float, float, float>, unsigned int, float, 4, 4>>(T3)",313856.0,25472.0,13440.0,1.24,0.14
"void at::vectorized_elementwise_kernel<4, at::CUDAFunctorOnSelf_add<float>, std::array<char *, 2>>(int, T2, T3)",5376.0,384.0,2656.0,0.11,0.02
"void at::vectorized_elementwise_kernel<4, at::rsqrt_kernel_cuda(at::TensorIteratorBase &)::[lambda() (instance 2)]::operator ()() const::[lambda() (instance 2)]::operator ()() const::[lambda(float) (instance 1)], std::array<char *, 2>>(int, T2, T3)",7040.0,384.0,2912.0,0.13,0.04
"void at::elementwise_kernel<128, 2, void at::gpu_kernel_impl_nocast<at::BinaryFunctor<float, float, float, binary_internal::MulFunctor<float>>>(at::TensorIteratorBase &, const T1 &)::[lambda(int) (instance 1)]>(int, T3)",273920.0,131968.0,4608.0,4.35,3.73
"void at::vectorized_elementwise_kernel<4, at::float16_copy_kernel_cuda(at::TensorIteratorBase &)::[lambda(float) (instance 1)], std::array<char *, 2>>(int, T2, T3)",267776.0,81408.0,3008.0,5.68,0.41
"void at::elementwise_kernel<128, 4, void at::gpu_kernel_impl_nocast<at::BinaryFunctor<c10::Half, c10::Half, c10::Half, binary_internal::MulFunctor<float>>>(at::TensorIteratorBase &, const T1 &)::[lambda(int) (instance 1)]>(int, T3)",155648.0,68352.0,5664.0,1.95,2.9
ampere_fp16_s16816gemm_fp16_128x64_ldg8_f2f_stages_32x6_tn,8535296.0,1036160.0,11520.0,40.88,15.17
"void cublasLt::splitKreduce_kernel<32, 16, int, __half, __half, float, __half, 0, __half, __half, __half, 1, 0, 0>(cublasLt::cublasSplitKParams<T6>, const T4 *, const T10 *, T9 *, T5 *, const T6 *, const T6 *, const T11 *, const T4 *, T11 *, void *, long, T6 *, int *, T6 *, T6 *, const T6 *, const T6 *, const T6 *, const T6 *, const T6 *)",533248.0,246528.0,4224.0,9.14,9.07
void cutlass::Kernel2<cutlass_80_wmma_tensorop_s161616gemm_f16_32x32_128x2_tn_align8>(T1::Params),1194112.0,640256.0,6208.0,14.58,4.88
"void cublasLt::splitKreduce_kernel<32, 16, int, float, __half, float, __half, 0, __half, __half, __half, 1, 0, 0>(cublasLt::cublasSplitKParams<T6>, const T4 *, const T10 *, T9 *, T5 *, const T6 *, const T6 *, const T11 *, const T4 *, T11 *, void *, long, T6 *, int *, T6 *, T6 *, const T6 *, const T6 *, const T6 *, const T6 *, const T6 *)",270592.0,130176.0,3680.0,5.41,1.43
void cutlass::Kernel2<cutlass_80_wmma_tensorop_s161616gemm_f16_32x32_128x2_tn_align8>(T1::Params),1193984.0,605696.0,6080.0,14.65,4.97
"void cublasLt::splitKreduce_kernel<32, 16, int, float, __half, float, __half, 0, __half, __half, __half, 1, 0, 0>(cublasLt::cublasSplitKParams<T6>, const T4 *, const T10 *, T9 *, T5 *, const T6 *, const T6 *, const T11 *, const T4 *, T11 *, void *, long, T6 *, int *, T6 *, T6 *, const T6 *, const T6 *, const T6 *, const T6 *, const T6 *)",270592.0,126976.0,3552.0,5.59,1.48
"void at::elementwise_kernel<128, 4, void at::gpu_kernel_impl_nocast<at::BinaryFunctor<c10::Half, c10::Half, c10::Half, binary_internal::MulFunctor<float>>>(at::TensorIteratorBase &, const T1 &)::[lambda(int) (instance 1)]>(int, T3)",155520.0,77824.0,5600.0,2.06,3.52
"void at::elementwise_kernel<128, 4, void at::gpu_kernel_impl_nocast<at::neg_kernel_cuda(at::TensorIteratorBase &)::[lambda() (instance 2)]::operator ()() const::[lambda() (instance 8)]::operator ()() const::[lambda(c10::Half) (instance 1)]>(at::TensorIteratorBase &, const T1 &)::[lambda(int) (instance 1)]>(int, T3)",83840.0,44288.0,5472.0,1.16,1.25
"void at::<unnamed>::CatArrayBatchedCopy<at::<unnamed>::OpaqueType<2>, unsigned int, 4, 64, 64>(T1 *, at::<unnamed>::CatArrInputTensorMetadata<T1, T2, T4, T5>, at::<unnamed>::TensorSizeStride<T2, 4>, int, T2)",138496.0,198656.0,6944.0,2.39,12.48
"void at::elementwise_kernel<128, 4, void at::gpu_kernel_impl_nocast<at::BinaryFunctor<c10::Half, c10::Half, c10::Half, binary_internal::MulFunctor<float>>>(at::TensorIteratorBase &, const T1 &)::[lambda(int) (instance 1)]>(int, T3)",155520.0,126464.0,5824.0,2.39,3.39
"void at::vectorized_elementwise_kernel<4, at::CUDAFunctor_add<c10::Half>, std::array<char *, 3>>(int, T2, T3)",268928.0,93824.0,3168.0,5.66,0.75
"void at::elementwise_kernel<128, 4, void at::gpu_kernel_impl_nocast<at::BinaryFunctor<c10::Half, c10::Half, c10::Half, binary_internal::MulFunctor<float>>>(at::TensorIteratorBase &, const T1 &)::[lambda(int) (instance 1)]>(int, T3)",40832.0,4224.0,5536.0,0.4,0.44
"void at::elementwise_kernel<128, 4, void at::gpu_kernel_impl_nocast<at::neg_kernel_cuda(at::TensorIteratorBase &)::[lambda() (instance 2)]::operator ()() const::[lambda() (instance 8)]::operator ()() const::[lambda(c10::Half) (instance 1)]>(at::TensorIteratorBase &, const T1 &)::[lambda(int) (instance 1)]>(int, T3)",26880.0,14976.0,5120.0,0.4,0.16
"void at::<unnamed>::CatArrayBatchedCopy<at::<unnamed>::OpaqueType<2>, unsigned int, 4, 64, 64>(T1 *, at::<unnamed>::CatArrInputTensorMetadata<T1, T2, T4, T5>, at::<unnamed>::TensorSizeStride<T2, 4>, int, T2)",23936.0,21760.0,6592.0,0.34,4.36
"void at::elementwise_kernel<128, 4, void at::gpu_kernel_impl_nocast<at::BinaryFunctor<c10::Half, c10::Half, c10::Half, binary_internal::MulFunctor<float>>>(at::TensorIteratorBase &, const T1 &)::[lambda(int) (instance 1)]>(int, T3)",40832.0,1792.0,5600.0,0.38,0.44
"void at::vectorized_elementwise_kernel<4, at::CUDAFunctor_add<c10::Half>, std::array<char *, 3>>(int, T2, T3)",39552.0,2944.0,2912.0,0.73,0.1
"void <unnamed>::elementwise_kernel_with_index<int, at::arange_cuda_out(const c10::Scalar &, const c10::Scalar &, const c10::Scalar &, at::Tensor &)::[lambda() (instance 1)]::operator ()() const::[lambda() (instance 4)]::operator ()() const::[lambda(long) (instance 1)]>(T1, T2, function_traits<T2>::result_type *)",3456.0,384.0,2304.0,0.08,0.0
"void at::vectorized_elementwise_kernel<2, at::CUDAFunctor_add<long>, std::array<char *, 3>>(int, T2, T3)",7040.0,512.0,2816.0,0.13,0.04
"void at::vectorized_elementwise_kernel<2, at::CUDAFunctorOnSelf_add<long>, std::array<char *, 2>>(int, T2, T3)",6400.0,128.0,2752.0,0.12,0.03
"void at::index_elementwise_kernel<128, 4, void at::index_copy_kernel_impl<at::OpaqueType<2>>(at::TensorIterator &, long, long, long)::[lambda(int) (instance 1)]>(long, T3)",38912.0,9344.0,5792.0,0.41,0.47
"void at::index_elementwise_kernel<128, 4, void at::index_copy_kernel_impl<at::OpaqueType<2>>(at::TensorIterator &, long, long, long)::[lambda(int) (instance 1)]>(long, T3)",38784.0,24960.0,5856.0,0.54,0.46
"void at::elementwise_kernel<128, 4, void at::gpu_kernel_impl_nocast<at::direct_copy_kernel_cuda(at::TensorIteratorBase &)::[lambda() (instance 3)]::operator ()() const::[lambda() (instance 10)]::operator ()() const::[lambda(c10::Half) (instance 1)]>(at::TensorIteratorBase &, const T1 &)::[lambda(int) (instance 1)]>(int, T3)",17319936.0,138374272.0,248000.0,30.8,62.13
"void at::elementwise_kernel<128, 4, void at::gpu_kernel_impl_nocast<at::direct_copy_kernel_cuda(at::TensorIteratorBase &)::[lambda() (instance 3)]::operator ()() const::[lambda() (instance 10)]::operator ()() const::[lambda(c10::Half) (instance 1)]>(at::TensorIteratorBase &, const T1 &)::[lambda(int) (instance 1)]>(int, T3)",17320320.0,138408448.0,248096.0,30.79,62.1
"void at::vectorized_elementwise_kernel<4, at::FillFunctor<c10::Half>, std::array<char *, 1>>(int, T2, T3)",4608.0,384.0,2848.0,0.09,0.01
"void at::vectorized_elementwise_kernel<4, at::FillFunctor<c10::Half>, std::array<char *, 1>>(int, T2, T3)",4480.0,3968.0,2336.0,0.18,0.01
"void at::elementwise_kernel<128, 4, void at::gpu_kernel_impl_nocast<at::<unnamed>::where_kernel_impl(at::TensorIterator &)::[lambda() (instance 1)]::operator ()() const::[lambda() (instance 2)]::operator ()() const::[lambda(bool, c10::Half, c10::Half) (instance 1)]>(at::TensorIteratorBase &, const T1 &)::[lambda(int) (instance 1)]>(int, T3)",23040.0,48896.0,4672.0,0.76,1.88
"fmha_cutlassF_f16_aligned_64x64_rf_sm80(PyTorchMemEffAttention::AttentionKernel<cutlass::half_t, arch::Sm80, 1, 64, 64, 64, 1, 1>::Params)",277076864.0,19140096.0,318016.0,45.68,52.76
ampere_fp16_s16816gemm_fp16_128x64_ldg8_f2f_stages_32x6_tn,8535168.0,1155712.0,11424.0,41.71,15.3
"void cublasLt::splitKreduce_kernel<32, 16, int, __half, __half, float, __half, 0, __half, __half, __half, 1, 0, 0>(cublasLt::cublasSplitKParams<T6>, const T4 *, const T10 *, T9 *, T5 *, const T6 *, const T6 *, const T11 *, const T4 *, T11 *, void *, long, T6 *, int *, T6 *, T6 *, const T6 *, const T6 *, const T6 *, const T6 *, const T6 *)",533248.0,252416.0,4192.0,9.22,9.1
"void at::vectorized_elementwise_kernel<4, at::CUDAFunctor_add<c10::Half>, std::array<char *, 3>>(int, T2, T3)",269056.0,49024.0,3040.0,5.14,0.78
"void at::unrolled_elementwise_kernel<at::direct_copy_kernel_cuda(at::TensorIteratorBase &)::[lambda() (instance 3)]::operator ()() const::[lambda() (instance 7)]::operator ()() const::[lambda(float) (instance 1)], std::array<char *, 2>, 4, TrivialOffsetCalculator<1, unsigned int>, TrivialOffsetCalculator<1, unsigned int>, memory::LoadWithCast<1>, memory::StoreWithCast<1>>(int, T1, T2, T4, T5, T6, T7)",163712.0,114048.0,5792.0,2.36,2.93
"void at::vectorized_elementwise_kernel<4, void at::<unnamed>::pow_tensor_scalar_kernel_impl<float, float>(at::TensorIteratorBase &, T2)::[lambda(float) (instance 1)], std::array<char *, 2>>(int, T2, T3)",267648.0,175488.0,3072.0,7.17,0.45
"void at::reduce_kernel<512, 1, at::ReduceOp<float, at::MeanOps<float, float, float, float>, unsigned int, float, 4, 4>>(T3)",313856.0,55296.0,13408.0,1.35,0.14
"void at::vectorized_elementwise_kernel<4, at::CUDAFunctorOnSelf_add<float>, std::array<char *, 2>>(int, T2, T3)",5376.0,768.0,2624.0,0.12,0.02
"void at::vectorized_elementwise_kernel<4, at::rsqrt_kernel_cuda(at::TensorIteratorBase &)::[lambda() (instance 2)]::operator ()() const::[lambda() (instance 2)]::operator ()() const::[lambda(float) (instance 1)], std::array<char *, 2>>(int, T2, T3)",7040.0,384.0,2912.0,0.13,0.04
"void at::elementwise_kernel<128, 2, void at::gpu_kernel_impl_nocast<at::BinaryFunctor<float, float, float, binary_internal::MulFunctor<float>>>(at::TensorIteratorBase &, const T1 &)::[lambda(int) (instance 1)]>(int, T3)",273920.0,181376.0,4672.0,4.87,3.7
"void at::vectorized_elementwise_kernel<4, at::float16_copy_kernel_cuda(at::TensorIteratorBase &)::[lambda(float) (instance 1)], std::array<char *, 2>>(int, T2, T3)",267648.0,101760.0,2976.0,6.09,0.41
"void at::elementwise_kernel<128, 4, void at::gpu_kernel_impl_nocast<at::BinaryFunctor<c10::Half, c10::Half, c10::Half, binary_internal::MulFunctor<float>>>(at::TensorIteratorBase &, const T1 &)::[lambda(int) (instance 1)]>(int, T3)",155520.0,88192.0,5568.0,2.17,2.95
ampere_fp16_s16816gemm_fp16_64x64_sliced1x2_ldg8_f2f_stages_64x5_tn,23215104.0,7147520.0,23712.0,62.96,20.25
"void at::vectorized_elementwise_kernel<4, at::<unnamed>::silu_kernel(at::TensorIteratorBase &)::[lambda() (instance 1)]::operator ()() const::[lambda() (instance 5)]::operator ()() const::[lambda(c10::Half) (instance 1)], std::array<char *, 2>>(int, T2, T3)",374272.0,206336.0,3840.0,7.46,5.97
ampere_fp16_s16816gemm_fp16_64x64_sliced1x2_ldg8_f2f_stages_64x5_tn,23215232.0,7701120.0,23840.0,63.65,20.05
"void at::vectorized_elementwise_kernel<4, at::BinaryFunctor<c10::Half, c10::Half, c10::Half, binary_internal::MulFunctor<float>>, std::array<char *, 3>>(int, T2, T3)",727936.0,223872.0,3392.0,13.86,1.93
ampere_fp16_s16816gemm_fp16_128x64_ldg8_f2f_stages_32x6_tn,23444736.0,9071360.0,24256.0,65.8,19.69
"void cublasLt::splitKreduce_kernel<32, 16, int, __half, __half, float, __half, 0, __half, __half, __half, 1, 0, 0>(cublasLt::cublasSplitKParams<T6>, const T4 *, const T10 *, T9 *, T5 *, const T6 *, const T6 *, const T11 *, const T4 *, T11 *, void *, long, T6 *, int *, T6 *, T6 *, const T6 *, const T6 *, const T6 *, const T6 *, const T6 *)",795392.0,291584.0,5376.0,9.98,8.31
"void at::vectorized_elementwise_kernel<4, at::CUDAFunctor_add<c10::Half>, std::array<char *, 3>>(int, T2, T3)",268928.0,56064.0,3008.0,5.35,0.79
"void at::unrolled_elementwise_kernel<at::direct_copy_kernel_cuda(at::TensorIteratorBase &)::[lambda() (instance 3)]::operator ()() const::[lambda() (instance 7)]::operator ()() const::[lambda(float) (instance 1)], std::array<char *, 2>, 4, TrivialOffsetCalculator<1, unsigned int>, TrivialOffsetCalculator<1, unsigned int>, memory::LoadWithCast<1>, memory::StoreWithCast<1>>(int, T1, T2, T4, T5, T6, T7)",163840.0,115328.0,5728.0,2.4,2.99
"void at::vectorized_elementwise_kernel<4, void at::<unnamed>::pow_tensor_scalar_kernel_impl<float, float>(at::TensorIteratorBase &, T2)::[lambda(float) (instance 1)], std::array<char *, 2>>(int, T2, T3)",267392.0,139008.0,3040.0,6.63,0.45
"void at::reduce_kernel<512, 1, at::ReduceOp<float, at::MeanOps<float, float, float, float>, unsigned int, float, 4, 4>>(T3)",313728.0,79488.0,13600.0,1.42,0.14
"void at::vectorized_elementwise_kernel<4, at::CUDAFunctorOnSelf_add<float>, std::array<char *, 2>>(int, T2, T3)",5376.0,512.0,2592.0,0.11,0.02
"void at::vectorized_elementwise_kernel<4, at::rsqrt_kernel_cuda(at::TensorIteratorBase &)::[lambda() (instance 2)]::operator ()() const::[lambda() (instance 2)]::operator ()() const::[lambda(float) (instance 1)], std::array<char *, 2>>(int, T2, T3)",6912.0,896.0,2912.0,0.13,0.04
"void at::elementwise_kernel<128, 2, void at::gpu_kernel_impl_nocast<at::BinaryFunctor<float, float, float, binary_internal::MulFunctor<float>>>(at::TensorIteratorBase &, const T1 &)::[lambda(int) (instance 1)]>(int, T3)",273792.0,144768.0,4672.0,4.41,3.67
"void at::vectorized_elementwise_kernel<4, at::float16_copy_kernel_cuda(at::TensorIteratorBase &)::[lambda(float) (instance 1)], std::array<char *, 2>>(int, T2, T3)",267776.0,111232.0,3008.0,6.27,0.41
"void at::elementwise_kernel<128, 4, void at::gpu_kernel_impl_nocast<at::BinaryFunctor<c10::Half, c10::Half, c10::Half, binary_internal::MulFunctor<float>>>(at::TensorIteratorBase &, const T1 &)::[lambda(int) (instance 1)]>(int, T3)",155520.0,84096.0,5536.0,2.14,2.95
ampere_fp16_s16816gemm_fp16_128x64_ldg8_f2f_stages_32x6_tn,8535040.0,1047680.0,11264.0,41.78,15.56
"void cublasLt::splitKreduce_kernel<32, 16, int, __half, __half, float, __half, 0, __half, __half, __half, 1, 0, 0>(cublasLt::cublasSplitKParams<T6>, const T4 *, const T10 *, T9 *, T5 *, const T6 *, const T6 *, const T11 *, const T4 *, T11 *, void *, long, T6 *, int *, T6 *, T6 *, const T6 *, const T6 *, const T6 *, const T6 *, const T6 *)",533248.0,247424.0,4096.0,9.52,9.43
void cutlass::Kernel2<cutlass_80_wmma_tensorop_s161616gemm_f16_32x32_128x2_tn_align8>(T1::Params),1193984.0,284160.0,5952.0,12.32,5.1
"void cublasLt::splitKreduce_kernel<32, 16, int, float, __half, float, __half, 0, __half, __half, __half, 1, 0, 0>(cublasLt::cublasSplitKParams<T6>, const T4 *, const T10 *, T9 *, T5 *, const T6 *, const T6 *, const T11 *, const T4 *, T11 *, void *, long, T6 *, int *, T6 *, T6 *, const T6 *, const T6 *, const T6 *, const T6 *, const T6 *)",270720.0,129280.0,3584.0,5.55,1.46
void cutlass::Kernel2<cutlass_80_wmma_tensorop_s161616gemm_f16_32x32_128x2_tn_align8>(T1::Params),1194112.0,471040.0,6048.0,13.62,5.0
"void cublasLt::splitKreduce_kernel<32, 16, int, float, __half, float, __half, 0, __half, __half, __half, 1, 0, 0>(cublasLt::cublasSplitKParams<T6>, const T4 *, const T10 *, T9 *, T5 *, const T6 *, const T6 *, const T11 *, const T4 *, T11 *, void *, long, T6 *, int *, T6 *, T6 *, const T6 *, const T6 *, const T6 *, const T6 *, const T6 *)",270592.0,119936.0,3552.0,5.53,1.47
"void at::elementwise_kernel<128, 4, void at::gpu_kernel_impl_nocast<at::BinaryFunctor<c10::Half, c10::Half, c10::Half, binary_internal::MulFunctor<float>>>(at::TensorIteratorBase &, const T1 &)::[lambda(int) (instance 1)]>(int, T3)",155520.0,99712.0,5632.0,2.24,3.51
"void at::elementwise_kernel<128, 4, void at::gpu_kernel_impl_nocast<at::neg_kernel_cuda(at::TensorIteratorBase &)::[lambda() (instance 2)]::operator ()() const::[lambda() (instance 8)]::operator ()() const::[lambda(c10::Half) (instance 1)]>(at::TensorIteratorBase &, const T1 &)::[lambda(int) (instance 1)]>(int, T3)",83840.0,19072.0,5536.0,0.92,1.23
"void at::<unnamed>::CatArrayBatchedCopy<at::<unnamed>::OpaqueType<2>, unsigned int, 4, 64, 64>(T1 *, at::<unnamed>::CatArrInputTensorMetadata<T1, T2, T4, T5>, at::<unnamed>::TensorSizeStride<T2, 4>, int, T2)",138624.0,184448.0,6848.0,2.33,12.77
"void at::elementwise_kernel<128, 4, void at::gpu_kernel_impl_nocast<at::BinaryFunctor<c10::Half, c10::Half, c10::Half, binary_internal::MulFunctor<float>>>(at::TensorIteratorBase &, const T1 &)::[lambda(int) (instance 1)]>(int, T3)",155392.0,109824.0,5760.0,2.27,3.43
"void at::vectorized_elementwise_kernel<4, at::CUDAFunctor_add<c10::Half>, std::array<char *, 3>>(int, T2, T3)",268928.0,115200.0,3104.0,6.15,0.77
"void at::elementwise_kernel<128, 4, void at::gpu_kernel_impl_nocast<at::BinaryFunctor<c10::Half, c10::Half, c10::Half, binary_internal::MulFunctor<float>>>(at::TensorIteratorBase &, const T1 &)::[lambda(int) (instance 1)]>(int, T3)",40704.0,4480.0,5568.0,0.4,0.44
"void at::elementwise_kernel<128, 4, void at::gpu_kernel_impl_nocast<at::neg_kernel_cuda(at::TensorIteratorBase &)::[lambda() (instance 2)]::operator ()() const::[lambda() (instance 8)]::operator ()() const::[lambda(c10::Half) (instance 1)]>(at::TensorIteratorBase &, const T1 &)::[lambda(int) (instance 1)]>(int, T3)",26496.0,6400.0,5184.0,0.31,0.16
"void at::<unnamed>::CatArrayBatchedCopy<at::<unnamed>::OpaqueType<2>, unsigned int, 4, 64, 64>(T1 *, at::<unnamed>::CatArrInputTensorMetadata<T1, T2, T4, T5>, at::<unnamed>::TensorSizeStride<T2, 4>, int, T2)",23808.0,22144.0,6592.0,0.34,4.39
"void at::elementwise_kernel<128, 4, void at::gpu_kernel_impl_nocast<at::BinaryFunctor<c10::Half, c10::Half, c10::Half, binary_internal::MulFunctor<float>>>(at::TensorIteratorBase &, const T1 &)::[lambda(int) (instance 1)]>(int, T3)",40704.0,1408.0,5568.0,0.38,0.44
"void at::vectorized_elementwise_kernel<4, at::CUDAFunctor_add<c10::Half>, std::array<char *, 3>>(int, T2, T3)",39552.0,768.0,2912.0,0.68,0.1
"void <unnamed>::elementwise_kernel_with_index<int, at::arange_cuda_out(const c10::Scalar &, const c10::Scalar &, const c10::Scalar &, at::Tensor &)::[lambda() (instance 1)]::operator ()() const::[lambda() (instance 4)]::operator ()() const::[lambda(long) (instance 1)]>(T1, T2, function_traits<T2>::result_type *)",3200.0,384.0,2464.0,0.07,0.0
"void at::vectorized_elementwise_kernel<2, at::CUDAFunctor_add<long>, std::array<char *, 3>>(int, T2, T3)",7168.0,384.0,2816.0,0.13,0.04
"void at::vectorized_elementwise_kernel<2, at::CUDAFunctorOnSelf_add<long>, std::array<char *, 2>>(int, T2, T3)",6272.0,384.0,2752.0,0.12,0.03
"void at::index_elementwise_kernel<128, 4, void at::index_copy_kernel_impl<at::OpaqueType<2>>(at::TensorIterator &, long, long, long)::[lambda(int) (instance 1)]>(long, T3)",38912.0,8960.0,5888.0,0.4,0.46
"void at::index_elementwise_kernel<128, 4, void at::index_copy_kernel_impl<at::OpaqueType<2>>(at::TensorIterator &, long, long, long)::[lambda(int) (instance 1)]>(long, T3)",38912.0,8320.0,5888.0,0.39,0.46
"void at::elementwise_kernel<128, 4, void at::gpu_kernel_impl_nocast<at::direct_copy_kernel_cuda(at::TensorIteratorBase &)::[lambda() (instance 3)]::operator ()() const::[lambda() (instance 10)]::operator ()() const::[lambda(c10::Half) (instance 1)]>(at::TensorIteratorBase &, const T1 &)::[lambda(int) (instance 1)]>(int, T3)",17320192.0,138351360.0,248096.0,30.78,62.11
"void at::elementwise_kernel<128, 4, void at::gpu_kernel_impl_nocast<at::direct_copy_kernel_cuda(at::TensorIteratorBase &)::[lambda() (instance 3)]::operator ()() const::[lambda() (instance 10)]::operator ()() const::[lambda(c10::Half) (instance 1)]>(at::TensorIteratorBase &, const T1 &)::[lambda(int) (instance 1)]>(int, T3)",17320064.0,138395136.0,248320.0,30.76,62.05
"void at::vectorized_elementwise_kernel<4, at::FillFunctor<c10::Half>, std::array<char *, 1>>(int, T2, T3)",4480.0,128.0,2400.0,0.1,0.01
"void at::vectorized_elementwise_kernel<4, at::FillFunctor<c10::Half>, std::array<char *, 1>>(int, T2, T3)",4480.0,384.0,2464.0,0.1,0.01
"void at::elementwise_kernel<128, 4, void at::gpu_kernel_impl_nocast<at::<unnamed>::where_kernel_impl(at::TensorIterator &)::[lambda() (instance 1)]::operator ()() const::[lambda() (instance 2)]::operator ()() const::[lambda(bool, c10::Half, c10::Half) (instance 1)]>(at::TensorIteratorBase &, const T1 &)::[lambda(int) (instance 1)]>(int, T3)",23296.0,62336.0,4672.0,0.91,1.89
"fmha_cutlassF_f16_aligned_64x64_rf_sm80(PyTorchMemEffAttention::AttentionKernel<cutlass::half_t, arch::Sm80, 1, 64, 64, 64, 1, 1>::Params)",277078912.0,19102848.0,315680.0,46.02,52.89
ampere_fp16_s16816gemm_fp16_128x64_ldg8_f2f_stages_32x6_tn,8535168.0,1198208.0,11424.0,42.07,15.32
"void cublasLt::splitKreduce_kernel<32, 16, int, __half, __half, float, __half, 0, __half, __half, __half, 1, 0, 0>(cublasLt::cublasSplitKParams<T6>, const T4 *, const T10 *, T9 *, T5 *, const T6 *, const T6 *, const T11 *, const T4 *, T11 *, void *, long, T6 *, int *, T6 *, T6 *, const T6 *, const T6 *, const T6 *, const T6 *, const T6 *)",533760.0,241664.0,4000.0,9.58,9.57
"void at::vectorized_elementwise_kernel<4, at::CUDAFunctor_add<c10::Half>, std::array<char *, 3>>(int, T2, T3)",269056.0,49152.0,3008.0,5.26,0.8
"void at::unrolled_elementwise_kernel<at::direct_copy_kernel_cuda(at::TensorIteratorBase &)::[lambda() (instance 3)]::operator ()() const::[lambda() (instance 7)]::operator ()() const::[lambda(float) (instance 1)], std::array<char *, 2>, 4, TrivialOffsetCalculator<1, unsigned int>, TrivialOffsetCalculator<1, unsigned int>, memory::LoadWithCast<1>, memory::StoreWithCast<1>>(int, T1, T2, T4, T5, T6, T7)",163712.0,181120.0,5760.0,2.95,2.97
"void at::vectorized_elementwise_kernel<4, void at::<unnamed>::pow_tensor_scalar_kernel_impl<float, float>(at::TensorIteratorBase &, T2)::[lambda(float) (instance 1)], std::array<char *, 2>>(int, T2, T3)",267392.0,239872.0,3040.0,8.29,0.45
"void at::reduce_kernel<512, 1, at::ReduceOp<float, at::MeanOps<float, float, float, float>, unsigned int, float, 4, 4>>(T3)",313856.0,54656.0,13280.0,1.36,0.14
"void at::vectorized_elementwise_kernel<4, at::CUDAFunctorOnSelf_add<float>, std::array<char *, 2>>(int, T2, T3)",5376.0,384.0,2624.0,0.11,0.02
"void at::vectorized_elementwise_kernel<4, at::rsqrt_kernel_cuda(at::TensorIteratorBase &)::[lambda() (instance 2)]::operator ()() const::[lambda() (instance 2)]::operator ()() const::[lambda(float) (instance 1)], std::array<char *, 2>>(int, T2, T3)",7168.0,768.0,2944.0,0.13,0.04
"void at::elementwise_kernel<128, 2, void at::gpu_kernel_impl_nocast<at::BinaryFunctor<float, float, float, binary_internal::MulFunctor<float>>>(at::TensorIteratorBase &, const T1 &)::[lambda(int) (instance 1)]>(int, T3)",273920.0,245248.0,4480.0,5.69,3.83
"void at::vectorized_elementwise_kernel<4, at::float16_copy_kernel_cuda(at::TensorIteratorBase &)::[lambda(float) (instance 1)], std::array<char *, 2>>(int, T2, T3)",267776.0,120192.0,3008.0,6.4,0.41
"void at::elementwise_kernel<128, 4, void at::gpu_kernel_impl_nocast<at::BinaryFunctor<c10::Half, c10::Half, c10::Half, binary_internal::MulFunctor<float>>>(at::TensorIteratorBase &, const T1 &)::[lambda(int) (instance 1)]>(int, T3)",155392.0,149632.0,5696.0,2.63,2.86
ampere_fp16_s16816gemm_fp16_64x64_sliced1x2_ldg8_f2f_stages_64x5_tn,23215104.0,7043456.0,23296.0,63.79,20.52
"void at::vectorized_elementwise_kernel<4, at::<unnamed>::silu_kernel(at::TensorIteratorBase &)::[lambda() (instance 1)]::operator ()() const::[lambda() (instance 5)]::operator ()() const::[lambda(c10::Half) (instance 1)], std::array<char *, 2>>(int, T2, T3)",375040.0,209280.0,3808.0,7.59,6.11
ampere_fp16_s16816gemm_fp16_64x64_sliced1x2_ldg8_f2f_stages_64x5_tn,23215232.0,7067392.0,23072.0,64.42,20.82
"void at::vectorized_elementwise_kernel<4, at::BinaryFunctor<c10::Half, c10::Half, c10::Half, binary_internal::MulFunctor<float>>, std::array<char *, 3>>(int, T2, T3)",727680.0,211456.0,3680.0,12.74,1.8
ampere_fp16_s16816gemm_fp16_128x64_ldg8_f2f_stages_32x6_tn,23444736.0,9024384.0,24288.0,65.64,19.78
"void cublasLt::splitKreduce_kernel<32, 16, int, __half, __half, float, __half, 0, __half, __half, __half, 1, 0, 0>(cublasLt::cublasSplitKParams<T6>, const T4 *, const T10 *, T9 *, T5 *, const T6 *, const T6 *, const T11 *, const T4 *, T11 *, void *, long, T6 *, int *, T6 *, T6 *, const T6 *, const T6 *, const T6 *, const T6 *, const T6 *)",795520.0,268928.0,5152.0,10.18,8.71
"void at::vectorized_elementwise_kernel<4, at::CUDAFunctor_add<c10::Half>, std::array<char *, 3>>(int, T2, T3)",268928.0,36096.0,2976.0,5.03,0.8
"void at::unrolled_elementwise_kernel<at::direct_copy_kernel_cuda(at::TensorIteratorBase &)::[lambda() (instance 3)]::operator ()() const::[lambda() (instance 7)]::operator ()() const::[lambda(float) (instance 1)], std::array<char *, 2>, 4, TrivialOffsetCalculator<1, unsigned int>, TrivialOffsetCalculator<1, unsigned int>, memory::LoadWithCast<1>, memory::StoreWithCast<1>>(int, T1, T2, T4, T5, T6, T7)",163840.0,115456.0,5760.0,2.41,2.97
"void at::vectorized_elementwise_kernel<4, void at::<unnamed>::pow_tensor_scalar_kernel_impl<float, float>(at::TensorIteratorBase &, T2)::[lambda(float) (instance 1)], std::array<char *, 2>>(int, T2, T3)",267392.0,124544.0,3008.0,6.42,0.45
"void at::reduce_kernel<512, 1, at::ReduceOp<float, at::MeanOps<float, float, float, float>, unsigned int, float, 4, 4>>(T3)",313856.0,24448.0,13216.0,1.26,0.14
"void at::vectorized_elementwise_kernel<4, at::CUDAFunctorOnSelf_add<float>, std::array<char *, 2>>(int, T2, T3)",5376.0,384.0,2656.0,0.11,0.02
"void at::vectorized_elementwise_kernel<4, at::rsqrt_kernel_cuda(at::TensorIteratorBase &)::[lambda() (instance 2)]::operator ()() const::[lambda() (instance 2)]::operator ()() const::[lambda(float) (instance 1)], std::array<char *, 2>>(int, T2, T3)",7040.0,1024.0,2944.0,0.14,0.04
"void at::elementwise_kernel<128, 2, void at::gpu_kernel_impl_nocast<at::BinaryFunctor<float, float, float, binary_internal::MulFunctor<float>>>(at::TensorIteratorBase &, const T1 &)::[lambda(int) (instance 1)]>(int, T3)",273920.0,125056.0,4704.0,4.18,3.67
"void at::vectorized_elementwise_kernel<4, at::float16_copy_kernel_cuda(at::TensorIteratorBase &)::[lambda(float) (instance 1)], std::array<char *, 2>>(int, T2, T3)",267904.0,74624.0,3072.0,5.53,0.41
"void at::elementwise_kernel<128, 4, void at::gpu_kernel_impl_nocast<at::BinaryFunctor<c10::Half, c10::Half, c10::Half, binary_internal::MulFunctor<float>>>(at::TensorIteratorBase &, const T1 &)::[lambda(int) (instance 1)]>(int, T3)",155392.0,75008.0,5760.0,1.98,2.84
ampere_fp16_s16816gemm_fp16_128x64_ldg8_f2f_stages_32x6_tn,8534912.0,1006080.0,11328.0,41.33,15.42
"void cublasLt::splitKreduce_kernel<32, 16, int, __half, __half, float, __half, 0, __half, __half, __half, 1, 0, 0>(cublasLt::cublasSplitKParams<T6>, const T4 *, const T10 *, T9 *, T5 *, const T6 *, const T6 *, const T11 *, const T4 *, T11 *, void *, long, T6 *, int *, T6 *, T6 *, const T6 *, const T6 *, const T6 *, const T6 *, const T6 *)",533376.0,253568.0,4064.0,9.59,9.47
void cutlass::Kernel2<cutlass_80_wmma_tensorop_s161616gemm_f16_32x32_128x2_tn_align8>(T1::Params),1194112.0,487552.0,6016.0,13.78,5.04
"void cublasLt::splitKreduce_kernel<32, 16, int, float, __half, float, __half, 0, __half, __half, __half, 1, 0, 0>(cublasLt::cublasSplitKParams<T6>, const T4 *, const T10 *, T9 *, T5 *, const T6 *, const T6 *, const T11 *, const T4 *, T11 *, void *, long, T6 *, int *, T6 *, T6 *, const T6 *, const T6 *, const T6 *, const T6 *, const T6 *)",270592.0,124672.0,3712.0,5.26,1.4
void cutlass::Kernel2<cutlass_80_wmma_tensorop_s161616gemm_f16_32x32_128x2_tn_align8>(T1::Params),1194112.0,288512.0,5920.0,12.35,5.09
"void cublasLt::splitKreduce_kernel<32, 16, int, float, __half, float, __half, 0, __half, __half, __half, 1, 0, 0>(cublasLt::cublasSplitKParams<T6>, const T4 *, const T10 *, T9 *, T5 *, const T6 *, const T6 *, const T11 *, const T4 *, T11 *, void *, long, T6 *, int *, T6 *, T6 *, const T6 *, const T6 *, const T6 *, const T6 *, const T6 *)",270720.0,128640.0,3744.0,5.28,1.4
"void at::elementwise_kernel<128, 4, void at::gpu_kernel_impl_nocast<at::BinaryFunctor<c10::Half, c10::Half, c10::Half, binary_internal::MulFunctor<float>>>(at::TensorIteratorBase &, const T1 &)::[lambda(int) (instance 1)]>(int, T3)",155648.0,74624.0,5632.0,2.03,3.52
"void at::elementwise_kernel<128, 4, void at::gpu_kernel_impl_nocast<at::neg_kernel_cuda(at::TensorIteratorBase &)::[lambda() (instance 2)]::operator ()() const::[lambda() (instance 8)]::operator ()() const::[lambda(c10::Half) (instance 1)]>(at::TensorIteratorBase &, const T1 &)::[lambda(int) (instance 1)]>(int, T3)",83840.0,42368.0,5280.0,1.18,1.28
"void at::<unnamed>::CatArrayBatchedCopy<at::<unnamed>::OpaqueType<2>, unsigned int, 4, 64, 64>(T1 *, at::<unnamed>::CatArrInputTensorMetadata<T1, T2, T4, T5>, at::<unnamed>::TensorSizeStride<T2, 4>, int, T2)",138624.0,203008.0,6976.0,2.42,12.47
"void at::elementwise_kernel<128, 4, void at::gpu_kernel_impl_nocast<at::BinaryFunctor<c10::Half, c10::Half, c10::Half, binary_internal::MulFunctor<float>>>(at::TensorIteratorBase &, const T1 &)::[lambda(int) (instance 1)]>(int, T3)",155520.0,124160.0,5824.0,2.37,3.41
"void at::vectorized_elementwise_kernel<4, at::CUDAFunctor_add<c10::Half>, std::array<char *, 3>>(int, T2, T3)",268928.0,93056.0,3072.0,5.83,0.78
"void at::elementwise_kernel<128, 4, void at::gpu_kernel_impl_nocast<at::BinaryFunctor<c10::Half, c10::Half, c10::Half, binary_internal::MulFunctor<float>>>(at::TensorIteratorBase &, const T1 &)::[lambda(int) (instance 1)]>(int, T3)",40832.0,2944.0,5568.0,0.39,0.44
"void at::elementwise_kernel<128, 4, void at::gpu_kernel_impl_nocast<at::neg_kernel_cuda(at::TensorIteratorBase &)::[lambda() (instance 2)]::operator ()() const::[lambda() (instance 8)]::operator ()() const::[lambda(c10::Half) (instance 1)]>(at::TensorIteratorBase &, const T1 &)::[lambda(int) (instance 1)]>(int, T3)",26624.0,14208.0,5248.0,0.38,0.16
"void at::<unnamed>::CatArrayBatchedCopy<at::<unnamed>::OpaqueType<2>, unsigned int, 4, 64, 64>(T1 *, at::<unnamed>::CatArrInputTensorMetadata<T1, T2, T4, T5>, at::<unnamed>::TensorSizeStride<T2, 4>, int, T2)",23936.0,21120.0,6624.0,0.34,4.37
"void at::elementwise_kernel<128, 4, void at::gpu_kernel_impl_nocast<at::BinaryFunctor<c10::Half, c10::Half, c10::Half, binary_internal::MulFunctor<float>>>(at::TensorIteratorBase &, const T1 &)::[lambda(int) (instance 1)]>(int, T3)",40704.0,1664.0,5632.0,0.37,0.44
"void at::vectorized_elementwise_kernel<4, at::CUDAFunctor_add<c10::Half>, std::array<char *, 3>>(int, T2, T3)",39552.0,512.0,2880.0,0.7,0.1
"void <unnamed>::elementwise_kernel_with_index<int, at::arange_cuda_out(const c10::Scalar &, const c10::Scalar &, const c10::Scalar &, at::Tensor &)::[lambda() (instance 1)]::operator ()() const::[lambda() (instance 4)]::operator ()() const::[lambda(long) (instance 1)]>(T1, T2, function_traits<T2>::result_type *)",3200.0,256.0,2336.0,0.07,0.0
"void at::vectorized_elementwise_kernel<2, at::CUDAFunctor_add<long>, std::array<char *, 3>>(int, T2, T3)",6912.0,512.0,2784.0,0.13,0.04
"void at::vectorized_elementwise_kernel<2, at::CUDAFunctorOnSelf_add<long>, std::array<char *, 2>>(int, T2, T3)",6272.0,256.0,2752.0,0.12,0.03
"void at::index_elementwise_kernel<128, 4, void at::index_copy_kernel_impl<at::OpaqueType<2>>(at::TensorIterator &, long, long, long)::[lambda(int) (instance 1)]>(long, T3)",38656.0,25344.0,5792.0,0.55,0.46
"void at::index_elementwise_kernel<128, 4, void at::index_copy_kernel_impl<at::OpaqueType<2>>(at::TensorIterator &, long, long, long)::[lambda(int) (instance 1)]>(long, T3)",39040.0,7808.0,5888.0,0.39,0.46
"void at::elementwise_kernel<128, 4, void at::gpu_kernel_impl_nocast<at::direct_copy_kernel_cuda(at::TensorIteratorBase &)::[lambda() (instance 3)]::operator ()() const::[lambda() (instance 10)]::operator ()() const::[lambda(c10::Half) (instance 1)]>(at::TensorIteratorBase &, const T1 &)::[lambda(int) (instance 1)]>(int, T3)",17319808.0,138301184.0,248448.0,30.73,62.02
"void at::elementwise_kernel<128, 4, void at::gpu_kernel_impl_nocast<at::direct_copy_kernel_cuda(at::TensorIteratorBase &)::[lambda() (instance 3)]::operator ()() const::[lambda() (instance 10)]::operator ()() const::[lambda(c10::Half) (instance 1)]>(at::TensorIteratorBase &, const T1 &)::[lambda(int) (instance 1)]>(int, T3)",17320064.0,138408192.0,248192.0,30.78,62.08
"void at::vectorized_elementwise_kernel<4, at::FillFunctor<c10::Half>, std::array<char *, 1>>(int, T2, T3)",4608.0,3968.0,2336.0,0.18,0.01
"void at::vectorized_elementwise_kernel<4, at::FillFunctor<c10::Half>, std::array<char *, 1>>(int, T2, T3)",4480.0,384.0,2336.0,0.1,0.01
"void at::elementwise_kernel<128, 4, void at::gpu_kernel_impl_nocast<at::<unnamed>::where_kernel_impl(at::TensorIterator &)::[lambda() (instance 1)]::operator ()() const::[lambda() (instance 2)]::operator ()() const::[lambda(bool, c10::Half, c10::Half) (instance 1)]>(at::TensorIteratorBase &, const T1 &)::[lambda(int) (instance 1)]>(int, T3)",23168.0,48512.0,4544.0,0.77,1.94
"fmha_cutlassF_f16_aligned_64x64_rf_sm80(PyTorchMemEffAttention::AttentionKernel<cutlass::half_t, arch::Sm80, 1, 64, 64, 64, 1, 1>::Params)",277094912.0,19150592.0,317344.0,45.79,52.86
ampere_fp16_s16816gemm_fp16_128x64_ldg8_f2f_stages_32x6_tn,8535168.0,1144064.0,11392.0,41.78,15.32
"void cublasLt::splitKreduce_kernel<32, 16, int, __half, __half, float, __half, 0, __half, __half, __half, 1, 0, 0>(cublasLt::cublasSplitKParams<T6>, const T4 *, const T10 *, T9 *, T5 *, const T6 *, const T6 *, const T11 *, const T4 *, T11 *, void *, long, T6 *, int *, T6 *, T6 *, const T6 *, const T6 *, const T6 *, const T6 *, const T6 *)",533248.0,260096.0,4288.0,9.14,8.95
"void at::vectorized_elementwise_kernel<4, at::CUDAFunctor_add<c10::Half>, std::array<char *, 3>>(int, T2, T3)",268928.0,56704.0,3008.0,5.33,0.79
"void at::unrolled_elementwise_kernel<at::direct_copy_kernel_cuda(at::TensorIteratorBase &)::[lambda() (instance 3)]::operator ()() const::[lambda() (instance 7)]::operator ()() const::[lambda(float) (instance 1)], std::array<char *, 2>, 4, TrivialOffsetCalculator<1, unsigned int>, TrivialOffsetCalculator<1, unsigned int>, memory::LoadWithCast<1>, memory::StoreWithCast<1>>(int, T1, T2, T4, T5, T6, T7)",163840.0,113280.0,5792.0,2.35,2.94
"void at::vectorized_elementwise_kernel<4, void at::<unnamed>::pow_tensor_scalar_kernel_impl<float, float>(at::TensorIteratorBase &, T2)::[lambda(float) (instance 1)], std::array<char *, 2>>(int, T2, T3)",267520.0,183680.0,3072.0,7.25,0.44
"void at::reduce_kernel<512, 1, at::ReduceOp<float, at::MeanOps<float, float, float, float>, unsigned int, float, 4, 4>>(T3)",314112.0,54400.0,13216.0,1.37,0.14
"void at::vectorized_elementwise_kernel<4, at::CUDAFunctorOnSelf_add<float>, std::array<char *, 2>>(int, T2, T3)",5376.0,384.0,2624.0,0.11,0.02
"void at::vectorized_elementwise_kernel<4, at::rsqrt_kernel_cuda(at::TensorIteratorBase &)::[lambda() (instance 2)]::operator ()() const::[lambda() (instance 2)]::operator ()() const::[lambda(float) (instance 1)], std::array<char *, 2>>(int, T2, T3)",7936.0,384.0,2912.0,0.14,0.04
"void at::elementwise_kernel<128, 2, void at::gpu_kernel_impl_nocast<at::BinaryFunctor<float, float, float, binary_internal::MulFunctor<float>>>(at::TensorIteratorBase &, const T1 &)::[lambda(int) (instance 1)]>(int, T3)",273792.0,175872.0,4640.0,4.81,3.71
"void at::vectorized_elementwise_kernel<4, at::float16_copy_kernel_cuda(at::TensorIteratorBase &)::[lambda(float) (instance 1)], std::array<char *, 2>>(int, T2, T3)",267648.0,107136.0,3104.0,6.01,0.4
"void at::elementwise_kernel<128, 4, void at::gpu_kernel_impl_nocast<at::BinaryFunctor<c10::Half, c10::Half, c10::Half, binary_internal::MulFunctor<float>>>(at::TensorIteratorBase &, const T1 &)::[lambda(int) (instance 1)]>(int, T3)",155392.0,82432.0,5568.0,2.13,2.96
ampere_fp16_s16816gemm_fp16_64x64_sliced1x2_ldg8_f2f_stages_64x5_tn,23214976.0,7208576.0,23744.0,62.98,20.23
"void at::vectorized_elementwise_kernel<4, at::<unnamed>::silu_kernel(at::TensorIteratorBase &)::[lambda() (instance 1)]::operator ()() const::[lambda() (instance 5)]::operator ()() const::[lambda(c10::Half) (instance 1)], std::array<char *, 2>>(int, T2, T3)",374144.0,212224.0,3904.0,7.39,5.89
ampere_fp16_s16816gemm_fp16_64x64_sliced1x2_ldg8_f2f_stages_64x5_tn,23214848.0,7182080.0,23744.0,62.86,20.13
"void at::vectorized_elementwise_kernel<4, at::BinaryFunctor<c10::Half, c10::Half, c10::Half, binary_internal::MulFunctor<float>>, std::array<char *, 3>>(int, T2, T3)",727680.0,191104.0,3680.0,12.46,1.79
ampere_fp16_s16816gemm_fp16_128x64_ldg8_f2f_stages_32x6_tn,23444608.0,9025024.0,24640.0,64.78,19.4
"void cublasLt::splitKreduce_kernel<32, 16, int, __half, __half, float, __half, 0, __half, __half, __half, 1, 0, 0>(cublasLt::cublasSplitKParams<T6>, const T4 *, const T10 *, T9 *, T5 *, const T6 *, const T6 *, const T11 *, const T4 *, T11 *, void *, long, T6 *, int *, T6 *, T6 *, const T6 *, const T6 *, const T6 *, const T6 *, const T6 *)",795520.0,276864.0,5312.0,9.93,8.43
"void at::vectorized_elementwise_kernel<4, at::CUDAFunctor_add<c10::Half>, std::array<char *, 3>>(int, T2, T3)",268928.0,57216.0,3008.0,5.32,0.79
"void at::unrolled_elementwise_kernel<at::direct_copy_kernel_cuda(at::TensorIteratorBase &)::[lambda() (instance 3)]::operator ()() const::[lambda() (instance 7)]::operator ()() const::[lambda(float) (instance 1)], std::array<char *, 2>, 4, TrivialOffsetCalculator<1, unsigned int>, TrivialOffsetCalculator<1, unsigned int>, memory::LoadWithCast<1>, memory::StoreWithCast<1>>(int, T1, T2, T4, T5, T6, T7)",163712.0,107136.0,5792.0,2.31,2.96
"void at::vectorized_elementwise_kernel<4, void at::<unnamed>::pow_tensor_scalar_kernel_impl<float, float>(at::TensorIteratorBase &, T2)::[lambda(float) (instance 1)], std::array<char *, 2>>(int, T2, T3)",267520.0,138496.0,3008.0,6.7,0.45
"void at::reduce_kernel<512, 1, at::ReduceOp<float, at::MeanOps<float, float, float, float>, unsigned int, float, 4, 4>>(T3)",313856.0,78720.0,13280.0,1.45,0.14
"void at::vectorized_elementwise_kernel<4, at::CUDAFunctorOnSelf_add<float>, std::array<char *, 2>>(int, T2, T3)",5504.0,128.0,2592.0,0.11,0.02
"void at::vectorized_elementwise_kernel<4, at::rsqrt_kernel_cuda(at::TensorIteratorBase &)::[lambda() (instance 2)]::operator ()() const::[lambda() (instance 2)]::operator ()() const::[lambda(float) (instance 1)], std::array<char *, 2>>(int, T2, T3)",7040.0,640.0,2912.0,0.13,0.04
"void at::elementwise_kernel<128, 2, void at::gpu_kernel_impl_nocast<at::BinaryFunctor<float, float, float, binary_internal::MulFunctor<float>>>(at::TensorIteratorBase &, const T1 &)::[lambda(int) (instance 1)]>(int, T3)",273792.0,152960.0,4704.0,4.47,3.65
"void at::vectorized_elementwise_kernel<4, at::float16_copy_kernel_cuda(at::TensorIteratorBase &)::[lambda(float) (instance 1)], std::array<char *, 2>>(int, T2, T3)",267904.0,115456.0,3040.0,6.29,0.4
"void at::elementwise_kernel<128, 4, void at::gpu_kernel_impl_nocast<at::BinaryFunctor<c10::Half, c10::Half, c10::Half, binary_internal::MulFunctor<float>>>(at::TensorIteratorBase &, const T1 &)::[lambda(int) (instance 1)]>(int, T3)",155520.0,79360.0,5728.0,2.02,2.86
ampere_fp16_s16816gemm_fp16_128x64_ldg8_f2f_stages_32x6_tn,8535168.0,1192064.0,11552.0,41.43,15.1
"void cublasLt::splitKreduce_kernel<32, 16, int, __half, __half, float, __half, 0, __half, __half, __half, 1, 0, 0>(cublasLt::cublasSplitKParams<T6>, const T4 *, const T10 *, T9 *, T5 *, const T6 *, const T6 *, const T11 *, const T4 *, T11 *, void *, long, T6 *, int *, T6 *, T6 *, const T6 *, const T6 *, const T6 *, const T6 *, const T6 *)",533248.0,247040.0,4032.0,9.54,9.51
void cutlass::Kernel2<cutlass_80_wmma_tensorop_s161616gemm_f16_32x32_128x2_tn_align8>(T1::Params),1193984.0,486656.0,6240.0,13.34,4.86
"void cublasLt::splitKreduce_kernel<32, 16, int, float, __half, float, __half, 0, __half, __half, __half, 1, 0, 0>(cublasLt::cublasSplitKParams<T6>, const T4 *, const T10 *, T9 *, T5 *, const T6 *, const T6 *, const T11 *, const T4 *, T11 *, void *, long, T6 *, int *, T6 *, T6 *, const T6 *, const T6 *, const T6 *, const T6 *, const T6 *)",270720.0,128128.0,3552.0,5.55,1.47
void cutlass::Kernel2<cutlass_80_wmma_tensorop_s161616gemm_f16_32x32_128x2_tn_align8>(T1::Params),1194112.0,461696.0,6016.0,13.66,5.04
"void cublasLt::splitKreduce_kernel<32, 16, int, float, __half, float, __half, 0, __half, __half, __half, 1, 0, 0>(cublasLt::cublasSplitKParams<T6>, const T4 *, const T10 *, T9 *, T5 *, const T6 *, const T6 *, const T11 *, const T4 *, T11 *, void *, long, T6 *, int *, T6 *, T6 *, const T6 *, const T6 *, const T6 *, const T6 *, const T6 *)",270720.0,120960.0,3584.0,5.43,1.46
"void at::elementwise_kernel<128, 4, void at::gpu_kernel_impl_nocast<at::BinaryFunctor<c10::Half, c10::Half, c10::Half, binary_internal::MulFunctor<float>>>(at::TensorIteratorBase &, const T1 &)::[lambda(int) (instance 1)]>(int, T3)",155392.0,102656.0,5792.0,2.19,3.4
"void at::elementwise_kernel<128, 4, void at::gpu_kernel_impl_nocast<at::neg_kernel_cuda(at::TensorIteratorBase &)::[lambda() (instance 2)]::operator ()() const::[lambda() (instance 8)]::operator ()() const::[lambda(c10::Half) (instance 1)]>(at::TensorIteratorBase &, const T1 &)::[lambda(int) (instance 1)]>(int, T3)",84096.0,21632.0,5376.0,0.97,1.26
"void at::<unnamed>::CatArrayBatchedCopy<at::<unnamed>::OpaqueType<2>, unsigned int, 4, 64, 64>(T1 *, at::<unnamed>::CatArrInputTensorMetadata<T1, T2, T4, T5>, at::<unnamed>::TensorSizeStride<T2, 4>, int, T2)",138752.0,195328.0,6944.0,2.39,12.51
"void at::elementwise_kernel<128, 4, void at::gpu_kernel_impl_nocast<at::BinaryFunctor<c10::Half, c10::Half, c10::Half, binary_internal::MulFunctor<float>>>(at::TensorIteratorBase &, const T1 &)::[lambda(int) (instance 1)]>(int, T3)",155520.0,119680.0,5760.0,2.35,3.42
"void at::vectorized_elementwise_kernel<4, at::CUDAFunctor_add<c10::Half>, std::array<char *, 3>>(int, T2, T3)",268928.0,117632.0,3008.0,6.42,0.8
"void at::elementwise_kernel<128, 4, void at::gpu_kernel_impl_nocast<at::BinaryFunctor<c10::Half, c10::Half, c10::Half, binary_internal::MulFunctor<float>>>(at::TensorIteratorBase &, const T1 &)::[lambda(int) (instance 1)]>(int, T3)",40832.0,3840.0,5408.0,0.41,0.46
"void at::elementwise_kernel<128, 4, void at::gpu_kernel_impl_nocast<at::neg_kernel_cuda(at::TensorIteratorBase &)::[lambda() (instance 2)]::operator ()() const::[lambda() (instance 8)]::operator ()() const::[lambda(c10::Half) (instance 1)]>(at::TensorIteratorBase &, const T1 &)::[lambda(int) (instance 1)]>(int, T3)",26752.0,25984.0,5472.0,0.48,0.15
"void at::<unnamed>::CatArrayBatchedCopy<at::<unnamed>::OpaqueType<2>, unsigned int, 4, 64, 64>(T1 *, at::<unnamed>::CatArrInputTensorMetadata<T1, T2, T4, T5>, at::<unnamed>::TensorSizeStride<T2, 4>, int, T2)",23808.0,22144.0,6592.0,0.34,4.36
"void at::elementwise_kernel<128, 4, void at::gpu_kernel_impl_nocast<at::BinaryFunctor<c10::Half, c10::Half, c10::Half, binary_internal::MulFunctor<float>>>(at::TensorIteratorBase &, const T1 &)::[lambda(int) (instance 1)]>(int, T3)",40960.0,1024.0,5568.0,0.37,0.44
"void at::vectorized_elementwise_kernel<4, at::CUDAFunctor_add<c10::Half>, std::array<char *, 3>>(int, T2, T3)",39552.0,2432.0,2784.0,0.76,0.11
"void <unnamed>::elementwise_kernel_with_index<int, at::arange_cuda_out(const c10::Scalar &, const c10::Scalar &, const c10::Scalar &, at::Tensor &)::[lambda() (instance 1)]::operator ()() const::[lambda() (instance 4)]::operator ()() const::[lambda(long) (instance 1)]>(T1, T2, function_traits<T2>::result_type *)",3200.0,128.0,2336.0,0.07,0.0
"void at::vectorized_elementwise_kernel<2, at::CUDAFunctor_add<long>, std::array<char *, 3>>(int, T2, T3)",6784.0,512.0,2912.0,0.13,0.03
"void at::vectorized_elementwise_kernel<2, at::CUDAFunctorOnSelf_add<long>, std::array<char *, 2>>(int, T2, T3)",6400.0,1024.0,2720.0,0.14,0.03
"void at::index_elementwise_kernel<128, 4, void at::index_copy_kernel_impl<at::OpaqueType<2>>(at::TensorIterator &, long, long, long)::[lambda(int) (instance 1)]>(long, T3)",38784.0,7040.0,5792.0,0.39,0.46
"void at::index_elementwise_kernel<128, 4, void at::index_copy_kernel_impl<at::OpaqueType<2>>(at::TensorIterator &, long, long, long)::[lambda(int) (instance 1)]>(long, T3)",38784.0,21248.0,6048.0,0.49,0.45
"void at::elementwise_kernel<128, 4, void at::gpu_kernel_impl_nocast<at::direct_copy_kernel_cuda(at::TensorIteratorBase &)::[lambda() (instance 3)]::operator ()() const::[lambda() (instance 10)]::operator ()() const::[lambda(c10::Half) (instance 1)]>(at::TensorIteratorBase &, const T1 &)::[lambda(int) (instance 1)]>(int, T3)",17320064.0,138380032.0,249504.0,30.61,62.12
"void at::elementwise_kernel<128, 4, void at::gpu_kernel_impl_nocast<at::direct_copy_kernel_cuda(at::TensorIteratorBase &)::[lambda() (instance 3)]::operator ()() const::[lambda() (instance 10)]::operator ()() const::[lambda(c10::Half) (instance 1)]>(at::TensorIteratorBase &, const T1 &)::[lambda(int) (instance 1)]>(int, T3)",17320320.0,138353920.0,248032.0,30.79,62.12
"void at::vectorized_elementwise_kernel<4, at::FillFunctor<c10::Half>, std::array<char *, 1>>(int, T2, T3)",4736.0,384.0,2400.0,0.11,0.01
"void at::vectorized_elementwise_kernel<4, at::FillFunctor<c10::Half>, std::array<char *, 1>>(int, T2, T3)",4480.0,128.0,2400.0,0.1,0.01
"void at::elementwise_kernel<128, 4, void at::gpu_kernel_impl_nocast<at::<unnamed>::where_kernel_impl(at::TensorIterator &)::[lambda() (instance 1)]::operator ()() const::[lambda() (instance 2)]::operator ()() const::[lambda(bool, c10::Half, c10::Half) (instance 1)]>(at::TensorIteratorBase &, const T1 &)::[lambda(int) (instance 1)]>(int, T3)",23040.0,58496.0,4576.0,0.88,1.94
"fmha_cutlassF_f16_aligned_64x64_rf_sm80(PyTorchMemEffAttention::AttentionKernel<cutlass::half_t, arch::Sm80, 1, 64, 64, 64, 1, 1>::Params)",277077760.0,19104768.0,316416.0,45.92,52.76
ampere_fp16_s16816gemm_fp16_128x64_ldg8_f2f_stages_32x6_tn,8535040.0,1240064.0,11552.0,41.69,15.11
"void cublasLt::splitKreduce_kernel<32, 16, int, __half, __half, float, __half, 0, __half, __half, __half, 1, 0, 0>(cublasLt::cublasSplitKParams<T6>, const T4 *, const T10 *, T9 *, T5 *, const T6 *, const T6 *, const T11 *, const T4 *, T11 *, void *, long, T6 *, int *, T6 *, T6 *, const T6 *, const T6 *, const T6 *, const T6 *, const T6 *)",533248.0,242944.0,4032.0,9.52,9.49
"void at::vectorized_elementwise_kernel<4, at::CUDAFunctor_add<c10::Half>, std::array<char *, 3>>(int, T2, T3)",268928.0,54528.0,2912.0,5.51,0.82
"void at::unrolled_elementwise_kernel<at::direct_copy_kernel_cuda(at::TensorIteratorBase &)::[lambda() (instance 3)]::operator ()() const::[lambda() (instance 7)]::operator ()() const::[lambda(float) (instance 1)], std::array<char *, 2>, 4, TrivialOffsetCalculator<1, unsigned int>, TrivialOffsetCalculator<1, unsigned int>, memory::LoadWithCast<1>, memory::StoreWithCast<1>>(int, T1, T2, T4, T5, T6, T7)",163712.0,179072.0,5760.0,2.93,2.97
"void at::vectorized_elementwise_kernel<4, void at::<unnamed>::pow_tensor_scalar_kernel_impl<float, float>(at::TensorIteratorBase &, T2)::[lambda(float) (instance 1)], std::array<char *, 2>>(int, T2, T3)",267392.0,238848.0,3168.0,7.95,0.43
"void at::reduce_kernel<512, 1, at::ReduceOp<float, at::MeanOps<float, float, float, float>, unsigned int, float, 4, 4>>(T3)",313856.0,63744.0,13152.0,1.41,0.14
"void at::vectorized_elementwise_kernel<4, at::CUDAFunctorOnSelf_add<float>, std::array<char *, 2>>(int, T2, T3)",5376.0,512.0,2592.0,0.11,0.02
"void at::vectorized_elementwise_kernel<4, at::rsqrt_kernel_cuda(at::TensorIteratorBase &)::[lambda() (instance 2)]::operator ()() const::[lambda() (instance 2)]::operator ()() const::[lambda(float) (instance 1)], std::array<char *, 2>>(int, T2, T3)",7040.0,640.0,3008.0,0.13,0.04
"void at::elementwise_kernel<128, 2, void at::gpu_kernel_impl_nocast<at::BinaryFunctor<float, float, float, binary_internal::MulFunctor<float>>>(at::TensorIteratorBase &, const T1 &)::[lambda(int) (instance 1)]>(int, T3)",273792.0,233984.0,4512.0,5.54,3.82
"void at::vectorized_elementwise_kernel<4, at::float16_copy_kernel_cuda(at::TensorIteratorBase &)::[lambda(float) (instance 1)], std::array<char *, 2>>(int, T2, T3)",267776.0,107776.0,3104.0,6.0,0.4
"void at::elementwise_kernel<128, 4, void at::gpu_kernel_impl_nocast<at::BinaryFunctor<c10::Half, c10::Half, c10::Half, binary_internal::MulFunctor<float>>>(at::TensorIteratorBase &, const T1 &)::[lambda(int) (instance 1)]>(int, T3)",155520.0,153216.0,5568.0,2.73,2.93
ampere_fp16_s16816gemm_fp16_64x64_sliced1x2_ldg8_f2f_stages_64x5_tn,23214976.0,7197568.0,23744.0,62.88,20.12
"void at::vectorized_elementwise_kernel<4, at::<unnamed>::silu_kernel(at::TensorIteratorBase &)::[lambda() (instance 1)]::operator ()() const::[lambda() (instance 5)]::operator ()() const::[lambda(c10::Half) (instance 1)], std::array<char *, 2>>(int, T2, T3)",374272.0,219136.0,3840.0,7.69,6.01
ampere_fp16_s16816gemm_fp16_64x64_sliced1x2_ldg8_f2f_stages_64x5_tn,23214848.0,7207040.0,23200.0,64.41,20.61
"void at::vectorized_elementwise_kernel<4, at::BinaryFunctor<c10::Half, c10::Half, c10::Half, binary_internal::MulFunctor<float>>, std::array<char *, 3>>(int, T2, T3)",727808.0,211200.0,3488.0,13.33,1.88
ampere_fp16_s16816gemm_fp16_128x64_ldg8_f2f_stages_32x6_tn,23444864.0,9023232.0,24480.0,65.14,19.53
"void cublasLt::splitKreduce_kernel<32, 16, int, __half, __half, float, __half, 0, __half, __half, __half, 1, 0, 0>(cublasLt::cublasSplitKParams<T6>, const T4 *, const T10 *, T9 *, T5 *, const T6 *, const T6 *, const T11 *, const T4 *, T11 *, void *, long, T6 *, int *, T6 *, T6 *, const T6 *, const T6 *, const T6 *, const T6 *, const T6 *)",795392.0,300416.0,5312.0,10.23,8.47
"void at::vectorized_elementwise_kernel<4, at::CUDAFunctor_add<c10::Half>, std::array<char *, 3>>(int, T2, T3)",269056.0,41728.0,2944.0,5.27,0.81
"void at::unrolled_elementwise_kernel<at::direct_copy_kernel_cuda(at::TensorIteratorBase &)::[lambda() (instance 3)]::operator ()() const::[lambda() (instance 7)]::operator ()() const::[lambda(float) (instance 1)], std::array<char *, 2>, 4, TrivialOffsetCalculator<1, unsigned int>, TrivialOffsetCalculator<1, unsigned int>, memory::LoadWithCast<1>, memory::StoreWithCast<1>>(int, T1, T2, T4, T5, T6, T7)",163840.0,113664.0,5728.0,2.39,2.96
"void at::vectorized_elementwise_kernel<4, void at::<unnamed>::pow_tensor_scalar_kernel_impl<float, float>(at::TensorIteratorBase &, T2)::[lambda(float) (instance 1)], std::array<char *, 2>>(int, T2, T3)",267392.0,129664.0,3040.0,6.52,0.45
"void at::reduce_kernel<512, 1, at::ReduceOp<float, at::MeanOps<float, float, float, float>, unsigned int, float, 4, 4>>(T3)",313728.0,24960.0,12992.0,1.28,0.14
"void at::vectorized_elementwise_kernel<4, at::CUDAFunctorOnSelf_add<float>, std::array<char *, 2>>(int, T2, T3)",5504.0,512.0,2624.0,0.11,0.02
"void at::vectorized_elementwise_kernel<4, at::rsqrt_kernel_cuda(at::TensorIteratorBase &)::[lambda() (instance 2)]::operator ()() const::[lambda() (instance 2)]::operator ()() const::[lambda(float) (instance 1)], std::array<char *, 2>>(int, T2, T3)",7040.0,640.0,2912.0,0.13,0.04
"void at::elementwise_kernel<128, 2, void at::gpu_kernel_impl_nocast<at::BinaryFunctor<float, float, float, binary_internal::MulFunctor<float>>>(at::TensorIteratorBase &, const T1 &)::[lambda(int) (instance 1)]>(int, T3)",273792.0,129792.0,4608.0,4.33,3.74
"void at::vectorized_elementwise_kernel<4, at::float16_copy_kernel_cuda(at::TensorIteratorBase &)::[lambda(float) (instance 1)], std::array<char *, 2>>(int, T2, T3)",267776.0,66048.0,3008.0,5.48,0.41
"void at::elementwise_kernel<128, 4, void at::gpu_kernel_impl_nocast<at::BinaryFunctor<c10::Half, c10::Half, c10::Half, binary_internal::MulFunctor<float>>>(at::TensorIteratorBase &, const T1 &)::[lambda(int) (instance 1)]>(int, T3)",155520.0,84608.0,5696.0,2.08,2.87
ampere_fp16_s16816gemm_fp16_128x64_ldg8_f2f_stages_32x6_tn,8535168.0,1077120.0,11264.0,41.94,15.5
"void cublasLt::splitKreduce_kernel<32, 16, int, __half, __half, float, __half, 0, __half, __half, __half, 1, 0, 0>(cublasLt::cublasSplitKParams<T6>, const T4 *, const T10 *, T9 *, T5 *, const T6 *, const T6 *, const T11 *, const T4 *, T11 *, void *, long, T6 *, int *, T6 *, T6 *, const T6 *, const T6 *, const T6 *, const T6 *, const T6 *)",533248.0,241024.0,4000.0,9.51,9.59
void cutlass::Kernel2<cutlass_80_wmma_tensorop_s161616gemm_f16_32x32_128x2_tn_align8>(T1::Params),1194112.0,374528.0,6144.0,12.6,4.92
"void cublasLt::splitKreduce_kernel<32, 16, int, float, __half, float, __half, 0, __half, __half, __half, 1, 0, 0>(cublasLt::cublasSplitKParams<T6>, const T4 *, const T10 *, T9 *, T5 *, const T6 *, const T6 *, const T11 *, const T4 *, T11 *, void *, long, T6 *, int *, T6 *, T6 *, const T6 *, const T6 *, const T6 *, const T6 *, const T6 *)",270592.0,126336.0,3776.0,5.2,1.38
void cutlass::Kernel2<cutlass_80_wmma_tensorop_s161616gemm_f16_32x32_128x2_tn_align8>(T1::Params),1194112.0,529280.0,6080.0,14.06,4.98
"void cublasLt::splitKreduce_kernel<32, 16, int, float, __half, float, __half, 0, __half, __half, __half, 1, 0, 0>(cublasLt::cublasSplitKParams<T6>, const T4 *, const T10 *, T9 *, T5 *, const T6 *, const T6 *, const T11 *, const T4 *, T11 *, void *, long, T6 *, int *, T6 *, T6 *, const T6 *, const T6 *, const T6 *, const T6 *, const T6 *)",270720.0,124288.0,3584.0,5.44,1.45
"void at::elementwise_kernel<128, 4, void at::gpu_kernel_impl_nocast<at::BinaryFunctor<c10::Half, c10::Half, c10::Half, binary_internal::MulFunctor<float>>>(at::TensorIteratorBase &, const T1 &)::[lambda(int) (instance 1)]>(int, T3)",155520.0,83840.0,5664.0,2.09,3.51
"void at::elementwise_kernel<128, 4, void at::gpu_kernel_impl_nocast<at::neg_kernel_cuda(at::TensorIteratorBase &)::[lambda() (instance 2)]::operator ()() const::[lambda() (instance 8)]::operator ()() const::[lambda(c10::Half) (instance 1)]>(at::TensorIteratorBase &, const T1 &)::[lambda(int) (instance 1)]>(int, T3)",83968.0,36224.0,5344.0,1.11,1.27
"void at::<unnamed>::CatArrayBatchedCopy<at::<unnamed>::OpaqueType<2>, unsigned int, 4, 64, 64>(T1 *, at::<unnamed>::CatArrInputTensorMetadata<T1, T2, T4, T5>, at::<unnamed>::TensorSizeStride<T2, 4>, int, T2)",138624.0,204288.0,7072.0,2.38,12.2
"void at::elementwise_kernel<128, 4, void at::gpu_kernel_impl_nocast<at::BinaryFunctor<c10::Half, c10::Half, c10::Half, binary_internal::MulFunctor<float>>>(at::TensorIteratorBase &, const T1 &)::[lambda(int) (instance 1)]>(int, T3)",155392.0,124160.0,5792.0,2.39,3.41
"void at::vectorized_elementwise_kernel<4, at::CUDAFunctor_add<c10::Half>, std::array<char *, 3>>(int, T2, T3)",268928.0,91136.0,3136.0,5.77,0.77
"void at::elementwise_kernel<128, 4, void at::gpu_kernel_impl_nocast<at::BinaryFunctor<c10::Half, c10::Half, c10::Half, binary_internal::MulFunctor<float>>>(at::TensorIteratorBase &, const T1 &)::[lambda(int) (instance 1)]>(int, T3)",40704.0,3840.0,5536.0,0.4,0.45
"void at::elementwise_kernel<128, 4, void at::gpu_kernel_impl_nocast<at::neg_kernel_cuda(at::TensorIteratorBase &)::[lambda() (instance 2)]::operator ()() const::[lambda() (instance 8)]::operator ()() const::[lambda(c10::Half) (instance 1)]>(at::TensorIteratorBase &, const T1 &)::[lambda(int) (instance 1)]>(int, T3)",26624.0,17920.0,5184.0,0.43,0.16
"void at::<unnamed>::CatArrayBatchedCopy<at::<unnamed>::OpaqueType<2>, unsigned int, 4, 64, 64>(T1 *, at::<unnamed>::CatArrInputTensorMetadata<T1, T2, T4, T5>, at::<unnamed>::TensorSizeStride<T2, 4>, int, T2)",23808.0,21632.0,6560.0,0.34,4.4
"void at::elementwise_kernel<128, 4, void at::gpu_kernel_impl_nocast<at::BinaryFunctor<c10::Half, c10::Half, c10::Half, binary_internal::MulFunctor<float>>>(at::TensorIteratorBase &, const T1 &)::[lambda(int) (instance 1)]>(int, T3)",40960.0,1664.0,5632.0,0.37,0.44
"void at::vectorized_elementwise_kernel<4, at::CUDAFunctor_add<c10::Half>, std::array<char *, 3>>(int, T2, T3)",39680.0,2560.0,2880.0,0.74,0.1
"void <unnamed>::elementwise_kernel_with_index<int, at::arange_cuda_out(const c10::Scalar &, const c10::Scalar &, const c10::Scalar &, at::Tensor &)::[lambda() (instance 1)]::operator ()() const::[lambda() (instance 4)]::operator ()() const::[lambda(long) (instance 1)]>(T1, T2, function_traits<T2>::result_type *)",3328.0,128.0,2304.0,0.08,0.0
"void at::vectorized_elementwise_kernel<2, at::CUDAFunctor_add<long>, std::array<char *, 3>>(int, T2, T3)",7040.0,640.0,2848.0,0.13,0.04
"void at::vectorized_elementwise_kernel<2, at::CUDAFunctorOnSelf_add<long>, std::array<char *, 2>>(int, T2, T3)",6272.0,640.0,2752.0,0.12,0.03
"void at::index_elementwise_kernel<128, 4, void at::index_copy_kernel_impl<at::OpaqueType<2>>(at::TensorIterator &, long, long, long)::[lambda(int) (instance 1)]>(long, T3)",38912.0,7936.0,5888.0,0.4,0.46
"void at::index_elementwise_kernel<128, 4, void at::index_copy_kernel_impl<at::OpaqueType<2>>(at::TensorIterator &, long, long, long)::[lambda(int) (instance 1)]>(long, T3)",38912.0,23424.0,5856.0,0.52,0.46
"void at::elementwise_kernel<128, 4, void at::gpu_kernel_impl_nocast<at::direct_copy_kernel_cuda(at::TensorIteratorBase &)::[lambda() (instance 3)]::operator ()() const::[lambda() (instance 10)]::operator ()() const::[lambda(c10::Half) (instance 1)]>(at::TensorIteratorBase &, const T1 &)::[lambda(int) (instance 1)]>(int, T3)",17320192.0,138380672.0,248000.0,30.79,62.11
"void at::elementwise_kernel<128, 4, void at::gpu_kernel_impl_nocast<at::direct_copy_kernel_cuda(at::TensorIteratorBase &)::[lambda() (instance 3)]::operator ()() const::[lambda() (instance 10)]::operator ()() const::[lambda(c10::Half) (instance 1)]>(at::TensorIteratorBase &, const T1 &)::[lambda(int) (instance 1)]>(int, T3)",17320064.0,138444928.0,249600.0,30.61,62.1
"void at::vectorized_elementwise_kernel<4, at::FillFunctor<c10::Half>, std::array<char *, 1>>(int, T2, T3)",4736.0,384.0,2528.0,0.1,0.01
"void at::vectorized_elementwise_kernel<4, at::FillFunctor<c10::Half>, std::array<char *, 1>>(int, T2, T3)",4480.0,384.0,2368.0,0.1,0.01
"void at::elementwise_kernel<128, 4, void at::gpu_kernel_impl_nocast<at::<unnamed>::where_kernel_impl(at::TensorIterator &)::[lambda() (instance 1)]::operator ()() const::[lambda() (instance 2)]::operator ()() const::[lambda(bool, c10::Half, c10::Half) (instance 1)]>(at::TensorIteratorBase &, const T1 &)::[lambda(int) (instance 1)]>(int, T3)",23168.0,52352.0,4640.0,0.81,1.91
"fmha_cutlassF_f16_aligned_64x64_rf_sm80(PyTorchMemEffAttention::AttentionKernel<cutlass::half_t, arch::Sm80, 1, 64, 64, 64, 1, 1>::Params)",277089664.0,19132672.0,316512.0,45.9,52.74
ampere_fp16_s16816gemm_fp16_128x64_ldg8_f2f_stages_32x6_tn,8535040.0,1298688.0,11392.0,42.57,15.36
"void cublasLt::splitKreduce_kernel<32, 16, int, __half, __half, float, __half, 0, __half, __half, __half, 1, 0, 0>(cublasLt::cublasSplitKParams<T6>, const T4 *, const T10 *, T9 *, T5 *, const T6 *, const T6 *, const T11 *, const T4 *, T11 *, void *, long, T6 *, int *, T6 *, T6 *, const T6 *, const T6 *, const T6 *, const T6 *, const T6 *)",533376.0,245888.0,3936.0,9.73,9.73
"void at::vectorized_elementwise_kernel<4, at::CUDAFunctor_add<c10::Half>, std::array<char *, 3>>(int, T2, T3)",268928.0,62848.0,3104.0,5.31,0.77
"void at::unrolled_elementwise_kernel<at::direct_copy_kernel_cuda(at::TensorIteratorBase &)::[lambda() (instance 3)]::operator ()() const::[lambda() (instance 7)]::operator ()() const::[lambda(float) (instance 1)], std::array<char *, 2>, 4, TrivialOffsetCalculator<1, unsigned int>, TrivialOffsetCalculator<1, unsigned int>, memory::LoadWithCast<1>, memory::StoreWithCast<1>>(int, T1, T2, T4, T5, T6, T7)",163712.0,116096.0,5632.0,2.44,3.03
"void at::vectorized_elementwise_kernel<4, void at::<unnamed>::pow_tensor_scalar_kernel_impl<float, float>(at::TensorIteratorBase &, T2)::[lambda(float) (instance 1)], std::array<char *, 2>>(int, T2, T3)",267392.0,185088.0,3072.0,7.27,0.44
"void at::reduce_kernel<512, 1, at::ReduceOp<float, at::MeanOps<float, float, float, float>, unsigned int, float, 4, 4>>(T3)",313856.0,50432.0,13152.0,1.36,0.14
"void at::vectorized_elementwise_kernel<4, at::CUDAFunctorOnSelf_add<float>, std::array<char *, 2>>(int, T2, T3)",5376.0,384.0,2784.0,0.1,0.02
"void at::vectorized_elementwise_kernel<4, at::rsqrt_kernel_cuda(at::TensorIteratorBase &)::[lambda() (instance 2)]::operator ()() const::[lambda() (instance 2)]::operator ()() const::[lambda(float) (instance 1)], std::array<char *, 2>>(int, T2, T3)",7040.0,1024.0,2912.0,0.14,0.04
"void at::elementwise_kernel<128, 2, void at::gpu_kernel_impl_nocast<at::BinaryFunctor<float, float, float, binary_internal::MulFunctor<float>>>(at::TensorIteratorBase &, const T1 &)::[lambda(int) (instance 1)]>(int, T3)",273792.0,182528.0,4544.0,4.97,3.79
"void at::vectorized_elementwise_kernel<4, at::float16_copy_kernel_cuda(at::TensorIteratorBase &)::[lambda(float) (instance 1)], std::array<char *, 2>>(int, T2, T3)",267776.0,96896.0,3072.0,5.88,0.4
"void at::elementwise_kernel<128, 4, void at::gpu_kernel_impl_nocast<at::BinaryFunctor<c10::Half, c10::Half, c10::Half, binary_internal::MulFunctor<float>>>(at::TensorIteratorBase &, const T1 &)::[lambda(int) (instance 1)]>(int, T3)",155520.0,83456.0,5568.0,2.12,2.94
ampere_fp16_s16816gemm_fp16_64x64_sliced1x2_ldg8_f2f_stages_64x5_tn,23214848.0,7122816.0,23200.0,64.2,20.6
"void at::vectorized_elementwise_kernel<4, at::<unnamed>::silu_kernel(at::TensorIteratorBase &)::[lambda() (instance 1)]::operator ()() const::[lambda() (instance 5)]::operator ()() const::[lambda(c10::Half) (instance 1)], std::array<char *, 2>>(int, T2, T3)",374272.0,212096.0,3808.0,7.62,6.07
ampere_fp16_s16816gemm_fp16_64x64_sliced1x2_ldg8_f2f_stages_64x5_tn,23215104.0,7414912.0,23424.0,64.24,20.51
"void at::vectorized_elementwise_kernel<4, at::BinaryFunctor<c10::Half, c10::Half, c10::Half, binary_internal::MulFunctor<float>>, std::array<char *, 3>>(int, T2, T3)",727680.0,208000.0,3712.0,12.52,1.76
ampere_fp16_s16816gemm_fp16_128x64_ldg8_f2f_stages_32x6_tn,23444608.0,9109248.0,24672.0,64.83,19.38
"void cublasLt::splitKreduce_kernel<32, 16, int, __half, __half, float, __half, 0, __half, __half, __half, 1, 0, 0>(cublasLt::cublasSplitKParams<T6>, const T4 *, const T10 *, T9 *, T5 *, const T6 *, const T6 *, const T11 *, const T4 *, T11 *, void *, long, T6 *, int *, T6 *, T6 *, const T6 *, const T6 *, const T6 *, const T6 *, const T6 *)",795648.0,283904.0,5120.0,10.44,8.74
"void at::vectorized_elementwise_kernel<4, at::CUDAFunctor_add<c10::Half>, std::array<char *, 3>>(int, T2, T3)",268928.0,51584.0,3008.0,5.3,0.8
"void at::unrolled_elementwise_kernel<at::direct_copy_kernel_cuda(at::TensorIteratorBase &)::[lambda() (instance 3)]::operator ()() const::[lambda() (instance 7)]::operator ()() const::[lambda(float) (instance 1)], std::array<char *, 2>, 4, TrivialOffsetCalculator<1, unsigned int>, TrivialOffsetCalculator<1, unsigned int>, memory::LoadWithCast<1>, memory::StoreWithCast<1>>(int, T1, T2, T4, T5, T6, T7)",163840.0,118144.0,5728.0,2.43,2.97
"void at::vectorized_elementwise_kernel<4, void at::<unnamed>::pow_tensor_scalar_kernel_impl<float, float>(at::TensorIteratorBase &, T2)::[lambda(float) (instance 1)], std::array<char *, 2>>(int, T2, T3)",267392.0,153472.0,2976.0,7.04,0.46
"void at::reduce_kernel<512, 1, at::ReduceOp<float, at::MeanOps<float, float, float, float>, unsigned int, float, 4, 4>>(T3)",313728.0,77824.0,13120.0,1.47,0.14
"void at::vectorized_elementwise_kernel<4, at::CUDAFunctorOnSelf_add<float>, std::array<char *, 2>>(int, T2, T3)",5504.0,128.0,2784.0,0.1,0.02
"void at::vectorized_elementwise_kernel<4, at::rsqrt_kernel_cuda(at::TensorIteratorBase &)::[lambda() (instance 2)]::operator ()() const::[lambda() (instance 2)]::operator ()() const::[lambda(float) (instance 1)], std::array<char *, 2>>(int, T2, T3)",7040.0,768.0,3040.0,0.13,0.03
"void at::elementwise_kernel<128, 2, void at::gpu_kernel_impl_nocast<at::BinaryFunctor<float, float, float, binary_internal::MulFunctor<float>>>(at::TensorIteratorBase &, const T1 &)::[lambda(int) (instance 1)]>(int, T3)",273920.0,158464.0,4448.0,4.77,3.86
"void at::vectorized_elementwise_kernel<4, at::float16_copy_kernel_cuda(at::TensorIteratorBase &)::[lambda(float) (instance 1)], std::array<char *, 2>>(int, T2, T3)",267904.0,109696.0,3104.0,6.05,0.4
"void at::elementwise_kernel<128, 4, void at::gpu_kernel_impl_nocast<at::BinaryFunctor<c10::Half, c10::Half, c10::Half, binary_internal::MulFunctor<float>>>(at::TensorIteratorBase &, const T1 &)::[lambda(int) (instance 1)]>(int, T3)",155520.0,80896.0,5760.0,2.02,2.83
ampere_fp16_s16816gemm_fp16_128x64_ldg8_f2f_stages_32x6_tn,8535168.0,1058432.0,11264.0,41.82,15.49
"void cublasLt::splitKreduce_kernel<32, 16, int, __half, __half, float, __half, 0, __half, __half, __half, 1, 0, 0>(cublasLt::cublasSplitKParams<T6>, const T4 *, const T10 *, T9 *, T5 *, const T6 *, const T6 *, const T11 *, const T4 *, T11 *, void *, long, T6 *, int *, T6 *, T6 *, const T6 *, const T6 *, const T6 *, const T6 *, const T6 *)",533248.0,252672.0,4064.0,9.59,9.46
void cutlass::Kernel2<cutlass_80_wmma_tensorop_s161616gemm_f16_32x32_128x2_tn_align8>(T1::Params),1194240.0,353408.0,5888.0,12.87,5.1
"void cublasLt::splitKreduce_kernel<32, 16, int, float, __half, float, __half, 0, __half, __half, __half, 1, 0, 0>(cublasLt::cublasSplitKParams<T6>, const T4 *, const T10 *, T9 *, T5 *, const T6 *, const T6 *, const T11 *, const T4 *, T11 *, void *, long, T6 *, int *, T6 *, T6 *, const T6 *, const T6 *, const T6 *, const T6 *, const T6 *)",270592.0,132864.0,3584.0,5.53,1.45
void cutlass::Kernel2<cutlass_80_wmma_tensorop_s161616gemm_f16_32x32_128x2_tn_align8>(T1::Params),1194112.0,612608.0,5984.0,14.9,5.04
"void cublasLt::splitKreduce_kernel<32, 16, int, float, __half, float, __half, 0, __half, __half, __half, 1, 0, 0>(cublasLt::cublasSplitKParams<T6>, const T4 *, const T10 *, T9 *, T5 *, const T6 *, const T6 *, const T11 *, const T4 *, T11 *, void *, long, T6 *, int *, T6 *, T6 *, const T6 *, const T6 *, const T6 *, const T6 *, const T6 *)",270592.0,129792.0,3584.0,5.55,1.46
"void at::elementwise_kernel<128, 4, void at::gpu_kernel_impl_nocast<at::BinaryFunctor<c10::Half, c10::Half, c10::Half, binary_internal::MulFunctor<float>>>(at::TensorIteratorBase &, const T1 &)::[lambda(int) (instance 1)]>(int, T3)",155648.0,96128.0,5760.0,2.17,3.44
"void at::elementwise_kernel<128, 4, void at::gpu_kernel_impl_nocast<at::neg_kernel_cuda(at::TensorIteratorBase &)::[lambda() (instance 2)]::operator ()() const::[lambda() (instance 8)]::operator ()() const::[lambda(c10::Half) (instance 1)]>(at::TensorIteratorBase &, const T1 &)::[lambda(int) (instance 1)]>(int, T3)",83968.0,25984.0,5408.0,1.0,1.26
"void at::<unnamed>::CatArrayBatchedCopy<at::<unnamed>::OpaqueType<2>, unsigned int, 4, 64, 64>(T1 *, at::<unnamed>::CatArrInputTensorMetadata<T1, T2, T4, T5>, at::<unnamed>::TensorSizeStride<T2, 4>, int, T2)",138496.0,180736.0,6848.0,2.29,12.73
"void at::elementwise_kernel<128, 4, void at::gpu_kernel_impl_nocast<at::BinaryFunctor<c10::Half, c10::Half, c10::Half, binary_internal::MulFunctor<float>>>(at::TensorIteratorBase &, const T1 &)::[lambda(int) (instance 1)]>(int, T3)",155520.0,116352.0,5696.0,2.35,3.45
"void at::vectorized_elementwise_kernel<4, at::CUDAFunctor_add<c10::Half>, std::array<char *, 3>>(int, T2, T3)",268928.0,118400.0,2944.0,6.49,0.81
"void at::elementwise_kernel<128, 4, void at::gpu_kernel_impl_nocast<at::BinaryFunctor<c10::Half, c10::Half, c10::Half, binary_internal::MulFunctor<float>>>(at::TensorIteratorBase &, const T1 &)::[lambda(int) (instance 1)]>(int, T3)",40832.0,3456.0,5504.0,0.4,0.45
"void at::elementwise_kernel<128, 4, void at::gpu_kernel_impl_nocast<at::neg_kernel_cuda(at::TensorIteratorBase &)::[lambda() (instance 2)]::operator ()() const::[lambda() (instance 8)]::operator ()() const::[lambda(c10::Half) (instance 1)]>(at::TensorIteratorBase &, const T1 &)::[lambda(int) (instance 1)]>(int, T3)",26624.0,6656.0,5344.0,0.31,0.16
"void at::<unnamed>::CatArrayBatchedCopy<at::<unnamed>::OpaqueType<2>, unsigned int, 4, 64, 64>(T1 *, at::<unnamed>::CatArrInputTensorMetadata<T1, T2, T4, T5>, at::<unnamed>::TensorSizeStride<T2, 4>, int, T2)",23808.0,24704.0,6624.0,0.36,4.35
"void at::elementwise_kernel<128, 4, void at::gpu_kernel_impl_nocast<at::BinaryFunctor<c10::Half, c10::Half, c10::Half, binary_internal::MulFunctor<float>>>(at::TensorIteratorBase &, const T1 &)::[lambda(int) (instance 1)]>(int, T3)",40704.0,1408.0,5536.0,0.37,0.45
"void at::vectorized_elementwise_kernel<4, at::CUDAFunctor_add<c10::Half>, std::array<char *, 3>>(int, T2, T3)",39552.0,1024.0,2752.0,0.74,0.11
"void <unnamed>::elementwise_kernel_with_index<int, at::arange_cuda_out(const c10::Scalar &, const c10::Scalar &, const c10::Scalar &, at::Tensor &)::[lambda() (instance 1)]::operator ()() const::[lambda() (instance 4)]::operator ()() const::[lambda(long) (instance 1)]>(T1, T2, function_traits<T2>::result_type *)",3200.0,384.0,2304.0,0.08,0.0
"void at::vectorized_elementwise_kernel<2, at::CUDAFunctor_add<long>, std::array<char *, 3>>(int, T2, T3)",7168.0,256.0,2944.0,0.13,0.03
"void at::vectorized_elementwise_kernel<2, at::CUDAFunctorOnSelf_add<long>, std::array<char *, 2>>(int, T2, T3)",6272.0,640.0,2752.0,0.13,0.03
"void at::index_elementwise_kernel<128, 4, void at::index_copy_kernel_impl<at::OpaqueType<2>>(at::TensorIterator &, long, long, long)::[lambda(int) (instance 1)]>(long, T3)",39040.0,15872.0,5760.0,0.47,0.47
"void at::index_elementwise_kernel<128, 4, void at::index_copy_kernel_impl<at::OpaqueType<2>>(at::TensorIterator &, long, long, long)::[lambda(int) (instance 1)]>(long, T3)",38656.0,8448.0,5888.0,0.4,0.46
"void at::elementwise_kernel<128, 4, void at::gpu_kernel_impl_nocast<at::direct_copy_kernel_cuda(at::TensorIteratorBase &)::[lambda() (instance 3)]::operator ()() const::[lambda() (instance 10)]::operator ()() const::[lambda(c10::Half) (instance 1)]>(at::TensorIteratorBase &, const T1 &)::[lambda(int) (instance 1)]>(int, T3)",17320192.0,138437248.0,248128.0,30.79,62.1
"void at::elementwise_kernel<128, 4, void at::gpu_kernel_impl_nocast<at::direct_copy_kernel_cuda(at::TensorIteratorBase &)::[lambda() (instance 3)]::operator ()() const::[lambda() (instance 10)]::operator ()() const::[lambda(c10::Half) (instance 1)]>(at::TensorIteratorBase &, const T1 &)::[lambda(int) (instance 1)]>(int, T3)",17320064.0,138420992.0,248896.0,30.69,61.9
"void at::vectorized_elementwise_kernel<4, at::FillFunctor<c10::Half>, std::array<char *, 1>>(int, T2, T3)",4480.0,768.0,2336.0,0.11,0.01
"void at::vectorized_elementwise_kernel<4, at::FillFunctor<c10::Half>, std::array<char *, 1>>(int, T2, T3)",4608.0,384.0,2368.0,0.11,0.01
"void at::elementwise_kernel<128, 4, void at::gpu_kernel_impl_nocast<at::<unnamed>::where_kernel_impl(at::TensorIterator &)::[lambda() (instance 1)]::operator ()() const::[lambda() (instance 2)]::operator ()() const::[lambda(bool, c10::Half, c10::Half) (instance 1)]>(at::TensorIteratorBase &, const T1 &)::[lambda(int) (instance 1)]>(int, T3)",23296.0,52992.0,4576.0,0.82,1.92
"fmha_cutlassF_f16_aligned_64x64_rf_sm80(PyTorchMemEffAttention::AttentionKernel<cutlass::half_t, arch::Sm80, 1, 64, 64, 64, 1, 1>::Params)",277077248.0,19115904.0,315584.0,46.03,52.9
ampere_fp16_s16816gemm_fp16_128x64_ldg8_f2f_stages_32x6_tn,8535040.0,1100288.0,11488.0,41.15,15.2
"void cublasLt::splitKreduce_kernel<32, 16, int, __half, __half, float, __half, 0, __half, __half, __half, 1, 0, 0>(cublasLt::cublasSplitKParams<T6>, const T4 *, const T10 *, T9 *, T5 *, const T6 *, const T6 *, const T11 *, const T4 *, T11 *, void *, long, T6 *, int *, T6 *, T6 *, const T6 *, const T6 *, const T6 *, const T6 *, const T6 *)",533248.0,244480.0,4000.0,9.67,9.64
"void at::vectorized_elementwise_kernel<4, at::CUDAFunctor_add<c10::Half>, std::array<char *, 3>>(int, T2, T3)",268928.0,48256.0,3104.0,4.98,0.77
"void at::unrolled_elementwise_kernel<at::direct_copy_kernel_cuda(at::TensorIteratorBase &)::[lambda() (instance 3)]::operator ()() const::[lambda() (instance 7)]::operator ()() const::[lambda(float) (instance 1)], std::array<char *, 2>, 4, TrivialOffsetCalculator<1, unsigned int>, TrivialOffsetCalculator<1, unsigned int>, memory::LoadWithCast<1>, memory::StoreWithCast<1>>(int, T1, T2, T4, T5, T6, T7)",163712.0,177792.0,5664.0,2.98,3.01
"void at::vectorized_elementwise_kernel<4, void at::<unnamed>::pow_tensor_scalar_kernel_impl<float, float>(at::TensorIteratorBase &, T2)::[lambda(float) (instance 1)], std::array<char *, 2>>(int, T2, T3)",267392.0,234240.0,3136.0,8.04,0.44
"void at::reduce_kernel<512, 1, at::ReduceOp<float, at::MeanOps<float, float, float, float>, unsigned int, float, 4, 4>>(T3)",313856.0,55296.0,13216.0,1.37,0.14
"void at::vectorized_elementwise_kernel<4, at::CUDAFunctorOnSelf_add<float>, std::array<char *, 2>>(int, T2, T3)",5376.0,128.0,2656.0,0.1,0.02
"void at::vectorized_elementwise_kernel<4, at::rsqrt_kernel_cuda(at::TensorIteratorBase &)::[lambda() (instance 2)]::operator ()() const::[lambda() (instance 2)]::operator ()() const::[lambda(float) (instance 1)], std::array<char *, 2>>(int, T2, T3)",6912.0,768.0,3072.0,0.13,0.03
"void at::elementwise_kernel<128, 2, void at::gpu_kernel_impl_nocast<at::BinaryFunctor<float, float, float, binary_internal::MulFunctor<float>>>(at::TensorIteratorBase &, const T1 &)::[lambda(int) (instance 1)]>(int, T3)",273920.0,231168.0,4576.0,5.47,3.76
"void at::vectorized_elementwise_kernel<4, at::float16_copy_kernel_cuda(at::TensorIteratorBase &)::[lambda(float) (instance 1)], std::array<char *, 2>>(int, T2, T3)",267776.0,115712.0,3104.0,6.22,0.4
"void at::elementwise_kernel<128, 4, void at::gpu_kernel_impl_nocast<at::BinaryFunctor<c10::Half, c10::Half, c10::Half, binary_internal::MulFunctor<float>>>(at::TensorIteratorBase &, const T1 &)::[lambda(int) (instance 1)]>(int, T3)",155648.0,148992.0,5760.0,2.62,2.86
ampere_fp16_s16816gemm_fp16_64x64_sliced1x2_ldg8_f2f_stages_64x5_tn,23216768.0,7009024.0,22880.0,64.94,20.92
"void at::vectorized_elementwise_kernel<4, at::<unnamed>::silu_kernel(at::TensorIteratorBase &)::[lambda() (instance 1)]::operator ()() const::[lambda() (instance 5)]::operator ()() const::[lambda(c10::Half) (instance 1)], std::array<char *, 2>>(int, T2, T3)",374272.0,218368.0,3840.0,7.63,6.01
ampere_fp16_s16816gemm_fp16_64x64_sliced1x2_ldg8_f2f_stages_64x5_tn,23214976.0,7104512.0,23040.0,64.66,20.77
"void at::vectorized_elementwise_kernel<4, at::BinaryFunctor<c10::Half, c10::Half, c10::Half, binary_internal::MulFunctor<float>>, std::array<char *, 3>>(int, T2, T3)",727680.0,199040.0,3520.0,13.09,1.87
ampere_fp16_s16816gemm_fp16_128x64_ldg8_f2f_stages_32x6_tn,23445376.0,9107200.0,24672.0,64.87,19.39
"void cublasLt::splitKreduce_kernel<32, 16, int, __half, __half, float, __half, 0, __half, __half, __half, 1, 0, 0>(cublasLt::cublasSplitKParams<T6>, const T4 *, const T10 *, T9 *, T5 *, const T6 *, const T6 *, const T11 *, const T4 *, T11 *, void *, long, T6 *, int *, T6 *, T6 *, const T6 *, const T6 *, const T6 *, const T6 *, const T6 *)",795392.0,271744.0,5152.0,10.22,8.75
"void at::vectorized_elementwise_kernel<4, at::CUDAFunctor_add<c10::Half>, std::array<char *, 3>>(int, T2, T3)",268928.0,39424.0,2944.0,5.17,0.81
"void at::unrolled_elementwise_kernel<at::direct_copy_kernel_cuda(at::TensorIteratorBase &)::[lambda() (instance 3)]::operator ()() const::[lambda() (instance 7)]::operator ()() const::[lambda(float) (instance 1)], std::array<char *, 2>, 4, TrivialOffsetCalculator<1, unsigned int>, TrivialOffsetCalculator<1, unsigned int>, memory::LoadWithCast<1>, memory::StoreWithCast<1>>(int, T1, T2, T4, T5, T6, T7)",163840.0,110208.0,5696.0,2.39,3.0
"void at::vectorized_elementwise_kernel<4, void at::<unnamed>::pow_tensor_scalar_kernel_impl<float, float>(at::TensorIteratorBase &, T2)::[lambda(float) (instance 1)], std::array<char *, 2>>(int, T2, T3)",267392.0,128256.0,3040.0,6.44,0.45
"void at::reduce_kernel<512, 1, at::ReduceOp<float, at::MeanOps<float, float, float, float>, unsigned int, float, 4, 4>>(T3)",313856.0,25216.0,12896.0,1.29,0.14
"void at::vectorized_elementwise_kernel<4, at::CUDAFunctorOnSelf_add<float>, std::array<char *, 2>>(int, T2, T3)",5632.0,384.0,2816.0,0.11,0.02
"void at::vectorized_elementwise_kernel<4, at::rsqrt_kernel_cuda(at::TensorIteratorBase &)::[lambda() (instance 2)]::operator ()() const::[lambda() (instance 2)]::operator ()() const::[lambda(float) (instance 1)], std::array<char *, 2>>(int, T2, T3)",6912.0,384.0,2912.0,0.13,0.04
"void at::elementwise_kernel<128, 2, void at::gpu_kernel_impl_nocast<at::BinaryFunctor<float, float, float, binary_internal::MulFunctor<float>>>(at::TensorIteratorBase &, const T1 &)::[lambda(int) (instance 1)]>(int, T3)",273792.0,133248.0,4576.0,4.4,3.78
"void at::vectorized_elementwise_kernel<4, at::float16_copy_kernel_cuda(at::TensorIteratorBase &)::[lambda(float) (instance 1)], std::array<char *, 2>>(int, T2, T3)",267648.0,89472.0,3104.0,5.72,0.4
"void at::elementwise_kernel<128, 4, void at::gpu_kernel_impl_nocast<at::BinaryFunctor<c10::Half, c10::Half, c10::Half, binary_internal::MulFunctor<float>>>(at::TensorIteratorBase &, const T1 &)::[lambda(int) (instance 1)]>(int, T3)",155520.0,74880.0,5760.0,1.97,2.84
ampere_fp16_s16816gemm_fp16_128x64_ldg8_f2f_stages_32x6_tn,8535168.0,1079680.0,11264.0,41.92,15.47
"void cublasLt::splitKreduce_kernel<32, 16, int, __half, __half, float, __half, 0, __half, __half, __half, 1, 0, 0>(cublasLt::cublasSplitKParams<T6>, const T4 *, const T10 *, T9 *, T5 *, const T6 *, const T6 *, const T11 *, const T4 *, T11 *, void *, long, T6 *, int *, T6 *, T6 *, const T6 *, const T6 *, const T6 *, const T6 *, const T6 *)",533248.0,245632.0,4064.0,9.49,9.42
void cutlass::Kernel2<cutlass_80_wmma_tensorop_s161616gemm_f16_32x32_128x2_tn_align8>(T1::Params),1194240.0,321920.0,6048.0,12.4,4.99
"void cublasLt::splitKreduce_kernel<32, 16, int, float, __half, float, __half, 0, __half, __half, __half, 1, 0, 0>(cublasLt::cublasSplitKParams<T6>, const T4 *, const T10 *, T9 *, T5 *, const T6 *, const T6 *, const T11 *, const T4 *, T11 *, void *, long, T6 *, int *, T6 *, T6 *, const T6 *, const T6 *, const T6 *, const T6 *, const T6 *)",270720.0,123520.0,3808.0,5.16,1.37
void cutlass::Kernel2<cutlass_80_wmma_tensorop_s161616gemm_f16_32x32_128x2_tn_align8>(T1::Params),1194240.0,347392.0,6208.0,12.27,4.87
"void cublasLt::splitKreduce_kernel<32, 16, int, float, __half, float, __half, 0, __half, __half, __half, 1, 0, 0>(cublasLt::cublasSplitKParams<T6>, const T4 *, const T10 *, T9 *, T5 *, const T6 *, const T6 *, const T11 *, const T4 *, T11 *, void *, long, T6 *, int *, T6 *, T6 *, const T6 *, const T6 *, const T6 *, const T6 *, const T6 *)",270592.0,126592.0,3648.0,5.4,1.44
"void at::elementwise_kernel<128, 4, void at::gpu_kernel_impl_nocast<at::BinaryFunctor<c10::Half, c10::Half, c10::Half, binary_internal::MulFunctor<float>>>(at::TensorIteratorBase &, const T1 &)::[lambda(int) (instance 1)]>(int, T3)",155520.0,74368.0,5760.0,1.98,3.46
"void at::elementwise_kernel<128, 4, void at::gpu_kernel_impl_nocast<at::neg_kernel_cuda(at::TensorIteratorBase &)::[lambda() (instance 2)]::operator ()() const::[lambda() (instance 8)]::operator ()() const::[lambda(c10::Half) (instance 1)]>(at::TensorIteratorBase &, const T1 &)::[lambda(int) (instance 1)]>(int, T3)",83968.0,43520.0,5408.0,1.16,1.25
"void at::<unnamed>::CatArrayBatchedCopy<at::<unnamed>::OpaqueType<2>, unsigned int, 4, 64, 64>(T1 *, at::<unnamed>::CatArrInputTensorMetadata<T1, T2, T4, T5>, at::<unnamed>::TensorSizeStride<T2, 4>, int, T2)",138624.0,204032.0,6848.0,2.49,12.66
"void at::elementwise_kernel<128, 4, void at::gpu_kernel_impl_nocast<at::BinaryFunctor<c10::Half, c10::Half, c10::Half, binary_internal::MulFunctor<float>>>(at::TensorIteratorBase &, const T1 &)::[lambda(int) (instance 1)]>(int, T3)",155520.0,122496.0,5824.0,2.36,3.41
"void at::vectorized_elementwise_kernel<4, at::CUDAFunctor_add<c10::Half>, std::array<char *, 3>>(int, T2, T3)",269056.0,96000.0,3040.0,5.97,0.79
"void at::elementwise_kernel<128, 4, void at::gpu_kernel_impl_nocast<at::BinaryFunctor<c10::Half, c10::Half, c10::Half, binary_internal::MulFunctor<float>>>(at::TensorIteratorBase &, const T1 &)::[lambda(int) (instance 1)]>(int, T3)",40704.0,4096.0,5696.0,0.39,0.43
"void at::elementwise_kernel<128, 4, void at::gpu_kernel_impl_nocast<at::neg_kernel_cuda(at::TensorIteratorBase &)::[lambda() (instance 2)]::operator ()() const::[lambda() (instance 8)]::operator ()() const::[lambda(c10::Half) (instance 1)]>(at::TensorIteratorBase &, const T1 &)::[lambda(int) (instance 1)]>(int, T3)",26496.0,16512.0,5248.0,0.4,0.16
"void at::<unnamed>::CatArrayBatchedCopy<at::<unnamed>::OpaqueType<2>, unsigned int, 4, 64, 64>(T1 *, at::<unnamed>::CatArrInputTensorMetadata<T1, T2, T4, T5>, at::<unnamed>::TensorSizeStride<T2, 4>, int, T2)",23936.0,21760.0,6624.0,0.34,4.39
"void at::elementwise_kernel<128, 4, void at::gpu_kernel_impl_nocast<at::BinaryFunctor<c10::Half, c10::Half, c10::Half, binary_internal::MulFunctor<float>>>(at::TensorIteratorBase &, const T1 &)::[lambda(int) (instance 1)]>(int, T3)",40832.0,1664.0,5696.0,0.37,0.43
"void at::vectorized_elementwise_kernel<4, at::CUDAFunctor_add<c10::Half>, std::array<char *, 3>>(int, T2, T3)",39552.0,3200.0,2912.0,0.72,0.1
"void <unnamed>::elementwise_kernel_with_index<int, at::arange_cuda_out(const c10::Scalar &, const c10::Scalar &, const c10::Scalar &, at::Tensor &)::[lambda() (instance 1)]::operator ()() const::[lambda() (instance 4)]::operator ()() const::[lambda(long) (instance 1)]>(T1, T2, function_traits<T2>::result_type *)",3328.0,384.0,2304.0,0.08,0.0
"void at::vectorized_elementwise_kernel<2, at::CUDAFunctor_add<long>, std::array<char *, 3>>(int, T2, T3)",6912.0,512.0,2816.0,0.13,0.04
"void at::vectorized_elementwise_kernel<2, at::CUDAFunctorOnSelf_add<long>, std::array<char *, 2>>(int, T2, T3)",6400.0,384.0,2720.0,0.12,0.03
"void at::index_elementwise_kernel<128, 4, void at::index_copy_kernel_impl<at::OpaqueType<2>>(at::TensorIterator &, long, long, long)::[lambda(int) (instance 1)]>(long, T3)",38784.0,9600.0,5920.0,0.4,0.45
"void at::index_elementwise_kernel<128, 4, void at::index_copy_kernel_impl<at::OpaqueType<2>>(at::TensorIterator &, long, long, long)::[lambda(int) (instance 1)]>(long, T3)",39040.0,21504.0,5920.0,0.51,0.45
"void at::elementwise_kernel<128, 4, void at::gpu_kernel_impl_nocast<at::direct_copy_kernel_cuda(at::TensorIteratorBase &)::[lambda() (instance 3)]::operator ()() const::[lambda() (instance 10)]::operator ()() const::[lambda(c10::Half) (instance 1)]>(at::TensorIteratorBase &, const T1 &)::[lambda(int) (instance 1)]>(int, T3)",17320064.0,138418048.0,248096.0,30.79,62.11
"void at::elementwise_kernel<128, 4, void at::gpu_kernel_impl_nocast<at::direct_copy_kernel_cuda(at::TensorIteratorBase &)::[lambda() (instance 3)]::operator ()() const::[lambda() (instance 10)]::operator ()() const::[lambda(c10::Half) (instance 1)]>(at::TensorIteratorBase &, const T1 &)::[lambda(int) (instance 1)]>(int, T3)",17322496.0,138452992.0,247904.0,30.82,62.14
"void at::vectorized_elementwise_kernel<4, at::FillFunctor<c10::Half>, std::array<char *, 1>>(int, T2, T3)",4480.0,640.0,2400.0,0.11,0.01
"void at::vectorized_elementwise_kernel<4, at::FillFunctor<c10::Half>, std::array<char *, 1>>(int, T2, T3)",4608.0,2304.0,2400.0,0.14,0.01
"void at::elementwise_kernel<128, 4, void at::gpu_kernel_impl_nocast<at::<unnamed>::where_kernel_impl(at::TensorIterator &)::[lambda() (instance 1)]::operator ()() const::[lambda() (instance 2)]::operator ()() const::[lambda(bool, c10::Half, c10::Half) (instance 1)]>(at::TensorIteratorBase &, const T1 &)::[lambda(int) (instance 1)]>(int, T3)",23040.0,44672.0,4704.0,0.71,1.88
"fmha_cutlassF_f16_aligned_64x64_rf_sm80(PyTorchMemEffAttention::AttentionKernel<cutlass::half_t, arch::Sm80, 1, 64, 64, 64, 1, 1>::Params)",277080704.0,19142016.0,316288.0,45.94,52.79
ampere_fp16_s16816gemm_fp16_128x64_ldg8_f2f_stages_32x6_tn,8535040.0,1293440.0,11456.0,42.13,15.23
"void cublasLt::splitKreduce_kernel<32, 16, int, __half, __half, float, __half, 0, __half, __half, __half, 1, 0, 0>(cublasLt::cublasSplitKParams<T6>, const T4 *, const T10 *, T9 *, T5 *, const T6 *, const T6 *, const T11 *, const T4 *, T11 *, void *, long, T6 *, int *, T6 *, T6 *, const T6 *, const T6 *, const T6 *, const T6 *, const T6 *)",533248.0,258176.0,4320.0,9.05,8.92
"void at::vectorized_elementwise_kernel<4, at::CUDAFunctor_add<c10::Half>, std::array<char *, 3>>(int, T2, T3)",268928.0,50944.0,3040.0,5.22,0.79
"void at::unrolled_elementwise_kernel<at::direct_copy_kernel_cuda(at::TensorIteratorBase &)::[lambda() (instance 3)]::operator ()() const::[lambda() (instance 7)]::operator ()() const::[lambda(float) (instance 1)], std::array<char *, 2>, 4, TrivialOffsetCalculator<1, unsigned int>, TrivialOffsetCalculator<1, unsigned int>, memory::LoadWithCast<1>, memory::StoreWithCast<1>>(int, T1, T2, T4, T5, T6, T7)",163712.0,115456.0,5760.0,2.4,2.96
"void at::vectorized_elementwise_kernel<4, void at::<unnamed>::pow_tensor_scalar_kernel_impl<float, float>(at::TensorIteratorBase &, T2)::[lambda(float) (instance 1)], std::array<char *, 2>>(int, T2, T3)",267520.0,192640.0,3072.0,7.41,0.44
"void at::reduce_kernel<512, 1, at::ReduceOp<float, at::MeanOps<float, float, float, float>, unsigned int, float, 4, 4>>(T3)",313856.0,51072.0,13120.0,1.37,0.14
"void at::vectorized_elementwise_kernel<4, at::CUDAFunctorOnSelf_add<float>, std::array<char *, 2>>(int, T2, T3)",5376.0,128.0,2656.0,0.1,0.02
"void at::vectorized_elementwise_kernel<4, at::rsqrt_kernel_cuda(at::TensorIteratorBase &)::[lambda() (instance 2)]::operator ()() const::[lambda() (instance 2)]::operator ()() const::[lambda(float) (instance 1)], std::array<char *, 2>>(int, T2, T3)",6912.0,640.0,3040.0,0.12,0.03
"void at::elementwise_kernel<128, 2, void at::gpu_kernel_impl_nocast<at::BinaryFunctor<float, float, float, binary_internal::MulFunctor<float>>>(at::TensorIteratorBase &, const T1 &)::[lambda(int) (instance 1)]>(int, T3)",273920.0,178048.0,4544.0,4.92,3.79
"void at::vectorized_elementwise_kernel<4, at::float16_copy_kernel_cuda(at::TensorIteratorBase &)::[lambda(float) (instance 1)], std::array<char *, 2>>(int, T2, T3)",267648.0,106624.0,2944.0,6.26,0.42
"void at::elementwise_kernel<128, 4, void at::gpu_kernel_impl_nocast<at::BinaryFunctor<c10::Half, c10::Half, c10::Half, binary_internal::MulFunctor<float>>>(at::TensorIteratorBase &, const T1 &)::[lambda(int) (instance 1)]>(int, T3)",155648.0,82560.0,5600.0,2.1,2.92
ampere_fp16_s16816gemm_fp16_64x64_sliced1x2_ldg8_f2f_stages_64x5_tn,23215232.0,7130496.0,23680.0,63.11,20.22
"void at::vectorized_elementwise_kernel<4, at::<unnamed>::silu_kernel(at::TensorIteratorBase &)::[lambda() (instance 1)]::operator ()() const::[lambda() (instance 5)]::operator ()() const::[lambda(c10::Half) (instance 1)], std::array<char *, 2>>(int, T2, T3)",374272.0,212992.0,3872.0,7.5,5.99
ampere_fp16_s16816gemm_fp16_64x64_sliced1x2_ldg8_f2f_stages_64x5_tn,23216000.0,7227008.0,23872.0,62.67,20.04
"void at::vectorized_elementwise_kernel<4, at::BinaryFunctor<c10::Half, c10::Half, c10::Half, binary_internal::MulFunctor<float>>, std::array<char *, 3>>(int, T2, T3)",727808.0,197376.0,3424.0,13.29,1.91
ampere_fp16_s16816gemm_fp16_128x64_ldg8_f2f_stages_32x6_tn,23444736.0,9061376.0,24288.0,65.8,19.77
"void cublasLt::splitKreduce_kernel<32, 16, int, __half, __half, float, __half, 0, __half, __half, __half, 1, 0, 0>(cublasLt::cublasSplitKParams<T6>, const T4 *, const T10 *, T9 *, T5 *, const T6 *, const T6 *, const T11 *, const T4 *, T11 *, void *, long, T6 *, int *, T6 *, T6 *, const T6 *, const T6 *, const T6 *, const T6 *, const T6 *)",795392.0,296448.0,5120.0,10.49,8.78
"void at::vectorized_elementwise_kernel<4, at::CUDAFunctor_add<c10::Half>, std::array<char *, 3>>(int, T2, T3)",269056.0,68096.0,2976.0,5.7,0.81
"void at::unrolled_elementwise_kernel<at::direct_copy_kernel_cuda(at::TensorIteratorBase &)::[lambda() (instance 3)]::operator ()() const::[lambda() (instance 7)]::operator ()() const::[lambda(float) (instance 1)], std::array<char *, 2>, 4, TrivialOffsetCalculator<1, unsigned int>, TrivialOffsetCalculator<1, unsigned int>, memory::LoadWithCast<1>, memory::StoreWithCast<1>>(int, T1, T2, T4, T5, T6, T7)",163712.0,107776.0,5728.0,2.35,2.98
"void at::vectorized_elementwise_kernel<4, void at::<unnamed>::pow_tensor_scalar_kernel_impl<float, float>(at::TensorIteratorBase &, T2)::[lambda(float) (instance 1)], std::array<char *, 2>>(int, T2, T3)",267520.0,141696.0,3040.0,6.7,0.45
"void at::reduce_kernel<512, 1, at::ReduceOp<float, at::MeanOps<float, float, float, float>, unsigned int, float, 4, 4>>(T3)",313856.0,78464.0,13216.0,1.46,0.14
"void at::vectorized_elementwise_kernel<4, at::CUDAFunctorOnSelf_add<float>, std::array<char *, 2>>(int, T2, T3)",5504.0,640.0,2624.0,0.12,0.02
"void at::vectorized_elementwise_kernel<4, at::rsqrt_kernel_cuda(at::TensorIteratorBase &)::[lambda() (instance 2)]::operator ()() const::[lambda() (instance 2)]::operator ()() const::[lambda(float) (instance 1)], std::array<char *, 2>>(int, T2, T3)",6912.0,384.0,2944.0,0.12,0.04
"void at::elementwise_kernel<128, 2, void at::gpu_kernel_impl_nocast<at::BinaryFunctor<float, float, float, binary_internal::MulFunctor<float>>>(at::TensorIteratorBase &, const T1 &)::[lambda(int) (instance 1)]>(int, T3)",273792.0,162944.0,4544.0,4.76,3.8
"void at::vectorized_elementwise_kernel<4, at::float16_copy_kernel_cuda(at::TensorIteratorBase &)::[lambda(float) (instance 1)], std::array<char *, 2>>(int, T2, T3)",267904.0,114048.0,3104.0,6.13,0.4
"void at::elementwise_kernel<128, 4, void at::gpu_kernel_impl_nocast<at::BinaryFunctor<c10::Half, c10::Half, c10::Half, binary_internal::MulFunctor<float>>>(at::TensorIteratorBase &, const T1 &)::[lambda(int) (instance 1)]>(int, T3)",155776.0,85376.0,5696.0,2.09,2.86
ampere_fp16_s16816gemm_fp16_128x64_ldg8_f2f_stages_32x6_tn,8535168.0,1184512.0,11616.0,41.08,15.08
"void cublasLt::splitKreduce_kernel<32, 16, int, __half, __half, float, __half, 0, __half, __half, __half, 1, 0, 0>(cublasLt::cublasSplitKParams<T6>, const T4 *, const T10 *, T9 *, T5 *, const T6 *, const T6 *, const T11 *, const T4 *, T11 *, void *, long, T6 *, int *, T6 *, T6 *, const T6 *, const T6 *, const T6 *, const T6 *, const T6 *)",533376.0,243072.0,4000.0,9.65,9.67
void cutlass::Kernel2<cutlass_80_wmma_tensorop_s161616gemm_f16_32x32_128x2_tn_align8>(T1::Params),1194112.0,477312.0,5984.0,13.79,5.07
"void cublasLt::splitKreduce_kernel<32, 16, int, float, __half, float, __half, 0, __half, __half, __half, 1, 0, 0>(cublasLt::cublasSplitKParams<T6>, const T4 *, const T10 *, T9 *, T5 *, const T6 *, const T6 *, const T11 *, const T4 *, T11 *, void *, long, T6 *, int *, T6 *, T6 *, const T6 *, const T6 *, const T6 *, const T6 *, const T6 *)",270592.0,130176.0,3680.0,5.44,1.42
void cutlass::Kernel2<cutlass_80_wmma_tensorop_s161616gemm_f16_32x32_128x2_tn_align8>(T1::Params),1194112.0,632192.0,6240.0,14.46,4.84
"void cublasLt::splitKreduce_kernel<32, 16, int, float, __half, float, __half, 0, __half, __half, __half, 1, 0, 0>(cublasLt::cublasSplitKParams<T6>, const T4 *, const T10 *, T9 *, T5 *, const T6 *, const T6 *, const T11 *, const T4 *, T11 *, void *, long, T6 *, int *, T6 *, T6 *, const T6 *, const T6 *, const T6 *, const T6 *, const T6 *)",270720.0,122880.0,3520.0,5.51,1.49
"void at::elementwise_kernel<128, 4, void at::gpu_kernel_impl_nocast<at::BinaryFunctor<c10::Half, c10::Half, c10::Half, binary_internal::MulFunctor<float>>>(at::TensorIteratorBase &, const T1 &)::[lambda(int) (instance 1)]>(int, T3)",155392.0,98048.0,5760.0,2.18,3.45
"void at::elementwise_kernel<128, 4, void at::gpu_kernel_impl_nocast<at::neg_kernel_cuda(at::TensorIteratorBase &)::[lambda() (instance 2)]::operator ()() const::[lambda() (instance 8)]::operator ()() const::[lambda(c10::Half) (instance 1)]>(at::TensorIteratorBase &, const T1 &)::[lambda(int) (instance 1)]>(int, T3)",83968.0,19968.0,5472.0,0.94,1.25
"void at::<unnamed>::CatArrayBatchedCopy<at::<unnamed>::OpaqueType<2>, unsigned int, 4, 64, 64>(T1 *, at::<unnamed>::CatArrInputTensorMetadata<T1, T2, T4, T5>, at::<unnamed>::TensorSizeStride<T2, 4>, int, T2)",138752.0,181248.0,6784.0,2.33,12.79
"void at::elementwise_kernel<128, 4, void at::gpu_kernel_impl_nocast<at::BinaryFunctor<c10::Half, c10::Half, c10::Half, binary_internal::MulFunctor<float>>>(at::TensorIteratorBase &, const T1 &)::[lambda(int) (instance 1)]>(int, T3)",155520.0,118656.0,5856.0,2.3,3.36
"void at::vectorized_elementwise_kernel<4, at::CUDAFunctor_add<c10::Half>, std::array<char *, 3>>(int, T2, T3)",269056.0,117760.0,3072.0,6.24,0.79
"void at::elementwise_kernel<128, 4, void at::gpu_kernel_impl_nocast<at::BinaryFunctor<c10::Half, c10::Half, c10::Half, binary_internal::MulFunctor<float>>>(at::TensorIteratorBase &, const T1 &)::[lambda(int) (instance 1)]>(int, T3)",40832.0,4096.0,5536.0,0.4,0.45
"void at::elementwise_kernel<128, 4, void at::gpu_kernel_impl_nocast<at::neg_kernel_cuda(at::TensorIteratorBase &)::[lambda() (instance 2)]::operator ()() const::[lambda() (instance 8)]::operator ()() const::[lambda(c10::Half) (instance 1)]>(at::TensorIteratorBase &, const T1 &)::[lambda(int) (instance 1)]>(int, T3)",26624.0,11776.0,5280.0,0.36,0.16
"void at::<unnamed>::CatArrayBatchedCopy<at::<unnamed>::OpaqueType<2>, unsigned int, 4, 64, 64>(T1 *, at::<unnamed>::CatArrInputTensorMetadata<T1, T2, T4, T5>, at::<unnamed>::TensorSizeStride<T2, 4>, int, T2)",23936.0,23040.0,6720.0,0.35,4.31
"void at::elementwise_kernel<128, 4, void at::gpu_kernel_impl_nocast<at::BinaryFunctor<c10::Half, c10::Half, c10::Half, binary_internal::MulFunctor<float>>>(at::TensorIteratorBase &, const T1 &)::[lambda(int) (instance 1)]>(int, T3)",40960.0,1792.0,5376.0,0.39,0.46
"void at::vectorized_elementwise_kernel<4, at::CUDAFunctor_add<c10::Half>, std::array<char *, 3>>(int, T2, T3)",39552.0,768.0,3104.0,0.65,0.1
"void <unnamed>::elementwise_kernel_with_index<int, at::arange_cuda_out(const c10::Scalar &, const c10::Scalar &, const c10::Scalar &, at::Tensor &)::[lambda() (instance 1)]::operator ()() const::[lambda() (instance 4)]::operator ()() const::[lambda(long) (instance 1)]>(T1, T2, function_traits<T2>::result_type *)",3200.0,384.0,2496.0,0.07,0.0
"void at::vectorized_elementwise_kernel<2, at::CUDAFunctor_add<long>, std::array<char *, 3>>(int, T2, T3)",7168.0,128.0,2784.0,0.13,0.04
"void at::vectorized_elementwise_kernel<2, at::CUDAFunctorOnSelf_add<long>, std::array<char *, 2>>(int, T2, T3)",6400.0,512.0,2944.0,0.12,0.02
"void at::index_elementwise_kernel<128, 4, void at::index_copy_kernel_impl<at::OpaqueType<2>>(at::TensorIterator &, long, long, long)::[lambda(int) (instance 1)]>(long, T3)",38784.0,7808.0,5792.0,0.4,0.47
"void at::index_elementwise_kernel<128, 4, void at::index_copy_kernel_impl<at::OpaqueType<2>>(at::TensorIterator &, long, long, long)::[lambda(int) (instance 1)]>(long, T3)",38656.0,8320.0,5984.0,0.39,0.45
"void at::elementwise_kernel<128, 4, void at::gpu_kernel_impl_nocast<at::direct_copy_kernel_cuda(at::TensorIteratorBase &)::[lambda() (instance 3)]::operator ()() const::[lambda() (instance 10)]::operator ()() const::[lambda(c10::Half) (instance 1)]>(at::TensorIteratorBase &, const T1 &)::[lambda(int) (instance 1)]>(int, T3)",17320064.0,138479744.0,248448.0,30.76,62.01
"void at::elementwise_kernel<128, 4, void at::gpu_kernel_impl_nocast<at::direct_copy_kernel_cuda(at::TensorIteratorBase &)::[lambda() (instance 3)]::operator ()() const::[lambda() (instance 10)]::operator ()() const::[lambda(c10::Half) (instance 1)]>(at::TensorIteratorBase &, const T1 &)::[lambda(int) (instance 1)]>(int, T3)",17320064.0,138383104.0,249280.0,30.64,62.17
"void at::vectorized_elementwise_kernel<4, at::FillFunctor<c10::Half>, std::array<char *, 1>>(int, T2, T3)",4480.0,128.0,2496.0,0.09,0.01
"void at::vectorized_elementwise_kernel<4, at::FillFunctor<c10::Half>, std::array<char *, 1>>(int, T2, T3)",4736.0,384.0,2336.0,0.11,0.01
"void at::elementwise_kernel<128, 4, void at::gpu_kernel_impl_nocast<at::<unnamed>::where_kernel_impl(at::TensorIterator &)::[lambda() (instance 1)]::operator ()() const::[lambda() (instance 2)]::operator ()() const::[lambda(bool, c10::Half, c10::Half) (instance 1)]>(at::TensorIteratorBase &, const T1 &)::[lambda(int) (instance 1)]>(int, T3)",23168.0,60160.0,4544.0,0.91,1.96
"fmha_cutlassF_f16_aligned_64x64_rf_sm80(PyTorchMemEffAttention::AttentionKernel<cutlass::half_t, arch::Sm80, 1, 64, 64, 64, 1, 1>::Params)",277076864.0,19124608.0,316128.0,45.96,52.81
ampere_fp16_s16816gemm_fp16_128x64_ldg8_f2f_stages_32x6_tn,8535168.0,1026048.0,11328.0,41.42,15.39
"void cublasLt::splitKreduce_kernel<32, 16, int, __half, __half, float, __half, 0, __half, __half, __half, 1, 0, 0>(cublasLt::cublasSplitKParams<T6>, const T4 *, const T10 *, T9 *, T5 *, const T6 *, const T6 *, const T11 *, const T4 *, T11 *, void *, long, T6 *, int *, T6 *, T6 *, const T6 *, const T6 *, const T6 *, const T6 *, const T6 *)",533248.0,240256.0,4032.0,9.46,9.56
"void at::vectorized_elementwise_kernel<4, at::CUDAFunctor_add<c10::Half>, std::array<char *, 3>>(int, T2, T3)",268928.0,52992.0,3008.0,5.4,0.81
"void at::unrolled_elementwise_kernel<at::direct_copy_kernel_cuda(at::TensorIteratorBase &)::[lambda() (instance 3)]::operator ()() const::[lambda() (instance 7)]::operator ()() const::[lambda(float) (instance 1)], std::array<char *, 2>, 4, TrivialOffsetCalculator<1, unsigned int>, TrivialOffsetCalculator<1, unsigned int>, memory::LoadWithCast<1>, memory::StoreWithCast<1>>(int, T1, T2, T4, T5, T6, T7)",163840.0,185216.0,5856.0,2.96,2.94
"void at::vectorized_elementwise_kernel<4, void at::<unnamed>::pow_tensor_scalar_kernel_impl<float, float>(at::TensorIteratorBase &, T2)::[lambda(float) (instance 1)], std::array<char *, 2>>(int, T2, T3)",267392.0,236160.0,3136.0,7.9,0.44
"void at::reduce_kernel<512, 1, at::ReduceOp<float, at::MeanOps<float, float, float, float>, unsigned int, float, 4, 4>>(T3)",313856.0,51584.0,13024.0,1.38,0.14
"void at::vectorized_elementwise_kernel<4, at::CUDAFunctorOnSelf_add<float>, std::array<char *, 2>>(int, T2, T3)",5504.0,128.0,2656.0,0.11,0.02
"void at::vectorized_elementwise_kernel<4, at::rsqrt_kernel_cuda(at::TensorIteratorBase &)::[lambda() (instance 2)]::operator ()() const::[lambda() (instance 2)]::operator ()() const::[lambda(float) (instance 1)], std::array<char *, 2>>(int, T2, T3)",7040.0,1024.0,2912.0,0.14,0.04
"void at::elementwise_kernel<128, 2, void at::gpu_kernel_impl_nocast<at::BinaryFunctor<float, float, float, binary_internal::MulFunctor<float>>>(at::TensorIteratorBase &, const T1 &)::[lambda(int) (instance 1)]>(int, T3)",273920.0,244352.0,4608.0,5.55,3.76
"void at::vectorized_elementwise_kernel<4, at::float16_copy_kernel_cuda(at::TensorIteratorBase &)::[lambda(float) (instance 1)], std::array<char *, 2>>(int, T2, T3)",267648.0,103040.0,3040.0,6.03,0.41
"void at::elementwise_kernel<128, 4, void at::gpu_kernel_impl_nocast<at::BinaryFunctor<c10::Half, c10::Half, c10::Half, binary_internal::MulFunctor<float>>>(at::TensorIteratorBase &, const T1 &)::[lambda(int) (instance 1)]>(int, T3)",155520.0,148096.0,5632.0,2.67,2.92
ampere_fp16_s16816gemm_fp16_64x64_sliced1x2_ldg8_f2f_stages_64x5_tn,23215104.0,7017472.0,22656.0,65.55,21.2
"void at::vectorized_elementwise_kernel<4, at::<unnamed>::silu_kernel(at::TensorIteratorBase &)::[lambda() (instance 1)]::operator ()() const::[lambda() (instance 5)]::operator ()() const::[lambda(c10::Half) (instance 1)], std::array<char *, 2>>(int, T2, T3)",374272.0,218624.0,4128.0,7.1,5.61
ampere_fp16_s16816gemm_fp16_64x64_sliced1x2_ldg8_f2f_stages_64x5_tn,23215104.0,7149056.0,23328.0,63.97,20.51
"void at::vectorized_elementwise_kernel<4, at::BinaryFunctor<c10::Half, c10::Half, c10::Half, binary_internal::MulFunctor<float>>, std::array<char *, 3>>(int, T2, T3)",727680.0,213120.0,3456.0,13.53,1.89
ampere_fp16_s16816gemm_fp16_128x64_ldg8_f2f_stages_32x6_tn,23444992.0,9037696.0,24480.0,65.2,19.53
"void cublasLt::splitKreduce_kernel<32, 16, int, __half, __half, float, __half, 0, __half, __half, __half, 1, 0, 0>(cublasLt::cublasSplitKParams<T6>, const T4 *, const T10 *, T9 *, T5 *, const T6 *, const T6 *, const T11 *, const T4 *, T11 *, void *, long, T6 *, int *, T6 *, T6 *, const T6 *, const T6 *, const T6 *, const T6 *, const T6 *)",795392.0,269568.0,5312.0,9.9,8.42
"void at::vectorized_elementwise_kernel<4, at::CUDAFunctor_add<c10::Half>, std::array<char *, 3>>(int, T2, T3)",269056.0,34944.0,3136.0,4.84,0.76
"void at::unrolled_elementwise_kernel<at::direct_copy_kernel_cuda(at::TensorIteratorBase &)::[lambda() (instance 3)]::operator ()() const::[lambda() (instance 7)]::operator ()() const::[lambda(float) (instance 1)], std::array<char *, 2>, 4, TrivialOffsetCalculator<1, unsigned int>, TrivialOffsetCalculator<1, unsigned int>, memory::LoadWithCast<1>, memory::StoreWithCast<1>>(int, T1, T2, T4, T5, T6, T7)",163840.0,121600.0,5728.0,2.46,2.98
"void at::vectorized_elementwise_kernel<4, void at::<unnamed>::pow_tensor_scalar_kernel_impl<float, float>(at::TensorIteratorBase &, T2)::[lambda(float) (instance 1)], std::array<char *, 2>>(int, T2, T3)",267392.0,129408.0,3008.0,6.6,0.45
"void at::reduce_kernel<512, 1, at::ReduceOp<float, at::MeanOps<float, float, float, float>, unsigned int, float, 4, 4>>(T3)",313856.0,24576.0,13088.0,1.27,0.14
"void at::vectorized_elementwise_kernel<4, at::CUDAFunctorOnSelf_add<float>, std::array<char *, 2>>(int, T2, T3)",5632.0,384.0,2624.0,0.11,0.02
"void at::vectorized_elementwise_kernel<4, at::rsqrt_kernel_cuda(at::TensorIteratorBase &)::[lambda() (instance 2)]::operator ()() const::[lambda() (instance 2)]::operator ()() const::[lambda(float) (instance 1)], std::array<char *, 2>>(int, T2, T3)",7040.0,768.0,2944.0,0.13,0.04
"void at::elementwise_kernel<128, 2, void at::gpu_kernel_impl_nocast<at::BinaryFunctor<float, float, float, binary_internal::MulFunctor<float>>>(at::TensorIteratorBase &, const T1 &)::[lambda(int) (instance 1)]>(int, T3)",273920.0,132480.0,4608.0,4.39,3.75
"void at::vectorized_elementwise_kernel<4, at::float16_copy_kernel_cuda(at::TensorIteratorBase &)::[lambda(float) (instance 1)], std::array<char *, 2>>(int, T2, T3)",267776.0,74368.0,3008.0,5.64,0.41
"void at::elementwise_kernel<128, 4, void at::gpu_kernel_impl_nocast<at::BinaryFunctor<c10::Half, c10::Half, c10::Half, binary_internal::MulFunctor<float>>>(at::TensorIteratorBase &, const T1 &)::[lambda(int) (instance 1)]>(int, T3)",155520.0,70528.0,5600.0,1.99,2.91
ampere_fp16_s16816gemm_fp16_128x64_ldg8_f2f_stages_32x6_tn,8535296.0,1061120.0,11424.0,41.31,15.27
"void cublasLt::splitKreduce_kernel<32, 16, int, __half, __half, float, __half, 0, __half, __half, __half, 1, 0, 0>(cublasLt::cublasSplitKParams<T6>, const T4 *, const T10 *, T9 *, T5 *, const T6 *, const T6 *, const T11 *, const T4 *, T11 *, void *, long, T6 *, int *, T6 *, T6 *, const T6 *, const T6 *, const T6 *, const T6 *, const T6 *)",533376.0,252032.0,4064.0,9.56,9.44
void cutlass::Kernel2<cutlass_80_wmma_tensorop_s161616gemm_f16_32x32_128x2_tn_align8>(T1::Params),1194240.0,349824.0,5920.0,12.91,5.1
"void cublasLt::splitKreduce_kernel<32, 16, int, float, __half, float, __half, 0, __half, __half, __half, 1, 0, 0>(cublasLt::cublasSplitKParams<T6>, const T4 *, const T10 *, T9 *, T5 *, const T6 *, const T6 *, const T11 *, const T4 *, T11 *, void *, long, T6 *, int *, T6 *, T6 *, const T6 *, const T6 *, const T6 *, const T6 *, const T6 *)",270592.0,119552.0,3776.0,5.14,1.39
void cutlass::Kernel2<cutlass_80_wmma_tensorop_s161616gemm_f16_32x32_128x2_tn_align8>(T1::Params),1193984.0,381056.0,6016.0,12.92,5.01
"void cublasLt::splitKreduce_kernel<32, 16, int, float, __half, float, __half, 0, __half, __half, __half, 1, 0, 0>(cublasLt::cublasSplitKParams<T6>, const T4 *, const T10 *, T9 *, T5 *, const T6 *, const T6 *, const T11 *, const T4 *, T11 *, void *, long, T6 *, int *, T6 *, T6 *, const T6 *, const T6 *, const T6 *, const T6 *, const T6 *)",270848.0,121856.0,3520.0,5.57,1.49
"void at::elementwise_kernel<128, 4, void at::gpu_kernel_impl_nocast<at::BinaryFunctor<c10::Half, c10::Half, c10::Half, binary_internal::MulFunctor<float>>>(at::TensorIteratorBase &, const T1 &)::[lambda(int) (instance 1)]>(int, T3)",155520.0,71040.0,5728.0,1.96,3.47
"void at::elementwise_kernel<128, 4, void at::gpu_kernel_impl_nocast<at::neg_kernel_cuda(at::TensorIteratorBase &)::[lambda() (instance 2)]::operator ()() const::[lambda() (instance 8)]::operator ()() const::[lambda(c10::Half) (instance 1)]>(at::TensorIteratorBase &, const T1 &)::[lambda(int) (instance 1)]>(int, T3)",83840.0,51200.0,5600.0,1.19,1.21
"void at::<unnamed>::CatArrayBatchedCopy<at::<unnamed>::OpaqueType<2>, unsigned int, 4, 64, 64>(T1 *, at::<unnamed>::CatArrInputTensorMetadata<T1, T2, T4, T5>, at::<unnamed>::TensorSizeStride<T2, 4>, int, T2)",138496.0,212608.0,7072.0,2.44,12.35
"void at::elementwise_kernel<128, 4, void at::gpu_kernel_impl_nocast<at::BinaryFunctor<c10::Half, c10::Half, c10::Half, binary_internal::MulFunctor<float>>>(at::TensorIteratorBase &, const T1 &)::[lambda(int) (instance 1)]>(int, T3)",155392.0,130944.0,6112.0,2.3,3.23
"void at::vectorized_elementwise_kernel<4, at::CUDAFunctor_add<c10::Half>, std::array<char *, 3>>(int, T2, T3)",268928.0,92288.0,3104.0,5.8,0.77
"void at::elementwise_kernel<128, 4, void at::gpu_kernel_impl_nocast<at::BinaryFunctor<c10::Half, c10::Half, c10::Half, binary_internal::MulFunctor<float>>>(at::TensorIteratorBase &, const T1 &)::[lambda(int) (instance 1)]>(int, T3)",40960.0,2304.0,5472.0,0.39,0.45
"void at::elementwise_kernel<128, 4, void at::gpu_kernel_impl_nocast<at::neg_kernel_cuda(at::TensorIteratorBase &)::[lambda() (instance 2)]::operator ()() const::[lambda() (instance 8)]::operator ()() const::[lambda(c10::Half) (instance 1)]>(at::TensorIteratorBase &, const T1 &)::[lambda(int) (instance 1)]>(int, T3)",26624.0,4864.0,5248.0,0.3,0.16
"void at::<unnamed>::CatArrayBatchedCopy<at::<unnamed>::OpaqueType<2>, unsigned int, 4, 64, 64>(T1 *, at::<unnamed>::CatArrInputTensorMetadata<T1, T2, T4, T5>, at::<unnamed>::TensorSizeStride<T2, 4>, int, T2)",24064.0,22016.0,6688.0,0.34,4.43
"void at::elementwise_kernel<128, 4, void at::gpu_kernel_impl_nocast<at::BinaryFunctor<c10::Half, c10::Half, c10::Half, binary_internal::MulFunctor<float>>>(at::TensorIteratorBase &, const T1 &)::[lambda(int) (instance 1)]>(int, T3)",40832.0,1152.0,5600.0,0.37,0.44
"void at::vectorized_elementwise_kernel<4, at::CUDAFunctor_add<c10::Half>, std::array<char *, 3>>(int, T2, T3)",39680.0,896.0,3104.0,0.65,0.1
"void <unnamed>::elementwise_kernel_with_index<int, at::arange_cuda_out(const c10::Scalar &, const c10::Scalar &, const c10::Scalar &, at::Tensor &)::[lambda() (instance 1)]::operator ()() const::[lambda() (instance 4)]::operator ()() const::[lambda(long) (instance 1)]>(T1, T2, function_traits<T2>::result_type *)",3200.0,384.0,2304.0,0.08,0.0
"void at::vectorized_elementwise_kernel<2, at::CUDAFunctor_add<long>, std::array<char *, 3>>(int, T2, T3)",6912.0,384.0,2912.0,0.12,0.03
"void at::vectorized_elementwise_kernel<2, at::CUDAFunctorOnSelf_add<long>, std::array<char *, 2>>(int, T2, T3)",6400.0,128.0,2720.0,0.12,0.03
"void at::index_elementwise_kernel<128, 4, void at::index_copy_kernel_impl<at::OpaqueType<2>>(at::TensorIterator &, long, long, long)::[lambda(int) (instance 1)]>(long, T3)",38912.0,9088.0,5792.0,0.41,0.46
"void at::index_elementwise_kernel<128, 4, void at::index_copy_kernel_impl<at::OpaqueType<2>>(at::TensorIterator &, long, long, long)::[lambda(int) (instance 1)]>(long, T3)",39040.0,4992.0,5856.0,0.37,0.46
"void at::elementwise_kernel<128, 4, void at::gpu_kernel_impl_nocast<at::direct_copy_kernel_cuda(at::TensorIteratorBase &)::[lambda() (instance 3)]::operator ()() const::[lambda() (instance 10)]::operator ()() const::[lambda(c10::Half) (instance 1)]>(at::TensorIteratorBase &, const T1 &)::[lambda(int) (instance 1)]>(int, T3)",17320192.0,138481408.0,247968.0,30.82,62.14
"void at::elementwise_kernel<128, 4, void at::gpu_kernel_impl_nocast<at::direct_copy_kernel_cuda(at::TensorIteratorBase &)::[lambda() (instance 3)]::operator ()() const::[lambda() (instance 10)]::operator ()() const::[lambda(c10::Half) (instance 1)]>(at::TensorIteratorBase &, const T1 &)::[lambda(int) (instance 1)]>(int, T3)",17320192.0,138480640.0,248288.0,30.78,62.05
"void at::vectorized_elementwise_kernel<4, at::FillFunctor<c10::Half>, std::array<char *, 1>>(int, T2, T3)",4480.0,512.0,2400.0,0.1,0.01
"void at::vectorized_elementwise_kernel<4, at::FillFunctor<c10::Half>, std::array<char *, 1>>(int, T2, T3)",4480.0,640.0,2368.0,0.11,0.01
"void at::elementwise_kernel<128, 4, void at::gpu_kernel_impl_nocast<at::<unnamed>::where_kernel_impl(at::TensorIterator &)::[lambda() (instance 1)]::operator ()() const::[lambda() (instance 2)]::operator ()() const::[lambda(bool, c10::Half, c10::Half) (instance 1)]>(at::TensorIteratorBase &, const T1 &)::[lambda(int) (instance 1)]>(int, T3)",23296.0,48896.0,4544.0,0.79,1.94
"fmha_cutlassF_f16_aligned_64x64_rf_sm80(PyTorchMemEffAttention::AttentionKernel<cutlass::half_t, arch::Sm80, 1, 64, 64, 64, 1, 1>::Params)",277109888.0,19147264.0,316352.0,45.93,52.78
ampere_fp16_s16816gemm_fp16_128x64_ldg8_f2f_stages_32x6_tn,8535040.0,1204736.0,11584.0,41.31,15.08
"void cublasLt::splitKreduce_kernel<32, 16, int, __half, __half, float, __half, 0, __half, __half, __half, 1, 0, 0>(cublasLt::cublasSplitKParams<T6>, const T4 *, const T10 *, T9 *, T5 *, const T6 *, const T6 *, const T11 *, const T4 *, T11 *, void *, long, T6 *, int *, T6 *, T6 *, const T6 *, const T6 *, const T6 *, const T6 *, const T6 *)",533248.0,245888.0,4032.0,9.53,9.52
"void at::vectorized_elementwise_kernel<4, at::CUDAFunctor_add<c10::Half>, std::array<char *, 3>>(int, T2, T3)",269056.0,58240.0,3040.0,5.33,0.79
"void at::unrolled_elementwise_kernel<at::direct_copy_kernel_cuda(at::TensorIteratorBase &)::[lambda() (instance 3)]::operator ()() const::[lambda() (instance 7)]::operator ()() const::[lambda(float) (instance 1)], std::array<char *, 2>, 4, TrivialOffsetCalculator<1, unsigned int>, TrivialOffsetCalculator<1, unsigned int>, memory::LoadWithCast<1>, memory::StoreWithCast<1>>(int, T1, T2, T4, T5, T6, T7)",163712.0,114304.0,5664.0,2.43,3.01
"void at::vectorized_elementwise_kernel<4, void at::<unnamed>::pow_tensor_scalar_kernel_impl<float, float>(at::TensorIteratorBase &, T2)::[lambda(float) (instance 1)], std::array<char *, 2>>(int, T2, T3)",267392.0,191488.0,3072.0,7.39,0.44
"void at::reduce_kernel<512, 1, at::ReduceOp<float, at::MeanOps<float, float, float, float>, unsigned int, float, 4, 4>>(T3)",313984.0,54272.0,13216.0,1.37,0.14
"void at::vectorized_elementwise_kernel<4, at::CUDAFunctorOnSelf_add<float>, std::array<char *, 2>>(int, T2, T3)",5504.0,384.0,2624.0,0.11,0.02
"void at::vectorized_elementwise_kernel<4, at::rsqrt_kernel_cuda(at::TensorIteratorBase &)::[lambda() (instance 2)]::operator ()() const::[lambda() (instance 2)]::operator ()() const::[lambda(float) (instance 1)], std::array<char *, 2>>(int, T2, T3)",7040.0,384.0,2880.0,0.13,0.04
"void at::elementwise_kernel<128, 2, void at::gpu_kernel_impl_nocast<at::BinaryFunctor<float, float, float, binary_internal::MulFunctor<float>>>(at::TensorIteratorBase &, const T1 &)::[lambda(int) (instance 1)]>(int, T3)",273920.0,183808.0,4544.0,5.01,3.81
"void at::vectorized_elementwise_kernel<4, at::float16_copy_kernel_cuda(at::TensorIteratorBase &)::[lambda(float) (instance 1)], std::array<char *, 2>>(int, T2, T3)",267648.0,102656.0,3008.0,6.13,0.41
"void at::elementwise_kernel<128, 4, void at::gpu_kernel_impl_nocast<at::BinaryFunctor<c10::Half, c10::Half, c10::Half, binary_internal::MulFunctor<float>>>(at::TensorIteratorBase &, const T1 &)::[lambda(int) (instance 1)]>(int, T3)",155520.0,81408.0,5696.0,2.04,2.86
ampere_fp16_s16816gemm_fp16_64x64_sliced1x2_ldg8_f2f_stages_64x5_tn,23215872.0,7172480.0,23104.0,64.69,20.71
"void at::vectorized_elementwise_kernel<4, at::<unnamed>::silu_kernel(at::TensorIteratorBase &)::[lambda() (instance 1)]::operator ()() const::[lambda() (instance 5)]::operator ()() const::[lambda(c10::Half) (instance 1)], std::array<char *, 2>>(int, T2, T3)",374144.0,214016.0,3968.0,7.33,5.82
ampere_fp16_s16816gemm_fp16_64x64_sliced1x2_ldg8_f2f_stages_64x5_tn,23214976.0,7420672.0,23776.0,63.3,20.09
"void at::vectorized_elementwise_kernel<4, at::BinaryFunctor<c10::Half, c10::Half, c10::Half, binary_internal::MulFunctor<float>>, std::array<char *, 3>>(int, T2, T3)",727808.0,200192.0,3776.0,12.29,1.74
ampere_fp16_s16816gemm_fp16_128x64_ldg8_f2f_stages_32x6_tn,23444736.0,9057280.0,24256.0,65.69,19.68
"void cublasLt::splitKreduce_kernel<32, 16, int, __half, __half, float, __half, 0, __half, __half, __half, 1, 0, 0>(cublasLt::cublasSplitKParams<T6>, const T4 *, const T10 *, T9 *, T5 *, const T6 *, const T6 *, const T11 *, const T4 *, T11 *, void *, long, T6 *, int *, T6 *, T6 *, const T6 *, const T6 *, const T6 *, const T6 *, const T6 *)",795392.0,269312.0,5280.0,9.88,8.45
"void at::vectorized_elementwise_kernel<4, at::CUDAFunctor_add<c10::Half>, std::array<char *, 3>>(int, T2, T3)",269056.0,56192.0,3040.0,5.35,0.79
"void at::unrolled_elementwise_kernel<at::direct_copy_kernel_cuda(at::TensorIteratorBase &)::[lambda() (instance 3)]::operator ()() const::[lambda() (instance 7)]::operator ()() const::[lambda(float) (instance 1)], std::array<char *, 2>, 4, TrivialOffsetCalculator<1, unsigned int>, TrivialOffsetCalculator<1, unsigned int>, memory::LoadWithCast<1>, memory::StoreWithCast<1>>(int, T1, T2, T4, T5, T6, T7)",163968.0,111872.0,5696.0,2.39,3.01
"void at::vectorized_elementwise_kernel<4, void at::<unnamed>::pow_tensor_scalar_kernel_impl<float, float>(at::TensorIteratorBase &, T2)::[lambda(float) (instance 1)], std::array<char *, 2>>(int, T2, T3)",267520.0,138752.0,3072.0,6.68,0.45
"void at::reduce_kernel<512, 1, at::ReduceOp<float, at::MeanOps<float, float, float, float>, unsigned int, float, 4, 4>>(T3)",313728.0,78464.0,13312.0,1.45,0.14
"void at::vectorized_elementwise_kernel<4, at::CUDAFunctorOnSelf_add<float>, std::array<char *, 2>>(int, T2, T3)",5504.0,640.0,2624.0,0.12,0.02
"void at::vectorized_elementwise_kernel<4, at::rsqrt_kernel_cuda(at::TensorIteratorBase &)::[lambda() (instance 2)]::operator ()() const::[lambda() (instance 2)]::operator ()() const::[lambda(float) (instance 1)], std::array<char *, 2>>(int, T2, T3)",6912.0,640.0,2912.0,0.13,0.04
"void at::elementwise_kernel<128, 2, void at::gpu_kernel_impl_nocast<at::BinaryFunctor<float, float, float, binary_internal::MulFunctor<float>>>(at::TensorIteratorBase &, const T1 &)::[lambda(int) (instance 1)]>(int, T3)",273920.0,145408.0,4608.0,4.49,3.73
"void at::vectorized_elementwise_kernel<4, at::float16_copy_kernel_cuda(at::TensorIteratorBase &)::[lambda(float) (instance 1)], std::array<char *, 2>>(int, T2, T3)",267776.0,116224.0,3232.0,5.93,0.38
"void at::elementwise_kernel<128, 4, void at::gpu_kernel_impl_nocast<at::BinaryFunctor<c10::Half, c10::Half, c10::Half, binary_internal::MulFunctor<float>>>(at::TensorIteratorBase &, const T1 &)::[lambda(int) (instance 1)]>(int, T3)",155392.0,79488.0,5664.0,2.05,2.9
ampere_fp16_s16816gemm_fp16_128x64_ldg8_f2f_stages_32x6_tn,8535296.0,1140864.0,11296.0,42.15,15.54
"void cublasLt::splitKreduce_kernel<32, 16, int, __half, __half, float, __half, 0, __half, __half, __half, 1, 0, 0>(cublasLt::cublasSplitKParams<T6>, const T4 *, const T10 *, T9 *, T5 *, const T6 *, const T6 *, const T11 *, const T4 *, T11 *, void *, long, T6 *, int *, T6 *, T6 *, const T6 *, const T6 *, const T6 *, const T6 *, const T6 *)",533248.0,244992.0,4032.0,9.52,9.56
void cutlass::Kernel2<cutlass_80_wmma_tensorop_s161616gemm_f16_32x32_128x2_tn_align8>(T1::Params),1194112.0,505216.0,6048.0,13.92,5.04
"void cublasLt::splitKreduce_kernel<32, 16, int, float, __half, float, __half, 0, __half, __half, __half, 1, 0, 0>(cublasLt::cublasSplitKParams<T6>, const T4 *, const T10 *, T9 *, T5 *, const T6 *, const T6 *, const T11 *, const T4 *, T11 *, void *, long, T6 *, int *, T6 *, T6 *, const T6 *, const T6 *, const T6 *, const T6 *, const T6 *)",270592.0,128640.0,3520.0,5.61,1.48
void cutlass::Kernel2<cutlass_80_wmma_tensorop_s161616gemm_f16_32x32_128x2_tn_align8>(T1::Params),1194112.0,598528.0,6208.0,14.21,4.86
"void cublasLt::splitKreduce_kernel<32, 16, int, float, __half, float, __half, 0, __half, __half, __half, 1, 0, 0>(cublasLt::cublasSplitKParams<T6>, const T4 *, const T10 *, T9 *, T5 *, const T6 *, const T6 *, const T11 *, const T4 *, T11 *, void *, long, T6 *, int *, T6 *, T6 *, const T6 *, const T6 *, const T6 *, const T6 *, const T6 *)",270720.0,123136.0,3584.0,5.46,1.46
"void at::elementwise_kernel<128, 4, void at::gpu_kernel_impl_nocast<at::BinaryFunctor<c10::Half, c10::Half, c10::Half, binary_internal::MulFunctor<float>>>(at::TensorIteratorBase &, const T1 &)::[lambda(int) (instance 1)]>(int, T3)",155392.0,99456.0,5696.0,2.21,3.48
"void at::elementwise_kernel<128, 4, void at::gpu_kernel_impl_nocast<at::neg_kernel_cuda(at::TensorIteratorBase &)::[lambda() (instance 2)]::operator ()() const::[lambda() (instance 8)]::operator ()() const::[lambda(c10::Half) (instance 1)]>(at::TensorIteratorBase &, const T1 &)::[lambda(int) (instance 1)]>(int, T3)",83968.0,25088.0,5376.0,1.0,1.26
"void at::<unnamed>::CatArrayBatchedCopy<at::<unnamed>::OpaqueType<2>, unsigned int, 4, 64, 64>(T1 *, at::<unnamed>::CatArrInputTensorMetadata<T1, T2, T4, T5>, at::<unnamed>::TensorSizeStride<T2, 4>, int, T2)",138624.0,192768.0,6816.0,2.41,12.79
"void at::elementwise_kernel<128, 4, void at::gpu_kernel_impl_nocast<at::BinaryFunctor<c10::Half, c10::Half, c10::Half, binary_internal::MulFunctor<float>>>(at::TensorIteratorBase &, const T1 &)::[lambda(int) (instance 1)]>(int, T3)",155392.0,118528.0,5760.0,2.36,3.46
"void at::vectorized_elementwise_kernel<4, at::CUDAFunctor_add<c10::Half>, std::array<char *, 3>>(int, T2, T3)",268928.0,122368.0,3200.0,6.12,0.76
"void at::elementwise_kernel<128, 4, void at::gpu_kernel_impl_nocast<at::BinaryFunctor<c10::Half, c10::Half, c10::Half, binary_internal::MulFunctor<float>>>(at::TensorIteratorBase &, const T1 &)::[lambda(int) (instance 1)]>(int, T3)",40832.0,4096.0,5600.0,0.4,0.44
"void at::elementwise_kernel<128, 4, void at::gpu_kernel_impl_nocast<at::neg_kernel_cuda(at::TensorIteratorBase &)::[lambda() (instance 2)]::operator ()() const::[lambda() (instance 8)]::operator ()() const::[lambda(c10::Half) (instance 1)]>(at::TensorIteratorBase &, const T1 &)::[lambda(int) (instance 1)]>(int, T3)",26624.0,22016.0,5088.0,0.47,0.17
"void at::<unnamed>::CatArrayBatchedCopy<at::<unnamed>::OpaqueType<2>, unsigned int, 4, 64, 64>(T1 *, at::<unnamed>::CatArrInputTensorMetadata<T1, T2, T4, T5>, at::<unnamed>::TensorSizeStride<T2, 4>, int, T2)",23936.0,20096.0,6592.0,0.33,4.39
"void at::elementwise_kernel<128, 4, void at::gpu_kernel_impl_nocast<at::BinaryFunctor<c10::Half, c10::Half, c10::Half, binary_internal::MulFunctor<float>>>(at::TensorIteratorBase &, const T1 &)::[lambda(int) (instance 1)]>(int, T3)",40832.0,1408.0,5504.0,0.38,0.45
"void at::vectorized_elementwise_kernel<4, at::CUDAFunctor_add<c10::Half>, std::array<char *, 3>>(int, T2, T3)",39552.0,896.0,2976.0,0.67,0.1
"void <unnamed>::elementwise_kernel_with_index<int, at::arange_cuda_out(const c10::Scalar &, const c10::Scalar &, const c10::Scalar &, at::Tensor &)::[lambda() (instance 1)]::operator ()() const::[lambda() (instance 4)]::operator ()() const::[lambda(long) (instance 1)]>(T1, T2, function_traits<T2>::result_type *)",3456.0,384.0,2336.0,0.08,0.0
"void at::vectorized_elementwise_kernel<2, at::CUDAFunctor_add<long>, std::array<char *, 3>>(int, T2, T3)",6784.0,640.0,2816.0,0.13,0.04
"void at::vectorized_elementwise_kernel<2, at::CUDAFunctorOnSelf_add<long>, std::array<char *, 2>>(int, T2, T3)",6656.0,256.0,2848.0,0.12,0.03
"void at::index_elementwise_kernel<128, 4, void at::index_copy_kernel_impl<at::OpaqueType<2>>(at::TensorIterator &, long, long, long)::[lambda(int) (instance 1)]>(long, T3)",38784.0,8192.0,5952.0,0.39,0.45
"void at::index_elementwise_kernel<128, 4, void at::index_copy_kernel_impl<at::OpaqueType<2>>(at::TensorIterator &, long, long, long)::[lambda(int) (instance 1)]>(long, T3)",38656.0,20096.0,5728.0,0.51,0.47
"void at::elementwise_kernel<128, 4, void at::gpu_kernel_impl_nocast<at::direct_copy_kernel_cuda(at::TensorIteratorBase &)::[lambda() (instance 3)]::operator ()() const::[lambda() (instance 10)]::operator ()() const::[lambda(c10::Half) (instance 1)]>(at::TensorIteratorBase &, const T1 &)::[lambda(int) (instance 1)]>(int, T3)",17320064.0,138356864.0,249472.0,30.61,62.11
"void at::elementwise_kernel<128, 4, void at::gpu_kernel_impl_nocast<at::direct_copy_kernel_cuda(at::TensorIteratorBase &)::[lambda() (instance 3)]::operator ()() const::[lambda() (instance 10)]::operator ()() const::[lambda(c10::Half) (instance 1)]>(at::TensorIteratorBase &, const T1 &)::[lambda(int) (instance 1)]>(int, T3)",17319808.0,138380032.0,249408.0,30.63,62.13
"void at::vectorized_elementwise_kernel<4, at::FillFunctor<c10::Half>, std::array<char *, 1>>(int, T2, T3)",4608.0,128.0,2400.0,0.1,0.01
"void at::vectorized_elementwise_kernel<4, at::FillFunctor<c10::Half>, std::array<char *, 1>>(int, T2, T3)",4736.0,3968.0,2400.0,0.18,0.01
"void at::elementwise_kernel<128, 4, void at::gpu_kernel_impl_nocast<at::<unnamed>::where_kernel_impl(at::TensorIterator &)::[lambda() (instance 1)]::operator ()() const::[lambda() (instance 2)]::operator ()() const::[lambda(bool, c10::Half, c10::Half) (instance 1)]>(at::TensorIteratorBase &, const T1 &)::[lambda(int) (instance 1)]>(int, T3)",23168.0,44800.0,4608.0,0.73,1.92
"fmha_cutlassF_f16_aligned_64x64_rf_sm80(PyTorchMemEffAttention::AttentionKernel<cutlass::half_t, arch::Sm80, 1, 64, 64, 64, 1, 1>::Params)",277077504.0,19124736.0,317344.0,45.78,52.86
ampere_fp16_s16816gemm_fp16_128x64_ldg8_f2f_stages_32x6_tn,8535040.0,1139072.0,11520.0,41.32,15.25
"void cublasLt::splitKreduce_kernel<32, 16, int, __half, __half, float, __half, 0, __half, __half, __half, 1, 0, 0>(cublasLt::cublasSplitKParams<T6>, const T4 *, const T10 *, T9 *, T5 *, const T6 *, const T6 *, const T11 *, const T4 *, T11 *, void *, long, T6 *, int *, T6 *, T6 *, const T6 *, const T6 *, const T6 *, const T6 *, const T6 *)",533376.0,246272.0,4000.0,9.59,9.58
"void at::vectorized_elementwise_kernel<4, at::CUDAFunctor_add<c10::Half>, std::array<char *, 3>>(int, T2, T3)",268928.0,60800.0,2944.0,5.59,0.82
"void at::unrolled_elementwise_kernel<at::direct_copy_kernel_cuda(at::TensorIteratorBase &)::[lambda() (instance 3)]::operator ()() const::[lambda() (instance 7)]::operator ()() const::[lambda(float) (instance 1)], std::array<char *, 2>, 4, TrivialOffsetCalculator<1, unsigned int>, TrivialOffsetCalculator<1, unsigned int>, memory::LoadWithCast<1>, memory::StoreWithCast<1>>(int, T1, T2, T4, T5, T6, T7)",163712.0,170624.0,5856.0,2.81,2.93
"void at::vectorized_elementwise_kernel<4, void at::<unnamed>::pow_tensor_scalar_kernel_impl<float, float>(at::TensorIteratorBase &, T2)::[lambda(float) (instance 1)], std::array<char *, 2>>(int, T2, T3)",267392.0,239104.0,3072.0,8.21,0.45
"void at::reduce_kernel<512, 1, at::ReduceOp<float, at::MeanOps<float, float, float, float>, unsigned int, float, 4, 4>>(T3)",313984.0,49280.0,13088.0,1.37,0.14
"void at::vectorized_elementwise_kernel<4, at::CUDAFunctorOnSelf_add<float>, std::array<char *, 2>>(int, T2, T3)",5376.0,384.0,2656.0,0.11,0.02
"void at::vectorized_elementwise_kernel<4, at::rsqrt_kernel_cuda(at::TensorIteratorBase &)::[lambda() (instance 2)]::operator ()() const::[lambda() (instance 2)]::operator ()() const::[lambda(float) (instance 1)], std::array<char *, 2>>(int, T2, T3)",7040.0,384.0,2944.0,0.13,0.04
"void at::elementwise_kernel<128, 2, void at::gpu_kernel_impl_nocast<at::BinaryFunctor<float, float, float, binary_internal::MulFunctor<float>>>(at::TensorIteratorBase &, const T1 &)::[lambda(int) (instance 1)]>(int, T3)",273920.0,242688.0,4640.0,5.52,3.75
"void at::vectorized_elementwise_kernel<4, at::float16_copy_kernel_cuda(at::TensorIteratorBase &)::[lambda(float) (instance 1)], std::array<char *, 2>>(int, T2, T3)",267904.0,116992.0,3040.0,6.25,0.41
"void at::elementwise_kernel<128, 4, void at::gpu_kernel_impl_nocast<at::BinaryFunctor<c10::Half, c10::Half, c10::Half, binary_internal::MulFunctor<float>>>(at::TensorIteratorBase &, const T1 &)::[lambda(int) (instance 1)]>(int, T3)",155648.0,152704.0,5696.0,2.67,2.89
ampere_fp16_s16816gemm_fp16_64x64_sliced1x2_ldg8_f2f_stages_64x5_tn,23215232.0,7504000.0,23424.0,64.41,20.49
"void at::vectorized_elementwise_kernel<4, at::<unnamed>::silu_kernel(at::TensorIteratorBase &)::[lambda() (instance 1)]::operator ()() const::[lambda() (instance 5)]::operator ()() const::[lambda(c10::Half) (instance 1)], std::array<char *, 2>>(int, T2, T3)",374144.0,211072.0,3904.0,7.4,5.91
ampere_fp16_s16816gemm_fp16_64x64_sliced1x2_ldg8_f2f_stages_64x5_tn,23214848.0,7125376.0,23872.0,62.43,20.04
"void at::vectorized_elementwise_kernel<4, at::BinaryFunctor<c10::Half, c10::Half, c10::Half, binary_internal::MulFunctor<float>>, std::array<char *, 3>>(int, T2, T3)",727680.0,192512.0,3712.0,12.24,1.76
ampere_fp16_s16816gemm_fp16_128x64_ldg8_f2f_stages_32x6_tn,23445376.0,9006720.0,24320.0,65.59,19.66
"void cublasLt::splitKreduce_kernel<32, 16, int, __half, __half, float, __half, 0, __half, __half, __half, 1, 0, 0>(cublasLt::cublasSplitKParams<T6>, const T4 *, const T10 *, T9 *, T5 *, const T6 *, const T6 *, const T11 *, const T4 *, T11 *, void *, long, T6 *, int *, T6 *, T6 *, const T6 *, const T6 *, const T6 *, const T6 *, const T6 *)",795392.0,298240.0,5216.0,10.36,8.55
"void at::vectorized_elementwise_kernel<4, at::CUDAFunctor_add<c10::Half>, std::array<char *, 3>>(int, T2, T3)",269056.0,45952.0,2976.0,5.31,0.81
"void at::unrolled_elementwise_kernel<at::direct_copy_kernel_cuda(at::TensorIteratorBase &)::[lambda() (instance 3)]::operator ()() const::[lambda() (instance 7)]::operator ()() const::[lambda(float) (instance 1)], std::array<char *, 2>, 4, TrivialOffsetCalculator<1, unsigned int>, TrivialOffsetCalculator<1, unsigned int>, memory::LoadWithCast<1>, memory::StoreWithCast<1>>(int, T1, T2, T4, T5, T6, T7)",163840.0,115328.0,5600.0,2.46,3.03
"void at::vectorized_elementwise_kernel<4, void at::<unnamed>::pow_tensor_scalar_kernel_impl<float, float>(at::TensorIteratorBase &, T2)::[lambda(float) (instance 1)], std::array<char *, 2>>(int, T2, T3)",267392.0,123648.0,3040.0,6.3,0.45
"void at::reduce_kernel<512, 1, at::ReduceOp<float, at::MeanOps<float, float, float, float>, unsigned int, float, 4, 4>>(T3)",313856.0,24320.0,13344.0,1.24,0.14
"void at::vectorized_elementwise_kernel<4, at::CUDAFunctorOnSelf_add<float>, std::array<char *, 2>>(int, T2, T3)",5504.0,768.0,2656.0,0.12,0.02
"void at::vectorized_elementwise_kernel<4, at::rsqrt_kernel_cuda(at::TensorIteratorBase &)::[lambda() (instance 2)]::operator ()() const::[lambda() (instance 2)]::operator ()() const::[lambda(float) (instance 1)], std::array<char *, 2>>(int, T2, T3)",7040.0,640.0,2944.0,0.13,0.04
"void at::elementwise_kernel<128, 2, void at::gpu_kernel_impl_nocast<at::BinaryFunctor<float, float, float, binary_internal::MulFunctor<float>>>(at::TensorIteratorBase &, const T1 &)::[lambda(int) (instance 1)]>(int, T3)",273792.0,130944.0,4544.0,4.43,3.81
"void at::vectorized_elementwise_kernel<4, at::float16_copy_kernel_cuda(at::TensorIteratorBase &)::[lambda(float) (instance 1)], std::array<char *, 2>>(int, T2, T3)",267648.0,70400.0,2944.0,5.7,0.42
"void at::elementwise_kernel<128, 4, void at::gpu_kernel_impl_nocast<at::BinaryFunctor<c10::Half, c10::Half, c10::Half, binary_internal::MulFunctor<float>>>(at::TensorIteratorBase &, const T1 &)::[lambda(int) (instance 1)]>(int, T3)",155392.0,78976.0,5568.0,2.08,2.93
ampere_fp16_s16816gemm_fp16_128x64_ldg8_f2f_stages_32x6_tn,8535040.0,1216128.0,11776.0,40.71,14.88
"void cublasLt::splitKreduce_kernel<32, 16, int, __half, __half, float, __half, 0, __half, __half, __half, 1, 0, 0>(cublasLt::cublasSplitKParams<T6>, const T4 *, const T10 *, T9 *, T5 *, const T6 *, const T6 *, const T11 *, const T4 *, T11 *, void *, long, T6 *, int *, T6 *, T6 *, const T6 *, const T6 *, const T6 *, const T6 *, const T6 *)",533248.0,242944.0,4224.0,9.06,9.07
void cutlass::Kernel2<cutlass_80_wmma_tensorop_s161616gemm_f16_32x32_128x2_tn_align8>(T1::Params),1194368.0,302080.0,6112.0,12.07,4.93
"void cublasLt::splitKreduce_kernel<32, 16, int, float, __half, float, __half, 0, __half, __half, __half, 1, 0, 0>(cublasLt::cublasSplitKParams<T6>, const T4 *, const T10 *, T9 *, T5 *, const T6 *, const T6 *, const T11 *, const T4 *, T11 *, void *, long, T6 *, int *, T6 *, T6 *, const T6 *, const T6 *, const T6 *, const T6 *, const T6 *)",270720.0,126720.0,3712.0,5.3,1.4
void cutlass::Kernel2<cutlass_80_wmma_tensorop_s161616gemm_f16_32x32_128x2_tn_align8>(T1::Params),1193984.0,498176.0,6048.0,13.79,5.01
"void cublasLt::splitKreduce_kernel<32, 16, int, float, __half, float, __half, 0, __half, __half, __half, 1, 0, 0>(cublasLt::cublasSplitKParams<T6>, const T4 *, const T10 *, T9 *, T5 *, const T6 *, const T6 *, const T11 *, const T4 *, T11 *, void *, long, T6 *, int *, T6 *, T6 *, const T6 *, const T6 *, const T6 *, const T6 *, const T6 *)",270720.0,128768.0,3552.0,5.58,1.47
"void at::elementwise_kernel<128, 4, void at::gpu_kernel_impl_nocast<at::BinaryFunctor<c10::Half, c10::Half, c10::Half, binary_internal::MulFunctor<float>>>(at::TensorIteratorBase &, const T1 &)::[lambda(int) (instance 1)]>(int, T3)",155392.0,75136.0,5760.0,1.98,3.42
"void at::elementwise_kernel<128, 4, void at::gpu_kernel_impl_nocast<at::neg_kernel_cuda(at::TensorIteratorBase &)::[lambda() (instance 2)]::operator ()() const::[lambda() (instance 8)]::operator ()() const::[lambda(c10::Half) (instance 1)]>(at::TensorIteratorBase &, const T1 &)::[lambda(int) (instance 1)]>(int, T3)",83840.0,47872.0,5472.0,1.19,1.25
"void at::<unnamed>::CatArrayBatchedCopy<at::<unnamed>::OpaqueType<2>, unsigned int, 4, 64, 64>(T1 *, at::<unnamed>::CatArrInputTensorMetadata<T1, T2, T4, T5>, at::<unnamed>::TensorSizeStride<T2, 4>, int, T2)",138496.0,203008.0,6848.0,2.45,12.61
"void at::elementwise_kernel<128, 4, void at::gpu_kernel_impl_nocast<at::BinaryFunctor<c10::Half, c10::Half, c10::Half, binary_internal::MulFunctor<float>>>(at::TensorIteratorBase &, const T1 &)::[lambda(int) (instance 1)]>(int, T3)",155520.0,123264.0,5920.0,2.33,3.36
"void at::vectorized_elementwise_kernel<4, at::CUDAFunctor_add<c10::Half>, std::array<char *, 3>>(int, T2, T3)",269056.0,90112.0,3136.0,5.71,0.76
"void at::elementwise_kernel<128, 4, void at::gpu_kernel_impl_nocast<at::BinaryFunctor<c10::Half, c10::Half, c10::Half, binary_internal::MulFunctor<float>>>(at::TensorIteratorBase &, const T1 &)::[lambda(int) (instance 1)]>(int, T3)",40832.0,2304.0,5440.0,0.39,0.45
"void at::elementwise_kernel<128, 4, void at::gpu_kernel_impl_nocast<at::neg_kernel_cuda(at::TensorIteratorBase &)::[lambda() (instance 2)]::operator ()() const::[lambda() (instance 8)]::operator ()() const::[lambda(c10::Half) (instance 1)]>(at::TensorIteratorBase &, const T1 &)::[lambda(int) (instance 1)]>(int, T3)",26624.0,12928.0,5216.0,0.38,0.16
"void at::<unnamed>::CatArrayBatchedCopy<at::<unnamed>::OpaqueType<2>, unsigned int, 4, 64, 64>(T1 *, at::<unnamed>::CatArrInputTensorMetadata<T1, T2, T4, T5>, at::<unnamed>::TensorSizeStride<T2, 4>, int, T2)",23808.0,26240.0,6624.0,0.37,4.37
"void at::elementwise_kernel<128, 4, void at::gpu_kernel_impl_nocast<at::BinaryFunctor<c10::Half, c10::Half, c10::Half, binary_internal::MulFunctor<float>>>(at::TensorIteratorBase &, const T1 &)::[lambda(int) (instance 1)]>(int, T3)",40704.0,1536.0,5472.0,0.38,0.45
"void at::vectorized_elementwise_kernel<4, at::CUDAFunctor_add<c10::Half>, std::array<char *, 3>>(int, T2, T3)",39552.0,1152.0,2784.0,0.72,0.11
"void <unnamed>::elementwise_kernel_with_index<int, at::arange_cuda_out(const c10::Scalar &, const c10::Scalar &, const c10::Scalar &, at::Tensor &)::[lambda() (instance 1)]::operator ()() const::[lambda() (instance 4)]::operator ()() const::[lambda(long) (instance 1)]>(T1, T2, function_traits<T2>::result_type *)",3200.0,128.0,2304.0,0.07,0.0
"void at::vectorized_elementwise_kernel<2, at::CUDAFunctor_add<long>, std::array<char *, 3>>(int, T2, T3)",6912.0,384.0,2784.0,0.13,0.04
"void at::vectorized_elementwise_kernel<2, at::CUDAFunctorOnSelf_add<long>, std::array<char *, 2>>(int, T2, T3)",6528.0,128.0,2752.0,0.12,0.03
"void at::index_elementwise_kernel<128, 4, void at::index_copy_kernel_impl<at::OpaqueType<2>>(at::TensorIterator &, long, long, long)::[lambda(int) (instance 1)]>(long, T3)",38784.0,8832.0,6080.0,0.39,0.44
"void at::index_elementwise_kernel<128, 4, void at::index_copy_kernel_impl<at::OpaqueType<2>>(at::TensorIterator &, long, long, long)::[lambda(int) (instance 1)]>(long, T3)",38912.0,7936.0,5888.0,0.39,0.45
"void at::elementwise_kernel<128, 4, void at::gpu_kernel_impl_nocast<at::direct_copy_kernel_cuda(at::TensorIteratorBase &)::[lambda() (instance 3)]::operator ()() const::[lambda() (instance 10)]::operator ()() const::[lambda(c10::Half) (instance 1)]>(at::TensorIteratorBase &, const T1 &)::[lambda(int) (instance 1)]>(int, T3)",17319936.0,138336512.0,248352.0,30.74,62.02
"void at::elementwise_kernel<128, 4, void at::gpu_kernel_impl_nocast<at::direct_copy_kernel_cuda(at::TensorIteratorBase &)::[lambda() (instance 3)]::operator ()() const::[lambda() (instance 10)]::operator ()() const::[lambda(c10::Half) (instance 1)]>(at::TensorIteratorBase &, const T1 &)::[lambda(int) (instance 1)]>(int, T3)",17319936.0,138425088.0,248736.0,30.71,61.93
"void at::vectorized_elementwise_kernel<4, at::FillFunctor<c10::Half>, std::array<char *, 1>>(int, T2, T3)",4736.0,640.0,2368.0,0.11,0.01
"void at::vectorized_elementwise_kernel<4, at::FillFunctor<c10::Half>, std::array<char *, 1>>(int, T2, T3)",4608.0,128.0,2336.0,0.1,0.01
"void at::elementwise_kernel<128, 4, void at::gpu_kernel_impl_nocast<at::<unnamed>::where_kernel_impl(at::TensorIterator &)::[lambda() (instance 1)]::operator ()() const::[lambda() (instance 2)]::operator ()() const::[lambda(bool, c10::Half, c10::Half) (instance 1)]>(at::TensorIteratorBase &, const T1 &)::[lambda(int) (instance 1)]>(int, T3)",23040.0,60800.0,4544.0,0.91,1.95
"fmha_cutlassF_f16_aligned_64x64_rf_sm80(PyTorchMemEffAttention::AttentionKernel<cutlass::half_t, arch::Sm80, 1, 64, 64, 64, 1, 1>::Params)",277079296.0,19127168.0,315968.0,45.99,52.84
ampere_fp16_s16816gemm_fp16_128x64_ldg8_f2f_stages_32x6_tn,8535040.0,994688.0,11296.0,41.52,15.46
"void cublasLt::splitKreduce_kernel<32, 16, int, __half, __half, float, __half, 0, __half, __half, __half, 1, 0, 0>(cublasLt::cublasSplitKParams<T6>, const T4 *, const T10 *, T9 *, T5 *, const T6 *, const T6 *, const T11 *, const T4 *, T11 *, void *, long, T6 *, int *, T6 *, T6 *, const T6 *, const T6 *, const T6 *, const T6 *, const T6 *)",533248.0,245504.0,3904.0,9.83,9.81
"void at::vectorized_elementwise_kernel<4, at::CUDAFunctor_add<c10::Half>, std::array<char *, 3>>(int, T2, T3)",268928.0,58880.0,3040.0,5.39,0.79
"void at::unrolled_elementwise_kernel<at::direct_copy_kernel_cuda(at::TensorIteratorBase &)::[lambda() (instance 3)]::operator ()() const::[lambda() (instance 7)]::operator ()() const::[lambda(float) (instance 1)], std::array<char *, 2>, 4, TrivialOffsetCalculator<1, unsigned int>, TrivialOffsetCalculator<1, unsigned int>, memory::LoadWithCast<1>, memory::StoreWithCast<1>>(int, T1, T2, T4, T5, T6, T7)",163840.0,116224.0,5696.0,2.43,2.99
"void at::vectorized_elementwise_kernel<4, void at::<unnamed>::pow_tensor_scalar_kernel_impl<float, float>(at::TensorIteratorBase &, T2)::[lambda(float) (instance 1)], std::array<char *, 2>>(int, T2, T3)",267392.0,176256.0,3008.0,7.34,0.46
"void at::reduce_kernel<512, 1, at::ReduceOp<float, at::MeanOps<float, float, float, float>, unsigned int, float, 4, 4>>(T3)",313984.0,54528.0,13216.0,1.37,0.14
"void at::vectorized_elementwise_kernel<4, at::CUDAFunctorOnSelf_add<float>, std::array<char *, 2>>(int, T2, T3)",5376.0,384.0,2624.0,0.11,0.02
"void at::vectorized_elementwise_kernel<4, at::rsqrt_kernel_cuda(at::TensorIteratorBase &)::[lambda() (instance 2)]::operator ()() const::[lambda() (instance 2)]::operator ()() const::[lambda(float) (instance 1)], std::array<char *, 2>>(int, T2, T3)",6912.0,640.0,2912.0,0.13,0.04
"void at::elementwise_kernel<128, 2, void at::gpu_kernel_impl_nocast<at::BinaryFunctor<float, float, float, binary_internal::MulFunctor<float>>>(at::TensorIteratorBase &, const T1 &)::[lambda(int) (instance 1)]>(int, T3)",273920.0,181376.0,4736.0,4.77,3.63
"void at::vectorized_elementwise_kernel<4, at::float16_copy_kernel_cuda(at::TensorIteratorBase &)::[lambda(float) (instance 1)], std::array<char *, 2>>(int, T2, T3)",267904.0,99584.0,3232.0,5.71,0.38
"void at::elementwise_kernel<128, 4, void at::gpu_kernel_impl_nocast<at::BinaryFunctor<c10::Half, c10::Half, c10::Half, binary_internal::MulFunctor<float>>>(at::TensorIteratorBase &, const T1 &)::[lambda(int) (instance 1)]>(int, T3)",155520.0,79616.0,5600.0,2.07,2.92
ampere_fp16_s16816gemm_fp16_64x64_sliced1x2_ldg8_f2f_stages_64x5_tn,23214976.0,7385984.0,23616.0,63.64,20.24
"void at::vectorized_elementwise_kernel<4, at::<unnamed>::silu_kernel(at::TensorIteratorBase &)::[lambda() (instance 1)]::operator ()() const::[lambda() (instance 5)]::operator ()() const::[lambda(c10::Half) (instance 1)], std::array<char *, 2>>(int, T2, T3)",374272.0,210176.0,3968.0,7.28,5.82
ampere_fp16_s16816gemm_fp16_64x64_sliced1x2_ldg8_f2f_stages_64x5_tn,23215232.0,7144960.0,23168.0,64.34,20.63
"void at::vectorized_elementwise_kernel<4, at::BinaryFunctor<c10::Half, c10::Half, c10::Half, binary_internal::MulFunctor<float>>, std::array<char *, 3>>(int, T2, T3)",727808.0,222976.0,3520.0,13.5,1.88
ampere_fp16_s16816gemm_fp16_128x64_ldg8_f2f_stages_32x6_tn,23444480.0,9305088.0,24544.0,65.62,19.48
"void cublasLt::splitKreduce_kernel<32, 16, int, __half, __half, float, __half, 0, __half, __half, __half, 1, 0, 0>(cublasLt::cublasSplitKParams<T6>, const T4 *, const T10 *, T9 *, T5 *, const T6 *, const T6 *, const T11 *, const T4 *, T11 *, void *, long, T6 *, int *, T6 *, T6 *, const T6 *, const T6 *, const T6 *, const T6 *, const T6 *)",795520.0,256896.0,5216.0,9.96,8.6
"void at::vectorized_elementwise_kernel<4, at::CUDAFunctor_add<c10::Half>, std::array<char *, 3>>(int, T2, T3)",269056.0,53760.0,3072.0,5.2,0.78
"void at::unrolled_elementwise_kernel<at::direct_copy_kernel_cuda(at::TensorIteratorBase &)::[lambda() (instance 3)]::operator ()() const::[lambda() (instance 7)]::operator ()() const::[lambda(float) (instance 1)], std::array<char *, 2>, 4, TrivialOffsetCalculator<1, unsigned int>, TrivialOffsetCalculator<1, unsigned int>, memory::LoadWithCast<1>, memory::StoreWithCast<1>>(int, T1, T2, T4, T5, T6, T7)",163712.0,106496.0,5696.0,2.34,3.01
"void at::vectorized_elementwise_kernel<4, void at::<unnamed>::pow_tensor_scalar_kernel_impl<float, float>(at::TensorIteratorBase &, T2)::[lambda(float) (instance 1)], std::array<char *, 2>>(int, T2, T3)",267392.0,157824.0,3040.0,6.95,0.45
"void at::reduce_kernel<512, 1, at::ReduceOp<float, at::MeanOps<float, float, float, float>, unsigned int, float, 4, 4>>(T3)",314112.0,67584.0,13056.0,1.44,0.14
"void at::vectorized_elementwise_kernel<4, at::CUDAFunctorOnSelf_add<float>, std::array<char *, 2>>(int, T2, T3)",5376.0,128.0,2656.0,0.1,0.02
"void at::vectorized_elementwise_kernel<4, at::rsqrt_kernel_cuda(at::TensorIteratorBase &)::[lambda() (instance 2)]::operator ()() const::[lambda() (instance 2)]::operator ()() const::[lambda(float) (instance 1)], std::array<char *, 2>>(int, T2, T3)",7040.0,768.0,2912.0,0.13,0.04
"void at::elementwise_kernel<128, 2, void at::gpu_kernel_impl_nocast<at::BinaryFunctor<float, float, float, binary_internal::MulFunctor<float>>>(at::TensorIteratorBase &, const T1 &)::[lambda(int) (instance 1)]>(int, T3)",273792.0,158336.0,4576.0,4.65,3.78
"void at::vectorized_elementwise_kernel<4, at::float16_copy_kernel_cuda(at::TensorIteratorBase &)::[lambda(float) (instance 1)], std::array<char *, 2>>(int, T2, T3)",267776.0,103296.0,2976.0,6.14,0.41
"void at::elementwise_kernel<128, 4, void at::gpu_kernel_impl_nocast<at::BinaryFunctor<c10::Half, c10::Half, c10::Half, binary_internal::MulFunctor<float>>>(at::TensorIteratorBase &, const T1 &)::[lambda(int) (instance 1)]>(int, T3)",155392.0,76544.0,5664.0,2.01,2.89
ampere_fp16_s16816gemm_fp16_128x64_ldg8_f2f_stages_32x6_tn,8535040.0,1025408.0,11232.0,41.89,15.64
"void cublasLt::splitKreduce_kernel<32, 16, int, __half, __half, float, __half, 0, __half, __half, __half, 1, 0, 0>(cublasLt::cublasSplitKParams<T6>, const T4 *, const T10 *, T9 *, T5 *, const T6 *, const T6 *, const T11 *, const T4 *, T11 *, void *, long, T6 *, int *, T6 *, T6 *, const T6 *, const T6 *, const T6 *, const T6 *, const T6 *)",533248.0,241280.0,4064.0,9.47,9.53
void cutlass::Kernel2<cutlass_80_wmma_tensorop_s161616gemm_f16_32x32_128x2_tn_align8>(T1::Params),1194240.0,359168.0,6080.0,12.71,5.0
"void cublasLt::splitKreduce_kernel<32, 16, int, float, __half, float, __half, 0, __half, __half, __half, 1, 0, 0>(cublasLt::cublasSplitKParams<T6>, const T4 *, const T10 *, T9 *, T5 *, const T6 *, const T6 *, const T11 *, const T4 *, T11 *, void *, long, T6 *, int *, T6 *, T6 *, const T6 *, const T6 *, const T6 *, const T6 *, const T6 *)",270592.0,123648.0,3584.0,5.47,1.46
void cutlass::Kernel2<cutlass_80_wmma_tensorop_s161616gemm_f16_32x32_128x2_tn_align8>(T1::Params),1194112.0,412672.0,6080.0,13.08,4.96
"void cublasLt::splitKreduce_kernel<32, 16, int, float, __half, float, __half, 0, __half, __half, __half, 1, 0, 0>(cublasLt::cublasSplitKParams<T6>, const T4 *, const T10 *, T9 *, T5 *, const T6 *, const T6 *, const T11 *, const T4 *, T11 *, void *, long, T6 *, int *, T6 *, T6 *, const T6 *, const T6 *, const T6 *, const T6 *, const T6 *)",270720.0,126208.0,3520.0,5.57,1.48
"void at::elementwise_kernel<128, 4, void at::gpu_kernel_impl_nocast<at::BinaryFunctor<c10::Half, c10::Half, c10::Half, binary_internal::MulFunctor<float>>>(at::TensorIteratorBase &, const T1 &)::[lambda(int) (instance 1)]>(int, T3)",155648.0,103040.0,5888.0,2.17,3.38
"void at::elementwise_kernel<128, 4, void at::gpu_kernel_impl_nocast<at::neg_kernel_cuda(at::TensorIteratorBase &)::[lambda() (instance 2)]::operator ()() const::[lambda() (instance 8)]::operator ()() const::[lambda(c10::Half) (instance 1)]>(at::TensorIteratorBase &, const T1 &)::[lambda(int) (instance 1)]>(int, T3)",83968.0,23424.0,5472.0,0.97,1.24
"void at::<unnamed>::CatArrayBatchedCopy<at::<unnamed>::OpaqueType<2>, unsigned int, 4, 64, 64>(T1 *, at::<unnamed>::CatArrInputTensorMetadata<T1, T2, T4, T5>, at::<unnamed>::TensorSizeStride<T2, 4>, int, T2)",138752.0,186752.0,6880.0,2.34,12.6
"void at::elementwise_kernel<128, 4, void at::gpu_kernel_impl_nocast<at::BinaryFunctor<c10::Half, c10::Half, c10::Half, binary_internal::MulFunctor<float>>>(at::TensorIteratorBase &, const T1 &)::[lambda(int) (instance 1)]>(int, T3)",155648.0,115456.0,5728.0,2.33,3.44
"void at::vectorized_elementwise_kernel<4, at::CUDAFunctor_add<c10::Half>, std::array<char *, 3>>(int, T2, T3)",269056.0,121728.0,3072.0,6.34,0.78
"void at::elementwise_kernel<128, 4, void at::gpu_kernel_impl_nocast<at::BinaryFunctor<c10::Half, c10::Half, c10::Half, binary_internal::MulFunctor<float>>>(at::TensorIteratorBase &, const T1 &)::[lambda(int) (instance 1)]>(int, T3)",40832.0,3712.0,5696.0,0.39,0.43
"void at::elementwise_kernel<128, 4, void at::gpu_kernel_impl_nocast<at::neg_kernel_cuda(at::TensorIteratorBase &)::[lambda() (instance 2)]::operator ()() const::[lambda() (instance 8)]::operator ()() const::[lambda(c10::Half) (instance 1)]>(at::TensorIteratorBase &, const T1 &)::[lambda(int) (instance 1)]>(int, T3)",26496.0,6400.0,5216.0,0.31,0.16
"void at::<unnamed>::CatArrayBatchedCopy<at::<unnamed>::OpaqueType<2>, unsigned int, 4, 64, 64>(T1 *, at::<unnamed>::CatArrInputTensorMetadata<T1, T2, T4, T5>, at::<unnamed>::TensorSizeStride<T2, 4>, int, T2)",23808.0,22656.0,6656.0,0.34,4.37
"void at::elementwise_kernel<128, 4, void at::gpu_kernel_impl_nocast<at::BinaryFunctor<c10::Half, c10::Half, c10::Half, binary_internal::MulFunctor<float>>>(at::TensorIteratorBase &, const T1 &)::[lambda(int) (instance 1)]>(int, T3)",40704.0,1408.0,5568.0,0.37,0.44
"void at::vectorized_elementwise_kernel<4, at::CUDAFunctor_add<c10::Half>, std::array<char *, 3>>(int, T2, T3)",39552.0,640.0,2784.0,0.72,0.11
"void <unnamed>::elementwise_kernel_with_index<int, at::arange_cuda_out(const c10::Scalar &, const c10::Scalar &, const c10::Scalar &, at::Tensor &)::[lambda() (instance 1)]::operator ()() const::[lambda() (instance 4)]::operator ()() const::[lambda(long) (instance 1)]>(T1, T2, function_traits<T2>::result_type *)",3456.0,256.0,2336.0,0.08,0.0
"void at::vectorized_elementwise_kernel<2, at::CUDAFunctor_add<long>, std::array<char *, 3>>(int, T2, T3)",7040.0,768.0,3104.0,0.13,0.03
"void at::vectorized_elementwise_kernel<2, at::CUDAFunctorOnSelf_add<long>, std::array<char *, 2>>(int, T2, T3)",6400.0,640.0,2720.0,0.13,0.03
"void at::index_elementwise_kernel<128, 4, void at::index_copy_kernel_impl<at::OpaqueType<2>>(at::TensorIterator &, long, long, long)::[lambda(int) (instance 1)]>(long, T3)",38784.0,22016.0,5696.0,0.52,0.47
"void at::index_elementwise_kernel<128, 4, void at::index_copy_kernel_impl<at::OpaqueType<2>>(at::TensorIterator &, long, long, long)::[lambda(int) (instance 1)]>(long, T3)",38784.0,9728.0,5824.0,0.41,0.46
"void at::elementwise_kernel<128, 4, void at::gpu_kernel_impl_nocast<at::direct_copy_kernel_cuda(at::TensorIteratorBase &)::[lambda() (instance 3)]::operator ()() const::[lambda() (instance 10)]::operator ()() const::[lambda(c10::Half) (instance 1)]>(at::TensorIteratorBase &, const T1 &)::[lambda(int) (instance 1)]>(int, T3)",17320448.0,138309120.0,248480.0,30.72,62.01
"void at::elementwise_kernel<128, 4, void at::gpu_kernel_impl_nocast<at::direct_copy_kernel_cuda(at::TensorIteratorBase &)::[lambda() (instance 3)]::operator ()() const::[lambda() (instance 10)]::operator ()() const::[lambda(c10::Half) (instance 1)]>(at::TensorIteratorBase &, const T1 &)::[lambda(int) (instance 1)]>(int, T3)",17349760.0,138389376.0,249312.0,30.64,62.15
"void at::vectorized_elementwise_kernel<4, at::FillFunctor<c10::Half>, std::array<char *, 1>>(int, T2, T3)",4480.0,3968.0,2368.0,0.18,0.01
"void at::vectorized_elementwise_kernel<4, at::FillFunctor<c10::Half>, std::array<char *, 1>>(int, T2, T3)",4608.0,512.0,2432.0,0.1,0.01
"void at::elementwise_kernel<128, 4, void at::gpu_kernel_impl_nocast<at::<unnamed>::where_kernel_impl(at::TensorIterator &)::[lambda() (instance 1)]::operator ()() const::[lambda() (instance 2)]::operator ()() const::[lambda(bool, c10::Half, c10::Half) (instance 1)]>(at::TensorIteratorBase &, const T1 &)::[lambda(int) (instance 1)]>(int, T3)",23296.0,47488.0,4672.0,0.76,1.9
"fmha_cutlassF_f16_aligned_64x64_rf_sm80(PyTorchMemEffAttention::AttentionKernel<cutlass::half_t, arch::Sm80, 1, 64, 64, 64, 1, 1>::Params)",277077248.0,19134592.0,315520.0,46.05,52.9
ampere_fp16_s16816gemm_fp16_128x64_ldg8_f2f_stages_32x6_tn,8535040.0,1377664.0,11584.0,42.19,15.11
"void cublasLt::splitKreduce_kernel<32, 16, int, __half, __half, float, __half, 0, __half, __half, __half, 1, 0, 0>(cublasLt::cublasSplitKParams<T6>, const T4 *, const T10 *, T9 *, T5 *, const T6 *, const T6 *, const T11 *, const T4 *, T11 *, void *, long, T6 *, int *, T6 *, T6 *, const T6 *, const T6 *, const T6 *, const T6 *, const T6 *)",533248.0,249856.0,4000.0,9.74,9.6
"void at::vectorized_elementwise_kernel<4, at::CUDAFunctor_add<c10::Half>, std::array<char *, 3>>(int, T2, T3)",269056.0,48896.0,3168.0,5.01,0.76
"void at::unrolled_elementwise_kernel<at::direct_copy_kernel_cuda(at::TensorIteratorBase &)::[lambda() (instance 3)]::operator ()() const::[lambda() (instance 7)]::operator ()() const::[lambda(float) (instance 1)], std::array<char *, 2>, 4, TrivialOffsetCalculator<1, unsigned int>, TrivialOffsetCalculator<1, unsigned int>, memory::LoadWithCast<1>, memory::StoreWithCast<1>>(int, T1, T2, T4, T5, T6, T7)",163840.0,175488.0,5728.0,2.94,2.98
"void at::vectorized_elementwise_kernel<4, void at::<unnamed>::pow_tensor_scalar_kernel_impl<float, float>(at::TensorIteratorBase &, T2)::[lambda(float) (instance 1)], std::array<char *, 2>>(int, T2, T3)",267392.0,228352.0,3168.0,7.8,0.43
"void at::reduce_kernel<512, 1, at::ReduceOp<float, at::MeanOps<float, float, float, float>, unsigned int, float, 4, 4>>(T3)",313728.0,64256.0,13248.0,1.4,0.14
"void at::vectorized_elementwise_kernel<4, at::CUDAFunctorOnSelf_add<float>, std::array<char *, 2>>(int, T2, T3)",5632.0,384.0,2624.0,0.11,0.02
"void at::vectorized_elementwise_kernel<4, at::rsqrt_kernel_cuda(at::TensorIteratorBase &)::[lambda() (instance 2)]::operator ()() const::[lambda() (instance 2)]::operator ()() const::[lambda(float) (instance 1)], std::array<char *, 2>>(int, T2, T3)",6912.0,640.0,2912.0,0.13,0.04
"void at::elementwise_kernel<128, 2, void at::gpu_kernel_impl_nocast<at::BinaryFunctor<float, float, float, binary_internal::MulFunctor<float>>>(at::TensorIteratorBase &, const T1 &)::[lambda(int) (instance 1)]>(int, T3)",274048.0,233088.0,4736.0,5.32,3.67
"void at::vectorized_elementwise_kernel<4, at::float16_copy_kernel_cuda(at::TensorIteratorBase &)::[lambda(float) (instance 1)], std::array<char *, 2>>(int, T2, T3)",267776.0,113280.0,3040.0,6.29,0.41
"void at::elementwise_kernel<128, 4, void at::gpu_kernel_impl_nocast<at::BinaryFunctor<c10::Half, c10::Half, c10::Half, binary_internal::MulFunctor<float>>>(at::TensorIteratorBase &, const T1 &)::[lambda(int) (instance 1)]>(int, T3)",155776.0,148992.0,5888.0,2.55,2.79
ampere_fp16_s16816gemm_fp16_64x64_sliced1x2_ldg8_f2f_stages_64x5_tn,23214848.0,7187328.0,23328.0,63.99,20.49
"void at::vectorized_elementwise_kernel<4, at::<unnamed>::silu_kernel(at::TensorIteratorBase &)::[lambda() (instance 1)]::operator ()() const::[lambda() (instance 5)]::operator ()() const::[lambda(c10::Half) (instance 1)], std::array<char *, 2>>(int, T2, T3)",374272.0,204288.0,3808.0,7.44,6.04
ampere_fp16_s16816gemm_fp16_64x64_sliced1x2_ldg8_f2f_stages_64x5_tn,23215104.0,7233792.0,24096.0,62.05,19.92
"void at::vectorized_elementwise_kernel<4, at::BinaryFunctor<c10::Half, c10::Half, c10::Half, binary_internal::MulFunctor<float>>, std::array<char *, 3>>(int, T2, T3)",727680.0,199552.0,3456.0,13.28,1.91
ampere_fp16_s16816gemm_fp16_128x64_ldg8_f2f_stages_32x6_tn,23444608.0,9061120.0,24480.0,65.2,19.5
"void cublasLt::splitKreduce_kernel<32, 16, int, __half, __half, float, __half, 0, __half, __half, __half, 1, 0, 0>(cublasLt::cublasSplitKParams<T6>, const T4 *, const T10 *, T9 *, T5 *, const T6 *, const T6 *, const T11 *, const T4 *, T11 *, void *, long, T6 *, int *, T6 *, T6 *, const T6 *, const T6 *, const T6 *, const T6 *, const T6 *)",795392.0,276352.0,5504.0,9.68,8.2
"void at::vectorized_elementwise_kernel<4, at::CUDAFunctor_add<c10::Half>, std::array<char *, 3>>(int, T2, T3)",269056.0,37248.0,3040.0,5.01,0.79
"void at::unrolled_elementwise_kernel<at::direct_copy_kernel_cuda(at::TensorIteratorBase &)::[lambda() (instance 3)]::operator ()() const::[lambda() (instance 7)]::operator ()() const::[lambda(float) (instance 1)], std::array<char *, 2>, 4, TrivialOffsetCalculator<1, unsigned int>, TrivialOffsetCalculator<1, unsigned int>, memory::LoadWithCast<1>, memory::StoreWithCast<1>>(int, T1, T2, T4, T5, T6, T7)",163712.0,114816.0,5728.0,2.41,2.99
"void at::vectorized_elementwise_kernel<4, void at::<unnamed>::pow_tensor_scalar_kernel_impl<float, float>(at::TensorIteratorBase &, T2)::[lambda(float) (instance 1)], std::array<char *, 2>>(int, T2, T3)",267392.0,116608.0,3072.0,6.18,0.45
"void at::reduce_kernel<512, 1, at::ReduceOp<float, at::MeanOps<float, float, float, float>, unsigned int, float, 4, 4>>(T3)",313728.0,25600.0,13248.0,1.26,0.14
"void at::vectorized_elementwise_kernel<4, at::CUDAFunctorOnSelf_add<float>, std::array<char *, 2>>(int, T2, T3)",5504.0,128.0,2656.0,0.11,0.02
"void at::vectorized_elementwise_kernel<4, at::rsqrt_kernel_cuda(at::TensorIteratorBase &)::[lambda() (instance 2)]::operator ()() const::[lambda() (instance 2)]::operator ()() const::[lambda(float) (instance 1)], std::array<char *, 2>>(int, T2, T3)",6912.0,640.0,2912.0,0.13,0.04
"void at::elementwise_kernel<128, 2, void at::gpu_kernel_impl_nocast<at::BinaryFunctor<float, float, float, binary_internal::MulFunctor<float>>>(at::TensorIteratorBase &, const T1 &)::[lambda(int) (instance 1)]>(int, T3)",273792.0,129664.0,4672.0,4.3,3.69
"void at::vectorized_elementwise_kernel<4, at::float16_copy_kernel_cuda(at::TensorIteratorBase &)::[lambda(float) (instance 1)], std::array<char *, 2>>(int, T2, T3)",267648.0,81024.0,3072.0,5.6,0.4
"void at::elementwise_kernel<128, 4, void at::gpu_kernel_impl_nocast<at::BinaryFunctor<c10::Half, c10::Half, c10::Half, binary_internal::MulFunctor<float>>>(at::TensorIteratorBase &, const T1 &)::[lambda(int) (instance 1)]>(int, T3)",155520.0,73600.0,5792.0,1.97,2.84
ampere_fp16_s16816gemm_fp16_128x64_ldg8_f2f_stages_32x6_tn,8535168.0,1330304.0,11552.0,42.11,15.18
"void cublasLt::splitKreduce_kernel<32, 16, int, __half, __half, float, __half, 0, __half, __half, __half, 1, 0, 0>(cublasLt::cublasSplitKParams<T6>, const T4 *, const T10 *, T9 *, T5 *, const T6 *, const T6 *, const T11 *, const T4 *, T11 *, void *, long, T6 *, int *, T6 *, T6 *, const T6 *, const T6 *, const T6 *, const T6 *, const T6 *)",533248.0,252544.0,4064.0,9.52,9.42
void cutlass::Kernel2<cutlass_80_wmma_tensorop_s161616gemm_f16_32x32_128x2_tn_align8>(T1::Params),1194112.0,401920.0,6112.0,12.97,4.95
"void cublasLt::splitKreduce_kernel<32, 16, int, float, __half, float, __half, 0, __half, __half, __half, 1, 0, 0>(cublasLt::cublasSplitKParams<T6>, const T4 *, const T10 *, T9 *, T5 *, const T6 *, const T6 *, const T11 *, const T4 *, T11 *, void *, long, T6 *, int *, T6 *, T6 *, const T6 *, const T6 *, const T6 *, const T6 *, const T6 *)",270720.0,126720.0,3520.0,5.6,1.47
void cutlass::Kernel2<cutlass_80_wmma_tensorop_s161616gemm_f16_32x32_128x2_tn_align8>(T1::Params),1194112.0,356480.0,6080.0,12.62,4.97
"void cublasLt::splitKreduce_kernel<32, 16, int, float, __half, float, __half, 0, __half, __half, __half, 1, 0, 0>(cublasLt::cublasSplitKParams<T6>, const T4 *, const T10 *, T9 *, T5 *, const T6 *, const T6 *, const T11 *, const T4 *, T11 *, void *, long, T6 *, int *, T6 *, T6 *, const T6 *, const T6 *, const T6 *, const T6 *, const T6 *)",270592.0,125312.0,3456.0,5.72,1.51
"void at::elementwise_kernel<128, 4, void at::gpu_kernel_impl_nocast<at::BinaryFunctor<c10::Half, c10::Half, c10::Half, binary_internal::MulFunctor<float>>>(at::TensorIteratorBase &, const T1 &)::[lambda(int) (instance 1)]>(int, T3)",155392.0,86016.0,5760.0,2.08,3.43
"void at::elementwise_kernel<128, 4, void at::gpu_kernel_impl_nocast<at::neg_kernel_cuda(at::TensorIteratorBase &)::[lambda() (instance 2)]::operator ()() const::[lambda() (instance 8)]::operator ()() const::[lambda(c10::Half) (instance 1)]>(at::TensorIteratorBase &, const T1 &)::[lambda(int) (instance 1)]>(int, T3)",83840.0,37888.0,5312.0,1.13,1.28
"void at::<unnamed>::CatArrayBatchedCopy<at::<unnamed>::OpaqueType<2>, unsigned int, 4, 64, 64>(T1 *, at::<unnamed>::CatArrInputTensorMetadata<T1, T2, T4, T5>, at::<unnamed>::TensorSizeStride<T2, 4>, int, T2)",138624.0,202624.0,6848.0,2.46,12.66
"void at::elementwise_kernel<128, 4, void at::gpu_kernel_impl_nocast<at::BinaryFunctor<c10::Half, c10::Half, c10::Half, binary_internal::MulFunctor<float>>>(at::TensorIteratorBase &, const T1 &)::[lambda(int) (instance 1)]>(int, T3)",155392.0,125056.0,6048.0,2.29,3.27
"void at::vectorized_elementwise_kernel<4, at::CUDAFunctor_add<c10::Half>, std::array<char *, 3>>(int, T2, T3)",268928.0,94976.0,3168.0,5.72,0.76
"void at::elementwise_kernel<128, 4, void at::gpu_kernel_impl_nocast<at::BinaryFunctor<c10::Half, c10::Half, c10::Half, binary_internal::MulFunctor<float>>>(at::TensorIteratorBase &, const T1 &)::[lambda(int) (instance 1)]>(int, T3)",40960.0,3968.0,5600.0,0.4,0.44
"void at::elementwise_kernel<128, 4, void at::gpu_kernel_impl_nocast<at::neg_kernel_cuda(at::TensorIteratorBase &)::[lambda() (instance 2)]::operator ()() const::[lambda() (instance 8)]::operator ()() const::[lambda(c10::Half) (instance 1)]>(at::TensorIteratorBase &, const T1 &)::[lambda(int) (instance 1)]>(int, T3)",26496.0,19200.0,5056.0,0.44,0.17
"void at::<unnamed>::CatArrayBatchedCopy<at::<unnamed>::OpaqueType<2>, unsigned int, 4, 64, 64>(T1 *, at::<unnamed>::CatArrInputTensorMetadata<T1, T2, T4, T5>, at::<unnamed>::TensorSizeStride<T2, 4>, int, T2)",23808.0,20736.0,6624.0,0.33,4.36
"void at::elementwise_kernel<128, 4, void at::gpu_kernel_impl_nocast<at::BinaryFunctor<c10::Half, c10::Half, c10::Half, binary_internal::MulFunctor<float>>>(at::TensorIteratorBase &, const T1 &)::[lambda(int) (instance 1)]>(int, T3)",40960.0,896.0,5568.0,0.37,0.44
"void at::vectorized_elementwise_kernel<4, at::CUDAFunctor_add<c10::Half>, std::array<char *, 3>>(int, T2, T3)",39552.0,3200.0,2848.0,0.74,0.1
"void <unnamed>::elementwise_kernel_with_index<int, at::arange_cuda_out(const c10::Scalar &, const c10::Scalar &, const c10::Scalar &, at::Tensor &)::[lambda() (instance 1)]::operator ()() const::[lambda() (instance 4)]::operator ()() const::[lambda(long) (instance 1)]>(T1, T2, function_traits<T2>::result_type *)",3328.0,128.0,2304.0,0.07,0.0
"void at::vectorized_elementwise_kernel<2, at::CUDAFunctor_add<long>, std::array<char *, 3>>(int, T2, T3)",6912.0,768.0,2816.0,0.14,0.04
"void at::vectorized_elementwise_kernel<2, at::CUDAFunctorOnSelf_add<long>, std::array<char *, 2>>(int, T2, T3)",6400.0,384.0,2944.0,0.12,0.02
"void at::index_elementwise_kernel<128, 4, void at::index_copy_kernel_impl<at::OpaqueType<2>>(at::TensorIterator &, long, long, long)::[lambda(int) (instance 1)]>(long, T3)",38912.0,9216.0,5952.0,0.4,0.45
"void at::index_elementwise_kernel<128, 4, void at::index_copy_kernel_impl<at::OpaqueType<2>>(at::TensorIterator &, long, long, long)::[lambda(int) (instance 1)]>(long, T3)",39040.0,21376.0,5856.0,0.51,0.46
"void at::elementwise_kernel<128, 4, void at::gpu_kernel_impl_nocast<at::direct_copy_kernel_cuda(at::TensorIteratorBase &)::[lambda() (instance 3)]::operator ()() const::[lambda() (instance 10)]::operator ()() const::[lambda(c10::Half) (instance 1)]>(at::TensorIteratorBase &, const T1 &)::[lambda(int) (instance 1)]>(int, T3)",17319936.0,138417920.0,248480.0,30.75,62.01
"void at::elementwise_kernel<128, 4, void at::gpu_kernel_impl_nocast<at::direct_copy_kernel_cuda(at::TensorIteratorBase &)::[lambda() (instance 3)]::operator ()() const::[lambda() (instance 10)]::operator ()() const::[lambda(c10::Half) (instance 1)]>(at::TensorIteratorBase &, const T1 &)::[lambda(int) (instance 1)]>(int, T3)",17341440.0,138374912.0,248160.0,30.78,62.07
"void at::vectorized_elementwise_kernel<4, at::FillFunctor<c10::Half>, std::array<char *, 1>>(int, T2, T3)",4480.0,2432.0,2336.0,0.15,0.01
"void at::vectorized_elementwise_kernel<4, at::FillFunctor<c10::Half>, std::array<char *, 1>>(int, T2, T3)",4736.0,2048.0,2400.0,0.14,0.01
"void at::elementwise_kernel<128, 4, void at::gpu_kernel_impl_nocast<at::<unnamed>::where_kernel_impl(at::TensorIterator &)::[lambda() (instance 1)]::operator ()() const::[lambda() (instance 2)]::operator ()() const::[lambda(bool, c10::Half, c10::Half) (instance 1)]>(at::TensorIteratorBase &, const T1 &)::[lambda(int) (instance 1)]>(int, T3)",23296.0,48640.0,4672.0,0.76,1.9
"fmha_cutlassF_f16_aligned_64x64_rf_sm80(PyTorchMemEffAttention::AttentionKernel<cutlass::half_t, arch::Sm80, 1, 64, 64, 64, 1, 1>::Params)",277075840.0,19150848.0,318368.0,45.63,52.7
ampere_fp16_s16816gemm_fp16_128x64_ldg8_f2f_stages_32x6_tn,8535040.0,1007744.0,11488.0,40.84,15.2
"void cublasLt::splitKreduce_kernel<32, 16, int, __half, __half, float, __half, 0, __half, __half, __half, 1, 0, 0>(cublasLt::cublasSplitKParams<T6>, const T4 *, const T10 *, T9 *, T5 *, const T6 *, const T6 *, const T11 *, const T4 *, T11 *, void *, long, T6 *, int *, T6 *, T6 *, const T6 *, const T6 *, const T6 *, const T6 *, const T6 *)",533248.0,245376.0,3968.0,9.66,9.67
"void at::vectorized_elementwise_kernel<4, at::CUDAFunctor_add<c10::Half>, std::array<char *, 3>>(int, T2, T3)",269056.0,73344.0,3104.0,5.56,0.78
"void at::unrolled_elementwise_kernel<at::direct_copy_kernel_cuda(at::TensorIteratorBase &)::[lambda() (instance 3)]::operator ()() const::[lambda() (instance 7)]::operator ()() const::[lambda(float) (instance 1)], std::array<char *, 2>, 4, TrivialOffsetCalculator<1, unsigned int>, TrivialOffsetCalculator<1, unsigned int>, memory::LoadWithCast<1>, memory::StoreWithCast<1>>(int, T1, T2, T4, T5, T6, T7)",163712.0,114432.0,5760.0,2.38,2.97
"void at::vectorized_elementwise_kernel<4, void at::<unnamed>::pow_tensor_scalar_kernel_impl<float, float>(at::TensorIteratorBase &, T2)::[lambda(float) (instance 1)], std::array<char *, 2>>(int, T2, T3)",267520.0,178304.0,3008.0,7.37,0.46
"void at::reduce_kernel<512, 1, at::ReduceOp<float, at::MeanOps<float, float, float, float>, unsigned int, float, 4, 4>>(T3)",313728.0,54144.0,13216.0,1.37,0.14
"void at::vectorized_elementwise_kernel<4, at::CUDAFunctorOnSelf_add<float>, std::array<char *, 2>>(int, T2, T3)",5504.0,640.0,2816.0,0.11,0.02
"void at::vectorized_elementwise_kernel<4, at::rsqrt_kernel_cuda(at::TensorIteratorBase &)::[lambda() (instance 2)]::operator ()() const::[lambda() (instance 2)]::operator ()() const::[lambda(float) (instance 1)], std::array<char *, 2>>(int, T2, T3)",6912.0,896.0,2944.0,0.13,0.04
"void at::elementwise_kernel<128, 2, void at::gpu_kernel_impl_nocast<at::BinaryFunctor<float, float, float, binary_internal::MulFunctor<float>>>(at::TensorIteratorBase &, const T1 &)::[lambda(int) (instance 1)]>(int, T3)",273792.0,182912.0,4608.0,4.89,3.74
"void at::vectorized_elementwise_kernel<4, at::float16_copy_kernel_cuda(at::TensorIteratorBase &)::[lambda(float) (instance 1)], std::array<char *, 2>>(int, T2, T3)",267648.0,99072.0,2976.0,6.12,0.42
"void at::elementwise_kernel<128, 4, void at::gpu_kernel_impl_nocast<at::BinaryFunctor<c10::Half, c10::Half, c10::Half, binary_internal::MulFunctor<float>>>(at::TensorIteratorBase &, const T1 &)::[lambda(int) (instance 1)]>(int, T3)",155648.0,84992.0,5600.0,2.13,2.93
ampere_fp16_s16816gemm_fp16_64x64_sliced1x2_ldg8_f2f_stages_64x5_tn,23215232.0,7098880.0,23296.0,64.0,20.62
"void at::vectorized_elementwise_kernel<4, at::<unnamed>::silu_kernel(at::TensorIteratorBase &)::[lambda() (instance 1)]::operator ()() const::[lambda() (instance 5)]::operator ()() const::[lambda(c10::Half) (instance 1)], std::array<char *, 2>>(int, T2, T3)",374272.0,198144.0,4032.0,7.0,5.71
ampere_fp16_s16816gemm_fp16_64x64_sliced1x2_ldg8_f2f_stages_64x5_tn,23214976.0,7399296.0,23232.0,64.82,20.69
"void at::vectorized_elementwise_kernel<4, at::BinaryFunctor<c10::Half, c10::Half, c10::Half, binary_internal::MulFunctor<float>>, std::array<char *, 3>>(int, T2, T3)",727680.0,209536.0,3552.0,13.09,1.85
ampere_fp16_s16816gemm_fp16_128x64_ldg8_f2f_stages_32x6_tn,23445248.0,9013248.0,24512.0,65.16,19.61
"void cublasLt::splitKreduce_kernel<32, 16, int, __half, __half, float, __half, 0, __half, __half, __half, 1, 0, 0>(cublasLt::cublasSplitKParams<T6>, const T4 *, const T10 *, T9 *, T5 *, const T6 *, const T6 *, const T11 *, const T4 *, T11 *, void *, long, T6 *, int *, T6 *, T6 *, const T6 *, const T6 *, const T6 *, const T6 *, const T6 *)",795648.0,294656.0,5312.0,10.15,8.42
"void at::vectorized_elementwise_kernel<4, at::CUDAFunctor_add<c10::Half>, std::array<char *, 3>>(int, T2, T3)",269056.0,51968.0,3040.0,5.25,0.79
"void at::unrolled_elementwise_kernel<at::direct_copy_kernel_cuda(at::TensorIteratorBase &)::[lambda() (instance 3)]::operator ()() const::[lambda() (instance 7)]::operator ()() const::[lambda(float) (instance 1)], std::array<char *, 2>, 4, TrivialOffsetCalculator<1, unsigned int>, TrivialOffsetCalculator<1, unsigned int>, memory::LoadWithCast<1>, memory::StoreWithCast<1>>(int, T1, T2, T4, T5, T6, T7)",163840.0,108160.0,5728.0,2.35,3.0
"void at::vectorized_elementwise_kernel<4, void at::<unnamed>::pow_tensor_scalar_kernel_impl<float, float>(at::TensorIteratorBase &, T2)::[lambda(float) (instance 1)], std::array<char *, 2>>(int, T2, T3)",267392.0,134016.0,2976.0,6.64,0.46
"void at::reduce_kernel<512, 1, at::ReduceOp<float, at::MeanOps<float, float, float, float>, unsigned int, float, 4, 4>>(T3)",313728.0,78848.0,13408.0,1.44,0.14
"void at::vectorized_elementwise_kernel<4, at::CUDAFunctorOnSelf_add<float>, std::array<char *, 2>>(int, T2, T3)",5376.0,256.0,2656.0,0.1,0.02
"void at::vectorized_elementwise_kernel<4, at::rsqrt_kernel_cuda(at::TensorIteratorBase &)::[lambda() (instance 2)]::operator ()() const::[lambda() (instance 2)]::operator ()() const::[lambda(float) (instance 1)], std::array<char *, 2>>(int, T2, T3)",7040.0,640.0,3072.0,0.12,0.03
"void at::elementwise_kernel<128, 2, void at::gpu_kernel_impl_nocast<at::BinaryFunctor<float, float, float, binary_internal::MulFunctor<float>>>(at::TensorIteratorBase &, const T1 &)::[lambda(int) (instance 1)]>(int, T3)",273792.0,158720.0,4608.0,4.67,3.76
"void at::vectorized_elementwise_kernel<4, at::float16_copy_kernel_cuda(at::TensorIteratorBase &)::[lambda(float) (instance 1)], std::array<char *, 2>>(int, T2, T3)",267904.0,115200.0,3040.0,6.3,0.41
"void at::elementwise_kernel<128, 4, void at::gpu_kernel_impl_nocast<at::BinaryFunctor<c10::Half, c10::Half, c10::Half, binary_internal::MulFunctor<float>>>(at::TensorIteratorBase &, const T1 &)::[lambda(int) (instance 1)]>(int, T3)",155648.0,95616.0,5728.0,2.16,2.85
ampere_fp16_s16816gemm_fp16_128x64_ldg8_f2f_stages_32x6_tn,8535040.0,1144448.0,11360.0,41.99,15.45
"void cublasLt::splitKreduce_kernel<32, 16, int, __half, __half, float, __half, 0, __half, __half, __half, 1, 0, 0>(cublasLt::cublasSplitKParams<T6>, const T4 *, const T10 *, T9 *, T5 *, const T6 *, const T6 *, const T11 *, const T4 *, T11 *, void *, long, T6 *, int *, T6 *, T6 *, const T6 *, const T6 *, const T6 *, const T6 *, const T6 *)",533376.0,246016.0,3936.0,9.83,9.77
void cutlass::Kernel2<cutlass_80_wmma_tensorop_s161616gemm_f16_32x32_128x2_tn_align8>(T1::Params),1194112.0,638080.0,5984.0,15.15,5.05
"void cublasLt::splitKreduce_kernel<32, 16, int, float, __half, float, __half, 0, __half, __half, __half, 1, 0, 0>(cublasLt::cublasSplitKParams<T6>, const T4 *, const T10 *, T9 *, T5 *, const T6 *, const T6 *, const T11 *, const T4 *, T11 *, void *, long, T6 *, int *, T6 *, T6 *, const T6 *, const T6 *, const T6 *, const T6 *, const T6 *)",270720.0,128896.0,3552.0,5.58,1.46
void cutlass::Kernel2<cutlass_80_wmma_tensorop_s161616gemm_f16_32x32_128x2_tn_align8>(T1::Params),1194112.0,373760.0,5920.0,13.06,5.09
"void cublasLt::splitKreduce_kernel<32, 16, int, float, __half, float, __half, 0, __half, __half, __half, 1, 0, 0>(cublasLt::cublasSplitKParams<T6>, const T4 *, const T10 *, T9 *, T5 *, const T6 *, const T6 *, const T11 *, const T4 *, T11 *, void *, long, T6 *, int *, T6 *, T6 *, const T6 *, const T6 *, const T6 *, const T6 *, const T6 *)",270592.0,121856.0,3552.0,5.51,1.47
"void at::elementwise_kernel<128, 4, void at::gpu_kernel_impl_nocast<at::BinaryFunctor<c10::Half, c10::Half, c10::Half, binary_internal::MulFunctor<float>>>(at::TensorIteratorBase &, const T1 &)::[lambda(int) (instance 1)]>(int, T3)",155392.0,97792.0,5856.0,2.14,3.38
"void at::elementwise_kernel<128, 4, void at::gpu_kernel_impl_nocast<at::neg_kernel_cuda(at::TensorIteratorBase &)::[lambda() (instance 2)]::operator ()() const::[lambda() (instance 8)]::operator ()() const::[lambda(c10::Half) (instance 1)]>(at::TensorIteratorBase &, const T1 &)::[lambda(int) (instance 1)]>(int, T3)",84096.0,19584.0,5440.0,0.94,1.25
"void at::<unnamed>::CatArrayBatchedCopy<at::<unnamed>::OpaqueType<2>, unsigned int, 4, 64, 64>(T1 *, at::<unnamed>::CatArrInputTensorMetadata<T1, T2, T4, T5>, at::<unnamed>::TensorSizeStride<T2, 4>, int, T2)",138496.0,189952.0,6784.0,2.39,12.84
"void at::elementwise_kernel<128, 4, void at::gpu_kernel_impl_nocast<at::BinaryFunctor<c10::Half, c10::Half, c10::Half, binary_internal::MulFunctor<float>>>(at::TensorIteratorBase &, const T1 &)::[lambda(int) (instance 1)]>(int, T3)",155520.0,120704.0,5888.0,2.32,3.35
"void at::vectorized_elementwise_kernel<4, at::CUDAFunctor_add<c10::Half>, std::array<char *, 3>>(int, T2, T3)",268928.0,118656.0,3072.0,6.24,0.77
"void at::elementwise_kernel<128, 4, void at::gpu_kernel_impl_nocast<at::BinaryFunctor<c10::Half, c10::Half, c10::Half, binary_internal::MulFunctor<float>>>(at::TensorIteratorBase &, const T1 &)::[lambda(int) (instance 1)]>(int, T3)",40704.0,3328.0,5568.0,0.39,0.45
"void at::elementwise_kernel<128, 4, void at::gpu_kernel_impl_nocast<at::neg_kernel_cuda(at::TensorIteratorBase &)::[lambda() (instance 2)]::operator ()() const::[lambda() (instance 8)]::operator ()() const::[lambda(c10::Half) (instance 1)]>(at::TensorIteratorBase &, const T1 &)::[lambda(int) (instance 1)]>(int, T3)",26624.0,13952.0,5216.0,0.38,0.16
"void at::<unnamed>::CatArrayBatchedCopy<at::<unnamed>::OpaqueType<2>, unsigned int, 4, 64, 64>(T1 *, at::<unnamed>::CatArrInputTensorMetadata<T1, T2, T4, T5>, at::<unnamed>::TensorSizeStride<T2, 4>, int, T2)",23936.0,21248.0,6912.0,0.32,4.17
"void at::elementwise_kernel<128, 4, void at::gpu_kernel_impl_nocast<at::BinaryFunctor<c10::Half, c10::Half, c10::Half, binary_internal::MulFunctor<float>>>(at::TensorIteratorBase &, const T1 &)::[lambda(int) (instance 1)]>(int, T3)",40704.0,1536.0,5632.0,0.37,0.44
"void at::vectorized_elementwise_kernel<4, at::CUDAFunctor_add<c10::Half>, std::array<char *, 3>>(int, T2, T3)",39680.0,2432.0,2912.0,0.73,0.1
"void <unnamed>::elementwise_kernel_with_index<int, at::arange_cuda_out(const c10::Scalar &, const c10::Scalar &, const c10::Scalar &, at::Tensor &)::[lambda() (instance 1)]::operator ()() const::[lambda() (instance 4)]::operator ()() const::[lambda(long) (instance 1)]>(T1, T2, function_traits<T2>::result_type *)",3200.0,384.0,2304.0,0.08,0.0
"void at::vectorized_elementwise_kernel<2, at::CUDAFunctor_add<long>, std::array<char *, 3>>(int, T2, T3)",6912.0,256.0,3008.0,0.12,0.03
"void at::vectorized_elementwise_kernel<2, at::CUDAFunctorOnSelf_add<long>, std::array<char *, 2>>(int, T2, T3)",6272.0,896.0,2944.0,0.12,0.02
"void at::index_elementwise_kernel<128, 4, void at::index_copy_kernel_impl<at::OpaqueType<2>>(at::TensorIterator &, long, long, long)::[lambda(int) (instance 1)]>(long, T3)",38912.0,9216.0,5920.0,0.4,0.45
"void at::index_elementwise_kernel<128, 4, void at::index_copy_kernel_impl<at::OpaqueType<2>>(at::TensorIterator &, long, long, long)::[lambda(int) (instance 1)]>(long, T3)",38784.0,20736.0,5792.0,0.51,0.47
"void at::elementwise_kernel<128, 4, void at::gpu_kernel_impl_nocast<at::direct_copy_kernel_cuda(at::TensorIteratorBase &)::[lambda() (instance 3)]::operator ()() const::[lambda() (instance 10)]::operator ()() const::[lambda(c10::Half) (instance 1)]>(at::TensorIteratorBase &, const T1 &)::[lambda(int) (instance 1)]>(int, T3)",17320320.0,138364800.0,247904.0,30.81,62.17
"void at::elementwise_kernel<128, 4, void at::gpu_kernel_impl_nocast<at::direct_copy_kernel_cuda(at::TensorIteratorBase &)::[lambda() (instance 3)]::operator ()() const::[lambda() (instance 10)]::operator ()() const::[lambda(c10::Half) (instance 1)]>(at::TensorIteratorBase &, const T1 &)::[lambda(int) (instance 1)]>(int, T3)",17320064.0,138465664.0,249632.0,30.61,62.08
"void at::vectorized_elementwise_kernel<4, at::FillFunctor<c10::Half>, std::array<char *, 1>>(int, T2, T3)",4608.0,384.0,2560.0,0.1,0.01
"void at::vectorized_elementwise_kernel<4, at::FillFunctor<c10::Half>, std::array<char *, 1>>(int, T2, T3)",4608.0,4224.0,2368.0,0.19,0.01
"void at::elementwise_kernel<128, 4, void at::gpu_kernel_impl_nocast<at::<unnamed>::where_kernel_impl(at::TensorIterator &)::[lambda() (instance 1)]::operator ()() const::[lambda() (instance 2)]::operator ()() const::[lambda(bool, c10::Half, c10::Half) (instance 1)]>(at::TensorIteratorBase &, const T1 &)::[lambda(int) (instance 1)]>(int, T3)",23168.0,44032.0,4704.0,0.7,1.88
"fmha_cutlassF_f16_aligned_64x64_rf_sm80(PyTorchMemEffAttention::AttentionKernel<cutlass::half_t, arch::Sm80, 1, 64, 64, 64, 1, 1>::Params)",277076992.0,19125504.0,316544.0,45.9,53.0
ampere_fp16_s16816gemm_fp16_128x64_ldg8_f2f_stages_32x6_tn,8535296.0,1086976.0,11392.0,41.55,15.39
"void cublasLt::splitKreduce_kernel<32, 16, int, __half, __half, float, __half, 0, __half, __half, __half, 1, 0, 0>(cublasLt::cublasSplitKParams<T6>, const T4 *, const T10 *, T9 *, T5 *, const T6 *, const T6 *, const T11 *, const T4 *, T11 *, void *, long, T6 *, int *, T6 *, T6 *, const T6 *, const T6 *, const T6 *, const T6 *, const T6 *)",533248.0,246528.0,4096.0,9.42,9.38
"void at::vectorized_elementwise_kernel<4, at::CUDAFunctor_add<c10::Half>, std::array<char *, 3>>(int, T2, T3)",268928.0,62208.0,3072.0,5.41,0.78
"void at::unrolled_elementwise_kernel<at::direct_copy_kernel_cuda(at::TensorIteratorBase &)::[lambda() (instance 3)]::operator ()() const::[lambda() (instance 7)]::operator ()() const::[lambda(float) (instance 1)], std::array<char *, 2>, 4, TrivialOffsetCalculator<1, unsigned int>, TrivialOffsetCalculator<1, unsigned int>, memory::LoadWithCast<1>, memory::StoreWithCast<1>>(int, T1, T2, T4, T5, T6, T7)",163840.0,174976.0,5696.0,2.95,3.0
"void at::vectorized_elementwise_kernel<4, void at::<unnamed>::pow_tensor_scalar_kernel_impl<float, float>(at::TensorIteratorBase &, T2)::[lambda(float) (instance 1)], std::array<char *, 2>>(int, T2, T3)",267392.0,216192.0,3040.0,7.98,0.45
"void at::reduce_kernel<512, 1, at::ReduceOp<float, at::MeanOps<float, float, float, float>, unsigned int, float, 4, 4>>(T3)",314112.0,51968.0,13184.0,1.37,0.14
"void at::vectorized_elementwise_kernel<4, at::CUDAFunctorOnSelf_add<float>, std::array<char *, 2>>(int, T2, T3)",5376.0,384.0,2624.0,0.11,0.02
"void at::vectorized_elementwise_kernel<4, at::rsqrt_kernel_cuda(at::TensorIteratorBase &)::[lambda() (instance 2)]::operator ()() const::[lambda() (instance 2)]::operator ()() const::[lambda(float) (instance 1)], std::array<char *, 2>>(int, T2, T3)",6912.0,640.0,2880.0,0.13,0.04
"void at::elementwise_kernel<128, 2, void at::gpu_kernel_impl_nocast<at::BinaryFunctor<float, float, float, binary_internal::MulFunctor<float>>>(at::TensorIteratorBase &, const T1 &)::[lambda(int) (instance 1)]>(int, T3)",273792.0,243200.0,4608.0,5.56,3.73
"void at::vectorized_elementwise_kernel<4, at::float16_copy_kernel_cuda(at::TensorIteratorBase &)::[lambda(float) (instance 1)], std::array<char *, 2>>(int, T2, T3)",267904.0,108416.0,3136.0,5.97,0.39
"void at::elementwise_kernel<128, 4, void at::gpu_kernel_impl_nocast<at::BinaryFunctor<c10::Half, c10::Half, c10::Half, binary_internal::MulFunctor<float>>>(at::TensorIteratorBase &, const T1 &)::[lambda(int) (instance 1)]>(int, T3)",155520.0,146816.0,5888.0,2.55,2.78
ampere_fp16_s16816gemm_fp16_64x64_sliced1x2_ldg8_f2f_stages_64x5_tn,23214976.0,7218816.0,23552.0,63.59,20.32
"void at::vectorized_elementwise_kernel<4, at::<unnamed>::silu_kernel(at::TensorIteratorBase &)::[lambda() (instance 1)]::operator ()() const::[lambda() (instance 5)]::operator ()() const::[lambda(c10::Half) (instance 1)], std::array<char *, 2>>(int, T2, T3)",374144.0,200448.0,3904.0,7.31,5.93
ampere_fp16_s16816gemm_fp16_64x64_sliced1x2_ldg8_f2f_stages_64x5_tn,23214976.0,7007360.0,22944.0,64.72,20.96
"void at::vectorized_elementwise_kernel<4, at::BinaryFunctor<c10::Half, c10::Half, c10::Half, binary_internal::MulFunctor<float>>, std::array<char *, 3>>(int, T2, T3)",727808.0,178048.0,3488.0,12.89,1.88
ampere_fp16_s16816gemm_fp16_128x64_ldg8_f2f_stages_32x6_tn,23444736.0,9012352.0,24160.0,65.9,19.77
"void cublasLt::splitKreduce_kernel<32, 16, int, __half, __half, float, __half, 0, __half, __half, __half, 1, 0, 0>(cublasLt::cublasSplitKParams<T6>, const T4 *, const T10 *, T9 *, T5 *, const T6 *, const T6 *, const T11 *, const T4 *, T11 *, void *, long, T6 *, int *, T6 *, T6 *, const T6 *, const T6 *, const T6 *, const T6 *, const T6 *)",795648.0,248704.0,5280.0,9.81,8.55
"void at::vectorized_elementwise_kernel<4, at::CUDAFunctor_add<c10::Half>, std::array<char *, 3>>(int, T2, T3)",268928.0,41088.0,3040.0,5.05,0.79
"void at::unrolled_elementwise_kernel<at::direct_copy_kernel_cuda(at::TensorIteratorBase &)::[lambda() (instance 3)]::operator ()() const::[lambda() (instance 7)]::operator ()() const::[lambda(float) (instance 1)], std::array<char *, 2>, 4, TrivialOffsetCalculator<1, unsigned int>, TrivialOffsetCalculator<1, unsigned int>, memory::LoadWithCast<1>, memory::StoreWithCast<1>>(int, T1, T2, T4, T5, T6, T7)",163840.0,111232.0,5888.0,2.31,2.9
"void at::vectorized_elementwise_kernel<4, void at::<unnamed>::pow_tensor_scalar_kernel_impl<float, float>(at::TensorIteratorBase &, T2)::[lambda(float) (instance 1)], std::array<char *, 2>>(int, T2, T3)",267520.0,130176.0,3040.0,6.54,0.45
"void at::reduce_kernel<512, 1, at::ReduceOp<float, at::MeanOps<float, float, float, float>, unsigned int, float, 4, 4>>(T3)",313856.0,24960.0,13152.0,1.27,0.14
"void at::vectorized_elementwise_kernel<4, at::CUDAFunctorOnSelf_add<float>, std::array<char *, 2>>(int, T2, T3)",5376.0,768.0,2624.0,0.12,0.02
"void at::vectorized_elementwise_kernel<4, at::rsqrt_kernel_cuda(at::TensorIteratorBase &)::[lambda() (instance 2)]::operator ()() const::[lambda() (instance 2)]::operator ()() const::[lambda(float) (instance 1)], std::array<char *, 2>>(int, T2, T3)",6912.0,384.0,3040.0,0.12,0.03
"void at::elementwise_kernel<128, 2, void at::gpu_kernel_impl_nocast<at::BinaryFunctor<float, float, float, binary_internal::MulFunctor<float>>>(at::TensorIteratorBase &, const T1 &)::[lambda(int) (instance 1)]>(int, T3)",273792.0,133120.0,4576.0,4.4,3.77
"void at::vectorized_elementwise_kernel<4, at::float16_copy_kernel_cuda(at::TensorIteratorBase &)::[lambda(float) (instance 1)], std::array<char *, 2>>(int, T2, T3)",267776.0,73216.0,3136.0,5.42,0.4
"void at::elementwise_kernel<128, 4, void at::gpu_kernel_impl_nocast<at::BinaryFunctor<c10::Half, c10::Half, c10::Half, binary_internal::MulFunctor<float>>>(at::TensorIteratorBase &, const T1 &)::[lambda(int) (instance 1)]>(int, T3)",155520.0,84864.0,5920.0,2.01,2.79
ampere_fp16_s16816gemm_fp16_128x64_ldg8_f2f_stages_32x6_tn,8535040.0,1134464.0,11360.0,41.8,15.4
"void cublasLt::splitKreduce_kernel<32, 16, int, __half, __half, float, __half, 0, __half, __half, __half, 1, 0, 0>(cublasLt::cublasSplitKParams<T6>, const T4 *, const T10 *, T9 *, T5 *, const T6 *, const T6 *, const T11 *, const T4 *, T11 *, void *, long, T6 *, int *, T6 *, T6 *, const T6 *, const T6 *, const T6 *, const T6 *, const T6 *)",533248.0,244480.0,4128.0,9.34,9.35
void cutlass::Kernel2<cutlass_80_wmma_tensorop_s161616gemm_f16_32x32_128x2_tn_align8>(T1::Params),1194112.0,417792.0,6048.0,13.12,5.0
"void cublasLt::splitKreduce_kernel<32, 16, int, float, __half, float, __half, 0, __half, __half, __half, 1, 0, 0>(cublasLt::cublasSplitKParams<T6>, const T4 *, const T10 *, T9 *, T5 *, const T6 *, const T6 *, const T11 *, const T4 *, T11 *, void *, long, T6 *, int *, T6 *, T6 *, const T6 *, const T6 *, const T6 *, const T6 *, const T6 *)",270592.0,125184.0,3712.0,5.25,1.4
void cutlass::Kernel2<cutlass_80_wmma_tensorop_s161616gemm_f16_32x32_128x2_tn_align8>(T1::Params),1193984.0,623104.0,6048.0,14.9,5.02
"void cublasLt::splitKreduce_kernel<32, 16, int, float, __half, float, __half, 0, __half, __half, __half, 1, 0, 0>(cublasLt::cublasSplitKParams<T6>, const T4 *, const T10 *, T9 *, T5 *, const T6 *, const T6 *, const T11 *, const T4 *, T11 *, void *, long, T6 *, int *, T6 *, T6 *, const T6 *, const T6 *, const T6 *, const T6 *, const T6 *)",270592.0,120960.0,3744.0,5.2,1.4
"void at::elementwise_kernel<128, 4, void at::gpu_kernel_impl_nocast<at::BinaryFunctor<c10::Half, c10::Half, c10::Half, binary_internal::MulFunctor<float>>>(at::TensorIteratorBase &, const T1 &)::[lambda(int) (instance 1)]>(int, T3)",155648.0,89088.0,5920.0,2.04,3.35
"void at::elementwise_kernel<128, 4, void at::gpu_kernel_impl_nocast<at::neg_kernel_cuda(at::TensorIteratorBase &)::[lambda() (instance 2)]::operator ()() const::[lambda() (instance 8)]::operator ()() const::[lambda(c10::Half) (instance 1)]>(at::TensorIteratorBase &, const T1 &)::[lambda(int) (instance 1)]>(int, T3)",83840.0,38528.0,5472.0,1.11,1.24
"void at::<unnamed>::CatArrayBatchedCopy<at::<unnamed>::OpaqueType<2>, unsigned int, 4, 64, 64>(T1 *, at::<unnamed>::CatArrInputTensorMetadata<T1, T2, T4, T5>, at::<unnamed>::TensorSizeStride<T2, 4>, int, T2)",138624.0,209408.0,6944.0,2.47,12.5
"void at::elementwise_kernel<128, 4, void at::gpu_kernel_impl_nocast<at::BinaryFunctor<c10::Half, c10::Half, c10::Half, binary_internal::MulFunctor<float>>>(at::TensorIteratorBase &, const T1 &)::[lambda(int) (instance 1)]>(int, T3)",155520.0,124288.0,5888.0,2.36,3.38
"void at::vectorized_elementwise_kernel<4, at::CUDAFunctor_add<c10::Half>, std::array<char *, 3>>(int, T2, T3)",268928.0,95616.0,3008.0,6.01,0.8
"void at::elementwise_kernel<128, 4, void at::gpu_kernel_impl_nocast<at::BinaryFunctor<c10::Half, c10::Half, c10::Half, binary_internal::MulFunctor<float>>>(at::TensorIteratorBase &, const T1 &)::[lambda(int) (instance 1)]>(int, T3)",40832.0,3200.0,5504.0,0.39,0.45
"void at::elementwise_kernel<128, 4, void at::gpu_kernel_impl_nocast<at::neg_kernel_cuda(at::TensorIteratorBase &)::[lambda() (instance 2)]::operator ()() const::[lambda() (instance 8)]::operator ()() const::[lambda(c10::Half) (instance 1)]>(at::TensorIteratorBase &, const T1 &)::[lambda(int) (instance 1)]>(int, T3)",26496.0,17792.0,5280.0,0.41,0.16
"void at::<unnamed>::CatArrayBatchedCopy<at::<unnamed>::OpaqueType<2>, unsigned int, 4, 64, 64>(T1 *, at::<unnamed>::CatArrInputTensorMetadata<T1, T2, T4, T5>, at::<unnamed>::TensorSizeStride<T2, 4>, int, T2)",23936.0,22272.0,6848.0,0.33,4.25
"void at::elementwise_kernel<128, 4, void at::gpu_kernel_impl_nocast<at::BinaryFunctor<c10::Half, c10::Half, c10::Half, binary_internal::MulFunctor<float>>>(at::TensorIteratorBase &, const T1 &)::[lambda(int) (instance 1)]>(int, T3)",40704.0,1536.0,5504.0,0.38,0.45
"void at::vectorized_elementwise_kernel<4, at::CUDAFunctor_add<c10::Half>, std::array<char *, 3>>(int, T2, T3)",39552.0,768.0,3008.0,0.67,0.1
"void <unnamed>::elementwise_kernel_with_index<int, at::arange_cuda_out(const c10::Scalar &, const c10::Scalar &, const c10::Scalar &, at::Tensor &)::[lambda() (instance 1)]::operator ()() const::[lambda() (instance 4)]::operator ()() const::[lambda(long) (instance 1)]>(T1, T2, function_traits<T2>::result_type *)",3200.0,384.0,2528.0,0.07,0.0
"void at::vectorized_elementwise_kernel<2, at::CUDAFunctor_add<long>, std::array<char *, 3>>(int, T2, T3)",6912.0,128.0,3040.0,0.11,0.03
"void at::vectorized_elementwise_kernel<2, at::CUDAFunctorOnSelf_add<long>, std::array<char *, 2>>(int, T2, T3)",6272.0,1024.0,2944.0,0.12,0.02
"void at::index_elementwise_kernel<128, 4, void at::index_copy_kernel_impl<at::OpaqueType<2>>(at::TensorIterator &, long, long, long)::[lambda(int) (instance 1)]>(long, T3)",38784.0,6784.0,5888.0,0.38,0.46
"void at::index_elementwise_kernel<128, 4, void at::index_copy_kernel_impl<at::OpaqueType<2>>(at::TensorIterator &, long, long, long)::[lambda(int) (instance 1)]>(long, T3)",38656.0,9472.0,5920.0,0.4,0.46
"void at::elementwise_kernel<128, 4, void at::gpu_kernel_impl_nocast<at::direct_copy_kernel_cuda(at::TensorIteratorBase &)::[lambda() (instance 3)]::operator ()() const::[lambda() (instance 10)]::operator ()() const::[lambda(c10::Half) (instance 1)]>(at::TensorIteratorBase &, const T1 &)::[lambda(int) (instance 1)]>(int, T3)",17320064.0,138435712.0,249312.0,30.65,62.17
"void at::elementwise_kernel<128, 4, void at::gpu_kernel_impl_nocast<at::direct_copy_kernel_cuda(at::TensorIteratorBase &)::[lambda() (instance 3)]::operator ()() const::[lambda() (instance 10)]::operator ()() const::[lambda(c10::Half) (instance 1)]>(at::TensorIteratorBase &, const T1 &)::[lambda(int) (instance 1)]>(int, T3)",17319936.0,138481024.0,249824.0,30.59,62.02
"void at::vectorized_elementwise_kernel<4, at::FillFunctor<c10::Half>, std::array<char *, 1>>(int, T2, T3)",4608.0,384.0,2816.0,0.09,0.01
"void at::vectorized_elementwise_kernel<4, at::FillFunctor<c10::Half>, std::array<char *, 1>>(int, T2, T3)",4480.0,640.0,2496.0,0.1,0.01
"void at::elementwise_kernel<128, 4, void at::gpu_kernel_impl_nocast<at::<unnamed>::where_kernel_impl(at::TensorIterator &)::[lambda() (instance 1)]::operator ()() const::[lambda() (instance 2)]::operator ()() const::[lambda(bool, c10::Half, c10::Half) (instance 1)]>(at::TensorIteratorBase &, const T1 &)::[lambda(int) (instance 1)]>(int, T3)",23296.0,55424.0,4576.0,0.85,1.94
"fmha_cutlassF_f16_aligned_64x64_rf_sm80(PyTorchMemEffAttention::AttentionKernel<cutlass::half_t, arch::Sm80, 1, 64, 64, 64, 1, 1>::Params)",277077120.0,19117184.0,317088.0,45.82,52.93
ampere_fp16_s16816gemm_fp16_128x64_ldg8_f2f_stages_32x6_tn,8535168.0,1113088.0,11552.0,41.07,15.18
"void cublasLt::splitKreduce_kernel<32, 16, int, __half, __half, float, __half, 0, __half, __half, __half, 1, 0, 0>(cublasLt::cublasSplitKParams<T6>, const T4 *, const T10 *, T9 *, T5 *, const T6 *, const T6 *, const T11 *, const T4 *, T11 *, void *, long, T6 *, int *, T6 *, T6 *, const T6 *, const T6 *, const T6 *, const T6 *, const T6 *)",533248.0,248704.0,4096.0,9.39,9.36
"void at::vectorized_elementwise_kernel<4, at::CUDAFunctor_add<c10::Half>, std::array<char *, 3>>(int, T2, T3)",269056.0,60032.0,3008.0,5.36,0.79
"void at::unrolled_elementwise_kernel<at::direct_copy_kernel_cuda(at::TensorIteratorBase &)::[lambda() (instance 3)]::operator ()() const::[lambda() (instance 7)]::operator ()() const::[lambda(float) (instance 1)], std::array<char *, 2>, 4, TrivialOffsetCalculator<1, unsigned int>, TrivialOffsetCalculator<1, unsigned int>, memory::LoadWithCast<1>, memory::StoreWithCast<1>>(int, T1, T2, T4, T5, T6, T7)",163840.0,115584.0,5792.0,2.4,2.97
"void at::vectorized_elementwise_kernel<4, void at::<unnamed>::pow_tensor_scalar_kernel_impl<float, float>(at::TensorIteratorBase &, T2)::[lambda(float) (instance 1)], std::array<char *, 2>>(int, T2, T3)",267392.0,188160.0,3040.0,7.49,0.45
"void at::reduce_kernel<512, 1, at::ReduceOp<float, at::MeanOps<float, float, float, float>, unsigned int, float, 4, 4>>(T3)",315136.0,56192.0,13344.0,1.37,0.14
"void at::vectorized_elementwise_kernel<4, at::CUDAFunctorOnSelf_add<float>, std::array<char *, 2>>(int, T2, T3)",5376.0,512.0,2688.0,0.11,0.02
"void at::vectorized_elementwise_kernel<4, at::rsqrt_kernel_cuda(at::TensorIteratorBase &)::[lambda() (instance 2)]::operator ()() const::[lambda() (instance 2)]::operator ()() const::[lambda(float) (instance 1)], std::array<char *, 2>>(int, T2, T3)",7040.0,640.0,2880.0,0.13,0.04
"void at::elementwise_kernel<128, 2, void at::gpu_kernel_impl_nocast<at::BinaryFunctor<float, float, float, binary_internal::MulFunctor<float>>>(at::TensorIteratorBase &, const T1 &)::[lambda(int) (instance 1)]>(int, T3)",273792.0,177792.0,4512.0,4.94,3.8
"void at::vectorized_elementwise_kernel<4, at::float16_copy_kernel_cuda(at::TensorIteratorBase &)::[lambda(float) (instance 1)], std::array<char *, 2>>(int, T2, T3)",268032.0,108288.0,3200.0,5.83,0.39
"void at::elementwise_kernel<128, 4, void at::gpu_kernel_impl_nocast<at::BinaryFunctor<c10::Half, c10::Half, c10::Half, binary_internal::MulFunctor<float>>>(at::TensorIteratorBase &, const T1 &)::[lambda(int) (instance 1)]>(int, T3)",155520.0,86272.0,5568.0,2.14,2.93
ampere_fp16_s16816gemm_fp16_64x64_sliced1x2_ldg8_f2f_stages_64x5_tn,23214848.0,7149824.0,23200.0,64.35,20.72
"void at::vectorized_elementwise_kernel<4, at::<unnamed>::silu_kernel(at::TensorIteratorBase &)::[lambda() (instance 1)]::operator ()() const::[lambda() (instance 5)]::operator ()() const::[lambda(c10::Half) (instance 1)], std::array<char *, 2>>(int, T2, T3)",374272.0,214400.0,3904.0,7.48,5.92
ampere_fp16_s16816gemm_fp16_64x64_sliced1x2_ldg8_f2f_stages_64x5_tn,23219584.0,7427200.0,23264.0,64.68,20.56
"void at::vectorized_elementwise_kernel<4, at::BinaryFunctor<c10::Half, c10::Half, c10::Half, binary_internal::MulFunctor<float>>, std::array<char *, 3>>(int, T2, T3)",727680.0,231296.0,3424.0,13.92,1.93
ampere_fp16_s16816gemm_fp16_128x64_ldg8_f2f_stages_32x6_tn,23444608.0,8984832.0,24704.0,64.45,19.32
"void cublasLt::splitKreduce_kernel<32, 16, int, __half, __half, float, __half, 0, __half, __half, __half, 1, 0, 0>(cublasLt::cublasSplitKParams<T6>, const T4 *, const T10 *, T9 *, T5 *, const T6 *, const T6 *, const T11 *, const T4 *, T11 *, void *, long, T6 *, int *, T6 *, T6 *, const T6 *, const T6 *, const T6 *, const T6 *, const T6 *)",795392.0,256640.0,5216.0,9.96,8.58
"void at::vectorized_elementwise_kernel<4, at::CUDAFunctor_add<c10::Half>, std::array<char *, 3>>(int, T2, T3)",269056.0,46464.0,3008.0,5.24,0.79
"void at::unrolled_elementwise_kernel<at::direct_copy_kernel_cuda(at::TensorIteratorBase &)::[lambda() (instance 3)]::operator ()() const::[lambda() (instance 7)]::operator ()() const::[lambda(float) (instance 1)], std::array<char *, 2>, 4, TrivialOffsetCalculator<1, unsigned int>, TrivialOffsetCalculator<1, unsigned int>, memory::LoadWithCast<1>, memory::StoreWithCast<1>>(int, T1, T2, T4, T5, T6, T7)",164992.0,103936.0,5728.0,2.32,2.99
"void at::vectorized_elementwise_kernel<4, void at::<unnamed>::pow_tensor_scalar_kernel_impl<float, float>(at::TensorIteratorBase &, T2)::[lambda(float) (instance 1)], std::array<char *, 2>>(int, T2, T3)",267520.0,151680.0,3072.0,6.82,0.45
"void at::reduce_kernel<512, 1, at::ReduceOp<float, at::MeanOps<float, float, float, float>, unsigned int, float, 4, 4>>(T3)",313856.0,67456.0,13600.0,1.38,0.14
"void at::vectorized_elementwise_kernel<4, at::CUDAFunctorOnSelf_add<float>, std::array<char *, 2>>(int, T2, T3)",5504.0,384.0,2848.0,0.1,0.02
"void at::vectorized_elementwise_kernel<4, at::rsqrt_kernel_cuda(at::TensorIteratorBase &)::[lambda() (instance 2)]::operator ()() const::[lambda() (instance 2)]::operator ()() const::[lambda(float) (instance 1)], std::array<char *, 2>>(int, T2, T3)",6912.0,512.0,2912.0,0.13,0.04
"void at::elementwise_kernel<128, 2, void at::gpu_kernel_impl_nocast<at::BinaryFunctor<float, float, float, binary_internal::MulFunctor<float>>>(at::TensorIteratorBase &, const T1 &)::[lambda(int) (instance 1)]>(int, T3)",273920.0,157696.0,4576.0,4.7,3.77
"void at::vectorized_elementwise_kernel<4, at::float16_copy_kernel_cuda(at::TensorIteratorBase &)::[lambda(float) (instance 1)], std::array<char *, 2>>(int, T2, T3)",267776.0,102144.0,3136.0,5.88,0.39
"void at::elementwise_kernel<128, 4, void at::gpu_kernel_impl_nocast<at::BinaryFunctor<c10::Half, c10::Half, c10::Half, binary_internal::MulFunctor<float>>>(at::TensorIteratorBase &, const T1 &)::[lambda(int) (instance 1)]>(int, T3)",155648.0,79616.0,5632.0,2.06,2.9
ampere_fp16_s16816gemm_fp16_128x64_ldg8_f2f_stages_32x6_tn,8535040.0,1014272.0,11520.0,40.76,15.24
"void cublasLt::splitKreduce_kernel<32, 16, int, __half, __half, float, __half, 0, __half, __half, __half, 1, 0, 0>(cublasLt::cublasSplitKParams<T6>, const T4 *, const T10 *, T9 *, T5 *, const T6 *, const T6 *, const T11 *, const T4 *, T11 *, void *, long, T6 *, int *, T6 *, T6 *, const T6 *, const T6 *, const T6 *, const T6 *, const T6 *)",533376.0,239488.0,4192.0,9.07,9.15
void cutlass::Kernel2<cutlass_80_wmma_tensorop_s161616gemm_f16_32x32_128x2_tn_align8>(T1::Params),1194112.0,339840.0,6016.0,12.57,5.02
"void cublasLt::splitKreduce_kernel<32, 16, int, float, __half, float, __half, 0, __half, __half, __half, 1, 0, 0>(cublasLt::cublasSplitKParams<T6>, const T4 *, const T10 *, T9 *, T5 *, const T6 *, const T6 *, const T11 *, const T4 *, T11 *, void *, long, T6 *, int *, T6 *, T6 *, const T6 *, const T6 *, const T6 *, const T6 *, const T6 *)",270592.0,124288.0,3616.0,5.42,1.45
void cutlass::Kernel2<cutlass_80_wmma_tensorop_s161616gemm_f16_32x32_128x2_tn_align8>(T1::Params),1194240.0,495104.0,6208.0,13.5,4.9
"void cublasLt::splitKreduce_kernel<32, 16, int, float, __half, float, __half, 0, __half, __half, __half, 1, 0, 0>(cublasLt::cublasSplitKParams<T6>, const T4 *, const T10 *, T9 *, T5 *, const T6 *, const T6 *, const T11 *, const T4 *, T11 *, void *, long, T6 *, int *, T6 *, T6 *, const T6 *, const T6 *, const T6 *, const T6 *, const T6 *)",270592.0,123264.0,3616.0,5.4,1.44
"void at::elementwise_kernel<128, 4, void at::gpu_kernel_impl_nocast<at::BinaryFunctor<c10::Half, c10::Half, c10::Half, binary_internal::MulFunctor<float>>>(at::TensorIteratorBase &, const T1 &)::[lambda(int) (instance 1)]>(int, T3)",155392.0,97920.0,5696.0,2.2,3.46
"void at::elementwise_kernel<128, 4, void at::gpu_kernel_impl_nocast<at::neg_kernel_cuda(at::TensorIteratorBase &)::[lambda() (instance 2)]::operator ()() const::[lambda() (instance 8)]::operator ()() const::[lambda(c10::Half) (instance 1)]>(at::TensorIteratorBase &, const T1 &)::[lambda(int) (instance 1)]>(int, T3)",83840.0,25856.0,5408.0,1.0,1.25
"void at::<unnamed>::CatArrayBatchedCopy<at::<unnamed>::OpaqueType<2>, unsigned int, 4, 64, 64>(T1 *, at::<unnamed>::CatArrInputTensorMetadata<T1, T2, T4, T5>, at::<unnamed>::TensorSizeStride<T2, 4>, int, T2)",138752.0,187008.0,6848.0,2.34,12.71
"void at::elementwise_kernel<128, 4, void at::gpu_kernel_impl_nocast<at::BinaryFunctor<c10::Half, c10::Half, c10::Half, binary_internal::MulFunctor<float>>>(at::TensorIteratorBase &, const T1 &)::[lambda(int) (instance 1)]>(int, T3)",155648.0,119936.0,5760.0,2.37,3.46
"void at::vectorized_elementwise_kernel<4, at::CUDAFunctor_add<c10::Half>, std::array<char *, 3>>(int, T2, T3)",268928.0,121472.0,3136.0,6.25,0.77
"void at::elementwise_kernel<128, 4, void at::gpu_kernel_impl_nocast<at::BinaryFunctor<c10::Half, c10::Half, c10::Half, binary_internal::MulFunctor<float>>>(at::TensorIteratorBase &, const T1 &)::[lambda(int) (instance 1)]>(int, T3)",40832.0,3584.0,5664.0,0.39,0.44
"void at::elementwise_kernel<128, 4, void at::gpu_kernel_impl_nocast<at::neg_kernel_cuda(at::TensorIteratorBase &)::[lambda() (instance 2)]::operator ()() const::[lambda() (instance 8)]::operator ()() const::[lambda(c10::Half) (instance 1)]>(at::TensorIteratorBase &, const T1 &)::[lambda(int) (instance 1)]>(int, T3)",26624.0,5760.0,5344.0,0.3,0.16
"void at::<unnamed>::CatArrayBatchedCopy<at::<unnamed>::OpaqueType<2>, unsigned int, 4, 64, 64>(T1 *, at::<unnamed>::CatArrInputTensorMetadata<T1, T2, T4, T5>, at::<unnamed>::TensorSizeStride<T2, 4>, int, T2)",23936.0,20864.0,6592.0,0.33,4.46
"void at::elementwise_kernel<128, 4, void at::gpu_kernel_impl_nocast<at::BinaryFunctor<c10::Half, c10::Half, c10::Half, binary_internal::MulFunctor<float>>>(at::TensorIteratorBase &, const T1 &)::[lambda(int) (instance 1)]>(int, T3)",40960.0,1408.0,5568.0,0.38,0.45
"void at::vectorized_elementwise_kernel<4, at::CUDAFunctor_add<c10::Half>, std::array<char *, 3>>(int, T2, T3)",39552.0,384.0,2880.0,0.69,0.1
"void <unnamed>::elementwise_kernel_with_index<int, at::arange_cuda_out(const c10::Scalar &, const c10::Scalar &, const c10::Scalar &, at::Tensor &)::[lambda() (instance 1)]::operator ()() const::[lambda() (instance 4)]::operator ()() const::[lambda(long) (instance 1)]>(T1, T2, function_traits<T2>::result_type *)",3456.0,640.0,2304.0,0.09,0.0
"void at::vectorized_elementwise_kernel<2, at::CUDAFunctor_add<long>, std::array<char *, 3>>(int, T2, T3)",7040.0,128.0,3072.0,0.12,0.03
"void at::vectorized_elementwise_kernel<2, at::CUDAFunctorOnSelf_add<long>, std::array<char *, 2>>(int, T2, T3)",6400.0,384.0,3136.0,0.11,0.02
"void at::index_elementwise_kernel<128, 4, void at::index_copy_kernel_impl<at::OpaqueType<2>>(at::TensorIterator &, long, long, long)::[lambda(int) (instance 1)]>(long, T3)",38784.0,13056.0,5824.0,0.44,0.46
"void at::index_elementwise_kernel<128, 4, void at::index_copy_kernel_impl<at::OpaqueType<2>>(at::TensorIterator &, long, long, long)::[lambda(int) (instance 1)]>(long, T3)",38784.0,7936.0,5824.0,0.4,0.46
"void at::elementwise_kernel<128, 4, void at::gpu_kernel_impl_nocast<at::direct_copy_kernel_cuda(at::TensorIteratorBase &)::[lambda() (instance 3)]::operator ()() const::[lambda() (instance 10)]::operator ()() const::[lambda(c10::Half) (instance 1)]>(at::TensorIteratorBase &, const T1 &)::[lambda(int) (instance 1)]>(int, T3)",17319808.0,138470272.0,249504.0,30.63,62.12
"void at::elementwise_kernel<128, 4, void at::gpu_kernel_impl_nocast<at::direct_copy_kernel_cuda(at::TensorIteratorBase &)::[lambda() (instance 3)]::operator ()() const::[lambda() (instance 10)]::operator ()() const::[lambda(c10::Half) (instance 1)]>(at::TensorIteratorBase &, const T1 &)::[lambda(int) (instance 1)]>(int, T3)",17319808.0,138428672.0,248224.0,30.78,62.07
"void at::vectorized_elementwise_kernel<4, at::FillFunctor<c10::Half>, std::array<char *, 1>>(int, T2, T3)",4608.0,512.0,2336.0,0.11,0.01
"void at::vectorized_elementwise_kernel<4, at::FillFunctor<c10::Half>, std::array<char *, 1>>(int, T2, T3)",4480.0,384.0,2400.0,0.1,0.01
"void at::elementwise_kernel<128, 4, void at::gpu_kernel_impl_nocast<at::<unnamed>::where_kernel_impl(at::TensorIterator &)::[lambda() (instance 1)]::operator ()() const::[lambda() (instance 2)]::operator ()() const::[lambda(bool, c10::Half, c10::Half) (instance 1)]>(at::TensorIteratorBase &, const T1 &)::[lambda(int) (instance 1)]>(int, T3)",23168.0,56448.0,4736.0,0.83,1.87
"fmha_cutlassF_f16_aligned_64x64_rf_sm80(PyTorchMemEffAttention::AttentionKernel<cutlass::half_t, arch::Sm80, 1, 64, 64, 64, 1, 1>::Params)",277077760.0,19102080.0,317920.0,45.7,52.76
ampere_fp16_s16816gemm_fp16_128x64_ldg8_f2f_stages_32x6_tn,8535296.0,1218944.0,11392.0,42.1,15.38
"void cublasLt::splitKreduce_kernel<32, 16, int, __half, __half, float, __half, 0, __half, __half, __half, 1, 0, 0>(cublasLt::cublasSplitKParams<T6>, const T4 *, const T10 *, T9 *, T5 *, const T6 *, const T6 *, const T11 *, const T4 *, T11 *, void *, long, T6 *, int *, T6 *, T6 *, const T6 *, const T6 *, const T6 *, const T6 *, const T6 *)",533376.0,242816.0,4032.0,9.53,9.61
"void at::vectorized_elementwise_kernel<4, at::CUDAFunctor_add<c10::Half>, std::array<char *, 3>>(int, T2, T3)",269056.0,52480.0,2912.0,5.47,0.83
"void at::unrolled_elementwise_kernel<at::direct_copy_kernel_cuda(at::TensorIteratorBase &)::[lambda() (instance 3)]::operator ()() const::[lambda() (instance 7)]::operator ()() const::[lambda(float) (instance 1)], std::array<char *, 2>, 4, TrivialOffsetCalculator<1, unsigned int>, TrivialOffsetCalculator<1, unsigned int>, memory::LoadWithCast<1>, memory::StoreWithCast<1>>(int, T1, T2, T4, T5, T6, T7)",163712.0,184064.0,5728.0,2.99,2.99
"void at::vectorized_elementwise_kernel<4, void at::<unnamed>::pow_tensor_scalar_kernel_impl<float, float>(at::TensorIteratorBase &, T2)::[lambda(float) (instance 1)], std::array<char *, 2>>(int, T2, T3)",267392.0,242048.0,3072.0,8.2,0.45
"void at::reduce_kernel<512, 1, at::ReduceOp<float, at::MeanOps<float, float, float, float>, unsigned int, float, 4, 4>>(T3)",313856.0,64512.0,13216.0,1.41,0.14
"void at::vectorized_elementwise_kernel<4, at::CUDAFunctorOnSelf_add<float>, std::array<char *, 2>>(int, T2, T3)",5376.0,128.0,2624.0,0.1,0.02
"void at::vectorized_elementwise_kernel<4, at::rsqrt_kernel_cuda(at::TensorIteratorBase &)::[lambda() (instance 2)]::operator ()() const::[lambda() (instance 2)]::operator ()() const::[lambda(float) (instance 1)], std::array<char *, 2>>(int, T2, T3)",7040.0,640.0,3008.0,0.13,0.04
"void at::elementwise_kernel<128, 2, void at::gpu_kernel_impl_nocast<at::BinaryFunctor<float, float, float, binary_internal::MulFunctor<float>>>(at::TensorIteratorBase &, const T1 &)::[lambda(int) (instance 1)]>(int, T3)",273792.0,226688.0,4672.0,5.33,3.71
"void at::vectorized_elementwise_kernel<4, at::float16_copy_kernel_cuda(at::TensorIteratorBase &)::[lambda(float) (instance 1)], std::array<char *, 2>>(int, T2, T3)",267648.0,115584.0,3072.0,6.17,0.4
"void at::elementwise_kernel<128, 4, void at::gpu_kernel_impl_nocast<at::BinaryFunctor<c10::Half, c10::Half, c10::Half, binary_internal::MulFunctor<float>>>(at::TensorIteratorBase &, const T1 &)::[lambda(int) (instance 1)]>(int, T3)",155392.0,152704.0,5632.0,2.71,2.93
ampere_fp16_s16816gemm_fp16_64x64_sliced1x2_ldg8_f2f_stages_64x5_tn,23214848.0,7073792.0,23296.0,63.84,20.61
"void at::vectorized_elementwise_kernel<4, at::<unnamed>::silu_kernel(at::TensorIteratorBase &)::[lambda() (instance 1)]::operator ()() const::[lambda() (instance 5)]::operator ()() const::[lambda(c10::Half) (instance 1)], std::array<char *, 2>>(int, T2, T3)",374272.0,215040.0,3936.0,7.42,5.87
ampere_fp16_s16816gemm_fp16_64x64_sliced1x2_ldg8_f2f_stages_64x5_tn,23215104.0,7074048.0,23104.0,64.41,20.79
"void at::vectorized_elementwise_kernel<4, at::BinaryFunctor<c10::Half, c10::Half, c10::Half, binary_internal::MulFunctor<float>>, std::array<char *, 3>>(int, T2, T3)",727808.0,206336.0,3680.0,12.53,1.79
ampere_fp16_s16816gemm_fp16_128x64_ldg8_f2f_stages_32x6_tn,23444736.0,9031936.0,24288.0,65.72,19.76
"void cublasLt::splitKreduce_kernel<32, 16, int, __half, __half, float, __half, 0, __half, __half, __half, 1, 0, 0>(cublasLt::cublasSplitKParams<T6>, const T4 *, const T10 *, T9 *, T5 *, const T6 *, const T6 *, const T11 *, const T4 *, T11 *, void *, long, T6 *, int *, T6 *, T6 *, const T6 *, const T6 *, const T6 *, const T6 *, const T6 *)",795392.0,260352.0,5152.0,10.12,8.76
"void at::vectorized_elementwise_kernel<4, at::CUDAFunctor_add<c10::Half>, std::array<char *, 3>>(int, T2, T3)",269056.0,41600.0,3072.0,5.07,0.78
"void at::unrolled_elementwise_kernel<at::direct_copy_kernel_cuda(at::TensorIteratorBase &)::[lambda() (instance 3)]::operator ()() const::[lambda() (instance 7)]::operator ()() const::[lambda(float) (instance 1)], std::array<char *, 2>, 4, TrivialOffsetCalculator<1, unsigned int>, TrivialOffsetCalculator<1, unsigned int>, memory::LoadWithCast<1>, memory::StoreWithCast<1>>(int, T1, T2, T4, T5, T6, T7)",163712.0,109952.0,5728.0,2.38,2.99
"void at::vectorized_elementwise_kernel<4, void at::<unnamed>::pow_tensor_scalar_kernel_impl<float, float>(at::TensorIteratorBase &, T2)::[lambda(float) (instance 1)], std::array<char *, 2>>(int, T2, T3)",267392.0,131968.0,3008.0,6.61,0.46
"void at::reduce_kernel<512, 1, at::ReduceOp<float, at::MeanOps<float, float, float, float>, unsigned int, float, 4, 4>>(T3)",313728.0,24192.0,13376.0,1.24,0.14
"void at::vectorized_elementwise_kernel<4, at::CUDAFunctorOnSelf_add<float>, std::array<char *, 2>>(int, T2, T3)",5888.0,768.0,2624.0,0.13,0.02
"void at::vectorized_elementwise_kernel<4, at::rsqrt_kernel_cuda(at::TensorIteratorBase &)::[lambda() (instance 2)]::operator ()() const::[lambda() (instance 2)]::operator ()() const::[lambda(float) (instance 1)], std::array<char *, 2>>(int, T2, T3)",6912.0,384.0,2944.0,0.12,0.04
"void at::elementwise_kernel<128, 2, void at::gpu_kernel_impl_nocast<at::BinaryFunctor<float, float, float, binary_internal::MulFunctor<float>>>(at::TensorIteratorBase &, const T1 &)::[lambda(int) (instance 1)]>(int, T3)",273920.0,143360.0,4672.0,4.41,3.69
"void at::vectorized_elementwise_kernel<4, at::float16_copy_kernel_cuda(at::TensorIteratorBase &)::[lambda(float) (instance 1)], std::array<char *, 2>>(int, T2, T3)",267904.0,76288.0,3072.0,5.66,0.41
"void at::elementwise_kernel<128, 4, void at::gpu_kernel_impl_nocast<at::BinaryFunctor<c10::Half, c10::Half, c10::Half, binary_internal::MulFunctor<float>>>(at::TensorIteratorBase &, const T1 &)::[lambda(int) (instance 1)]>(int, T3)",155520.0,72192.0,5760.0,1.95,2.85
ampere_fp16_s16816gemm_fp16_128x64_ldg8_f2f_stages_32x6_tn,8535168.0,1040000.0,11392.0,41.39,15.33
"void cublasLt::splitKreduce_kernel<32, 16, int, __half, __half, float, __half, 0, __half, __half, __half, 1, 0, 0>(cublasLt::cublasSplitKParams<T6>, const T4 *, const T10 *, T9 *, T5 *, const T6 *, const T6 *, const T11 *, const T4 *, T11 *, void *, long, T6 *, int *, T6 *, T6 *, const T6 *, const T6 *, const T6 *, const T6 *, const T6 *)",533248.0,257408.0,4032.0,9.66,9.51
void cutlass::Kernel2<cutlass_80_wmma_tensorop_s161616gemm_f16_32x32_128x2_tn_align8>(T1::Params),1194112.0,288512.0,6048.0,12.13,5.01
"void cublasLt::splitKreduce_kernel<32, 16, int, float, __half, float, __half, 0, __half, __half, __half, 1, 0, 0>(cublasLt::cublasSplitKParams<T6>, const T4 *, const T10 *, T9 *, T5 *, const T6 *, const T6 *, const T11 *, const T4 *, T11 *, void *, long, T6 *, int *, T6 *, T6 *, const T6 *, const T6 *, const T6 *, const T6 *, const T6 *)",270592.0,125824.0,3488.0,5.63,1.49
void cutlass::Kernel2<cutlass_80_wmma_tensorop_s161616gemm_f16_32x32_128x2_tn_align8>(T1::Params),1194112.0,300288.0,6112.0,12.1,4.95
"void cublasLt::splitKreduce_kernel<32, 16, int, float, __half, float, __half, 0, __half, __half, __half, 1, 0, 0>(cublasLt::cublasSplitKParams<T6>, const T4 *, const T10 *, T9 *, T5 *, const T6 *, const T6 *, const T11 *, const T4 *, T11 *, void *, long, T6 *, int *, T6 *, T6 *, const T6 *, const T6 *, const T6 *, const T6 *, const T6 *)",270720.0,123136.0,3808.0,5.14,1.37
"void at::elementwise_kernel<128, 4, void at::gpu_kernel_impl_nocast<at::BinaryFunctor<c10::Half, c10::Half, c10::Half, binary_internal::MulFunctor<float>>>(at::TensorIteratorBase &, const T1 &)::[lambda(int) (instance 1)]>(int, T3)",155520.0,87680.0,5760.0,2.09,3.44
"void at::elementwise_kernel<128, 4, void at::gpu_kernel_impl_nocast<at::neg_kernel_cuda(at::TensorIteratorBase &)::[lambda() (instance 2)]::operator ()() const::[lambda() (instance 8)]::operator ()() const::[lambda(c10::Half) (instance 1)]>(at::TensorIteratorBase &, const T1 &)::[lambda(int) (instance 1)]>(int, T3)",83968.0,35584.0,5344.0,1.1,1.27
"void at::<unnamed>::CatArrayBatchedCopy<at::<unnamed>::OpaqueType<2>, unsigned int, 4, 64, 64>(T1 *, at::<unnamed>::CatArrInputTensorMetadata<T1, T2, T4, T5>, at::<unnamed>::TensorSizeStride<T2, 4>, int, T2)",138624.0,201728.0,6880.0,2.44,12.65
"void at::elementwise_kernel<128, 4, void at::gpu_kernel_impl_nocast<at::BinaryFunctor<c10::Half, c10::Half, c10::Half, binary_internal::MulFunctor<float>>>(at::TensorIteratorBase &, const T1 &)::[lambda(int) (instance 1)]>(int, T3)",155520.0,124288.0,5792.0,2.39,3.43
"void at::vectorized_elementwise_kernel<4, at::CUDAFunctor_add<c10::Half>, std::array<char *, 3>>(int, T2, T3)",269056.0,93440.0,3232.0,5.55,0.74
"void at::elementwise_kernel<128, 4, void at::gpu_kernel_impl_nocast<at::BinaryFunctor<c10::Half, c10::Half, c10::Half, binary_internal::MulFunctor<float>>>(at::TensorIteratorBase &, const T1 &)::[lambda(int) (instance 1)]>(int, T3)",40960.0,2432.0,5600.0,0.38,0.44
"void at::elementwise_kernel<128, 4, void at::gpu_kernel_impl_nocast<at::neg_kernel_cuda(at::TensorIteratorBase &)::[lambda() (instance 2)]::operator ()() const::[lambda() (instance 8)]::operator ()() const::[lambda(c10::Half) (instance 1)]>(at::TensorIteratorBase &, const T1 &)::[lambda(int) (instance 1)]>(int, T3)",26624.0,16640.0,5472.0,0.39,0.15
"void at::<unnamed>::CatArrayBatchedCopy<at::<unnamed>::OpaqueType<2>, unsigned int, 4, 64, 64>(T1 *, at::<unnamed>::CatArrInputTensorMetadata<T1, T2, T4, T5>, at::<unnamed>::TensorSizeStride<T2, 4>, int, T2)",23808.0,22272.0,6624.0,0.34,4.39
"void at::elementwise_kernel<128, 4, void at::gpu_kernel_impl_nocast<at::BinaryFunctor<c10::Half, c10::Half, c10::Half, binary_internal::MulFunctor<float>>>(at::TensorIteratorBase &, const T1 &)::[lambda(int) (instance 1)]>(int, T3)",40704.0,1536.0,5504.0,0.38,0.45
"void at::vectorized_elementwise_kernel<4, at::CUDAFunctor_add<c10::Half>, std::array<char *, 3>>(int, T2, T3)",39552.0,2944.0,2816.0,0.76,0.11
"void <unnamed>::elementwise_kernel_with_index<int, at::arange_cuda_out(const c10::Scalar &, const c10::Scalar &, const c10::Scalar &, at::Tensor &)::[lambda() (instance 1)]::operator ()() const::[lambda() (instance 4)]::operator ()() const::[lambda(long) (instance 1)]>(T1, T2, function_traits<T2>::result_type *)",3200.0,384.0,2304.0,0.08,0.0
"void at::vectorized_elementwise_kernel<2, at::CUDAFunctor_add<long>, std::array<char *, 3>>(int, T2, T3)",7040.0,768.0,2784.0,0.14,0.04
"void at::vectorized_elementwise_kernel<2, at::CUDAFunctorOnSelf_add<long>, std::array<char *, 2>>(int, T2, T3)",6784.0,640.0,2720.0,0.14,0.03
"void at::index_elementwise_kernel<128, 4, void at::index_copy_kernel_impl<at::OpaqueType<2>>(at::TensorIterator &, long, long, long)::[lambda(int) (instance 1)]>(long, T3)",38656.0,10496.0,5856.0,0.41,0.46
"void at::index_elementwise_kernel<128, 4, void at::index_copy_kernel_impl<at::OpaqueType<2>>(at::TensorIterator &, long, long, long)::[lambda(int) (instance 1)]>(long, T3)",38784.0,22400.0,5824.0,0.52,0.46
"void at::elementwise_kernel<128, 4, void at::gpu_kernel_impl_nocast<at::direct_copy_kernel_cuda(at::TensorIteratorBase &)::[lambda() (instance 3)]::operator ()() const::[lambda() (instance 10)]::operator ()() const::[lambda(c10::Half) (instance 1)]>(at::TensorIteratorBase &, const T1 &)::[lambda(int) (instance 1)]>(int, T3)",17320320.0,138375168.0,248320.0,30.75,62.04
"void at::elementwise_kernel<128, 4, void at::gpu_kernel_impl_nocast<at::direct_copy_kernel_cuda(at::TensorIteratorBase &)::[lambda() (instance 3)]::operator ()() const::[lambda() (instance 10)]::operator ()() const::[lambda(c10::Half) (instance 1)]>(at::TensorIteratorBase &, const T1 &)::[lambda(int) (instance 1)]>(int, T3)",17320064.0,138622848.0,249632.0,30.64,62.07
"void at::vectorized_elementwise_kernel<4, at::FillFunctor<c10::Half>, std::array<char *, 1>>(int, T2, T3)",4480.0,384.0,2592.0,0.09,0.01
"void at::vectorized_elementwise_kernel<4, at::FillFunctor<c10::Half>, std::array<char *, 1>>(int, T2, T3)",4608.0,2304.0,2336.0,0.15,0.01
"void at::elementwise_kernel<128, 4, void at::gpu_kernel_impl_nocast<at::<unnamed>::where_kernel_impl(at::TensorIterator &)::[lambda() (instance 1)]::operator ()() const::[lambda() (instance 2)]::operator ()() const::[lambda(bool, c10::Half, c10::Half) (instance 1)]>(at::TensorIteratorBase &, const T1 &)::[lambda(int) (instance 1)]>(int, T3)",23296.0,46976.0,4576.0,0.76,1.93
"fmha_cutlassF_f16_aligned_64x64_rf_sm80(PyTorchMemEffAttention::AttentionKernel<cutlass::half_t, arch::Sm80, 1, 64, 64, 64, 1, 1>::Params)",277076864.0,19137664.0,316800.0,45.86,52.95
ampere_fp16_s16816gemm_fp16_128x64_ldg8_f2f_stages_32x6_tn,8535040.0,1188096.0,11424.0,41.95,15.29
"void cublasLt::splitKreduce_kernel<32, 16, int, __half, __half, float, __half, 0, __half, __half, __half, 1, 0, 0>(cublasLt::cublasSplitKParams<T6>, const T4 *, const T10 *, T9 *, T5 *, const T6 *, const T6 *, const T11 *, const T4 *, T11 *, void *, long, T6 *, int *, T6 *, T6 *, const T6 *, const T6 *, const T6 *, const T6 *, const T6 *)",533248.0,242176.0,4096.0,9.45,9.43
"void at::vectorized_elementwise_kernel<4, at::CUDAFunctor_add<c10::Half>, std::array<char *, 3>>(int, T2, T3)",269056.0,70016.0,3040.0,5.51,0.79
"void at::unrolled_elementwise_kernel<at::direct_copy_kernel_cuda(at::TensorIteratorBase &)::[lambda() (instance 3)]::operator ()() const::[lambda() (instance 7)]::operator ()() const::[lambda(float) (instance 1)], std::array<char *, 2>, 4, TrivialOffsetCalculator<1, unsigned int>, TrivialOffsetCalculator<1, unsigned int>, memory::LoadWithCast<1>, memory::StoreWithCast<1>>(int, T1, T2, T4, T5, T6, T7)",163840.0,112256.0,6336.0,2.16,2.71
"void at::vectorized_elementwise_kernel<4, void at::<unnamed>::pow_tensor_scalar_kernel_impl<float, float>(at::TensorIteratorBase &, T2)::[lambda(float) (instance 1)], std::array<char *, 2>>(int, T2, T3)",267392.0,188160.0,3040.0,7.39,0.45
"void at::reduce_kernel<512, 1, at::ReduceOp<float, at::MeanOps<float, float, float, float>, unsigned int, float, 4, 4>>(T3)",313728.0,55552.0,13376.0,1.36,0.14
"void at::vectorized_elementwise_kernel<4, at::CUDAFunctorOnSelf_add<float>, std::array<char *, 2>>(int, T2, T3)",5504.0,640.0,2624.0,0.12,0.02
"void at::vectorized_elementwise_kernel<4, at::rsqrt_kernel_cuda(at::TensorIteratorBase &)::[lambda() (instance 2)]::operator ()() const::[lambda() (instance 2)]::operator ()() const::[lambda(float) (instance 1)], std::array<char *, 2>>(int, T2, T3)",7168.0,384.0,3040.0,0.12,0.04
"void at::elementwise_kernel<128, 2, void at::gpu_kernel_impl_nocast<at::BinaryFunctor<float, float, float, binary_internal::MulFunctor<float>>>(at::TensorIteratorBase &, const T1 &)::[lambda(int) (instance 1)]>(int, T3)",273920.0,181376.0,4640.0,4.89,3.75
"void at::vectorized_elementwise_kernel<4, at::float16_copy_kernel_cuda(at::TensorIteratorBase &)::[lambda(float) (instance 1)], std::array<char *, 2>>(int, T2, T3)",267776.0,98432.0,2976.0,6.06,0.41
"void at::elementwise_kernel<128, 4, void at::gpu_kernel_impl_nocast<at::BinaryFunctor<c10::Half, c10::Half, c10::Half, binary_internal::MulFunctor<float>>>(at::TensorIteratorBase &, const T1 &)::[lambda(int) (instance 1)]>(int, T3)",155392.0,86400.0,5728.0,2.08,2.86
ampere_fp16_s16816gemm_fp16_64x64_sliced1x2_ldg8_f2f_stages_64x5_tn,23215104.0,7006848.0,23552.0,63.08,20.38
"void at::vectorized_elementwise_kernel<4, at::<unnamed>::silu_kernel(at::TensorIteratorBase &)::[lambda() (instance 1)]::operator ()() const::[lambda() (instance 5)]::operator ()() const::[lambda(c10::Half) (instance 1)], std::array<char *, 2>>(int, T2, T3)",374144.0,194560.0,3968.0,7.1,5.83
ampere_fp16_s16816gemm_fp16_64x64_sliced1x2_ldg8_f2f_stages_64x5_tn,23215104.0,7232256.0,23776.0,62.93,20.09
"void at::vectorized_elementwise_kernel<4, at::BinaryFunctor<c10::Half, c10::Half, c10::Half, binary_internal::MulFunctor<float>>, std::array<char *, 3>>(int, T2, T3)",727808.0,200448.0,3552.0,13.02,1.86
ampere_fp16_s16816gemm_fp16_128x64_ldg8_f2f_stages_32x6_tn,23444480.0,9317504.0,24704.0,65.13,19.41
"void cublasLt::splitKreduce_kernel<32, 16, int, __half, __half, float, __half, 0, __half, __half, __half, 1, 0, 0>(cublasLt::cublasSplitKParams<T6>, const T4 *, const T10 *, T9 *, T5 *, const T6 *, const T6 *, const T11 *, const T4 *, T11 *, void *, long, T6 *, int *, T6 *, T6 *, const T6 *, const T6 *, const T6 *, const T6 *, const T6 *)",795392.0,281984.0,5312.0,10.06,8.45
"void at::vectorized_elementwise_kernel<4, at::CUDAFunctor_add<c10::Half>, std::array<char *, 3>>(int, T2, T3)",268928.0,61056.0,3072.0,5.34,0.78
"void at::unrolled_elementwise_kernel<at::direct_copy_kernel_cuda(at::TensorIteratorBase &)::[lambda() (instance 3)]::operator ()() const::[lambda() (instance 7)]::operator ()() const::[lambda(float) (instance 1)], std::array<char *, 2>, 4, TrivialOffsetCalculator<1, unsigned int>, TrivialOffsetCalculator<1, unsigned int>, memory::LoadWithCast<1>, memory::StoreWithCast<1>>(int, T1, T2, T4, T5, T6, T7)",163968.0,103936.0,5984.0,2.21,2.86
"void at::vectorized_elementwise_kernel<4, void at::<unnamed>::pow_tensor_scalar_kernel_impl<float, float>(at::TensorIteratorBase &, T2)::[lambda(float) (instance 1)], std::array<char *, 2>>(int, T2, T3)",267392.0,143232.0,3040.0,6.72,0.45
"void at::reduce_kernel<512, 1, at::ReduceOp<float, at::MeanOps<float, float, float, float>, unsigned int, float, 4, 4>>(T3)",313856.0,76672.0,13216.0,1.45,0.14
"void at::vectorized_elementwise_kernel<4, at::CUDAFunctorOnSelf_add<float>, std::array<char *, 2>>(int, T2, T3)",5376.0,640.0,2688.0,0.11,0.02
"void at::vectorized_elementwise_kernel<4, at::rsqrt_kernel_cuda(at::TensorIteratorBase &)::[lambda() (instance 2)]::operator ()() const::[lambda() (instance 2)]::operator ()() const::[lambda(float) (instance 1)], std::array<char *, 2>>(int, T2, T3)",7040.0,640.0,3072.0,0.12,0.03
"void at::elementwise_kernel<128, 2, void at::gpu_kernel_impl_nocast<at::BinaryFunctor<float, float, float, binary_internal::MulFunctor<float>>>(at::TensorIteratorBase &, const T1 &)::[lambda(int) (instance 1)]>(int, T3)",273920.0,158848.0,4448.0,4.85,3.91
"void at::vectorized_elementwise_kernel<4, at::float16_copy_kernel_cuda(at::TensorIteratorBase &)::[lambda(float) (instance 1)], std::array<char *, 2>>(int, T2, T3)",267648.0,106752.0,3136.0,5.95,0.39
"void at::elementwise_kernel<128, 4, void at::gpu_kernel_impl_nocast<at::BinaryFunctor<c10::Half, c10::Half, c10::Half, binary_internal::MulFunctor<float>>>(at::TensorIteratorBase &, const T1 &)::[lambda(int) (instance 1)]>(int, T3)",155520.0,91136.0,5792.0,2.1,2.83
ampere_fp16_s16816gemm_fp16_128x64_ldg8_f2f_stages_32x6_tn,8535168.0,1159680.0,11584.0,41.15,15.16
"void cublasLt::splitKreduce_kernel<32, 16, int, __half, __half, float, __half, 0, __half, __half, __half, 1, 0, 0>(cublasLt::cublasSplitKParams<T6>, const T4 *, const T10 *, T9 *, T5 *, const T6 *, const T6 *, const T11 *, const T4 *, T11 *, void *, long, T6 *, int *, T6 *, T6 *, const T6 *, const T6 *, const T6 *, const T6 *, const T6 *)",533376.0,242560.0,4032.0,9.59,9.56
void cutlass::Kernel2<cutlass_80_wmma_tensorop_s161616gemm_f16_32x32_128x2_tn_align8>(T1::Params),1194240.0,463360.0,6016.0,13.51,5.03
"void cublasLt::splitKreduce_kernel<32, 16, int, float, __half, float, __half, 0, __half, __half, __half, 1, 0, 0>(cublasLt::cublasSplitKParams<T6>, const T4 *, const T10 *, T9 *, T5 *, const T6 *, const T6 *, const T11 *, const T4 *, T11 *, void *, long, T6 *, int *, T6 *, T6 *, const T6 *, const T6 *, const T6 *, const T6 *, const T6 *)",270592.0,135552.0,3616.0,5.52,1.45
void cutlass::Kernel2<cutlass_80_wmma_tensorop_s161616gemm_f16_32x32_128x2_tn_align8>(T1::Params),1193984.0,265728.0,5920.0,12.17,5.13
"void cublasLt::splitKreduce_kernel<32, 16, int, float, __half, float, __half, 0, __half, __half, __half, 1, 0, 0>(cublasLt::cublasSplitKParams<T6>, const T4 *, const T10 *, T9 *, T5 *, const T6 *, const T6 *, const T11 *, const T4 *, T11 *, void *, long, T6 *, int *, T6 *, T6 *, const T6 *, const T6 *, const T6 *, const T6 *, const T6 *)",270720.0,129792.0,3552.0,5.57,1.47
"void at::elementwise_kernel<128, 4, void at::gpu_kernel_impl_nocast<at::BinaryFunctor<c10::Half, c10::Half, c10::Half, binary_internal::MulFunctor<float>>>(at::TensorIteratorBase &, const T1 &)::[lambda(int) (instance 1)]>(int, T3)",155648.0,98688.0,5792.0,2.18,3.41
"void at::elementwise_kernel<128, 4, void at::gpu_kernel_impl_nocast<at::neg_kernel_cuda(at::TensorIteratorBase &)::[lambda() (instance 2)]::operator ()() const::[lambda() (instance 8)]::operator ()() const::[lambda(c10::Half) (instance 1)]>(at::TensorIteratorBase &, const T1 &)::[lambda(int) (instance 1)]>(int, T3)",83840.0,21248.0,5472.0,0.95,1.24
"void at::<unnamed>::CatArrayBatchedCopy<at::<unnamed>::OpaqueType<2>, unsigned int, 4, 64, 64>(T1 *, at::<unnamed>::CatArrInputTensorMetadata<T1, T2, T4, T5>, at::<unnamed>::TensorSizeStride<T2, 4>, int, T2)",138752.0,190080.0,6976.0,2.33,12.49
"void at::elementwise_kernel<128, 4, void at::gpu_kernel_impl_nocast<at::BinaryFunctor<c10::Half, c10::Half, c10::Half, binary_internal::MulFunctor<float>>>(at::TensorIteratorBase &, const T1 &)::[lambda(int) (instance 1)]>(int, T3)",155520.0,115584.0,5760.0,2.33,3.45
"void at::vectorized_elementwise_kernel<4, at::CUDAFunctor_add<c10::Half>, std::array<char *, 3>>(int, T2, T3)",268928.0,119296.0,3040.0,6.32,0.79
"void at::elementwise_kernel<128, 4, void at::gpu_kernel_impl_nocast<at::BinaryFunctor<c10::Half, c10::Half, c10::Half, binary_internal::MulFunctor<float>>>(at::TensorIteratorBase &, const T1 &)::[lambda(int) (instance 1)]>(int, T3)",40832.0,3584.0,5600.0,0.39,0.44
"void at::elementwise_kernel<128, 4, void at::gpu_kernel_impl_nocast<at::neg_kernel_cuda(at::TensorIteratorBase &)::[lambda() (instance 2)]::operator ()() const::[lambda() (instance 8)]::operator ()() const::[lambda(c10::Half) (instance 1)]>(at::TensorIteratorBase &, const T1 &)::[lambda(int) (instance 1)]>(int, T3)",26496.0,15744.0,5120.0,0.4,0.17
"void at::<unnamed>::CatArrayBatchedCopy<at::<unnamed>::OpaqueType<2>, unsigned int, 4, 64, 64>(T1 *, at::<unnamed>::CatArrInputTensorMetadata<T1, T2, T4, T5>, at::<unnamed>::TensorSizeStride<T2, 4>, int, T2)",23936.0,21248.0,6592.0,0.34,4.39
"void at::elementwise_kernel<128, 4, void at::gpu_kernel_impl_nocast<at::BinaryFunctor<c10::Half, c10::Half, c10::Half, binary_internal::MulFunctor<float>>>(at::TensorIteratorBase &, const T1 &)::[lambda(int) (instance 1)]>(int, T3)",40832.0,1792.0,5440.0,0.38,0.45
"void at::vectorized_elementwise_kernel<4, at::CUDAFunctor_add<c10::Half>, std::array<char *, 3>>(int, T2, T3)",39680.0,2176.0,2912.0,0.71,0.1
"void <unnamed>::elementwise_kernel_with_index<int, at::arange_cuda_out(const c10::Scalar &, const c10::Scalar &, const c10::Scalar &, at::Tensor &)::[lambda() (instance 1)]::operator ()() const::[lambda() (instance 4)]::operator ()() const::[lambda(long) (instance 1)]>(T1, T2, function_traits<T2>::result_type *)",3328.0,384.0,2336.0,0.08,0.0
"void at::vectorized_elementwise_kernel<2, at::CUDAFunctor_add<long>, std::array<char *, 3>>(int, T2, T3)",7168.0,512.0,2848.0,0.13,0.04
"void at::vectorized_elementwise_kernel<2, at::CUDAFunctorOnSelf_add<long>, std::array<char *, 2>>(int, T2, T3)",6528.0,384.0,2944.0,0.12,0.02
"void at::index_elementwise_kernel<128, 4, void at::index_copy_kernel_impl<at::OpaqueType<2>>(at::TensorIterator &, long, long, long)::[lambda(int) (instance 1)]>(long, T3)",38656.0,8960.0,5760.0,0.41,0.47
"void at::index_elementwise_kernel<128, 4, void at::index_copy_kernel_impl<at::OpaqueType<2>>(at::TensorIterator &, long, long, long)::[lambda(int) (instance 1)]>(long, T3)",38784.0,8448.0,5824.0,0.4,0.46
"void at::elementwise_kernel<128, 4, void at::gpu_kernel_impl_nocast<at::direct_copy_kernel_cuda(at::TensorIteratorBase &)::[lambda() (instance 3)]::operator ()() const::[lambda() (instance 10)]::operator ()() const::[lambda(c10::Half) (instance 1)]>(at::TensorIteratorBase &, const T1 &)::[lambda(int) (instance 1)]>(int, T3)",17320064.0,138400768.0,249312.0,30.64,62.15
"void at::elementwise_kernel<128, 4, void at::gpu_kernel_impl_nocast<at::direct_copy_kernel_cuda(at::TensorIteratorBase &)::[lambda() (instance 3)]::operator ()() const::[lambda() (instance 10)]::operator ()() const::[lambda(c10::Half) (instance 1)]>(at::TensorIteratorBase &, const T1 &)::[lambda(int) (instance 1)]>(int, T3)",17319936.0,138413056.0,248224.0,30.78,62.08
"void at::vectorized_elementwise_kernel<4, at::FillFunctor<c10::Half>, std::array<char *, 1>>(int, T2, T3)",4608.0,512.0,2368.0,0.11,0.01
"void at::vectorized_elementwise_kernel<4, at::FillFunctor<c10::Half>, std::array<char *, 1>>(int, T2, T3)",4480.0,384.0,2400.0,0.1,0.01
"void at::elementwise_kernel<128, 4, void at::gpu_kernel_impl_nocast<at::<unnamed>::where_kernel_impl(at::TensorIterator &)::[lambda() (instance 1)]::operator ()() const::[lambda() (instance 2)]::operator ()() const::[lambda(bool, c10::Half, c10::Half) (instance 1)]>(at::TensorIteratorBase &, const T1 &)::[lambda(int) (instance 1)]>(int, T3)",23296.0,60032.0,4608.0,0.9,1.92
"fmha_cutlassF_f16_aligned_64x64_rf_sm80(PyTorchMemEffAttention::AttentionKernel<cutlass::half_t, arch::Sm80, 1, 64, 64, 64, 1, 1>::Params)",277077760.0,19143424.0,315552.0,46.04,52.91
ampere_fp16_s16816gemm_fp16_128x64_ldg8_f2f_stages_32x6_tn,8535424.0,1138560.0,11488.0,41.39,15.28
"void cublasLt::splitKreduce_kernel<32, 16, int, __half, __half, float, __half, 0, __half, __half, __half, 1, 0, 0>(cublasLt::cublasSplitKParams<T6>, const T4 *, const T10 *, T9 *, T5 *, const T6 *, const T6 *, const T11 *, const T4 *, T11 *, void *, long, T6 *, int *, T6 *, T6 *, const T6 *, const T6 *, const T6 *, const T6 *, const T6 *)",533248.0,249472.0,4000.0,9.67,9.61
"void at::vectorized_elementwise_kernel<4, at::CUDAFunctor_add<c10::Half>, std::array<char *, 3>>(int, T2, T3)",269056.0,54400.0,2848.0,5.64,0.84
"void at::unrolled_elementwise_kernel<at::direct_copy_kernel_cuda(at::TensorIteratorBase &)::[lambda() (instance 3)]::operator ()() const::[lambda() (instance 7)]::operator ()() const::[lambda(float) (instance 1)], std::array<char *, 2>, 4, TrivialOffsetCalculator<1, unsigned int>, TrivialOffsetCalculator<1, unsigned int>, memory::LoadWithCast<1>, memory::StoreWithCast<1>>(int, T1, T2, T4, T5, T6, T7)",163712.0,185472.0,5696.0,3.02,2.98
"void at::vectorized_elementwise_kernel<4, void at::<unnamed>::pow_tensor_scalar_kernel_impl<float, float>(at::TensorIteratorBase &, T2)::[lambda(float) (instance 1)], std::array<char *, 2>>(int, T2, T3)",267520.0,238592.0,3072.0,8.15,0.45
"void at::reduce_kernel<512, 1, at::ReduceOp<float, at::MeanOps<float, float, float, float>, unsigned int, float, 4, 4>>(T3)",313984.0,54400.0,13120.0,1.39,0.14
"void at::vectorized_elementwise_kernel<4, at::CUDAFunctorOnSelf_add<float>, std::array<char *, 2>>(int, T2, T3)",5632.0,384.0,2624.0,0.11,0.02
"void at::vectorized_elementwise_kernel<4, at::rsqrt_kernel_cuda(at::TensorIteratorBase &)::[lambda() (instance 2)]::operator ()() const::[lambda() (instance 2)]::operator ()() const::[lambda(float) (instance 1)], std::array<char *, 2>>(int, T2, T3)",7040.0,768.0,2944.0,0.13,0.04
"void at::elementwise_kernel<128, 2, void at::gpu_kernel_impl_nocast<at::BinaryFunctor<float, float, float, binary_internal::MulFunctor<float>>>(at::TensorIteratorBase &, const T1 &)::[lambda(int) (instance 1)]>(int, T3)",273792.0,246016.0,4544.0,5.65,3.79
"void at::vectorized_elementwise_kernel<4, at::float16_copy_kernel_cuda(at::TensorIteratorBase &)::[lambda(float) (instance 1)], std::array<char *, 2>>(int, T2, T3)",267648.0,115584.0,3008.0,6.39,0.41
"void at::elementwise_kernel<128, 4, void at::gpu_kernel_impl_nocast<at::BinaryFunctor<c10::Half, c10::Half, c10::Half, binary_internal::MulFunctor<float>>>(at::TensorIteratorBase &, const T1 &)::[lambda(int) (instance 1)]>(int, T3)",155648.0,152064.0,5536.0,2.74,2.95
ampere_fp16_s16816gemm_fp16_64x64_sliced1x2_ldg8_f2f_stages_64x5_tn,23214976.0,7050368.0,22976.0,64.72,20.81
"void at::vectorized_elementwise_kernel<4, at::<unnamed>::silu_kernel(at::TensorIteratorBase &)::[lambda() (instance 1)]::operator ()() const::[lambda() (instance 5)]::operator ()() const::[lambda(c10::Half) (instance 1)], std::array<char *, 2>>(int, T2, T3)",374272.0,198656.0,4064.0,6.99,5.7
ampere_fp16_s16816gemm_fp16_64x64_sliced1x2_ldg8_f2f_stages_64x5_tn,23215104.0,7084032.0,23648.0,62.92,20.31
"void at::vectorized_elementwise_kernel<4, at::BinaryFunctor<c10::Half, c10::Half, c10::Half, binary_internal::MulFunctor<float>>, std::array<char *, 3>>(int, T2, T3)",727936.0,218880.0,3488.0,13.44,1.89
ampere_fp16_s16816gemm_fp16_128x64_ldg8_f2f_stages_32x6_tn,23444608.0,8909184.0,24800.0,64.05,19.26
"void cublasLt::splitKreduce_kernel<32, 16, int, __half, __half, float, __half, 0, __half, __half, __half, 1, 0, 0>(cublasLt::cublasSplitKParams<T6>, const T4 *, const T10 *, T9 *, T5 *, const T6 *, const T6 *, const T11 *, const T4 *, T11 *, void *, long, T6 *, int *, T6 *, T6 *, const T6 *, const T6 *, const T6 *, const T6 *, const T6 *)",795520.0,271616.0,5472.0,9.65,8.17
"void at::vectorized_elementwise_kernel<4, at::CUDAFunctor_add<c10::Half>, std::array<char *, 3>>(int, T2, T3)",268928.0,35200.0,3104.0,4.88,0.77
"void at::unrolled_elementwise_kernel<at::direct_copy_kernel_cuda(at::TensorIteratorBase &)::[lambda() (instance 3)]::operator ()() const::[lambda() (instance 7)]::operator ()() const::[lambda(float) (instance 1)], std::array<char *, 2>, 4, TrivialOffsetCalculator<1, unsigned int>, TrivialOffsetCalculator<1, unsigned int>, memory::LoadWithCast<1>, memory::StoreWithCast<1>>(int, T1, T2, T4, T5, T6, T7)",163712.0,123008.0,5728.0,2.47,2.98
"void at::vectorized_elementwise_kernel<4, void at::<unnamed>::pow_tensor_scalar_kernel_impl<float, float>(at::TensorIteratorBase &, T2)::[lambda(float) (instance 1)], std::array<char *, 2>>(int, T2, T3)",267392.0,132864.0,3008.0,6.62,0.46
"void at::reduce_kernel<512, 1, at::ReduceOp<float, at::MeanOps<float, float, float, float>, unsigned int, float, 4, 4>>(T3)",313728.0,25216.0,13280.0,1.26,0.14
"void at::vectorized_elementwise_kernel<4, at::CUDAFunctorOnSelf_add<float>, std::array<char *, 2>>(int, T2, T3)",5632.0,384.0,2656.0,0.11,0.02
"void at::vectorized_elementwise_kernel<4, at::rsqrt_kernel_cuda(at::TensorIteratorBase &)::[lambda() (instance 2)]::operator ()() const::[lambda() (instance 2)]::operator ()() const::[lambda(float) (instance 1)], std::array<char *, 2>>(int, T2, T3)",6912.0,640.0,2944.0,0.13,0.04
"void at::elementwise_kernel<128, 2, void at::gpu_kernel_impl_nocast<at::BinaryFunctor<float, float, float, binary_internal::MulFunctor<float>>>(at::TensorIteratorBase &, const T1 &)::[lambda(int) (instance 1)]>(int, T3)",273920.0,137728.0,4576.0,4.48,3.77
"void at::vectorized_elementwise_kernel<4, at::float16_copy_kernel_cuda(at::TensorIteratorBase &)::[lambda(float) (instance 1)], std::array<char *, 2>>(int, T2, T3)",267648.0,75520.0,3008.0,5.66,0.41
"void at::elementwise_kernel<128, 4, void at::gpu_kernel_impl_nocast<at::BinaryFunctor<c10::Half, c10::Half, c10::Half, binary_internal::MulFunctor<float>>>(at::TensorIteratorBase &, const T1 &)::[lambda(int) (instance 1)]>(int, T3)",155392.0,77184.0,5632.0,2.04,2.93
ampere_fp16_s16816gemm_fp16_128x64_ldg8_f2f_stages_32x6_tn,8535168.0,1028736.0,11392.0,41.33,15.34
"void cublasLt::splitKreduce_kernel<32, 16, int, __half, __half, float, __half, 0, __half, __half, __half, 1, 0, 0>(cublasLt::cublasSplitKParams<T6>, const T4 *, const T10 *, T9 *, T5 *, const T6 *, const T6 *, const T11 *, const T4 *, T11 *, void *, long, T6 *, int *, T6 *, T6 *, const T6 *, const T6 *, const T6 *, const T6 *, const T6 *)",533376.0,249728.0,4032.0,9.58,9.51
void cutlass::Kernel2<cutlass_80_wmma_tensorop_s161616gemm_f16_32x32_128x2_tn_align8>(T1::Params),1193984.0,508672.0,6112.0,13.75,4.94
"void cublasLt::splitKreduce_kernel<32, 16, int, float, __half, float, __half, 0, __half, __half, __half, 1, 0, 0>(cublasLt::cublasSplitKParams<T6>, const T4 *, const T10 *, T9 *, T5 *, const T6 *, const T6 *, const T11 *, const T4 *, T11 *, void *, long, T6 *, int *, T6 *, T6 *, const T6 *, const T6 *, const T6 *, const T6 *, const T6 *)",270720.0,124800.0,3776.0,5.23,1.38
void cutlass::Kernel2<cutlass_80_wmma_tensorop_s161616gemm_f16_32x32_128x2_tn_align8>(T1::Params),1194112.0,389376.0,6208.0,12.7,4.88
"void cublasLt::splitKreduce_kernel<32, 16, int, float, __half, float, __half, 0, __half, __half, __half, 1, 0, 0>(cublasLt::cublasSplitKParams<T6>, const T4 *, const T10 *, T9 *, T5 *, const T6 *, const T6 *, const T11 *, const T4 *, T11 *, void *, long, T6 *, int *, T6 *, T6 *, const T6 *, const T6 *, const T6 *, const T6 *, const T6 *)",270592.0,123776.0,3680.0,5.29,1.41
"void at::elementwise_kernel<128, 4, void at::gpu_kernel_impl_nocast<at::BinaryFunctor<c10::Half, c10::Half, c10::Half, binary_internal::MulFunctor<float>>>(at::TensorIteratorBase &, const T1 &)::[lambda(int) (instance 1)]>(int, T3)",155392.0,77824.0,5536.0,2.07,3.58
"void at::elementwise_kernel<128, 4, void at::gpu_kernel_impl_nocast<at::neg_kernel_cuda(at::TensorIteratorBase &)::[lambda() (instance 2)]::operator ()() const::[lambda() (instance 8)]::operator ()() const::[lambda(c10::Half) (instance 1)]>(at::TensorIteratorBase &, const T1 &)::[lambda(int) (instance 1)]>(int, T3)",83840.0,47744.0,5312.0,1.22,1.28
"void at::<unnamed>::CatArrayBatchedCopy<at::<unnamed>::OpaqueType<2>, unsigned int, 4, 64, 64>(T1 *, at::<unnamed>::CatArrInputTensorMetadata<T1, T2, T4, T5>, at::<unnamed>::TensorSizeStride<T2, 4>, int, T2)",138624.0,203904.0,6816.0,2.47,12.66
"void at::elementwise_kernel<128, 4, void at::gpu_kernel_impl_nocast<at::BinaryFunctor<c10::Half, c10::Half, c10::Half, binary_internal::MulFunctor<float>>>(at::TensorIteratorBase &, const T1 &)::[lambda(int) (instance 1)]>(int, T3)",155392.0,124544.0,5824.0,2.37,3.38
"void at::vectorized_elementwise_kernel<4, at::CUDAFunctor_add<c10::Half>, std::array<char *, 3>>(int, T2, T3)",269056.0,94336.0,3072.0,5.89,0.77
"void at::elementwise_kernel<128, 4, void at::gpu_kernel_impl_nocast<at::BinaryFunctor<c10::Half, c10::Half, c10::Half, binary_internal::MulFunctor<float>>>(at::TensorIteratorBase &, const T1 &)::[lambda(int) (instance 1)]>(int, T3)",40960.0,4480.0,5568.0,0.4,0.45
"void at::elementwise_kernel<128, 4, void at::gpu_kernel_impl_nocast<at::neg_kernel_cuda(at::TensorIteratorBase &)::[lambda() (instance 2)]::operator ()() const::[lambda() (instance 8)]::operator ()() const::[lambda(c10::Half) (instance 1)]>(at::TensorIteratorBase &, const T1 &)::[lambda(int) (instance 1)]>(int, T3)",26496.0,3584.0,5344.0,0.28,0.16
"void at::<unnamed>::CatArrayBatchedCopy<at::<unnamed>::OpaqueType<2>, unsigned int, 4, 64, 64>(T1 *, at::<unnamed>::CatArrInputTensorMetadata<T1, T2, T4, T5>, at::<unnamed>::TensorSizeStride<T2, 4>, int, T2)",23936.0,21632.0,6624.0,0.34,4.37
"void at::elementwise_kernel<128, 4, void at::gpu_kernel_impl_nocast<at::BinaryFunctor<c10::Half, c10::Half, c10::Half, binary_internal::MulFunctor<float>>>(at::TensorIteratorBase &, const T1 &)::[lambda(int) (instance 1)]>(int, T3)",40832.0,1536.0,5536.0,0.38,0.45
"void at::vectorized_elementwise_kernel<4, at::CUDAFunctor_add<c10::Half>, std::array<char *, 3>>(int, T2, T3)",39680.0,1152.0,2880.0,0.7,0.1
"void <unnamed>::elementwise_kernel_with_index<int, at::arange_cuda_out(const c10::Scalar &, const c10::Scalar &, const c10::Scalar &, at::Tensor &)::[lambda() (instance 1)]::operator ()() const::[lambda() (instance 4)]::operator ()() const::[lambda(long) (instance 1)]>(T1, T2, function_traits<T2>::result_type *)",3200.0,128.0,2720.0,0.06,0.0
"void at::vectorized_elementwise_kernel<2, at::CUDAFunctor_add<long>, std::array<char *, 3>>(int, T2, T3)",7040.0,384.0,2816.0,0.13,0.04
"void at::vectorized_elementwise_kernel<2, at::CUDAFunctorOnSelf_add<long>, std::array<char *, 2>>(int, T2, T3)",6400.0,256.0,2944.0,0.11,0.02
"void at::index_elementwise_kernel<128, 4, void at::index_copy_kernel_impl<at::OpaqueType<2>>(at::TensorIterator &, long, long, long)::[lambda(int) (instance 1)]>(long, T3)",38912.0,19456.0,5824.0,0.49,0.46
"void at::index_elementwise_kernel<128, 4, void at::index_copy_kernel_impl<at::OpaqueType<2>>(at::TensorIterator &, long, long, long)::[lambda(int) (instance 1)]>(long, T3)",38656.0,8064.0,5920.0,0.39,0.45
"void at::elementwise_kernel<128, 4, void at::gpu_kernel_impl_nocast<at::direct_copy_kernel_cuda(at::TensorIteratorBase &)::[lambda() (instance 3)]::operator ()() const::[lambda() (instance 10)]::operator ()() const::[lambda(c10::Half) (instance 1)]>(at::TensorIteratorBase &, const T1 &)::[lambda(int) (instance 1)]>(int, T3)",17330432.0,138454144.0,248320.0,30.77,62.05
"void at::elementwise_kernel<128, 4, void at::gpu_kernel_impl_nocast<at::direct_copy_kernel_cuda(at::TensorIteratorBase &)::[lambda() (instance 3)]::operator ()() const::[lambda() (instance 10)]::operator ()() const::[lambda(c10::Half) (instance 1)]>(at::TensorIteratorBase &, const T1 &)::[lambda(int) (instance 1)]>(int, T3)",17319936.0,138505216.0,248224.0,30.79,62.06
"void at::vectorized_elementwise_kernel<4, at::FillFunctor<c10::Half>, std::array<char *, 1>>(int, T2, T3)",4608.0,2304.0,2336.0,0.15,0.01
"void at::vectorized_elementwise_kernel<4, at::FillFunctor<c10::Half>, std::array<char *, 1>>(int, T2, T3)",4480.0,384.0,2336.0,0.1,0.01
"void at::elementwise_kernel<128, 4, void at::gpu_kernel_impl_nocast<at::<unnamed>::where_kernel_impl(at::TensorIterator &)::[lambda() (instance 1)]::operator ()() const::[lambda() (instance 2)]::operator ()() const::[lambda(bool, c10::Half, c10::Half) (instance 1)]>(at::TensorIteratorBase &, const T1 &)::[lambda(int) (instance 1)]>(int, T3)",23168.0,51328.0,4640.0,0.79,1.9
"fmha_cutlassF_f16_aligned_64x64_rf_sm80(PyTorchMemEffAttention::AttentionKernel<cutlass::half_t, arch::Sm80, 1, 64, 64, 64, 1, 1>::Params)",277076864.0,19162496.0,318528.0,45.61,52.68
ampere_fp16_s16816gemm_fp16_128x64_ldg8_f2f_stages_32x6_tn,8535040.0,1027712.0,11424.0,41.28,15.28
"void cublasLt::splitKreduce_kernel<32, 16, int, __half, __half, float, __half, 0, __half, __half, __half, 1, 0, 0>(cublasLt::cublasSplitKParams<T6>, const T4 *, const T10 *, T9 *, T5 *, const T6 *, const T6 *, const T11 *, const T4 *, T11 *, void *, long, T6 *, int *, T6 *, T6 *, const T6 *, const T6 *, const T6 *, const T6 *, const T6 *)",533248.0,245632.0,4224.0,9.12,9.05
"void at::vectorized_elementwise_kernel<4, at::CUDAFunctor_add<c10::Half>, std::array<char *, 3>>(int, T2, T3)",268928.0,58112.0,3136.0,5.18,0.77
"void at::unrolled_elementwise_kernel<at::direct_copy_kernel_cuda(at::TensorIteratorBase &)::[lambda() (instance 3)]::operator ()() const::[lambda() (instance 7)]::operator ()() const::[lambda(float) (instance 1)], std::array<char *, 2>, 4, TrivialOffsetCalculator<1, unsigned int>, TrivialOffsetCalculator<1, unsigned int>, memory::LoadWithCast<1>, memory::StoreWithCast<1>>(int, T1, T2, T4, T5, T6, T7)",163968.0,115200.0,5824.0,2.37,2.92
"void at::vectorized_elementwise_kernel<4, void at::<unnamed>::pow_tensor_scalar_kernel_impl<float, float>(at::TensorIteratorBase &, T2)::[lambda(float) (instance 1)], std::array<char *, 2>>(int, T2, T3)",267392.0,186112.0,3072.0,7.3,0.44
"void at::reduce_kernel<512, 1, at::ReduceOp<float, at::MeanOps<float, float, float, float>, unsigned int, float, 4, 4>>(T3)",313856.0,50304.0,13312.0,1.35,0.14
"void at::vectorized_elementwise_kernel<4, at::CUDAFunctorOnSelf_add<float>, std::array<char *, 2>>(int, T2, T3)",5632.0,384.0,2624.0,0.11,0.02
"void at::vectorized_elementwise_kernel<4, at::rsqrt_kernel_cuda(at::TensorIteratorBase &)::[lambda() (instance 2)]::operator ()() const::[lambda() (instance 2)]::operator ()() const::[lambda(float) (instance 1)], std::array<char *, 2>>(int, T2, T3)",7040.0,512.0,2912.0,0.13,0.04
"void at::elementwise_kernel<128, 2, void at::gpu_kernel_impl_nocast<at::BinaryFunctor<float, float, float, binary_internal::MulFunctor<float>>>(at::TensorIteratorBase &, const T1 &)::[lambda(int) (instance 1)]>(int, T3)",273920.0,171264.0,4544.0,4.87,3.81
"void at::vectorized_elementwise_kernel<4, at::float16_copy_kernel_cuda(at::TensorIteratorBase &)::[lambda(float) (instance 1)], std::array<char *, 2>>(int, T2, T3)",267648.0,104064.0,3008.0,6.22,0.41
"void at::elementwise_kernel<128, 4, void at::gpu_kernel_impl_nocast<at::BinaryFunctor<c10::Half, c10::Half, c10::Half, binary_internal::MulFunctor<float>>>(at::TensorIteratorBase &, const T1 &)::[lambda(int) (instance 1)]>(int, T3)",155392.0,80384.0,5760.0,2.02,2.84
ampere_fp16_s16816gemm_fp16_64x64_sliced1x2_ldg8_f2f_stages_64x5_tn,23214976.0,7446784.0,23200.0,64.96,20.71
"void at::vectorized_elementwise_kernel<4, at::<unnamed>::silu_kernel(at::TensorIteratorBase &)::[lambda() (instance 1)]::operator ()() const::[lambda() (instance 5)]::operator ()() const::[lambda(c10::Half) (instance 1)], std::array<char *, 2>>(int, T2, T3)",374144.0,211584.0,3904.0,7.43,5.92
ampere_fp16_s16816gemm_fp16_64x64_sliced1x2_ldg8_f2f_stages_64x5_tn,23215104.0,7466624.0,23680.0,63.7,20.3
"void at::vectorized_elementwise_kernel<4, at::BinaryFunctor<c10::Half, c10::Half, c10::Half, binary_internal::MulFunctor<float>>, std::array<char *, 3>>(int, T2, T3)",727680.0,197760.0,3584.0,12.84,1.84
ampere_fp16_s16816gemm_fp16_128x64_ldg8_f2f_stages_32x6_tn,23444736.0,9109120.0,24512.0,65.17,19.58
"void cublasLt::splitKreduce_kernel<32, 16, int, __half, __half, float, __half, 0, __half, __half, __half, 1, 0, 0>(cublasLt::cublasSplitKParams<T6>, const T4 *, const T10 *, T9 *, T5 *, const T6 *, const T6 *, const T11 *, const T4 *, T11 *, void *, long, T6 *, int *, T6 *, T6 *, const T6 *, const T6 *, const T6 *, const T6 *, const T6 *)",795392.0,266112.0,5440.0,9.63,8.21
"void at::vectorized_elementwise_kernel<4, at::CUDAFunctor_add<c10::Half>, std::array<char *, 3>>(int, T2, T3)",268928.0,48256.0,3232.0,4.89,0.74
"void at::unrolled_elementwise_kernel<at::direct_copy_kernel_cuda(at::TensorIteratorBase &)::[lambda() (instance 3)]::operator ()() const::[lambda() (instance 7)]::operator ()() const::[lambda(float) (instance 1)], std::array<char *, 2>, 4, TrivialOffsetCalculator<1, unsigned int>, TrivialOffsetCalculator<1, unsigned int>, memory::LoadWithCast<1>, memory::StoreWithCast<1>>(int, T1, T2, T4, T5, T6, T7)",163840.0,104832.0,5984.0,2.23,2.87
"void at::vectorized_elementwise_kernel<4, void at::<unnamed>::pow_tensor_scalar_kernel_impl<float, float>(at::TensorIteratorBase &, T2)::[lambda(float) (instance 1)], std::array<char *, 2>>(int, T2, T3)",267392.0,152832.0,3008.0,6.89,0.45
"void at::reduce_kernel<512, 1, at::ReduceOp<float, at::MeanOps<float, float, float, float>, unsigned int, float, 4, 4>>(T3)",313856.0,66304.0,13376.0,1.4,0.14
"void at::vectorized_elementwise_kernel<4, at::CUDAFunctorOnSelf_add<float>, std::array<char *, 2>>(int, T2, T3)",5376.0,128.0,2624.0,0.1,0.02
"void at::vectorized_elementwise_kernel<4, at::rsqrt_kernel_cuda(at::TensorIteratorBase &)::[lambda() (instance 2)]::operator ()() const::[lambda() (instance 2)]::operator ()() const::[lambda(float) (instance 1)], std::array<char *, 2>>(int, T2, T3)",7040.0,640.0,2912.0,0.13,0.04
"void at::elementwise_kernel<128, 2, void at::gpu_kernel_impl_nocast<at::BinaryFunctor<float, float, float, binary_internal::MulFunctor<float>>>(at::TensorIteratorBase &, const T1 &)::[lambda(int) (instance 1)]>(int, T3)",273792.0,148864.0,4640.0,4.53,3.72
"void at::vectorized_elementwise_kernel<4, at::float16_copy_kernel_cuda(at::TensorIteratorBase &)::[lambda(float) (instance 1)], std::array<char *, 2>>(int, T2, T3)",267776.0,114304.0,3136.0,5.99,0.39
"void at::elementwise_kernel<128, 4, void at::gpu_kernel_impl_nocast<at::BinaryFunctor<c10::Half, c10::Half, c10::Half, binary_internal::MulFunctor<float>>>(at::TensorIteratorBase &, const T1 &)::[lambda(int) (instance 1)]>(int, T3)",155392.0,77440.0,5632.0,2.04,2.92
void cutlass::Kernel2<cutlass_80_tensorop_f16_s16816gemm_relu_f16_128x64_64x3_tn_align8>(T1::Params),131353728.0,2458752.0,95456.0,68.78,28.33
