kernel,dram__bytes_read.sum,dram__bytes_write.sum,gpu__time_duration.sum,dram__throughput.avg.pct_of_peak_sustained_elapsed,sm__throughput.avg.pct_of_peak_sustained_elapsed
"void at::<unnamed>::indexSelectSmallIndex<c10::Half, long, unsigned int, 2, 2, (int)-2>(cuda::TensorInfo<T1, T3>, cuda::TensorInfo<const T1, T3>, cuda::TensorInfo<const T2, T3>, int, int, T3, long)",8576.0,0.0,4224.0,0.1,0.32
"void <unnamed>::elementwise_kernel_with_index<int, at::arange_cuda_out(const c10::Scalar &, const c10::Scalar &, const c10::Scalar &, at::Tensor &)::[lambda() (instance 1)]::operator ()() const::[lambda() (instance 4)]::operator ()() const::[lambda(long) (instance 1)]>(T1, T2, function_traits<T2>::result_type *)",2688.0,0.0,2400.0,0.06,0.0
"void <unnamed>::elementwise_kernel_with_index<int, at::arange_cuda_out(const c10::Scalar &, const c10::Scalar &, const c10::Scalar &, at::Tensor &)::[lambda() (instance 1)]::operator ()() const::[lambda() (instance 4)]::operator ()() const::[lambda(long) (instance 1)]>(T1, T2, function_traits<T2>::result_type *)",2688.0,0.0,2368.0,0.06,0.0
"void <unnamed>::elementwise_kernel_with_index<int, at::arange_cuda_out(const c10::Scalar &, const c10::Scalar &, const c10::Scalar &, at::Tensor &)::[lambda() (instance 1)]::operator ()() const::[lambda() (instance 4)]::operator ()() const::[lambda(long) (instance 1)]>(T1, T2, function_traits<T2>::result_type *)",2688.0,0.0,2432.0,0.06,0.0
"void at::vectorized_elementwise_kernel<2, at::CUDAFunctor_add<long>, std::array<char *, 3>>(int, T2, T3)",6272.0,0.0,3040.0,0.1,0.03
"void <unnamed>::elementwise_kernel_with_index<int, at::arange_cuda_out(const c10::Scalar &, const c10::Scalar &, const c10::Scalar &, at::Tensor &)::[lambda() (instance 1)]::operator ()() const::[lambda() (instance 4)]::operator ()() const::[lambda(long) (instance 1)]>(T1, T2, function_traits<T2>::result_type *)",2688.0,0.0,2240.0,0.06,0.06
"void at::vectorized_elementwise_kernel<2, at::CUDAFunctorOnSelf_add<long>, std::array<char *, 2>>(int, T2, T3)",14208.0,0.0,2784.0,0.25,0.04
"void at::elementwise_kernel<128, 4, void at::gpu_kernel_impl_nocast<at::<unnamed>::CompareFunctor<long>>(at::TensorIteratorBase &, const T1 &)::[lambda(int) (instance 1)]>(int, T3)",29312.0,0.0,5408.0,0.27,0.05
"void at::unrolled_elementwise_kernel<at::direct_copy_kernel_cuda(at::TensorIteratorBase &)::[lambda() (instance 3)]::operator ()() const::[lambda() (instance 7)]::operator ()() const::[lambda(float) (instance 1)], std::array<char *, 2>, 4, TrivialOffsetCalculator<1, unsigned int>, TrivialOffsetCalculator<1, unsigned int>, memory::LoadWithCast<1>, memory::StoreWithCast<1>>(int, T1, T2, T4, T5, T6, T7)",32256.0,0.0,3360.0,0.48,0.01
"void gemmk1_kernel<int, float, 256, 5, 1, 0, 0, 0, cublasGemvTensorStridedBatched<const float>, cublasGemvTensorStridedBatched<const float>, cublasGemvTensorStridedBatched<float>, float, 0>(cublasGemmk1Params<T2, T9, T10, T11, T12, biasType<T11::value_type, T12>::type>)",6144.0,0.0,2880.0,0.11,0.03
"void at::<unnamed>::CatArrayBatchedCopy_vectorized<at::<unnamed>::OpaqueType<4>, unsigned int, 3, 128, 1, 16, 4>(char *, at::<unnamed>::CatArrInputTensorMetadata<T1, T2, T4, T5>, at::<unnamed>::TensorSizeStride<T2, 4>, int, T2)",4224.0,0.0,3712.0,0.06,0.02
"void at::vectorized_elementwise_kernel<4, at::cos_kernel_cuda(at::TensorIteratorBase &)::[lambda() (instance 2)]::operator ()() const::[lambda() (instance 2)]::operator ()() const::[lambda(float) (instance 1)], std::array<char *, 2>>(int, T2, T3)",40192.0,0.0,3424.0,0.58,0.03
"void at::vectorized_elementwise_kernel<4, at::AUnaryFunctor<float, float, float, binary_internal::MulFunctor<float>>, std::array<char *, 2>>(int, T2, T3)",4992.0,0.0,2944.0,0.08,0.02
"void at::vectorized_elementwise_kernel<4, at::sin_kernel_cuda(at::TensorIteratorBase &)::[lambda() (instance 2)]::operator ()() const::[lambda() (instance 2)]::operator ()() const::[lambda(float) (instance 1)], std::array<char *, 2>>(int, T2, T3)",39808.0,0.0,3616.0,0.55,0.03
"void at::vectorized_elementwise_kernel<4, at::AUnaryFunctor<float, float, float, binary_internal::MulFunctor<float>>, std::array<char *, 2>>(int, T2, T3)",4992.0,0.0,2880.0,0.09,0.02
"void at::vectorized_elementwise_kernel<4, at::float16_copy_kernel_cuda(at::TensorIteratorBase &)::[lambda(float) (instance 1)], std::array<char *, 2>>(int, T2, T3)",5248.0,0.0,2784.0,0.09,0.03
"void at::vectorized_elementwise_kernel<4, at::float16_copy_kernel_cuda(at::TensorIteratorBase &)::[lambda(float) (instance 1)], std::array<char *, 2>>(int, T2, T3)",5248.0,0.0,2656.0,0.1,0.03
"void at::unrolled_elementwise_kernel<at::direct_copy_kernel_cuda(at::TensorIteratorBase &)::[lambda() (instance 3)]::operator ()() const::[lambda() (instance 7)]::operator ()() const::[lambda(float) (instance 1)], std::array<char *, 2>, 4, TrivialOffsetCalculator<1, unsigned int>, TrivialOffsetCalculator<1, unsigned int>, memory::LoadWithCast<1>, memory::StoreWithCast<1>>(int, T1, T2, T4, T5, T6, T7)",36224.0,0.0,5440.0,0.33,0.1
"void at::vectorized_elementwise_kernel<4, void at::<unnamed>::pow_tensor_scalar_kernel_impl<float, float>(at::TensorIteratorBase &, T2)::[lambda(float) (instance 1)], std::array<char *, 2>>(int, T2, T3)",12928.0,0.0,2752.0,0.23,0.02
"void at::reduce_kernel<512, 1, at::ReduceOp<float, at::MeanOps<float, float, float, float>, unsigned int, float, 4, 4>>(T3)",59264.0,0.0,5408.0,0.54,0.1
"void at::vectorized_elementwise_kernel<4, at::CUDAFunctorOnSelf_add<float>, std::array<char *, 2>>(int, T2, T3)",4864.0,0.0,2656.0,0.09,0.02
"void at::vectorized_elementwise_kernel<4, at::rsqrt_kernel_cuda(at::TensorIteratorBase &)::[lambda() (instance 2)]::operator ()() const::[lambda() (instance 2)]::operator ()() const::[lambda(float) (instance 1)], std::array<char *, 2>>(int, T2, T3)",6272.0,0.0,2912.0,0.11,0.04
"void at::elementwise_kernel<128, 2, void at::gpu_kernel_impl_nocast<at::BinaryFunctor<float, float, float, binary_internal::MulFunctor<float>>>(at::TensorIteratorBase &, const T1 &)::[lambda(int) (instance 1)]>(int, T3)",19328.0,0.0,3840.0,0.25,0.11
"void at::vectorized_elementwise_kernel<4, at::float16_copy_kernel_cuda(at::TensorIteratorBase &)::[lambda(float) (instance 1)], std::array<char *, 2>>(int, T2, T3)",13184.0,0.0,2816.0,0.23,0.01
"void at::vectorized_elementwise_kernel<4, at::BinaryFunctor<c10::Half, c10::Half, c10::Half, binary_internal::MulFunctor<float>>, std::array<char *, 3>>(int, T2, T3)",14464.0,0.0,2816.0,0.26,0.03
"std::enable_if<!T7, void>::type internal::kernel<int, int, __half, __half, __half, float, 0, 1, 1, 0, 7, 0, cublasGemvParamsEx<int, cublasGemvTensorStridedBatched<const __half>, cublasGemvTensorStridedBatched<const __half>, cublasGemvTensorStridedBatched<__half>, float>>(T13)",8412672.0,0.0,11616.0,35.66,17.02
"std::enable_if<!T7, void>::type internal::kernel<int, int, __half, __half, __half, float, 0, 1, 1, 0, 7, 0, cublasGemvParamsEx<int, cublasGemvTensorStridedBatched<const __half>, cublasGemvTensorStridedBatched<const __half>, cublasGemvTensorStridedBatched<__half>, float>>(T13)",1072640.0,0.0,5600.0,9.48,5.09
"std::enable_if<!T7, void>::type internal::kernel<int, int, __half, __half, __half, float, 0, 1, 1, 0, 7, 0, cublasGemvParamsEx<int, cublasGemvTensorStridedBatched<const __half>, cublasGemvTensorStridedBatched<const __half>, cublasGemvTensorStridedBatched<__half>, float>>(T13)",1072640.0,0.0,6144.0,8.64,4.63
"void at::elementwise_kernel<128, 4, void at::gpu_kernel_impl_nocast<at::BinaryFunctor<c10::Half, c10::Half, c10::Half, binary_internal::MulFunctor<float>>>(at::TensorIteratorBase &, const T1 &)::[lambda(int) (instance 1)]>(int, T3)",23936.0,0.0,4992.0,0.24,0.1
"void at::elementwise_kernel<128, 4, void at::gpu_kernel_impl_nocast<at::neg_kernel_cuda(at::TensorIteratorBase &)::[lambda() (instance 2)]::operator ()() const::[lambda() (instance 8)]::operator ()() const::[lambda(c10::Half) (instance 1)]>(at::TensorIteratorBase &, const T1 &)::[lambda(int) (instance 1)]>(int, T3)",19840.0,0.0,5024.0,0.19,0.04
"void at::<unnamed>::CatArrayBatchedCopy<at::<unnamed>::OpaqueType<2>, unsigned int, 4, 64, 64>(T1 *, at::<unnamed>::CatArrInputTensorMetadata<T1, T2, T4, T5>, at::<unnamed>::TensorSizeStride<T2, 4>, int, T2)",11136.0,0.0,6464.0,0.08,3.56
"void at::elementwise_kernel<128, 4, void at::gpu_kernel_impl_nocast<at::BinaryFunctor<c10::Half, c10::Half, c10::Half, binary_internal::MulFunctor<float>>>(at::TensorIteratorBase &, const T1 &)::[lambda(int) (instance 1)]>(int, T3)",23936.0,0.0,5440.0,0.22,0.09
"void at::vectorized_elementwise_kernel<4, at::CUDAFunctor_add<c10::Half>, std::array<char *, 3>>(int, T2, T3)",14464.0,0.0,2784.0,0.26,0.03
"void at::elementwise_kernel<128, 4, void at::gpu_kernel_impl_nocast<at::BinaryFunctor<c10::Half, c10::Half, c10::Half, binary_internal::MulFunctor<float>>>(at::TensorIteratorBase &, const T1 &)::[lambda(int) (instance 1)]>(int, T3)",20352.0,0.0,4064.0,0.25,0.02
"void at::elementwise_kernel<128, 4, void at::gpu_kernel_impl_nocast<at::neg_kernel_cuda(at::TensorIteratorBase &)::[lambda() (instance 2)]::operator ()() const::[lambda() (instance 8)]::operator ()() const::[lambda(c10::Half) (instance 1)]>(at::TensorIteratorBase &, const T1 &)::[lambda(int) (instance 1)]>(int, T3)",18048.0,0.0,3584.0,0.25,0.01
"void at::<unnamed>::CatArrayBatchedCopy<at::<unnamed>::OpaqueType<2>, unsigned int, 4, 64, 64>(T1 *, at::<unnamed>::CatArrInputTensorMetadata<T1, T2, T4, T5>, at::<unnamed>::TensorSizeStride<T2, 4>, int, T2)",7424.0,0.0,5088.0,0.07,4.13
"void at::elementwise_kernel<128, 4, void at::gpu_kernel_impl_nocast<at::BinaryFunctor<c10::Half, c10::Half, c10::Half, binary_internal::MulFunctor<float>>>(at::TensorIteratorBase &, const T1 &)::[lambda(int) (instance 1)]>(int, T3)",20352.0,0.0,4384.0,0.23,0.02
"void at::vectorized_elementwise_kernel<4, at::CUDAFunctor_add<c10::Half>, std::array<char *, 3>>(int, T2, T3)",7296.0,0.0,3168.0,0.11,0.04
"void <unnamed>::elementwise_kernel_with_index<int, at::arange_cuda_out(const c10::Scalar &, const c10::Scalar &, const c10::Scalar &, at::Tensor &)::[lambda() (instance 1)]::operator ()() const::[lambda() (instance 4)]::operator ()() const::[lambda(long) (instance 1)]>(T1, T2, function_traits<T2>::result_type *)",2688.0,0.0,2272.0,0.06,0.0
"void at::vectorized_elementwise_kernel<2, at::CUDAFunctor_add<long>, std::array<char *, 3>>(int, T2, T3)",6400.0,0.0,3008.0,0.11,0.03
"void at::vectorized_elementwise_kernel<2, at::CUDAFunctorOnSelf_add<long>, std::array<char *, 2>>(int, T2, T3)",5760.0,0.0,2944.0,0.1,0.02
"void at::index_elementwise_kernel<128, 4, void at::index_copy_kernel_impl<at::OpaqueType<2>>(at::TensorIterator &, long, long, long)::[lambda(int) (instance 1)]>(long, T3)",22400.0,0.0,4992.0,0.22,0.02
"void at::index_elementwise_kernel<128, 4, void at::index_copy_kernel_impl<at::OpaqueType<2>>(at::TensorIterator &, long, long, long)::[lambda(int) (instance 1)]>(long, T3)",22400.0,0.0,4512.0,0.24,0.02
"void at::elementwise_kernel<128, 4, void at::gpu_kernel_impl_nocast<at::direct_copy_kernel_cuda(at::TensorIteratorBase &)::[lambda() (instance 3)]::operator ()() const::[lambda() (instance 10)]::operator ()() const::[lambda(c10::Half) (instance 1)]>(at::TensorIteratorBase &, const T1 &)::[lambda(int) (instance 1)]>(int, T3)",558464.0,0.0,11136.0,2.47,44.7
"void at::elementwise_kernel<128, 4, void at::gpu_kernel_impl_nocast<at::direct_copy_kernel_cuda(at::TensorIteratorBase &)::[lambda() (instance 3)]::operator ()() const::[lambda() (instance 10)]::operator ()() const::[lambda(c10::Half) (instance 1)]>(at::TensorIteratorBase &, const T1 &)::[lambda(int) (instance 1)]>(int, T3)",558464.0,0.0,11136.0,2.47,44.7
"void at::vectorized_elementwise_kernel<4, at::FillFunctor<c10::Half>, std::array<char *, 1>>(int, T2, T3)",3968.0,0.0,2368.0,0.08,0.01
"void at::vectorized_elementwise_kernel<4, at::FillFunctor<c10::Half>, std::array<char *, 1>>(int, T2, T3)",3968.0,0.0,2368.0,0.08,0.01
"void at::elementwise_kernel<128, 4, void at::gpu_kernel_impl_nocast<at::<unnamed>::where_kernel_impl(at::TensorIterator &)::[lambda() (instance 1)]::operator ()() const::[lambda() (instance 2)]::operator ()() const::[lambda(bool, c10::Half, c10::Half) (instance 1)]>(at::TensorIteratorBase &, const T1 &)::[lambda(int) (instance 1)]>(int, T3)",22528.0,0.0,5472.0,0.2,0.04
"fmha_cutlassF_f16_aligned_64x64_rf_sm80(PyTorchMemEffAttention::AttentionKernel<cutlass::half_t, cutlass::Sm80, 1, 64, 64, 64, 1, 1>::Params)",8705024.0,0.0,79584.0,5.37,6.54
"std::enable_if<!T7, void>::type internal::kernel<int, int, __half, __half, __half, float, 0, 1, 1, 0, 7, 0, cublasGemvParamsEx<int, cublasGemvTensorStridedBatched<const __half>, cublasGemvTensorStridedBatched<const __half>, cublasGemvTensorStridedBatched<__half>, float>>(T13)",8412672.0,0.0,12032.0,34.39,16.44
"void at::vectorized_elementwise_kernel<4, at::CUDAFunctor_add<c10::Half>, std::array<char *, 3>>(int, T2, T3)",14464.0,0.0,2752.0,0.26,0.03
"void at::unrolled_elementwise_kernel<at::direct_copy_kernel_cuda(at::TensorIteratorBase &)::[lambda() (instance 3)]::operator ()() const::[lambda() (instance 7)]::operator ()() const::[lambda(float) (instance 1)], std::array<char *, 2>, 4, TrivialOffsetCalculator<1, unsigned int>, TrivialOffsetCalculator<1, unsigned int>, memory::LoadWithCast<1>, memory::StoreWithCast<1>>(int, T1, T2, T4, T5, T6, T7)",36224.0,0.0,5504.0,0.33,0.1
"void at::vectorized_elementwise_kernel<4, void at::<unnamed>::pow_tensor_scalar_kernel_impl<float, float>(at::TensorIteratorBase &, T2)::[lambda(float) (instance 1)], std::array<char *, 2>>(int, T2, T3)",12928.0,0.0,2752.0,0.23,0.02
"void at::reduce_kernel<512, 1, at::ReduceOp<float, at::MeanOps<float, float, float, float>, unsigned int, float, 4, 4>>(T3)",59264.0,0.0,5408.0,0.55,0.1
"void at::vectorized_elementwise_kernel<4, at::CUDAFunctorOnSelf_add<float>, std::array<char *, 2>>(int, T2, T3)",4864.0,0.0,2656.0,0.09,0.02
"void at::vectorized_elementwise_kernel<4, at::rsqrt_kernel_cuda(at::TensorIteratorBase &)::[lambda() (instance 2)]::operator ()() const::[lambda() (instance 2)]::operator ()() const::[lambda(float) (instance 1)], std::array<char *, 2>>(int, T2, T3)",6400.0,0.0,2912.0,0.11,0.04
"void at::elementwise_kernel<128, 2, void at::gpu_kernel_impl_nocast<at::BinaryFunctor<float, float, float, binary_internal::MulFunctor<float>>>(at::TensorIteratorBase &, const T1 &)::[lambda(int) (instance 1)]>(int, T3)",19328.0,0.0,4064.0,0.23,0.1
"void at::vectorized_elementwise_kernel<4, at::float16_copy_kernel_cuda(at::TensorIteratorBase &)::[lambda(float) (instance 1)], std::array<char *, 2>>(int, T2, T3)",13184.0,0.0,2880.0,0.23,0.01
"void at::vectorized_elementwise_kernel<4, at::BinaryFunctor<c10::Half, c10::Half, c10::Half, binary_internal::MulFunctor<float>>, std::array<char *, 3>>(int, T2, T3)",14464.0,0.0,2816.0,0.26,0.03
ampere_fp16_s16816gemm_fp16_64x64_ldg8_f2f_stages_64x6_tn,23086464.0,227200.0,18976.0,60.42,25.26
"void at::vectorized_elementwise_kernel<4, at::<unnamed>::silu_kernel(at::TensorIteratorBase &)::[lambda() (instance 1)]::operator ()() const::[lambda() (instance 5)]::operator ()() const::[lambda(c10::Half) (instance 1)], std::array<char *, 2>>(int, T2, T3)",24448.0,0.0,3424.0,0.36,0.24
ampere_fp16_s16816gemm_fp16_64x64_ldg8_f2f_stages_64x6_tn,23086720.0,379776.0,18656.0,61.82,25.69
"void at::vectorized_elementwise_kernel<4, at::BinaryFunctor<c10::Half, c10::Half, c10::Half, binary_internal::MulFunctor<float>>, std::array<char *, 3>>(int, T2, T3)",28800.0,0.0,2912.0,0.49,0.11
"std::enable_if<!T7, void>::type internal::kernel<int, int, __half, __half, __half, float, 0, 1, 1, 0, 7, 0, cublasGemvParamsEx<int, cublasGemvTensorStridedBatched<const __half>, cublasGemvTensorStridedBatched<const __half>, cublasGemvTensorStridedBatched<__half>, float>>(T13)",23100160.0,982528.0,25824.0,45.79,19.55
"void at::vectorized_elementwise_kernel<4, at::CUDAFunctor_add<c10::Half>, std::array<char *, 3>>(int, T2, T3)",14464.0,0.0,2848.0,0.26,0.03
"void at::unrolled_elementwise_kernel<at::direct_copy_kernel_cuda(at::TensorIteratorBase &)::[lambda() (instance 3)]::operator ()() const::[lambda() (instance 7)]::operator ()() const::[lambda(float) (instance 1)], std::array<char *, 2>, 4, TrivialOffsetCalculator<1, unsigned int>, TrivialOffsetCalculator<1, unsigned int>, memory::LoadWithCast<1>, memory::StoreWithCast<1>>(int, T1, T2, T4, T5, T6, T7)",36224.0,0.0,5472.0,0.33,0.1
"void at::vectorized_elementwise_kernel<4, void at::<unnamed>::pow_tensor_scalar_kernel_impl<float, float>(at::TensorIteratorBase &, T2)::[lambda(float) (instance 1)], std::array<char *, 2>>(int, T2, T3)",12928.0,0.0,2720.0,0.23,0.02
"void at::reduce_kernel<512, 1, at::ReduceOp<float, at::MeanOps<float, float, float, float>, unsigned int, float, 4, 4>>(T3)",59264.0,0.0,5216.0,0.56,0.11
"void at::vectorized_elementwise_kernel<4, at::CUDAFunctorOnSelf_add<float>, std::array<char *, 2>>(int, T2, T3)",4864.0,0.0,2656.0,0.09,0.02
"void at::vectorized_elementwise_kernel<4, at::rsqrt_kernel_cuda(at::TensorIteratorBase &)::[lambda() (instance 2)]::operator ()() const::[lambda() (instance 2)]::operator ()() const::[lambda(float) (instance 1)], std::array<char *, 2>>(int, T2, T3)",6400.0,0.0,3072.0,0.1,0.03
"void at::elementwise_kernel<128, 2, void at::gpu_kernel_impl_nocast<at::BinaryFunctor<float, float, float, binary_internal::MulFunctor<float>>>(at::TensorIteratorBase &, const T1 &)::[lambda(int) (instance 1)]>(int, T3)",19328.0,0.0,3840.0,0.25,0.11
"void at::vectorized_elementwise_kernel<4, at::float16_copy_kernel_cuda(at::TensorIteratorBase &)::[lambda(float) (instance 1)], std::array<char *, 2>>(int, T2, T3)",13312.0,0.0,2848.0,0.23,0.01
"void at::vectorized_elementwise_kernel<4, at::BinaryFunctor<c10::Half, c10::Half, c10::Half, binary_internal::MulFunctor<float>>, std::array<char *, 3>>(int, T2, T3)",14464.0,0.0,2912.0,0.25,0.03
"std::enable_if<!T7, void>::type internal::kernel<int, int, __half, __half, __half, float, 0, 1, 1, 0, 7, 0, cublasGemvParamsEx<int, cublasGemvTensorStridedBatched<const __half>, cublasGemvTensorStridedBatched<const __half>, cublasGemvTensorStridedBatched<__half>, float>>(T13)",8412800.0,0.0,11072.0,37.48,17.93
"std::enable_if<!T7, void>::type internal::kernel<int, int, __half, __half, __half, float, 0, 1, 1, 0, 7, 0, cublasGemvParamsEx<int, cublasGemvTensorStridedBatched<const __half>, cublasGemvTensorStridedBatched<const __half>, cublasGemvTensorStridedBatched<__half>, float>>(T13)",1072640.0,0.0,5536.0,9.63,5.17
"std::enable_if<!T7, void>::type internal::kernel<int, int, __half, __half, __half, float, 0, 1, 1, 0, 7, 0, cublasGemvParamsEx<int, cublasGemvTensorStridedBatched<const __half>, cublasGemvTensorStridedBatched<const __half>, cublasGemvTensorStridedBatched<__half>, float>>(T13)",1072640.0,0.0,5504.0,9.63,5.17
"void at::elementwise_kernel<128, 4, void at::gpu_kernel_impl_nocast<at::BinaryFunctor<c10::Half, c10::Half, c10::Half, binary_internal::MulFunctor<float>>>(at::TensorIteratorBase &, const T1 &)::[lambda(int) (instance 1)]>(int, T3)",23936.0,0.0,5280.0,0.22,0.1
"void at::elementwise_kernel<128, 4, void at::gpu_kernel_impl_nocast<at::neg_kernel_cuda(at::TensorIteratorBase &)::[lambda() (instance 2)]::operator ()() const::[lambda() (instance 8)]::operator ()() const::[lambda(c10::Half) (instance 1)]>(at::TensorIteratorBase &, const T1 &)::[lambda(int) (instance 1)]>(int, T3)",19840.0,0.0,4864.0,0.2,0.04
"void at::<unnamed>::CatArrayBatchedCopy<at::<unnamed>::OpaqueType<2>, unsigned int, 4, 64, 64>(T1 *, at::<unnamed>::CatArrInputTensorMetadata<T1, T2, T4, T5>, at::<unnamed>::TensorSizeStride<T2, 4>, int, T2)",11136.0,0.0,6656.0,0.08,3.52
"void at::elementwise_kernel<128, 4, void at::gpu_kernel_impl_nocast<at::BinaryFunctor<c10::Half, c10::Half, c10::Half, binary_internal::MulFunctor<float>>>(at::TensorIteratorBase &, const T1 &)::[lambda(int) (instance 1)]>(int, T3)",24064.0,0.0,5280.0,0.23,0.1
"void at::vectorized_elementwise_kernel<4, at::CUDAFunctor_add<c10::Half>, std::array<char *, 3>>(int, T2, T3)",14464.0,0.0,2752.0,0.26,0.03
"void at::elementwise_kernel<128, 4, void at::gpu_kernel_impl_nocast<at::BinaryFunctor<c10::Half, c10::Half, c10::Half, binary_internal::MulFunctor<float>>>(at::TensorIteratorBase &, const T1 &)::[lambda(int) (instance 1)]>(int, T3)",20352.0,0.0,4032.0,0.25,0.02
"void at::elementwise_kernel<128, 4, void at::gpu_kernel_impl_nocast<at::neg_kernel_cuda(at::TensorIteratorBase &)::[lambda() (instance 2)]::operator ()() const::[lambda() (instance 8)]::operator ()() const::[lambda(c10::Half) (instance 1)]>(at::TensorIteratorBase &, const T1 &)::[lambda(int) (instance 1)]>(int, T3)",18048.0,0.0,3552.0,0.25,0.01
"void at::<unnamed>::CatArrayBatchedCopy<at::<unnamed>::OpaqueType<2>, unsigned int, 4, 64, 64>(T1 *, at::<unnamed>::CatArrInputTensorMetadata<T1, T2, T4, T5>, at::<unnamed>::TensorSizeStride<T2, 4>, int, T2)",7552.0,0.0,5120.0,0.07,4.13
"void at::elementwise_kernel<128, 4, void at::gpu_kernel_impl_nocast<at::BinaryFunctor<c10::Half, c10::Half, c10::Half, binary_internal::MulFunctor<float>>>(at::TensorIteratorBase &, const T1 &)::[lambda(int) (instance 1)]>(int, T3)",20480.0,0.0,4224.0,0.24,0.02
"void at::vectorized_elementwise_kernel<4, at::CUDAFunctor_add<c10::Half>, std::array<char *, 3>>(int, T2, T3)",7296.0,0.0,2976.0,0.12,0.04
"void <unnamed>::elementwise_kernel_with_index<int, at::arange_cuda_out(const c10::Scalar &, const c10::Scalar &, const c10::Scalar &, at::Tensor &)::[lambda() (instance 1)]::operator ()() const::[lambda() (instance 4)]::operator ()() const::[lambda(long) (instance 1)]>(T1, T2, function_traits<T2>::result_type *)",2688.0,0.0,2304.0,0.06,0.0
"void at::vectorized_elementwise_kernel<2, at::CUDAFunctor_add<long>, std::array<char *, 3>>(int, T2, T3)",6528.0,0.0,3200.0,0.1,0.03
"void at::vectorized_elementwise_kernel<2, at::CUDAFunctorOnSelf_add<long>, std::array<char *, 2>>(int, T2, T3)",5888.0,0.0,2976.0,0.1,0.02
"void at::index_elementwise_kernel<128, 4, void at::index_copy_kernel_impl<at::OpaqueType<2>>(at::TensorIterator &, long, long, long)::[lambda(int) (instance 1)]>(long, T3)",22272.0,0.0,4768.0,0.23,0.02
"void at::index_elementwise_kernel<128, 4, void at::index_copy_kernel_impl<at::OpaqueType<2>>(at::TensorIterator &, long, long, long)::[lambda(int) (instance 1)]>(long, T3)",22400.0,0.0,4576.0,0.24,0.02
"void at::elementwise_kernel<128, 4, void at::gpu_kernel_impl_nocast<at::direct_copy_kernel_cuda(at::TensorIteratorBase &)::[lambda() (instance 3)]::operator ()() const::[lambda() (instance 10)]::operator ()() const::[lambda(c10::Half) (instance 1)]>(at::TensorIteratorBase &, const T1 &)::[lambda(int) (instance 1)]>(int, T3)",558464.0,0.0,11040.0,2.49,45.29
"void at::elementwise_kernel<128, 4, void at::gpu_kernel_impl_nocast<at::direct_copy_kernel_cuda(at::TensorIteratorBase &)::[lambda() (instance 3)]::operator ()() const::[lambda() (instance 10)]::operator ()() const::[lambda(c10::Half) (instance 1)]>(at::TensorIteratorBase &, const T1 &)::[lambda(int) (instance 1)]>(int, T3)",558464.0,0.0,11104.0,2.48,44.88
"void at::vectorized_elementwise_kernel<4, at::FillFunctor<c10::Half>, std::array<char *, 1>>(int, T2, T3)",4096.0,0.0,2336.0,0.09,0.01
"void at::vectorized_elementwise_kernel<4, at::FillFunctor<c10::Half>, std::array<char *, 1>>(int, T2, T3)",3968.0,0.0,2336.0,0.08,0.01
"void at::elementwise_kernel<128, 4, void at::gpu_kernel_impl_nocast<at::<unnamed>::where_kernel_impl(at::TensorIterator &)::[lambda() (instance 1)]::operator ()() const::[lambda() (instance 2)]::operator ()() const::[lambda(bool, c10::Half, c10::Half) (instance 1)]>(at::TensorIteratorBase &, const T1 &)::[lambda(int) (instance 1)]>(int, T3)",22784.0,0.0,5152.0,0.22,0.04
"fmha_cutlassF_f16_aligned_64x64_rf_sm80(PyTorchMemEffAttention::AttentionKernel<cutlass::half_t, cutlass::Sm80, 1, 64, 64, 64, 1, 1>::Params)",8705024.0,0.0,80192.0,5.33,6.5
"std::enable_if<!T7, void>::type internal::kernel<int, int, __half, __half, __half, float, 0, 1, 1, 0, 7, 0, cublasGemvParamsEx<int, cublasGemvTensorStridedBatched<const __half>, cublasGemvTensorStridedBatched<const __half>, cublasGemvTensorStridedBatched<__half>, float>>(T13)",8412672.0,0.0,11328.0,36.65,17.5
"void at::vectorized_elementwise_kernel<4, at::CUDAFunctor_add<c10::Half>, std::array<char *, 3>>(int, T2, T3)",14464.0,0.0,2880.0,0.25,0.03
"void at::unrolled_elementwise_kernel<at::direct_copy_kernel_cuda(at::TensorIteratorBase &)::[lambda() (instance 3)]::operator ()() const::[lambda() (instance 7)]::operator ()() const::[lambda(float) (instance 1)], std::array<char *, 2>, 4, TrivialOffsetCalculator<1, unsigned int>, TrivialOffsetCalculator<1, unsigned int>, memory::LoadWithCast<1>, memory::StoreWithCast<1>>(int, T1, T2, T4, T5, T6, T7)",36224.0,0.0,5504.0,0.33,0.1
"void at::vectorized_elementwise_kernel<4, void at::<unnamed>::pow_tensor_scalar_kernel_impl<float, float>(at::TensorIteratorBase &, T2)::[lambda(float) (instance 1)], std::array<char *, 2>>(int, T2, T3)",12928.0,0.0,2848.0,0.23,0.02
"void at::reduce_kernel<512, 1, at::ReduceOp<float, at::MeanOps<float, float, float, float>, unsigned int, float, 4, 4>>(T3)",59264.0,0.0,5504.0,0.53,0.1
"void at::vectorized_elementwise_kernel<4, at::CUDAFunctorOnSelf_add<float>, std::array<char *, 2>>(int, T2, T3)",4864.0,0.0,2624.0,0.09,0.02
"void at::vectorized_elementwise_kernel<4, at::rsqrt_kernel_cuda(at::TensorIteratorBase &)::[lambda() (instance 2)]::operator ()() const::[lambda() (instance 2)]::operator ()() const::[lambda(float) (instance 1)], std::array<char *, 2>>(int, T2, T3)",6272.0,0.0,2912.0,0.11,0.04
"void at::elementwise_kernel<128, 2, void at::gpu_kernel_impl_nocast<at::BinaryFunctor<float, float, float, binary_internal::MulFunctor<float>>>(at::TensorIteratorBase &, const T1 &)::[lambda(int) (instance 1)]>(int, T3)",19328.0,0.0,3840.0,0.25,0.11
"void at::vectorized_elementwise_kernel<4, at::float16_copy_kernel_cuda(at::TensorIteratorBase &)::[lambda(float) (instance 1)], std::array<char *, 2>>(int, T2, T3)",13312.0,0.0,2976.0,0.22,0.01
"void at::vectorized_elementwise_kernel<4, at::BinaryFunctor<c10::Half, c10::Half, c10::Half, binary_internal::MulFunctor<float>>, std::array<char *, 3>>(int, T2, T3)",14464.0,0.0,2720.0,0.26,0.03
ampere_fp16_s16816gemm_fp16_64x64_ldg8_f2f_stages_64x6_tn,23086592.0,260736.0,18816.0,60.95,25.49
"void at::vectorized_elementwise_kernel<4, at::<unnamed>::silu_kernel(at::TensorIteratorBase &)::[lambda() (instance 1)]::operator ()() const::[lambda() (instance 5)]::operator ()() const::[lambda(c10::Half) (instance 1)], std::array<char *, 2>>(int, T2, T3)",24576.0,0.0,3552.0,0.35,0.23
ampere_fp16_s16816gemm_fp16_64x64_ldg8_f2f_stages_64x6_tn,23086336.0,376704.0,18816.0,61.23,25.48
"void at::vectorized_elementwise_kernel<4, at::BinaryFunctor<c10::Half, c10::Half, c10::Half, binary_internal::MulFunctor<float>>, std::array<char *, 3>>(int, T2, T3)",28800.0,0.0,3040.0,0.47,0.1
"std::enable_if<!T7, void>::type internal::kernel<int, int, __half, __half, __half, float, 0, 1, 1, 0, 7, 0, cublasGemvParamsEx<int, cublasGemvTensorStridedBatched<const __half>, cublasGemvTensorStridedBatched<const __half>, cublasGemvTensorStridedBatched<__half>, float>>(T13)",23100416.0,972544.0,26656.0,44.39,18.96
"void at::vectorized_elementwise_kernel<4, at::CUDAFunctor_add<c10::Half>, std::array<char *, 3>>(int, T2, T3)",14464.0,0.0,2784.0,0.26,0.03
"void at::unrolled_elementwise_kernel<at::direct_copy_kernel_cuda(at::TensorIteratorBase &)::[lambda() (instance 3)]::operator ()() const::[lambda() (instance 7)]::operator ()() const::[lambda(float) (instance 1)], std::array<char *, 2>, 4, TrivialOffsetCalculator<1, unsigned int>, TrivialOffsetCalculator<1, unsigned int>, memory::LoadWithCast<1>, memory::StoreWithCast<1>>(int, T1, T2, T4, T5, T6, T7)",36224.0,0.0,5728.0,0.31,0.09
"void at::vectorized_elementwise_kernel<4, void at::<unnamed>::pow_tensor_scalar_kernel_impl<float, float>(at::TensorIteratorBase &, T2)::[lambda(float) (instance 1)], std::array<char *, 2>>(int, T2, T3)",12928.0,0.0,2624.0,0.24,0.02
"void at::reduce_kernel<512, 1, at::ReduceOp<float, at::MeanOps<float, float, float, float>, unsigned int, float, 4, 4>>(T3)",59264.0,0.0,5280.0,0.55,0.11
"void at::vectorized_elementwise_kernel<4, at::CUDAFunctorOnSelf_add<float>, std::array<char *, 2>>(int, T2, T3)",4864.0,0.0,2624.0,0.09,0.02
"void at::vectorized_elementwise_kernel<4, at::rsqrt_kernel_cuda(at::TensorIteratorBase &)::[lambda() (instance 2)]::operator ()() const::[lambda() (instance 2)]::operator ()() const::[lambda(float) (instance 1)], std::array<char *, 2>>(int, T2, T3)",6272.0,0.0,2880.0,0.11,0.04
"void at::elementwise_kernel<128, 2, void at::gpu_kernel_impl_nocast<at::BinaryFunctor<float, float, float, binary_internal::MulFunctor<float>>>(at::TensorIteratorBase &, const T1 &)::[lambda(int) (instance 1)]>(int, T3)",19456.0,0.0,3904.0,0.25,0.11
"void at::vectorized_elementwise_kernel<4, at::float16_copy_kernel_cuda(at::TensorIteratorBase &)::[lambda(float) (instance 1)], std::array<char *, 2>>(int, T2, T3)",13184.0,0.0,2752.0,0.24,0.01
"void at::vectorized_elementwise_kernel<4, at::BinaryFunctor<c10::Half, c10::Half, c10::Half, binary_internal::MulFunctor<float>>, std::array<char *, 3>>(int, T2, T3)",14464.0,0.0,2816.0,0.26,0.03
"std::enable_if<!T7, void>::type internal::kernel<int, int, __half, __half, __half, float, 0, 1, 1, 0, 7, 0, cublasGemvParamsEx<int, cublasGemvTensorStridedBatched<const __half>, cublasGemvTensorStridedBatched<const __half>, cublasGemvTensorStridedBatched<__half>, float>>(T13)",8412672.0,0.0,11872.0,34.86,16.67
"std::enable_if<!T7, void>::type internal::kernel<int, int, __half, __half, __half, float, 0, 1, 1, 0, 7, 0, cublasGemvParamsEx<int, cublasGemvTensorStridedBatched<const __half>, cublasGemvTensorStridedBatched<const __half>, cublasGemvTensorStridedBatched<__half>, float>>(T13)",1072640.0,0.0,5472.0,9.73,5.2
"std::enable_if<!T7, void>::type internal::kernel<int, int, __half, __half, __half, float, 0, 1, 1, 0, 7, 0, cublasGemvParamsEx<int, cublasGemvTensorStridedBatched<const __half>, cublasGemvTensorStridedBatched<const __half>, cublasGemvTensorStridedBatched<__half>, float>>(T13)",1072768.0,0.0,5632.0,9.37,5.05
"void at::elementwise_kernel<128, 4, void at::gpu_kernel_impl_nocast<at::BinaryFunctor<c10::Half, c10::Half, c10::Half, binary_internal::MulFunctor<float>>>(at::TensorIteratorBase &, const T1 &)::[lambda(int) (instance 1)]>(int, T3)",24064.0,0.0,5280.0,0.23,0.1
"void at::elementwise_kernel<128, 4, void at::gpu_kernel_impl_nocast<at::neg_kernel_cuda(at::TensorIteratorBase &)::[lambda() (instance 2)]::operator ()() const::[lambda() (instance 8)]::operator ()() const::[lambda(c10::Half) (instance 1)]>(at::TensorIteratorBase &, const T1 &)::[lambda(int) (instance 1)]>(int, T3)",19840.0,0.0,5056.0,0.19,0.04
"void at::<unnamed>::CatArrayBatchedCopy<at::<unnamed>::OpaqueType<2>, unsigned int, 4, 64, 64>(T1 *, at::<unnamed>::CatArrInputTensorMetadata<T1, T2, T4, T5>, at::<unnamed>::TensorSizeStride<T2, 4>, int, T2)",11008.0,0.0,6560.0,0.08,3.49
"void at::elementwise_kernel<128, 4, void at::gpu_kernel_impl_nocast<at::BinaryFunctor<c10::Half, c10::Half, c10::Half, binary_internal::MulFunctor<float>>>(at::TensorIteratorBase &, const T1 &)::[lambda(int) (instance 1)]>(int, T3)",23936.0,0.0,5152.0,0.23,0.1
"void at::vectorized_elementwise_kernel<4, at::CUDAFunctor_add<c10::Half>, std::array<char *, 3>>(int, T2, T3)",14464.0,0.0,2784.0,0.26,0.03
"void at::elementwise_kernel<128, 4, void at::gpu_kernel_impl_nocast<at::BinaryFunctor<c10::Half, c10::Half, c10::Half, binary_internal::MulFunctor<float>>>(at::TensorIteratorBase &, const T1 &)::[lambda(int) (instance 1)]>(int, T3)",20352.0,0.0,4256.0,0.24,0.02
"void at::elementwise_kernel<128, 4, void at::gpu_kernel_impl_nocast<at::neg_kernel_cuda(at::TensorIteratorBase &)::[lambda() (instance 2)]::operator ()() const::[lambda() (instance 8)]::operator ()() const::[lambda(c10::Half) (instance 1)]>(at::TensorIteratorBase &, const T1 &)::[lambda(int) (instance 1)]>(int, T3)",18048.0,0.0,3520.0,0.26,0.01
"void at::<unnamed>::CatArrayBatchedCopy<at::<unnamed>::OpaqueType<2>, unsigned int, 4, 64, 64>(T1 *, at::<unnamed>::CatArrInputTensorMetadata<T1, T2, T4, T5>, at::<unnamed>::TensorSizeStride<T2, 4>, int, T2)",7424.0,0.0,5088.0,0.07,4.12
"void at::elementwise_kernel<128, 4, void at::gpu_kernel_impl_nocast<at::BinaryFunctor<c10::Half, c10::Half, c10::Half, binary_internal::MulFunctor<float>>>(at::TensorIteratorBase &, const T1 &)::[lambda(int) (instance 1)]>(int, T3)",20352.0,0.0,4192.0,0.24,0.02
"void at::vectorized_elementwise_kernel<4, at::CUDAFunctor_add<c10::Half>, std::array<char *, 3>>(int, T2, T3)",7296.0,0.0,3104.0,0.12,0.04
"void <unnamed>::elementwise_kernel_with_index<int, at::arange_cuda_out(const c10::Scalar &, const c10::Scalar &, const c10::Scalar &, at::Tensor &)::[lambda() (instance 1)]::operator ()() const::[lambda() (instance 4)]::operator ()() const::[lambda(long) (instance 1)]>(T1, T2, function_traits<T2>::result_type *)",2688.0,0.0,2272.0,0.06,0.0
"void at::vectorized_elementwise_kernel<2, at::CUDAFunctor_add<long>, std::array<char *, 3>>(int, T2, T3)",6272.0,0.0,3040.0,0.1,0.03
"void at::vectorized_elementwise_kernel<2, at::CUDAFunctorOnSelf_add<long>, std::array<char *, 2>>(int, T2, T3)",5888.0,0.0,3072.0,0.1,0.02
"void at::index_elementwise_kernel<128, 4, void at::index_copy_kernel_impl<at::OpaqueType<2>>(at::TensorIterator &, long, long, long)::[lambda(int) (instance 1)]>(long, T3)",22400.0,0.0,4768.0,0.23,0.02
"void at::index_elementwise_kernel<128, 4, void at::index_copy_kernel_impl<at::OpaqueType<2>>(at::TensorIterator &, long, long, long)::[lambda(int) (instance 1)]>(long, T3)",22272.0,0.0,4544.0,0.24,0.02
"void at::elementwise_kernel<128, 4, void at::gpu_kernel_impl_nocast<at::direct_copy_kernel_cuda(at::TensorIteratorBase &)::[lambda() (instance 3)]::operator ()() const::[lambda() (instance 10)]::operator ()() const::[lambda(c10::Half) (instance 1)]>(at::TensorIteratorBase &, const T1 &)::[lambda(int) (instance 1)]>(int, T3)",558464.0,0.0,11232.0,2.45,44.39
"void at::elementwise_kernel<128, 4, void at::gpu_kernel_impl_nocast<at::direct_copy_kernel_cuda(at::TensorIteratorBase &)::[lambda() (instance 3)]::operator ()() const::[lambda() (instance 10)]::operator ()() const::[lambda(c10::Half) (instance 1)]>(at::TensorIteratorBase &, const T1 &)::[lambda(int) (instance 1)]>(int, T3)",558464.0,0.0,11008.0,2.5,45.29
"void at::vectorized_elementwise_kernel<4, at::FillFunctor<c10::Half>, std::array<char *, 1>>(int, T2, T3)",3968.0,0.0,2496.0,0.08,0.01
"void at::vectorized_elementwise_kernel<4, at::FillFunctor<c10::Half>, std::array<char *, 1>>(int, T2, T3)",3968.0,0.0,2336.0,0.08,0.01
"void at::elementwise_kernel<128, 4, void at::gpu_kernel_impl_nocast<at::<unnamed>::where_kernel_impl(at::TensorIterator &)::[lambda() (instance 1)]::operator ()() const::[lambda() (instance 2)]::operator ()() const::[lambda(bool, c10::Half, c10::Half) (instance 1)]>(at::TensorIteratorBase &, const T1 &)::[lambda(int) (instance 1)]>(int, T3)",22656.0,0.0,5152.0,0.22,0.04
"fmha_cutlassF_f16_aligned_64x64_rf_sm80(PyTorchMemEffAttention::AttentionKernel<cutlass::half_t, cutlass::Sm80, 1, 64, 64, 64, 1, 1>::Params)",8705152.0,0.0,80096.0,5.33,6.51
"std::enable_if<!T7, void>::type internal::kernel<int, int, __half, __half, __half, float, 0, 1, 1, 0, 7, 0, cublasGemvParamsEx<int, cublasGemvTensorStridedBatched<const __half>, cublasGemvTensorStridedBatched<const __half>, cublasGemvTensorStridedBatched<__half>, float>>(T13)",8412672.0,0.0,11872.0,34.93,16.68
"void at::vectorized_elementwise_kernel<4, at::CUDAFunctor_add<c10::Half>, std::array<char *, 3>>(int, T2, T3)",14464.0,0.0,2880.0,0.25,0.03
"void at::unrolled_elementwise_kernel<at::direct_copy_kernel_cuda(at::TensorIteratorBase &)::[lambda() (instance 3)]::operator ()() const::[lambda() (instance 7)]::operator ()() const::[lambda(float) (instance 1)], std::array<char *, 2>, 4, TrivialOffsetCalculator<1, unsigned int>, TrivialOffsetCalculator<1, unsigned int>, memory::LoadWithCast<1>, memory::StoreWithCast<1>>(int, T1, T2, T4, T5, T6, T7)",36224.0,0.0,5376.0,0.33,0.1
"void at::vectorized_elementwise_kernel<4, void at::<unnamed>::pow_tensor_scalar_kernel_impl<float, float>(at::TensorIteratorBase &, T2)::[lambda(float) (instance 1)], std::array<char *, 2>>(int, T2, T3)",12928.0,0.0,2720.0,0.23,0.02
"void at::reduce_kernel<512, 1, at::ReduceOp<float, at::MeanOps<float, float, float, float>, unsigned int, float, 4, 4>>(T3)",59392.0,0.0,5216.0,0.56,0.11
"void at::vectorized_elementwise_kernel<4, at::CUDAFunctorOnSelf_add<float>, std::array<char *, 2>>(int, T2, T3)",4736.0,0.0,2752.0,0.09,0.02
"void at::vectorized_elementwise_kernel<4, at::rsqrt_kernel_cuda(at::TensorIteratorBase &)::[lambda() (instance 2)]::operator ()() const::[lambda() (instance 2)]::operator ()() const::[lambda(float) (instance 1)], std::array<char *, 2>>(int, T2, T3)",6528.0,0.0,2912.0,0.11,0.04
"void at::elementwise_kernel<128, 2, void at::gpu_kernel_impl_nocast<at::BinaryFunctor<float, float, float, binary_internal::MulFunctor<float>>>(at::TensorIteratorBase &, const T1 &)::[lambda(int) (instance 1)]>(int, T3)",19200.0,0.0,4064.0,0.23,0.1
"void at::vectorized_elementwise_kernel<4, at::float16_copy_kernel_cuda(at::TensorIteratorBase &)::[lambda(float) (instance 1)], std::array<char *, 2>>(int, T2, T3)",13184.0,0.0,2816.0,0.23,0.01
"void at::vectorized_elementwise_kernel<4, at::BinaryFunctor<c10::Half, c10::Half, c10::Half, binary_internal::MulFunctor<float>>, std::array<char *, 3>>(int, T2, T3)",14464.0,0.0,2848.0,0.25,0.03
ampere_fp16_s16816gemm_fp16_64x64_ldg8_f2f_stages_64x6_tn,23086464.0,244608.0,19552.0,58.6,24.5
"void at::vectorized_elementwise_kernel<4, at::<unnamed>::silu_kernel(at::TensorIteratorBase &)::[lambda() (instance 1)]::operator ()() const::[lambda() (instance 5)]::operator ()() const::[lambda(c10::Half) (instance 1)], std::array<char *, 2>>(int, T2, T3)",24448.0,0.0,3552.0,0.34,0.23
ampere_fp16_s16816gemm_fp16_64x64_ldg8_f2f_stages_64x6_tn,23086592.0,358912.0,18592.0,62.0,25.78
"void at::vectorized_elementwise_kernel<4, at::BinaryFunctor<c10::Half, c10::Half, c10::Half, binary_internal::MulFunctor<float>>, std::array<char *, 3>>(int, T2, T3)",28800.0,0.0,2944.0,0.49,0.1
"std::enable_if<!T7, void>::type internal::kernel<int, int, __half, __half, __half, float, 0, 1, 1, 0, 7, 0, cublasGemvParamsEx<int, cublasGemvTensorStridedBatched<const __half>, cublasGemvTensorStridedBatched<const __half>, cublasGemvTensorStridedBatched<__half>, float>>(T13)",23099904.0,788096.0,25888.0,45.29,19.52
"void at::vectorized_elementwise_kernel<4, at::CUDAFunctor_add<c10::Half>, std::array<char *, 3>>(int, T2, T3)",14464.0,0.0,2912.0,0.25,0.03
"void at::unrolled_elementwise_kernel<at::direct_copy_kernel_cuda(at::TensorIteratorBase &)::[lambda() (instance 3)]::operator ()() const::[lambda() (instance 7)]::operator ()() const::[lambda(float) (instance 1)], std::array<char *, 2>, 4, TrivialOffsetCalculator<1, unsigned int>, TrivialOffsetCalculator<1, unsigned int>, memory::LoadWithCast<1>, memory::StoreWithCast<1>>(int, T1, T2, T4, T5, T6, T7)",36224.0,0.0,5504.0,0.33,0.1
"void at::vectorized_elementwise_kernel<4, void at::<unnamed>::pow_tensor_scalar_kernel_impl<float, float>(at::TensorIteratorBase &, T2)::[lambda(float) (instance 1)], std::array<char *, 2>>(int, T2, T3)",12928.0,0.0,2848.0,0.23,0.02
"void at::reduce_kernel<512, 1, at::ReduceOp<float, at::MeanOps<float, float, float, float>, unsigned int, float, 4, 4>>(T3)",59264.0,0.0,5376.0,0.55,0.1
"void at::vectorized_elementwise_kernel<4, at::CUDAFunctorOnSelf_add<float>, std::array<char *, 2>>(int, T2, T3)",4736.0,0.0,2656.0,0.09,0.02
"void at::vectorized_elementwise_kernel<4, at::rsqrt_kernel_cuda(at::TensorIteratorBase &)::[lambda() (instance 2)]::operator ()() const::[lambda() (instance 2)]::operator ()() const::[lambda(float) (instance 1)], std::array<char *, 2>>(int, T2, T3)",6656.0,0.0,2912.0,0.11,0.04
"void at::elementwise_kernel<128, 2, void at::gpu_kernel_impl_nocast<at::BinaryFunctor<float, float, float, binary_internal::MulFunctor<float>>>(at::TensorIteratorBase &, const T1 &)::[lambda(int) (instance 1)]>(int, T3)",19200.0,0.0,3872.0,0.25,0.11
"void at::vectorized_elementwise_kernel<4, at::float16_copy_kernel_cuda(at::TensorIteratorBase &)::[lambda(float) (instance 1)], std::array<char *, 2>>(int, T2, T3)",13184.0,0.0,2752.0,0.24,0.01
"void at::vectorized_elementwise_kernel<4, at::BinaryFunctor<c10::Half, c10::Half, c10::Half, binary_internal::MulFunctor<float>>, std::array<char *, 3>>(int, T2, T3)",14464.0,0.0,2784.0,0.26,0.03
"std::enable_if<!T7, void>::type internal::kernel<int, int, __half, __half, __half, float, 0, 1, 1, 0, 7, 0, cublasGemvParamsEx<int, cublasGemvTensorStridedBatched<const __half>, cublasGemvTensorStridedBatched<const __half>, cublasGemvTensorStridedBatched<__half>, float>>(T13)",8412672.0,0.0,11712.0,35.31,16.89
"std::enable_if<!T7, void>::type internal::kernel<int, int, __half, __half, __half, float, 0, 1, 1, 0, 7, 0, cublasGemvParamsEx<int, cublasGemvTensorStridedBatched<const __half>, cublasGemvTensorStridedBatched<const __half>, cublasGemvTensorStridedBatched<__half>, float>>(T13)",1072640.0,0.0,5696.0,9.31,5.01
"std::enable_if<!T7, void>::type internal::kernel<int, int, __half, __half, __half, float, 0, 1, 1, 0, 7, 0, cublasGemvParamsEx<int, cublasGemvTensorStridedBatched<const __half>, cublasGemvTensorStridedBatched<const __half>, cublasGemvTensorStridedBatched<__half>, float>>(T13)",1072640.0,0.0,5600.0,9.47,5.08
"void at::elementwise_kernel<128, 4, void at::gpu_kernel_impl_nocast<at::BinaryFunctor<c10::Half, c10::Half, c10::Half, binary_internal::MulFunctor<float>>>(at::TensorIteratorBase &, const T1 &)::[lambda(int) (instance 1)]>(int, T3)",23936.0,0.0,4960.0,0.24,0.1
"void at::elementwise_kernel<128, 4, void at::gpu_kernel_impl_nocast<at::neg_kernel_cuda(at::TensorIteratorBase &)::[lambda() (instance 2)]::operator ()() const::[lambda() (instance 8)]::operator ()() const::[lambda(c10::Half) (instance 1)]>(at::TensorIteratorBase &, const T1 &)::[lambda(int) (instance 1)]>(int, T3)",19840.0,0.0,4928.0,0.2,0.04
"void at::<unnamed>::CatArrayBatchedCopy<at::<unnamed>::OpaqueType<2>, unsigned int, 4, 64, 64>(T1 *, at::<unnamed>::CatArrInputTensorMetadata<T1, T2, T4, T5>, at::<unnamed>::TensorSizeStride<T2, 4>, int, T2)",11008.0,0.0,6560.0,0.08,3.48
"void at::elementwise_kernel<128, 4, void at::gpu_kernel_impl_nocast<at::BinaryFunctor<c10::Half, c10::Half, c10::Half, binary_internal::MulFunctor<float>>>(at::TensorIteratorBase &, const T1 &)::[lambda(int) (instance 1)]>(int, T3)",23936.0,0.0,5216.0,0.23,0.1
"void at::vectorized_elementwise_kernel<4, at::CUDAFunctor_add<c10::Half>, std::array<char *, 3>>(int, T2, T3)",14464.0,0.0,2880.0,0.25,0.03
"void at::elementwise_kernel<128, 4, void at::gpu_kernel_impl_nocast<at::BinaryFunctor<c10::Half, c10::Half, c10::Half, binary_internal::MulFunctor<float>>>(at::TensorIteratorBase &, const T1 &)::[lambda(int) (instance 1)]>(int, T3)",20352.0,0.0,4096.0,0.25,0.02
"void at::elementwise_kernel<128, 4, void at::gpu_kernel_impl_nocast<at::neg_kernel_cuda(at::TensorIteratorBase &)::[lambda() (instance 2)]::operator ()() const::[lambda() (instance 8)]::operator ()() const::[lambda(c10::Half) (instance 1)]>(at::TensorIteratorBase &, const T1 &)::[lambda(int) (instance 1)]>(int, T3)",18048.0,0.0,3648.0,0.25,0.01
"void at::<unnamed>::CatArrayBatchedCopy<at::<unnamed>::OpaqueType<2>, unsigned int, 4, 64, 64>(T1 *, at::<unnamed>::CatArrInputTensorMetadata<T1, T2, T4, T5>, at::<unnamed>::TensorSizeStride<T2, 4>, int, T2)",7552.0,0.0,5088.0,0.07,4.11
"void at::elementwise_kernel<128, 4, void at::gpu_kernel_impl_nocast<at::BinaryFunctor<c10::Half, c10::Half, c10::Half, binary_internal::MulFunctor<float>>>(at::TensorIteratorBase &, const T1 &)::[lambda(int) (instance 1)]>(int, T3)",20480.0,0.0,4416.0,0.23,0.02
"void at::vectorized_elementwise_kernel<4, at::CUDAFunctor_add<c10::Half>, std::array<char *, 3>>(int, T2, T3)",7296.0,0.0,3008.0,0.12,0.04
"void <unnamed>::elementwise_kernel_with_index<int, at::arange_cuda_out(const c10::Scalar &, const c10::Scalar &, const c10::Scalar &, at::Tensor &)::[lambda() (instance 1)]::operator ()() const::[lambda() (instance 4)]::operator ()() const::[lambda(long) (instance 1)]>(T1, T2, function_traits<T2>::result_type *)",2688.0,0.0,2272.0,0.06,0.0
"void at::vectorized_elementwise_kernel<2, at::CUDAFunctor_add<long>, std::array<char *, 3>>(int, T2, T3)",6528.0,0.0,2912.0,0.11,0.03
"void at::vectorized_elementwise_kernel<2, at::CUDAFunctorOnSelf_add<long>, std::array<char *, 2>>(int, T2, T3)",5760.0,0.0,2752.0,0.1,0.03
"void at::index_elementwise_kernel<128, 4, void at::index_copy_kernel_impl<at::OpaqueType<2>>(at::TensorIterator &, long, long, long)::[lambda(int) (instance 1)]>(long, T3)",22528.0,0.0,4768.0,0.23,0.02
"void at::index_elementwise_kernel<128, 4, void at::index_copy_kernel_impl<at::OpaqueType<2>>(at::TensorIterator &, long, long, long)::[lambda(int) (instance 1)]>(long, T3)",22528.0,0.0,4544.0,0.25,0.02
"void at::elementwise_kernel<128, 4, void at::gpu_kernel_impl_nocast<at::direct_copy_kernel_cuda(at::TensorIteratorBase &)::[lambda() (instance 3)]::operator ()() const::[lambda() (instance 10)]::operator ()() const::[lambda(c10::Half) (instance 1)]>(at::TensorIteratorBase &, const T1 &)::[lambda(int) (instance 1)]>(int, T3)",558464.0,0.0,11296.0,2.43,44.09
"void at::elementwise_kernel<128, 4, void at::gpu_kernel_impl_nocast<at::direct_copy_kernel_cuda(at::TensorIteratorBase &)::[lambda() (instance 3)]::operator ()() const::[lambda() (instance 10)]::operator ()() const::[lambda(c10::Half) (instance 1)]>(at::TensorIteratorBase &, const T1 &)::[lambda(int) (instance 1)]>(int, T3)",558464.0,0.0,11200.0,2.46,44.52
"void at::vectorized_elementwise_kernel<4, at::FillFunctor<c10::Half>, std::array<char *, 1>>(int, T2, T3)",4096.0,0.0,2400.0,0.08,0.01
"void at::vectorized_elementwise_kernel<4, at::FillFunctor<c10::Half>, std::array<char *, 1>>(int, T2, T3)",3968.0,0.0,2336.0,0.08,0.01
"void at::elementwise_kernel<128, 4, void at::gpu_kernel_impl_nocast<at::<unnamed>::where_kernel_impl(at::TensorIterator &)::[lambda() (instance 1)]::operator ()() const::[lambda() (instance 2)]::operator ()() const::[lambda(bool, c10::Half, c10::Half) (instance 1)]>(at::TensorIteratorBase &, const T1 &)::[lambda(int) (instance 1)]>(int, T3)",22400.0,0.0,5152.0,0.21,0.04
"fmha_cutlassF_f16_aligned_64x64_rf_sm80(PyTorchMemEffAttention::AttentionKernel<cutlass::half_t, cutlass::Sm80, 1, 64, 64, 64, 1, 1>::Params)",8705024.0,0.0,79680.0,5.36,6.55
"std::enable_if<!T7, void>::type internal::kernel<int, int, __half, __half, __half, float, 0, 1, 1, 0, 7, 0, cublasGemvParamsEx<int, cublasGemvTensorStridedBatched<const __half>, cublasGemvTensorStridedBatched<const __half>, cublasGemvTensorStridedBatched<__half>, float>>(T13)",8412672.0,0.0,11360.0,36.44,17.45
"void at::vectorized_elementwise_kernel<4, at::CUDAFunctor_add<c10::Half>, std::array<char *, 3>>(int, T2, T3)",14464.0,0.0,2720.0,0.27,0.03
"void at::unrolled_elementwise_kernel<at::direct_copy_kernel_cuda(at::TensorIteratorBase &)::[lambda() (instance 3)]::operator ()() const::[lambda() (instance 7)]::operator ()() const::[lambda(float) (instance 1)], std::array<char *, 2>, 4, TrivialOffsetCalculator<1, unsigned int>, TrivialOffsetCalculator<1, unsigned int>, memory::LoadWithCast<1>, memory::StoreWithCast<1>>(int, T1, T2, T4, T5, T6, T7)",36224.0,0.0,5376.0,0.33,0.1
"void at::vectorized_elementwise_kernel<4, void at::<unnamed>::pow_tensor_scalar_kernel_impl<float, float>(at::TensorIteratorBase &, T2)::[lambda(float) (instance 1)], std::array<char *, 2>>(int, T2, T3)",12928.0,0.0,2784.0,0.23,0.02
"void at::reduce_kernel<512, 1, at::ReduceOp<float, at::MeanOps<float, float, float, float>, unsigned int, float, 4, 4>>(T3)",59264.0,0.0,5312.0,0.55,0.11
"void at::vectorized_elementwise_kernel<4, at::CUDAFunctorOnSelf_add<float>, std::array<char *, 2>>(int, T2, T3)",4864.0,0.0,2624.0,0.09,0.02
"void at::vectorized_elementwise_kernel<4, at::rsqrt_kernel_cuda(at::TensorIteratorBase &)::[lambda() (instance 2)]::operator ()() const::[lambda() (instance 2)]::operator ()() const::[lambda(float) (instance 1)], std::array<char *, 2>>(int, T2, T3)",6528.0,0.0,3104.0,0.1,0.03
"void at::elementwise_kernel<128, 2, void at::gpu_kernel_impl_nocast<at::BinaryFunctor<float, float, float, binary_internal::MulFunctor<float>>>(at::TensorIteratorBase &, const T1 &)::[lambda(int) (instance 1)]>(int, T3)",19328.0,0.0,3904.0,0.25,0.11
"void at::vectorized_elementwise_kernel<4, at::float16_copy_kernel_cuda(at::TensorIteratorBase &)::[lambda(float) (instance 1)], std::array<char *, 2>>(int, T2, T3)",13184.0,0.0,2816.0,0.23,0.01
"void at::vectorized_elementwise_kernel<4, at::BinaryFunctor<c10::Half, c10::Half, c10::Half, binary_internal::MulFunctor<float>>, std::array<char *, 3>>(int, T2, T3)",14464.0,0.0,2944.0,0.24,0.03
ampere_fp16_s16816gemm_fp16_64x64_ldg8_f2f_stages_64x6_tn,23086336.0,413568.0,18752.0,61.56,25.55
"void at::vectorized_elementwise_kernel<4, at::<unnamed>::silu_kernel(at::TensorIteratorBase &)::[lambda() (instance 1)]::operator ()() const::[lambda() (instance 5)]::operator ()() const::[lambda(c10::Half) (instance 1)], std::array<char *, 2>>(int, T2, T3)",24448.0,0.0,3392.0,0.36,0.24
ampere_fp16_s16816gemm_fp16_64x64_ldg8_f2f_stages_64x6_tn,23086464.0,452992.0,19776.0,58.53,24.24
"void at::vectorized_elementwise_kernel<4, at::BinaryFunctor<c10::Half, c10::Half, c10::Half, binary_internal::MulFunctor<float>>, std::array<char *, 3>>(int, T2, T3)",28800.0,0.0,2816.0,0.51,0.11
"std::enable_if<!T7, void>::type internal::kernel<int, int, __half, __half, __half, float, 0, 1, 1, 0, 7, 0, cublasGemvParamsEx<int, cublasGemvTensorStridedBatched<const __half>, cublasGemvTensorStridedBatched<const __half>, cublasGemvTensorStridedBatched<__half>, float>>(T13)",23100288.0,944640.0,26656.0,44.34,18.97
"void at::vectorized_elementwise_kernel<4, at::CUDAFunctor_add<c10::Half>, std::array<char *, 3>>(int, T2, T3)",14464.0,0.0,2880.0,0.25,0.03
"void at::unrolled_elementwise_kernel<at::direct_copy_kernel_cuda(at::TensorIteratorBase &)::[lambda() (instance 3)]::operator ()() const::[lambda() (instance 7)]::operator ()() const::[lambda(float) (instance 1)], std::array<char *, 2>, 4, TrivialOffsetCalculator<1, unsigned int>, TrivialOffsetCalculator<1, unsigned int>, memory::LoadWithCast<1>, memory::StoreWithCast<1>>(int, T1, T2, T4, T5, T6, T7)",36224.0,0.0,5408.0,0.33,0.1
"void at::vectorized_elementwise_kernel<4, void at::<unnamed>::pow_tensor_scalar_kernel_impl<float, float>(at::TensorIteratorBase &, T2)::[lambda(float) (instance 1)], std::array<char *, 2>>(int, T2, T3)",12928.0,0.0,2688.0,0.24,0.02
"void at::reduce_kernel<512, 1, at::ReduceOp<float, at::MeanOps<float, float, float, float>, unsigned int, float, 4, 4>>(T3)",59264.0,0.0,5344.0,0.55,0.1
"void at::vectorized_elementwise_kernel<4, at::CUDAFunctorOnSelf_add<float>, std::array<char *, 2>>(int, T2, T3)",4864.0,0.0,2656.0,0.09,0.02
"void at::vectorized_elementwise_kernel<4, at::rsqrt_kernel_cuda(at::TensorIteratorBase &)::[lambda() (instance 2)]::operator ()() const::[lambda() (instance 2)]::operator ()() const::[lambda(float) (instance 1)], std::array<char *, 2>>(int, T2, T3)",6400.0,0.0,3040.0,0.1,0.03
"void at::elementwise_kernel<128, 2, void at::gpu_kernel_impl_nocast<at::BinaryFunctor<float, float, float, binary_internal::MulFunctor<float>>>(at::TensorIteratorBase &, const T1 &)::[lambda(int) (instance 1)]>(int, T3)",19328.0,0.0,3968.0,0.24,0.11
"void at::vectorized_elementwise_kernel<4, at::float16_copy_kernel_cuda(at::TensorIteratorBase &)::[lambda(float) (instance 1)], std::array<char *, 2>>(int, T2, T3)",13312.0,0.0,2720.0,0.24,0.01
"void at::vectorized_elementwise_kernel<4, at::BinaryFunctor<c10::Half, c10::Half, c10::Half, binary_internal::MulFunctor<float>>, std::array<char *, 3>>(int, T2, T3)",14464.0,0.0,2752.0,0.26,0.03
"std::enable_if<!T7, void>::type internal::kernel<int, int, __half, __half, __half, float, 0, 1, 1, 0, 7, 0, cublasGemvParamsEx<int, cublasGemvTensorStridedBatched<const __half>, cublasGemvTensorStridedBatched<const __half>, cublasGemvTensorStridedBatched<__half>, float>>(T13)",8412800.0,384.0,11936.0,34.67,16.54
"std::enable_if<!T7, void>::type internal::kernel<int, int, __half, __half, __half, float, 0, 1, 1, 0, 7, 0, cublasGemvParamsEx<int, cublasGemvTensorStridedBatched<const __half>, cublasGemvTensorStridedBatched<const __half>, cublasGemvTensorStridedBatched<__half>, float>>(T13)",1072768.0,0.0,5536.0,9.55,5.15
"std::enable_if<!T7, void>::type internal::kernel<int, int, __half, __half, __half, float, 0, 1, 1, 0, 7, 0, cublasGemvParamsEx<int, cublasGemvTensorStridedBatched<const __half>, cublasGemvTensorStridedBatched<const __half>, cublasGemvTensorStridedBatched<__half>, float>>(T13)",1072640.0,0.0,5664.0,9.3,5.01
"void at::elementwise_kernel<128, 4, void at::gpu_kernel_impl_nocast<at::BinaryFunctor<c10::Half, c10::Half, c10::Half, binary_internal::MulFunctor<float>>>(at::TensorIteratorBase &, const T1 &)::[lambda(int) (instance 1)]>(int, T3)",24064.0,0.0,5344.0,0.22,0.1
"void at::elementwise_kernel<128, 4, void at::gpu_kernel_impl_nocast<at::neg_kernel_cuda(at::TensorIteratorBase &)::[lambda() (instance 2)]::operator ()() const::[lambda() (instance 8)]::operator ()() const::[lambda(c10::Half) (instance 1)]>(at::TensorIteratorBase &, const T1 &)::[lambda(int) (instance 1)]>(int, T3)",19840.0,0.0,4864.0,0.2,0.04
"void at::<unnamed>::CatArrayBatchedCopy<at::<unnamed>::OpaqueType<2>, unsigned int, 4, 64, 64>(T1 *, at::<unnamed>::CatArrInputTensorMetadata<T1, T2, T4, T5>, at::<unnamed>::TensorSizeStride<T2, 4>, int, T2)",12288.0,0.0,6752.0,0.09,3.4
"void at::elementwise_kernel<128, 4, void at::gpu_kernel_impl_nocast<at::BinaryFunctor<c10::Half, c10::Half, c10::Half, binary_internal::MulFunctor<float>>>(at::TensorIteratorBase &, const T1 &)::[lambda(int) (instance 1)]>(int, T3)",23936.0,0.0,5344.0,0.22,0.1
"void at::vectorized_elementwise_kernel<4, at::CUDAFunctor_add<c10::Half>, std::array<char *, 3>>(int, T2, T3)",14464.0,0.0,2976.0,0.24,0.03
"void at::elementwise_kernel<128, 4, void at::gpu_kernel_impl_nocast<at::BinaryFunctor<c10::Half, c10::Half, c10::Half, binary_internal::MulFunctor<float>>>(at::TensorIteratorBase &, const T1 &)::[lambda(int) (instance 1)]>(int, T3)",20352.0,0.0,4096.0,0.25,0.02
"void at::elementwise_kernel<128, 4, void at::gpu_kernel_impl_nocast<at::neg_kernel_cuda(at::TensorIteratorBase &)::[lambda() (instance 2)]::operator ()() const::[lambda() (instance 8)]::operator ()() const::[lambda(c10::Half) (instance 1)]>(at::TensorIteratorBase &, const T1 &)::[lambda(int) (instance 1)]>(int, T3)",18048.0,0.0,3712.0,0.24,0.01
"void at::<unnamed>::CatArrayBatchedCopy<at::<unnamed>::OpaqueType<2>, unsigned int, 4, 64, 64>(T1 *, at::<unnamed>::CatArrInputTensorMetadata<T1, T2, T4, T5>, at::<unnamed>::TensorSizeStride<T2, 4>, int, T2)",7680.0,0.0,5312.0,0.07,4.05
"void at::elementwise_kernel<128, 4, void at::gpu_kernel_impl_nocast<at::BinaryFunctor<c10::Half, c10::Half, c10::Half, binary_internal::MulFunctor<float>>>(at::TensorIteratorBase &, const T1 &)::[lambda(int) (instance 1)]>(int, T3)",20352.0,0.0,4320.0,0.23,0.02
"void at::vectorized_elementwise_kernel<4, at::CUDAFunctor_add<c10::Half>, std::array<char *, 3>>(int, T2, T3)",7296.0,0.0,2944.0,0.12,0.04
"void <unnamed>::elementwise_kernel_with_index<int, at::arange_cuda_out(const c10::Scalar &, const c10::Scalar &, const c10::Scalar &, at::Tensor &)::[lambda() (instance 1)]::operator ()() const::[lambda() (instance 4)]::operator ()() const::[lambda(long) (instance 1)]>(T1, T2, function_traits<T2>::result_type *)",2688.0,0.0,2272.0,0.06,0.0
"void at::vectorized_elementwise_kernel<2, at::CUDAFunctor_add<long>, std::array<char *, 3>>(int, T2, T3)",6400.0,0.0,3040.0,0.11,0.03
"void at::vectorized_elementwise_kernel<2, at::CUDAFunctorOnSelf_add<long>, std::array<char *, 2>>(int, T2, T3)",5888.0,0.0,2752.0,0.11,0.03
"void at::index_elementwise_kernel<128, 4, void at::index_copy_kernel_impl<at::OpaqueType<2>>(at::TensorIterator &, long, long, long)::[lambda(int) (instance 1)]>(long, T3)",22272.0,0.0,4736.0,0.23,0.02
"void at::index_elementwise_kernel<128, 4, void at::index_copy_kernel_impl<at::OpaqueType<2>>(at::TensorIterator &, long, long, long)::[lambda(int) (instance 1)]>(long, T3)",22528.0,0.0,4544.0,0.25,0.02
"void at::elementwise_kernel<128, 4, void at::gpu_kernel_impl_nocast<at::direct_copy_kernel_cuda(at::TensorIteratorBase &)::[lambda() (instance 3)]::operator ()() const::[lambda() (instance 10)]::operator ()() const::[lambda(c10::Half) (instance 1)]>(at::TensorIteratorBase &, const T1 &)::[lambda(int) (instance 1)]>(int, T3)",558464.0,0.0,11136.0,2.47,44.73
"void at::elementwise_kernel<128, 4, void at::gpu_kernel_impl_nocast<at::direct_copy_kernel_cuda(at::TensorIteratorBase &)::[lambda() (instance 3)]::operator ()() const::[lambda() (instance 10)]::operator ()() const::[lambda(c10::Half) (instance 1)]>(at::TensorIteratorBase &, const T1 &)::[lambda(int) (instance 1)]>(int, T3)",558464.0,0.0,11072.0,2.48,44.85
"void at::vectorized_elementwise_kernel<4, at::FillFunctor<c10::Half>, std::array<char *, 1>>(int, T2, T3)",3968.0,0.0,2336.0,0.08,0.01
"void at::vectorized_elementwise_kernel<4, at::FillFunctor<c10::Half>, std::array<char *, 1>>(int, T2, T3)",4096.0,0.0,2464.0,0.08,0.01
"void at::elementwise_kernel<128, 4, void at::gpu_kernel_impl_nocast<at::<unnamed>::where_kernel_impl(at::TensorIterator &)::[lambda() (instance 1)]::operator ()() const::[lambda() (instance 2)]::operator ()() const::[lambda(bool, c10::Half, c10::Half) (instance 1)]>(at::TensorIteratorBase &, const T1 &)::[lambda(int) (instance 1)]>(int, T3)",22656.0,0.0,5184.0,0.22,0.04
"fmha_cutlassF_f16_aligned_64x64_rf_sm80(PyTorchMemEffAttention::AttentionKernel<cutlass::half_t, cutlass::Sm80, 1, 64, 64, 64, 1, 1>::Params)",8705152.0,0.0,79584.0,5.37,6.55
"std::enable_if<!T7, void>::type internal::kernel<int, int, __half, __half, __half, float, 0, 1, 1, 0, 7, 0, cublasGemvParamsEx<int, cublasGemvTensorStridedBatched<const __half>, cublasGemvTensorStridedBatched<const __half>, cublasGemvTensorStridedBatched<__half>, float>>(T13)",8412800.0,0.0,11200.0,36.94,17.69
"void at::vectorized_elementwise_kernel<4, at::CUDAFunctor_add<c10::Half>, std::array<char *, 3>>(int, T2, T3)",14464.0,0.0,2880.0,0.25,0.03
"void at::unrolled_elementwise_kernel<at::direct_copy_kernel_cuda(at::TensorIteratorBase &)::[lambda() (instance 3)]::operator ()() const::[lambda() (instance 7)]::operator ()() const::[lambda(float) (instance 1)], std::array<char *, 2>, 4, TrivialOffsetCalculator<1, unsigned int>, TrivialOffsetCalculator<1, unsigned int>, memory::LoadWithCast<1>, memory::StoreWithCast<1>>(int, T1, T2, T4, T5, T6, T7)",36224.0,0.0,5824.0,0.31,0.09
"void at::vectorized_elementwise_kernel<4, void at::<unnamed>::pow_tensor_scalar_kernel_impl<float, float>(at::TensorIteratorBase &, T2)::[lambda(float) (instance 1)], std::array<char *, 2>>(int, T2, T3)",12928.0,0.0,2816.0,0.23,0.02
"void at::reduce_kernel<512, 1, at::ReduceOp<float, at::MeanOps<float, float, float, float>, unsigned int, float, 4, 4>>(T3)",59264.0,0.0,5536.0,0.53,0.1
"void at::vectorized_elementwise_kernel<4, at::CUDAFunctorOnSelf_add<float>, std::array<char *, 2>>(int, T2, T3)",4864.0,0.0,2624.0,0.09,0.02
"void at::vectorized_elementwise_kernel<4, at::rsqrt_kernel_cuda(at::TensorIteratorBase &)::[lambda() (instance 2)]::operator ()() const::[lambda() (instance 2)]::operator ()() const::[lambda(float) (instance 1)], std::array<char *, 2>>(int, T2, T3)",6528.0,0.0,3072.0,0.11,0.03
"void at::elementwise_kernel<128, 2, void at::gpu_kernel_impl_nocast<at::BinaryFunctor<float, float, float, binary_internal::MulFunctor<float>>>(at::TensorIteratorBase &, const T1 &)::[lambda(int) (instance 1)]>(int, T3)",19200.0,0.0,3840.0,0.25,0.11
"void at::vectorized_elementwise_kernel<4, at::float16_copy_kernel_cuda(at::TensorIteratorBase &)::[lambda(float) (instance 1)], std::array<char *, 2>>(int, T2, T3)",13184.0,0.0,2656.0,0.25,0.01
"void at::vectorized_elementwise_kernel<4, at::BinaryFunctor<c10::Half, c10::Half, c10::Half, binary_internal::MulFunctor<float>>, std::array<char *, 3>>(int, T2, T3)",14464.0,0.0,2720.0,0.27,0.03
ampere_fp16_s16816gemm_fp16_64x64_ldg8_f2f_stages_64x6_tn,23086592.0,248064.0,18976.0,60.55,25.28
"void at::vectorized_elementwise_kernel<4, at::<unnamed>::silu_kernel(at::TensorIteratorBase &)::[lambda() (instance 1)]::operator ()() const::[lambda() (instance 5)]::operator ()() const::[lambda(c10::Half) (instance 1)], std::array<char *, 2>>(int, T2, T3)",24576.0,0.0,3648.0,0.34,0.22
ampere_fp16_s16816gemm_fp16_64x64_ldg8_f2f_stages_64x6_tn,23086464.0,436608.0,19264.0,59.93,24.85
"void at::vectorized_elementwise_kernel<4, at::BinaryFunctor<c10::Half, c10::Half, c10::Half, binary_internal::MulFunctor<float>>, std::array<char *, 3>>(int, T2, T3)",28800.0,0.0,2912.0,0.49,0.11
"std::enable_if<!T7, void>::type internal::kernel<int, int, __half, __half, __half, float, 0, 1, 1, 0, 7, 0, cublasGemvParamsEx<int, cublasGemvTensorStridedBatched<const __half>, cublasGemvTensorStridedBatched<const __half>, cublasGemvTensorStridedBatched<__half>, float>>(T13)",23100544.0,790016.0,26240.0,44.74,19.26
"void at::vectorized_elementwise_kernel<4, at::CUDAFunctor_add<c10::Half>, std::array<char *, 3>>(int, T2, T3)",14464.0,0.0,2848.0,0.25,0.03
"void at::unrolled_elementwise_kernel<at::direct_copy_kernel_cuda(at::TensorIteratorBase &)::[lambda() (instance 3)]::operator ()() const::[lambda() (instance 7)]::operator ()() const::[lambda(float) (instance 1)], std::array<char *, 2>, 4, TrivialOffsetCalculator<1, unsigned int>, TrivialOffsetCalculator<1, unsigned int>, memory::LoadWithCast<1>, memory::StoreWithCast<1>>(int, T1, T2, T4, T5, T6, T7)",36224.0,0.0,5568.0,0.32,0.1
"void at::vectorized_elementwise_kernel<4, void at::<unnamed>::pow_tensor_scalar_kernel_impl<float, float>(at::TensorIteratorBase &, T2)::[lambda(float) (instance 1)], std::array<char *, 2>>(int, T2, T3)",12928.0,0.0,2784.0,0.23,0.02
"void at::reduce_kernel<512, 1, at::ReduceOp<float, at::MeanOps<float, float, float, float>, unsigned int, float, 4, 4>>(T3)",59264.0,0.0,5152.0,0.57,0.11
"void at::vectorized_elementwise_kernel<4, at::CUDAFunctorOnSelf_add<float>, std::array<char *, 2>>(int, T2, T3)",4736.0,0.0,2880.0,0.08,0.02
"void at::vectorized_elementwise_kernel<4, at::rsqrt_kernel_cuda(at::TensorIteratorBase &)::[lambda() (instance 2)]::operator ()() const::[lambda() (instance 2)]::operator ()() const::[lambda(float) (instance 1)], std::array<char *, 2>>(int, T2, T3)",6400.0,0.0,2912.0,0.11,0.04
"void at::elementwise_kernel<128, 2, void at::gpu_kernel_impl_nocast<at::BinaryFunctor<float, float, float, binary_internal::MulFunctor<float>>>(at::TensorIteratorBase &, const T1 &)::[lambda(int) (instance 1)]>(int, T3)",19328.0,0.0,3840.0,0.25,0.11
"void at::vectorized_elementwise_kernel<4, at::float16_copy_kernel_cuda(at::TensorIteratorBase &)::[lambda(float) (instance 1)], std::array<char *, 2>>(int, T2, T3)",13312.0,0.0,2720.0,0.24,0.01
"void at::vectorized_elementwise_kernel<4, at::BinaryFunctor<c10::Half, c10::Half, c10::Half, binary_internal::MulFunctor<float>>, std::array<char *, 3>>(int, T2, T3)",14464.0,0.0,2752.0,0.26,0.03
"std::enable_if<!T7, void>::type internal::kernel<int, int, __half, __half, __half, float, 0, 1, 1, 0, 7, 0, cublasGemvParamsEx<int, cublasGemvTensorStridedBatched<const __half>, cublasGemvTensorStridedBatched<const __half>, cublasGemvTensorStridedBatched<__half>, float>>(T13)",8412672.0,128.0,11200.0,36.97,17.7
"std::enable_if<!T7, void>::type internal::kernel<int, int, __half, __half, __half, float, 0, 1, 1, 0, 7, 0, cublasGemvParamsEx<int, cublasGemvTensorStridedBatched<const __half>, cublasGemvTensorStridedBatched<const __half>, cublasGemvTensorStridedBatched<__half>, float>>(T13)",1072640.0,0.0,5440.0,9.74,5.23
"std::enable_if<!T7, void>::type internal::kernel<int, int, __half, __half, __half, float, 0, 1, 1, 0, 7, 0, cublasGemvParamsEx<int, cublasGemvTensorStridedBatched<const __half>, cublasGemvTensorStridedBatched<const __half>, cublasGemvTensorStridedBatched<__half>, float>>(T13)",1072640.0,0.0,5632.0,9.37,5.05
"void at::elementwise_kernel<128, 4, void at::gpu_kernel_impl_nocast<at::BinaryFunctor<c10::Half, c10::Half, c10::Half, binary_internal::MulFunctor<float>>>(at::TensorIteratorBase &, const T1 &)::[lambda(int) (instance 1)]>(int, T3)",23936.0,0.0,5184.0,0.23,0.1
"void at::elementwise_kernel<128, 4, void at::gpu_kernel_impl_nocast<at::neg_kernel_cuda(at::TensorIteratorBase &)::[lambda() (instance 2)]::operator ()() const::[lambda() (instance 8)]::operator ()() const::[lambda(c10::Half) (instance 1)]>(at::TensorIteratorBase &, const T1 &)::[lambda(int) (instance 1)]>(int, T3)",19840.0,0.0,4800.0,0.2,0.04
"void at::<unnamed>::CatArrayBatchedCopy<at::<unnamed>::OpaqueType<2>, unsigned int, 4, 64, 64>(T1 *, at::<unnamed>::CatArrInputTensorMetadata<T1, T2, T4, T5>, at::<unnamed>::TensorSizeStride<T2, 4>, int, T2)",11008.0,0.0,6560.0,0.08,3.5
"void at::elementwise_kernel<128, 4, void at::gpu_kernel_impl_nocast<at::BinaryFunctor<c10::Half, c10::Half, c10::Half, binary_internal::MulFunctor<float>>>(at::TensorIteratorBase &, const T1 &)::[lambda(int) (instance 1)]>(int, T3)",24064.0,0.0,5216.0,0.23,0.1
"void at::vectorized_elementwise_kernel<4, at::CUDAFunctor_add<c10::Half>, std::array<char *, 3>>(int, T2, T3)",14464.0,0.0,2784.0,0.26,0.03
"void at::elementwise_kernel<128, 4, void at::gpu_kernel_impl_nocast<at::BinaryFunctor<c10::Half, c10::Half, c10::Half, binary_internal::MulFunctor<float>>>(at::TensorIteratorBase &, const T1 &)::[lambda(int) (instance 1)]>(int, T3)",20480.0,0.0,4224.0,0.24,0.02
"void at::elementwise_kernel<128, 4, void at::gpu_kernel_impl_nocast<at::neg_kernel_cuda(at::TensorIteratorBase &)::[lambda() (instance 2)]::operator ()() const::[lambda() (instance 8)]::operator ()() const::[lambda(c10::Half) (instance 1)]>(at::TensorIteratorBase &, const T1 &)::[lambda(int) (instance 1)]>(int, T3)",18048.0,0.0,3552.0,0.25,0.01
"void at::<unnamed>::CatArrayBatchedCopy<at::<unnamed>::OpaqueType<2>, unsigned int, 4, 64, 64>(T1 *, at::<unnamed>::CatArrInputTensorMetadata<T1, T2, T4, T5>, at::<unnamed>::TensorSizeStride<T2, 4>, int, T2)",7424.0,0.0,5088.0,0.07,4.14
"void at::elementwise_kernel<128, 4, void at::gpu_kernel_impl_nocast<at::BinaryFunctor<c10::Half, c10::Half, c10::Half, binary_internal::MulFunctor<float>>>(at::TensorIteratorBase &, const T1 &)::[lambda(int) (instance 1)]>(int, T3)",20352.0,0.0,4256.0,0.24,0.02
"void at::vectorized_elementwise_kernel<4, at::CUDAFunctor_add<c10::Half>, std::array<char *, 3>>(int, T2, T3)",7296.0,0.0,2976.0,0.12,0.04
"void <unnamed>::elementwise_kernel_with_index<int, at::arange_cuda_out(const c10::Scalar &, const c10::Scalar &, const c10::Scalar &, at::Tensor &)::[lambda() (instance 1)]::operator ()() const::[lambda() (instance 4)]::operator ()() const::[lambda(long) (instance 1)]>(T1, T2, function_traits<T2>::result_type *)",2688.0,0.0,2464.0,0.05,0.0
"void at::vectorized_elementwise_kernel<2, at::CUDAFunctor_add<long>, std::array<char *, 3>>(int, T2, T3)",6528.0,0.0,2912.0,0.11,0.03
"void at::vectorized_elementwise_kernel<2, at::CUDAFunctorOnSelf_add<long>, std::array<char *, 2>>(int, T2, T3)",5888.0,0.0,2848.0,0.1,0.03
"void at::index_elementwise_kernel<128, 4, void at::index_copy_kernel_impl<at::OpaqueType<2>>(at::TensorIterator &, long, long, long)::[lambda(int) (instance 1)]>(long, T3)",22272.0,0.0,4864.0,0.23,0.02
"void at::index_elementwise_kernel<128, 4, void at::index_copy_kernel_impl<at::OpaqueType<2>>(at::TensorIterator &, long, long, long)::[lambda(int) (instance 1)]>(long, T3)",22400.0,0.0,4544.0,0.24,0.02
"void at::elementwise_kernel<128, 4, void at::gpu_kernel_impl_nocast<at::direct_copy_kernel_cuda(at::TensorIteratorBase &)::[lambda() (instance 3)]::operator ()() const::[lambda() (instance 10)]::operator ()() const::[lambda(c10::Half) (instance 1)]>(at::TensorIteratorBase &, const T1 &)::[lambda(int) (instance 1)]>(int, T3)",558464.0,0.0,11168.0,2.46,44.76
"void at::elementwise_kernel<128, 4, void at::gpu_kernel_impl_nocast<at::direct_copy_kernel_cuda(at::TensorIteratorBase &)::[lambda() (instance 3)]::operator ()() const::[lambda() (instance 10)]::operator ()() const::[lambda(c10::Half) (instance 1)]>(at::TensorIteratorBase &, const T1 &)::[lambda(int) (instance 1)]>(int, T3)",558464.0,0.0,11232.0,2.45,44.32
"void at::vectorized_elementwise_kernel<4, at::FillFunctor<c10::Half>, std::array<char *, 1>>(int, T2, T3)",3968.0,0.0,2368.0,0.08,0.01
"void at::vectorized_elementwise_kernel<4, at::FillFunctor<c10::Half>, std::array<char *, 1>>(int, T2, T3)",3968.0,0.0,2400.0,0.08,0.01
"void at::elementwise_kernel<128, 4, void at::gpu_kernel_impl_nocast<at::<unnamed>::where_kernel_impl(at::TensorIterator &)::[lambda() (instance 1)]::operator ()() const::[lambda() (instance 2)]::operator ()() const::[lambda(bool, c10::Half, c10::Half) (instance 1)]>(at::TensorIteratorBase &, const T1 &)::[lambda(int) (instance 1)]>(int, T3)",22656.0,0.0,5280.0,0.21,0.04
"fmha_cutlassF_f16_aligned_64x64_rf_sm80(PyTorchMemEffAttention::AttentionKernel<cutlass::half_t, cutlass::Sm80, 1, 64, 64, 64, 1, 1>::Params)",8705024.0,0.0,79648.0,5.36,6.55
"std::enable_if<!T7, void>::type internal::kernel<int, int, __half, __half, __half, float, 0, 1, 1, 0, 7, 0, cublasGemvParamsEx<int, cublasGemvTensorStridedBatched<const __half>, cublasGemvTensorStridedBatched<const __half>, cublasGemvTensorStridedBatched<__half>, float>>(T13)",8412672.0,128.0,12000.0,34.46,16.46
"void at::vectorized_elementwise_kernel<4, at::CUDAFunctor_add<c10::Half>, std::array<char *, 3>>(int, T2, T3)",14464.0,0.0,2720.0,0.27,0.03
"void at::unrolled_elementwise_kernel<at::direct_copy_kernel_cuda(at::TensorIteratorBase &)::[lambda() (instance 3)]::operator ()() const::[lambda() (instance 7)]::operator ()() const::[lambda(float) (instance 1)], std::array<char *, 2>, 4, TrivialOffsetCalculator<1, unsigned int>, TrivialOffsetCalculator<1, unsigned int>, memory::LoadWithCast<1>, memory::StoreWithCast<1>>(int, T1, T2, T4, T5, T6, T7)",36224.0,0.0,5440.0,0.33,0.1
"void at::vectorized_elementwise_kernel<4, void at::<unnamed>::pow_tensor_scalar_kernel_impl<float, float>(at::TensorIteratorBase &, T2)::[lambda(float) (instance 1)], std::array<char *, 2>>(int, T2, T3)",12928.0,0.0,2944.0,0.22,0.01
"void at::reduce_kernel<512, 1, at::ReduceOp<float, at::MeanOps<float, float, float, float>, unsigned int, float, 4, 4>>(T3)",59264.0,0.0,5344.0,0.55,0.11
"void at::vectorized_elementwise_kernel<4, at::CUDAFunctorOnSelf_add<float>, std::array<char *, 2>>(int, T2, T3)",4864.0,0.0,2784.0,0.09,0.02
"void at::vectorized_elementwise_kernel<4, at::rsqrt_kernel_cuda(at::TensorIteratorBase &)::[lambda() (instance 2)]::operator ()() const::[lambda() (instance 2)]::operator ()() const::[lambda(float) (instance 1)], std::array<char *, 2>>(int, T2, T3)",6272.0,0.0,2912.0,0.11,0.04
"void at::elementwise_kernel<128, 2, void at::gpu_kernel_impl_nocast<at::BinaryFunctor<float, float, float, binary_internal::MulFunctor<float>>>(at::TensorIteratorBase &, const T1 &)::[lambda(int) (instance 1)]>(int, T3)",19200.0,0.0,3872.0,0.25,0.11
"void at::vectorized_elementwise_kernel<4, at::float16_copy_kernel_cuda(at::TensorIteratorBase &)::[lambda(float) (instance 1)], std::array<char *, 2>>(int, T2, T3)",13184.0,0.0,2624.0,0.25,0.01
"void at::vectorized_elementwise_kernel<4, at::BinaryFunctor<c10::Half, c10::Half, c10::Half, binary_internal::MulFunctor<float>>, std::array<char *, 3>>(int, T2, T3)",14464.0,0.0,2720.0,0.26,0.03
ampere_fp16_s16816gemm_fp16_64x64_ldg8_f2f_stages_64x6_tn,23086208.0,467968.0,19456.0,59.43,24.64
"void at::vectorized_elementwise_kernel<4, at::<unnamed>::silu_kernel(at::TensorIteratorBase &)::[lambda() (instance 1)]::operator ()() const::[lambda() (instance 5)]::operator ()() const::[lambda(c10::Half) (instance 1)], std::array<char *, 2>>(int, T2, T3)",24576.0,0.0,3584.0,0.34,0.23
ampere_fp16_s16816gemm_fp16_64x64_ldg8_f2f_stages_64x6_tn,23086720.0,787456.0,19200.0,61.07,24.94
"void at::vectorized_elementwise_kernel<4, at::BinaryFunctor<c10::Half, c10::Half, c10::Half, binary_internal::MulFunctor<float>>, std::array<char *, 3>>(int, T2, T3)",28800.0,0.0,2944.0,0.49,0.1
"std::enable_if<!T7, void>::type internal::kernel<int, int, __half, __half, __half, float, 0, 1, 1, 0, 7, 0, cublasGemvParamsEx<int, cublasGemvTensorStridedBatched<const __half>, cublasGemvTensorStridedBatched<const __half>, cublasGemvTensorStridedBatched<__half>, float>>(T13)",23099904.0,770560.0,26272.0,44.68,19.24
"void at::vectorized_elementwise_kernel<4, at::CUDAFunctor_add<c10::Half>, std::array<char *, 3>>(int, T2, T3)",14464.0,0.0,2912.0,0.25,0.03
"void at::unrolled_elementwise_kernel<at::direct_copy_kernel_cuda(at::TensorIteratorBase &)::[lambda() (instance 3)]::operator ()() const::[lambda() (instance 7)]::operator ()() const::[lambda(float) (instance 1)], std::array<char *, 2>, 4, TrivialOffsetCalculator<1, unsigned int>, TrivialOffsetCalculator<1, unsigned int>, memory::LoadWithCast<1>, memory::StoreWithCast<1>>(int, T1, T2, T4, T5, T6, T7)",36224.0,0.0,5536.0,0.32,0.1
"void at::vectorized_elementwise_kernel<4, void at::<unnamed>::pow_tensor_scalar_kernel_impl<float, float>(at::TensorIteratorBase &, T2)::[lambda(float) (instance 1)], std::array<char *, 2>>(int, T2, T3)",12928.0,0.0,2656.0,0.25,0.02
"void at::reduce_kernel<512, 1, at::ReduceOp<float, at::MeanOps<float, float, float, float>, unsigned int, float, 4, 4>>(T3)",59264.0,0.0,5280.0,0.55,0.11
"void at::vectorized_elementwise_kernel<4, at::CUDAFunctorOnSelf_add<float>, std::array<char *, 2>>(int, T2, T3)",4736.0,0.0,2656.0,0.09,0.02
"void at::vectorized_elementwise_kernel<4, at::rsqrt_kernel_cuda(at::TensorIteratorBase &)::[lambda() (instance 2)]::operator ()() const::[lambda() (instance 2)]::operator ()() const::[lambda(float) (instance 1)], std::array<char *, 2>>(int, T2, T3)",6400.0,0.0,2912.0,0.11,0.04
"void at::elementwise_kernel<128, 2, void at::gpu_kernel_impl_nocast<at::BinaryFunctor<float, float, float, binary_internal::MulFunctor<float>>>(at::TensorIteratorBase &, const T1 &)::[lambda(int) (instance 1)]>(int, T3)",19328.0,0.0,4064.0,0.24,0.1
"void at::vectorized_elementwise_kernel<4, at::float16_copy_kernel_cuda(at::TensorIteratorBase &)::[lambda(float) (instance 1)], std::array<char *, 2>>(int, T2, T3)",13184.0,0.0,2752.0,0.24,0.01
"void at::vectorized_elementwise_kernel<4, at::BinaryFunctor<c10::Half, c10::Half, c10::Half, binary_internal::MulFunctor<float>>, std::array<char *, 3>>(int, T2, T3)",14464.0,0.0,2752.0,0.27,0.03
"std::enable_if<!T7, void>::type internal::kernel<int, int, __half, __half, __half, float, 0, 1, 1, 0, 7, 0, cublasGemvParamsEx<int, cublasGemvTensorStridedBatched<const __half>, cublasGemvTensorStridedBatched<const __half>, cublasGemvTensorStridedBatched<__half>, float>>(T13)",8412672.0,0.0,12160.0,34.03,16.27
"std::enable_if<!T7, void>::type internal::kernel<int, int, __half, __half, __half, float, 0, 1, 1, 0, 7, 0, cublasGemvParamsEx<int, cublasGemvTensorStridedBatched<const __half>, cublasGemvTensorStridedBatched<const __half>, cublasGemvTensorStridedBatched<__half>, float>>(T13)",1072640.0,0.0,5600.0,9.42,5.08
"std::enable_if<!T7, void>::type internal::kernel<int, int, __half, __half, __half, float, 0, 1, 1, 0, 7, 0, cublasGemvParamsEx<int, cublasGemvTensorStridedBatched<const __half>, cublasGemvTensorStridedBatched<const __half>, cublasGemvTensorStridedBatched<__half>, float>>(T13)",1072640.0,0.0,5696.0,9.25,4.99
"void at::elementwise_kernel<128, 4, void at::gpu_kernel_impl_nocast<at::BinaryFunctor<c10::Half, c10::Half, c10::Half, binary_internal::MulFunctor<float>>>(at::TensorIteratorBase &, const T1 &)::[lambda(int) (instance 1)]>(int, T3)",24064.0,0.0,5344.0,0.22,0.1
"void at::elementwise_kernel<128, 4, void at::gpu_kernel_impl_nocast<at::neg_kernel_cuda(at::TensorIteratorBase &)::[lambda() (instance 2)]::operator ()() const::[lambda() (instance 8)]::operator ()() const::[lambda(c10::Half) (instance 1)]>(at::TensorIteratorBase &, const T1 &)::[lambda(int) (instance 1)]>(int, T3)",19840.0,0.0,4928.0,0.2,0.04
"void at::<unnamed>::CatArrayBatchedCopy<at::<unnamed>::OpaqueType<2>, unsigned int, 4, 64, 64>(T1 *, at::<unnamed>::CatArrInputTensorMetadata<T1, T2, T4, T5>, at::<unnamed>::TensorSizeStride<T2, 4>, int, T2)",11136.0,0.0,6592.0,0.08,3.47
"void at::elementwise_kernel<128, 4, void at::gpu_kernel_impl_nocast<at::BinaryFunctor<c10::Half, c10::Half, c10::Half, binary_internal::MulFunctor<float>>>(at::TensorIteratorBase &, const T1 &)::[lambda(int) (instance 1)]>(int, T3)",24064.0,0.0,5184.0,0.23,0.1
"void at::vectorized_elementwise_kernel<4, at::CUDAFunctor_add<c10::Half>, std::array<char *, 3>>(int, T2, T3)",14464.0,0.0,2784.0,0.26,0.03
"void at::elementwise_kernel<128, 4, void at::gpu_kernel_impl_nocast<at::BinaryFunctor<c10::Half, c10::Half, c10::Half, binary_internal::MulFunctor<float>>>(at::TensorIteratorBase &, const T1 &)::[lambda(int) (instance 1)]>(int, T3)",20480.0,0.0,4256.0,0.24,0.02
"void at::elementwise_kernel<128, 4, void at::gpu_kernel_impl_nocast<at::neg_kernel_cuda(at::TensorIteratorBase &)::[lambda() (instance 2)]::operator ()() const::[lambda() (instance 8)]::operator ()() const::[lambda(c10::Half) (instance 1)]>(at::TensorIteratorBase &, const T1 &)::[lambda(int) (instance 1)]>(int, T3)",18048.0,0.0,3488.0,0.26,0.01
"void at::<unnamed>::CatArrayBatchedCopy<at::<unnamed>::OpaqueType<2>, unsigned int, 4, 64, 64>(T1 *, at::<unnamed>::CatArrInputTensorMetadata<T1, T2, T4, T5>, at::<unnamed>::TensorSizeStride<T2, 4>, int, T2)",7424.0,0.0,5248.0,0.07,4.01
"void at::elementwise_kernel<128, 4, void at::gpu_kernel_impl_nocast<at::BinaryFunctor<c10::Half, c10::Half, c10::Half, binary_internal::MulFunctor<float>>>(at::TensorIteratorBase &, const T1 &)::[lambda(int) (instance 1)]>(int, T3)",20352.0,0.0,4448.0,0.23,0.02
"void at::vectorized_elementwise_kernel<4, at::CUDAFunctor_add<c10::Half>, std::array<char *, 3>>(int, T2, T3)",7296.0,0.0,2976.0,0.12,0.04
"void <unnamed>::elementwise_kernel_with_index<int, at::arange_cuda_out(const c10::Scalar &, const c10::Scalar &, const c10::Scalar &, at::Tensor &)::[lambda() (instance 1)]::operator ()() const::[lambda() (instance 4)]::operator ()() const::[lambda(long) (instance 1)]>(T1, T2, function_traits<T2>::result_type *)",2688.0,0.0,2304.0,0.06,0.0
"void at::vectorized_elementwise_kernel<2, at::CUDAFunctor_add<long>, std::array<char *, 3>>(int, T2, T3)",6400.0,0.0,2912.0,0.11,0.03
"void at::vectorized_elementwise_kernel<2, at::CUDAFunctorOnSelf_add<long>, std::array<char *, 2>>(int, T2, T3)",5760.0,0.0,2752.0,0.1,0.03
"void at::index_elementwise_kernel<128, 4, void at::index_copy_kernel_impl<at::OpaqueType<2>>(at::TensorIterator &, long, long, long)::[lambda(int) (instance 1)]>(long, T3)",22528.0,0.0,4768.0,0.23,0.02
"void at::index_elementwise_kernel<128, 4, void at::index_copy_kernel_impl<at::OpaqueType<2>>(at::TensorIterator &, long, long, long)::[lambda(int) (instance 1)]>(long, T3)",22272.0,0.0,4544.0,0.24,0.02
"void at::elementwise_kernel<128, 4, void at::gpu_kernel_impl_nocast<at::direct_copy_kernel_cuda(at::TensorIteratorBase &)::[lambda() (instance 3)]::operator ()() const::[lambda() (instance 10)]::operator ()() const::[lambda(c10::Half) (instance 1)]>(at::TensorIteratorBase &, const T1 &)::[lambda(int) (instance 1)]>(int, T3)",558464.0,0.0,11040.0,2.49,45.09
"void at::elementwise_kernel<128, 4, void at::gpu_kernel_impl_nocast<at::direct_copy_kernel_cuda(at::TensorIteratorBase &)::[lambda() (instance 3)]::operator ()() const::[lambda() (instance 10)]::operator ()() const::[lambda(c10::Half) (instance 1)]>(at::TensorIteratorBase &, const T1 &)::[lambda(int) (instance 1)]>(int, T3)",558464.0,0.0,11136.0,2.47,44.71
"void at::vectorized_elementwise_kernel<4, at::FillFunctor<c10::Half>, std::array<char *, 1>>(int, T2, T3)",4096.0,0.0,2336.0,0.09,0.01
"void at::vectorized_elementwise_kernel<4, at::FillFunctor<c10::Half>, std::array<char *, 1>>(int, T2, T3)",3968.0,0.0,2496.0,0.08,0.01
"void at::elementwise_kernel<128, 4, void at::gpu_kernel_impl_nocast<at::<unnamed>::where_kernel_impl(at::TensorIterator &)::[lambda() (instance 1)]::operator ()() const::[lambda() (instance 2)]::operator ()() const::[lambda(bool, c10::Half, c10::Half) (instance 1)]>(at::TensorIteratorBase &, const T1 &)::[lambda(int) (instance 1)]>(int, T3)",22784.0,0.0,5248.0,0.21,0.04
"fmha_cutlassF_f16_aligned_64x64_rf_sm80(PyTorchMemEffAttention::AttentionKernel<cutlass::half_t, cutlass::Sm80, 1, 64, 64, 64, 1, 1>::Params)",8705024.0,0.0,79680.0,5.36,6.55
"std::enable_if<!T7, void>::type internal::kernel<int, int, __half, __half, __half, float, 0, 1, 1, 0, 7, 0, cublasGemvParamsEx<int, cublasGemvTensorStridedBatched<const __half>, cublasGemvTensorStridedBatched<const __half>, cublasGemvTensorStridedBatched<__half>, float>>(T13)",8412672.0,128.0,11840.0,34.93,16.7
"void at::vectorized_elementwise_kernel<4, at::CUDAFunctor_add<c10::Half>, std::array<char *, 3>>(int, T2, T3)",14464.0,0.0,2784.0,0.26,0.03
"void at::unrolled_elementwise_kernel<at::direct_copy_kernel_cuda(at::TensorIteratorBase &)::[lambda() (instance 3)]::operator ()() const::[lambda() (instance 7)]::operator ()() const::[lambda(float) (instance 1)], std::array<char *, 2>, 4, TrivialOffsetCalculator<1, unsigned int>, TrivialOffsetCalculator<1, unsigned int>, memory::LoadWithCast<1>, memory::StoreWithCast<1>>(int, T1, T2, T4, T5, T6, T7)",36224.0,0.0,5504.0,0.32,0.1
"void at::vectorized_elementwise_kernel<4, void at::<unnamed>::pow_tensor_scalar_kernel_impl<float, float>(at::TensorIteratorBase &, T2)::[lambda(float) (instance 1)], std::array<char *, 2>>(int, T2, T3)",12928.0,0.0,2688.0,0.24,0.02
"void at::reduce_kernel<512, 1, at::ReduceOp<float, at::MeanOps<float, float, float, float>, unsigned int, float, 4, 4>>(T3)",59392.0,0.0,5376.0,0.54,0.1
"void at::vectorized_elementwise_kernel<4, at::CUDAFunctorOnSelf_add<float>, std::array<char *, 2>>(int, T2, T3)",4736.0,0.0,2752.0,0.09,0.02
"void at::vectorized_elementwise_kernel<4, at::rsqrt_kernel_cuda(at::TensorIteratorBase &)::[lambda() (instance 2)]::operator ()() const::[lambda() (instance 2)]::operator ()() const::[lambda(float) (instance 1)], std::array<char *, 2>>(int, T2, T3)",6400.0,0.0,2944.0,0.11,0.04
"void at::elementwise_kernel<128, 2, void at::gpu_kernel_impl_nocast<at::BinaryFunctor<float, float, float, binary_internal::MulFunctor<float>>>(at::TensorIteratorBase &, const T1 &)::[lambda(int) (instance 1)]>(int, T3)",19200.0,0.0,4096.0,0.23,0.1
"void at::vectorized_elementwise_kernel<4, at::float16_copy_kernel_cuda(at::TensorIteratorBase &)::[lambda(float) (instance 1)], std::array<char *, 2>>(int, T2, T3)",13184.0,0.0,2912.0,0.23,0.01
"void at::vectorized_elementwise_kernel<4, at::BinaryFunctor<c10::Half, c10::Half, c10::Half, binary_internal::MulFunctor<float>>, std::array<char *, 3>>(int, T2, T3)",14464.0,0.0,2720.0,0.26,0.03
ampere_fp16_s16816gemm_fp16_64x64_ldg8_f2f_stages_64x6_tn,23086592.0,433280.0,19488.0,59.2,24.56
"void at::vectorized_elementwise_kernel<4, at::<unnamed>::silu_kernel(at::TensorIteratorBase &)::[lambda() (instance 1)]::operator ()() const::[lambda() (instance 5)]::operator ()() const::[lambda(c10::Half) (instance 1)], std::array<char *, 2>>(int, T2, T3)",24448.0,0.0,3392.0,0.36,0.24
ampere_fp16_s16816gemm_fp16_64x64_ldg8_f2f_stages_64x6_tn,23086464.0,425600.0,18816.0,61.39,25.51
"void at::vectorized_elementwise_kernel<4, at::BinaryFunctor<c10::Half, c10::Half, c10::Half, binary_internal::MulFunctor<float>>, std::array<char *, 3>>(int, T2, T3)",28800.0,0.0,2848.0,0.51,0.11
"std::enable_if<!T7, void>::type internal::kernel<int, int, __half, __half, __half, float, 0, 1, 1, 0, 7, 0, cublasGemvParamsEx<int, cublasGemvTensorStridedBatched<const __half>, cublasGemvTensorStridedBatched<const __half>, cublasGemvTensorStridedBatched<__half>, float>>(T13)",23100160.0,703488.0,25504.0,45.83,19.82
"void at::vectorized_elementwise_kernel<4, at::CUDAFunctor_add<c10::Half>, std::array<char *, 3>>(int, T2, T3)",14464.0,0.0,2784.0,0.26,0.03
"void at::unrolled_elementwise_kernel<at::direct_copy_kernel_cuda(at::TensorIteratorBase &)::[lambda() (instance 3)]::operator ()() const::[lambda() (instance 7)]::operator ()() const::[lambda(float) (instance 1)], std::array<char *, 2>, 4, TrivialOffsetCalculator<1, unsigned int>, TrivialOffsetCalculator<1, unsigned int>, memory::LoadWithCast<1>, memory::StoreWithCast<1>>(int, T1, T2, T4, T5, T6, T7)",36224.0,0.0,5664.0,0.32,0.09
"void at::vectorized_elementwise_kernel<4, void at::<unnamed>::pow_tensor_scalar_kernel_impl<float, float>(at::TensorIteratorBase &, T2)::[lambda(float) (instance 1)], std::array<char *, 2>>(int, T2, T3)",12928.0,0.0,2720.0,0.24,0.02
"void at::reduce_kernel<512, 1, at::ReduceOp<float, at::MeanOps<float, float, float, float>, unsigned int, float, 4, 4>>(T3)",59264.0,0.0,5472.0,0.54,0.1
"void at::vectorized_elementwise_kernel<4, at::CUDAFunctorOnSelf_add<float>, std::array<char *, 2>>(int, T2, T3)",4864.0,0.0,2624.0,0.09,0.02
"void at::vectorized_elementwise_kernel<4, at::rsqrt_kernel_cuda(at::TensorIteratorBase &)::[lambda() (instance 2)]::operator ()() const::[lambda() (instance 2)]::operator ()() const::[lambda(float) (instance 1)], std::array<char *, 2>>(int, T2, T3)",6272.0,0.0,2880.0,0.11,0.04
"void at::elementwise_kernel<128, 2, void at::gpu_kernel_impl_nocast<at::BinaryFunctor<float, float, float, binary_internal::MulFunctor<float>>>(at::TensorIteratorBase &, const T1 &)::[lambda(int) (instance 1)]>(int, T3)",19200.0,0.0,3840.0,0.25,0.11
"void at::vectorized_elementwise_kernel<4, at::float16_copy_kernel_cuda(at::TensorIteratorBase &)::[lambda(float) (instance 1)], std::array<char *, 2>>(int, T2, T3)",13184.0,0.0,2720.0,0.24,0.01
"void at::vectorized_elementwise_kernel<4, at::BinaryFunctor<c10::Half, c10::Half, c10::Half, binary_internal::MulFunctor<float>>, std::array<char *, 3>>(int, T2, T3)",14464.0,0.0,2880.0,0.25,0.03
"std::enable_if<!T7, void>::type internal::kernel<int, int, __half, __half, __half, float, 0, 1, 1, 0, 7, 0, cublasGemvParamsEx<int, cublasGemvTensorStridedBatched<const __half>, cublasGemvTensorStridedBatched<const __half>, cublasGemvTensorStridedBatched<__half>, float>>(T13)",8412672.0,0.0,12032.0,34.45,16.43
"std::enable_if<!T7, void>::type internal::kernel<int, int, __half, __half, __half, float, 0, 1, 1, 0, 7, 0, cublasGemvParamsEx<int, cublasGemvTensorStridedBatched<const __half>, cublasGemvTensorStridedBatched<const __half>, cublasGemvTensorStridedBatched<__half>, float>>(T13)",1072640.0,0.0,5568.0,9.49,5.1
"std::enable_if<!T7, void>::type internal::kernel<int, int, __half, __half, __half, float, 0, 1, 1, 0, 7, 0, cublasGemvParamsEx<int, cublasGemvTensorStridedBatched<const __half>, cublasGemvTensorStridedBatched<const __half>, cublasGemvTensorStridedBatched<__half>, float>>(T13)",1072768.0,0.0,5696.0,9.3,4.99
"void at::elementwise_kernel<128, 4, void at::gpu_kernel_impl_nocast<at::BinaryFunctor<c10::Half, c10::Half, c10::Half, binary_internal::MulFunctor<float>>>(at::TensorIteratorBase &, const T1 &)::[lambda(int) (instance 1)]>(int, T3)",24064.0,0.0,5216.0,0.23,0.1
"void at::elementwise_kernel<128, 4, void at::gpu_kernel_impl_nocast<at::neg_kernel_cuda(at::TensorIteratorBase &)::[lambda() (instance 2)]::operator ()() const::[lambda() (instance 8)]::operator ()() const::[lambda(c10::Half) (instance 1)]>(at::TensorIteratorBase &, const T1 &)::[lambda(int) (instance 1)]>(int, T3)",19840.0,0.0,4864.0,0.2,0.04
"void at::<unnamed>::CatArrayBatchedCopy<at::<unnamed>::OpaqueType<2>, unsigned int, 4, 64, 64>(T1 *, at::<unnamed>::CatArrInputTensorMetadata<T1, T2, T4, T5>, at::<unnamed>::TensorSizeStride<T2, 4>, int, T2)",11008.0,0.0,6592.0,0.08,3.46
"void at::elementwise_kernel<128, 4, void at::gpu_kernel_impl_nocast<at::BinaryFunctor<c10::Half, c10::Half, c10::Half, binary_internal::MulFunctor<float>>>(at::TensorIteratorBase &, const T1 &)::[lambda(int) (instance 1)]>(int, T3)",23936.0,0.0,5312.0,0.22,0.1
"void at::vectorized_elementwise_kernel<4, at::CUDAFunctor_add<c10::Half>, std::array<char *, 3>>(int, T2, T3)",14464.0,0.0,2752.0,0.26,0.03
"void at::elementwise_kernel<128, 4, void at::gpu_kernel_impl_nocast<at::BinaryFunctor<c10::Half, c10::Half, c10::Half, binary_internal::MulFunctor<float>>>(at::TensorIteratorBase &, const T1 &)::[lambda(int) (instance 1)]>(int, T3)",20480.0,0.0,4448.0,0.23,0.02
"void at::elementwise_kernel<128, 4, void at::gpu_kernel_impl_nocast<at::neg_kernel_cuda(at::TensorIteratorBase &)::[lambda() (instance 2)]::operator ()() const::[lambda() (instance 8)]::operator ()() const::[lambda(c10::Half) (instance 1)]>(at::TensorIteratorBase &, const T1 &)::[lambda(int) (instance 1)]>(int, T3)",18048.0,0.0,3584.0,0.25,0.01
"void at::<unnamed>::CatArrayBatchedCopy<at::<unnamed>::OpaqueType<2>, unsigned int, 4, 64, 64>(T1 *, at::<unnamed>::CatArrInputTensorMetadata<T1, T2, T4, T5>, at::<unnamed>::TensorSizeStride<T2, 4>, int, T2)",7424.0,0.0,5152.0,0.07,4.1
"void at::elementwise_kernel<128, 4, void at::gpu_kernel_impl_nocast<at::BinaryFunctor<c10::Half, c10::Half, c10::Half, binary_internal::MulFunctor<float>>>(at::TensorIteratorBase &, const T1 &)::[lambda(int) (instance 1)]>(int, T3)",20480.0,0.0,4256.0,0.24,0.02
"void at::vectorized_elementwise_kernel<4, at::CUDAFunctor_add<c10::Half>, std::array<char *, 3>>(int, T2, T3)",7296.0,0.0,2944.0,0.12,0.04
"void <unnamed>::elementwise_kernel_with_index<int, at::arange_cuda_out(const c10::Scalar &, const c10::Scalar &, const c10::Scalar &, at::Tensor &)::[lambda() (instance 1)]::operator ()() const::[lambda() (instance 4)]::operator ()() const::[lambda(long) (instance 1)]>(T1, T2, function_traits<T2>::result_type *)",2688.0,0.0,2272.0,0.06,0.0
"void at::vectorized_elementwise_kernel<2, at::CUDAFunctor_add<long>, std::array<char *, 3>>(int, T2, T3)",6400.0,0.0,2912.0,0.11,0.03
"void at::vectorized_elementwise_kernel<2, at::CUDAFunctorOnSelf_add<long>, std::array<char *, 2>>(int, T2, T3)",5760.0,0.0,2784.0,0.1,0.03
"void at::index_elementwise_kernel<128, 4, void at::index_copy_kernel_impl<at::OpaqueType<2>>(at::TensorIterator &, long, long, long)::[lambda(int) (instance 1)]>(long, T3)",22400.0,0.0,4768.0,0.23,0.02
"void at::index_elementwise_kernel<128, 4, void at::index_copy_kernel_impl<at::OpaqueType<2>>(at::TensorIterator &, long, long, long)::[lambda(int) (instance 1)]>(long, T3)",22400.0,0.0,4512.0,0.25,0.02
"void at::elementwise_kernel<128, 4, void at::gpu_kernel_impl_nocast<at::direct_copy_kernel_cuda(at::TensorIteratorBase &)::[lambda() (instance 3)]::operator ()() const::[lambda() (instance 10)]::operator ()() const::[lambda(c10::Half) (instance 1)]>(at::TensorIteratorBase &, const T1 &)::[lambda(int) (instance 1)]>(int, T3)",558464.0,0.0,11072.0,2.49,45.03
"void at::elementwise_kernel<128, 4, void at::gpu_kernel_impl_nocast<at::direct_copy_kernel_cuda(at::TensorIteratorBase &)::[lambda() (instance 3)]::operator ()() const::[lambda() (instance 10)]::operator ()() const::[lambda(c10::Half) (instance 1)]>(at::TensorIteratorBase &, const T1 &)::[lambda(int) (instance 1)]>(int, T3)",558464.0,0.0,11136.0,2.48,44.79
"void at::vectorized_elementwise_kernel<4, at::FillFunctor<c10::Half>, std::array<char *, 1>>(int, T2, T3)",4096.0,0.0,2336.0,0.09,0.01
"void at::vectorized_elementwise_kernel<4, at::FillFunctor<c10::Half>, std::array<char *, 1>>(int, T2, T3)",3968.0,0.0,2592.0,0.08,0.01
"void at::elementwise_kernel<128, 4, void at::gpu_kernel_impl_nocast<at::<unnamed>::where_kernel_impl(at::TensorIterator &)::[lambda() (instance 1)]::operator ()() const::[lambda() (instance 2)]::operator ()() const::[lambda(bool, c10::Half, c10::Half) (instance 1)]>(at::TensorIteratorBase &, const T1 &)::[lambda(int) (instance 1)]>(int, T3)",22528.0,0.0,5600.0,0.2,0.04
"fmha_cutlassF_f16_aligned_64x64_rf_sm80(PyTorchMemEffAttention::AttentionKernel<cutlass::half_t, cutlass::Sm80, 1, 64, 64, 64, 1, 1>::Params)",8705024.0,0.0,79936.0,5.34,6.52
"std::enable_if<!T7, void>::type internal::kernel<int, int, __half, __half, __half, float, 0, 1, 1, 0, 7, 0, cublasGemvParamsEx<int, cublasGemvTensorStridedBatched<const __half>, cublasGemvTensorStridedBatched<const __half>, cublasGemvTensorStridedBatched<__half>, float>>(T13)",8415232.0,0.0,11776.0,35.2,16.81
"void at::vectorized_elementwise_kernel<4, at::CUDAFunctor_add<c10::Half>, std::array<char *, 3>>(int, T2, T3)",14464.0,0.0,2784.0,0.26,0.03
"void at::unrolled_elementwise_kernel<at::direct_copy_kernel_cuda(at::TensorIteratorBase &)::[lambda() (instance 3)]::operator ()() const::[lambda() (instance 7)]::operator ()() const::[lambda(float) (instance 1)], std::array<char *, 2>, 4, TrivialOffsetCalculator<1, unsigned int>, TrivialOffsetCalculator<1, unsigned int>, memory::LoadWithCast<1>, memory::StoreWithCast<1>>(int, T1, T2, T4, T5, T6, T7)",36224.0,0.0,5728.0,0.31,0.09
"void at::vectorized_elementwise_kernel<4, void at::<unnamed>::pow_tensor_scalar_kernel_impl<float, float>(at::TensorIteratorBase &, T2)::[lambda(float) (instance 1)], std::array<char *, 2>>(int, T2, T3)",12928.0,0.0,2752.0,0.24,0.02
"void at::reduce_kernel<512, 1, at::ReduceOp<float, at::MeanOps<float, float, float, float>, unsigned int, float, 4, 4>>(T3)",59264.0,0.0,5280.0,0.56,0.11
"void at::vectorized_elementwise_kernel<4, at::CUDAFunctorOnSelf_add<float>, std::array<char *, 2>>(int, T2, T3)",4864.0,0.0,2624.0,0.09,0.02
"void at::vectorized_elementwise_kernel<4, at::rsqrt_kernel_cuda(at::TensorIteratorBase &)::[lambda() (instance 2)]::operator ()() const::[lambda() (instance 2)]::operator ()() const::[lambda(float) (instance 1)], std::array<char *, 2>>(int, T2, T3)",6272.0,0.0,2912.0,0.11,0.04
"void at::elementwise_kernel<128, 2, void at::gpu_kernel_impl_nocast<at::BinaryFunctor<float, float, float, binary_internal::MulFunctor<float>>>(at::TensorIteratorBase &, const T1 &)::[lambda(int) (instance 1)]>(int, T3)",19456.0,0.0,3904.0,0.25,0.11
"void at::vectorized_elementwise_kernel<4, at::float16_copy_kernel_cuda(at::TensorIteratorBase &)::[lambda(float) (instance 1)], std::array<char *, 2>>(int, T2, T3)",13184.0,0.0,2944.0,0.22,0.01
"void at::vectorized_elementwise_kernel<4, at::BinaryFunctor<c10::Half, c10::Half, c10::Half, binary_internal::MulFunctor<float>>, std::array<char *, 3>>(int, T2, T3)",14464.0,0.0,2816.0,0.26,0.03
ampere_fp16_s16816gemm_fp16_64x64_ldg8_f2f_stages_64x6_tn,23086464.0,313600.0,18880.0,60.8,25.38
"void at::vectorized_elementwise_kernel<4, at::<unnamed>::silu_kernel(at::TensorIteratorBase &)::[lambda() (instance 1)]::operator ()() const::[lambda() (instance 5)]::operator ()() const::[lambda(c10::Half) (instance 1)], std::array<char *, 2>>(int, T2, T3)",24576.0,0.0,3648.0,0.33,0.22
ampere_fp16_s16816gemm_fp16_64x64_ldg8_f2f_stages_64x6_tn,23086336.0,543360.0,18752.0,61.93,25.58
"void at::vectorized_elementwise_kernel<4, at::BinaryFunctor<c10::Half, c10::Half, c10::Half, binary_internal::MulFunctor<float>>, std::array<char *, 3>>(int, T2, T3)",28800.0,0.0,2912.0,0.49,0.11
"std::enable_if<!T7, void>::type internal::kernel<int, int, __half, __half, __half, float, 0, 1, 1, 0, 7, 0, cublasGemvParamsEx<int, cublasGemvTensorStridedBatched<const __half>, cublasGemvTensorStridedBatched<const __half>, cublasGemvTensorStridedBatched<__half>, float>>(T13)",23100032.0,686720.0,26080.0,44.82,19.4
"void at::vectorized_elementwise_kernel<4, at::CUDAFunctor_add<c10::Half>, std::array<char *, 3>>(int, T2, T3)",14464.0,0.0,2752.0,0.26,0.03
"void at::unrolled_elementwise_kernel<at::direct_copy_kernel_cuda(at::TensorIteratorBase &)::[lambda() (instance 3)]::operator ()() const::[lambda() (instance 7)]::operator ()() const::[lambda(float) (instance 1)], std::array<char *, 2>, 4, TrivialOffsetCalculator<1, unsigned int>, TrivialOffsetCalculator<1, unsigned int>, memory::LoadWithCast<1>, memory::StoreWithCast<1>>(int, T1, T2, T4, T5, T6, T7)",36224.0,0.0,5440.0,0.33,0.1
"void at::vectorized_elementwise_kernel<4, void at::<unnamed>::pow_tensor_scalar_kernel_impl<float, float>(at::TensorIteratorBase &, T2)::[lambda(float) (instance 1)], std::array<char *, 2>>(int, T2, T3)",12928.0,0.0,2784.0,0.23,0.02
"void at::reduce_kernel<512, 1, at::ReduceOp<float, at::MeanOps<float, float, float, float>, unsigned int, float, 4, 4>>(T3)",59264.0,0.0,5216.0,0.56,0.11
"void at::vectorized_elementwise_kernel<4, at::CUDAFunctorOnSelf_add<float>, std::array<char *, 2>>(int, T2, T3)",4736.0,0.0,2624.0,0.09,0.02
"void at::vectorized_elementwise_kernel<4, at::rsqrt_kernel_cuda(at::TensorIteratorBase &)::[lambda() (instance 2)]::operator ()() const::[lambda() (instance 2)]::operator ()() const::[lambda(float) (instance 1)], std::array<char *, 2>>(int, T2, T3)",6400.0,0.0,2944.0,0.11,0.04
"void at::elementwise_kernel<128, 2, void at::gpu_kernel_impl_nocast<at::BinaryFunctor<float, float, float, binary_internal::MulFunctor<float>>>(at::TensorIteratorBase &, const T1 &)::[lambda(int) (instance 1)]>(int, T3)",19328.0,0.0,3840.0,0.25,0.11
"void at::vectorized_elementwise_kernel<4, at::float16_copy_kernel_cuda(at::TensorIteratorBase &)::[lambda(float) (instance 1)], std::array<char *, 2>>(int, T2, T3)",13184.0,0.0,2656.0,0.25,0.01
"void at::vectorized_elementwise_kernel<4, at::BinaryFunctor<c10::Half, c10::Half, c10::Half, binary_internal::MulFunctor<float>>, std::array<char *, 3>>(int, T2, T3)",14464.0,0.0,2976.0,0.24,0.03
"std::enable_if<!T7, void>::type internal::kernel<int, int, __half, __half, __half, float, 0, 1, 1, 0, 7, 0, cublasGemvParamsEx<int, cublasGemvTensorStridedBatched<const __half>, cublasGemvTensorStridedBatched<const __half>, cublasGemvTensorStridedBatched<__half>, float>>(T13)",8412928.0,256.0,11328.0,36.55,17.47
"std::enable_if<!T7, void>::type internal::kernel<int, int, __half, __half, __half, float, 0, 1, 1, 0, 7, 0, cublasGemvParamsEx<int, cublasGemvTensorStridedBatched<const __half>, cublasGemvTensorStridedBatched<const __half>, cublasGemvTensorStridedBatched<__half>, float>>(T13)",1072640.0,0.0,5568.0,9.49,5.1
"std::enable_if<!T7, void>::type internal::kernel<int, int, __half, __half, __half, float, 0, 1, 1, 0, 7, 0, cublasGemvParamsEx<int, cublasGemvTensorStridedBatched<const __half>, cublasGemvTensorStridedBatched<const __half>, cublasGemvTensorStridedBatched<__half>, float>>(T13)",1072640.0,0.0,5536.0,9.61,5.17
"void at::elementwise_kernel<128, 4, void at::gpu_kernel_impl_nocast<at::BinaryFunctor<c10::Half, c10::Half, c10::Half, binary_internal::MulFunctor<float>>>(at::TensorIteratorBase &, const T1 &)::[lambda(int) (instance 1)]>(int, T3)",24064.0,0.0,5184.0,0.23,0.1
"void at::elementwise_kernel<128, 4, void at::gpu_kernel_impl_nocast<at::neg_kernel_cuda(at::TensorIteratorBase &)::[lambda() (instance 2)]::operator ()() const::[lambda() (instance 8)]::operator ()() const::[lambda(c10::Half) (instance 1)]>(at::TensorIteratorBase &, const T1 &)::[lambda(int) (instance 1)]>(int, T3)",19840.0,0.0,5088.0,0.19,0.04
"void at::<unnamed>::CatArrayBatchedCopy<at::<unnamed>::OpaqueType<2>, unsigned int, 4, 64, 64>(T1 *, at::<unnamed>::CatArrInputTensorMetadata<T1, T2, T4, T5>, at::<unnamed>::TensorSizeStride<T2, 4>, int, T2)",11136.0,0.0,6528.0,0.08,3.52
"void at::elementwise_kernel<128, 4, void at::gpu_kernel_impl_nocast<at::BinaryFunctor<c10::Half, c10::Half, c10::Half, binary_internal::MulFunctor<float>>>(at::TensorIteratorBase &, const T1 &)::[lambda(int) (instance 1)]>(int, T3)",23936.0,0.0,5184.0,0.23,0.1
"void at::vectorized_elementwise_kernel<4, at::CUDAFunctor_add<c10::Half>, std::array<char *, 3>>(int, T2, T3)",14464.0,0.0,2752.0,0.26,0.03
"void at::elementwise_kernel<128, 4, void at::gpu_kernel_impl_nocast<at::BinaryFunctor<c10::Half, c10::Half, c10::Half, binary_internal::MulFunctor<float>>>(at::TensorIteratorBase &, const T1 &)::[lambda(int) (instance 1)]>(int, T3)",20352.0,0.0,4224.0,0.24,0.02
"void at::elementwise_kernel<128, 4, void at::gpu_kernel_impl_nocast<at::neg_kernel_cuda(at::TensorIteratorBase &)::[lambda() (instance 2)]::operator ()() const::[lambda() (instance 8)]::operator ()() const::[lambda(c10::Half) (instance 1)]>(at::TensorIteratorBase &, const T1 &)::[lambda(int) (instance 1)]>(int, T3)",18048.0,0.0,3488.0,0.26,0.01
"void at::<unnamed>::CatArrayBatchedCopy<at::<unnamed>::OpaqueType<2>, unsigned int, 4, 64, 64>(T1 *, at::<unnamed>::CatArrInputTensorMetadata<T1, T2, T4, T5>, at::<unnamed>::TensorSizeStride<T2, 4>, int, T2)",7552.0,0.0,5088.0,0.07,4.18
"void at::elementwise_kernel<128, 4, void at::gpu_kernel_impl_nocast<at::BinaryFunctor<c10::Half, c10::Half, c10::Half, binary_internal::MulFunctor<float>>>(at::TensorIteratorBase &, const T1 &)::[lambda(int) (instance 1)]>(int, T3)",20352.0,0.0,4256.0,0.24,0.02
"void at::vectorized_elementwise_kernel<4, at::CUDAFunctor_add<c10::Half>, std::array<char *, 3>>(int, T2, T3)",7296.0,0.0,2976.0,0.12,0.04
"void <unnamed>::elementwise_kernel_with_index<int, at::arange_cuda_out(const c10::Scalar &, const c10::Scalar &, const c10::Scalar &, at::Tensor &)::[lambda() (instance 1)]::operator ()() const::[lambda() (instance 4)]::operator ()() const::[lambda(long) (instance 1)]>(T1, T2, function_traits<T2>::result_type *)",2688.0,0.0,2240.0,0.06,0.0
"void at::vectorized_elementwise_kernel<2, at::CUDAFunctor_add<long>, std::array<char *, 3>>(int, T2, T3)",6400.0,0.0,3008.0,0.1,0.03
"void at::vectorized_elementwise_kernel<2, at::CUDAFunctorOnSelf_add<long>, std::array<char *, 2>>(int, T2, T3)",5888.0,0.0,2784.0,0.11,0.03
"void at::index_elementwise_kernel<128, 4, void at::index_copy_kernel_impl<at::OpaqueType<2>>(at::TensorIterator &, long, long, long)::[lambda(int) (instance 1)]>(long, T3)",22400.0,0.0,4832.0,0.23,0.02
"void at::index_elementwise_kernel<128, 4, void at::index_copy_kernel_impl<at::OpaqueType<2>>(at::TensorIterator &, long, long, long)::[lambda(int) (instance 1)]>(long, T3)",22400.0,0.0,4544.0,0.24,0.02
"void at::elementwise_kernel<128, 4, void at::gpu_kernel_impl_nocast<at::direct_copy_kernel_cuda(at::TensorIteratorBase &)::[lambda() (instance 3)]::operator ()() const::[lambda() (instance 10)]::operator ()() const::[lambda(c10::Half) (instance 1)]>(at::TensorIteratorBase &, const T1 &)::[lambda(int) (instance 1)]>(int, T3)",558464.0,0.0,11168.0,2.45,44.52
"void at::elementwise_kernel<128, 4, void at::gpu_kernel_impl_nocast<at::direct_copy_kernel_cuda(at::TensorIteratorBase &)::[lambda() (instance 3)]::operator ()() const::[lambda() (instance 10)]::operator ()() const::[lambda(c10::Half) (instance 1)]>(at::TensorIteratorBase &, const T1 &)::[lambda(int) (instance 1)]>(int, T3)",558464.0,0.0,11136.0,2.47,44.74
"void at::vectorized_elementwise_kernel<4, at::FillFunctor<c10::Half>, std::array<char *, 1>>(int, T2, T3)",3968.0,0.0,2336.0,0.08,0.01
"void at::vectorized_elementwise_kernel<4, at::FillFunctor<c10::Half>, std::array<char *, 1>>(int, T2, T3)",4096.0,0.0,2336.0,0.09,0.01
"void at::elementwise_kernel<128, 4, void at::gpu_kernel_impl_nocast<at::<unnamed>::where_kernel_impl(at::TensorIterator &)::[lambda() (instance 1)]::operator ()() const::[lambda() (instance 2)]::operator ()() const::[lambda(bool, c10::Half, c10::Half) (instance 1)]>(at::TensorIteratorBase &, const T1 &)::[lambda(int) (instance 1)]>(int, T3)",22528.0,0.0,5408.0,0.21,0.04
"fmha_cutlassF_f16_aligned_64x64_rf_sm80(PyTorchMemEffAttention::AttentionKernel<cutlass::half_t, cutlass::Sm80, 1, 64, 64, 64, 1, 1>::Params)",8705152.0,0.0,79808.0,5.35,6.54
"std::enable_if<!T7, void>::type internal::kernel<int, int, __half, __half, __half, float, 0, 1, 1, 0, 7, 0, cublasGemvParamsEx<int, cublasGemvTensorStridedBatched<const __half>, cublasGemvTensorStridedBatched<const __half>, cublasGemvTensorStridedBatched<__half>, float>>(T13)",8412800.0,0.0,11840.0,35.09,16.73
"void at::vectorized_elementwise_kernel<4, at::CUDAFunctor_add<c10::Half>, std::array<char *, 3>>(int, T2, T3)",14464.0,0.0,2912.0,0.25,0.03
"void at::unrolled_elementwise_kernel<at::direct_copy_kernel_cuda(at::TensorIteratorBase &)::[lambda() (instance 3)]::operator ()() const::[lambda() (instance 7)]::operator ()() const::[lambda(float) (instance 1)], std::array<char *, 2>, 4, TrivialOffsetCalculator<1, unsigned int>, TrivialOffsetCalculator<1, unsigned int>, memory::LoadWithCast<1>, memory::StoreWithCast<1>>(int, T1, T2, T4, T5, T6, T7)",36224.0,0.0,5312.0,0.34,0.1
"void at::vectorized_elementwise_kernel<4, void at::<unnamed>::pow_tensor_scalar_kernel_impl<float, float>(at::TensorIteratorBase &, T2)::[lambda(float) (instance 1)], std::array<char *, 2>>(int, T2, T3)",12928.0,0.0,2720.0,0.24,0.02
"void at::reduce_kernel<512, 1, at::ReduceOp<float, at::MeanOps<float, float, float, float>, unsigned int, float, 4, 4>>(T3)",59264.0,0.0,5216.0,0.56,0.11
"void at::vectorized_elementwise_kernel<4, at::CUDAFunctorOnSelf_add<float>, std::array<char *, 2>>(int, T2, T3)",4864.0,0.0,2688.0,0.09,0.02
"void at::vectorized_elementwise_kernel<4, at::rsqrt_kernel_cuda(at::TensorIteratorBase &)::[lambda() (instance 2)]::operator ()() const::[lambda() (instance 2)]::operator ()() const::[lambda(float) (instance 1)], std::array<char *, 2>>(int, T2, T3)",6400.0,0.0,2912.0,0.11,0.04
"void at::elementwise_kernel<128, 2, void at::gpu_kernel_impl_nocast<at::BinaryFunctor<float, float, float, binary_internal::MulFunctor<float>>>(at::TensorIteratorBase &, const T1 &)::[lambda(int) (instance 1)]>(int, T3)",19328.0,0.0,3936.0,0.24,0.11
"void at::vectorized_elementwise_kernel<4, at::float16_copy_kernel_cuda(at::TensorIteratorBase &)::[lambda(float) (instance 1)], std::array<char *, 2>>(int, T2, T3)",13184.0,0.0,2720.0,0.24,0.01
"void at::vectorized_elementwise_kernel<4, at::BinaryFunctor<c10::Half, c10::Half, c10::Half, binary_internal::MulFunctor<float>>, std::array<char *, 3>>(int, T2, T3)",14464.0,0.0,2720.0,0.26,0.03
ampere_fp16_s16816gemm_fp16_64x64_ldg8_f2f_stages_64x6_tn,23086464.0,518912.0,18592.0,62.4,25.81
"void at::vectorized_elementwise_kernel<4, at::<unnamed>::silu_kernel(at::TensorIteratorBase &)::[lambda() (instance 1)]::operator ()() const::[lambda() (instance 5)]::operator ()() const::[lambda(c10::Half) (instance 1)], std::array<char *, 2>>(int, T2, T3)",24448.0,0.0,3520.0,0.34,0.23
ampere_fp16_s16816gemm_fp16_64x64_ldg8_f2f_stages_64x6_tn,23086592.0,385920.0,18880.0,61.15,25.39
"void at::vectorized_elementwise_kernel<4, at::BinaryFunctor<c10::Half, c10::Half, c10::Half, binary_internal::MulFunctor<float>>, std::array<char *, 3>>(int, T2, T3)",28800.0,0.0,3104.0,0.46,0.1
"std::enable_if<!T7, void>::type internal::kernel<int, int, __half, __half, __half, float, 0, 1, 1, 0, 7, 0, cublasGemvParamsEx<int, cublasGemvTensorStridedBatched<const __half>, cublasGemvTensorStridedBatched<const __half>, cublasGemvTensorStridedBatched<__half>, float>>(T13)",23100288.0,545280.0,25504.0,45.53,19.81
"void at::vectorized_elementwise_kernel<4, at::CUDAFunctor_add<c10::Half>, std::array<char *, 3>>(int, T2, T3)",14464.0,0.0,2816.0,0.26,0.03
"void at::unrolled_elementwise_kernel<at::direct_copy_kernel_cuda(at::TensorIteratorBase &)::[lambda() (instance 3)]::operator ()() const::[lambda() (instance 7)]::operator ()() const::[lambda(float) (instance 1)], std::array<char *, 2>, 4, TrivialOffsetCalculator<1, unsigned int>, TrivialOffsetCalculator<1, unsigned int>, memory::LoadWithCast<1>, memory::StoreWithCast<1>>(int, T1, T2, T4, T5, T6, T7)",36224.0,0.0,5344.0,0.34,0.1
"void at::vectorized_elementwise_kernel<4, void at::<unnamed>::pow_tensor_scalar_kernel_impl<float, float>(at::TensorIteratorBase &, T2)::[lambda(float) (instance 1)], std::array<char *, 2>>(int, T2, T3)",12928.0,0.0,2720.0,0.24,0.02
"void at::reduce_kernel<512, 1, at::ReduceOp<float, at::MeanOps<float, float, float, float>, unsigned int, float, 4, 4>>(T3)",59264.0,0.0,5184.0,0.57,0.11
"void at::vectorized_elementwise_kernel<4, at::CUDAFunctorOnSelf_add<float>, std::array<char *, 2>>(int, T2, T3)",4864.0,0.0,2656.0,0.09,0.02
"void at::vectorized_elementwise_kernel<4, at::rsqrt_kernel_cuda(at::TensorIteratorBase &)::[lambda() (instance 2)]::operator ()() const::[lambda() (instance 2)]::operator ()() const::[lambda(float) (instance 1)], std::array<char *, 2>>(int, T2, T3)",6400.0,0.0,2880.0,0.11,0.04
"void at::elementwise_kernel<128, 2, void at::gpu_kernel_impl_nocast<at::BinaryFunctor<float, float, float, binary_internal::MulFunctor<float>>>(at::TensorIteratorBase &, const T1 &)::[lambda(int) (instance 1)]>(int, T3)",19456.0,0.0,3872.0,0.25,0.11
"void at::vectorized_elementwise_kernel<4, at::float16_copy_kernel_cuda(at::TensorIteratorBase &)::[lambda(float) (instance 1)], std::array<char *, 2>>(int, T2, T3)",13184.0,0.0,2880.0,0.23,0.01
"void at::vectorized_elementwise_kernel<4, at::BinaryFunctor<c10::Half, c10::Half, c10::Half, binary_internal::MulFunctor<float>>, std::array<char *, 3>>(int, T2, T3)",14464.0,0.0,2848.0,0.25,0.03
"std::enable_if<!T7, void>::type internal::kernel<int, int, __half, __half, __half, float, 0, 1, 1, 0, 7, 0, cublasGemvParamsEx<int, cublasGemvTensorStridedBatched<const __half>, cublasGemvTensorStridedBatched<const __half>, cublasGemvTensorStridedBatched<__half>, float>>(T13)",8412672.0,0.0,11808.0,35.1,16.77
"std::enable_if<!T7, void>::type internal::kernel<int, int, __half, __half, __half, float, 0, 1, 1, 0, 7, 0, cublasGemvParamsEx<int, cublasGemvTensorStridedBatched<const __half>, cublasGemvTensorStridedBatched<const __half>, cublasGemvTensorStridedBatched<__half>, float>>(T13)",1072768.0,0.0,6016.0,8.84,4.73
"std::enable_if<!T7, void>::type internal::kernel<int, int, __half, __half, __half, float, 0, 1, 1, 0, 7, 0, cublasGemvParamsEx<int, cublasGemvTensorStridedBatched<const __half>, cublasGemvTensorStridedBatched<const __half>, cublasGemvTensorStridedBatched<__half>, float>>(T13)",1072768.0,0.0,6176.0,8.6,4.6
"void at::elementwise_kernel<128, 4, void at::gpu_kernel_impl_nocast<at::BinaryFunctor<c10::Half, c10::Half, c10::Half, binary_internal::MulFunctor<float>>>(at::TensorIteratorBase &, const T1 &)::[lambda(int) (instance 1)]>(int, T3)",23936.0,0.0,4960.0,0.24,0.1
"void at::elementwise_kernel<128, 4, void at::gpu_kernel_impl_nocast<at::neg_kernel_cuda(at::TensorIteratorBase &)::[lambda() (instance 2)]::operator ()() const::[lambda() (instance 8)]::operator ()() const::[lambda(c10::Half) (instance 1)]>(at::TensorIteratorBase &, const T1 &)::[lambda(int) (instance 1)]>(int, T3)",19840.0,0.0,4928.0,0.2,0.04
"void at::<unnamed>::CatArrayBatchedCopy<at::<unnamed>::OpaqueType<2>, unsigned int, 4, 64, 64>(T1 *, at::<unnamed>::CatArrInputTensorMetadata<T1, T2, T4, T5>, at::<unnamed>::TensorSizeStride<T2, 4>, int, T2)",11136.0,0.0,6496.0,0.08,3.55
"void at::elementwise_kernel<128, 4, void at::gpu_kernel_impl_nocast<at::BinaryFunctor<c10::Half, c10::Half, c10::Half, binary_internal::MulFunctor<float>>>(at::TensorIteratorBase &, const T1 &)::[lambda(int) (instance 1)]>(int, T3)",23936.0,0.0,5440.0,0.22,0.09
"void at::vectorized_elementwise_kernel<4, at::CUDAFunctor_add<c10::Half>, std::array<char *, 3>>(int, T2, T3)",14464.0,0.0,2880.0,0.25,0.03
"void at::elementwise_kernel<128, 4, void at::gpu_kernel_impl_nocast<at::BinaryFunctor<c10::Half, c10::Half, c10::Half, binary_internal::MulFunctor<float>>>(at::TensorIteratorBase &, const T1 &)::[lambda(int) (instance 1)]>(int, T3)",20352.0,0.0,4096.0,0.25,0.02
"void at::elementwise_kernel<128, 4, void at::gpu_kernel_impl_nocast<at::neg_kernel_cuda(at::TensorIteratorBase &)::[lambda() (instance 2)]::operator ()() const::[lambda() (instance 8)]::operator ()() const::[lambda(c10::Half) (instance 1)]>(at::TensorIteratorBase &, const T1 &)::[lambda(int) (instance 1)]>(int, T3)",18048.0,0.0,3520.0,0.25,0.01
"void at::<unnamed>::CatArrayBatchedCopy<at::<unnamed>::OpaqueType<2>, unsigned int, 4, 64, 64>(T1 *, at::<unnamed>::CatArrInputTensorMetadata<T1, T2, T4, T5>, at::<unnamed>::TensorSizeStride<T2, 4>, int, T2)",7552.0,0.0,5216.0,0.07,4.08
"void at::elementwise_kernel<128, 4, void at::gpu_kernel_impl_nocast<at::BinaryFunctor<c10::Half, c10::Half, c10::Half, binary_internal::MulFunctor<float>>>(at::TensorIteratorBase &, const T1 &)::[lambda(int) (instance 1)]>(int, T3)",20352.0,0.0,4256.0,0.24,0.02
"void at::vectorized_elementwise_kernel<4, at::CUDAFunctor_add<c10::Half>, std::array<char *, 3>>(int, T2, T3)",7296.0,0.0,3040.0,0.12,0.04
"void <unnamed>::elementwise_kernel_with_index<int, at::arange_cuda_out(const c10::Scalar &, const c10::Scalar &, const c10::Scalar &, at::Tensor &)::[lambda() (instance 1)]::operator ()() const::[lambda() (instance 4)]::operator ()() const::[lambda(long) (instance 1)]>(T1, T2, function_traits<T2>::result_type *)",2688.0,0.0,2272.0,0.06,0.0
"void at::vectorized_elementwise_kernel<2, at::CUDAFunctor_add<long>, std::array<char *, 3>>(int, T2, T3)",6528.0,0.0,2912.0,0.11,0.03
"void at::vectorized_elementwise_kernel<2, at::CUDAFunctorOnSelf_add<long>, std::array<char *, 2>>(int, T2, T3)",5888.0,0.0,2752.0,0.11,0.03
"void at::index_elementwise_kernel<128, 4, void at::index_copy_kernel_impl<at::OpaqueType<2>>(at::TensorIterator &, long, long, long)::[lambda(int) (instance 1)]>(long, T3)",22400.0,0.0,4768.0,0.23,0.02
"void at::index_elementwise_kernel<128, 4, void at::index_copy_kernel_impl<at::OpaqueType<2>>(at::TensorIterator &, long, long, long)::[lambda(int) (instance 1)]>(long, T3)",22528.0,0.0,4608.0,0.24,0.02
"void at::elementwise_kernel<128, 4, void at::gpu_kernel_impl_nocast<at::direct_copy_kernel_cuda(at::TensorIteratorBase &)::[lambda() (instance 3)]::operator ()() const::[lambda() (instance 10)]::operator ()() const::[lambda(c10::Half) (instance 1)]>(at::TensorIteratorBase &, const T1 &)::[lambda(int) (instance 1)]>(int, T3)",558464.0,0.0,11136.0,2.47,44.73
"void at::elementwise_kernel<128, 4, void at::gpu_kernel_impl_nocast<at::direct_copy_kernel_cuda(at::TensorIteratorBase &)::[lambda() (instance 3)]::operator ()() const::[lambda() (instance 10)]::operator ()() const::[lambda(c10::Half) (instance 1)]>(at::TensorIteratorBase &, const T1 &)::[lambda(int) (instance 1)]>(int, T3)",558464.0,0.0,11104.0,2.48,44.74
"void at::vectorized_elementwise_kernel<4, at::FillFunctor<c10::Half>, std::array<char *, 1>>(int, T2, T3)",4096.0,0.0,2336.0,0.09,0.01
"void at::vectorized_elementwise_kernel<4, at::FillFunctor<c10::Half>, std::array<char *, 1>>(int, T2, T3)",3968.0,0.0,2336.0,0.08,0.01
"void at::elementwise_kernel<128, 4, void at::gpu_kernel_impl_nocast<at::<unnamed>::where_kernel_impl(at::TensorIterator &)::[lambda() (instance 1)]::operator ()() const::[lambda() (instance 2)]::operator ()() const::[lambda(bool, c10::Half, c10::Half) (instance 1)]>(at::TensorIteratorBase &, const T1 &)::[lambda(int) (instance 1)]>(int, T3)",22784.0,0.0,5472.0,0.21,0.04
"fmha_cutlassF_f16_aligned_64x64_rf_sm80(PyTorchMemEffAttention::AttentionKernel<cutlass::half_t, cutlass::Sm80, 1, 64, 64, 64, 1, 1>::Params)",8705024.0,0.0,79648.0,5.36,6.55
"std::enable_if<!T7, void>::type internal::kernel<int, int, __half, __half, __half, float, 0, 1, 1, 0, 7, 0, cublasGemvParamsEx<int, cublasGemvTensorStridedBatched<const __half>, cublasGemvTensorStridedBatched<const __half>, cublasGemvTensorStridedBatched<__half>, float>>(T13)",8412672.0,0.0,11776.0,35.17,16.82
"void at::vectorized_elementwise_kernel<4, at::CUDAFunctor_add<c10::Half>, std::array<char *, 3>>(int, T2, T3)",14464.0,0.0,2848.0,0.25,0.03
"void at::unrolled_elementwise_kernel<at::direct_copy_kernel_cuda(at::TensorIteratorBase &)::[lambda() (instance 3)]::operator ()() const::[lambda() (instance 7)]::operator ()() const::[lambda(float) (instance 1)], std::array<char *, 2>, 4, TrivialOffsetCalculator<1, unsigned int>, TrivialOffsetCalculator<1, unsigned int>, memory::LoadWithCast<1>, memory::StoreWithCast<1>>(int, T1, T2, T4, T5, T6, T7)",36224.0,0.0,5568.0,0.32,0.1
"void at::vectorized_elementwise_kernel<4, void at::<unnamed>::pow_tensor_scalar_kernel_impl<float, float>(at::TensorIteratorBase &, T2)::[lambda(float) (instance 1)], std::array<char *, 2>>(int, T2, T3)",12928.0,0.0,2816.0,0.23,0.02
"void at::reduce_kernel<512, 1, at::ReduceOp<float, at::MeanOps<float, float, float, float>, unsigned int, float, 4, 4>>(T3)",59264.0,0.0,5216.0,0.56,0.11
"void at::vectorized_elementwise_kernel<4, at::CUDAFunctorOnSelf_add<float>, std::array<char *, 2>>(int, T2, T3)",4864.0,0.0,2624.0,0.09,0.02
"void at::vectorized_elementwise_kernel<4, at::rsqrt_kernel_cuda(at::TensorIteratorBase &)::[lambda() (instance 2)]::operator ()() const::[lambda() (instance 2)]::operator ()() const::[lambda(float) (instance 1)], std::array<char *, 2>>(int, T2, T3)",6272.0,0.0,3040.0,0.1,0.03
"void at::elementwise_kernel<128, 2, void at::gpu_kernel_impl_nocast<at::BinaryFunctor<float, float, float, binary_internal::MulFunctor<float>>>(at::TensorIteratorBase &, const T1 &)::[lambda(int) (instance 1)]>(int, T3)",19328.0,0.0,3904.0,0.25,0.11
"void at::vectorized_elementwise_kernel<4, at::float16_copy_kernel_cuda(at::TensorIteratorBase &)::[lambda(float) (instance 1)], std::array<char *, 2>>(int, T2, T3)",13184.0,0.0,2752.0,0.24,0.01
"void at::vectorized_elementwise_kernel<4, at::BinaryFunctor<c10::Half, c10::Half, c10::Half, binary_internal::MulFunctor<float>>, std::array<char *, 3>>(int, T2, T3)",14464.0,0.0,2720.0,0.27,0.03
ampere_fp16_s16816gemm_fp16_64x64_ldg8_f2f_stages_64x6_tn,23086336.0,482432.0,19104.0,60.61,25.1
"void at::vectorized_elementwise_kernel<4, at::<unnamed>::silu_kernel(at::TensorIteratorBase &)::[lambda() (instance 1)]::operator ()() const::[lambda() (instance 5)]::operator ()() const::[lambda(c10::Half) (instance 1)], std::array<char *, 2>>(int, T2, T3)",24448.0,0.0,3392.0,0.36,0.24
ampere_fp16_s16816gemm_fp16_64x64_ldg8_f2f_stages_64x6_tn,23086592.0,384256.0,19072.0,60.52,25.16
"void at::vectorized_elementwise_kernel<4, at::BinaryFunctor<c10::Half, c10::Half, c10::Half, binary_internal::MulFunctor<float>>, std::array<char *, 3>>(int, T2, T3)",28800.0,0.0,3072.0,0.47,0.1
"std::enable_if<!T7, void>::type internal::kernel<int, int, __half, __half, __half, float, 0, 1, 1, 0, 7, 0, cublasGemvParamsEx<int, cublasGemvTensorStridedBatched<const __half>, cublasGemvTensorStridedBatched<const __half>, cublasGemvTensorStridedBatched<__half>, float>>(T13)",23100160.0,856064.0,25952.0,45.35,19.49
"void at::vectorized_elementwise_kernel<4, at::CUDAFunctor_add<c10::Half>, std::array<char *, 3>>(int, T2, T3)",14464.0,0.0,2752.0,0.26,0.03
"void at::unrolled_elementwise_kernel<at::direct_copy_kernel_cuda(at::TensorIteratorBase &)::[lambda() (instance 3)]::operator ()() const::[lambda() (instance 7)]::operator ()() const::[lambda(float) (instance 1)], std::array<char *, 2>, 4, TrivialOffsetCalculator<1, unsigned int>, TrivialOffsetCalculator<1, unsigned int>, memory::LoadWithCast<1>, memory::StoreWithCast<1>>(int, T1, T2, T4, T5, T6, T7)",36224.0,0.0,5376.0,0.33,0.1
"void at::vectorized_elementwise_kernel<4, void at::<unnamed>::pow_tensor_scalar_kernel_impl<float, float>(at::TensorIteratorBase &, T2)::[lambda(float) (instance 1)], std::array<char *, 2>>(int, T2, T3)",12928.0,0.0,2720.0,0.24,0.02
"void at::reduce_kernel<512, 1, at::ReduceOp<float, at::MeanOps<float, float, float, float>, unsigned int, float, 4, 4>>(T3)",59392.0,0.0,5216.0,0.56,0.11
"void at::vectorized_elementwise_kernel<4, at::CUDAFunctorOnSelf_add<float>, std::array<char *, 2>>(int, T2, T3)",4736.0,0.0,2656.0,0.09,0.02
"void at::vectorized_elementwise_kernel<4, at::rsqrt_kernel_cuda(at::TensorIteratorBase &)::[lambda() (instance 2)]::operator ()() const::[lambda() (instance 2)]::operator ()() const::[lambda(float) (instance 1)], std::array<char *, 2>>(int, T2, T3)",6528.0,0.0,2880.0,0.11,0.04
"void at::elementwise_kernel<128, 2, void at::gpu_kernel_impl_nocast<at::BinaryFunctor<float, float, float, binary_internal::MulFunctor<float>>>(at::TensorIteratorBase &, const T1 &)::[lambda(int) (instance 1)]>(int, T3)",19328.0,0.0,3904.0,0.24,0.11
"void at::vectorized_elementwise_kernel<4, at::float16_copy_kernel_cuda(at::TensorIteratorBase &)::[lambda(float) (instance 1)], std::array<char *, 2>>(int, T2, T3)",13184.0,0.0,2752.0,0.24,0.01
"void at::vectorized_elementwise_kernel<4, at::BinaryFunctor<c10::Half, c10::Half, c10::Half, binary_internal::MulFunctor<float>>, std::array<char *, 3>>(int, T2, T3)",14464.0,0.0,2720.0,0.26,0.03
"std::enable_if<!T7, void>::type internal::kernel<int, int, __half, __half, __half, float, 0, 1, 1, 0, 7, 0, cublasGemvParamsEx<int, cublasGemvTensorStridedBatched<const __half>, cublasGemvTensorStridedBatched<const __half>, cublasGemvTensorStridedBatched<__half>, float>>(T13)",8412672.0,0.0,11712.0,35.36,16.91
"std::enable_if<!T7, void>::type internal::kernel<int, int, __half, __half, __half, float, 0, 1, 1, 0, 7, 0, cublasGemvParamsEx<int, cublasGemvTensorStridedBatched<const __half>, cublasGemvTensorStridedBatched<const __half>, cublasGemvTensorStridedBatched<__half>, float>>(T13)",1072640.0,0.0,5760.0,9.2,4.92
"std::enable_if<!T7, void>::type internal::kernel<int, int, __half, __half, __half, float, 0, 1, 1, 0, 7, 0, cublasGemvParamsEx<int, cublasGemvTensorStridedBatched<const __half>, cublasGemvTensorStridedBatched<const __half>, cublasGemvTensorStridedBatched<__half>, float>>(T13)",1072640.0,0.0,5792.0,9.11,4.91
"void at::elementwise_kernel<128, 4, void at::gpu_kernel_impl_nocast<at::BinaryFunctor<c10::Half, c10::Half, c10::Half, binary_internal::MulFunctor<float>>>(at::TensorIteratorBase &, const T1 &)::[lambda(int) (instance 1)]>(int, T3)",23936.0,0.0,5216.0,0.23,0.1
"void at::elementwise_kernel<128, 4, void at::gpu_kernel_impl_nocast<at::neg_kernel_cuda(at::TensorIteratorBase &)::[lambda() (instance 2)]::operator ()() const::[lambda() (instance 8)]::operator ()() const::[lambda(c10::Half) (instance 1)]>(at::TensorIteratorBase &, const T1 &)::[lambda(int) (instance 1)]>(int, T3)",19840.0,0.0,4896.0,0.2,0.04
"void at::<unnamed>::CatArrayBatchedCopy<at::<unnamed>::OpaqueType<2>, unsigned int, 4, 64, 64>(T1 *, at::<unnamed>::CatArrInputTensorMetadata<T1, T2, T4, T5>, at::<unnamed>::TensorSizeStride<T2, 4>, int, T2)",11008.0,0.0,6624.0,0.08,3.46
"void at::elementwise_kernel<128, 4, void at::gpu_kernel_impl_nocast<at::BinaryFunctor<c10::Half, c10::Half, c10::Half, binary_internal::MulFunctor<float>>>(at::TensorIteratorBase &, const T1 &)::[lambda(int) (instance 1)]>(int, T3)",23936.0,0.0,5248.0,0.22,0.1
"void at::vectorized_elementwise_kernel<4, at::CUDAFunctor_add<c10::Half>, std::array<char *, 3>>(int, T2, T3)",14464.0,0.0,2880.0,0.25,0.03
"void at::elementwise_kernel<128, 4, void at::gpu_kernel_impl_nocast<at::BinaryFunctor<c10::Half, c10::Half, c10::Half, binary_internal::MulFunctor<float>>>(at::TensorIteratorBase &, const T1 &)::[lambda(int) (instance 1)]>(int, T3)",20352.0,0.0,4224.0,0.24,0.02
"void at::elementwise_kernel<128, 4, void at::gpu_kernel_impl_nocast<at::neg_kernel_cuda(at::TensorIteratorBase &)::[lambda() (instance 2)]::operator ()() const::[lambda() (instance 8)]::operator ()() const::[lambda(c10::Half) (instance 1)]>(at::TensorIteratorBase &, const T1 &)::[lambda(int) (instance 1)]>(int, T3)",18048.0,0.0,3584.0,0.25,0.01
"void at::<unnamed>::CatArrayBatchedCopy<at::<unnamed>::OpaqueType<2>, unsigned int, 4, 64, 64>(T1 *, at::<unnamed>::CatArrInputTensorMetadata<T1, T2, T4, T5>, at::<unnamed>::TensorSizeStride<T2, 4>, int, T2)",7552.0,0.0,5184.0,0.07,4.07
"void at::elementwise_kernel<128, 4, void at::gpu_kernel_impl_nocast<at::BinaryFunctor<c10::Half, c10::Half, c10::Half, binary_internal::MulFunctor<float>>>(at::TensorIteratorBase &, const T1 &)::[lambda(int) (instance 1)]>(int, T3)",20352.0,0.0,4352.0,0.23,0.02
"void at::vectorized_elementwise_kernel<4, at::CUDAFunctor_add<c10::Half>, std::array<char *, 3>>(int, T2, T3)",7296.0,0.0,2944.0,0.12,0.04
"void <unnamed>::elementwise_kernel_with_index<int, at::arange_cuda_out(const c10::Scalar &, const c10::Scalar &, const c10::Scalar &, at::Tensor &)::[lambda() (instance 1)]::operator ()() const::[lambda() (instance 4)]::operator ()() const::[lambda(long) (instance 1)]>(T1, T2, function_traits<T2>::result_type *)",2688.0,0.0,2304.0,0.06,0.0
"void at::vectorized_elementwise_kernel<2, at::CUDAFunctor_add<long>, std::array<char *, 3>>(int, T2, T3)",6528.0,0.0,2912.0,0.11,0.03
"void at::vectorized_elementwise_kernel<2, at::CUDAFunctorOnSelf_add<long>, std::array<char *, 2>>(int, T2, T3)",5760.0,0.0,2752.0,0.1,0.03
"void at::index_elementwise_kernel<128, 4, void at::index_copy_kernel_impl<at::OpaqueType<2>>(at::TensorIterator &, long, long, long)::[lambda(int) (instance 1)]>(long, T3)",22272.0,0.0,4800.0,0.23,0.02
"void at::index_elementwise_kernel<128, 4, void at::index_copy_kernel_impl<at::OpaqueType<2>>(at::TensorIterator &, long, long, long)::[lambda(int) (instance 1)]>(long, T3)",22400.0,0.0,4736.0,0.24,0.02
"void at::elementwise_kernel<128, 4, void at::gpu_kernel_impl_nocast<at::direct_copy_kernel_cuda(at::TensorIteratorBase &)::[lambda() (instance 3)]::operator ()() const::[lambda() (instance 10)]::operator ()() const::[lambda(c10::Half) (instance 1)]>(at::TensorIteratorBase &, const T1 &)::[lambda(int) (instance 1)]>(int, T3)",558464.0,0.0,11136.0,2.48,44.81
"void at::elementwise_kernel<128, 4, void at::gpu_kernel_impl_nocast<at::direct_copy_kernel_cuda(at::TensorIteratorBase &)::[lambda() (instance 3)]::operator ()() const::[lambda() (instance 10)]::operator ()() const::[lambda(c10::Half) (instance 1)]>(at::TensorIteratorBase &, const T1 &)::[lambda(int) (instance 1)]>(int, T3)",558464.0,0.0,11232.0,2.45,44.32
"void at::vectorized_elementwise_kernel<4, at::FillFunctor<c10::Half>, std::array<char *, 1>>(int, T2, T3)",3968.0,0.0,2400.0,0.08,0.01
"void at::vectorized_elementwise_kernel<4, at::FillFunctor<c10::Half>, std::array<char *, 1>>(int, T2, T3)",3968.0,0.0,2336.0,0.08,0.01
"void at::elementwise_kernel<128, 4, void at::gpu_kernel_impl_nocast<at::<unnamed>::where_kernel_impl(at::TensorIterator &)::[lambda() (instance 1)]::operator ()() const::[lambda() (instance 2)]::operator ()() const::[lambda(bool, c10::Half, c10::Half) (instance 1)]>(at::TensorIteratorBase &, const T1 &)::[lambda(int) (instance 1)]>(int, T3)",22528.0,0.0,5472.0,0.2,0.04
"fmha_cutlassF_f16_aligned_64x64_rf_sm80(PyTorchMemEffAttention::AttentionKernel<cutlass::half_t, cutlass::Sm80, 1, 64, 64, 64, 1, 1>::Params)",8705024.0,0.0,79872.0,5.35,6.53
"std::enable_if<!T7, void>::type internal::kernel<int, int, __half, __half, __half, float, 0, 1, 1, 0, 7, 0, cublasGemvParamsEx<int, cublasGemvTensorStridedBatched<const __half>, cublasGemvTensorStridedBatched<const __half>, cublasGemvTensorStridedBatched<__half>, float>>(T13)",8412800.0,0.0,11424.0,36.39,17.37
"void at::vectorized_elementwise_kernel<4, at::CUDAFunctor_add<c10::Half>, std::array<char *, 3>>(int, T2, T3)",14464.0,0.0,2880.0,0.25,0.03
"void at::unrolled_elementwise_kernel<at::direct_copy_kernel_cuda(at::TensorIteratorBase &)::[lambda() (instance 3)]::operator ()() const::[lambda() (instance 7)]::operator ()() const::[lambda(float) (instance 1)], std::array<char *, 2>, 4, TrivialOffsetCalculator<1, unsigned int>, TrivialOffsetCalculator<1, unsigned int>, memory::LoadWithCast<1>, memory::StoreWithCast<1>>(int, T1, T2, T4, T5, T6, T7)",36224.0,0.0,5600.0,0.32,0.09
"void at::vectorized_elementwise_kernel<4, void at::<unnamed>::pow_tensor_scalar_kernel_impl<float, float>(at::TensorIteratorBase &, T2)::[lambda(float) (instance 1)], std::array<char *, 2>>(int, T2, T3)",12928.0,0.0,2784.0,0.23,0.02
"void at::reduce_kernel<512, 1, at::ReduceOp<float, at::MeanOps<float, float, float, float>, unsigned int, float, 4, 4>>(T3)",59264.0,0.0,5280.0,0.55,0.11
"void at::vectorized_elementwise_kernel<4, at::CUDAFunctorOnSelf_add<float>, std::array<char *, 2>>(int, T2, T3)",4864.0,0.0,2624.0,0.09,0.02
"void at::vectorized_elementwise_kernel<4, at::rsqrt_kernel_cuda(at::TensorIteratorBase &)::[lambda() (instance 2)]::operator ()() const::[lambda() (instance 2)]::operator ()() const::[lambda(float) (instance 1)], std::array<char *, 2>>(int, T2, T3)",6400.0,0.0,2912.0,0.11,0.04
"void at::elementwise_kernel<128, 2, void at::gpu_kernel_impl_nocast<at::BinaryFunctor<float, float, float, binary_internal::MulFunctor<float>>>(at::TensorIteratorBase &, const T1 &)::[lambda(int) (instance 1)]>(int, T3)",19328.0,0.0,3872.0,0.25,0.11
"void at::vectorized_elementwise_kernel<4, at::float16_copy_kernel_cuda(at::TensorIteratorBase &)::[lambda(float) (instance 1)], std::array<char *, 2>>(int, T2, T3)",13184.0,0.0,2976.0,0.22,0.01
"void at::vectorized_elementwise_kernel<4, at::BinaryFunctor<c10::Half, c10::Half, c10::Half, binary_internal::MulFunctor<float>>, std::array<char *, 3>>(int, T2, T3)",14464.0,0.0,2720.0,0.26,0.03
ampere_fp16_s16816gemm_fp16_64x64_ldg8_f2f_stages_64x6_tn,23086592.0,300288.0,18432.0,62.42,26.04
"void at::vectorized_elementwise_kernel<4, at::<unnamed>::silu_kernel(at::TensorIteratorBase &)::[lambda() (instance 1)]::operator ()() const::[lambda() (instance 5)]::operator ()() const::[lambda(c10::Half) (instance 1)], std::array<char *, 2>>(int, T2, T3)",24448.0,0.0,3584.0,0.34,0.23
ampere_fp16_s16816gemm_fp16_64x64_ldg8_f2f_stages_64x6_tn,23086592.0,489216.0,18848.0,61.41,25.41
"void at::vectorized_elementwise_kernel<4, at::BinaryFunctor<c10::Half, c10::Half, c10::Half, binary_internal::MulFunctor<float>>, std::array<char *, 3>>(int, T2, T3)",28800.0,0.0,3040.0,0.47,0.1
"std::enable_if<!T7, void>::type internal::kernel<int, int, __half, __half, __half, float, 0, 1, 1, 0, 7, 0, cublasGemvParamsEx<int, cublasGemvTensorStridedBatched<const __half>, cublasGemvTensorStridedBatched<const __half>, cublasGemvTensorStridedBatched<__half>, float>>(T13)",23100160.0,741632.0,26144.0,44.78,19.31
"void at::vectorized_elementwise_kernel<4, at::CUDAFunctor_add<c10::Half>, std::array<char *, 3>>(int, T2, T3)",14464.0,0.0,2976.0,0.24,0.02
"void at::unrolled_elementwise_kernel<at::direct_copy_kernel_cuda(at::TensorIteratorBase &)::[lambda() (instance 3)]::operator ()() const::[lambda() (instance 7)]::operator ()() const::[lambda(float) (instance 1)], std::array<char *, 2>, 4, TrivialOffsetCalculator<1, unsigned int>, TrivialOffsetCalculator<1, unsigned int>, memory::LoadWithCast<1>, memory::StoreWithCast<1>>(int, T1, T2, T4, T5, T6, T7)",36224.0,0.0,5504.0,0.32,0.1
"void at::vectorized_elementwise_kernel<4, void at::<unnamed>::pow_tensor_scalar_kernel_impl<float, float>(at::TensorIteratorBase &, T2)::[lambda(float) (instance 1)], std::array<char *, 2>>(int, T2, T3)",12928.0,0.0,2752.0,0.23,0.02
"void at::reduce_kernel<512, 1, at::ReduceOp<float, at::MeanOps<float, float, float, float>, unsigned int, float, 4, 4>>(T3)",60160.0,0.0,5184.0,0.57,0.11
"void at::vectorized_elementwise_kernel<4, at::CUDAFunctorOnSelf_add<float>, std::array<char *, 2>>(int, T2, T3)",4736.0,0.0,2656.0,0.09,0.02
"void at::vectorized_elementwise_kernel<4, at::rsqrt_kernel_cuda(at::TensorIteratorBase &)::[lambda() (instance 2)]::operator ()() const::[lambda() (instance 2)]::operator ()() const::[lambda(float) (instance 1)], std::array<char *, 2>>(int, T2, T3)",6400.0,0.0,2880.0,0.11,0.04
"void at::elementwise_kernel<128, 2, void at::gpu_kernel_impl_nocast<at::BinaryFunctor<float, float, float, binary_internal::MulFunctor<float>>>(at::TensorIteratorBase &, const T1 &)::[lambda(int) (instance 1)]>(int, T3)",19200.0,0.0,4032.0,0.23,0.1
"void at::vectorized_elementwise_kernel<4, at::float16_copy_kernel_cuda(at::TensorIteratorBase &)::[lambda(float) (instance 1)], std::array<char *, 2>>(int, T2, T3)",13184.0,0.0,2656.0,0.25,0.01
"void at::vectorized_elementwise_kernel<4, at::BinaryFunctor<c10::Half, c10::Half, c10::Half, binary_internal::MulFunctor<float>>, std::array<char *, 3>>(int, T2, T3)",14464.0,0.0,2816.0,0.25,0.03
"std::enable_if<!T7, void>::type internal::kernel<int, int, __half, __half, __half, float, 0, 1, 1, 0, 7, 0, cublasGemvParamsEx<int, cublasGemvTensorStridedBatched<const __half>, cublasGemvTensorStridedBatched<const __half>, cublasGemvTensorStridedBatched<__half>, float>>(T13)",8412672.0,0.0,11168.0,37.19,17.77
"std::enable_if<!T7, void>::type internal::kernel<int, int, __half, __half, __half, float, 0, 1, 1, 0, 7, 0, cublasGemvParamsEx<int, cublasGemvTensorStridedBatched<const __half>, cublasGemvTensorStridedBatched<const __half>, cublasGemvTensorStridedBatched<__half>, float>>(T13)",1072768.0,0.0,5536.0,9.59,5.15
"std::enable_if<!T7, void>::type internal::kernel<int, int, __half, __half, __half, float, 0, 1, 1, 0, 7, 0, cublasGemvParamsEx<int, cublasGemvTensorStridedBatched<const __half>, cublasGemvTensorStridedBatched<const __half>, cublasGemvTensorStridedBatched<__half>, float>>(T13)",1072640.0,0.0,5856.0,9.08,4.87
"void at::elementwise_kernel<128, 4, void at::gpu_kernel_impl_nocast<at::BinaryFunctor<c10::Half, c10::Half, c10::Half, binary_internal::MulFunctor<float>>>(at::TensorIteratorBase &, const T1 &)::[lambda(int) (instance 1)]>(int, T3)",23936.0,0.0,5504.0,0.21,0.09
"void at::elementwise_kernel<128, 4, void at::gpu_kernel_impl_nocast<at::neg_kernel_cuda(at::TensorIteratorBase &)::[lambda() (instance 2)]::operator ()() const::[lambda() (instance 8)]::operator ()() const::[lambda(c10::Half) (instance 1)]>(at::TensorIteratorBase &, const T1 &)::[lambda(int) (instance 1)]>(int, T3)",19840.0,0.0,4960.0,0.2,0.04
"void at::<unnamed>::CatArrayBatchedCopy<at::<unnamed>::OpaqueType<2>, unsigned int, 4, 64, 64>(T1 *, at::<unnamed>::CatArrInputTensorMetadata<T1, T2, T4, T5>, at::<unnamed>::TensorSizeStride<T2, 4>, int, T2)",11008.0,0.0,6528.0,0.08,3.51
"void at::elementwise_kernel<128, 4, void at::gpu_kernel_impl_nocast<at::BinaryFunctor<c10::Half, c10::Half, c10::Half, binary_internal::MulFunctor<float>>>(at::TensorIteratorBase &, const T1 &)::[lambda(int) (instance 1)]>(int, T3)",23936.0,0.0,5216.0,0.23,0.1
"void at::vectorized_elementwise_kernel<4, at::CUDAFunctor_add<c10::Half>, std::array<char *, 3>>(int, T2, T3)",14464.0,0.0,3104.0,0.23,0.02
"void at::elementwise_kernel<128, 4, void at::gpu_kernel_impl_nocast<at::BinaryFunctor<c10::Half, c10::Half, c10::Half, binary_internal::MulFunctor<float>>>(at::TensorIteratorBase &, const T1 &)::[lambda(int) (instance 1)]>(int, T3)",20480.0,0.0,4064.0,0.25,0.02
"void at::elementwise_kernel<128, 4, void at::gpu_kernel_impl_nocast<at::neg_kernel_cuda(at::TensorIteratorBase &)::[lambda() (instance 2)]::operator ()() const::[lambda() (instance 8)]::operator ()() const::[lambda(c10::Half) (instance 1)]>(at::TensorIteratorBase &, const T1 &)::[lambda(int) (instance 1)]>(int, T3)",18048.0,0.0,3616.0,0.25,0.01
"void at::<unnamed>::CatArrayBatchedCopy<at::<unnamed>::OpaqueType<2>, unsigned int, 4, 64, 64>(T1 *, at::<unnamed>::CatArrInputTensorMetadata<T1, T2, T4, T5>, at::<unnamed>::TensorSizeStride<T2, 4>, int, T2)",7424.0,0.0,5248.0,0.07,4.01
"void at::elementwise_kernel<128, 4, void at::gpu_kernel_impl_nocast<at::BinaryFunctor<c10::Half, c10::Half, c10::Half, binary_internal::MulFunctor<float>>>(at::TensorIteratorBase &, const T1 &)::[lambda(int) (instance 1)]>(int, T3)",20352.0,0.0,4160.0,0.24,0.02
"void at::vectorized_elementwise_kernel<4, at::CUDAFunctor_add<c10::Half>, std::array<char *, 3>>(int, T2, T3)",7296.0,0.0,3168.0,0.11,0.04
"void <unnamed>::elementwise_kernel_with_index<int, at::arange_cuda_out(const c10::Scalar &, const c10::Scalar &, const c10::Scalar &, at::Tensor &)::[lambda() (instance 1)]::operator ()() const::[lambda() (instance 4)]::operator ()() const::[lambda(long) (instance 1)]>(T1, T2, function_traits<T2>::result_type *)",2688.0,0.0,2368.0,0.06,0.0
"void at::vectorized_elementwise_kernel<2, at::CUDAFunctor_add<long>, std::array<char *, 3>>(int, T2, T3)",6400.0,0.0,2912.0,0.11,0.03
"void at::vectorized_elementwise_kernel<2, at::CUDAFunctorOnSelf_add<long>, std::array<char *, 2>>(int, T2, T3)",5888.0,0.0,2816.0,0.1,0.03
"void at::index_elementwise_kernel<128, 4, void at::index_copy_kernel_impl<at::OpaqueType<2>>(at::TensorIterator &, long, long, long)::[lambda(int) (instance 1)]>(long, T3)",22400.0,0.0,4800.0,0.23,0.02
"void at::index_elementwise_kernel<128, 4, void at::index_copy_kernel_impl<at::OpaqueType<2>>(at::TensorIterator &, long, long, long)::[lambda(int) (instance 1)]>(long, T3)",22400.0,0.0,4608.0,0.24,0.02
"void at::elementwise_kernel<128, 4, void at::gpu_kernel_impl_nocast<at::direct_copy_kernel_cuda(at::TensorIteratorBase &)::[lambda() (instance 3)]::operator ()() const::[lambda() (instance 10)]::operator ()() const::[lambda(c10::Half) (instance 1)]>(at::TensorIteratorBase &, const T1 &)::[lambda(int) (instance 1)]>(int, T3)",558464.0,0.0,11104.0,2.47,44.69
"void at::elementwise_kernel<128, 4, void at::gpu_kernel_impl_nocast<at::direct_copy_kernel_cuda(at::TensorIteratorBase &)::[lambda() (instance 3)]::operator ()() const::[lambda() (instance 10)]::operator ()() const::[lambda(c10::Half) (instance 1)]>(at::TensorIteratorBase &, const T1 &)::[lambda(int) (instance 1)]>(int, T3)",558464.0,0.0,11040.0,2.49,45.04
"void at::vectorized_elementwise_kernel<4, at::FillFunctor<c10::Half>, std::array<char *, 1>>(int, T2, T3)",3968.0,0.0,2336.0,0.09,0.01
"void at::vectorized_elementwise_kernel<4, at::FillFunctor<c10::Half>, std::array<char *, 1>>(int, T2, T3)",3968.0,0.0,2336.0,0.08,0.01
"void at::elementwise_kernel<128, 4, void at::gpu_kernel_impl_nocast<at::<unnamed>::where_kernel_impl(at::TensorIterator &)::[lambda() (instance 1)]::operator ()() const::[lambda() (instance 2)]::operator ()() const::[lambda(bool, c10::Half, c10::Half) (instance 1)]>(at::TensorIteratorBase &, const T1 &)::[lambda(int) (instance 1)]>(int, T3)",22656.0,0.0,5344.0,0.21,0.04
"fmha_cutlassF_f16_aligned_64x64_rf_sm80(PyTorchMemEffAttention::AttentionKernel<cutlass::half_t, cutlass::Sm80, 1, 64, 64, 64, 1, 1>::Params)",8705024.0,0.0,80000.0,5.34,6.52
"std::enable_if<!T7, void>::type internal::kernel<int, int, __half, __half, __half, float, 0, 1, 1, 0, 7, 0, cublasGemvParamsEx<int, cublasGemvTensorStridedBatched<const __half>, cublasGemvTensorStridedBatched<const __half>, cublasGemvTensorStridedBatched<__half>, float>>(T13)",8412672.0,128.0,11680.0,35.49,16.94
"void at::vectorized_elementwise_kernel<4, at::CUDAFunctor_add<c10::Half>, std::array<char *, 3>>(int, T2, T3)",14464.0,0.0,2848.0,0.25,0.03
"void at::unrolled_elementwise_kernel<at::direct_copy_kernel_cuda(at::TensorIteratorBase &)::[lambda() (instance 3)]::operator ()() const::[lambda() (instance 7)]::operator ()() const::[lambda(float) (instance 1)], std::array<char *, 2>, 4, TrivialOffsetCalculator<1, unsigned int>, TrivialOffsetCalculator<1, unsigned int>, memory::LoadWithCast<1>, memory::StoreWithCast<1>>(int, T1, T2, T4, T5, T6, T7)",36224.0,0.0,5536.0,0.32,0.1
"void at::vectorized_elementwise_kernel<4, void at::<unnamed>::pow_tensor_scalar_kernel_impl<float, float>(at::TensorIteratorBase &, T2)::[lambda(float) (instance 1)], std::array<char *, 2>>(int, T2, T3)",12928.0,0.0,2720.0,0.24,0.02
"void at::reduce_kernel<512, 1, at::ReduceOp<float, at::MeanOps<float, float, float, float>, unsigned int, float, 4, 4>>(T3)",59264.0,0.0,5280.0,0.56,0.11
"void at::vectorized_elementwise_kernel<4, at::CUDAFunctorOnSelf_add<float>, std::array<char *, 2>>(int, T2, T3)",4736.0,0.0,2720.0,0.09,0.02
"void at::vectorized_elementwise_kernel<4, at::rsqrt_kernel_cuda(at::TensorIteratorBase &)::[lambda() (instance 2)]::operator ()() const::[lambda() (instance 2)]::operator ()() const::[lambda(float) (instance 1)], std::array<char *, 2>>(int, T2, T3)",6400.0,0.0,3072.0,0.1,0.03
"void at::elementwise_kernel<128, 2, void at::gpu_kernel_impl_nocast<at::BinaryFunctor<float, float, float, binary_internal::MulFunctor<float>>>(at::TensorIteratorBase &, const T1 &)::[lambda(int) (instance 1)]>(int, T3)",19328.0,0.0,4064.0,0.23,0.1
"void at::vectorized_elementwise_kernel<4, at::float16_copy_kernel_cuda(at::TensorIteratorBase &)::[lambda(float) (instance 1)], std::array<char *, 2>>(int, T2, T3)",13184.0,0.0,2656.0,0.24,0.01
"void at::vectorized_elementwise_kernel<4, at::BinaryFunctor<c10::Half, c10::Half, c10::Half, binary_internal::MulFunctor<float>>, std::array<char *, 3>>(int, T2, T3)",14464.0,0.0,2720.0,0.27,0.03
ampere_fp16_s16816gemm_fp16_64x64_ldg8_f2f_stages_64x6_tn,23086336.0,345216.0,19168.0,60.07,24.99
"void at::vectorized_elementwise_kernel<4, at::<unnamed>::silu_kernel(at::TensorIteratorBase &)::[lambda() (instance 1)]::operator ()() const::[lambda() (instance 5)]::operator ()() const::[lambda(c10::Half) (instance 1)], std::array<char *, 2>>(int, T2, T3)",24576.0,0.0,3584.0,0.34,0.23
ampere_fp16_s16816gemm_fp16_64x64_ldg8_f2f_stages_64x6_tn,23086592.0,554624.0,19328.0,60.01,24.76
"void at::vectorized_elementwise_kernel<4, at::BinaryFunctor<c10::Half, c10::Half, c10::Half, binary_internal::MulFunctor<float>>, std::array<char *, 3>>(int, T2, T3)",28800.0,0.0,2912.0,0.49,0.1
"std::enable_if<!T7, void>::type internal::kernel<int, int, __half, __half, __half, float, 0, 1, 1, 0, 7, 0, cublasGemvParamsEx<int, cublasGemvTensorStridedBatched<const __half>, cublasGemvTensorStridedBatched<const __half>, cublasGemvTensorStridedBatched<__half>, float>>(T13)",23100160.0,634880.0,26464.0,44.15,19.11
"void at::vectorized_elementwise_kernel<4, at::CUDAFunctor_add<c10::Half>, std::array<char *, 3>>(int, T2, T3)",14464.0,0.0,2912.0,0.25,0.03
"void at::unrolled_elementwise_kernel<at::direct_copy_kernel_cuda(at::TensorIteratorBase &)::[lambda() (instance 3)]::operator ()() const::[lambda() (instance 7)]::operator ()() const::[lambda(float) (instance 1)], std::array<char *, 2>, 4, TrivialOffsetCalculator<1, unsigned int>, TrivialOffsetCalculator<1, unsigned int>, memory::LoadWithCast<1>, memory::StoreWithCast<1>>(int, T1, T2, T4, T5, T6, T7)",36224.0,0.0,5664.0,0.32,0.09
"void at::vectorized_elementwise_kernel<4, void at::<unnamed>::pow_tensor_scalar_kernel_impl<float, float>(at::TensorIteratorBase &, T2)::[lambda(float) (instance 1)], std::array<char *, 2>>(int, T2, T3)",12928.0,0.0,2816.0,0.23,0.02
"void at::reduce_kernel<512, 1, at::ReduceOp<float, at::MeanOps<float, float, float, float>, unsigned int, float, 4, 4>>(T3)",59264.0,0.0,5344.0,0.55,0.11
"void at::vectorized_elementwise_kernel<4, at::CUDAFunctorOnSelf_add<float>, std::array<char *, 2>>(int, T2, T3)",4864.0,0.0,2688.0,0.09,0.02
"void at::vectorized_elementwise_kernel<4, at::rsqrt_kernel_cuda(at::TensorIteratorBase &)::[lambda() (instance 2)]::operator ()() const::[lambda() (instance 2)]::operator ()() const::[lambda(float) (instance 1)], std::array<char *, 2>>(int, T2, T3)",6272.0,0.0,2912.0,0.11,0.04
"void at::elementwise_kernel<128, 2, void at::gpu_kernel_impl_nocast<at::BinaryFunctor<float, float, float, binary_internal::MulFunctor<float>>>(at::TensorIteratorBase &, const T1 &)::[lambda(int) (instance 1)]>(int, T3)",19200.0,0.0,3840.0,0.25,0.11
"void at::vectorized_elementwise_kernel<4, at::float16_copy_kernel_cuda(at::TensorIteratorBase &)::[lambda(float) (instance 1)], std::array<char *, 2>>(int, T2, T3)",13184.0,0.0,2720.0,0.24,0.01
"void at::vectorized_elementwise_kernel<4, at::BinaryFunctor<c10::Half, c10::Half, c10::Half, binary_internal::MulFunctor<float>>, std::array<char *, 3>>(int, T2, T3)",14464.0,0.0,2848.0,0.25,0.03
"std::enable_if<!T7, void>::type internal::kernel<int, int, __half, __half, __half, float, 0, 1, 1, 0, 7, 0, cublasGemvParamsEx<int, cublasGemvTensorStridedBatched<const __half>, cublasGemvTensorStridedBatched<const __half>, cublasGemvTensorStridedBatched<__half>, float>>(T13)",8412800.0,0.0,12032.0,34.31,16.4
"std::enable_if<!T7, void>::type internal::kernel<int, int, __half, __half, __half, float, 0, 1, 1, 0, 7, 0, cublasGemvParamsEx<int, cublasGemvTensorStridedBatched<const __half>, cublasGemvTensorStridedBatched<const __half>, cublasGemvTensorStridedBatched<__half>, float>>(T13)",1072640.0,0.0,5568.0,9.54,5.11
"std::enable_if<!T7, void>::type internal::kernel<int, int, __half, __half, __half, float, 0, 1, 1, 0, 7, 0, cublasGemvParamsEx<int, cublasGemvTensorStridedBatched<const __half>, cublasGemvTensorStridedBatched<const __half>, cublasGemvTensorStridedBatched<__half>, float>>(T13)",1072640.0,0.0,5600.0,9.49,5.08
"void at::elementwise_kernel<128, 4, void at::gpu_kernel_impl_nocast<at::BinaryFunctor<c10::Half, c10::Half, c10::Half, binary_internal::MulFunctor<float>>>(at::TensorIteratorBase &, const T1 &)::[lambda(int) (instance 1)]>(int, T3)",23936.0,0.0,5152.0,0.23,0.1
"void at::elementwise_kernel<128, 4, void at::gpu_kernel_impl_nocast<at::neg_kernel_cuda(at::TensorIteratorBase &)::[lambda() (instance 2)]::operator ()() const::[lambda() (instance 8)]::operator ()() const::[lambda(c10::Half) (instance 1)]>(at::TensorIteratorBase &, const T1 &)::[lambda(int) (instance 1)]>(int, T3)",19840.0,0.0,4992.0,0.2,0.04
"void at::<unnamed>::CatArrayBatchedCopy<at::<unnamed>::OpaqueType<2>, unsigned int, 4, 64, 64>(T1 *, at::<unnamed>::CatArrInputTensorMetadata<T1, T2, T4, T5>, at::<unnamed>::TensorSizeStride<T2, 4>, int, T2)",11136.0,0.0,6464.0,0.08,3.54
"void at::elementwise_kernel<128, 4, void at::gpu_kernel_impl_nocast<at::BinaryFunctor<c10::Half, c10::Half, c10::Half, binary_internal::MulFunctor<float>>>(at::TensorIteratorBase &, const T1 &)::[lambda(int) (instance 1)]>(int, T3)",24064.0,0.0,5312.0,0.22,0.1
"void at::vectorized_elementwise_kernel<4, at::CUDAFunctor_add<c10::Half>, std::array<char *, 3>>(int, T2, T3)",14464.0,0.0,2752.0,0.27,0.03
"void at::elementwise_kernel<128, 4, void at::gpu_kernel_impl_nocast<at::BinaryFunctor<c10::Half, c10::Half, c10::Half, binary_internal::MulFunctor<float>>>(at::TensorIteratorBase &, const T1 &)::[lambda(int) (instance 1)]>(int, T3)",20352.0,0.0,4096.0,0.24,0.02
"void at::elementwise_kernel<128, 4, void at::gpu_kernel_impl_nocast<at::neg_kernel_cuda(at::TensorIteratorBase &)::[lambda() (instance 2)]::operator ()() const::[lambda() (instance 8)]::operator ()() const::[lambda(c10::Half) (instance 1)]>(at::TensorIteratorBase &, const T1 &)::[lambda(int) (instance 1)]>(int, T3)",18048.0,0.0,3680.0,0.24,0.01
"void at::<unnamed>::CatArrayBatchedCopy<at::<unnamed>::OpaqueType<2>, unsigned int, 4, 64, 64>(T1 *, at::<unnamed>::CatArrInputTensorMetadata<T1, T2, T4, T5>, at::<unnamed>::TensorSizeStride<T2, 4>, int, T2)",7424.0,0.0,5184.0,0.07,4.09
"void at::elementwise_kernel<128, 4, void at::gpu_kernel_impl_nocast<at::BinaryFunctor<c10::Half, c10::Half, c10::Half, binary_internal::MulFunctor<float>>>(at::TensorIteratorBase &, const T1 &)::[lambda(int) (instance 1)]>(int, T3)",20352.0,0.0,4160.0,0.24,0.02
"void at::vectorized_elementwise_kernel<4, at::CUDAFunctor_add<c10::Half>, std::array<char *, 3>>(int, T2, T3)",7296.0,0.0,2976.0,0.12,0.04
"void <unnamed>::elementwise_kernel_with_index<int, at::arange_cuda_out(const c10::Scalar &, const c10::Scalar &, const c10::Scalar &, at::Tensor &)::[lambda() (instance 1)]::operator ()() const::[lambda() (instance 4)]::operator ()() const::[lambda(long) (instance 1)]>(T1, T2, function_traits<T2>::result_type *)",2688.0,0.0,2272.0,0.06,0.0
"void at::vectorized_elementwise_kernel<2, at::CUDAFunctor_add<long>, std::array<char *, 3>>(int, T2, T3)",6400.0,0.0,2912.0,0.11,0.03
"void at::vectorized_elementwise_kernel<2, at::CUDAFunctorOnSelf_add<long>, std::array<char *, 2>>(int, T2, T3)",5760.0,0.0,2752.0,0.1,0.03
"void at::index_elementwise_kernel<128, 4, void at::index_copy_kernel_impl<at::OpaqueType<2>>(at::TensorIterator &, long, long, long)::[lambda(int) (instance 1)]>(long, T3)",22272.0,0.0,4768.0,0.23,0.02
"void at::index_elementwise_kernel<128, 4, void at::index_copy_kernel_impl<at::OpaqueType<2>>(at::TensorIterator &, long, long, long)::[lambda(int) (instance 1)]>(long, T3)",22656.0,0.0,4512.0,0.25,0.02
"void at::elementwise_kernel<128, 4, void at::gpu_kernel_impl_nocast<at::direct_copy_kernel_cuda(at::TensorIteratorBase &)::[lambda() (instance 3)]::operator ()() const::[lambda() (instance 10)]::operator ()() const::[lambda(c10::Half) (instance 1)]>(at::TensorIteratorBase &, const T1 &)::[lambda(int) (instance 1)]>(int, T3)",558464.0,0.0,11136.0,2.47,44.69
"void at::elementwise_kernel<128, 4, void at::gpu_kernel_impl_nocast<at::direct_copy_kernel_cuda(at::TensorIteratorBase &)::[lambda() (instance 3)]::operator ()() const::[lambda() (instance 10)]::operator ()() const::[lambda(c10::Half) (instance 1)]>(at::TensorIteratorBase &, const T1 &)::[lambda(int) (instance 1)]>(int, T3)",558464.0,0.0,11040.0,2.49,45.17
"void at::vectorized_elementwise_kernel<4, at::FillFunctor<c10::Half>, std::array<char *, 1>>(int, T2, T3)",3968.0,0.0,2336.0,0.08,0.01
"void at::vectorized_elementwise_kernel<4, at::FillFunctor<c10::Half>, std::array<char *, 1>>(int, T2, T3)",4224.0,0.0,2592.0,0.08,0.01
"void at::elementwise_kernel<128, 4, void at::gpu_kernel_impl_nocast<at::<unnamed>::where_kernel_impl(at::TensorIterator &)::[lambda() (instance 1)]::operator ()() const::[lambda() (instance 2)]::operator ()() const::[lambda(bool, c10::Half, c10::Half) (instance 1)]>(at::TensorIteratorBase &, const T1 &)::[lambda(int) (instance 1)]>(int, T3)",22784.0,0.0,5152.0,0.22,0.04
"fmha_cutlassF_f16_aligned_64x64_rf_sm80(PyTorchMemEffAttention::AttentionKernel<cutlass::half_t, cutlass::Sm80, 1, 64, 64, 64, 1, 1>::Params)",8705024.0,0.0,79712.0,5.36,6.54
"std::enable_if<!T7, void>::type internal::kernel<int, int, __half, __half, __half, float, 0, 1, 1, 0, 7, 0, cublasGemvParamsEx<int, cublasGemvTensorStridedBatched<const __half>, cublasGemvTensorStridedBatched<const __half>, cublasGemvTensorStridedBatched<__half>, float>>(T13)",8412800.0,896.0,11328.0,36.58,17.48
"void at::vectorized_elementwise_kernel<4, at::CUDAFunctor_add<c10::Half>, std::array<char *, 3>>(int, T2, T3)",14464.0,0.0,2912.0,0.25,0.03
"void at::unrolled_elementwise_kernel<at::direct_copy_kernel_cuda(at::TensorIteratorBase &)::[lambda() (instance 3)]::operator ()() const::[lambda() (instance 7)]::operator ()() const::[lambda(float) (instance 1)], std::array<char *, 2>, 4, TrivialOffsetCalculator<1, unsigned int>, TrivialOffsetCalculator<1, unsigned int>, memory::LoadWithCast<1>, memory::StoreWithCast<1>>(int, T1, T2, T4, T5, T6, T7)",36224.0,0.0,5568.0,0.32,0.1
"void at::vectorized_elementwise_kernel<4, void at::<unnamed>::pow_tensor_scalar_kernel_impl<float, float>(at::TensorIteratorBase &, T2)::[lambda(float) (instance 1)], std::array<char *, 2>>(int, T2, T3)",12928.0,0.0,2656.0,0.24,0.02
"void at::reduce_kernel<512, 1, at::ReduceOp<float, at::MeanOps<float, float, float, float>, unsigned int, float, 4, 4>>(T3)",59392.0,0.0,5344.0,0.55,0.1
"void at::vectorized_elementwise_kernel<4, at::CUDAFunctorOnSelf_add<float>, std::array<char *, 2>>(int, T2, T3)",4864.0,0.0,2624.0,0.09,0.02
"void at::vectorized_elementwise_kernel<4, at::rsqrt_kernel_cuda(at::TensorIteratorBase &)::[lambda() (instance 2)]::operator ()() const::[lambda() (instance 2)]::operator ()() const::[lambda(float) (instance 1)], std::array<char *, 2>>(int, T2, T3)",6272.0,0.0,2912.0,0.11,0.04
"void at::elementwise_kernel<128, 2, void at::gpu_kernel_impl_nocast<at::BinaryFunctor<float, float, float, binary_internal::MulFunctor<float>>>(at::TensorIteratorBase &, const T1 &)::[lambda(int) (instance 1)]>(int, T3)",19328.0,0.0,3936.0,0.24,0.11
"void at::vectorized_elementwise_kernel<4, at::float16_copy_kernel_cuda(at::TensorIteratorBase &)::[lambda(float) (instance 1)], std::array<char *, 2>>(int, T2, T3)",13184.0,0.0,2816.0,0.23,0.01
"void at::vectorized_elementwise_kernel<4, at::BinaryFunctor<c10::Half, c10::Half, c10::Half, binary_internal::MulFunctor<float>>, std::array<char *, 3>>(int, T2, T3)",14464.0,0.0,2720.0,0.26,0.03
ampere_fp16_s16816gemm_fp16_64x64_ldg8_f2f_stages_64x6_tn,23086720.0,427008.0,18880.0,61.25,25.4
"void at::vectorized_elementwise_kernel<4, at::<unnamed>::silu_kernel(at::TensorIteratorBase &)::[lambda() (instance 1)]::operator ()() const::[lambda() (instance 5)]::operator ()() const::[lambda(c10::Half) (instance 1)], std::array<char *, 2>>(int, T2, T3)",24576.0,0.0,3392.0,0.36,0.24
ampere_fp16_s16816gemm_fp16_64x64_ldg8_f2f_stages_64x6_tn,23086976.0,687488.0,19616.0,59.54,24.41
"void at::vectorized_elementwise_kernel<4, at::BinaryFunctor<c10::Half, c10::Half, c10::Half, binary_internal::MulFunctor<float>>, std::array<char *, 3>>(int, T2, T3)",28800.0,0.0,2976.0,0.49,0.1
"std::enable_if<!T7, void>::type internal::kernel<int, int, __half, __half, __half, float, 0, 1, 1, 0, 7, 0, cublasGemvParamsEx<int, cublasGemvTensorStridedBatched<const __half>, cublasGemvTensorStridedBatched<const __half>, cublasGemvTensorStridedBatched<__half>, float>>(T13)",23100288.0,642944.0,25152.0,46.4,20.1
"void at::vectorized_elementwise_kernel<4, at::CUDAFunctor_add<c10::Half>, std::array<char *, 3>>(int, T2, T3)",14464.0,0.0,2784.0,0.26,0.03
"void at::unrolled_elementwise_kernel<at::direct_copy_kernel_cuda(at::TensorIteratorBase &)::[lambda() (instance 3)]::operator ()() const::[lambda() (instance 7)]::operator ()() const::[lambda(float) (instance 1)], std::array<char *, 2>, 4, TrivialOffsetCalculator<1, unsigned int>, TrivialOffsetCalculator<1, unsigned int>, memory::LoadWithCast<1>, memory::StoreWithCast<1>>(int, T1, T2, T4, T5, T6, T7)",36224.0,0.0,5376.0,0.33,0.1
"void at::vectorized_elementwise_kernel<4, void at::<unnamed>::pow_tensor_scalar_kernel_impl<float, float>(at::TensorIteratorBase &, T2)::[lambda(float) (instance 1)], std::array<char *, 2>>(int, T2, T3)",12928.0,0.0,2720.0,0.24,0.02
"void at::reduce_kernel<512, 1, at::ReduceOp<float, at::MeanOps<float, float, float, float>, unsigned int, float, 4, 4>>(T3)",59392.0,0.0,5376.0,0.55,0.1
"void at::vectorized_elementwise_kernel<4, at::CUDAFunctorOnSelf_add<float>, std::array<char *, 2>>(int, T2, T3)",4736.0,0.0,2720.0,0.09,0.02
"void at::vectorized_elementwise_kernel<4, at::rsqrt_kernel_cuda(at::TensorIteratorBase &)::[lambda() (instance 2)]::operator ()() const::[lambda() (instance 2)]::operator ()() const::[lambda(float) (instance 1)], std::array<char *, 2>>(int, T2, T3)",6400.0,0.0,2880.0,0.11,0.04
"void at::elementwise_kernel<128, 2, void at::gpu_kernel_impl_nocast<at::BinaryFunctor<float, float, float, binary_internal::MulFunctor<float>>>(at::TensorIteratorBase &, const T1 &)::[lambda(int) (instance 1)]>(int, T3)",19200.0,0.0,3808.0,0.25,0.11
"void at::vectorized_elementwise_kernel<4, at::float16_copy_kernel_cuda(at::TensorIteratorBase &)::[lambda(float) (instance 1)], std::array<char *, 2>>(int, T2, T3)",13184.0,0.0,2784.0,0.23,0.01
"void at::vectorized_elementwise_kernel<4, at::BinaryFunctor<c10::Half, c10::Half, c10::Half, binary_internal::MulFunctor<float>>, std::array<char *, 3>>(int, T2, T3)",14464.0,0.0,2944.0,0.25,0.03
"std::enable_if<!T7, void>::type internal::kernel<int, int, __half, __half, __half, float, 0, 1, 1, 0, 7, 0, cublasGemvParamsEx<int, cublasGemvTensorStridedBatched<const __half>, cublasGemvTensorStridedBatched<const __half>, cublasGemvTensorStridedBatched<__half>, float>>(T13)",8412800.0,384.0,12288.0,33.78,16.12
"std::enable_if<!T7, void>::type internal::kernel<int, int, __half, __half, __half, float, 0, 1, 1, 0, 7, 0, cublasGemvParamsEx<int, cublasGemvTensorStridedBatched<const __half>, cublasGemvTensorStridedBatched<const __half>, cublasGemvTensorStridedBatched<__half>, float>>(T13)",1072640.0,0.0,5792.0,9.16,4.9
"std::enable_if<!T7, void>::type internal::kernel<int, int, __half, __half, __half, float, 0, 1, 1, 0, 7, 0, cublasGemvParamsEx<int, cublasGemvTensorStridedBatched<const __half>, cublasGemvTensorStridedBatched<const __half>, cublasGemvTensorStridedBatched<__half>, float>>(T13)",1072640.0,0.0,6176.0,8.57,4.61
"void at::elementwise_kernel<128, 4, void at::gpu_kernel_impl_nocast<at::BinaryFunctor<c10::Half, c10::Half, c10::Half, binary_internal::MulFunctor<float>>>(at::TensorIteratorBase &, const T1 &)::[lambda(int) (instance 1)]>(int, T3)",23936.0,0.0,5216.0,0.23,0.1
"void at::elementwise_kernel<128, 4, void at::gpu_kernel_impl_nocast<at::neg_kernel_cuda(at::TensorIteratorBase &)::[lambda() (instance 2)]::operator ()() const::[lambda() (instance 8)]::operator ()() const::[lambda(c10::Half) (instance 1)]>(at::TensorIteratorBase &, const T1 &)::[lambda(int) (instance 1)]>(int, T3)",19840.0,0.0,4960.0,0.2,0.04
"void at::<unnamed>::CatArrayBatchedCopy<at::<unnamed>::OpaqueType<2>, unsigned int, 4, 64, 64>(T1 *, at::<unnamed>::CatArrInputTensorMetadata<T1, T2, T4, T5>, at::<unnamed>::TensorSizeStride<T2, 4>, int, T2)",11136.0,0.0,6560.0,0.08,3.46
"void at::elementwise_kernel<128, 4, void at::gpu_kernel_impl_nocast<at::BinaryFunctor<c10::Half, c10::Half, c10::Half, binary_internal::MulFunctor<float>>>(at::TensorIteratorBase &, const T1 &)::[lambda(int) (instance 1)]>(int, T3)",23936.0,0.0,5440.0,0.22,0.09
"void at::vectorized_elementwise_kernel<4, at::CUDAFunctor_add<c10::Half>, std::array<char *, 3>>(int, T2, T3)",14464.0,0.0,2752.0,0.26,0.03
"void at::elementwise_kernel<128, 4, void at::gpu_kernel_impl_nocast<at::BinaryFunctor<c10::Half, c10::Half, c10::Half, binary_internal::MulFunctor<float>>>(at::TensorIteratorBase &, const T1 &)::[lambda(int) (instance 1)]>(int, T3)",20352.0,0.0,4320.0,0.23,0.02
"void at::elementwise_kernel<128, 4, void at::gpu_kernel_impl_nocast<at::neg_kernel_cuda(at::TensorIteratorBase &)::[lambda() (instance 2)]::operator ()() const::[lambda() (instance 8)]::operator ()() const::[lambda(c10::Half) (instance 1)]>(at::TensorIteratorBase &, const T1 &)::[lambda(int) (instance 1)]>(int, T3)",18048.0,0.0,3488.0,0.26,0.01
"void at::<unnamed>::CatArrayBatchedCopy<at::<unnamed>::OpaqueType<2>, unsigned int, 4, 64, 64>(T1 *, at::<unnamed>::CatArrInputTensorMetadata<T1, T2, T4, T5>, at::<unnamed>::TensorSizeStride<T2, 4>, int, T2)",7552.0,0.0,5184.0,0.07,4.14
"void at::elementwise_kernel<128, 4, void at::gpu_kernel_impl_nocast<at::BinaryFunctor<c10::Half, c10::Half, c10::Half, binary_internal::MulFunctor<float>>>(at::TensorIteratorBase &, const T1 &)::[lambda(int) (instance 1)]>(int, T3)",20352.0,0.0,4192.0,0.24,0.02
"void at::vectorized_elementwise_kernel<4, at::CUDAFunctor_add<c10::Half>, std::array<char *, 3>>(int, T2, T3)",7296.0,0.0,2976.0,0.12,0.04
"void <unnamed>::elementwise_kernel_with_index<int, at::arange_cuda_out(const c10::Scalar &, const c10::Scalar &, const c10::Scalar &, at::Tensor &)::[lambda() (instance 1)]::operator ()() const::[lambda() (instance 4)]::operator ()() const::[lambda(long) (instance 1)]>(T1, T2, function_traits<T2>::result_type *)",2688.0,0.0,2368.0,0.06,0.0
"void at::vectorized_elementwise_kernel<2, at::CUDAFunctor_add<long>, std::array<char *, 3>>(int, T2, T3)",6400.0,0.0,2912.0,0.11,0.03
"void at::vectorized_elementwise_kernel<2, at::CUDAFunctorOnSelf_add<long>, std::array<char *, 2>>(int, T2, T3)",5888.0,0.0,2752.0,0.11,0.03
"void at::index_elementwise_kernel<128, 4, void at::index_copy_kernel_impl<at::OpaqueType<2>>(at::TensorIterator &, long, long, long)::[lambda(int) (instance 1)]>(long, T3)",22272.0,0.0,4768.0,0.23,0.02
"void at::index_elementwise_kernel<128, 4, void at::index_copy_kernel_impl<at::OpaqueType<2>>(at::TensorIterator &, long, long, long)::[lambda(int) (instance 1)]>(long, T3)",22400.0,0.0,4544.0,0.24,0.02
"void at::elementwise_kernel<128, 4, void at::gpu_kernel_impl_nocast<at::direct_copy_kernel_cuda(at::TensorIteratorBase &)::[lambda() (instance 3)]::operator ()() const::[lambda() (instance 10)]::operator ()() const::[lambda(c10::Half) (instance 1)]>(at::TensorIteratorBase &, const T1 &)::[lambda(int) (instance 1)]>(int, T3)",558464.0,0.0,11200.0,2.45,44.36
"void at::elementwise_kernel<128, 4, void at::gpu_kernel_impl_nocast<at::direct_copy_kernel_cuda(at::TensorIteratorBase &)::[lambda() (instance 3)]::operator ()() const::[lambda() (instance 10)]::operator ()() const::[lambda(c10::Half) (instance 1)]>(at::TensorIteratorBase &, const T1 &)::[lambda(int) (instance 1)]>(int, T3)",558464.0,0.0,11072.0,2.48,44.96
"void at::vectorized_elementwise_kernel<4, at::FillFunctor<c10::Half>, std::array<char *, 1>>(int, T2, T3)",3968.0,0.0,2368.0,0.08,0.01
"void at::vectorized_elementwise_kernel<4, at::FillFunctor<c10::Half>, std::array<char *, 1>>(int, T2, T3)",4096.0,0.0,2336.0,0.09,0.01
"void at::elementwise_kernel<128, 4, void at::gpu_kernel_impl_nocast<at::<unnamed>::where_kernel_impl(at::TensorIterator &)::[lambda() (instance 1)]::operator ()() const::[lambda() (instance 2)]::operator ()() const::[lambda(bool, c10::Half, c10::Half) (instance 1)]>(at::TensorIteratorBase &, const T1 &)::[lambda(int) (instance 1)]>(int, T3)",22656.0,0.0,5408.0,0.21,0.04
"fmha_cutlassF_f16_aligned_64x64_rf_sm80(PyTorchMemEffAttention::AttentionKernel<cutlass::half_t, cutlass::Sm80, 1, 64, 64, 64, 1, 1>::Params)",8705024.0,0.0,79808.0,5.35,6.53
"std::enable_if<!T7, void>::type internal::kernel<int, int, __half, __half, __half, float, 0, 1, 1, 0, 7, 0, cublasGemvParamsEx<int, cublasGemvTensorStridedBatched<const __half>, cublasGemvTensorStridedBatched<const __half>, cublasGemvTensorStridedBatched<__half>, float>>(T13)",8412800.0,0.0,11680.0,35.44,16.93
"void at::vectorized_elementwise_kernel<4, at::CUDAFunctor_add<c10::Half>, std::array<char *, 3>>(int, T2, T3)",14464.0,0.0,2880.0,0.25,0.03
"void at::unrolled_elementwise_kernel<at::direct_copy_kernel_cuda(at::TensorIteratorBase &)::[lambda() (instance 3)]::operator ()() const::[lambda() (instance 7)]::operator ()() const::[lambda(float) (instance 1)], std::array<char *, 2>, 4, TrivialOffsetCalculator<1, unsigned int>, TrivialOffsetCalculator<1, unsigned int>, memory::LoadWithCast<1>, memory::StoreWithCast<1>>(int, T1, T2, T4, T5, T6, T7)",36224.0,0.0,5632.0,0.32,0.09
"void at::vectorized_elementwise_kernel<4, void at::<unnamed>::pow_tensor_scalar_kernel_impl<float, float>(at::TensorIteratorBase &, T2)::[lambda(float) (instance 1)], std::array<char *, 2>>(int, T2, T3)",12928.0,0.0,2848.0,0.22,0.01
"void at::reduce_kernel<512, 1, at::ReduceOp<float, at::MeanOps<float, float, float, float>, unsigned int, float, 4, 4>>(T3)",59264.0,0.0,5248.0,0.56,0.11
"void at::vectorized_elementwise_kernel<4, at::CUDAFunctorOnSelf_add<float>, std::array<char *, 2>>(int, T2, T3)",4736.0,0.0,2592.0,0.09,0.02
"void at::vectorized_elementwise_kernel<4, at::rsqrt_kernel_cuda(at::TensorIteratorBase &)::[lambda() (instance 2)]::operator ()() const::[lambda() (instance 2)]::operator ()() const::[lambda(float) (instance 1)], std::array<char *, 2>>(int, T2, T3)",6400.0,0.0,2912.0,0.11,0.04
"void at::elementwise_kernel<128, 2, void at::gpu_kernel_impl_nocast<at::BinaryFunctor<float, float, float, binary_internal::MulFunctor<float>>>(at::TensorIteratorBase &, const T1 &)::[lambda(int) (instance 1)]>(int, T3)",19328.0,0.0,3872.0,0.25,0.11
"void at::vectorized_elementwise_kernel<4, at::float16_copy_kernel_cuda(at::TensorIteratorBase &)::[lambda(float) (instance 1)], std::array<char *, 2>>(int, T2, T3)",13184.0,0.0,2720.0,0.24,0.01
"void at::vectorized_elementwise_kernel<4, at::BinaryFunctor<c10::Half, c10::Half, c10::Half, binary_internal::MulFunctor<float>>, std::array<char *, 3>>(int, T2, T3)",14464.0,0.0,2720.0,0.26,0.03
ampere_fp16_s16816gemm_fp16_64x64_ldg8_f2f_stages_64x6_tn,23086464.0,396416.0,18976.0,60.84,25.27
"void at::vectorized_elementwise_kernel<4, at::<unnamed>::silu_kernel(at::TensorIteratorBase &)::[lambda() (instance 1)]::operator ()() const::[lambda() (instance 5)]::operator ()() const::[lambda(c10::Half) (instance 1)], std::array<char *, 2>>(int, T2, T3)",24448.0,0.0,3616.0,0.33,0.22
ampere_fp16_s16816gemm_fp16_64x64_ldg8_f2f_stages_64x6_tn,23086976.0,491520.0,18944.0,61.11,25.28
"void at::vectorized_elementwise_kernel<4, at::BinaryFunctor<c10::Half, c10::Half, c10::Half, binary_internal::MulFunctor<float>>, std::array<char *, 3>>(int, T2, T3)",28800.0,0.0,2976.0,0.48,0.1
"std::enable_if<!T7, void>::type internal::kernel<int, int, __half, __half, __half, float, 0, 1, 1, 0, 7, 0, cublasGemvParamsEx<int, cublasGemvTensorStridedBatched<const __half>, cublasGemvTensorStridedBatched<const __half>, cublasGemvTensorStridedBatched<__half>, float>>(T13)",23100032.0,516864.0,25472.0,45.6,19.84
"void at::vectorized_elementwise_kernel<4, at::CUDAFunctor_add<c10::Half>, std::array<char *, 3>>(int, T2, T3)",14464.0,0.0,2784.0,0.26,0.03
"void at::unrolled_elementwise_kernel<at::direct_copy_kernel_cuda(at::TensorIteratorBase &)::[lambda() (instance 3)]::operator ()() const::[lambda() (instance 7)]::operator ()() const::[lambda(float) (instance 1)], std::array<char *, 2>, 4, TrivialOffsetCalculator<1, unsigned int>, TrivialOffsetCalculator<1, unsigned int>, memory::LoadWithCast<1>, memory::StoreWithCast<1>>(int, T1, T2, T4, T5, T6, T7)",36224.0,0.0,5472.0,0.33,0.1
"void at::vectorized_elementwise_kernel<4, void at::<unnamed>::pow_tensor_scalar_kernel_impl<float, float>(at::TensorIteratorBase &, T2)::[lambda(float) (instance 1)], std::array<char *, 2>>(int, T2, T3)",12928.0,0.0,2720.0,0.24,0.02
"void at::reduce_kernel<512, 1, at::ReduceOp<float, at::MeanOps<float, float, float, float>, unsigned int, float, 4, 4>>(T3)",59264.0,0.0,5536.0,0.53,0.1
"void at::vectorized_elementwise_kernel<4, at::CUDAFunctorOnSelf_add<float>, std::array<char *, 2>>(int, T2, T3)",4864.0,0.0,2816.0,0.09,0.02
"void at::vectorized_elementwise_kernel<4, at::rsqrt_kernel_cuda(at::TensorIteratorBase &)::[lambda() (instance 2)]::operator ()() const::[lambda() (instance 2)]::operator ()() const::[lambda(float) (instance 1)], std::array<char *, 2>>(int, T2, T3)",6272.0,0.0,2880.0,0.11,0.04
"void at::elementwise_kernel<128, 2, void at::gpu_kernel_impl_nocast<at::BinaryFunctor<float, float, float, binary_internal::MulFunctor<float>>>(at::TensorIteratorBase &, const T1 &)::[lambda(int) (instance 1)]>(int, T3)",19200.0,0.0,3872.0,0.25,0.11
"void at::vectorized_elementwise_kernel<4, at::float16_copy_kernel_cuda(at::TensorIteratorBase &)::[lambda(float) (instance 1)], std::array<char *, 2>>(int, T2, T3)",13184.0,0.0,2656.0,0.25,0.01
"void at::vectorized_elementwise_kernel<4, at::BinaryFunctor<c10::Half, c10::Half, c10::Half, binary_internal::MulFunctor<float>>, std::array<char *, 3>>(int, T2, T3)",14464.0,0.0,2752.0,0.26,0.03
"std::enable_if<!T7, void>::type internal::kernel<int, int, __half, __half, __half, float, 0, 1, 1, 0, 7, 0, cublasGemvParamsEx<int, cublasGemvTensorStridedBatched<const __half>, cublasGemvTensorStridedBatched<const __half>, cublasGemvTensorStridedBatched<__half>, float>>(T13)",8412800.0,0.0,11328.0,36.49,17.48
"std::enable_if<!T7, void>::type internal::kernel<int, int, __half, __half, __half, float, 0, 1, 1, 0, 7, 0, cublasGemvParamsEx<int, cublasGemvTensorStridedBatched<const __half>, cublasGemvTensorStridedBatched<const __half>, cublasGemvTensorStridedBatched<__half>, float>>(T13)",1072640.0,0.0,5696.0,9.29,4.99
"std::enable_if<!T7, void>::type internal::kernel<int, int, __half, __half, __half, float, 0, 1, 1, 0, 7, 0, cublasGemvParamsEx<int, cublasGemvTensorStridedBatched<const __half>, cublasGemvTensorStridedBatched<const __half>, cublasGemvTensorStridedBatched<__half>, float>>(T13)",1072640.0,0.0,5536.0,9.54,5.12
"void at::elementwise_kernel<128, 4, void at::gpu_kernel_impl_nocast<at::BinaryFunctor<c10::Half, c10::Half, c10::Half, binary_internal::MulFunctor<float>>>(at::TensorIteratorBase &, const T1 &)::[lambda(int) (instance 1)]>(int, T3)",24064.0,0.0,5152.0,0.23,0.1
"void at::elementwise_kernel<128, 4, void at::gpu_kernel_impl_nocast<at::neg_kernel_cuda(at::TensorIteratorBase &)::[lambda() (instance 2)]::operator ()() const::[lambda() (instance 8)]::operator ()() const::[lambda(c10::Half) (instance 1)]>(at::TensorIteratorBase &, const T1 &)::[lambda(int) (instance 1)]>(int, T3)",19840.0,0.0,5056.0,0.19,0.04
"void at::<unnamed>::CatArrayBatchedCopy<at::<unnamed>::OpaqueType<2>, unsigned int, 4, 64, 64>(T1 *, at::<unnamed>::CatArrInputTensorMetadata<T1, T2, T4, T5>, at::<unnamed>::TensorSizeStride<T2, 4>, int, T2)",11136.0,0.0,6720.0,0.08,3.39
"void at::elementwise_kernel<128, 4, void at::gpu_kernel_impl_nocast<at::BinaryFunctor<c10::Half, c10::Half, c10::Half, binary_internal::MulFunctor<float>>>(at::TensorIteratorBase &, const T1 &)::[lambda(int) (instance 1)]>(int, T3)",23936.0,0.0,5248.0,0.22,0.1
"void at::vectorized_elementwise_kernel<4, at::CUDAFunctor_add<c10::Half>, std::array<char *, 3>>(int, T2, T3)",14464.0,0.0,3168.0,0.23,0.02
"void at::elementwise_kernel<128, 4, void at::gpu_kernel_impl_nocast<at::BinaryFunctor<c10::Half, c10::Half, c10::Half, binary_internal::MulFunctor<float>>>(at::TensorIteratorBase &, const T1 &)::[lambda(int) (instance 1)]>(int, T3)",20352.0,0.0,4128.0,0.24,0.02
"void at::elementwise_kernel<128, 4, void at::gpu_kernel_impl_nocast<at::neg_kernel_cuda(at::TensorIteratorBase &)::[lambda() (instance 2)]::operator ()() const::[lambda() (instance 8)]::operator ()() const::[lambda(c10::Half) (instance 1)]>(at::TensorIteratorBase &, const T1 &)::[lambda(int) (instance 1)]>(int, T3)",18048.0,0.0,3488.0,0.26,0.01
"void at::<unnamed>::CatArrayBatchedCopy<at::<unnamed>::OpaqueType<2>, unsigned int, 4, 64, 64>(T1 *, at::<unnamed>::CatArrInputTensorMetadata<T1, T2, T4, T5>, at::<unnamed>::TensorSizeStride<T2, 4>, int, T2)",7552.0,0.0,5088.0,0.07,4.14
"void at::elementwise_kernel<128, 4, void at::gpu_kernel_impl_nocast<at::BinaryFunctor<c10::Half, c10::Half, c10::Half, binary_internal::MulFunctor<float>>>(at::TensorIteratorBase &, const T1 &)::[lambda(int) (instance 1)]>(int, T3)",20352.0,0.0,4320.0,0.23,0.02
"void at::vectorized_elementwise_kernel<4, at::CUDAFunctor_add<c10::Half>, std::array<char *, 3>>(int, T2, T3)",7296.0,0.0,2944.0,0.12,0.04
"void <unnamed>::elementwise_kernel_with_index<int, at::arange_cuda_out(const c10::Scalar &, const c10::Scalar &, const c10::Scalar &, at::Tensor &)::[lambda() (instance 1)]::operator ()() const::[lambda() (instance 4)]::operator ()() const::[lambda(long) (instance 1)]>(T1, T2, function_traits<T2>::result_type *)",2688.0,0.0,2304.0,0.06,0.0
"void at::vectorized_elementwise_kernel<2, at::CUDAFunctor_add<long>, std::array<char *, 3>>(int, T2, T3)",6400.0,0.0,2944.0,0.11,0.03
"void at::vectorized_elementwise_kernel<2, at::CUDAFunctorOnSelf_add<long>, std::array<char *, 2>>(int, T2, T3)",5888.0,0.0,2784.0,0.11,0.03
"void at::index_elementwise_kernel<128, 4, void at::index_copy_kernel_impl<at::OpaqueType<2>>(at::TensorIterator &, long, long, long)::[lambda(int) (instance 1)]>(long, T3)",22400.0,0.0,4768.0,0.23,0.02
"void at::index_elementwise_kernel<128, 4, void at::index_copy_kernel_impl<at::OpaqueType<2>>(at::TensorIterator &, long, long, long)::[lambda(int) (instance 1)]>(long, T3)",22528.0,0.0,4544.0,0.24,0.02
"void at::elementwise_kernel<128, 4, void at::gpu_kernel_impl_nocast<at::direct_copy_kernel_cuda(at::TensorIteratorBase &)::[lambda() (instance 3)]::operator ()() const::[lambda() (instance 10)]::operator ()() const::[lambda(c10::Half) (instance 1)]>(at::TensorIteratorBase &, const T1 &)::[lambda(int) (instance 1)]>(int, T3)",558464.0,0.0,11008.0,2.49,45.21
"void at::elementwise_kernel<128, 4, void at::gpu_kernel_impl_nocast<at::direct_copy_kernel_cuda(at::TensorIteratorBase &)::[lambda() (instance 3)]::operator ()() const::[lambda() (instance 10)]::operator ()() const::[lambda(c10::Half) (instance 1)]>(at::TensorIteratorBase &, const T1 &)::[lambda(int) (instance 1)]>(int, T3)",558464.0,0.0,11136.0,2.47,44.72
"void at::vectorized_elementwise_kernel<4, at::FillFunctor<c10::Half>, std::array<char *, 1>>(int, T2, T3)",3968.0,0.0,2400.0,0.08,0.01
"void at::vectorized_elementwise_kernel<4, at::FillFunctor<c10::Half>, std::array<char *, 1>>(int, T2, T3)",3968.0,0.0,2336.0,0.08,0.01
"void at::elementwise_kernel<128, 4, void at::gpu_kernel_impl_nocast<at::<unnamed>::where_kernel_impl(at::TensorIterator &)::[lambda() (instance 1)]::operator ()() const::[lambda() (instance 2)]::operator ()() const::[lambda(bool, c10::Half, c10::Half) (instance 1)]>(at::TensorIteratorBase &, const T1 &)::[lambda(int) (instance 1)]>(int, T3)",22528.0,0.0,5280.0,0.21,0.04
"fmha_cutlassF_f16_aligned_64x64_rf_sm80(PyTorchMemEffAttention::AttentionKernel<cutlass::half_t, cutlass::Sm80, 1, 64, 64, 64, 1, 1>::Params)",8705024.0,0.0,79648.0,5.36,6.55
"std::enable_if<!T7, void>::type internal::kernel<int, int, __half, __half, __half, float, 0, 1, 1, 0, 7, 0, cublasGemvParamsEx<int, cublasGemvTensorStridedBatched<const __half>, cublasGemvTensorStridedBatched<const __half>, cublasGemvTensorStridedBatched<__half>, float>>(T13)",8412672.0,0.0,11648.0,35.51,16.96
"void at::vectorized_elementwise_kernel<4, at::CUDAFunctor_add<c10::Half>, std::array<char *, 3>>(int, T2, T3)",14464.0,0.0,2720.0,0.27,0.03
"void at::unrolled_elementwise_kernel<at::direct_copy_kernel_cuda(at::TensorIteratorBase &)::[lambda() (instance 3)]::operator ()() const::[lambda() (instance 7)]::operator ()() const::[lambda(float) (instance 1)], std::array<char *, 2>, 4, TrivialOffsetCalculator<1, unsigned int>, TrivialOffsetCalculator<1, unsigned int>, memory::LoadWithCast<1>, memory::StoreWithCast<1>>(int, T1, T2, T4, T5, T6, T7)",36224.0,0.0,5344.0,0.33,0.1
"void at::vectorized_elementwise_kernel<4, void at::<unnamed>::pow_tensor_scalar_kernel_impl<float, float>(at::TensorIteratorBase &, T2)::[lambda(float) (instance 1)], std::array<char *, 2>>(int, T2, T3)",12928.0,0.0,3584.0,0.18,0.01
"void at::reduce_kernel<512, 1, at::ReduceOp<float, at::MeanOps<float, float, float, float>, unsigned int, float, 4, 4>>(T3)",59392.0,0.0,5280.0,0.56,0.11
"void at::vectorized_elementwise_kernel<4, at::CUDAFunctorOnSelf_add<float>, std::array<char *, 2>>(int, T2, T3)",4736.0,0.0,2752.0,0.09,0.02
"void at::vectorized_elementwise_kernel<4, at::rsqrt_kernel_cuda(at::TensorIteratorBase &)::[lambda() (instance 2)]::operator ()() const::[lambda() (instance 2)]::operator ()() const::[lambda(float) (instance 1)], std::array<char *, 2>>(int, T2, T3)",6400.0,0.0,3104.0,0.1,0.03
"void at::elementwise_kernel<128, 2, void at::gpu_kernel_impl_nocast<at::BinaryFunctor<float, float, float, binary_internal::MulFunctor<float>>>(at::TensorIteratorBase &, const T1 &)::[lambda(int) (instance 1)]>(int, T3)",19328.0,0.0,3904.0,0.25,0.11
"void at::vectorized_elementwise_kernel<4, at::float16_copy_kernel_cuda(at::TensorIteratorBase &)::[lambda(float) (instance 1)], std::array<char *, 2>>(int, T2, T3)",13184.0,0.0,2656.0,0.25,0.01
"void at::vectorized_elementwise_kernel<4, at::BinaryFunctor<c10::Half, c10::Half, c10::Half, binary_internal::MulFunctor<float>>, std::array<char *, 3>>(int, T2, T3)",14464.0,0.0,2784.0,0.26,0.03
ampere_fp16_s16816gemm_fp16_64x64_ldg8_f2f_stages_64x6_tn,23086720.0,439296.0,18816.0,61.44,25.46
"void at::vectorized_elementwise_kernel<4, at::<unnamed>::silu_kernel(at::TensorIteratorBase &)::[lambda() (instance 1)]::operator ()() const::[lambda() (instance 5)]::operator ()() const::[lambda(c10::Half) (instance 1)], std::array<char *, 2>>(int, T2, T3)",24448.0,0.0,3520.0,0.34,0.23
ampere_fp16_s16816gemm_fp16_64x64_ldg8_f2f_stages_64x6_tn,23086592.0,298240.0,19456.0,59.05,24.63
"void at::vectorized_elementwise_kernel<4, at::BinaryFunctor<c10::Half, c10::Half, c10::Half, binary_internal::MulFunctor<float>>, std::array<char *, 3>>(int, T2, T3)",28800.0,0.0,2912.0,0.49,0.11
"std::enable_if<!T7, void>::type internal::kernel<int, int, __half, __half, __half, float, 0, 1, 1, 0, 7, 0, cublasGemvParamsEx<int, cublasGemvTensorStridedBatched<const __half>, cublasGemvTensorStridedBatched<const __half>, cublasGemvTensorStridedBatched<__half>, float>>(T13)",23100160.0,627328.0,26848.0,43.38,18.8
"void at::vectorized_elementwise_kernel<4, at::CUDAFunctor_add<c10::Half>, std::array<char *, 3>>(int, T2, T3)",14464.0,0.0,2752.0,0.26,0.03
"void at::unrolled_elementwise_kernel<at::direct_copy_kernel_cuda(at::TensorIteratorBase &)::[lambda() (instance 3)]::operator ()() const::[lambda() (instance 7)]::operator ()() const::[lambda(float) (instance 1)], std::array<char *, 2>, 4, TrivialOffsetCalculator<1, unsigned int>, TrivialOffsetCalculator<1, unsigned int>, memory::LoadWithCast<1>, memory::StoreWithCast<1>>(int, T1, T2, T4, T5, T6, T7)",36224.0,0.0,5472.0,0.33,0.1
"void at::vectorized_elementwise_kernel<4, void at::<unnamed>::pow_tensor_scalar_kernel_impl<float, float>(at::TensorIteratorBase &, T2)::[lambda(float) (instance 1)], std::array<char *, 2>>(int, T2, T3)",12928.0,0.0,2656.0,0.24,0.02
"void at::reduce_kernel<512, 1, at::ReduceOp<float, at::MeanOps<float, float, float, float>, unsigned int, float, 4, 4>>(T3)",59264.0,0.0,5376.0,0.55,0.1
"void at::vectorized_elementwise_kernel<4, at::CUDAFunctorOnSelf_add<float>, std::array<char *, 2>>(int, T2, T3)",4864.0,0.0,2656.0,0.09,0.02
"void at::vectorized_elementwise_kernel<4, at::rsqrt_kernel_cuda(at::TensorIteratorBase &)::[lambda() (instance 2)]::operator ()() const::[lambda() (instance 2)]::operator ()() const::[lambda(float) (instance 1)], std::array<char *, 2>>(int, T2, T3)",6400.0,0.0,2880.0,0.11,0.04
"void at::elementwise_kernel<128, 2, void at::gpu_kernel_impl_nocast<at::BinaryFunctor<float, float, float, binary_internal::MulFunctor<float>>>(at::TensorIteratorBase &, const T1 &)::[lambda(int) (instance 1)]>(int, T3)",19328.0,0.0,3840.0,0.25,0.11
"void at::vectorized_elementwise_kernel<4, at::float16_copy_kernel_cuda(at::TensorIteratorBase &)::[lambda(float) (instance 1)], std::array<char *, 2>>(int, T2, T3)",13312.0,0.0,2752.0,0.24,0.01
"void at::vectorized_elementwise_kernel<4, at::BinaryFunctor<c10::Half, c10::Half, c10::Half, binary_internal::MulFunctor<float>>, std::array<char *, 3>>(int, T2, T3)",14464.0,0.0,2720.0,0.26,0.03
"std::enable_if<!T7, void>::type internal::kernel<int, int, __half, __half, __half, float, 0, 1, 1, 0, 7, 0, cublasGemvParamsEx<int, cublasGemvTensorStridedBatched<const __half>, cublasGemvTensorStridedBatched<const __half>, cublasGemvTensorStridedBatched<__half>, float>>(T13)",8412672.0,0.0,12096.0,34.21,16.31
"std::enable_if<!T7, void>::type internal::kernel<int, int, __half, __half, __half, float, 0, 1, 1, 0, 7, 0, cublasGemvParamsEx<int, cublasGemvTensorStridedBatched<const __half>, cublasGemvTensorStridedBatched<const __half>, cublasGemvTensorStridedBatched<__half>, float>>(T13)",1072768.0,0.0,5632.0,9.39,5.06
"std::enable_if<!T7, void>::type internal::kernel<int, int, __half, __half, __half, float, 0, 1, 1, 0, 7, 0, cublasGemvParamsEx<int, cublasGemvTensorStridedBatched<const __half>, cublasGemvTensorStridedBatched<const __half>, cublasGemvTensorStridedBatched<__half>, float>>(T13)",1072640.0,0.0,5888.0,8.98,4.83
"void at::elementwise_kernel<128, 4, void at::gpu_kernel_impl_nocast<at::BinaryFunctor<c10::Half, c10::Half, c10::Half, binary_internal::MulFunctor<float>>>(at::TensorIteratorBase &, const T1 &)::[lambda(int) (instance 1)]>(int, T3)",23936.0,0.0,5248.0,0.23,0.1
"void at::elementwise_kernel<128, 4, void at::gpu_kernel_impl_nocast<at::neg_kernel_cuda(at::TensorIteratorBase &)::[lambda() (instance 2)]::operator ()() const::[lambda() (instance 8)]::operator ()() const::[lambda(c10::Half) (instance 1)]>(at::TensorIteratorBase &, const T1 &)::[lambda(int) (instance 1)]>(int, T3)",19840.0,0.0,4960.0,0.2,0.04
"void at::<unnamed>::CatArrayBatchedCopy<at::<unnamed>::OpaqueType<2>, unsigned int, 4, 64, 64>(T1 *, at::<unnamed>::CatArrInputTensorMetadata<T1, T2, T4, T5>, at::<unnamed>::TensorSizeStride<T2, 4>, int, T2)",11136.0,0.0,6496.0,0.08,3.53
"void at::elementwise_kernel<128, 4, void at::gpu_kernel_impl_nocast<at::BinaryFunctor<c10::Half, c10::Half, c10::Half, binary_internal::MulFunctor<float>>>(at::TensorIteratorBase &, const T1 &)::[lambda(int) (instance 1)]>(int, T3)",23936.0,0.0,5152.0,0.23,0.1
"void at::vectorized_elementwise_kernel<4, at::CUDAFunctor_add<c10::Half>, std::array<char *, 3>>(int, T2, T3)",14464.0,0.0,2912.0,0.25,0.03
"void at::elementwise_kernel<128, 4, void at::gpu_kernel_impl_nocast<at::BinaryFunctor<c10::Half, c10::Half, c10::Half, binary_internal::MulFunctor<float>>>(at::TensorIteratorBase &, const T1 &)::[lambda(int) (instance 1)]>(int, T3)",20480.0,0.0,4096.0,0.25,0.02
"void at::elementwise_kernel<128, 4, void at::gpu_kernel_impl_nocast<at::neg_kernel_cuda(at::TensorIteratorBase &)::[lambda() (instance 2)]::operator ()() const::[lambda() (instance 8)]::operator ()() const::[lambda(c10::Half) (instance 1)]>(at::TensorIteratorBase &, const T1 &)::[lambda(int) (instance 1)]>(int, T3)",18048.0,0.0,3488.0,0.26,0.01
"void at::<unnamed>::CatArrayBatchedCopy<at::<unnamed>::OpaqueType<2>, unsigned int, 4, 64, 64>(T1 *, at::<unnamed>::CatArrInputTensorMetadata<T1, T2, T4, T5>, at::<unnamed>::TensorSizeStride<T2, 4>, int, T2)",7424.0,0.0,5120.0,0.07,4.12
"void at::elementwise_kernel<128, 4, void at::gpu_kernel_impl_nocast<at::BinaryFunctor<c10::Half, c10::Half, c10::Half, binary_internal::MulFunctor<float>>>(at::TensorIteratorBase &, const T1 &)::[lambda(int) (instance 1)]>(int, T3)",20480.0,0.0,4352.0,0.24,0.02
"void at::vectorized_elementwise_kernel<4, at::CUDAFunctor_add<c10::Half>, std::array<char *, 3>>(int, T2, T3)",7296.0,0.0,3008.0,0.12,0.04
"void <unnamed>::elementwise_kernel_with_index<int, at::arange_cuda_out(const c10::Scalar &, const c10::Scalar &, const c10::Scalar &, at::Tensor &)::[lambda() (instance 1)]::operator ()() const::[lambda() (instance 4)]::operator ()() const::[lambda(long) (instance 1)]>(T1, T2, function_traits<T2>::result_type *)",2688.0,0.0,2272.0,0.06,0.0
"void at::vectorized_elementwise_kernel<2, at::CUDAFunctor_add<long>, std::array<char *, 3>>(int, T2, T3)",6272.0,0.0,3040.0,0.1,0.03
"void at::vectorized_elementwise_kernel<2, at::CUDAFunctorOnSelf_add<long>, std::array<char *, 2>>(int, T2, T3)",5888.0,0.0,2752.0,0.11,0.03
"void at::index_elementwise_kernel<128, 4, void at::index_copy_kernel_impl<at::OpaqueType<2>>(at::TensorIterator &, long, long, long)::[lambda(int) (instance 1)]>(long, T3)",22400.0,0.0,4864.0,0.23,0.02
"void at::index_elementwise_kernel<128, 4, void at::index_copy_kernel_impl<at::OpaqueType<2>>(at::TensorIterator &, long, long, long)::[lambda(int) (instance 1)]>(long, T3)",22528.0,0.0,4576.0,0.25,0.02
"void at::elementwise_kernel<128, 4, void at::gpu_kernel_impl_nocast<at::direct_copy_kernel_cuda(at::TensorIteratorBase &)::[lambda() (instance 3)]::operator ()() const::[lambda() (instance 10)]::operator ()() const::[lambda(c10::Half) (instance 1)]>(at::TensorIteratorBase &, const T1 &)::[lambda(int) (instance 1)]>(int, T3)",558464.0,0.0,11136.0,2.47,44.76
"void at::elementwise_kernel<128, 4, void at::gpu_kernel_impl_nocast<at::direct_copy_kernel_cuda(at::TensorIteratorBase &)::[lambda() (instance 3)]::operator ()() const::[lambda() (instance 10)]::operator ()() const::[lambda(c10::Half) (instance 1)]>(at::TensorIteratorBase &, const T1 &)::[lambda(int) (instance 1)]>(int, T3)",558464.0,0.0,11104.0,2.47,44.77
"void at::vectorized_elementwise_kernel<4, at::FillFunctor<c10::Half>, std::array<char *, 1>>(int, T2, T3)",3968.0,0.0,2368.0,0.08,0.01
"void at::vectorized_elementwise_kernel<4, at::FillFunctor<c10::Half>, std::array<char *, 1>>(int, T2, T3)",3968.0,0.0,2304.0,0.09,0.01
"void at::elementwise_kernel<128, 4, void at::gpu_kernel_impl_nocast<at::<unnamed>::where_kernel_impl(at::TensorIterator &)::[lambda() (instance 1)]::operator ()() const::[lambda() (instance 2)]::operator ()() const::[lambda(bool, c10::Half, c10::Half) (instance 1)]>(at::TensorIteratorBase &, const T1 &)::[lambda(int) (instance 1)]>(int, T3)",22528.0,0.0,5440.0,0.21,0.04
"fmha_cutlassF_f16_aligned_64x64_rf_sm80(PyTorchMemEffAttention::AttentionKernel<cutlass::half_t, cutlass::Sm80, 1, 64, 64, 64, 1, 1>::Params)",8705024.0,0.0,79552.0,5.37,6.56
"std::enable_if<!T7, void>::type internal::kernel<int, int, __half, __half, __half, float, 0, 1, 1, 0, 7, 0, cublasGemvParamsEx<int, cublasGemvTensorStridedBatched<const __half>, cublasGemvTensorStridedBatched<const __half>, cublasGemvTensorStridedBatched<__half>, float>>(T13)",8412672.0,0.0,11680.0,35.41,16.93
"void at::vectorized_elementwise_kernel<4, at::CUDAFunctor_add<c10::Half>, std::array<char *, 3>>(int, T2, T3)",14464.0,0.0,2720.0,0.26,0.03
"void at::unrolled_elementwise_kernel<at::direct_copy_kernel_cuda(at::TensorIteratorBase &)::[lambda() (instance 3)]::operator ()() const::[lambda() (instance 7)]::operator ()() const::[lambda(float) (instance 1)], std::array<char *, 2>, 4, TrivialOffsetCalculator<1, unsigned int>, TrivialOffsetCalculator<1, unsigned int>, memory::LoadWithCast<1>, memory::StoreWithCast<1>>(int, T1, T2, T4, T5, T6, T7)",36224.0,0.0,5568.0,0.32,0.1
"void at::vectorized_elementwise_kernel<4, void at::<unnamed>::pow_tensor_scalar_kernel_impl<float, float>(at::TensorIteratorBase &, T2)::[lambda(float) (instance 1)], std::array<char *, 2>>(int, T2, T3)",12928.0,0.0,2752.0,0.23,0.02
"void at::reduce_kernel<512, 1, at::ReduceOp<float, at::MeanOps<float, float, float, float>, unsigned int, float, 4, 4>>(T3)",59264.0,0.0,5248.0,0.56,0.11
"void at::vectorized_elementwise_kernel<4, at::CUDAFunctorOnSelf_add<float>, std::array<char *, 2>>(int, T2, T3)",4864.0,0.0,2624.0,0.09,0.02
"void at::vectorized_elementwise_kernel<4, at::rsqrt_kernel_cuda(at::TensorIteratorBase &)::[lambda() (instance 2)]::operator ()() const::[lambda() (instance 2)]::operator ()() const::[lambda(float) (instance 1)], std::array<char *, 2>>(int, T2, T3)",6528.0,0.0,2880.0,0.11,0.04
"void at::elementwise_kernel<128, 2, void at::gpu_kernel_impl_nocast<at::BinaryFunctor<float, float, float, binary_internal::MulFunctor<float>>>(at::TensorIteratorBase &, const T1 &)::[lambda(int) (instance 1)]>(int, T3)",19200.0,0.0,3968.0,0.24,0.11
"void at::vectorized_elementwise_kernel<4, at::float16_copy_kernel_cuda(at::TensorIteratorBase &)::[lambda(float) (instance 1)], std::array<char *, 2>>(int, T2, T3)",13184.0,0.0,2880.0,0.23,0.01
"void at::vectorized_elementwise_kernel<4, at::BinaryFunctor<c10::Half, c10::Half, c10::Half, binary_internal::MulFunctor<float>>, std::array<char *, 3>>(int, T2, T3)",14464.0,0.0,2752.0,0.26,0.03
ampere_fp16_s16816gemm_fp16_64x64_ldg8_f2f_stages_64x6_tn,23086336.0,554112.0,18624.0,62.36,25.75
"void at::vectorized_elementwise_kernel<4, at::<unnamed>::silu_kernel(at::TensorIteratorBase &)::[lambda() (instance 1)]::operator ()() const::[lambda() (instance 5)]::operator ()() const::[lambda(c10::Half) (instance 1)], std::array<char *, 2>>(int, T2, T3)",24448.0,0.0,3424.0,0.35,0.24
ampere_fp16_s16816gemm_fp16_64x64_ldg8_f2f_stages_64x6_tn,23086464.0,409856.0,18912.0,61.13,25.34
"void at::vectorized_elementwise_kernel<4, at::BinaryFunctor<c10::Half, c10::Half, c10::Half, binary_internal::MulFunctor<float>>, std::array<char *, 3>>(int, T2, T3)",28800.0,0.0,3136.0,0.45,0.1
"std::enable_if<!T7, void>::type internal::kernel<int, int, __half, __half, __half, float, 0, 1, 1, 0, 7, 0, cublasGemvParamsEx<int, cublasGemvTensorStridedBatched<const __half>, cublasGemvTensorStridedBatched<const __half>, cublasGemvTensorStridedBatched<__half>, float>>(T13)",23100160.0,718208.0,25440.0,45.99,19.87
"void at::vectorized_elementwise_kernel<4, at::CUDAFunctor_add<c10::Half>, std::array<char *, 3>>(int, T2, T3)",14464.0,0.0,2944.0,0.25,0.03
"void at::unrolled_elementwise_kernel<at::direct_copy_kernel_cuda(at::TensorIteratorBase &)::[lambda() (instance 3)]::operator ()() const::[lambda() (instance 7)]::operator ()() const::[lambda(float) (instance 1)], std::array<char *, 2>, 4, TrivialOffsetCalculator<1, unsigned int>, TrivialOffsetCalculator<1, unsigned int>, memory::LoadWithCast<1>, memory::StoreWithCast<1>>(int, T1, T2, T4, T5, T6, T7)",36224.0,0.0,5568.0,0.32,0.1
"void at::vectorized_elementwise_kernel<4, void at::<unnamed>::pow_tensor_scalar_kernel_impl<float, float>(at::TensorIteratorBase &, T2)::[lambda(float) (instance 1)], std::array<char *, 2>>(int, T2, T3)",12928.0,0.0,2880.0,0.22,0.01
"void at::reduce_kernel<512, 1, at::ReduceOp<float, at::MeanOps<float, float, float, float>, unsigned int, float, 4, 4>>(T3)",59264.0,0.0,5408.0,0.54,0.1
"void at::vectorized_elementwise_kernel<4, at::CUDAFunctorOnSelf_add<float>, std::array<char *, 2>>(int, T2, T3)",4736.0,0.0,2688.0,0.09,0.02
"void at::vectorized_elementwise_kernel<4, at::rsqrt_kernel_cuda(at::TensorIteratorBase &)::[lambda() (instance 2)]::operator ()() const::[lambda() (instance 2)]::operator ()() const::[lambda(float) (instance 1)], std::array<char *, 2>>(int, T2, T3)",6400.0,0.0,3072.0,0.1,0.03
"void at::elementwise_kernel<128, 2, void at::gpu_kernel_impl_nocast<at::BinaryFunctor<float, float, float, binary_internal::MulFunctor<float>>>(at::TensorIteratorBase &, const T1 &)::[lambda(int) (instance 1)]>(int, T3)",19328.0,0.0,3968.0,0.24,0.11
"void at::vectorized_elementwise_kernel<4, at::float16_copy_kernel_cuda(at::TensorIteratorBase &)::[lambda(float) (instance 1)], std::array<char *, 2>>(int, T2, T3)",13184.0,0.0,2784.0,0.23,0.01
"void at::vectorized_elementwise_kernel<4, at::BinaryFunctor<c10::Half, c10::Half, c10::Half, binary_internal::MulFunctor<float>>, std::array<char *, 3>>(int, T2, T3)",14464.0,0.0,2816.0,0.26,0.03
"std::enable_if<!T7, void>::type internal::kernel<int, int, __half, __half, __half, float, 0, 1, 1, 0, 7, 0, cublasGemvParamsEx<int, cublasGemvTensorStridedBatched<const __half>, cublasGemvTensorStridedBatched<const __half>, cublasGemvTensorStridedBatched<__half>, float>>(T13)",8412672.0,0.0,12160.0,34.03,16.26
"std::enable_if<!T7, void>::type internal::kernel<int, int, __half, __half, __half, float, 0, 1, 1, 0, 7, 0, cublasGemvParamsEx<int, cublasGemvTensorStridedBatched<const __half>, cublasGemvTensorStridedBatched<const __half>, cublasGemvTensorStridedBatched<__half>, float>>(T13)",1072768.0,0.0,5664.0,9.37,5.04
"std::enable_if<!T7, void>::type internal::kernel<int, int, __half, __half, __half, float, 0, 1, 1, 0, 7, 0, cublasGemvParamsEx<int, cublasGemvTensorStridedBatched<const __half>, cublasGemvTensorStridedBatched<const __half>, cublasGemvTensorStridedBatched<__half>, float>>(T13)",1072768.0,0.0,5568.0,9.54,5.13
"void at::elementwise_kernel<128, 4, void at::gpu_kernel_impl_nocast<at::BinaryFunctor<c10::Half, c10::Half, c10::Half, binary_internal::MulFunctor<float>>>(at::TensorIteratorBase &, const T1 &)::[lambda(int) (instance 1)]>(int, T3)",23936.0,0.0,5152.0,0.23,0.1
"void at::elementwise_kernel<128, 4, void at::gpu_kernel_impl_nocast<at::neg_kernel_cuda(at::TensorIteratorBase &)::[lambda() (instance 2)]::operator ()() const::[lambda() (instance 8)]::operator ()() const::[lambda(c10::Half) (instance 1)]>(at::TensorIteratorBase &, const T1 &)::[lambda(int) (instance 1)]>(int, T3)",20736.0,0.0,4864.0,0.21,0.04
"void at::<unnamed>::CatArrayBatchedCopy<at::<unnamed>::OpaqueType<2>, unsigned int, 4, 64, 64>(T1 *, at::<unnamed>::CatArrInputTensorMetadata<T1, T2, T4, T5>, at::<unnamed>::TensorSizeStride<T2, 4>, int, T2)",11136.0,0.0,6560.0,0.08,3.47
"void at::elementwise_kernel<128, 4, void at::gpu_kernel_impl_nocast<at::BinaryFunctor<c10::Half, c10::Half, c10::Half, binary_internal::MulFunctor<float>>>(at::TensorIteratorBase &, const T1 &)::[lambda(int) (instance 1)]>(int, T3)",23936.0,0.0,5312.0,0.22,0.1
"void at::vectorized_elementwise_kernel<4, at::CUDAFunctor_add<c10::Half>, std::array<char *, 3>>(int, T2, T3)",14464.0,0.0,2752.0,0.26,0.03
"void at::elementwise_kernel<128, 4, void at::gpu_kernel_impl_nocast<at::BinaryFunctor<c10::Half, c10::Half, c10::Half, binary_internal::MulFunctor<float>>>(at::TensorIteratorBase &, const T1 &)::[lambda(int) (instance 1)]>(int, T3)",20352.0,0.0,4064.0,0.25,0.02
"void at::elementwise_kernel<128, 4, void at::gpu_kernel_impl_nocast<at::neg_kernel_cuda(at::TensorIteratorBase &)::[lambda() (instance 2)]::operator ()() const::[lambda() (instance 8)]::operator ()() const::[lambda(c10::Half) (instance 1)]>(at::TensorIteratorBase &, const T1 &)::[lambda(int) (instance 1)]>(int, T3)",18048.0,0.0,3552.0,0.25,0.01
"void at::<unnamed>::CatArrayBatchedCopy<at::<unnamed>::OpaqueType<2>, unsigned int, 4, 64, 64>(T1 *, at::<unnamed>::CatArrInputTensorMetadata<T1, T2, T4, T5>, at::<unnamed>::TensorSizeStride<T2, 4>, int, T2)",7424.0,0.0,5248.0,0.07,4.02
"void at::elementwise_kernel<128, 4, void at::gpu_kernel_impl_nocast<at::BinaryFunctor<c10::Half, c10::Half, c10::Half, binary_internal::MulFunctor<float>>>(at::TensorIteratorBase &, const T1 &)::[lambda(int) (instance 1)]>(int, T3)",20480.0,0.0,4192.0,0.24,0.02
"void at::vectorized_elementwise_kernel<4, at::CUDAFunctor_add<c10::Half>, std::array<char *, 3>>(int, T2, T3)",7296.0,0.0,2976.0,0.12,0.04
"void <unnamed>::elementwise_kernel_with_index<int, at::arange_cuda_out(const c10::Scalar &, const c10::Scalar &, const c10::Scalar &, at::Tensor &)::[lambda() (instance 1)]::operator ()() const::[lambda() (instance 4)]::operator ()() const::[lambda(long) (instance 1)]>(T1, T2, function_traits<T2>::result_type *)",2688.0,0.0,2272.0,0.06,0.0
"void at::vectorized_elementwise_kernel<2, at::CUDAFunctor_add<long>, std::array<char *, 3>>(int, T2, T3)",6400.0,0.0,3040.0,0.1,0.03
"void at::vectorized_elementwise_kernel<2, at::CUDAFunctorOnSelf_add<long>, std::array<char *, 2>>(int, T2, T3)",5760.0,0.0,3008.0,0.1,0.02
"void at::index_elementwise_kernel<128, 4, void at::index_copy_kernel_impl<at::OpaqueType<2>>(at::TensorIterator &, long, long, long)::[lambda(int) (instance 1)]>(long, T3)",22400.0,0.0,4768.0,0.23,0.02
"void at::index_elementwise_kernel<128, 4, void at::index_copy_kernel_impl<at::OpaqueType<2>>(at::TensorIterator &, long, long, long)::[lambda(int) (instance 1)]>(long, T3)",22528.0,0.0,4704.0,0.24,0.02
"void at::elementwise_kernel<128, 4, void at::gpu_kernel_impl_nocast<at::direct_copy_kernel_cuda(at::TensorIteratorBase &)::[lambda() (instance 3)]::operator ()() const::[lambda() (instance 10)]::operator ()() const::[lambda(c10::Half) (instance 1)]>(at::TensorIteratorBase &, const T1 &)::[lambda(int) (instance 1)]>(int, T3)",558464.0,0.0,11136.0,2.48,44.75
"void at::elementwise_kernel<128, 4, void at::gpu_kernel_impl_nocast<at::direct_copy_kernel_cuda(at::TensorIteratorBase &)::[lambda() (instance 3)]::operator ()() const::[lambda() (instance 10)]::operator ()() const::[lambda(c10::Half) (instance 1)]>(at::TensorIteratorBase &, const T1 &)::[lambda(int) (instance 1)]>(int, T3)",558464.0,0.0,11040.0,2.48,45.03
"void at::vectorized_elementwise_kernel<4, at::FillFunctor<c10::Half>, std::array<char *, 1>>(int, T2, T3)",4096.0,0.0,2368.0,0.09,0.01
"void at::vectorized_elementwise_kernel<4, at::FillFunctor<c10::Half>, std::array<char *, 1>>(int, T2, T3)",3968.0,0.0,2336.0,0.08,0.01
"void at::elementwise_kernel<128, 4, void at::gpu_kernel_impl_nocast<at::<unnamed>::where_kernel_impl(at::TensorIterator &)::[lambda() (instance 1)]::operator ()() const::[lambda() (instance 2)]::operator ()() const::[lambda(bool, c10::Half, c10::Half) (instance 1)]>(at::TensorIteratorBase &, const T1 &)::[lambda(int) (instance 1)]>(int, T3)",22400.0,0.0,5344.0,0.21,0.04
"fmha_cutlassF_f16_aligned_64x64_rf_sm80(PyTorchMemEffAttention::AttentionKernel<cutlass::half_t, cutlass::Sm80, 1, 64, 64, 64, 1, 1>::Params)",8705024.0,0.0,79840.0,5.35,6.53
"std::enable_if<!T7, void>::type internal::kernel<int, int, __half, __half, __half, float, 0, 1, 1, 0, 7, 0, cublasGemvParamsEx<int, cublasGemvTensorStridedBatched<const __half>, cublasGemvTensorStridedBatched<const __half>, cublasGemvTensorStridedBatched<__half>, float>>(T13)",8412672.0,256.0,11520.0,35.93,17.2
"void at::vectorized_elementwise_kernel<4, at::CUDAFunctor_add<c10::Half>, std::array<char *, 3>>(int, T2, T3)",14464.0,0.0,2688.0,0.27,0.03
"void at::unrolled_elementwise_kernel<at::direct_copy_kernel_cuda(at::TensorIteratorBase &)::[lambda() (instance 3)]::operator ()() const::[lambda() (instance 7)]::operator ()() const::[lambda(float) (instance 1)], std::array<char *, 2>, 4, TrivialOffsetCalculator<1, unsigned int>, TrivialOffsetCalculator<1, unsigned int>, memory::LoadWithCast<1>, memory::StoreWithCast<1>>(int, T1, T2, T4, T5, T6, T7)",36224.0,0.0,5568.0,0.32,0.1
"void at::vectorized_elementwise_kernel<4, void at::<unnamed>::pow_tensor_scalar_kernel_impl<float, float>(at::TensorIteratorBase &, T2)::[lambda(float) (instance 1)], std::array<char *, 2>>(int, T2, T3)",12928.0,0.0,2720.0,0.23,0.02
"void at::reduce_kernel<512, 1, at::ReduceOp<float, at::MeanOps<float, float, float, float>, unsigned int, float, 4, 4>>(T3)",59264.0,0.0,5280.0,0.55,0.11
"void at::vectorized_elementwise_kernel<4, at::CUDAFunctorOnSelf_add<float>, std::array<char *, 2>>(int, T2, T3)",4864.0,0.0,2784.0,0.09,0.02
"void at::vectorized_elementwise_kernel<4, at::rsqrt_kernel_cuda(at::TensorIteratorBase &)::[lambda() (instance 2)]::operator ()() const::[lambda() (instance 2)]::operator ()() const::[lambda(float) (instance 1)], std::array<char *, 2>>(int, T2, T3)",6400.0,0.0,2912.0,0.11,0.04
"void at::elementwise_kernel<128, 2, void at::gpu_kernel_impl_nocast<at::BinaryFunctor<float, float, float, binary_internal::MulFunctor<float>>>(at::TensorIteratorBase &, const T1 &)::[lambda(int) (instance 1)]>(int, T3)",19200.0,0.0,3872.0,0.25,0.11
"void at::vectorized_elementwise_kernel<4, at::float16_copy_kernel_cuda(at::TensorIteratorBase &)::[lambda(float) (instance 1)], std::array<char *, 2>>(int, T2, T3)",13184.0,0.0,2880.0,0.23,0.01
"void at::vectorized_elementwise_kernel<4, at::BinaryFunctor<c10::Half, c10::Half, c10::Half, binary_internal::MulFunctor<float>>, std::array<char *, 3>>(int, T2, T3)",14464.0,0.0,2720.0,0.27,0.03
ampere_fp16_s16816gemm_fp16_64x64_ldg8_f2f_stages_64x6_tn,23086720.0,368256.0,18976.0,60.79,25.27
"void at::vectorized_elementwise_kernel<4, at::<unnamed>::silu_kernel(at::TensorIteratorBase &)::[lambda() (instance 1)]::operator ()() const::[lambda() (instance 5)]::operator ()() const::[lambda(c10::Half) (instance 1)], std::array<char *, 2>>(int, T2, T3)",24448.0,0.0,3520.0,0.34,0.23
ampere_fp16_s16816gemm_fp16_64x64_ldg8_f2f_stages_64x6_tn,23086336.0,419968.0,19264.0,59.93,24.87
"void at::vectorized_elementwise_kernel<4, at::BinaryFunctor<c10::Half, c10::Half, c10::Half, binary_internal::MulFunctor<float>>, std::array<char *, 3>>(int, T2, T3)",28800.0,0.0,2912.0,0.49,0.11
"std::enable_if<!T7, void>::type internal::kernel<int, int, __half, __half, __half, float, 0, 1, 1, 0, 7, 0, cublasGemvParamsEx<int, cublasGemvTensorStridedBatched<const __half>, cublasGemvTensorStridedBatched<const __half>, cublasGemvTensorStridedBatched<__half>, float>>(T13)",23099904.0,686336.0,25568.0,45.7,19.77
"void at::vectorized_elementwise_kernel<4, at::CUDAFunctor_add<c10::Half>, std::array<char *, 3>>(int, T2, T3)",14464.0,0.0,2944.0,0.25,0.03
"void at::unrolled_elementwise_kernel<at::direct_copy_kernel_cuda(at::TensorIteratorBase &)::[lambda() (instance 3)]::operator ()() const::[lambda() (instance 7)]::operator ()() const::[lambda(float) (instance 1)], std::array<char *, 2>, 4, TrivialOffsetCalculator<1, unsigned int>, TrivialOffsetCalculator<1, unsigned int>, memory::LoadWithCast<1>, memory::StoreWithCast<1>>(int, T1, T2, T4, T5, T6, T7)",36224.0,0.0,5760.0,0.31,0.09
"void at::vectorized_elementwise_kernel<4, void at::<unnamed>::pow_tensor_scalar_kernel_impl<float, float>(at::TensorIteratorBase &, T2)::[lambda(float) (instance 1)], std::array<char *, 2>>(int, T2, T3)",12928.0,0.0,2624.0,0.25,0.02
"void at::reduce_kernel<512, 1, at::ReduceOp<float, at::MeanOps<float, float, float, float>, unsigned int, float, 4, 4>>(T3)",59264.0,0.0,5408.0,0.54,0.1
"void at::vectorized_elementwise_kernel<4, at::CUDAFunctorOnSelf_add<float>, std::array<char *, 2>>(int, T2, T3)",4864.0,0.0,2656.0,0.09,0.02
"void at::vectorized_elementwise_kernel<4, at::rsqrt_kernel_cuda(at::TensorIteratorBase &)::[lambda() (instance 2)]::operator ()() const::[lambda() (instance 2)]::operator ()() const::[lambda(float) (instance 1)], std::array<char *, 2>>(int, T2, T3)",6272.0,0.0,2912.0,0.11,0.04
"void at::elementwise_kernel<128, 2, void at::gpu_kernel_impl_nocast<at::BinaryFunctor<float, float, float, binary_internal::MulFunctor<float>>>(at::TensorIteratorBase &, const T1 &)::[lambda(int) (instance 1)]>(int, T3)",19456.0,0.0,3840.0,0.25,0.11
"void at::vectorized_elementwise_kernel<4, at::float16_copy_kernel_cuda(at::TensorIteratorBase &)::[lambda(float) (instance 1)], std::array<char *, 2>>(int, T2, T3)",13184.0,0.0,2720.0,0.24,0.01
"void at::vectorized_elementwise_kernel<4, at::BinaryFunctor<c10::Half, c10::Half, c10::Half, binary_internal::MulFunctor<float>>, std::array<char *, 3>>(int, T2, T3)",14464.0,0.0,2944.0,0.25,0.03
"std::enable_if<!T7, void>::type internal::kernel<int, int, __half, __half, __half, float, 0, 1, 1, 0, 7, 0, cublasGemvParamsEx<int, cublasGemvTensorStridedBatched<const __half>, cublasGemvTensorStridedBatched<const __half>, cublasGemvTensorStridedBatched<__half>, float>>(T13)",8412672.0,0.0,11904.0,34.79,16.63
"std::enable_if<!T7, void>::type internal::kernel<int, int, __half, __half, __half, float, 0, 1, 1, 0, 7, 0, cublasGemvParamsEx<int, cublasGemvTensorStridedBatched<const __half>, cublasGemvTensorStridedBatched<const __half>, cublasGemvTensorStridedBatched<__half>, float>>(T13)",1072640.0,0.0,5472.0,9.64,5.18
"std::enable_if<!T7, void>::type internal::kernel<int, int, __half, __half, __half, float, 0, 1, 1, 0, 7, 0, cublasGemvParamsEx<int, cublasGemvTensorStridedBatched<const __half>, cublasGemvTensorStridedBatched<const __half>, cublasGemvTensorStridedBatched<__half>, float>>(T13)",1072768.0,0.0,5536.0,9.52,5.13
"void at::elementwise_kernel<128, 4, void at::gpu_kernel_impl_nocast<at::BinaryFunctor<c10::Half, c10::Half, c10::Half, binary_internal::MulFunctor<float>>>(at::TensorIteratorBase &, const T1 &)::[lambda(int) (instance 1)]>(int, T3)",24064.0,0.0,5184.0,0.23,0.1
"void at::elementwise_kernel<128, 4, void at::gpu_kernel_impl_nocast<at::neg_kernel_cuda(at::TensorIteratorBase &)::[lambda() (instance 2)]::operator ()() const::[lambda() (instance 8)]::operator ()() const::[lambda(c10::Half) (instance 1)]>(at::TensorIteratorBase &, const T1 &)::[lambda(int) (instance 1)]>(int, T3)",19840.0,0.0,4832.0,0.2,0.04
"void at::<unnamed>::CatArrayBatchedCopy<at::<unnamed>::OpaqueType<2>, unsigned int, 4, 64, 64>(T1 *, at::<unnamed>::CatArrInputTensorMetadata<T1, T2, T4, T5>, at::<unnamed>::TensorSizeStride<T2, 4>, int, T2)",11008.0,0.0,6560.0,0.08,3.48
"void at::elementwise_kernel<128, 4, void at::gpu_kernel_impl_nocast<at::BinaryFunctor<c10::Half, c10::Half, c10::Half, binary_internal::MulFunctor<float>>>(at::TensorIteratorBase &, const T1 &)::[lambda(int) (instance 1)]>(int, T3)",24064.0,0.0,5184.0,0.23,0.1
"void at::vectorized_elementwise_kernel<4, at::CUDAFunctor_add<c10::Half>, std::array<char *, 3>>(int, T2, T3)",14464.0,0.0,2976.0,0.24,0.03
"void at::elementwise_kernel<128, 4, void at::gpu_kernel_impl_nocast<at::BinaryFunctor<c10::Half, c10::Half, c10::Half, binary_internal::MulFunctor<float>>>(at::TensorIteratorBase &, const T1 &)::[lambda(int) (instance 1)]>(int, T3)",20480.0,0.0,4192.0,0.24,0.02
"void at::elementwise_kernel<128, 4, void at::gpu_kernel_impl_nocast<at::neg_kernel_cuda(at::TensorIteratorBase &)::[lambda() (instance 2)]::operator ()() const::[lambda() (instance 8)]::operator ()() const::[lambda(c10::Half) (instance 1)]>(at::TensorIteratorBase &, const T1 &)::[lambda(int) (instance 1)]>(int, T3)",18048.0,0.0,3488.0,0.26,0.01
"void at::<unnamed>::CatArrayBatchedCopy<at::<unnamed>::OpaqueType<2>, unsigned int, 4, 64, 64>(T1 *, at::<unnamed>::CatArrInputTensorMetadata<T1, T2, T4, T5>, at::<unnamed>::TensorSizeStride<T2, 4>, int, T2)",7424.0,0.0,5152.0,0.07,4.07
"void at::elementwise_kernel<128, 4, void at::gpu_kernel_impl_nocast<at::BinaryFunctor<c10::Half, c10::Half, c10::Half, binary_internal::MulFunctor<float>>>(at::TensorIteratorBase &, const T1 &)::[lambda(int) (instance 1)]>(int, T3)",20352.0,0.0,4160.0,0.24,0.02
"void at::vectorized_elementwise_kernel<4, at::CUDAFunctor_add<c10::Half>, std::array<char *, 3>>(int, T2, T3)",7296.0,0.0,2976.0,0.12,0.04
"void <unnamed>::elementwise_kernel_with_index<int, at::arange_cuda_out(const c10::Scalar &, const c10::Scalar &, const c10::Scalar &, at::Tensor &)::[lambda() (instance 1)]::operator ()() const::[lambda() (instance 4)]::operator ()() const::[lambda(long) (instance 1)]>(T1, T2, function_traits<T2>::result_type *)",2688.0,0.0,2272.0,0.06,0.0
"void at::vectorized_elementwise_kernel<2, at::CUDAFunctor_add<long>, std::array<char *, 3>>(int, T2, T3)",6400.0,0.0,3008.0,0.11,0.03
"void at::vectorized_elementwise_kernel<2, at::CUDAFunctorOnSelf_add<long>, std::array<char *, 2>>(int, T2, T3)",5760.0,0.0,2944.0,0.1,0.02
"void at::index_elementwise_kernel<128, 4, void at::index_copy_kernel_impl<at::OpaqueType<2>>(at::TensorIterator &, long, long, long)::[lambda(int) (instance 1)]>(long, T3)",22400.0,0.0,4800.0,0.23,0.02
"void at::index_elementwise_kernel<128, 4, void at::index_copy_kernel_impl<at::OpaqueType<2>>(at::TensorIterator &, long, long, long)::[lambda(int) (instance 1)]>(long, T3)",22400.0,0.0,4544.0,0.24,0.02
"void at::elementwise_kernel<128, 4, void at::gpu_kernel_impl_nocast<at::direct_copy_kernel_cuda(at::TensorIteratorBase &)::[lambda() (instance 3)]::operator ()() const::[lambda() (instance 10)]::operator ()() const::[lambda(c10::Half) (instance 1)]>(at::TensorIteratorBase &, const T1 &)::[lambda(int) (instance 1)]>(int, T3)",558464.0,0.0,11008.0,2.5,45.3
"void at::elementwise_kernel<128, 4, void at::gpu_kernel_impl_nocast<at::direct_copy_kernel_cuda(at::TensorIteratorBase &)::[lambda() (instance 3)]::operator ()() const::[lambda() (instance 10)]::operator ()() const::[lambda(c10::Half) (instance 1)]>(at::TensorIteratorBase &, const T1 &)::[lambda(int) (instance 1)]>(int, T3)",558464.0,0.0,11232.0,2.45,44.3
"void at::vectorized_elementwise_kernel<4, at::FillFunctor<c10::Half>, std::array<char *, 1>>(int, T2, T3)",3968.0,0.0,2560.0,0.08,0.01
"void at::vectorized_elementwise_kernel<4, at::FillFunctor<c10::Half>, std::array<char *, 1>>(int, T2, T3)",3968.0,0.0,2336.0,0.08,0.01
"void at::elementwise_kernel<128, 4, void at::gpu_kernel_impl_nocast<at::<unnamed>::where_kernel_impl(at::TensorIterator &)::[lambda() (instance 1)]::operator ()() const::[lambda() (instance 2)]::operator ()() const::[lambda(bool, c10::Half, c10::Half) (instance 1)]>(at::TensorIteratorBase &, const T1 &)::[lambda(int) (instance 1)]>(int, T3)",22784.0,0.0,5216.0,0.22,0.04
"fmha_cutlassF_f16_aligned_64x64_rf_sm80(PyTorchMemEffAttention::AttentionKernel<cutlass::half_t, cutlass::Sm80, 1, 64, 64, 64, 1, 1>::Params)",8705024.0,0.0,79744.0,5.36,6.54
"std::enable_if<!T7, void>::type internal::kernel<int, int, __half, __half, __half, float, 0, 1, 1, 0, 7, 0, cublasGemvParamsEx<int, cublasGemvTensorStridedBatched<const __half>, cublasGemvTensorStridedBatched<const __half>, cublasGemvTensorStridedBatched<__half>, float>>(T13)",8412672.0,1280.0,11680.0,35.51,16.95
"void at::vectorized_elementwise_kernel<4, at::CUDAFunctor_add<c10::Half>, std::array<char *, 3>>(int, T2, T3)",14464.0,0.0,2784.0,0.26,0.03
"void at::unrolled_elementwise_kernel<at::direct_copy_kernel_cuda(at::TensorIteratorBase &)::[lambda() (instance 3)]::operator ()() const::[lambda() (instance 7)]::operator ()() const::[lambda(float) (instance 1)], std::array<char *, 2>, 4, TrivialOffsetCalculator<1, unsigned int>, TrivialOffsetCalculator<1, unsigned int>, memory::LoadWithCast<1>, memory::StoreWithCast<1>>(int, T1, T2, T4, T5, T6, T7)",36224.0,0.0,5248.0,0.34,0.1
"void at::vectorized_elementwise_kernel<4, void at::<unnamed>::pow_tensor_scalar_kernel_impl<float, float>(at::TensorIteratorBase &, T2)::[lambda(float) (instance 1)], std::array<char *, 2>>(int, T2, T3)",12928.0,0.0,2880.0,0.22,0.01
"void at::reduce_kernel<512, 1, at::ReduceOp<float, at::MeanOps<float, float, float, float>, unsigned int, float, 4, 4>>(T3)",59264.0,0.0,5376.0,0.54,0.1
"void at::vectorized_elementwise_kernel<4, at::CUDAFunctorOnSelf_add<float>, std::array<char *, 2>>(int, T2, T3)",4864.0,0.0,2624.0,0.09,0.02
"void at::vectorized_elementwise_kernel<4, at::rsqrt_kernel_cuda(at::TensorIteratorBase &)::[lambda() (instance 2)]::operator ()() const::[lambda() (instance 2)]::operator ()() const::[lambda(float) (instance 1)], std::array<char *, 2>>(int, T2, T3)",6400.0,0.0,2912.0,0.11,0.04
"void at::elementwise_kernel<128, 2, void at::gpu_kernel_impl_nocast<at::BinaryFunctor<float, float, float, binary_internal::MulFunctor<float>>>(at::TensorIteratorBase &, const T1 &)::[lambda(int) (instance 1)]>(int, T3)",19456.0,0.0,3872.0,0.25,0.11
"void at::vectorized_elementwise_kernel<4, at::float16_copy_kernel_cuda(at::TensorIteratorBase &)::[lambda(float) (instance 1)], std::array<char *, 2>>(int, T2, T3)",13184.0,0.0,2976.0,0.22,0.01
"void at::vectorized_elementwise_kernel<4, at::BinaryFunctor<c10::Half, c10::Half, c10::Half, binary_internal::MulFunctor<float>>, std::array<char *, 3>>(int, T2, T3)",14464.0,0.0,2752.0,0.27,0.03
ampere_fp16_s16816gemm_fp16_64x64_ldg8_f2f_stages_64x6_tn,23086336.0,301952.0,19200.0,59.95,24.99
"void at::vectorized_elementwise_kernel<4, at::<unnamed>::silu_kernel(at::TensorIteratorBase &)::[lambda() (instance 1)]::operator ()() const::[lambda() (instance 5)]::operator ()() const::[lambda(c10::Half) (instance 1)], std::array<char *, 2>>(int, T2, T3)",24448.0,0.0,3520.0,0.34,0.23
ampere_fp16_s16816gemm_fp16_64x64_ldg8_f2f_stages_64x6_tn,23086592.0,799232.0,19072.0,61.51,25.12
"void at::vectorized_elementwise_kernel<4, at::BinaryFunctor<c10::Half, c10::Half, c10::Half, binary_internal::MulFunctor<float>>, std::array<char *, 3>>(int, T2, T3)",28800.0,0.0,2912.0,0.49,0.11
"std::enable_if<!T7, void>::type internal::kernel<int, int, __half, __half, __half, float, 0, 1, 1, 0, 7, 0, cublasGemvParamsEx<int, cublasGemvTensorStridedBatched<const __half>, cublasGemvTensorStridedBatched<const __half>, cublasGemvTensorStridedBatched<__half>, float>>(T13)",23100288.0,667776.0,25952.0,44.95,19.46
"void at::vectorized_elementwise_kernel<4, at::CUDAFunctor_add<c10::Half>, std::array<char *, 3>>(int, T2, T3)",14464.0,0.0,2752.0,0.26,0.03
"void at::unrolled_elementwise_kernel<at::direct_copy_kernel_cuda(at::TensorIteratorBase &)::[lambda() (instance 3)]::operator ()() const::[lambda() (instance 7)]::operator ()() const::[lambda(float) (instance 1)], std::array<char *, 2>, 4, TrivialOffsetCalculator<1, unsigned int>, TrivialOffsetCalculator<1, unsigned int>, memory::LoadWithCast<1>, memory::StoreWithCast<1>>(int, T1, T2, T4, T5, T6, T7)",36224.0,0.0,5504.0,0.33,0.1
"void at::vectorized_elementwise_kernel<4, void at::<unnamed>::pow_tensor_scalar_kernel_impl<float, float>(at::TensorIteratorBase &, T2)::[lambda(float) (instance 1)], std::array<char *, 2>>(int, T2, T3)",12928.0,0.0,2624.0,0.24,0.02
"void at::reduce_kernel<512, 1, at::ReduceOp<float, at::MeanOps<float, float, float, float>, unsigned int, float, 4, 4>>(T3)",59392.0,0.0,5248.0,0.56,0.11
"void at::vectorized_elementwise_kernel<4, at::CUDAFunctorOnSelf_add<float>, std::array<char *, 2>>(int, T2, T3)",4736.0,0.0,2656.0,0.09,0.02
"void at::vectorized_elementwise_kernel<4, at::rsqrt_kernel_cuda(at::TensorIteratorBase &)::[lambda() (instance 2)]::operator ()() const::[lambda() (instance 2)]::operator ()() const::[lambda(float) (instance 1)], std::array<char *, 2>>(int, T2, T3)",6528.0,0.0,2880.0,0.11,0.04
"void at::elementwise_kernel<128, 2, void at::gpu_kernel_impl_nocast<at::BinaryFunctor<float, float, float, binary_internal::MulFunctor<float>>>(at::TensorIteratorBase &, const T1 &)::[lambda(int) (instance 1)]>(int, T3)",19200.0,0.0,3872.0,0.25,0.11
"void at::vectorized_elementwise_kernel<4, at::float16_copy_kernel_cuda(at::TensorIteratorBase &)::[lambda(float) (instance 1)], std::array<char *, 2>>(int, T2, T3)",13184.0,0.0,2752.0,0.24,0.01
"void at::vectorized_elementwise_kernel<4, at::BinaryFunctor<c10::Half, c10::Half, c10::Half, binary_internal::MulFunctor<float>>, std::array<char *, 3>>(int, T2, T3)",14464.0,0.0,2912.0,0.25,0.03
"std::enable_if<!T7, void>::type internal::kernel<int, int, __half, __half, __half, float, 0, 1, 1, 0, 7, 0, cublasGemvParamsEx<int, cublasGemvTensorStridedBatched<const __half>, cublasGemvTensorStridedBatched<const __half>, cublasGemvTensorStridedBatched<__half>, float>>(T13)",8412672.0,0.0,12608.0,32.85,15.68
"std::enable_if<!T7, void>::type internal::kernel<int, int, __half, __half, __half, float, 0, 1, 1, 0, 7, 0, cublasGemvParamsEx<int, cublasGemvTensorStridedBatched<const __half>, cublasGemvTensorStridedBatched<const __half>, cublasGemvTensorStridedBatched<__half>, float>>(T13)",1072640.0,0.0,6176.0,8.59,4.61
"std::enable_if<!T7, void>::type internal::kernel<int, int, __half, __half, __half, float, 0, 1, 1, 0, 7, 0, cublasGemvParamsEx<int, cublasGemvTensorStridedBatched<const __half>, cublasGemvTensorStridedBatched<const __half>, cublasGemvTensorStridedBatched<__half>, float>>(T13)",1072640.0,0.0,6176.0,8.6,4.6
"void at::elementwise_kernel<128, 4, void at::gpu_kernel_impl_nocast<at::BinaryFunctor<c10::Half, c10::Half, c10::Half, binary_internal::MulFunctor<float>>>(at::TensorIteratorBase &, const T1 &)::[lambda(int) (instance 1)]>(int, T3)",23936.0,0.0,5120.0,0.23,0.1
"void at::elementwise_kernel<128, 4, void at::gpu_kernel_impl_nocast<at::neg_kernel_cuda(at::TensorIteratorBase &)::[lambda() (instance 2)]::operator ()() const::[lambda() (instance 8)]::operator ()() const::[lambda(c10::Half) (instance 1)]>(at::TensorIteratorBase &, const T1 &)::[lambda(int) (instance 1)]>(int, T3)",19840.0,0.0,4896.0,0.2,0.04
"void at::<unnamed>::CatArrayBatchedCopy<at::<unnamed>::OpaqueType<2>, unsigned int, 4, 64, 64>(T1 *, at::<unnamed>::CatArrInputTensorMetadata<T1, T2, T4, T5>, at::<unnamed>::TensorSizeStride<T2, 4>, int, T2)",11008.0,0.0,6528.0,0.08,3.5
"void at::elementwise_kernel<128, 4, void at::gpu_kernel_impl_nocast<at::BinaryFunctor<c10::Half, c10::Half, c10::Half, binary_internal::MulFunctor<float>>>(at::TensorIteratorBase &, const T1 &)::[lambda(int) (instance 1)]>(int, T3)",23936.0,0.0,5216.0,0.23,0.1
"void at::vectorized_elementwise_kernel<4, at::CUDAFunctor_add<c10::Half>, std::array<char *, 3>>(int, T2, T3)",14464.0,0.0,2720.0,0.26,0.03
"void at::elementwise_kernel<128, 4, void at::gpu_kernel_impl_nocast<at::BinaryFunctor<c10::Half, c10::Half, c10::Half, binary_internal::MulFunctor<float>>>(at::TensorIteratorBase &, const T1 &)::[lambda(int) (instance 1)]>(int, T3)",20352.0,0.0,4352.0,0.23,0.02
"void at::elementwise_kernel<128, 4, void at::gpu_kernel_impl_nocast<at::neg_kernel_cuda(at::TensorIteratorBase &)::[lambda() (instance 2)]::operator ()() const::[lambda() (instance 8)]::operator ()() const::[lambda(c10::Half) (instance 1)]>(at::TensorIteratorBase &, const T1 &)::[lambda(int) (instance 1)]>(int, T3)",18048.0,0.0,3584.0,0.25,0.01
"void at::<unnamed>::CatArrayBatchedCopy<at::<unnamed>::OpaqueType<2>, unsigned int, 4, 64, 64>(T1 *, at::<unnamed>::CatArrInputTensorMetadata<T1, T2, T4, T5>, at::<unnamed>::TensorSizeStride<T2, 4>, int, T2)",7552.0,0.0,5120.0,0.07,4.11
"void at::elementwise_kernel<128, 4, void at::gpu_kernel_impl_nocast<at::BinaryFunctor<c10::Half, c10::Half, c10::Half, binary_internal::MulFunctor<float>>>(at::TensorIteratorBase &, const T1 &)::[lambda(int) (instance 1)]>(int, T3)",20480.0,0.0,4192.0,0.24,0.02
"void at::vectorized_elementwise_kernel<4, at::CUDAFunctor_add<c10::Half>, std::array<char *, 3>>(int, T2, T3)",7296.0,0.0,2976.0,0.12,0.04
"void <unnamed>::elementwise_kernel_with_index<int, at::arange_cuda_out(const c10::Scalar &, const c10::Scalar &, const c10::Scalar &, at::Tensor &)::[lambda() (instance 1)]::operator ()() const::[lambda() (instance 4)]::operator ()() const::[lambda(long) (instance 1)]>(T1, T2, function_traits<T2>::result_type *)",2688.0,0.0,2272.0,0.06,0.0
"void at::vectorized_elementwise_kernel<2, at::CUDAFunctor_add<long>, std::array<char *, 3>>(int, T2, T3)",6528.0,0.0,3008.0,0.11,0.03
"void at::vectorized_elementwise_kernel<2, at::CUDAFunctorOnSelf_add<long>, std::array<char *, 2>>(int, T2, T3)",5760.0,0.0,2976.0,0.1,0.02
"void at::index_elementwise_kernel<128, 4, void at::index_copy_kernel_impl<at::OpaqueType<2>>(at::TensorIterator &, long, long, long)::[lambda(int) (instance 1)]>(long, T3)",22272.0,0.0,4768.0,0.23,0.02
"void at::index_elementwise_kernel<128, 4, void at::index_copy_kernel_impl<at::OpaqueType<2>>(at::TensorIterator &, long, long, long)::[lambda(int) (instance 1)]>(long, T3)",22400.0,0.0,4576.0,0.24,0.02
"void at::elementwise_kernel<128, 4, void at::gpu_kernel_impl_nocast<at::direct_copy_kernel_cuda(at::TensorIteratorBase &)::[lambda() (instance 3)]::operator ()() const::[lambda() (instance 10)]::operator ()() const::[lambda(c10::Half) (instance 1)]>(at::TensorIteratorBase &, const T1 &)::[lambda(int) (instance 1)]>(int, T3)",558464.0,0.0,11040.0,2.48,45.06
"void at::elementwise_kernel<128, 4, void at::gpu_kernel_impl_nocast<at::direct_copy_kernel_cuda(at::TensorIteratorBase &)::[lambda() (instance 3)]::operator ()() const::[lambda() (instance 10)]::operator ()() const::[lambda(c10::Half) (instance 1)]>(at::TensorIteratorBase &, const T1 &)::[lambda(int) (instance 1)]>(int, T3)",558464.0,0.0,11136.0,2.47,44.61
"void at::vectorized_elementwise_kernel<4, at::FillFunctor<c10::Half>, std::array<char *, 1>>(int, T2, T3)",4096.0,0.0,2336.0,0.09,0.01
"void at::vectorized_elementwise_kernel<4, at::FillFunctor<c10::Half>, std::array<char *, 1>>(int, T2, T3)",3968.0,0.0,2336.0,0.08,0.01
"void at::elementwise_kernel<128, 4, void at::gpu_kernel_impl_nocast<at::<unnamed>::where_kernel_impl(at::TensorIterator &)::[lambda() (instance 1)]::operator ()() const::[lambda() (instance 2)]::operator ()() const::[lambda(bool, c10::Half, c10::Half) (instance 1)]>(at::TensorIteratorBase &, const T1 &)::[lambda(int) (instance 1)]>(int, T3)",22656.0,0.0,5440.0,0.21,0.04
"fmha_cutlassF_f16_aligned_64x64_rf_sm80(PyTorchMemEffAttention::AttentionKernel<cutlass::half_t, cutlass::Sm80, 1, 64, 64, 64, 1, 1>::Params)",8705152.0,0.0,79520.0,5.37,6.56
"std::enable_if<!T7, void>::type internal::kernel<int, int, __half, __half, __half, float, 0, 1, 1, 0, 7, 0, cublasGemvParamsEx<int, cublasGemvTensorStridedBatched<const __half>, cublasGemvTensorStridedBatched<const __half>, cublasGemvTensorStridedBatched<__half>, float>>(T13)",8413056.0,0.0,11776.0,35.15,16.78
"void at::vectorized_elementwise_kernel<4, at::CUDAFunctor_add<c10::Half>, std::array<char *, 3>>(int, T2, T3)",14976.0,0.0,2880.0,0.26,0.03
"void at::unrolled_elementwise_kernel<at::direct_copy_kernel_cuda(at::TensorIteratorBase &)::[lambda() (instance 3)]::operator ()() const::[lambda() (instance 7)]::operator ()() const::[lambda(float) (instance 1)], std::array<char *, 2>, 4, TrivialOffsetCalculator<1, unsigned int>, TrivialOffsetCalculator<1, unsigned int>, memory::LoadWithCast<1>, memory::StoreWithCast<1>>(int, T1, T2, T4, T5, T6, T7)",36224.0,0.0,5696.0,0.32,0.09
"void at::vectorized_elementwise_kernel<4, void at::<unnamed>::pow_tensor_scalar_kernel_impl<float, float>(at::TensorIteratorBase &, T2)::[lambda(float) (instance 1)], std::array<char *, 2>>(int, T2, T3)",12928.0,0.0,2688.0,0.24,0.02
"void at::reduce_kernel<512, 1, at::ReduceOp<float, at::MeanOps<float, float, float, float>, unsigned int, float, 4, 4>>(T3)",59264.0,0.0,5408.0,0.54,0.1
"void at::vectorized_elementwise_kernel<4, at::CUDAFunctorOnSelf_add<float>, std::array<char *, 2>>(int, T2, T3)",4736.0,0.0,2720.0,0.09,0.02
"void at::vectorized_elementwise_kernel<4, at::rsqrt_kernel_cuda(at::TensorIteratorBase &)::[lambda() (instance 2)]::operator ()() const::[lambda() (instance 2)]::operator ()() const::[lambda(float) (instance 1)], std::array<char *, 2>>(int, T2, T3)",6272.0,0.0,2976.0,0.11,0.04
"void at::elementwise_kernel<128, 2, void at::gpu_kernel_impl_nocast<at::BinaryFunctor<float, float, float, binary_internal::MulFunctor<float>>>(at::TensorIteratorBase &, const T1 &)::[lambda(int) (instance 1)]>(int, T3)",19200.0,0.0,3936.0,0.24,0.11
"void at::vectorized_elementwise_kernel<4, at::float16_copy_kernel_cuda(at::TensorIteratorBase &)::[lambda(float) (instance 1)], std::array<char *, 2>>(int, T2, T3)",13184.0,0.0,2880.0,0.23,0.01
"void at::vectorized_elementwise_kernel<4, at::BinaryFunctor<c10::Half, c10::Half, c10::Half, binary_internal::MulFunctor<float>>, std::array<char *, 3>>(int, T2, T3)",14464.0,0.0,2784.0,0.26,0.03
ampere_fp16_s16816gemm_fp16_64x64_ldg8_f2f_stages_64x6_tn,23086336.0,422912.0,18624.0,62.09,25.73
"void at::vectorized_elementwise_kernel<4, at::<unnamed>::silu_kernel(at::TensorIteratorBase &)::[lambda() (instance 1)]::operator ()() const::[lambda() (instance 5)]::operator ()() const::[lambda(c10::Half) (instance 1)], std::array<char *, 2>>(int, T2, T3)",24448.0,0.0,3392.0,0.36,0.24
ampere_fp16_s16816gemm_fp16_64x64_ldg8_f2f_stages_64x6_tn,23086592.0,403968.0,18720.0,61.77,25.63
"void at::vectorized_elementwise_kernel<4, at::BinaryFunctor<c10::Half, c10::Half, c10::Half, binary_internal::MulFunctor<float>>, std::array<char *, 3>>(int, T2, T3)",28800.0,0.0,2816.0,0.51,0.11
"std::enable_if<!T7, void>::type internal::kernel<int, int, __half, __half, __half, float, 0, 1, 1, 0, 7, 0, cublasGemvParamsEx<int, cublasGemvTensorStridedBatched<const __half>, cublasGemvTensorStridedBatched<const __half>, cublasGemvTensorStridedBatched<__half>, float>>(T13)",23100032.0,453632.0,24480.0,47.29,20.67
"void at::vectorized_elementwise_kernel<4, at::CUDAFunctor_add<c10::Half>, std::array<char *, 3>>(int, T2, T3)",14464.0,0.0,2848.0,0.26,0.03
"void at::unrolled_elementwise_kernel<at::direct_copy_kernel_cuda(at::TensorIteratorBase &)::[lambda() (instance 3)]::operator ()() const::[lambda() (instance 7)]::operator ()() const::[lambda(float) (instance 1)], std::array<char *, 2>, 4, TrivialOffsetCalculator<1, unsigned int>, TrivialOffsetCalculator<1, unsigned int>, memory::LoadWithCast<1>, memory::StoreWithCast<1>>(int, T1, T2, T4, T5, T6, T7)",36224.0,0.0,5504.0,0.33,0.1
"void at::vectorized_elementwise_kernel<4, void at::<unnamed>::pow_tensor_scalar_kernel_impl<float, float>(at::TensorIteratorBase &, T2)::[lambda(float) (instance 1)], std::array<char *, 2>>(int, T2, T3)",12928.0,0.0,2848.0,0.23,0.01
"void at::reduce_kernel<512, 1, at::ReduceOp<float, at::MeanOps<float, float, float, float>, unsigned int, float, 4, 4>>(T3)",59392.0,0.0,5344.0,0.55,0.1
"void at::vectorized_elementwise_kernel<4, at::CUDAFunctorOnSelf_add<float>, std::array<char *, 2>>(int, T2, T3)",4864.0,0.0,2656.0,0.09,0.02
"void at::vectorized_elementwise_kernel<4, at::rsqrt_kernel_cuda(at::TensorIteratorBase &)::[lambda() (instance 2)]::operator ()() const::[lambda() (instance 2)]::operator ()() const::[lambda(float) (instance 1)], std::array<char *, 2>>(int, T2, T3)",6272.0,0.0,2880.0,0.11,0.04
"void at::elementwise_kernel<128, 2, void at::gpu_kernel_impl_nocast<at::BinaryFunctor<float, float, float, binary_internal::MulFunctor<float>>>(at::TensorIteratorBase &, const T1 &)::[lambda(int) (instance 1)]>(int, T3)",19200.0,0.0,3968.0,0.24,0.11
"void at::vectorized_elementwise_kernel<4, at::float16_copy_kernel_cuda(at::TensorIteratorBase &)::[lambda(float) (instance 1)], std::array<char *, 2>>(int, T2, T3)",13184.0,0.0,2816.0,0.23,0.01
"void at::vectorized_elementwise_kernel<4, at::BinaryFunctor<c10::Half, c10::Half, c10::Half, binary_internal::MulFunctor<float>>, std::array<char *, 3>>(int, T2, T3)",14464.0,0.0,2784.0,0.26,0.03
"std::enable_if<!T7, void>::type internal::kernel<int, int, __half, __half, __half, float, 0, 1, 1, 0, 7, 0, cublasGemvParamsEx<int, cublasGemvTensorStridedBatched<const __half>, cublasGemvTensorStridedBatched<const __half>, cublasGemvTensorStridedBatched<__half>, float>>(T13)",8412672.0,0.0,12128.0,34.19,16.29
"std::enable_if<!T7, void>::type internal::kernel<int, int, __half, __half, __half, float, 0, 1, 1, 0, 7, 0, cublasGemvParamsEx<int, cublasGemvTensorStridedBatched<const __half>, cublasGemvTensorStridedBatched<const __half>, cublasGemvTensorStridedBatched<__half>, float>>(T13)",1072640.0,0.0,6048.0,8.73,4.68
"std::enable_if<!T7, void>::type internal::kernel<int, int, __half, __half, __half, float, 0, 1, 1, 0, 7, 0, cublasGemvParamsEx<int, cublasGemvTensorStridedBatched<const __half>, cublasGemvTensorStridedBatched<const __half>, cublasGemvTensorStridedBatched<__half>, float>>(T13)",1072768.0,0.0,5600.0,9.43,5.07
"void at::elementwise_kernel<128, 4, void at::gpu_kernel_impl_nocast<at::BinaryFunctor<c10::Half, c10::Half, c10::Half, binary_internal::MulFunctor<float>>>(at::TensorIteratorBase &, const T1 &)::[lambda(int) (instance 1)]>(int, T3)",24064.0,0.0,5248.0,0.23,0.1
"void at::elementwise_kernel<128, 4, void at::gpu_kernel_impl_nocast<at::neg_kernel_cuda(at::TensorIteratorBase &)::[lambda() (instance 2)]::operator ()() const::[lambda() (instance 8)]::operator ()() const::[lambda(c10::Half) (instance 1)]>(at::TensorIteratorBase &, const T1 &)::[lambda(int) (instance 1)]>(int, T3)",19840.0,0.0,5024.0,0.19,0.04
"void at::<unnamed>::CatArrayBatchedCopy<at::<unnamed>::OpaqueType<2>, unsigned int, 4, 64, 64>(T1 *, at::<unnamed>::CatArrInputTensorMetadata<T1, T2, T4, T5>, at::<unnamed>::TensorSizeStride<T2, 4>, int, T2)",11008.0,0.0,6656.0,0.08,3.55
"void at::elementwise_kernel<128, 4, void at::gpu_kernel_impl_nocast<at::BinaryFunctor<c10::Half, c10::Half, c10::Half, binary_internal::MulFunctor<float>>>(at::TensorIteratorBase &, const T1 &)::[lambda(int) (instance 1)]>(int, T3)",23936.0,0.0,5280.0,0.22,0.1
"void at::vectorized_elementwise_kernel<4, at::CUDAFunctor_add<c10::Half>, std::array<char *, 3>>(int, T2, T3)",14464.0,0.0,2752.0,0.26,0.03
"void at::elementwise_kernel<128, 4, void at::gpu_kernel_impl_nocast<at::BinaryFunctor<c10::Half, c10::Half, c10::Half, binary_internal::MulFunctor<float>>>(at::TensorIteratorBase &, const T1 &)::[lambda(int) (instance 1)]>(int, T3)",20352.0,0.0,4064.0,0.25,0.02
"void at::elementwise_kernel<128, 4, void at::gpu_kernel_impl_nocast<at::neg_kernel_cuda(at::TensorIteratorBase &)::[lambda() (instance 2)]::operator ()() const::[lambda() (instance 8)]::operator ()() const::[lambda(c10::Half) (instance 1)]>(at::TensorIteratorBase &, const T1 &)::[lambda(int) (instance 1)]>(int, T3)",18048.0,0.0,3616.0,0.25,0.01
"void at::<unnamed>::CatArrayBatchedCopy<at::<unnamed>::OpaqueType<2>, unsigned int, 4, 64, 64>(T1 *, at::<unnamed>::CatArrInputTensorMetadata<T1, T2, T4, T5>, at::<unnamed>::TensorSizeStride<T2, 4>, int, T2)",7552.0,0.0,5184.0,0.07,4.14
"void at::elementwise_kernel<128, 4, void at::gpu_kernel_impl_nocast<at::BinaryFunctor<c10::Half, c10::Half, c10::Half, binary_internal::MulFunctor<float>>>(at::TensorIteratorBase &, const T1 &)::[lambda(int) (instance 1)]>(int, T3)",20480.0,0.0,4192.0,0.24,0.02
"void at::vectorized_elementwise_kernel<4, at::CUDAFunctor_add<c10::Half>, std::array<char *, 3>>(int, T2, T3)",7296.0,0.0,2944.0,0.12,0.04
"void <unnamed>::elementwise_kernel_with_index<int, at::arange_cuda_out(const c10::Scalar &, const c10::Scalar &, const c10::Scalar &, at::Tensor &)::[lambda() (instance 1)]::operator ()() const::[lambda() (instance 4)]::operator ()() const::[lambda(long) (instance 1)]>(T1, T2, function_traits<T2>::result_type *)",2688.0,0.0,2304.0,0.06,0.0
"void at::vectorized_elementwise_kernel<2, at::CUDAFunctor_add<long>, std::array<char *, 3>>(int, T2, T3)",6272.0,0.0,2912.0,0.11,0.03
"void at::vectorized_elementwise_kernel<2, at::CUDAFunctorOnSelf_add<long>, std::array<char *, 2>>(int, T2, T3)",5888.0,0.0,2880.0,0.1,0.03
"void at::index_elementwise_kernel<128, 4, void at::index_copy_kernel_impl<at::OpaqueType<2>>(at::TensorIterator &, long, long, long)::[lambda(int) (instance 1)]>(long, T3)",22528.0,0.0,4832.0,0.23,0.02
"void at::index_elementwise_kernel<128, 4, void at::index_copy_kernel_impl<at::OpaqueType<2>>(at::TensorIterator &, long, long, long)::[lambda(int) (instance 1)]>(long, T3)",22400.0,0.0,4608.0,0.24,0.02
"void at::elementwise_kernel<128, 4, void at::gpu_kernel_impl_nocast<at::direct_copy_kernel_cuda(at::TensorIteratorBase &)::[lambda() (instance 3)]::operator ()() const::[lambda() (instance 10)]::operator ()() const::[lambda(c10::Half) (instance 1)]>(at::TensorIteratorBase &, const T1 &)::[lambda(int) (instance 1)]>(int, T3)",558464.0,0.0,11104.0,2.47,44.89
"void at::elementwise_kernel<128, 4, void at::gpu_kernel_impl_nocast<at::direct_copy_kernel_cuda(at::TensorIteratorBase &)::[lambda() (instance 3)]::operator ()() const::[lambda() (instance 10)]::operator ()() const::[lambda(c10::Half) (instance 1)]>(at::TensorIteratorBase &, const T1 &)::[lambda(int) (instance 1)]>(int, T3)",558720.0,0.0,11136.0,2.47,44.72
"void at::vectorized_elementwise_kernel<4, at::FillFunctor<c10::Half>, std::array<char *, 1>>(int, T2, T3)",3968.0,0.0,2368.0,0.08,0.01
"void at::vectorized_elementwise_kernel<4, at::FillFunctor<c10::Half>, std::array<char *, 1>>(int, T2, T3)",3968.0,0.0,2336.0,0.08,0.01
"void at::elementwise_kernel<128, 4, void at::gpu_kernel_impl_nocast<at::<unnamed>::where_kernel_impl(at::TensorIterator &)::[lambda() (instance 1)]::operator ()() const::[lambda() (instance 2)]::operator ()() const::[lambda(bool, c10::Half, c10::Half) (instance 1)]>(at::TensorIteratorBase &, const T1 &)::[lambda(int) (instance 1)]>(int, T3)",22784.0,0.0,5216.0,0.22,0.04
"fmha_cutlassF_f16_aligned_64x64_rf_sm80(PyTorchMemEffAttention::AttentionKernel<cutlass::half_t, cutlass::Sm80, 1, 64, 64, 64, 1, 1>::Params)",8705024.0,0.0,80000.0,5.34,6.52
"std::enable_if<!T7, void>::type internal::kernel<int, int, __half, __half, __half, float, 0, 1, 1, 0, 7, 0, cublasGemvParamsEx<int, cublasGemvTensorStridedBatched<const __half>, cublasGemvTensorStridedBatched<const __half>, cublasGemvTensorStridedBatched<__half>, float>>(T13)",8412672.0,0.0,11456.0,36.19,17.32
"void at::vectorized_elementwise_kernel<4, at::CUDAFunctor_add<c10::Half>, std::array<char *, 3>>(int, T2, T3)",14464.0,0.0,2880.0,0.25,0.03
"void at::unrolled_elementwise_kernel<at::direct_copy_kernel_cuda(at::TensorIteratorBase &)::[lambda() (instance 3)]::operator ()() const::[lambda() (instance 7)]::operator ()() const::[lambda(float) (instance 1)], std::array<char *, 2>, 4, TrivialOffsetCalculator<1, unsigned int>, TrivialOffsetCalculator<1, unsigned int>, memory::LoadWithCast<1>, memory::StoreWithCast<1>>(int, T1, T2, T4, T5, T6, T7)",36224.0,0.0,5472.0,0.33,0.1
"void at::vectorized_elementwise_kernel<4, void at::<unnamed>::pow_tensor_scalar_kernel_impl<float, float>(at::TensorIteratorBase &, T2)::[lambda(float) (instance 1)], std::array<char *, 2>>(int, T2, T3)",12928.0,0.0,2912.0,0.22,0.01
"void at::reduce_kernel<512, 1, at::ReduceOp<float, at::MeanOps<float, float, float, float>, unsigned int, float, 4, 4>>(T3)",59264.0,0.0,5440.0,0.54,0.1
"void at::vectorized_elementwise_kernel<4, at::CUDAFunctorOnSelf_add<float>, std::array<char *, 2>>(int, T2, T3)",4864.0,0.0,2592.0,0.09,0.02
"void at::vectorized_elementwise_kernel<4, at::rsqrt_kernel_cuda(at::TensorIteratorBase &)::[lambda() (instance 2)]::operator ()() const::[lambda() (instance 2)]::operator ()() const::[lambda(float) (instance 1)], std::array<char *, 2>>(int, T2, T3)",6400.0,0.0,3040.0,0.1,0.03
"void at::elementwise_kernel<128, 2, void at::gpu_kernel_impl_nocast<at::BinaryFunctor<float, float, float, binary_internal::MulFunctor<float>>>(at::TensorIteratorBase &, const T1 &)::[lambda(int) (instance 1)]>(int, T3)",19328.0,0.0,3872.0,0.25,0.11
"void at::vectorized_elementwise_kernel<4, at::float16_copy_kernel_cuda(at::TensorIteratorBase &)::[lambda(float) (instance 1)], std::array<char *, 2>>(int, T2, T3)",13184.0,0.0,2912.0,0.23,0.01
"void at::vectorized_elementwise_kernel<4, at::BinaryFunctor<c10::Half, c10::Half, c10::Half, binary_internal::MulFunctor<float>>, std::array<char *, 3>>(int, T2, T3)",14464.0,0.0,2912.0,0.25,0.03
ampere_fp16_s16816gemm_fp16_64x64_ldg8_f2f_stages_64x6_tn,23086592.0,440576.0,18880.0,61.31,25.37
"void at::vectorized_elementwise_kernel<4, at::<unnamed>::silu_kernel(at::TensorIteratorBase &)::[lambda() (instance 1)]::operator ()() const::[lambda() (instance 5)]::operator ()() const::[lambda(c10::Half) (instance 1)], std::array<char *, 2>>(int, T2, T3)",24448.0,0.0,3584.0,0.34,0.23
ampere_fp16_s16816gemm_fp16_64x64_ldg8_f2f_stages_64x6_tn,23086720.0,362496.0,19584.0,58.9,24.47
"void at::vectorized_elementwise_kernel<4, at::BinaryFunctor<c10::Half, c10::Half, c10::Half, binary_internal::MulFunctor<float>>, std::array<char *, 3>>(int, T2, T3)",28800.0,0.0,2944.0,0.48,0.1
"std::enable_if<!T7, void>::type internal::kernel<int, int, __half, __half, __half, float, 0, 1, 1, 0, 7, 0, cublasGemvParamsEx<int, cublasGemvTensorStridedBatched<const __half>, cublasGemvTensorStridedBatched<const __half>, cublasGemvTensorStridedBatched<__half>, float>>(T13)",23100160.0,517888.0,25792.0,44.94,19.58
"void at::vectorized_elementwise_kernel<4, at::CUDAFunctor_add<c10::Half>, std::array<char *, 3>>(int, T2, T3)",14464.0,0.0,2784.0,0.26,0.03
"void at::unrolled_elementwise_kernel<at::direct_copy_kernel_cuda(at::TensorIteratorBase &)::[lambda() (instance 3)]::operator ()() const::[lambda() (instance 7)]::operator ()() const::[lambda(float) (instance 1)], std::array<char *, 2>, 4, TrivialOffsetCalculator<1, unsigned int>, TrivialOffsetCalculator<1, unsigned int>, memory::LoadWithCast<1>, memory::StoreWithCast<1>>(int, T1, T2, T4, T5, T6, T7)",36224.0,0.0,5568.0,0.32,0.1
"void at::vectorized_elementwise_kernel<4, void at::<unnamed>::pow_tensor_scalar_kernel_impl<float, float>(at::TensorIteratorBase &, T2)::[lambda(float) (instance 1)], std::array<char *, 2>>(int, T2, T3)",12928.0,0.0,2720.0,0.24,0.02
"void at::reduce_kernel<512, 1, at::ReduceOp<float, at::MeanOps<float, float, float, float>, unsigned int, float, 4, 4>>(T3)",59264.0,0.0,5216.0,0.57,0.11
"void at::vectorized_elementwise_kernel<4, at::CUDAFunctorOnSelf_add<float>, std::array<char *, 2>>(int, T2, T3)",4736.0,0.0,2624.0,0.09,0.02
"void at::vectorized_elementwise_kernel<4, at::rsqrt_kernel_cuda(at::TensorIteratorBase &)::[lambda() (instance 2)]::operator ()() const::[lambda() (instance 2)]::operator ()() const::[lambda(float) (instance 1)], std::array<char *, 2>>(int, T2, T3)",6400.0,0.0,2880.0,0.11,0.04
"void at::elementwise_kernel<128, 2, void at::gpu_kernel_impl_nocast<at::BinaryFunctor<float, float, float, binary_internal::MulFunctor<float>>>(at::TensorIteratorBase &, const T1 &)::[lambda(int) (instance 1)]>(int, T3)",19328.0,0.0,3936.0,0.25,0.11
"void at::vectorized_elementwise_kernel<4, at::float16_copy_kernel_cuda(at::TensorIteratorBase &)::[lambda(float) (instance 1)], std::array<char *, 2>>(int, T2, T3)",13312.0,0.0,2656.0,0.25,0.01
"void at::vectorized_elementwise_kernel<4, at::BinaryFunctor<c10::Half, c10::Half, c10::Half, binary_internal::MulFunctor<float>>, std::array<char *, 3>>(int, T2, T3)",14464.0,0.0,2784.0,0.26,0.03
"std::enable_if<!T7, void>::type internal::kernel<int, int, __half, __half, __half, float, 0, 1, 1, 0, 7, 0, cublasGemvParamsEx<int, cublasGemvTensorStridedBatched<const __half>, cublasGemvTensorStridedBatched<const __half>, cublasGemvTensorStridedBatched<__half>, float>>(T13)",8412672.0,0.0,11744.0,35.19,16.85
"std::enable_if<!T7, void>::type internal::kernel<int, int, __half, __half, __half, float, 0, 1, 1, 0, 7, 0, cublasGemvParamsEx<int, cublasGemvTensorStridedBatched<const __half>, cublasGemvTensorStridedBatched<const __half>, cublasGemvTensorStridedBatched<__half>, float>>(T13)",1072640.0,0.0,5472.0,9.7,5.2
"std::enable_if<!T7, void>::type internal::kernel<int, int, __half, __half, __half, float, 0, 1, 1, 0, 7, 0, cublasGemvParamsEx<int, cublasGemvTensorStridedBatched<const __half>, cublasGemvTensorStridedBatched<const __half>, cublasGemvTensorStridedBatched<__half>, float>>(T13)",1072768.0,0.0,5664.0,9.35,5.01
"void at::elementwise_kernel<128, 4, void at::gpu_kernel_impl_nocast<at::BinaryFunctor<c10::Half, c10::Half, c10::Half, binary_internal::MulFunctor<float>>>(at::TensorIteratorBase &, const T1 &)::[lambda(int) (instance 1)]>(int, T3)",23936.0,0.0,5312.0,0.22,0.1
"void at::elementwise_kernel<128, 4, void at::gpu_kernel_impl_nocast<at::neg_kernel_cuda(at::TensorIteratorBase &)::[lambda() (instance 2)]::operator ()() const::[lambda() (instance 8)]::operator ()() const::[lambda(c10::Half) (instance 1)]>(at::TensorIteratorBase &, const T1 &)::[lambda(int) (instance 1)]>(int, T3)",19840.0,0.0,4864.0,0.2,0.04
"void at::<unnamed>::CatArrayBatchedCopy<at::<unnamed>::OpaqueType<2>, unsigned int, 4, 64, 64>(T1 *, at::<unnamed>::CatArrInputTensorMetadata<T1, T2, T4, T5>, at::<unnamed>::TensorSizeStride<T2, 4>, int, T2)",11008.0,0.0,6560.0,0.08,3.52
"void at::elementwise_kernel<128, 4, void at::gpu_kernel_impl_nocast<at::BinaryFunctor<c10::Half, c10::Half, c10::Half, binary_internal::MulFunctor<float>>>(at::TensorIteratorBase &, const T1 &)::[lambda(int) (instance 1)]>(int, T3)",24064.0,0.0,5216.0,0.23,0.1
"void at::vectorized_elementwise_kernel<4, at::CUDAFunctor_add<c10::Half>, std::array<char *, 3>>(int, T2, T3)",14464.0,0.0,2784.0,0.26,0.03
"void at::elementwise_kernel<128, 4, void at::gpu_kernel_impl_nocast<at::BinaryFunctor<c10::Half, c10::Half, c10::Half, binary_internal::MulFunctor<float>>>(at::TensorIteratorBase &, const T1 &)::[lambda(int) (instance 1)]>(int, T3)",20864.0,0.0,4064.0,0.25,0.02
"void at::elementwise_kernel<128, 4, void at::gpu_kernel_impl_nocast<at::neg_kernel_cuda(at::TensorIteratorBase &)::[lambda() (instance 2)]::operator ()() const::[lambda() (instance 8)]::operator ()() const::[lambda(c10::Half) (instance 1)]>(at::TensorIteratorBase &, const T1 &)::[lambda(int) (instance 1)]>(int, T3)",18048.0,0.0,3584.0,0.25,0.01
"void at::<unnamed>::CatArrayBatchedCopy<at::<unnamed>::OpaqueType<2>, unsigned int, 4, 64, 64>(T1 *, at::<unnamed>::CatArrInputTensorMetadata<T1, T2, T4, T5>, at::<unnamed>::TensorSizeStride<T2, 4>, int, T2)",7552.0,0.0,5120.0,0.07,4.19
"void at::elementwise_kernel<128, 4, void at::gpu_kernel_impl_nocast<at::BinaryFunctor<c10::Half, c10::Half, c10::Half, binary_internal::MulFunctor<float>>>(at::TensorIteratorBase &, const T1 &)::[lambda(int) (instance 1)]>(int, T3)",20352.0,0.0,4192.0,0.24,0.02
"void at::vectorized_elementwise_kernel<4, at::CUDAFunctor_add<c10::Half>, std::array<char *, 3>>(int, T2, T3)",7296.0,0.0,2976.0,0.12,0.04
"void <unnamed>::elementwise_kernel_with_index<int, at::arange_cuda_out(const c10::Scalar &, const c10::Scalar &, const c10::Scalar &, at::Tensor &)::[lambda() (instance 1)]::operator ()() const::[lambda() (instance 4)]::operator ()() const::[lambda(long) (instance 1)]>(T1, T2, function_traits<T2>::result_type *)",2688.0,0.0,2304.0,0.06,0.0
"void at::vectorized_elementwise_kernel<2, at::CUDAFunctor_add<long>, std::array<char *, 3>>(int, T2, T3)",6272.0,0.0,3008.0,0.1,0.03
"void at::vectorized_elementwise_kernel<2, at::CUDAFunctorOnSelf_add<long>, std::array<char *, 2>>(int, T2, T3)",5888.0,0.0,2720.0,0.11,0.03
"void at::index_elementwise_kernel<128, 4, void at::index_copy_kernel_impl<at::OpaqueType<2>>(at::TensorIterator &, long, long, long)::[lambda(int) (instance 1)]>(long, T3)",22528.0,0.0,4992.0,0.22,0.02
"void at::index_elementwise_kernel<128, 4, void at::index_copy_kernel_impl<at::OpaqueType<2>>(at::TensorIterator &, long, long, long)::[lambda(int) (instance 1)]>(long, T3)",22400.0,0.0,4576.0,0.24,0.02
"void at::elementwise_kernel<128, 4, void at::gpu_kernel_impl_nocast<at::direct_copy_kernel_cuda(at::TensorIteratorBase &)::[lambda() (instance 3)]::operator ()() const::[lambda() (instance 10)]::operator ()() const::[lambda(c10::Half) (instance 1)]>(at::TensorIteratorBase &, const T1 &)::[lambda(int) (instance 1)]>(int, T3)",558464.0,0.0,11200.0,2.45,44.43
"void at::elementwise_kernel<128, 4, void at::gpu_kernel_impl_nocast<at::direct_copy_kernel_cuda(at::TensorIteratorBase &)::[lambda() (instance 3)]::operator ()() const::[lambda() (instance 10)]::operator ()() const::[lambda(c10::Half) (instance 1)]>(at::TensorIteratorBase &, const T1 &)::[lambda(int) (instance 1)]>(int, T3)",558464.0,0.0,11104.0,2.47,44.81
"void at::vectorized_elementwise_kernel<4, at::FillFunctor<c10::Half>, std::array<char *, 1>>(int, T2, T3)",3968.0,0.0,2336.0,0.08,0.01
"void at::vectorized_elementwise_kernel<4, at::FillFunctor<c10::Half>, std::array<char *, 1>>(int, T2, T3)",3968.0,0.0,2496.0,0.08,0.01
"void at::elementwise_kernel<128, 4, void at::gpu_kernel_impl_nocast<at::<unnamed>::where_kernel_impl(at::TensorIterator &)::[lambda() (instance 1)]::operator ()() const::[lambda() (instance 2)]::operator ()() const::[lambda(bool, c10::Half, c10::Half) (instance 1)]>(at::TensorIteratorBase &, const T1 &)::[lambda(int) (instance 1)]>(int, T3)",22528.0,0.0,5280.0,0.21,0.04
"fmha_cutlassF_f16_aligned_64x64_rf_sm80(PyTorchMemEffAttention::AttentionKernel<cutlass::half_t, cutlass::Sm80, 1, 64, 64, 64, 1, 1>::Params)",8705024.0,0.0,79904.0,5.35,6.53
"std::enable_if<!T7, void>::type internal::kernel<int, int, __half, __half, __half, float, 0, 1, 1, 0, 7, 0, cublasGemvParamsEx<int, cublasGemvTensorStridedBatched<const __half>, cublasGemvTensorStridedBatched<const __half>, cublasGemvTensorStridedBatched<__half>, float>>(T13)",8412672.0,768.0,12064.0,34.28,16.4
"void at::vectorized_elementwise_kernel<4, at::CUDAFunctor_add<c10::Half>, std::array<char *, 3>>(int, T2, T3)",14464.0,0.0,2848.0,0.25,0.03
"void at::unrolled_elementwise_kernel<at::direct_copy_kernel_cuda(at::TensorIteratorBase &)::[lambda() (instance 3)]::operator ()() const::[lambda() (instance 7)]::operator ()() const::[lambda(float) (instance 1)], std::array<char *, 2>, 4, TrivialOffsetCalculator<1, unsigned int>, TrivialOffsetCalculator<1, unsigned int>, memory::LoadWithCast<1>, memory::StoreWithCast<1>>(int, T1, T2, T4, T5, T6, T7)",36224.0,0.0,5376.0,0.33,0.1
"void at::vectorized_elementwise_kernel<4, void at::<unnamed>::pow_tensor_scalar_kernel_impl<float, float>(at::TensorIteratorBase &, T2)::[lambda(float) (instance 1)], std::array<char *, 2>>(int, T2, T3)",12928.0,0.0,2752.0,0.23,0.02
"void at::reduce_kernel<512, 1, at::ReduceOp<float, at::MeanOps<float, float, float, float>, unsigned int, float, 4, 4>>(T3)",59264.0,0.0,5280.0,0.55,0.11
"void at::vectorized_elementwise_kernel<4, at::CUDAFunctorOnSelf_add<float>, std::array<char *, 2>>(int, T2, T3)",4736.0,0.0,2784.0,0.09,0.02
"void at::vectorized_elementwise_kernel<4, at::rsqrt_kernel_cuda(at::TensorIteratorBase &)::[lambda() (instance 2)]::operator ()() const::[lambda() (instance 2)]::operator ()() const::[lambda(float) (instance 1)], std::array<char *, 2>>(int, T2, T3)",6400.0,0.0,2944.0,0.11,0.04
"void at::elementwise_kernel<128, 2, void at::gpu_kernel_impl_nocast<at::BinaryFunctor<float, float, float, binary_internal::MulFunctor<float>>>(at::TensorIteratorBase &, const T1 &)::[lambda(int) (instance 1)]>(int, T3)",19328.0,0.0,3872.0,0.25,0.11
"void at::vectorized_elementwise_kernel<4, at::float16_copy_kernel_cuda(at::TensorIteratorBase &)::[lambda(float) (instance 1)], std::array<char *, 2>>(int, T2, T3)",13312.0,0.0,2624.0,0.25,0.01
"void at::vectorized_elementwise_kernel<4, at::BinaryFunctor<c10::Half, c10::Half, c10::Half, binary_internal::MulFunctor<float>>, std::array<char *, 3>>(int, T2, T3)",14464.0,0.0,2720.0,0.26,0.03
ampere_fp16_s16816gemm_fp16_64x64_ldg8_f2f_stages_64x6_tn,23086592.0,525440.0,19136.0,60.56,25.0
"void at::vectorized_elementwise_kernel<4, at::<unnamed>::silu_kernel(at::TensorIteratorBase &)::[lambda() (instance 1)]::operator ()() const::[lambda() (instance 5)]::operator ()() const::[lambda(c10::Half) (instance 1)], std::array<char *, 2>>(int, T2, T3)",24448.0,0.0,3552.0,0.34,0.23
ampere_fp16_s16816gemm_fp16_64x64_ldg8_f2f_stages_64x6_tn,23086208.0,370048.0,18848.0,61.23,25.45
"void at::vectorized_elementwise_kernel<4, at::BinaryFunctor<c10::Half, c10::Half, c10::Half, binary_internal::MulFunctor<float>>, std::array<char *, 3>>(int, T2, T3)",28800.0,0.0,3104.0,0.47,0.1
"std::enable_if<!T7, void>::type internal::kernel<int, int, __half, __half, __half, float, 0, 1, 1, 0, 7, 0, cublasGemvParamsEx<int, cublasGemvTensorStridedBatched<const __half>, cublasGemvTensorStridedBatched<const __half>, cublasGemvTensorStridedBatched<__half>, float>>(T13)",23100032.0,690816.0,25824.0,45.3,19.58
"void at::vectorized_elementwise_kernel<4, at::CUDAFunctor_add<c10::Half>, std::array<char *, 3>>(int, T2, T3)",14464.0,0.0,2816.0,0.26,0.03
"void at::unrolled_elementwise_kernel<at::direct_copy_kernel_cuda(at::TensorIteratorBase &)::[lambda() (instance 3)]::operator ()() const::[lambda() (instance 7)]::operator ()() const::[lambda(float) (instance 1)], std::array<char *, 2>, 4, TrivialOffsetCalculator<1, unsigned int>, TrivialOffsetCalculator<1, unsigned int>, memory::LoadWithCast<1>, memory::StoreWithCast<1>>(int, T1, T2, T4, T5, T6, T7)",36224.0,0.0,5504.0,0.33,0.1
"void at::vectorized_elementwise_kernel<4, void at::<unnamed>::pow_tensor_scalar_kernel_impl<float, float>(at::TensorIteratorBase &, T2)::[lambda(float) (instance 1)], std::array<char *, 2>>(int, T2, T3)",12928.0,0.0,2624.0,0.25,0.02
"void at::reduce_kernel<512, 1, at::ReduceOp<float, at::MeanOps<float, float, float, float>, unsigned int, float, 4, 4>>(T3)",59264.0,0.0,5344.0,0.55,0.1
"void at::vectorized_elementwise_kernel<4, at::CUDAFunctorOnSelf_add<float>, std::array<char *, 2>>(int, T2, T3)",4736.0,0.0,2656.0,0.09,0.02
"void at::vectorized_elementwise_kernel<4, at::rsqrt_kernel_cuda(at::TensorIteratorBase &)::[lambda() (instance 2)]::operator ()() const::[lambda() (instance 2)]::operator ()() const::[lambda(float) (instance 1)], std::array<char *, 2>>(int, T2, T3)",6400.0,0.0,2880.0,0.11,0.04
"void at::elementwise_kernel<128, 2, void at::gpu_kernel_impl_nocast<at::BinaryFunctor<float, float, float, binary_internal::MulFunctor<float>>>(at::TensorIteratorBase &, const T1 &)::[lambda(int) (instance 1)]>(int, T3)",19328.0,0.0,3840.0,0.25,0.11
"void at::vectorized_elementwise_kernel<4, at::float16_copy_kernel_cuda(at::TensorIteratorBase &)::[lambda(float) (instance 1)], std::array<char *, 2>>(int, T2, T3)",13312.0,0.0,2944.0,0.23,0.01
"void at::vectorized_elementwise_kernel<4, at::BinaryFunctor<c10::Half, c10::Half, c10::Half, binary_internal::MulFunctor<float>>, std::array<char *, 3>>(int, T2, T3)",14464.0,0.0,2784.0,0.26,0.03
"std::enable_if<!T7, void>::type internal::kernel<int, int, __half, __half, __half, float, 0, 1, 1, 0, 7, 0, cublasGemvParamsEx<int, cublasGemvTensorStridedBatched<const __half>, cublasGemvTensorStridedBatched<const __half>, cublasGemvTensorStridedBatched<__half>, float>>(T13)",8412672.0,0.0,12640.0,32.73,15.63
"std::enable_if<!T7, void>::type internal::kernel<int, int, __half, __half, __half, float, 0, 1, 1, 0, 7, 0, cublasGemvParamsEx<int, cublasGemvTensorStridedBatched<const __half>, cublasGemvTensorStridedBatched<const __half>, cublasGemvTensorStridedBatched<__half>, float>>(T13)",1072768.0,0.0,5920.0,8.93,4.8
"std::enable_if<!T7, void>::type internal::kernel<int, int, __half, __half, __half, float, 0, 1, 1, 0, 7, 0, cublasGemvParamsEx<int, cublasGemvTensorStridedBatched<const __half>, cublasGemvTensorStridedBatched<const __half>, cublasGemvTensorStridedBatched<__half>, float>>(T13)",1072640.0,0.0,5792.0,9.19,4.92
"void at::elementwise_kernel<128, 4, void at::gpu_kernel_impl_nocast<at::BinaryFunctor<c10::Half, c10::Half, c10::Half, binary_internal::MulFunctor<float>>>(at::TensorIteratorBase &, const T1 &)::[lambda(int) (instance 1)]>(int, T3)",23936.0,0.0,5088.0,0.23,0.1
"void at::elementwise_kernel<128, 4, void at::gpu_kernel_impl_nocast<at::neg_kernel_cuda(at::TensorIteratorBase &)::[lambda() (instance 2)]::operator ()() const::[lambda() (instance 8)]::operator ()() const::[lambda(c10::Half) (instance 1)]>(at::TensorIteratorBase &, const T1 &)::[lambda(int) (instance 1)]>(int, T3)",19840.0,0.0,5056.0,0.19,0.04
"void at::<unnamed>::CatArrayBatchedCopy<at::<unnamed>::OpaqueType<2>, unsigned int, 4, 64, 64>(T1 *, at::<unnamed>::CatArrInputTensorMetadata<T1, T2, T4, T5>, at::<unnamed>::TensorSizeStride<T2, 4>, int, T2)",11136.0,0.0,6528.0,0.08,3.59
"void at::elementwise_kernel<128, 4, void at::gpu_kernel_impl_nocast<at::BinaryFunctor<c10::Half, c10::Half, c10::Half, binary_internal::MulFunctor<float>>>(at::TensorIteratorBase &, const T1 &)::[lambda(int) (instance 1)]>(int, T3)",23936.0,0.0,5216.0,0.23,0.1
"void at::vectorized_elementwise_kernel<4, at::CUDAFunctor_add<c10::Half>, std::array<char *, 3>>(int, T2, T3)",14464.0,0.0,2752.0,0.26,0.03
"void at::elementwise_kernel<128, 4, void at::gpu_kernel_impl_nocast<at::BinaryFunctor<c10::Half, c10::Half, c10::Half, binary_internal::MulFunctor<float>>>(at::TensorIteratorBase &, const T1 &)::[lambda(int) (instance 1)]>(int, T3)",20480.0,0.0,4128.0,0.25,0.02
"void at::elementwise_kernel<128, 4, void at::gpu_kernel_impl_nocast<at::neg_kernel_cuda(at::TensorIteratorBase &)::[lambda() (instance 2)]::operator ()() const::[lambda() (instance 8)]::operator ()() const::[lambda(c10::Half) (instance 1)]>(at::TensorIteratorBase &, const T1 &)::[lambda(int) (instance 1)]>(int, T3)",18048.0,0.0,3488.0,0.26,0.01
"void at::<unnamed>::CatArrayBatchedCopy<at::<unnamed>::OpaqueType<2>, unsigned int, 4, 64, 64>(T1 *, at::<unnamed>::CatArrInputTensorMetadata<T1, T2, T4, T5>, at::<unnamed>::TensorSizeStride<T2, 4>, int, T2)",7424.0,0.0,5152.0,0.07,4.08
"void at::elementwise_kernel<128, 4, void at::gpu_kernel_impl_nocast<at::BinaryFunctor<c10::Half, c10::Half, c10::Half, binary_internal::MulFunctor<float>>>(at::TensorIteratorBase &, const T1 &)::[lambda(int) (instance 1)]>(int, T3)",20352.0,0.0,4352.0,0.23,0.02
"void at::vectorized_elementwise_kernel<4, at::CUDAFunctor_add<c10::Half>, std::array<char *, 3>>(int, T2, T3)",7296.0,0.0,2976.0,0.12,0.04
"void <unnamed>::elementwise_kernel_with_index<int, at::arange_cuda_out(const c10::Scalar &, const c10::Scalar &, const c10::Scalar &, at::Tensor &)::[lambda() (instance 1)]::operator ()() const::[lambda() (instance 4)]::operator ()() const::[lambda(long) (instance 1)]>(T1, T2, function_traits<T2>::result_type *)",2688.0,0.0,2304.0,0.06,0.0
"void at::vectorized_elementwise_kernel<2, at::CUDAFunctor_add<long>, std::array<char *, 3>>(int, T2, T3)",6400.0,0.0,2976.0,0.11,0.03
"void at::vectorized_elementwise_kernel<2, at::CUDAFunctorOnSelf_add<long>, std::array<char *, 2>>(int, T2, T3)",5888.0,0.0,2784.0,0.11,0.03
"void at::index_elementwise_kernel<128, 4, void at::index_copy_kernel_impl<at::OpaqueType<2>>(at::TensorIterator &, long, long, long)::[lambda(int) (instance 1)]>(long, T3)",22400.0,0.0,4768.0,0.23,0.02
"void at::index_elementwise_kernel<128, 4, void at::index_copy_kernel_impl<at::OpaqueType<2>>(at::TensorIterator &, long, long, long)::[lambda(int) (instance 1)]>(long, T3)",22400.0,0.0,4544.0,0.24,0.02
"void at::elementwise_kernel<128, 4, void at::gpu_kernel_impl_nocast<at::direct_copy_kernel_cuda(at::TensorIteratorBase &)::[lambda() (instance 3)]::operator ()() const::[lambda() (instance 10)]::operator ()() const::[lambda(c10::Half) (instance 1)]>(at::TensorIteratorBase &, const T1 &)::[lambda(int) (instance 1)]>(int, T3)",558464.0,0.0,11296.0,2.43,43.95
"void at::elementwise_kernel<128, 4, void at::gpu_kernel_impl_nocast<at::direct_copy_kernel_cuda(at::TensorIteratorBase &)::[lambda() (instance 3)]::operator ()() const::[lambda() (instance 10)]::operator ()() const::[lambda(c10::Half) (instance 1)]>(at::TensorIteratorBase &, const T1 &)::[lambda(int) (instance 1)]>(int, T3)",558464.0,0.0,10976.0,2.51,45.35
"void at::vectorized_elementwise_kernel<4, at::FillFunctor<c10::Half>, std::array<char *, 1>>(int, T2, T3)",4096.0,0.0,2368.0,0.09,0.01
"void at::vectorized_elementwise_kernel<4, at::FillFunctor<c10::Half>, std::array<char *, 1>>(int, T2, T3)",3968.0,0.0,2368.0,0.08,0.01
"void at::elementwise_kernel<128, 4, void at::gpu_kernel_impl_nocast<at::<unnamed>::where_kernel_impl(at::TensorIterator &)::[lambda() (instance 1)]::operator ()() const::[lambda() (instance 2)]::operator ()() const::[lambda(bool, c10::Half, c10::Half) (instance 1)]>(at::TensorIteratorBase &, const T1 &)::[lambda(int) (instance 1)]>(int, T3)",22656.0,0.0,5568.0,0.2,0.04
"fmha_cutlassF_f16_aligned_64x64_rf_sm80(PyTorchMemEffAttention::AttentionKernel<cutlass::half_t, cutlass::Sm80, 1, 64, 64, 64, 1, 1>::Params)",8705152.0,0.0,80128.0,5.33,6.51
"std::enable_if<!T7, void>::type internal::kernel<int, int, __half, __half, __half, float, 0, 1, 1, 0, 7, 0, cublasGemvParamsEx<int, cublasGemvTensorStridedBatched<const __half>, cublasGemvTensorStridedBatched<const __half>, cublasGemvTensorStridedBatched<__half>, float>>(T13)",8412672.0,0.0,10944.0,37.89,18.11
"void at::vectorized_elementwise_kernel<4, at::CUDAFunctor_add<c10::Half>, std::array<char *, 3>>(int, T2, T3)",14464.0,0.0,3104.0,0.23,0.02
"void at::unrolled_elementwise_kernel<at::direct_copy_kernel_cuda(at::TensorIteratorBase &)::[lambda() (instance 3)]::operator ()() const::[lambda() (instance 7)]::operator ()() const::[lambda(float) (instance 1)], std::array<char *, 2>, 4, TrivialOffsetCalculator<1, unsigned int>, TrivialOffsetCalculator<1, unsigned int>, memory::LoadWithCast<1>, memory::StoreWithCast<1>>(int, T1, T2, T4, T5, T6, T7)",36224.0,0.0,5312.0,0.34,0.1
"void at::vectorized_elementwise_kernel<4, void at::<unnamed>::pow_tensor_scalar_kernel_impl<float, float>(at::TensorIteratorBase &, T2)::[lambda(float) (instance 1)], std::array<char *, 2>>(int, T2, T3)",13184.0,0.0,2912.0,0.23,0.01
"void at::reduce_kernel<512, 1, at::ReduceOp<float, at::MeanOps<float, float, float, float>, unsigned int, float, 4, 4>>(T3)",59264.0,0.0,5408.0,0.54,0.1
"void at::vectorized_elementwise_kernel<4, at::CUDAFunctorOnSelf_add<float>, std::array<char *, 2>>(int, T2, T3)",4736.0,0.0,2624.0,0.09,0.02
"void at::vectorized_elementwise_kernel<4, at::rsqrt_kernel_cuda(at::TensorIteratorBase &)::[lambda() (instance 2)]::operator ()() const::[lambda() (instance 2)]::operator ()() const::[lambda(float) (instance 1)], std::array<char *, 2>>(int, T2, T3)",6400.0,0.0,3040.0,0.11,0.03
"void at::elementwise_kernel<128, 2, void at::gpu_kernel_impl_nocast<at::BinaryFunctor<float, float, float, binary_internal::MulFunctor<float>>>(at::TensorIteratorBase &, const T1 &)::[lambda(int) (instance 1)]>(int, T3)",19328.0,0.0,4064.0,0.24,0.1
"void at::vectorized_elementwise_kernel<4, at::float16_copy_kernel_cuda(at::TensorIteratorBase &)::[lambda(float) (instance 1)], std::array<char *, 2>>(int, T2, T3)",13184.0,0.0,2688.0,0.24,0.01
"void at::vectorized_elementwise_kernel<4, at::BinaryFunctor<c10::Half, c10::Half, c10::Half, binary_internal::MulFunctor<float>>, std::array<char *, 3>>(int, T2, T3)",14464.0,0.0,2720.0,0.26,0.03
ampere_fp16_s16816gemm_fp16_64x64_ldg8_f2f_stages_64x6_tn,23086976.0,559744.0,18944.0,61.31,25.29
"void at::vectorized_elementwise_kernel<4, at::<unnamed>::silu_kernel(at::TensorIteratorBase &)::[lambda() (instance 1)]::operator ()() const::[lambda() (instance 5)]::operator ()() const::[lambda(c10::Half) (instance 1)], std::array<char *, 2>>(int, T2, T3)",24832.0,0.0,3584.0,0.34,0.23
ampere_fp16_s16816gemm_fp16_64x64_ldg8_f2f_stages_64x6_tn,23086336.0,248064.0,18848.0,60.86,25.44
"void at::vectorized_elementwise_kernel<4, at::BinaryFunctor<c10::Half, c10::Half, c10::Half, binary_internal::MulFunctor<float>>, std::array<char *, 3>>(int, T2, T3)",28800.0,0.0,2944.0,0.49,0.1
"std::enable_if<!T7, void>::type internal::kernel<int, int, __half, __half, __half, float, 0, 1, 1, 0, 7, 0, cublasGemvParamsEx<int, cublasGemvTensorStridedBatched<const __half>, cublasGemvTensorStridedBatched<const __half>, cublasGemvTensorStridedBatched<__half>, float>>(T13)",23100288.0,794624.0,25760.0,45.58,19.62
"void at::vectorized_elementwise_kernel<4, at::CUDAFunctor_add<c10::Half>, std::array<char *, 3>>(int, T2, T3)",14464.0,0.0,2976.0,0.24,0.03
"void at::unrolled_elementwise_kernel<at::direct_copy_kernel_cuda(at::TensorIteratorBase &)::[lambda() (instance 3)]::operator ()() const::[lambda() (instance 7)]::operator ()() const::[lambda(float) (instance 1)], std::array<char *, 2>, 4, TrivialOffsetCalculator<1, unsigned int>, TrivialOffsetCalculator<1, unsigned int>, memory::LoadWithCast<1>, memory::StoreWithCast<1>>(int, T1, T2, T4, T5, T6, T7)",36224.0,0.0,5536.0,0.32,0.1
"void at::vectorized_elementwise_kernel<4, void at::<unnamed>::pow_tensor_scalar_kernel_impl<float, float>(at::TensorIteratorBase &, T2)::[lambda(float) (instance 1)], std::array<char *, 2>>(int, T2, T3)",12928.0,0.0,2688.0,0.24,0.02
"void at::reduce_kernel<512, 1, at::ReduceOp<float, at::MeanOps<float, float, float, float>, unsigned int, float, 4, 4>>(T3)",59392.0,0.0,5408.0,0.54,0.1
"void at::vectorized_elementwise_kernel<4, at::CUDAFunctorOnSelf_add<float>, std::array<char *, 2>>(int, T2, T3)",4736.0,0.0,2784.0,0.09,0.02
"void at::vectorized_elementwise_kernel<4, at::rsqrt_kernel_cuda(at::TensorIteratorBase &)::[lambda() (instance 2)]::operator ()() const::[lambda() (instance 2)]::operator ()() const::[lambda(float) (instance 1)], std::array<char *, 2>>(int, T2, T3)",6272.0,0.0,2880.0,0.11,0.04
"void at::elementwise_kernel<128, 2, void at::gpu_kernel_impl_nocast<at::BinaryFunctor<float, float, float, binary_internal::MulFunctor<float>>>(at::TensorIteratorBase &, const T1 &)::[lambda(int) (instance 1)]>(int, T3)",19200.0,0.0,4000.0,0.24,0.11
"void at::vectorized_elementwise_kernel<4, at::float16_copy_kernel_cuda(at::TensorIteratorBase &)::[lambda(float) (instance 1)], std::array<char *, 2>>(int, T2, T3)",13184.0,0.0,2720.0,0.24,0.01
"void at::vectorized_elementwise_kernel<4, at::BinaryFunctor<c10::Half, c10::Half, c10::Half, binary_internal::MulFunctor<float>>, std::array<char *, 3>>(int, T2, T3)",14464.0,0.0,2880.0,0.25,0.03
ampere_fp16_s16816gemm_fp16_128x64_ldg8_f2f_stages_32x6_tn,131151488.0,2394624.0,87616.0,74.77,30.84
