kernel,dram__bytes_read.sum,dram__bytes_write.sum,gpu__time_duration.sum,dram__throughput.avg.pct_of_peak_sustained_elapsed,sm__throughput.avg.pct_of_peak_sustained_elapsed
"void at::<unnamed>::CatArrayBatchedCopy<at::<unnamed>::OpaqueType<2>, unsigned int, 4, 64, 64>(T1 *, at::<unnamed>::CatArrInputTensorMetadata<T1, T2, T4, T5>, at::<unnamed>::TensorSizeStride<T2, 4>, int, T2)",16784512.0,5684096.0,70240.0,15.7,54.73
"void at::<unnamed>::CatArrayBatchedCopy<at::<unnamed>::OpaqueType<2>, unsigned int, 4, 64, 64>(T1 *, at::<unnamed>::CatArrInputTensorMetadata<T1, T2, T4, T5>, at::<unnamed>::TensorSizeStride<T2, 4>, int, T2)",16785280.0,22137344.0,73056.0,26.14,52.59
"void at::<unnamed>::CatArrayBatchedCopy<at::<unnamed>::OpaqueType<2>, unsigned int, 4, 64, 64>(T1 *, at::<unnamed>::CatArrInputTensorMetadata<T1, T2, T4, T5>, at::<unnamed>::TensorSizeStride<T2, 4>, int, T2)",16785408.0,22345856.0,72992.0,26.31,52.64
"void at::<unnamed>::CatArrayBatchedCopy<at::<unnamed>::OpaqueType<2>, unsigned int, 4, 64, 64>(T1 *, at::<unnamed>::CatArrInputTensorMetadata<T1, T2, T4, T5>, at::<unnamed>::TensorSizeStride<T2, 4>, int, T2)",16785152.0,22283136.0,73344.0,26.13,52.36
"void at::<unnamed>::CatArrayBatchedCopy<at::<unnamed>::OpaqueType<2>, unsigned int, 4, 64, 64>(T1 *, at::<unnamed>::CatArrInputTensorMetadata<T1, T2, T4, T5>, at::<unnamed>::TensorSizeStride<T2, 4>, int, T2)",16785280.0,22189184.0,74080.0,25.81,51.85
"void at::<unnamed>::CatArrayBatchedCopy<at::<unnamed>::OpaqueType<2>, unsigned int, 4, 64, 64>(T1 *, at::<unnamed>::CatArrInputTensorMetadata<T1, T2, T4, T5>, at::<unnamed>::TensorSizeStride<T2, 4>, int, T2)",16784896.0,22062080.0,73664.0,25.87,52.16
"void at::<unnamed>::CatArrayBatchedCopy<at::<unnamed>::OpaqueType<2>, unsigned int, 4, 64, 64>(T1 *, at::<unnamed>::CatArrInputTensorMetadata<T1, T2, T4, T5>, at::<unnamed>::TensorSizeStride<T2, 4>, int, T2)",16785280.0,22281984.0,73248.0,26.17,52.47
"void at::<unnamed>::CatArrayBatchedCopy<at::<unnamed>::OpaqueType<2>, unsigned int, 4, 64, 64>(T1 *, at::<unnamed>::CatArrInputTensorMetadata<T1, T2, T4, T5>, at::<unnamed>::TensorSizeStride<T2, 4>, int, T2)",16785280.0,22171904.0,73760.0,25.92,52.37
"void at::<unnamed>::CatArrayBatchedCopy<at::<unnamed>::OpaqueType<2>, unsigned int, 4, 64, 64>(T1 *, at::<unnamed>::CatArrInputTensorMetadata<T1, T2, T4, T5>, at::<unnamed>::TensorSizeStride<T2, 4>, int, T2)",16785408.0,22189184.0,73792.0,25.92,52.37
"void at::<unnamed>::CatArrayBatchedCopy<at::<unnamed>::OpaqueType<2>, unsigned int, 4, 64, 64>(T1 *, at::<unnamed>::CatArrInputTensorMetadata<T1, T2, T4, T5>, at::<unnamed>::TensorSizeStride<T2, 4>, int, T2)",16785024.0,22144384.0,73888.0,25.85,52.01
"void at::<unnamed>::CatArrayBatchedCopy<at::<unnamed>::OpaqueType<2>, unsigned int, 4, 64, 64>(T1 *, at::<unnamed>::CatArrInputTensorMetadata<T1, T2, T4, T5>, at::<unnamed>::TensorSizeStride<T2, 4>, int, T2)",16785152.0,22206080.0,73696.0,25.97,52.15
"void at::<unnamed>::CatArrayBatchedCopy<at::<unnamed>::OpaqueType<2>, unsigned int, 4, 64, 64>(T1 *, at::<unnamed>::CatArrInputTensorMetadata<T1, T2, T4, T5>, at::<unnamed>::TensorSizeStride<T2, 4>, int, T2)",16786688.0,22187264.0,73280.0,26.11,52.46
"void at::<unnamed>::CatArrayBatchedCopy<at::<unnamed>::OpaqueType<2>, unsigned int, 4, 64, 64>(T1 *, at::<unnamed>::CatArrInputTensorMetadata<T1, T2, T4, T5>, at::<unnamed>::TensorSizeStride<T2, 4>, int, T2)",16786048.0,22337920.0,72800.0,26.38,52.8
"void at::<unnamed>::CatArrayBatchedCopy<at::<unnamed>::OpaqueType<2>, unsigned int, 4, 64, 64>(T1 *, at::<unnamed>::CatArrInputTensorMetadata<T1, T2, T4, T5>, at::<unnamed>::TensorSizeStride<T2, 4>, int, T2)",16784896.0,22207488.0,73280.0,26.12,52.45
"void at::<unnamed>::CatArrayBatchedCopy<at::<unnamed>::OpaqueType<2>, unsigned int, 4, 64, 64>(T1 *, at::<unnamed>::CatArrInputTensorMetadata<T1, T2, T4, T5>, at::<unnamed>::TensorSizeStride<T2, 4>, int, T2)",16784896.0,22212864.0,73088.0,26.2,52.6
"void at::<unnamed>::CatArrayBatchedCopy<at::<unnamed>::OpaqueType<2>, unsigned int, 4, 64, 64>(T1 *, at::<unnamed>::CatArrInputTensorMetadata<T1, T2, T4, T5>, at::<unnamed>::TensorSizeStride<T2, 4>, int, T2)",16785280.0,22116096.0,73824.0,25.85,52.03
"void at::<unnamed>::CatArrayBatchedCopy<at::<unnamed>::OpaqueType<2>, unsigned int, 4, 64, 64>(T1 *, at::<unnamed>::CatArrInputTensorMetadata<T1, T2, T4, T5>, at::<unnamed>::TensorSizeStride<T2, 4>, int, T2)",16784896.0,22234880.0,73440.0,26.08,52.33
"void at::<unnamed>::CatArrayBatchedCopy<at::<unnamed>::OpaqueType<2>, unsigned int, 4, 64, 64>(T1 *, at::<unnamed>::CatArrInputTensorMetadata<T1, T2, T4, T5>, at::<unnamed>::TensorSizeStride<T2, 4>, int, T2)",16785408.0,22213376.0,73856.0,25.9,52.04
"void at::<unnamed>::CatArrayBatchedCopy<at::<unnamed>::OpaqueType<2>, unsigned int, 4, 64, 64>(T1 *, at::<unnamed>::CatArrInputTensorMetadata<T1, T2, T4, T5>, at::<unnamed>::TensorSizeStride<T2, 4>, int, T2)",16785024.0,22176384.0,72992.0,26.19,52.65
"void at::<unnamed>::CatArrayBatchedCopy<at::<unnamed>::OpaqueType<2>, unsigned int, 4, 64, 64>(T1 *, at::<unnamed>::CatArrInputTensorMetadata<T1, T2, T4, T5>, at::<unnamed>::TensorSizeStride<T2, 4>, int, T2)",16785024.0,22138368.0,72896.0,26.2,52.72
"void at::<unnamed>::CatArrayBatchedCopy<at::<unnamed>::OpaqueType<2>, unsigned int, 4, 64, 64>(T1 *, at::<unnamed>::CatArrInputTensorMetadata<T1, T2, T4, T5>, at::<unnamed>::TensorSizeStride<T2, 4>, int, T2)",16785408.0,22167552.0,74400.0,25.69,51.66
"void at::<unnamed>::CatArrayBatchedCopy<at::<unnamed>::OpaqueType<2>, unsigned int, 4, 64, 64>(T1 *, at::<unnamed>::CatArrInputTensorMetadata<T1, T2, T4, T5>, at::<unnamed>::TensorSizeStride<T2, 4>, int, T2)",16785024.0,22212736.0,74464.0,25.7,51.6
"void at::<unnamed>::CatArrayBatchedCopy<at::<unnamed>::OpaqueType<2>, unsigned int, 4, 64, 64>(T1 *, at::<unnamed>::CatArrInputTensorMetadata<T1, T2, T4, T5>, at::<unnamed>::TensorSizeStride<T2, 4>, int, T2)",16784896.0,22394112.0,72896.0,26.37,52.71
"void at::<unnamed>::CatArrayBatchedCopy<at::<unnamed>::OpaqueType<2>, unsigned int, 4, 64, 64>(T1 *, at::<unnamed>::CatArrInputTensorMetadata<T1, T2, T4, T5>, at::<unnamed>::TensorSizeStride<T2, 4>, int, T2)",16785280.0,22284672.0,73888.0,25.95,51.98
"void at::<unnamed>::CatArrayBatchedCopy<at::<unnamed>::OpaqueType<2>, unsigned int, 4, 64, 64>(T1 *, at::<unnamed>::CatArrInputTensorMetadata<T1, T2, T4, T5>, at::<unnamed>::TensorSizeStride<T2, 4>, int, T2)",16785024.0,22340480.0,73504.0,26.12,52.27
"void at::<unnamed>::CatArrayBatchedCopy<at::<unnamed>::OpaqueType<2>, unsigned int, 4, 64, 64>(T1 *, at::<unnamed>::CatArrInputTensorMetadata<T1, T2, T4, T5>, at::<unnamed>::TensorSizeStride<T2, 4>, int, T2)",16785152.0,22134272.0,73664.0,25.93,52.19
"void at::<unnamed>::CatArrayBatchedCopy<at::<unnamed>::OpaqueType<2>, unsigned int, 4, 64, 64>(T1 *, at::<unnamed>::CatArrInputTensorMetadata<T1, T2, T4, T5>, at::<unnamed>::TensorSizeStride<T2, 4>, int, T2)",16785280.0,22241280.0,74336.0,25.77,51.7
"void at::<unnamed>::CatArrayBatchedCopy<at::<unnamed>::OpaqueType<2>, unsigned int, 4, 64, 64>(T1 *, at::<unnamed>::CatArrInputTensorMetadata<T1, T2, T4, T5>, at::<unnamed>::TensorSizeStride<T2, 4>, int, T2)",16785280.0,22304896.0,74144.0,25.88,51.83
"void at::<unnamed>::CatArrayBatchedCopy<at::<unnamed>::OpaqueType<2>, unsigned int, 4, 64, 64>(T1 *, at::<unnamed>::CatArrInputTensorMetadata<T1, T2, T4, T5>, at::<unnamed>::TensorSizeStride<T2, 4>, int, T2)",16792704.0,22286592.0,74432.0,25.76,51.91
"void at::<unnamed>::CatArrayBatchedCopy<at::<unnamed>::OpaqueType<2>, unsigned int, 4, 64, 64>(T1 *, at::<unnamed>::CatArrInputTensorMetadata<T1, T2, T4, T5>, at::<unnamed>::TensorSizeStride<T2, 4>, int, T2)",16785024.0,22311808.0,73632.0,26.06,52.14
"void at::<unnamed>::CatArrayBatchedCopy<at::<unnamed>::OpaqueType<2>, unsigned int, 4, 64, 64>(T1 *, at::<unnamed>::CatArrInputTensorMetadata<T1, T2, T4, T5>, at::<unnamed>::TensorSizeStride<T2, 4>, int, T2)",16785536.0,22089984.0,73568.0,25.92,52.19
"void at::<unnamed>::CatArrayBatchedCopy<at::<unnamed>::OpaqueType<2>, unsigned int, 4, 64, 64>(T1 *, at::<unnamed>::CatArrInputTensorMetadata<T1, T2, T4, T5>, at::<unnamed>::TensorSizeStride<T2, 4>, int, T2)",16785280.0,22273536.0,73664.0,26.01,52.46
"void at::<unnamed>::CatArrayBatchedCopy<at::<unnamed>::OpaqueType<2>, unsigned int, 4, 64, 64>(T1 *, at::<unnamed>::CatArrInputTensorMetadata<T1, T2, T4, T5>, at::<unnamed>::TensorSizeStride<T2, 4>, int, T2)",16784896.0,22166400.0,73216.0,26.11,52.79
"void at::<unnamed>::CatArrayBatchedCopy<at::<unnamed>::OpaqueType<2>, unsigned int, 4, 64, 64>(T1 *, at::<unnamed>::CatArrInputTensorMetadata<T1, T2, T4, T5>, at::<unnamed>::TensorSizeStride<T2, 4>, int, T2)",16785408.0,22379008.0,73952.0,25.99,52.25
"void at::<unnamed>::CatArrayBatchedCopy<at::<unnamed>::OpaqueType<2>, unsigned int, 4, 64, 64>(T1 *, at::<unnamed>::CatArrInputTensorMetadata<T1, T2, T4, T5>, at::<unnamed>::TensorSizeStride<T2, 4>, int, T2)",16784512.0,22358016.0,73792.0,26.03,52.36
"void at::<unnamed>::CatArrayBatchedCopy<at::<unnamed>::OpaqueType<2>, unsigned int, 4, 64, 64>(T1 *, at::<unnamed>::CatArrInputTensorMetadata<T1, T2, T4, T5>, at::<unnamed>::TensorSizeStride<T2, 4>, int, T2)",16784896.0,22081664.0,72704.0,26.23,52.85
"void at::<unnamed>::CatArrayBatchedCopy<at::<unnamed>::OpaqueType<2>, unsigned int, 4, 64, 64>(T1 *, at::<unnamed>::CatArrInputTensorMetadata<T1, T2, T4, T5>, at::<unnamed>::TensorSizeStride<T2, 4>, int, T2)",16785024.0,22111616.0,73504.0,25.96,52.27
"void at::<unnamed>::CatArrayBatchedCopy<at::<unnamed>::OpaqueType<2>, unsigned int, 4, 64, 64>(T1 *, at::<unnamed>::CatArrInputTensorMetadata<T1, T2, T4, T5>, at::<unnamed>::TensorSizeStride<T2, 4>, int, T2)",16785152.0,22259456.0,73952.0,25.91,52.24
"void at::<unnamed>::CatArrayBatchedCopy<at::<unnamed>::OpaqueType<2>, unsigned int, 4, 64, 64>(T1 *, at::<unnamed>::CatArrInputTensorMetadata<T1, T2, T4, T5>, at::<unnamed>::TensorSizeStride<T2, 4>, int, T2)",16785536.0,22284928.0,73696.0,26.02,52.13
"void at::<unnamed>::CatArrayBatchedCopy<at::<unnamed>::OpaqueType<2>, unsigned int, 4, 64, 64>(T1 *, at::<unnamed>::CatArrInputTensorMetadata<T1, T2, T4, T5>, at::<unnamed>::TensorSizeStride<T2, 4>, int, T2)",16785024.0,22303232.0,73696.0,26.02,52.43
"void at::<unnamed>::CatArrayBatchedCopy<at::<unnamed>::OpaqueType<2>, unsigned int, 4, 64, 64>(T1 *, at::<unnamed>::CatArrInputTensorMetadata<T1, T2, T4, T5>, at::<unnamed>::TensorSizeStride<T2, 4>, int, T2)",16785152.0,22128512.0,73696.0,25.92,52.44
"void at::<unnamed>::CatArrayBatchedCopy<at::<unnamed>::OpaqueType<2>, unsigned int, 4, 64, 64>(T1 *, at::<unnamed>::CatArrInputTensorMetadata<T1, T2, T4, T5>, at::<unnamed>::TensorSizeStride<T2, 4>, int, T2)",16785152.0,22297088.0,73120.0,26.22,52.5
"void at::<unnamed>::CatArrayBatchedCopy<at::<unnamed>::OpaqueType<2>, unsigned int, 4, 64, 64>(T1 *, at::<unnamed>::CatArrInputTensorMetadata<T1, T2, T4, T5>, at::<unnamed>::TensorSizeStride<T2, 4>, int, T2)",16785024.0,22086144.0,73632.0,25.9,52.17
"void at::<unnamed>::CatArrayBatchedCopy<at::<unnamed>::OpaqueType<2>, unsigned int, 4, 64, 64>(T1 *, at::<unnamed>::CatArrInputTensorMetadata<T1, T2, T4, T5>, at::<unnamed>::TensorSizeStride<T2, 4>, int, T2)",16785280.0,22278656.0,73696.0,26.0,52.13
"void at::vectorized_gather_kernel<16, long>(char *, char *, T2 *, int, long, long, long, long, bool)",7808.0,99584.0,3296.0,1.64,0.77
"void at::unrolled_elementwise_kernel<at::direct_copy_kernel_cuda(at::TensorIteratorBase &)::[lambda() (instance 3)]::operator ()() const::[lambda() (instance 11)]::operator ()() const::[lambda(bool) (instance 1)], std::array<char *, 2>, 4, TrivialOffsetCalculator<1, unsigned int>, TrivialOffsetCalculator<1, unsigned int>, memory::LoadWithCast<1>, memory::StoreWithCast<1>>(int, T1, T2, T4, T5, T6, T7)",296320.0,0.0,6080.0,2.4,1.53
"void at::unrolled_elementwise_kernel<at::direct_copy_kernel_cuda(at::TensorIteratorBase &)::[lambda() (instance 3)]::operator ()() const::[lambda() (instance 4)]::operator ()() const::[lambda(long) (instance 1)], std::array<char *, 2>, 4, TrivialOffsetCalculator<1, unsigned int>, TrivialOffsetCalculator<1, unsigned int>, memory::LoadWithCast<1>, memory::StoreWithCast<1>>(int, T1, T2, T4, T5, T6, T7)",65920.0,150784.0,6144.0,1.74,1.52
"void at::reduce_kernel<512, 1, at::ReduceOp<long, at::func_wrapper_t<long, at::sum_functor<long, long, long>::operator ()(at::TensorIterator &)::[lambda(long, long) (instance 1)]>, unsigned int, long, 4, 4>>(T3)",314240.0,0.0,13952.0,1.11,0.09
"void at::vectorized_elementwise_kernel<4, at::AUnaryFunctor<long, long, bool, at::<unnamed>::CompareEqFunctor<long>>, std::array<char *, 2>>(int, T2, T3)",6528.0,0.0,3456.0,0.09,0.02
"void at::unrolled_elementwise_kernel<at::direct_copy_kernel_cuda(at::TensorIteratorBase &)::[lambda() (instance 3)]::operator ()() const::[lambda() (instance 7)]::operator ()() const::[lambda(float) (instance 1)], std::array<char *, 2>, 4, TrivialOffsetCalculator<1, unsigned int>, TrivialOffsetCalculator<1, unsigned int>, memory::LoadWithCast<1>, memory::StoreWithCast<1>>(int, T1, T2, T4, T5, T6, T7)",32384.0,768.0,3424.0,0.48,0.01
"void gemmk1_kernel<int, float, 256, 5, 1, 0, 0, 0, cublasGemvTensorStridedBatched<const float>, cublasGemvTensorStridedBatched<const float>, cublasGemvTensorStridedBatched<float>, float, 0>(cublasGemmk1Params<T2, T9, T10, T11, T12, biasType<T11::value_type, T12>::type>)",6144.0,5504.0,2976.0,0.2,0.96
"void at::<unnamed>::CatArrayBatchedCopy_vectorized<at::<unnamed>::OpaqueType<4>, unsigned int, 3, 128, 1, 16, 4>(char *, at::<unnamed>::CatArrInputTensorMetadata<T1, T2, T4, T5>, at::<unnamed>::TensorSizeStride<T2, 4>, int, T2)",8192.0,15360.0,3840.0,0.3,0.06
"void at::vectorized_elementwise_kernel<4, at::cos_kernel_cuda(at::TensorIteratorBase &)::[lambda() (instance 2)]::operator ()() const::[lambda() (instance 2)]::operator ()() const::[lambda(float) (instance 1)], std::array<char *, 2>>(int, T2, T3)",48512.0,17280.0,4320.0,0.75,0.07
"void at::vectorized_elementwise_kernel<4, at::AUnaryFunctor<float, float, float, binary_internal::MulFunctor<float>>, std::array<char *, 2>>(int, T2, T3)",12928.0,0.0,2752.0,0.23,0.02
"void at::vectorized_elementwise_kernel<4, at::sin_kernel_cuda(at::TensorIteratorBase &)::[lambda() (instance 2)]::operator ()() const::[lambda() (instance 2)]::operator ()() const::[lambda(float) (instance 1)], std::array<char *, 2>>(int, T2, T3)",47744.0,16000.0,4032.0,0.78,0.07
"void at::vectorized_elementwise_kernel<4, at::AUnaryFunctor<float, float, float, binary_internal::MulFunctor<float>>, std::array<char *, 2>>(int, T2, T3)",12928.0,15872.0,2720.0,0.53,0.02
"void at::vectorized_elementwise_kernel<4, at::float16_copy_kernel_cuda(at::TensorIteratorBase &)::[lambda(float) (instance 1)], std::array<char *, 2>>(int, T2, T3)",13184.0,10240.0,2816.0,0.42,0.01
"void at::vectorized_elementwise_kernel<4, at::float16_copy_kernel_cuda(at::TensorIteratorBase &)::[lambda(float) (instance 1)], std::array<char *, 2>>(int, T2, T3)",13312.0,11392.0,2720.0,0.45,0.01
"void at::unrolled_elementwise_kernel<at::direct_copy_kernel_cuda(at::TensorIteratorBase &)::[lambda() (instance 3)]::operator ()() const::[lambda() (instance 7)]::operator ()() const::[lambda(float) (instance 1)], std::array<char *, 2>, 4, TrivialOffsetCalculator<1, unsigned int>, TrivialOffsetCalculator<1, unsigned int>, memory::LoadWithCast<1>, memory::StoreWithCast<1>>(int, T1, T2, T4, T5, T6, T7)",163200.0,231040.0,6176.0,3.15,2.76
"void at::vectorized_elementwise_kernel<4, void at::<unnamed>::pow_tensor_scalar_kernel_impl<float, float>(at::TensorIteratorBase &, T2)::[lambda(float) (instance 1)], std::array<char *, 2>>(int, T2, T3)",266880.0,0.0,3008.0,4.4,0.45
"void at::reduce_kernel<512, 1, at::ReduceOp<float, at::MeanOps<float, float, float, float>, unsigned int, float, 4, 4>>(T3)",313216.0,0.0,13184.0,1.17,0.14
"void at::vectorized_elementwise_kernel<4, at::CUDAFunctorOnSelf_add<float>, std::array<char *, 2>>(int, T2, T3)",4864.0,0.0,3168.0,0.08,0.02
"void at::vectorized_elementwise_kernel<4, at::rsqrt_kernel_cuda(at::TensorIteratorBase &)::[lambda() (instance 2)]::operator ()() const::[lambda() (instance 2)]::operator ()() const::[lambda(float) (instance 1)], std::array<char *, 2>>(int, T2, T3)",6400.0,0.0,3136.0,0.1,0.03
"void at::elementwise_kernel<128, 2, void at::gpu_kernel_impl_nocast<at::BinaryFunctor<float, float, float, binary_internal::MulFunctor<float>>>(at::TensorIteratorBase &, const T1 &)::[lambda(int) (instance 1)]>(int, T3)",273280.0,171776.0,4608.0,4.77,3.74
"void at::vectorized_elementwise_kernel<4, at::float16_copy_kernel_cuda(at::TensorIteratorBase &)::[lambda(float) (instance 1)], std::array<char *, 2>>(int, T2, T3)",267136.0,107648.0,2944.0,6.32,0.42
"void at::elementwise_kernel<128, 4, void at::gpu_kernel_impl_nocast<at::BinaryFunctor<c10::Half, c10::Half, c10::Half, binary_internal::MulFunctor<float>>>(at::TensorIteratorBase &, const T1 &)::[lambda(int) (instance 1)]>(int, T3)",154880.0,127744.0,5696.0,2.46,2.9
ampere_fp16_s16816gemm_fp16_128x64_ldg8_f2f_stages_32x6_tn,8534528.0,901376.0,11456.0,40.56,15.18
"void cublasLt::splitKreduce_kernel<32, 16, int, __half, __half, float, __half, 0, __half, __half, __half, 1, 0, 0>(cublasLt::cublasSplitKParams<T6>, const T4 *, const T10 *, T9 *, T5 *, const T6 *, const T6 *, const T11 *, const T4 *, T11 *, void *, long, T6 *, int *, T6 *, T6 *, const T6 *, const T6 *, const T6 *, const T6 *, const T6 *)",532736.0,0.0,4000.0,6.52,9.53
void cutlass::Kernel2<cutlass_80_wmma_tensorop_s161616gemm_f16_32x32_128x2_tn_align8>(T1::Params),1193600.0,211328.0,5888.0,11.75,5.11
"void cublasLt::splitKreduce_kernel<32, 16, int, float, __half, float, __half, 0, __half, __half, __half, 1, 0, 0>(cublasLt::cublasSplitKParams<T6>, const T4 *, const T10 *, T9 *, T5 *, const T6 *, const T6 *, const T11 *, const T4 *, T11 *, void *, long, T6 *, int *, T6 *, T6 *, const T6 *, const T6 *, const T6 *, const T6 *, const T6 *)",270464.0,40448.0,3488.0,4.41,1.5
void cutlass::Kernel2<cutlass_80_wmma_tensorop_s161616gemm_f16_32x32_128x2_tn_align8>(T1::Params),1193600.0,312832.0,6112.0,12.2,4.94
"void cublasLt::splitKreduce_kernel<32, 16, int, float, __half, float, __half, 0, __half, __half, __half, 1, 0, 0>(cublasLt::cublasSplitKParams<T6>, const T4 *, const T10 *, T9 *, T5 *, const T6 *, const T6 *, const T11 *, const T4 *, T11 *, void *, long, T6 *, int *, T6 *, T6 *, const T6 *, const T6 *, const T6 *, const T6 *, const T6 *)",270080.0,24064.0,3616.0,4.05,1.45
"void at::elementwise_kernel<128, 4, void at::gpu_kernel_impl_nocast<at::BinaryFunctor<c10::Half, c10::Half, c10::Half, binary_internal::MulFunctor<float>>>(at::TensorIteratorBase &, const T1 &)::[lambda(int) (instance 1)]>(int, T3)",157056.0,126464.0,5888.0,2.38,3.39
"void at::elementwise_kernel<128, 4, void at::gpu_kernel_impl_nocast<at::neg_kernel_cuda(at::TensorIteratorBase &)::[lambda() (instance 2)]::operator ()() const::[lambda() (instance 8)]::operator ()() const::[lambda(c10::Half) (instance 1)]>(at::TensorIteratorBase &, const T1 &)::[lambda(int) (instance 1)]>(int, T3)",83328.0,0.0,5408.0,0.76,1.25
"void at::<unnamed>::CatArrayBatchedCopy<at::<unnamed>::OpaqueType<2>, unsigned int, 4, 64, 64>(T1 *, at::<unnamed>::CatArrInputTensorMetadata<T1, T2, T4, T5>, at::<unnamed>::TensorSizeStride<T2, 4>, int, T2)",138112.0,203520.0,6944.0,2.43,12.49
"void at::elementwise_kernel<128, 4, void at::gpu_kernel_impl_nocast<at::BinaryFunctor<c10::Half, c10::Half, c10::Half, binary_internal::MulFunctor<float>>>(at::TensorIteratorBase &, const T1 &)::[lambda(int) (instance 1)]>(int, T3)",154880.0,77312.0,5632.0,2.04,3.53
"void at::vectorized_elementwise_kernel<4, at::CUDAFunctor_add<c10::Half>, std::array<char *, 3>>(int, T2, T3)",268416.0,49024.0,3072.0,5.18,0.78
"void at::elementwise_kernel<128, 4, void at::gpu_kernel_impl_nocast<at::BinaryFunctor<c10::Half, c10::Half, c10::Half, binary_internal::MulFunctor<float>>>(at::TensorIteratorBase &, const T1 &)::[lambda(int) (instance 1)]>(int, T3)",40192.0,4992.0,5536.0,0.4,0.44
"void at::elementwise_kernel<128, 4, void at::gpu_kernel_impl_nocast<at::neg_kernel_cuda(at::TensorIteratorBase &)::[lambda() (instance 2)]::operator ()() const::[lambda() (instance 8)]::operator ()() const::[lambda(c10::Half) (instance 1)]>(at::TensorIteratorBase &, const T1 &)::[lambda(int) (instance 1)]>(int, T3)",25984.0,19200.0,5120.0,0.44,0.17
"void at::<unnamed>::CatArrayBatchedCopy<at::<unnamed>::OpaqueType<2>, unsigned int, 4, 64, 64>(T1 *, at::<unnamed>::CatArrInputTensorMetadata<T1, T2, T4, T5>, at::<unnamed>::TensorSizeStride<T2, 4>, int, T2)",23296.0,26112.0,6528.0,0.38,4.43
"void at::elementwise_kernel<128, 4, void at::gpu_kernel_impl_nocast<at::BinaryFunctor<c10::Half, c10::Half, c10::Half, binary_internal::MulFunctor<float>>>(at::TensorIteratorBase &, const T1 &)::[lambda(int) (instance 1)]>(int, T3)",40320.0,4352.0,5344.0,0.42,0.46
"void at::vectorized_elementwise_kernel<4, at::CUDAFunctor_add<c10::Half>, std::array<char *, 3>>(int, T2, T3)",39040.0,4736.0,2880.0,0.75,0.1
"void at::<unnamed>::CatArrayBatchedCopy_vectorized<at::<unnamed>::OpaqueType<2>, unsigned int, 3, 128, 1, 16, 8>(char *, at::<unnamed>::CatArrInputTensorMetadata<T1, T2, T4, T5>, at::<unnamed>::TensorSizeStride<T2, 4>, int, T2)",16798976.0,16859776.0,23136.0,71.38,14.22
"void at::<unnamed>::CatArrayBatchedCopy_vectorized<at::<unnamed>::OpaqueType<2>, unsigned int, 3, 128, 1, 16, 8>(char *, at::<unnamed>::CatArrInputTensorMetadata<T1, T2, T4, T5>, at::<unnamed>::TensorSizeStride<T2, 4>, int, T2)",16798720.0,17043328.0,23296.0,71.42,14.14
"void pytorch_flash::flash_fwd_splitkv_kernel<Flash_fwd_kernel_traits<64, 64, 256, 4, 0, 0, cutlass::half_t, Flash_kernel_traits<64, 64, 256, 4, cutlass::half_t>>, 0, 0, 0, 0, 1, 0, 1, 0>(pytorch_flash::Flash_fwd_params)",33798528.0,12752768.0,38240.0,59.79,25.14
"void pytorch_flash::flash_fwd_splitkv_combine_kernel<Flash_fwd_kernel_traits<64, 64, 256, 4, 0, 0, cutlass::half_t, Flash_kernel_traits<64, 64, 256, 4, cutlass::half_t>>, 8, 2, 1>(pytorch_flash::Flash_fwd_params)",821376.0,233344.0,7488.0,6.97,6.96
ampere_fp16_s16816gemm_fp16_128x64_ldg8_f2f_stages_32x6_tn,8534528.0,1108224.0,11296.0,41.8,15.4
"void cublasLt::splitKreduce_kernel<32, 16, int, __half, __half, float, __half, 0, __half, __half, __half, 1, 0, 0>(cublasLt::cublasSplitKParams<T6>, const T4 *, const T10 *, T9 *, T5 *, const T6 *, const T6 *, const T11 *, const T4 *, T11 *, void *, long, T6 *, int *, T6 *, T6 *, const T6 *, const T6 *, const T6 *, const T6 *, const T6 *)",532736.0,208512.0,4032.0,9.21,9.55
"void at::vectorized_elementwise_kernel<4, at::CUDAFunctor_add<c10::Half>, std::array<char *, 3>>(int, T2, T3)",268416.0,169856.0,3136.0,6.91,0.76
"void at::unrolled_elementwise_kernel<at::direct_copy_kernel_cuda(at::TensorIteratorBase &)::[lambda() (instance 3)]::operator ()() const::[lambda() (instance 7)]::operator ()() const::[lambda(float) (instance 1)], std::array<char *, 2>, 4, TrivialOffsetCalculator<1, unsigned int>, TrivialOffsetCalculator<1, unsigned int>, memory::LoadWithCast<1>, memory::StoreWithCast<1>>(int, T1, T2, T4, T5, T6, T7)",163200.0,151424.0,6112.0,2.53,2.79
"void at::vectorized_elementwise_kernel<4, void at::<unnamed>::pow_tensor_scalar_kernel_impl<float, float>(at::TensorIteratorBase &, T2)::[lambda(float) (instance 1)], std::array<char *, 2>>(int, T2, T3)",266880.0,127744.0,3104.0,6.32,0.44
"void at::reduce_kernel<512, 1, at::ReduceOp<float, at::MeanOps<float, float, float, float>, unsigned int, float, 4, 4>>(T3)",313344.0,2688.0,13216.0,1.18,0.14
"void at::vectorized_elementwise_kernel<4, at::CUDAFunctorOnSelf_add<float>, std::array<char *, 2>>(int, T2, T3)",4864.0,896.0,3744.0,0.08,0.02
"void at::vectorized_elementwise_kernel<4, at::rsqrt_kernel_cuda(at::TensorIteratorBase &)::[lambda() (instance 2)]::operator ()() const::[lambda() (instance 2)]::operator ()() const::[lambda(float) (instance 1)], std::array<char *, 2>>(int, T2, T3)",6528.0,2048.0,3040.0,0.14,0.03
"void at::elementwise_kernel<128, 2, void at::gpu_kernel_impl_nocast<at::BinaryFunctor<float, float, float, binary_internal::MulFunctor<float>>>(at::TensorIteratorBase &, const T1 &)::[lambda(int) (instance 1)]>(int, T3)",273280.0,118144.0,4736.0,4.09,3.64
"void at::vectorized_elementwise_kernel<4, at::float16_copy_kernel_cuda(at::TensorIteratorBase &)::[lambda(float) (instance 1)], std::array<char *, 2>>(int, T2, T3)",267264.0,53632.0,2944.0,5.38,0.42
"void at::elementwise_kernel<128, 4, void at::gpu_kernel_impl_nocast<at::BinaryFunctor<c10::Half, c10::Half, c10::Half, binary_internal::MulFunctor<float>>>(at::TensorIteratorBase &, const T1 &)::[lambda(int) (instance 1)]>(int, T3)",154880.0,66432.0,5696.0,1.91,2.87
ampere_fp16_s16816gemm_fp16_64x64_sliced1x2_ldg8_f2f_stages_64x5_tn,23214848.0,7166336.0,23200.0,64.34,20.58
"void at::vectorized_elementwise_kernel<4, at::<unnamed>::silu_kernel(at::TensorIteratorBase &)::[lambda() (instance 1)]::operator ()() const::[lambda() (instance 5)]::operator ()() const::[lambda(c10::Half) (instance 1)], std::array<char *, 2>>(int, T2, T3)",373632.0,200832.0,3712.0,7.56,6.18
ampere_fp16_s16816gemm_fp16_64x64_sliced1x2_ldg8_f2f_stages_64x5_tn,23215360.0,7144576.0,23648.0,63.11,20.21
"void at::vectorized_elementwise_kernel<4, at::BinaryFunctor<c10::Half, c10::Half, c10::Half, binary_internal::MulFunctor<float>>, std::array<char *, 3>>(int, T2, T3)",727168.0,236160.0,3456.0,13.77,1.89
ampere_fp16_s16816gemm_fp16_128x64_ldg8_f2f_stages_32x6_tn,23445120.0,9014784.0,24768.0,64.36,19.27
"void cublasLt::splitKreduce_kernel<32, 16, int, __half, __half, float, __half, 0, __half, __half, __half, 1, 0, 0>(cublasLt::cublasSplitKParams<T6>, const T4 *, const T10 *, T9 *, T5 *, const T6 *, const T6 *, const T11 *, const T4 *, T11 *, void *, long, T6 *, int *, T6 *, T6 *, const T6 *, const T6 *, const T6 *, const T6 *, const T6 *)",794880.0,327040.0,5536.0,10.07,8.13
"void at::vectorized_elementwise_kernel<4, at::CUDAFunctor_add<c10::Half>, std::array<char *, 3>>(int, T2, T3)",268416.0,103936.0,3264.0,5.7,0.73
"void at::unrolled_elementwise_kernel<at::direct_copy_kernel_cuda(at::TensorIteratorBase &)::[lambda() (instance 3)]::operator ()() const::[lambda() (instance 7)]::operator ()() const::[lambda(float) (instance 1)], std::array<char *, 2>, 4, TrivialOffsetCalculator<1, unsigned int>, TrivialOffsetCalculator<1, unsigned int>, memory::LoadWithCast<1>, memory::StoreWithCast<1>>(int, T1, T2, T4, T5, T6, T7)",163200.0,165248.0,6080.0,2.67,2.81
"void at::vectorized_elementwise_kernel<4, void at::<unnamed>::pow_tensor_scalar_kernel_impl<float, float>(at::TensorIteratorBase &, T2)::[lambda(float) (instance 1)], std::array<char *, 2>>(int, T2, T3)",266880.0,176896.0,3104.0,7.11,0.44
"void at::reduce_kernel<512, 1, at::ReduceOp<float, at::MeanOps<float, float, float, float>, unsigned int, float, 4, 4>>(T3)",313216.0,2304.0,13376.0,1.16,0.14
"void at::vectorized_elementwise_kernel<4, at::CUDAFunctorOnSelf_add<float>, std::array<char *, 2>>(int, T2, T3)",4864.0,896.0,2816.0,0.1,0.02
"void at::vectorized_elementwise_kernel<4, at::rsqrt_kernel_cuda(at::TensorIteratorBase &)::[lambda() (instance 2)]::operator ()() const::[lambda() (instance 2)]::operator ()() const::[lambda(float) (instance 1)], std::array<char *, 2>>(int, T2, T3)",6400.0,512.0,3072.0,0.11,0.03
"void at::elementwise_kernel<128, 2, void at::gpu_kernel_impl_nocast<at::BinaryFunctor<float, float, float, binary_internal::MulFunctor<float>>>(at::TensorIteratorBase &, const T1 &)::[lambda(int) (instance 1)]>(int, T3)",273280.0,184064.0,4608.0,4.9,3.73
"void at::vectorized_elementwise_kernel<4, at::float16_copy_kernel_cuda(at::TensorIteratorBase &)::[lambda(float) (instance 1)], std::array<char *, 2>>(int, T2, T3)",267136.0,109952.0,2976.0,6.24,0.42
"void at::elementwise_kernel<128, 4, void at::gpu_kernel_impl_nocast<at::BinaryFunctor<c10::Half, c10::Half, c10::Half, binary_internal::MulFunctor<float>>>(at::TensorIteratorBase &, const T1 &)::[lambda(int) (instance 1)]>(int, T3)",154880.0,127872.0,5760.0,2.41,2.84
ampere_fp16_s16816gemm_fp16_128x64_ldg8_f2f_stages_32x6_tn,8534400.0,979584.0,11616.0,40.33,15.02
"void cublasLt::splitKreduce_kernel<32, 16, int, __half, __half, float, __half, 0, __half, __half, __half, 1, 0, 0>(cublasLt::cublasSplitKParams<T6>, const T4 *, const T10 *, T9 *, T5 *, const T6 *, const T6 *, const T11 *, const T4 *, T11 *, void *, long, T6 *, int *, T6 *, T6 *, const T6 *, const T6 *, const T6 *, const T6 *, const T6 *)",532736.0,285696.0,4128.0,9.84,9.3
void cutlass::Kernel2<cutlass_80_wmma_tensorop_s161616gemm_f16_32x32_128x2_tn_align8>(T1::Params),1193472.0,258816.0,6112.0,11.68,4.93
"void cublasLt::splitKreduce_kernel<32, 16, int, float, __half, float, __half, 0, __half, __half, __half, 1, 0, 0>(cublasLt::cublasSplitKParams<T6>, const T4 *, const T10 *, T9 *, T5 *, const T6 *, const T6 *, const T11 *, const T4 *, T11 *, void *, long, T6 *, int *, T6 *, T6 *, const T6 *, const T6 *, const T6 *, const T6 *, const T6 *)",270080.0,27136.0,3616.0,4.05,1.45
void cutlass::Kernel2<cutlass_80_wmma_tensorop_s161616gemm_f16_32x32_128x2_tn_align8>(T1::Params),1193472.0,219264.0,5952.0,11.68,5.07
"void cublasLt::splitKreduce_kernel<32, 16, int, float, __half, float, __half, 0, __half, __half, __half, 1, 0, 0>(cublasLt::cublasSplitKParams<T6>, const T4 *, const T10 *, T9 *, T5 *, const T6 *, const T6 *, const T11 *, const T4 *, T11 *, void *, long, T6 *, int *, T6 *, T6 *, const T6 *, const T6 *, const T6 *, const T6 *, const T6 *)",270080.0,27776.0,3488.0,4.25,1.5
"void at::elementwise_kernel<128, 4, void at::gpu_kernel_impl_nocast<at::BinaryFunctor<c10::Half, c10::Half, c10::Half, binary_internal::MulFunctor<float>>>(at::TensorIteratorBase &, const T1 &)::[lambda(int) (instance 1)]>(int, T3)",155008.0,137984.0,5792.0,2.51,3.43
"void at::elementwise_kernel<128, 4, void at::gpu_kernel_impl_nocast<at::neg_kernel_cuda(at::TensorIteratorBase &)::[lambda() (instance 2)]::operator ()() const::[lambda() (instance 8)]::operator ()() const::[lambda(c10::Half) (instance 1)]>(at::TensorIteratorBase &, const T1 &)::[lambda(int) (instance 1)]>(int, T3)",83328.0,104832.0,5408.0,1.71,1.25
"void at::<unnamed>::CatArrayBatchedCopy<at::<unnamed>::OpaqueType<2>, unsigned int, 4, 64, 64>(T1 *, at::<unnamed>::CatArrInputTensorMetadata<T1, T2, T4, T5>, at::<unnamed>::TensorSizeStride<T2, 4>, int, T2)",137984.0,196352.0,6816.0,2.4,12.65
"void at::elementwise_kernel<128, 4, void at::gpu_kernel_impl_nocast<at::BinaryFunctor<c10::Half, c10::Half, c10::Half, binary_internal::MulFunctor<float>>>(at::TensorIteratorBase &, const T1 &)::[lambda(int) (instance 1)]>(int, T3)",154880.0,67968.0,5664.0,1.94,3.49
"void at::vectorized_elementwise_kernel<4, at::CUDAFunctor_add<c10::Half>, std::array<char *, 3>>(int, T2, T3)",268416.0,64256.0,3232.0,5.09,0.74
"void at::elementwise_kernel<128, 4, void at::gpu_kernel_impl_nocast<at::BinaryFunctor<c10::Half, c10::Half, c10::Half, binary_internal::MulFunctor<float>>>(at::TensorIteratorBase &, const T1 &)::[lambda(int) (instance 1)]>(int, T3)",40192.0,7168.0,5792.0,0.41,0.43
"void at::elementwise_kernel<128, 4, void at::gpu_kernel_impl_nocast<at::neg_kernel_cuda(at::TensorIteratorBase &)::[lambda() (instance 2)]::operator ()() const::[lambda() (instance 8)]::operator ()() const::[lambda(c10::Half) (instance 1)]>(at::TensorIteratorBase &, const T1 &)::[lambda(int) (instance 1)]>(int, T3)",25984.0,22272.0,5280.0,0.45,0.16
"void at::<unnamed>::CatArrayBatchedCopy<at::<unnamed>::OpaqueType<2>, unsigned int, 4, 64, 64>(T1 *, at::<unnamed>::CatArrInputTensorMetadata<T1, T2, T4, T5>, at::<unnamed>::TensorSizeStride<T2, 4>, int, T2)",23424.0,27904.0,6624.0,0.38,4.37
"void at::elementwise_kernel<128, 4, void at::gpu_kernel_impl_nocast<at::BinaryFunctor<c10::Half, c10::Half, c10::Half, binary_internal::MulFunctor<float>>>(at::TensorIteratorBase &, const T1 &)::[lambda(int) (instance 1)]>(int, T3)",40192.0,4224.0,5728.0,0.38,0.43
"void at::vectorized_elementwise_kernel<4, at::CUDAFunctor_add<c10::Half>, std::array<char *, 3>>(int, T2, T3)",39040.0,10368.0,2944.0,0.84,0.1
"void at::<unnamed>::CatArrayBatchedCopy_vectorized<at::<unnamed>::OpaqueType<2>, unsigned int, 3, 128, 1, 16, 8>(char *, at::<unnamed>::CatArrInputTensorMetadata<T1, T2, T4, T5>, at::<unnamed>::TensorSizeStride<T2, 4>, int, T2)",16798848.0,17015040.0,22944.0,72.42,14.36
"void at::<unnamed>::CatArrayBatchedCopy_vectorized<at::<unnamed>::OpaqueType<2>, unsigned int, 3, 128, 1, 16, 8>(char *, at::<unnamed>::CatArrInputTensorMetadata<T1, T2, T4, T5>, at::<unnamed>::TensorSizeStride<T2, 4>, int, T2)",16798592.0,17102336.0,23328.0,71.35,14.1
"void pytorch_flash::flash_fwd_splitkv_kernel<Flash_fwd_kernel_traits<64, 64, 256, 4, 0, 0, cutlass::half_t, Flash_kernel_traits<64, 64, 256, 4, cutlass::half_t>>, 0, 0, 0, 0, 1, 0, 1, 0>(pytorch_flash::Flash_fwd_params)",33795968.0,13712640.0,38400.0,60.75,25.06
"void pytorch_flash::flash_fwd_splitkv_combine_kernel<Flash_fwd_kernel_traits<64, 64, 256, 4, 0, 0, cutlass::half_t, Flash_kernel_traits<64, 64, 256, 4, cutlass::half_t>>, 8, 2, 1>(pytorch_flash::Flash_fwd_params)",821504.0,253696.0,7680.0,6.91,6.77
ampere_fp16_s16816gemm_fp16_128x64_ldg8_f2f_stages_32x6_tn,8534656.0,978944.0,11424.0,41.15,15.28
"void cublasLt::splitKreduce_kernel<32, 16, int, __half, __half, float, __half, 0, __half, __half, __half, 1, 0, 0>(cublasLt::cublasSplitKParams<T6>, const T4 *, const T10 *, T9 *, T5 *, const T6 *, const T6 *, const T11 *, const T4 *, T11 *, void *, long, T6 *, int *, T6 *, T6 *, const T6 *, const T6 *, const T6 *, const T6 *, const T6 *)",532736.0,276736.0,4064.0,9.94,9.48
"void at::vectorized_elementwise_kernel<4, at::CUDAFunctor_add<c10::Half>, std::array<char *, 3>>(int, T2, T3)",268416.0,106240.0,3200.0,5.86,0.75
"void at::unrolled_elementwise_kernel<at::direct_copy_kernel_cuda(at::TensorIteratorBase &)::[lambda() (instance 3)]::operator ()() const::[lambda() (instance 7)]::operator ()() const::[lambda(float) (instance 1)], std::array<char *, 2>, 4, TrivialOffsetCalculator<1, unsigned int>, TrivialOffsetCalculator<1, unsigned int>, memory::LoadWithCast<1>, memory::StoreWithCast<1>>(int, T1, T2, T4, T5, T6, T7)",163200.0,121472.0,6080.0,2.3,2.8
"void at::vectorized_elementwise_kernel<4, void at::<unnamed>::pow_tensor_scalar_kernel_impl<float, float>(at::TensorIteratorBase &, T2)::[lambda(float) (instance 1)], std::array<char *, 2>>(int, T2, T3)",266880.0,136832.0,3008.0,6.66,0.45
"void at::reduce_kernel<512, 1, at::ReduceOp<float, at::MeanOps<float, float, float, float>, unsigned int, float, 4, 4>>(T3)",313216.0,26624.0,13376.0,1.25,0.14
"void at::vectorized_elementwise_kernel<4, at::CUDAFunctorOnSelf_add<float>, std::array<char *, 2>>(int, T2, T3)",4864.0,896.0,2848.0,0.1,0.02
"void at::vectorized_elementwise_kernel<4, at::rsqrt_kernel_cuda(at::TensorIteratorBase &)::[lambda() (instance 2)]::operator ()() const::[lambda() (instance 2)]::operator ()() const::[lambda(float) (instance 1)], std::array<char *, 2>>(int, T2, T3)",6528.0,2048.0,3232.0,0.13,0.03
"void at::elementwise_kernel<128, 2, void at::gpu_kernel_impl_nocast<at::BinaryFunctor<float, float, float, binary_internal::MulFunctor<float>>>(at::TensorIteratorBase &, const T1 &)::[lambda(int) (instance 1)]>(int, T3)",273280.0,126720.0,4544.0,4.37,3.82
"void at::vectorized_elementwise_kernel<4, at::float16_copy_kernel_cuda(at::TensorIteratorBase &)::[lambda(float) (instance 1)], std::array<char *, 2>>(int, T2, T3)",267136.0,132224.0,3104.0,6.34,0.4
"void at::elementwise_kernel<128, 4, void at::gpu_kernel_impl_nocast<at::BinaryFunctor<c10::Half, c10::Half, c10::Half, binary_internal::MulFunctor<float>>>(at::TensorIteratorBase &, const T1 &)::[lambda(int) (instance 1)]>(int, T3)",154880.0,138624.0,5632.0,2.58,2.91
ampere_fp16_s16816gemm_fp16_64x64_sliced1x2_ldg8_f2f_stages_64x5_tn,23214464.0,7181568.0,23872.0,62.66,20.03
"void at::vectorized_elementwise_kernel<4, at::<unnamed>::silu_kernel(at::TensorIteratorBase &)::[lambda() (instance 1)]::operator ()() const::[lambda() (instance 5)]::operator ()() const::[lambda(c10::Half) (instance 1)], std::array<char *, 2>>(int, T2, T3)",373632.0,217984.0,3904.0,7.58,5.95
ampere_fp16_s16816gemm_fp16_64x64_sliced1x2_ldg8_f2f_stages_64x5_tn,23214464.0,7134592.0,23520.0,63.44,20.31
"void at::vectorized_elementwise_kernel<4, at::BinaryFunctor<c10::Half, c10::Half, c10::Half, binary_internal::MulFunctor<float>>, std::array<char *, 3>>(int, T2, T3)",727168.0,284928.0,3488.0,14.5,1.89
ampere_fp16_s16816gemm_fp16_128x64_ldg8_f2f_stages_32x6_tn,23444352.0,9294080.0,24736.0,64.98,19.29
"void cublasLt::splitKreduce_kernel<32, 16, int, __half, __half, float, __half, 0, __half, __half, __half, 1, 0, 0>(cublasLt::cublasSplitKParams<T6>, const T4 *, const T10 *, T9 *, T5 *, const T6 *, const T6 *, const T11 *, const T4 *, T11 *, void *, long, T6 *, int *, T6 *, T6 *, const T6 *, const T6 *, const T6 *, const T6 *, const T6 *)",794880.0,398208.0,5440.0,10.79,8.21
"void at::vectorized_elementwise_kernel<4, at::CUDAFunctor_add<c10::Half>, std::array<char *, 3>>(int, T2, T3)",268416.0,118656.0,3168.0,6.06,0.75
"void at::unrolled_elementwise_kernel<at::direct_copy_kernel_cuda(at::TensorIteratorBase &)::[lambda() (instance 3)]::operator ()() const::[lambda() (instance 7)]::operator ()() const::[lambda(float) (instance 1)], std::array<char *, 2>, 4, TrivialOffsetCalculator<1, unsigned int>, TrivialOffsetCalculator<1, unsigned int>, memory::LoadWithCast<1>, memory::StoreWithCast<1>>(int, T1, T2, T4, T5, T6, T7)",163200.0,168832.0,6016.0,2.71,2.83
"void at::vectorized_elementwise_kernel<4, void at::<unnamed>::pow_tensor_scalar_kernel_impl<float, float>(at::TensorIteratorBase &, T2)::[lambda(float) (instance 1)], std::array<char *, 2>>(int, T2, T3)",266880.0,155520.0,3104.0,6.82,0.44
"void at::reduce_kernel<512, 1, at::ReduceOp<float, at::MeanOps<float, float, float, float>, unsigned int, float, 4, 4>>(T3)",313216.0,3456.0,13216.0,1.18,0.14
"void at::vectorized_elementwise_kernel<4, at::CUDAFunctorOnSelf_add<float>, std::array<char *, 2>>(int, T2, T3)",4864.0,896.0,2976.0,0.1,0.02
"void at::vectorized_elementwise_kernel<4, at::rsqrt_kernel_cuda(at::TensorIteratorBase &)::[lambda() (instance 2)]::operator ()() const::[lambda() (instance 2)]::operator ()() const::[lambda(float) (instance 1)], std::array<char *, 2>>(int, T2, T3)",6528.0,512.0,3040.0,0.12,0.03
"void at::elementwise_kernel<128, 2, void at::gpu_kernel_impl_nocast<at::BinaryFunctor<float, float, float, binary_internal::MulFunctor<float>>>(at::TensorIteratorBase &, const T1 &)::[lambda(int) (instance 1)]>(int, T3)",273280.0,172416.0,4608.0,4.8,3.77
"void at::vectorized_elementwise_kernel<4, at::float16_copy_kernel_cuda(at::TensorIteratorBase &)::[lambda(float) (instance 1)], std::array<char *, 2>>(int, T2, T3)",267136.0,104448.0,2912.0,6.32,0.43
"void at::elementwise_kernel<128, 4, void at::gpu_kernel_impl_nocast<at::BinaryFunctor<c10::Half, c10::Half, c10::Half, binary_internal::MulFunctor<float>>>(at::TensorIteratorBase &, const T1 &)::[lambda(int) (instance 1)]>(int, T3)",154880.0,119424.0,5760.0,2.34,2.83
ampere_fp16_s16816gemm_fp16_128x64_ldg8_f2f_stages_32x6_tn,8534656.0,1003520.0,11392.0,41.09,15.29
"void cublasLt::splitKreduce_kernel<32, 16, int, __half, __half, float, __half, 0, __half, __half, __half, 1, 0, 0>(cublasLt::cublasSplitKParams<T6>, const T4 *, const T10 *, T9 *, T5 *, const T6 *, const T6 *, const T11 *, const T4 *, T11 *, void *, long, T6 *, int *, T6 *, T6 *, const T6 *, const T6 *, const T6 *, const T6 *, const T6 *)",532736.0,283520.0,4032.0,10.09,9.57
void cutlass::Kernel2<cutlass_80_wmma_tensorop_s161616gemm_f16_32x32_128x2_tn_align8>(T1::Params),1193472.0,411776.0,6016.0,13.24,5.04
"void cublasLt::splitKreduce_kernel<32, 16, int, float, __half, float, __half, 0, __half, __half, __half, 1, 0, 0>(cublasLt::cublasSplitKParams<T6>, const T4 *, const T10 *, T9 *, T5 *, const T6 *, const T6 *, const T11 *, const T4 *, T11 *, void *, long, T6 *, int *, T6 *, T6 *, const T6 *, const T6 *, const T6 *, const T6 *, const T6 *)",270080.0,24576.0,3456.0,4.19,1.51
void cutlass::Kernel2<cutlass_80_wmma_tensorop_s161616gemm_f16_32x32_128x2_tn_align8>(T1::Params),1193472.0,335360.0,6016.0,12.53,5.01
"void cublasLt::splitKreduce_kernel<32, 16, int, float, __half, float, __half, 0, __half, __half, __half, 1, 0, 0>(cublasLt::cublasSplitKParams<T6>, const T4 *, const T10 *, T9 *, T5 *, const T6 *, const T6 *, const T11 *, const T4 *, T11 *, void *, long, T6 *, int *, T6 *, T6 *, const T6 *, const T6 *, const T6 *, const T6 *, const T6 *)",270080.0,42624.0,3520.0,4.37,1.48
"void at::elementwise_kernel<128, 4, void at::gpu_kernel_impl_nocast<at::BinaryFunctor<c10::Half, c10::Half, c10::Half, binary_internal::MulFunctor<float>>>(at::TensorIteratorBase &, const T1 &)::[lambda(int) (instance 1)]>(int, T3)",154880.0,126208.0,5824.0,2.38,3.39
"void at::elementwise_kernel<128, 4, void at::gpu_kernel_impl_nocast<at::neg_kernel_cuda(at::TensorIteratorBase &)::[lambda() (instance 2)]::operator ()() const::[lambda() (instance 8)]::operator ()() const::[lambda(c10::Half) (instance 1)]>(at::TensorIteratorBase &, const T1 &)::[lambda(int) (instance 1)]>(int, T3)",83328.0,101504.0,5664.0,1.61,1.2
"void at::<unnamed>::CatArrayBatchedCopy<at::<unnamed>::OpaqueType<2>, unsigned int, 4, 64, 64>(T1 *, at::<unnamed>::CatArrInputTensorMetadata<T1, T2, T4, T5>, at::<unnamed>::TensorSizeStride<T2, 4>, int, T2)",138112.0,194944.0,6912.0,2.38,12.54
"void at::elementwise_kernel<128, 4, void at::gpu_kernel_impl_nocast<at::BinaryFunctor<c10::Half, c10::Half, c10::Half, binary_internal::MulFunctor<float>>>(at::TensorIteratorBase &, const T1 &)::[lambda(int) (instance 1)]>(int, T3)",154880.0,74240.0,5920.0,1.92,3.35
"void at::vectorized_elementwise_kernel<4, at::CUDAFunctor_add<c10::Half>, std::array<char *, 3>>(int, T2, T3)",268416.0,62336.0,3136.0,5.2,0.76
"void at::elementwise_kernel<128, 4, void at::gpu_kernel_impl_nocast<at::BinaryFunctor<c10::Half, c10::Half, c10::Half, binary_internal::MulFunctor<float>>>(at::TensorIteratorBase &, const T1 &)::[lambda(int) (instance 1)]>(int, T3)",40192.0,4352.0,5440.0,0.41,0.45
"void at::elementwise_kernel<128, 4, void at::gpu_kernel_impl_nocast<at::neg_kernel_cuda(at::TensorIteratorBase &)::[lambda() (instance 2)]::operator ()() const::[lambda() (instance 8)]::operator ()() const::[lambda(c10::Half) (instance 1)]>(at::TensorIteratorBase &, const T1 &)::[lambda(int) (instance 1)]>(int, T3)",25984.0,16128.0,5152.0,0.4,0.17
"void at::<unnamed>::CatArrayBatchedCopy<at::<unnamed>::OpaqueType<2>, unsigned int, 4, 64, 64>(T1 *, at::<unnamed>::CatArrInputTensorMetadata<T1, T2, T4, T5>, at::<unnamed>::TensorSizeStride<T2, 4>, int, T2)",23296.0,26624.0,6496.0,0.38,4.43
"void at::elementwise_kernel<128, 4, void at::gpu_kernel_impl_nocast<at::BinaryFunctor<c10::Half, c10::Half, c10::Half, binary_internal::MulFunctor<float>>>(at::TensorIteratorBase &, const T1 &)::[lambda(int) (instance 1)]>(int, T3)",40192.0,4352.0,5504.0,0.4,0.45
"void at::vectorized_elementwise_kernel<4, at::CUDAFunctor_add<c10::Half>, std::array<char *, 3>>(int, T2, T3)",39040.0,512.0,2880.0,0.69,0.1
"void at::<unnamed>::CatArrayBatchedCopy_vectorized<at::<unnamed>::OpaqueType<2>, unsigned int, 3, 128, 1, 16, 8>(char *, at::<unnamed>::CatArrInputTensorMetadata<T1, T2, T4, T5>, at::<unnamed>::TensorSizeStride<T2, 4>, int, T2)",16798080.0,17133056.0,23360.0,71.41,14.11
"void at::<unnamed>::CatArrayBatchedCopy_vectorized<at::<unnamed>::OpaqueType<2>, unsigned int, 3, 128, 1, 16, 8>(char *, at::<unnamed>::CatArrInputTensorMetadata<T1, T2, T4, T5>, at::<unnamed>::TensorSizeStride<T2, 4>, int, T2)",16798720.0,17097216.0,23264.0,71.55,14.14
"void pytorch_flash::flash_fwd_splitkv_kernel<Flash_fwd_kernel_traits<64, 64, 256, 4, 0, 0, cutlass::half_t, Flash_kernel_traits<64, 64, 256, 4, cutlass::half_t>>, 0, 0, 0, 0, 1, 0, 1, 0>(pytorch_flash::Flash_fwd_params)",33795456.0,13677056.0,38880.0,59.96,24.76
"void pytorch_flash::flash_fwd_splitkv_combine_kernel<Flash_fwd_kernel_traits<64, 64, 256, 4, 0, 0, cutlass::half_t, Flash_kernel_traits<64, 64, 256, 4, cutlass::half_t>>, 8, 2, 1>(pytorch_flash::Flash_fwd_params)",821504.0,267520.0,7584.0,7.09,6.87
ampere_fp16_s16816gemm_fp16_128x64_ldg8_f2f_stages_32x6_tn,8534528.0,839680.0,11264.0,41.01,15.5
"void cublasLt::splitKreduce_kernel<32, 16, int, __half, __half, float, __half, 0, __half, __half, __half, 1, 0, 0>(cublasLt::cublasSplitKParams<T6>, const T4 *, const T10 *, T9 *, T5 *, const T6 *, const T6 *, const T11 *, const T4 *, T11 *, void *, long, T6 *, int *, T6 *, T6 *, const T6 *, const T6 *, const T6 *, const T6 *, const T6 *)",532736.0,211200.0,4128.0,8.86,9.26
"void at::vectorized_elementwise_kernel<4, at::CUDAFunctor_add<c10::Half>, std::array<char *, 3>>(int, T2, T3)",268416.0,104320.0,3008.0,6.15,0.79
"void at::unrolled_elementwise_kernel<at::direct_copy_kernel_cuda(at::TensorIteratorBase &)::[lambda() (instance 3)]::operator ()() const::[lambda() (instance 7)]::operator ()() const::[lambda(float) (instance 1)], std::array<char *, 2>, 4, TrivialOffsetCalculator<1, unsigned int>, TrivialOffsetCalculator<1, unsigned int>, memory::LoadWithCast<1>, memory::StoreWithCast<1>>(int, T1, T2, T4, T5, T6, T7)",163200.0,147712.0,6144.0,2.5,2.78
"void at::vectorized_elementwise_kernel<4, void at::<unnamed>::pow_tensor_scalar_kernel_impl<float, float>(at::TensorIteratorBase &, T2)::[lambda(float) (instance 1)], std::array<char *, 2>>(int, T2, T3)",266880.0,96896.0,3200.0,5.68,0.43
"void at::reduce_kernel<512, 1, at::ReduceOp<float, at::MeanOps<float, float, float, float>, unsigned int, float, 4, 4>>(T3)",313216.0,5504.0,13056.0,1.2,0.14
"void at::vectorized_elementwise_kernel<4, at::CUDAFunctorOnSelf_add<float>, std::array<char *, 2>>(int, T2, T3)",4864.0,896.0,2976.0,0.1,0.02
"void at::vectorized_elementwise_kernel<4, at::rsqrt_kernel_cuda(at::TensorIteratorBase &)::[lambda() (instance 2)]::operator ()() const::[lambda() (instance 2)]::operator ()() const::[lambda(float) (instance 1)], std::array<char *, 2>>(int, T2, T3)",6400.0,512.0,3040.0,0.11,0.03
"void at::elementwise_kernel<128, 2, void at::gpu_kernel_impl_nocast<at::BinaryFunctor<float, float, float, binary_internal::MulFunctor<float>>>(at::TensorIteratorBase &, const T1 &)::[lambda(int) (instance 1)]>(int, T3)",273280.0,115712.0,4480.0,4.31,3.87
"void at::vectorized_elementwise_kernel<4, at::float16_copy_kernel_cuda(at::TensorIteratorBase &)::[lambda(float) (instance 1)], std::array<char *, 2>>(int, T2, T3)",267264.0,57216.0,2880.0,5.63,0.43
"void at::elementwise_kernel<128, 4, void at::gpu_kernel_impl_nocast<at::BinaryFunctor<c10::Half, c10::Half, c10::Half, binary_internal::MulFunctor<float>>>(at::TensorIteratorBase &, const T1 &)::[lambda(int) (instance 1)]>(int, T3)",154880.0,71808.0,5760.0,1.95,2.84
ampere_fp16_s16816gemm_fp16_64x64_sliced1x2_ldg8_f2f_stages_64x5_tn,23214848.0,7396224.0,24032.0,62.53,19.85
"void at::vectorized_elementwise_kernel<4, at::<unnamed>::silu_kernel(at::TensorIteratorBase &)::[lambda() (instance 1)]::operator ()() const::[lambda() (instance 5)]::operator ()() const::[lambda(c10::Half) (instance 1)], std::array<char *, 2>>(int, T2, T3)",373632.0,213376.0,3968.0,7.37,5.85
ampere_fp16_s16816gemm_fp16_64x64_sliced1x2_ldg8_f2f_stages_64x5_tn,23214336.0,7124096.0,23424.0,63.65,20.41
"void at::vectorized_elementwise_kernel<4, at::BinaryFunctor<c10::Half, c10::Half, c10::Half, binary_internal::MulFunctor<float>>, std::array<char *, 3>>(int, T2, T3)",727168.0,263552.0,3456.0,14.1,1.89
ampere_fp16_s16816gemm_fp16_128x64_ldg8_f2f_stages_32x6_tn,23444096.0,9339648.0,24416.0,66.02,19.55
"void cublasLt::splitKreduce_kernel<32, 16, int, __half, __half, float, __half, 0, __half, __half, __half, 1, 0, 0>(cublasLt::cublasSplitKParams<T6>, const T4 *, const T10 *, T9 *, T5 *, const T6 *, const T6 *, const T11 *, const T4 *, T11 *, void *, long, T6 *, int *, T6 *, T6 *, const T6 *, const T6 *, const T6 *, const T6 *, const T6 *)",794880.0,349312.0,5472.0,10.33,8.16
"void at::vectorized_elementwise_kernel<4, at::CUDAFunctor_add<c10::Half>, std::array<char *, 3>>(int, T2, T3)",268416.0,106240.0,3200.0,5.8,0.75
"void at::unrolled_elementwise_kernel<at::direct_copy_kernel_cuda(at::TensorIteratorBase &)::[lambda() (instance 3)]::operator ()() const::[lambda() (instance 7)]::operator ()() const::[lambda(float) (instance 1)], std::array<char *, 2>, 4, TrivialOffsetCalculator<1, unsigned int>, TrivialOffsetCalculator<1, unsigned int>, memory::LoadWithCast<1>, memory::StoreWithCast<1>>(int, T1, T2, T4, T5, T6, T7)",163200.0,164864.0,6048.0,2.68,2.82
"void at::vectorized_elementwise_kernel<4, void at::<unnamed>::pow_tensor_scalar_kernel_impl<float, float>(at::TensorIteratorBase &, T2)::[lambda(float) (instance 1)], std::array<char *, 2>>(int, T2, T3)",266880.0,183936.0,3232.0,7.03,0.42
"void at::reduce_kernel<512, 1, at::ReduceOp<float, at::MeanOps<float, float, float, float>, unsigned int, float, 4, 4>>(T3)",313216.0,6016.0,13184.0,1.19,0.14
"void at::vectorized_elementwise_kernel<4, at::CUDAFunctorOnSelf_add<float>, std::array<char *, 2>>(int, T2, T3)",4864.0,896.0,2880.0,0.1,0.02
"void at::vectorized_elementwise_kernel<4, at::rsqrt_kernel_cuda(at::TensorIteratorBase &)::[lambda() (instance 2)]::operator ()() const::[lambda() (instance 2)]::operator ()() const::[lambda(float) (instance 1)], std::array<char *, 2>>(int, T2, T3)",6400.0,512.0,3072.0,0.11,0.03
"void at::elementwise_kernel<128, 2, void at::gpu_kernel_impl_nocast<at::BinaryFunctor<float, float, float, binary_internal::MulFunctor<float>>>(at::TensorIteratorBase &, const T1 &)::[lambda(int) (instance 1)]>(int, T3)",273280.0,183936.0,4576.0,4.9,3.75
"void at::vectorized_elementwise_kernel<4, at::float16_copy_kernel_cuda(at::TensorIteratorBase &)::[lambda(float) (instance 1)], std::array<char *, 2>>(int, T2, T3)",267264.0,108288.0,3008.0,6.2,0.41
"void at::elementwise_kernel<128, 4, void at::gpu_kernel_impl_nocast<at::BinaryFunctor<c10::Half, c10::Half, c10::Half, binary_internal::MulFunctor<float>>>(at::TensorIteratorBase &, const T1 &)::[lambda(int) (instance 1)]>(int, T3)",154880.0,128640.0,5760.0,2.44,2.85
ampere_fp16_s16816gemm_fp16_128x64_ldg8_f2f_stages_32x6_tn,8534528.0,907520.0,11328.0,40.96,15.39
"void cublasLt::splitKreduce_kernel<32, 16, int, __half, __half, float, __half, 0, __half, __half, __half, 1, 0, 0>(cublasLt::cublasSplitKParams<T6>, const T4 *, const T10 *, T9 *, T5 *, const T6 *, const T6 *, const T11 *, const T4 *, T11 *, void *, long, T6 *, int *, T6 *, T6 *, const T6 *, const T6 *, const T6 *, const T6 *, const T6 *)",532736.0,288768.0,4064.0,10.03,9.45
void cutlass::Kernel2<cutlass_80_wmma_tensorop_s161616gemm_f16_32x32_128x2_tn_align8>(T1::Params),1193472.0,455040.0,5920.0,13.75,5.11
"void cublasLt::splitKreduce_kernel<32, 16, int, float, __half, float, __half, 0, __half, __half, __half, 1, 0, 0>(cublasLt::cublasSplitKParams<T6>, const T4 *, const T10 *, T9 *, T5 *, const T6 *, const T6 *, const T11 *, const T4 *, T11 *, void *, long, T6 *, int *, T6 *, T6 *, const T6 *, const T6 *, const T6 *, const T6 *, const T6 *)",270080.0,26496.0,3584.0,4.11,1.46
void cutlass::Kernel2<cutlass_80_wmma_tensorop_s161616gemm_f16_32x32_128x2_tn_align8>(T1::Params),1193600.0,457600.0,6048.0,13.43,4.97
"void cublasLt::splitKreduce_kernel<32, 16, int, float, __half, float, __half, 0, __half, __half, __half, 1, 0, 0>(cublasLt::cublasSplitKParams<T6>, const T4 *, const T10 *, T9 *, T5 *, const T6 *, const T6 *, const T11 *, const T4 *, T11 *, void *, long, T6 *, int *, T6 *, T6 *, const T6 *, const T6 *, const T6 *, const T6 *, const T6 *)",270080.0,31872.0,3392.0,4.39,1.54
"void at::elementwise_kernel<128, 4, void at::gpu_kernel_impl_nocast<at::BinaryFunctor<c10::Half, c10::Half, c10::Half, binary_internal::MulFunctor<float>>>(at::TensorIteratorBase &, const T1 &)::[lambda(int) (instance 1)]>(int, T3)",154880.0,136192.0,5792.0,2.48,3.41
"void at::elementwise_kernel<128, 4, void at::gpu_kernel_impl_nocast<at::neg_kernel_cuda(at::TensorIteratorBase &)::[lambda() (instance 2)]::operator ()() const::[lambda() (instance 8)]::operator ()() const::[lambda(c10::Half) (instance 1)]>(at::TensorIteratorBase &, const T1 &)::[lambda(int) (instance 1)]>(int, T3)",83328.0,102912.0,5568.0,1.65,1.21
"void at::<unnamed>::CatArrayBatchedCopy<at::<unnamed>::OpaqueType<2>, unsigned int, 4, 64, 64>(T1 *, at::<unnamed>::CatArrInputTensorMetadata<T1, T2, T4, T5>, at::<unnamed>::TensorSizeStride<T2, 4>, int, T2)",137984.0,195968.0,6784.0,2.43,12.77
"void at::elementwise_kernel<128, 4, void at::gpu_kernel_impl_nocast<at::BinaryFunctor<c10::Half, c10::Half, c10::Half, binary_internal::MulFunctor<float>>>(at::TensorIteratorBase &, const T1 &)::[lambda(int) (instance 1)]>(int, T3)",154880.0,72448.0,5888.0,1.9,3.35
"void at::vectorized_elementwise_kernel<4, at::CUDAFunctor_add<c10::Half>, std::array<char *, 3>>(int, T2, T3)",268416.0,59008.0,3200.0,5.09,0.75
"void at::elementwise_kernel<128, 4, void at::gpu_kernel_impl_nocast<at::BinaryFunctor<c10::Half, c10::Half, c10::Half, binary_internal::MulFunctor<float>>>(at::TensorIteratorBase &, const T1 &)::[lambda(int) (instance 1)]>(int, T3)",40192.0,6656.0,5504.0,0.42,0.45
"void at::elementwise_kernel<128, 4, void at::gpu_kernel_impl_nocast<at::neg_kernel_cuda(at::TensorIteratorBase &)::[lambda() (instance 2)]::operator ()() const::[lambda() (instance 8)]::operator ()() const::[lambda(c10::Half) (instance 1)]>(at::TensorIteratorBase &, const T1 &)::[lambda(int) (instance 1)]>(int, T3)",25984.0,21888.0,5216.0,0.45,0.16
"void at::<unnamed>::CatArrayBatchedCopy<at::<unnamed>::OpaqueType<2>, unsigned int, 4, 64, 64>(T1 *, at::<unnamed>::CatArrInputTensorMetadata<T1, T2, T4, T5>, at::<unnamed>::TensorSizeStride<T2, 4>, int, T2)",23424.0,28160.0,6528.0,0.39,4.44
"void at::elementwise_kernel<128, 4, void at::gpu_kernel_impl_nocast<at::BinaryFunctor<c10::Half, c10::Half, c10::Half, binary_internal::MulFunctor<float>>>(at::TensorIteratorBase &, const T1 &)::[lambda(int) (instance 1)]>(int, T3)",40192.0,4224.0,5472.0,0.4,0.45
"void at::vectorized_elementwise_kernel<4, at::CUDAFunctor_add<c10::Half>, std::array<char *, 3>>(int, T2, T3)",39040.0,7040.0,2880.0,0.8,0.1
"void at::<unnamed>::CatArrayBatchedCopy_vectorized<at::<unnamed>::OpaqueType<2>, unsigned int, 3, 128, 1, 16, 8>(char *, at::<unnamed>::CatArrInputTensorMetadata<T1, T2, T4, T5>, at::<unnamed>::TensorSizeStride<T2, 4>, int, T2)",16798848.0,16893184.0,23136.0,71.53,14.22
"void at::<unnamed>::CatArrayBatchedCopy_vectorized<at::<unnamed>::OpaqueType<2>, unsigned int, 3, 128, 1, 16, 8>(char *, at::<unnamed>::CatArrInputTensorMetadata<T1, T2, T4, T5>, at::<unnamed>::TensorSizeStride<T2, 4>, int, T2)",16798592.0,17082496.0,23264.0,71.54,14.16
"void pytorch_flash::flash_fwd_splitkv_kernel<Flash_fwd_kernel_traits<64, 64, 256, 4, 0, 0, cutlass::half_t, Flash_kernel_traits<64, 64, 256, 4, cutlass::half_t>>, 0, 0, 0, 0, 1, 0, 1, 0>(pytorch_flash::Flash_fwd_params)",33795584.0,13729280.0,38912.0,59.96,24.71
"void pytorch_flash::flash_fwd_splitkv_combine_kernel<Flash_fwd_kernel_traits<64, 64, 256, 4, 0, 0, cutlass::half_t, Flash_kernel_traits<64, 64, 256, 4, cutlass::half_t>>, 8, 2, 1>(pytorch_flash::Flash_fwd_params)",821376.0,252928.0,7520.0,7.03,6.92
ampere_fp16_s16816gemm_fp16_128x64_ldg8_f2f_stages_32x6_tn,8534528.0,1049216.0,11456.0,41.11,15.18
"void cublasLt::splitKreduce_kernel<32, 16, int, __half, __half, float, __half, 0, __half, __half, __half, 1, 0, 0>(cublasLt::cublasSplitKParams<T6>, const T4 *, const T10 *, T9 *, T5 *, const T6 *, const T6 *, const T11 *, const T4 *, T11 *, void *, long, T6 *, int *, T6 *, T6 *, const T6 *, const T6 *, const T6 *, const T6 *, const T6 *)",532736.0,278784.0,4192.0,9.62,9.22
"void at::vectorized_elementwise_kernel<4, at::CUDAFunctor_add<c10::Half>, std::array<char *, 3>>(int, T2, T3)",268416.0,111232.0,3264.0,5.79,0.73
"void at::unrolled_elementwise_kernel<at::direct_copy_kernel_cuda(at::TensorIteratorBase &)::[lambda() (instance 3)]::operator ()() const::[lambda() (instance 7)]::operator ()() const::[lambda(float) (instance 1)], std::array<char *, 2>, 4, TrivialOffsetCalculator<1, unsigned int>, TrivialOffsetCalculator<1, unsigned int>, memory::LoadWithCast<1>, memory::StoreWithCast<1>>(int, T1, T2, T4, T5, T6, T7)",163200.0,118400.0,6112.0,2.26,2.79
"void at::vectorized_elementwise_kernel<4, void at::<unnamed>::pow_tensor_scalar_kernel_impl<float, float>(at::TensorIteratorBase &, T2)::[lambda(float) (instance 1)], std::array<char *, 2>>(int, T2, T3)",266880.0,136704.0,2976.0,6.66,0.46
"void at::reduce_kernel<512, 1, at::ReduceOp<float, at::MeanOps<float, float, float, float>, unsigned int, float, 4, 4>>(T3)",313216.0,27136.0,13120.0,1.27,0.14
"void at::vectorized_elementwise_kernel<4, at::CUDAFunctorOnSelf_add<float>, std::array<char *, 2>>(int, T2, T3)",4864.0,1152.0,2848.0,0.1,0.02
"void at::vectorized_elementwise_kernel<4, at::rsqrt_kernel_cuda(at::TensorIteratorBase &)::[lambda() (instance 2)]::operator ()() const::[lambda() (instance 2)]::operator ()() const::[lambda(float) (instance 1)], std::array<char *, 2>>(int, T2, T3)",6400.0,1536.0,3072.0,0.13,0.03
"void at::elementwise_kernel<128, 2, void at::gpu_kernel_impl_nocast<at::BinaryFunctor<float, float, float, binary_internal::MulFunctor<float>>>(at::TensorIteratorBase &, const T1 &)::[lambda(int) (instance 1)]>(int, T3)",273280.0,133760.0,4640.0,4.33,3.71
"void at::vectorized_elementwise_kernel<4, at::float16_copy_kernel_cuda(at::TensorIteratorBase &)::[lambda(float) (instance 1)], std::array<char *, 2>>(int, T2, T3)",267136.0,132224.0,3008.0,6.59,0.41
"void at::elementwise_kernel<128, 4, void at::gpu_kernel_impl_nocast<at::BinaryFunctor<c10::Half, c10::Half, c10::Half, binary_internal::MulFunctor<float>>>(at::TensorIteratorBase &, const T1 &)::[lambda(int) (instance 1)]>(int, T3)",155008.0,138112.0,5632.0,2.58,2.91
ampere_fp16_s16816gemm_fp16_64x64_sliced1x2_ldg8_f2f_stages_64x5_tn,23214848.0,7157632.0,22976.0,64.95,20.79
"void at::vectorized_elementwise_kernel<4, at::<unnamed>::silu_kernel(at::TensorIteratorBase &)::[lambda() (instance 1)]::operator ()() const::[lambda() (instance 5)]::operator ()() const::[lambda(c10::Half) (instance 1)], std::array<char *, 2>>(int, T2, T3)",373760.0,213120.0,3808.0,7.65,6.08
ampere_fp16_s16816gemm_fp16_64x64_sliced1x2_ldg8_f2f_stages_64x5_tn,23214336.0,7581440.0,23456.0,64.48,20.35
"void at::vectorized_elementwise_kernel<4, at::BinaryFunctor<c10::Half, c10::Half, c10::Half, binary_internal::MulFunctor<float>>, std::array<char *, 3>>(int, T2, T3)",727168.0,271232.0,3488.0,14.11,1.87
ampere_fp16_s16816gemm_fp16_128x64_ldg8_f2f_stages_32x6_tn,23444096.0,9060224.0,24448.0,65.26,19.52
"void cublasLt::splitKreduce_kernel<32, 16, int, __half, __half, float, __half, 0, __half, __half, __half, 1, 0, 0>(cublasLt::cublasSplitKParams<T6>, const T4 *, const T10 *, T9 *, T5 *, const T6 *, const T6 *, const T11 *, const T4 *, T11 *, void *, long, T6 *, int *, T6 *, T6 *, const T6 *, const T6 *, const T6 *, const T6 *, const T6 *)",794880.0,381312.0,5280.0,11.04,8.51
"void at::vectorized_elementwise_kernel<4, at::CUDAFunctor_add<c10::Half>, std::array<char *, 3>>(int, T2, T3)",268416.0,121984.0,3136.0,6.15,0.76
"void at::unrolled_elementwise_kernel<at::direct_copy_kernel_cuda(at::TensorIteratorBase &)::[lambda() (instance 3)]::operator ()() const::[lambda() (instance 7)]::operator ()() const::[lambda(float) (instance 1)], std::array<char *, 2>, 4, TrivialOffsetCalculator<1, unsigned int>, TrivialOffsetCalculator<1, unsigned int>, memory::LoadWithCast<1>, memory::StoreWithCast<1>>(int, T1, T2, T4, T5, T6, T7)",163200.0,169856.0,6272.0,2.62,2.72
"void at::vectorized_elementwise_kernel<4, void at::<unnamed>::pow_tensor_scalar_kernel_impl<float, float>(at::TensorIteratorBase &, T2)::[lambda(float) (instance 1)], std::array<char *, 2>>(int, T2, T3)",266880.0,159104.0,3136.0,6.75,0.43
"void at::reduce_kernel<512, 1, at::ReduceOp<float, at::MeanOps<float, float, float, float>, unsigned int, float, 4, 4>>(T3)",313344.0,2944.0,13248.0,1.17,0.14
"void at::vectorized_elementwise_kernel<4, at::CUDAFunctorOnSelf_add<float>, std::array<char *, 2>>(int, T2, T3)",4864.0,896.0,2880.0,0.1,0.02
"void at::vectorized_elementwise_kernel<4, at::rsqrt_kernel_cuda(at::TensorIteratorBase &)::[lambda() (instance 2)]::operator ()() const::[lambda() (instance 2)]::operator ()() const::[lambda(float) (instance 1)], std::array<char *, 2>>(int, T2, T3)",6400.0,2048.0,3008.0,0.14,0.03
"void at::elementwise_kernel<128, 2, void at::gpu_kernel_impl_nocast<at::BinaryFunctor<float, float, float, binary_internal::MulFunctor<float>>>(at::TensorIteratorBase &, const T1 &)::[lambda(int) (instance 1)]>(int, T3)",273280.0,171648.0,4608.0,4.78,3.75
"void at::vectorized_elementwise_kernel<4, at::float16_copy_kernel_cuda(at::TensorIteratorBase &)::[lambda(float) (instance 1)], std::array<char *, 2>>(int, T2, T3)",267136.0,104704.0,3008.0,6.13,0.41
"void at::elementwise_kernel<128, 4, void at::gpu_kernel_impl_nocast<at::BinaryFunctor<c10::Half, c10::Half, c10::Half, binary_internal::MulFunctor<float>>>(at::TensorIteratorBase &, const T1 &)::[lambda(int) (instance 1)]>(int, T3)",154880.0,133120.0,5600.0,2.54,2.92
ampere_fp16_s16816gemm_fp16_128x64_ldg8_f2f_stages_32x6_tn,8534400.0,1099392.0,11456.0,41.38,15.2
"void cublasLt::splitKreduce_kernel<32, 16, int, __half, __half, float, __half, 0, __half, __half, __half, 1, 0, 0>(cublasLt::cublasSplitKParams<T6>, const T4 *, const T10 *, T9 *, T5 *, const T6 *, const T6 *, const T11 *, const T4 *, T11 *, void *, long, T6 *, int *, T6 *, T6 *, const T6 *, const T6 *, const T6 *, const T6 *, const T6 *)",532736.0,298240.0,4064.0,10.12,9.46
void cutlass::Kernel2<cutlass_80_wmma_tensorop_s161616gemm_f16_32x32_128x2_tn_align8>(T1::Params),1193600.0,240000.0,5984.0,11.89,5.05
"void cublasLt::splitKreduce_kernel<32, 16, int, float, __half, float, __half, 0, __half, __half, __half, 1, 0, 0>(cublasLt::cublasSplitKParams<T6>, const T4 *, const T10 *, T9 *, T5 *, const T6 *, const T6 *, const T11 *, const T4 *, T11 *, void *, long, T6 *, int *, T6 *, T6 *, const T6 *, const T6 *, const T6 *, const T6 *, const T6 *)",270080.0,23424.0,3488.0,4.17,1.5
void cutlass::Kernel2<cutlass_80_wmma_tensorop_s161616gemm_f16_32x32_128x2_tn_align8>(T1::Params),1193472.0,332160.0,5920.0,12.74,5.11
"void cublasLt::splitKreduce_kernel<32, 16, int, float, __half, float, __half, 0, __half, __half, __half, 1, 0, 0>(cublasLt::cublasSplitKParams<T6>, const T4 *, const T10 *, T9 *, T5 *, const T6 *, const T6 *, const T11 *, const T4 *, T11 *, void *, long, T6 *, int *, T6 *, T6 *, const T6 *, const T6 *, const T6 *, const T6 *, const T6 *)",270080.0,35328.0,3424.0,4.45,1.53
"void at::elementwise_kernel<128, 4, void at::gpu_kernel_impl_nocast<at::BinaryFunctor<c10::Half, c10::Half, c10::Half, binary_internal::MulFunctor<float>>>(at::TensorIteratorBase &, const T1 &)::[lambda(int) (instance 1)]>(int, T3)",154880.0,125440.0,5824.0,2.38,3.39
"void at::elementwise_kernel<128, 4, void at::gpu_kernel_impl_nocast<at::neg_kernel_cuda(at::TensorIteratorBase &)::[lambda() (instance 2)]::operator ()() const::[lambda() (instance 8)]::operator ()() const::[lambda(c10::Half) (instance 1)]>(at::TensorIteratorBase &, const T1 &)::[lambda(int) (instance 1)]>(int, T3)",83328.0,100992.0,5440.0,1.68,1.25
"void at::<unnamed>::CatArrayBatchedCopy<at::<unnamed>::OpaqueType<2>, unsigned int, 4, 64, 64>(T1 *, at::<unnamed>::CatArrInputTensorMetadata<T1, T2, T4, T5>, at::<unnamed>::TensorSizeStride<T2, 4>, int, T2)",138112.0,196864.0,6880.0,2.41,12.63
"void at::elementwise_kernel<128, 4, void at::gpu_kernel_impl_nocast<at::BinaryFunctor<c10::Half, c10::Half, c10::Half, binary_internal::MulFunctor<float>>>(at::TensorIteratorBase &, const T1 &)::[lambda(int) (instance 1)]>(int, T3)",155008.0,68736.0,5696.0,1.95,3.48
"void at::vectorized_elementwise_kernel<4, at::CUDAFunctor_add<c10::Half>, std::array<char *, 3>>(int, T2, T3)",268416.0,63744.0,3104.0,5.32,0.77
"void at::elementwise_kernel<128, 4, void at::gpu_kernel_impl_nocast<at::BinaryFunctor<c10::Half, c10::Half, c10::Half, binary_internal::MulFunctor<float>>>(at::TensorIteratorBase &, const T1 &)::[lambda(int) (instance 1)]>(int, T3)",40320.0,4608.0,5504.0,0.4,0.45
"void at::elementwise_kernel<128, 4, void at::gpu_kernel_impl_nocast<at::neg_kernel_cuda(at::TensorIteratorBase &)::[lambda() (instance 2)]::operator ()() const::[lambda() (instance 8)]::operator ()() const::[lambda(c10::Half) (instance 1)]>(at::TensorIteratorBase &, const T1 &)::[lambda(int) (instance 1)]>(int, T3)",25984.0,21760.0,5248.0,0.45,0.16
"void at::<unnamed>::CatArrayBatchedCopy<at::<unnamed>::OpaqueType<2>, unsigned int, 4, 64, 64>(T1 *, at::<unnamed>::CatArrInputTensorMetadata<T1, T2, T4, T5>, at::<unnamed>::TensorSizeStride<T2, 4>, int, T2)",23424.0,26112.0,6560.0,0.37,4.42
"void at::elementwise_kernel<128, 4, void at::gpu_kernel_impl_nocast<at::BinaryFunctor<c10::Half, c10::Half, c10::Half, binary_internal::MulFunctor<float>>>(at::TensorIteratorBase &, const T1 &)::[lambda(int) (instance 1)]>(int, T3)",40192.0,4352.0,5568.0,0.4,0.44
"void at::vectorized_elementwise_kernel<4, at::CUDAFunctor_add<c10::Half>, std::array<char *, 3>>(int, T2, T3)",39040.0,2304.0,2848.0,0.72,0.1
"void at::<unnamed>::CatArrayBatchedCopy_vectorized<at::<unnamed>::OpaqueType<2>, unsigned int, 3, 128, 1, 16, 8>(char *, at::<unnamed>::CatArrInputTensorMetadata<T1, T2, T4, T5>, at::<unnamed>::TensorSizeStride<T2, 4>, int, T2)",16798592.0,16761600.0,22784.0,72.38,14.45
"void at::<unnamed>::CatArrayBatchedCopy_vectorized<at::<unnamed>::OpaqueType<2>, unsigned int, 3, 128, 1, 16, 8>(char *, at::<unnamed>::CatArrInputTensorMetadata<T1, T2, T4, T5>, at::<unnamed>::TensorSizeStride<T2, 4>, int, T2)",16797952.0,16735744.0,22752.0,72.43,14.47
"void pytorch_flash::flash_fwd_splitkv_kernel<Flash_fwd_kernel_traits<64, 64, 256, 4, 0, 0, cutlass::half_t, Flash_kernel_traits<64, 64, 256, 4, cutlass::half_t>>, 0, 0, 0, 0, 1, 0, 1, 0>(pytorch_flash::Flash_fwd_params)",33796096.0,13183872.0,37664.0,61.24,25.55
"void pytorch_flash::flash_fwd_splitkv_combine_kernel<Flash_fwd_kernel_traits<64, 64, 256, 4, 0, 0, cutlass::half_t, Flash_kernel_traits<64, 64, 256, 4, cutlass::half_t>>, 8, 2, 1>(pytorch_flash::Flash_fwd_params)",821504.0,258944.0,7520.0,7.05,6.91
ampere_fp16_s16816gemm_fp16_128x64_ldg8_f2f_stages_32x6_tn,8534656.0,1128064.0,11552.0,41.13,15.11
"void cublasLt::splitKreduce_kernel<32, 16, int, __half, __half, float, __half, 0, __half, __half, __half, 1, 0, 0>(cublasLt::cublasSplitKParams<T6>, const T4 *, const T10 *, T9 *, T5 *, const T6 *, const T6 *, const T11 *, const T4 *, T11 *, void *, long, T6 *, int *, T6 *, T6 *, const T6 *, const T6 *, const T6 *, const T6 *, const T6 *)",532736.0,212224.0,4064.0,9.09,9.49
"void at::vectorized_elementwise_kernel<4, at::CUDAFunctor_add<c10::Half>, std::array<char *, 3>>(int, T2, T3)",268416.0,109952.0,3072.0,6.14,0.78
"void at::unrolled_elementwise_kernel<at::direct_copy_kernel_cuda(at::TensorIteratorBase &)::[lambda() (instance 3)]::operator ()() const::[lambda() (instance 7)]::operator ()() const::[lambda(float) (instance 1)], std::array<char *, 2>, 4, TrivialOffsetCalculator<1, unsigned int>, TrivialOffsetCalculator<1, unsigned int>, memory::LoadWithCast<1>, memory::StoreWithCast<1>>(int, T1, T2, T4, T5, T6, T7)",163200.0,147200.0,6208.0,2.46,2.75
"void at::vectorized_elementwise_kernel<4, void at::<unnamed>::pow_tensor_scalar_kernel_impl<float, float>(at::TensorIteratorBase &, T2)::[lambda(float) (instance 1)], std::array<char *, 2>>(int, T2, T3)",266880.0,95616.0,3040.0,5.98,0.45
"void at::reduce_kernel<512, 1, at::ReduceOp<float, at::MeanOps<float, float, float, float>, unsigned int, float, 4, 4>>(T3)",313344.0,2688.0,13312.0,1.17,0.14
"void at::vectorized_elementwise_kernel<4, at::CUDAFunctorOnSelf_add<float>, std::array<char *, 2>>(int, T2, T3)",4864.0,896.0,2816.0,0.1,0.02
"void at::vectorized_elementwise_kernel<4, at::rsqrt_kernel_cuda(at::TensorIteratorBase &)::[lambda() (instance 2)]::operator ()() const::[lambda() (instance 2)]::operator ()() const::[lambda(float) (instance 1)], std::array<char *, 2>>(int, T2, T3)",6400.0,1792.0,3040.0,0.13,0.03
"void at::elementwise_kernel<128, 2, void at::gpu_kernel_impl_nocast<at::BinaryFunctor<float, float, float, binary_internal::MulFunctor<float>>>(at::TensorIteratorBase &, const T1 &)::[lambda(int) (instance 1)]>(int, T3)",273280.0,117888.0,4544.0,4.26,3.8
"void at::vectorized_elementwise_kernel<4, at::float16_copy_kernel_cuda(at::TensorIteratorBase &)::[lambda(float) (instance 1)], std::array<char *, 2>>(int, T2, T3)",267136.0,60416.0,3008.0,5.5,0.41
"void at::elementwise_kernel<128, 4, void at::gpu_kernel_impl_nocast<at::BinaryFunctor<c10::Half, c10::Half, c10::Half, binary_internal::MulFunctor<float>>>(at::TensorIteratorBase &, const T1 &)::[lambda(int) (instance 1)]>(int, T3)",154880.0,74240.0,5760.0,1.98,2.85
ampere_fp16_s16816gemm_fp16_64x64_sliced1x2_ldg8_f2f_stages_64x5_tn,23214592.0,7045376.0,23520.0,63.23,20.31
"void at::vectorized_elementwise_kernel<4, at::<unnamed>::silu_kernel(at::TensorIteratorBase &)::[lambda() (instance 1)]::operator ()() const::[lambda() (instance 5)]::operator ()() const::[lambda(c10::Half) (instance 1)], std::array<char *, 2>>(int, T2, T3)",373632.0,220160.0,3904.0,7.5,5.91
ampere_fp16_s16816gemm_fp16_64x64_sliced1x2_ldg8_f2f_stages_64x5_tn,23214464.0,6963584.0,23040.0,64.31,20.73
"void at::vectorized_elementwise_kernel<4, at::BinaryFunctor<c10::Half, c10::Half, c10::Half, binary_internal::MulFunctor<float>>, std::array<char *, 3>>(int, T2, T3)",727168.0,276864.0,3584.0,13.9,1.82
ampere_fp16_s16816gemm_fp16_128x64_ldg8_f2f_stages_32x6_tn,23444352.0,9156480.0,24544.0,65.32,19.46
"void cublasLt::splitKreduce_kernel<32, 16, int, __half, __half, float, __half, 0, __half, __half, __half, 1, 0, 0>(cublasLt::cublasSplitKParams<T6>, const T4 *, const T10 *, T9 *, T5 *, const T6 *, const T6 *, const T11 *, const T4 *, T11 *, void *, long, T6 *, int *, T6 *, T6 *, const T6 *, const T6 *, const T6 *, const T6 *, const T6 *)",794880.0,340608.0,5376.0,10.41,8.31
"void at::vectorized_elementwise_kernel<4, at::CUDAFunctor_add<c10::Half>, std::array<char *, 3>>(int, T2, T3)",268416.0,105344.0,3200.0,5.82,0.75
"void at::unrolled_elementwise_kernel<at::direct_copy_kernel_cuda(at::TensorIteratorBase &)::[lambda() (instance 3)]::operator ()() const::[lambda() (instance 7)]::operator ()() const::[lambda(float) (instance 1)], std::array<char *, 2>, 4, TrivialOffsetCalculator<1, unsigned int>, TrivialOffsetCalculator<1, unsigned int>, memory::LoadWithCast<1>, memory::StoreWithCast<1>>(int, T1, T2, T4, T5, T6, T7)",163200.0,164608.0,6080.0,2.66,2.8
"void at::vectorized_elementwise_kernel<4, void at::<unnamed>::pow_tensor_scalar_kernel_impl<float, float>(at::TensorIteratorBase &, T2)::[lambda(float) (instance 1)], std::array<char *, 2>>(int, T2, T3)",266880.0,174080.0,3168.0,6.97,0.43
"void at::reduce_kernel<512, 1, at::ReduceOp<float, at::MeanOps<float, float, float, float>, unsigned int, float, 4, 4>>(T3)",313216.0,2304.0,13216.0,1.17,0.14
"void at::vectorized_elementwise_kernel<4, at::CUDAFunctorOnSelf_add<float>, std::array<char *, 2>>(int, T2, T3)",4864.0,896.0,2880.0,0.1,0.02
"void at::vectorized_elementwise_kernel<4, at::rsqrt_kernel_cuda(at::TensorIteratorBase &)::[lambda() (instance 2)]::operator ()() const::[lambda() (instance 2)]::operator ()() const::[lambda(float) (instance 1)], std::array<char *, 2>>(int, T2, T3)",6400.0,1536.0,3040.0,0.13,0.03
"void at::elementwise_kernel<128, 2, void at::gpu_kernel_impl_nocast<at::BinaryFunctor<float, float, float, binary_internal::MulFunctor<float>>>(at::TensorIteratorBase &, const T1 &)::[lambda(int) (instance 1)]>(int, T3)",273280.0,174080.0,4608.0,4.82,3.75
"void at::vectorized_elementwise_kernel<4, at::float16_copy_kernel_cuda(at::TensorIteratorBase &)::[lambda(float) (instance 1)], std::array<char *, 2>>(int, T2, T3)",267136.0,106624.0,3072.0,6.0,0.4
"void at::elementwise_kernel<128, 4, void at::gpu_kernel_impl_nocast<at::BinaryFunctor<c10::Half, c10::Half, c10::Half, binary_internal::MulFunctor<float>>>(at::TensorIteratorBase &, const T1 &)::[lambda(int) (instance 1)]>(int, T3)",154880.0,134656.0,5568.0,2.56,2.94
ampere_fp16_s16816gemm_fp16_128x64_ldg8_f2f_stages_32x6_tn,8534656.0,982400.0,11648.0,40.2,14.95
"void cublasLt::splitKreduce_kernel<32, 16, int, __half, __half, float, __half, 0, __half, __half, __half, 1, 0, 0>(cublasLt::cublasSplitKParams<T6>, const T4 *, const T10 *, T9 *, T5 *, const T6 *, const T6 *, const T11 *, const T4 *, T11 *, void *, long, T6 *, int *, T6 *, T6 *, const T6 *, const T6 *, const T6 *, const T6 *, const T6 *)",532736.0,277888.0,4192.0,9.57,9.16
void cutlass::Kernel2<cutlass_80_wmma_tensorop_s161616gemm_f16_32x32_128x2_tn_align8>(T1::Params),1193600.0,434944.0,5920.0,13.54,5.08
"void cublasLt::splitKreduce_kernel<32, 16, int, float, __half, float, __half, 0, __half, __half, __half, 1, 0, 0>(cublasLt::cublasSplitKParams<T6>, const T4 *, const T10 *, T9 *, T5 *, const T6 *, const T6 *, const T11 *, const T4 *, T11 *, void *, long, T6 *, int *, T6 *, T6 *, const T6 *, const T6 *, const T6 *, const T6 *, const T6 *)",270080.0,26496.0,3360.0,4.33,1.54
void cutlass::Kernel2<cutlass_80_wmma_tensorop_s161616gemm_f16_32x32_128x2_tn_align8>(T1::Params),1193472.0,209408.0,5888.0,11.78,5.15
"void cublasLt::splitKreduce_kernel<32, 16, int, float, __half, float, __half, 0, __half, __half, __half, 1, 0, 0>(cublasLt::cublasSplitKParams<T6>, const T4 *, const T10 *, T9 *, T5 *, const T6 *, const T6 *, const T11 *, const T4 *, T11 *, void *, long, T6 *, int *, T6 *, T6 *, const T6 *, const T6 *, const T6 *, const T6 *, const T6 *)",270080.0,34944.0,3616.0,4.16,1.44
"void at::elementwise_kernel<128, 4, void at::gpu_kernel_impl_nocast<at::BinaryFunctor<c10::Half, c10::Half, c10::Half, binary_internal::MulFunctor<float>>>(at::TensorIteratorBase &, const T1 &)::[lambda(int) (instance 1)]>(int, T3)",154880.0,143616.0,5824.0,2.54,3.4
"void at::elementwise_kernel<128, 4, void at::gpu_kernel_impl_nocast<at::neg_kernel_cuda(at::TensorIteratorBase &)::[lambda() (instance 2)]::operator ()() const::[lambda() (instance 8)]::operator ()() const::[lambda(c10::Half) (instance 1)]>(at::TensorIteratorBase &, const T1 &)::[lambda(int) (instance 1)]>(int, T3)",83328.0,103936.0,5504.0,1.68,1.23
"void at::<unnamed>::CatArrayBatchedCopy<at::<unnamed>::OpaqueType<2>, unsigned int, 4, 64, 64>(T1 *, at::<unnamed>::CatArrInputTensorMetadata<T1, T2, T4, T5>, at::<unnamed>::TensorSizeStride<T2, 4>, int, T2)",138112.0,195456.0,6912.0,2.39,12.52
"void at::elementwise_kernel<128, 4, void at::gpu_kernel_impl_nocast<at::BinaryFunctor<c10::Half, c10::Half, c10::Half, binary_internal::MulFunctor<float>>>(at::TensorIteratorBase &, const T1 &)::[lambda(int) (instance 1)]>(int, T3)",155008.0,72960.0,5696.0,1.97,3.47
"void at::vectorized_elementwise_kernel<4, at::CUDAFunctor_add<c10::Half>, std::array<char *, 3>>(int, T2, T3)",268416.0,64512.0,2976.0,5.51,0.8
"void at::elementwise_kernel<128, 4, void at::gpu_kernel_impl_nocast<at::BinaryFunctor<c10::Half, c10::Half, c10::Half, binary_internal::MulFunctor<float>>>(at::TensorIteratorBase &, const T1 &)::[lambda(int) (instance 1)]>(int, T3)",40320.0,6144.0,5440.0,0.42,0.45
"void at::elementwise_kernel<128, 4, void at::gpu_kernel_impl_nocast<at::neg_kernel_cuda(at::TensorIteratorBase &)::[lambda() (instance 2)]::operator ()() const::[lambda() (instance 8)]::operator ()() const::[lambda(c10::Half) (instance 1)]>(at::TensorIteratorBase &, const T1 &)::[lambda(int) (instance 1)]>(int, T3)",25984.0,19840.0,5216.0,0.43,0.16
"void at::<unnamed>::CatArrayBatchedCopy<at::<unnamed>::OpaqueType<2>, unsigned int, 4, 64, 64>(T1 *, at::<unnamed>::CatArrInputTensorMetadata<T1, T2, T4, T5>, at::<unnamed>::TensorSizeStride<T2, 4>, int, T2)",23424.0,30848.0,6560.0,0.41,4.43
"void at::elementwise_kernel<128, 4, void at::gpu_kernel_impl_nocast<at::BinaryFunctor<c10::Half, c10::Half, c10::Half, binary_internal::MulFunctor<float>>>(at::TensorIteratorBase &, const T1 &)::[lambda(int) (instance 1)]>(int, T3)",40192.0,4224.0,5440.0,0.4,0.46
"void at::vectorized_elementwise_kernel<4, at::CUDAFunctor_add<c10::Half>, std::array<char *, 3>>(int, T2, T3)",39040.0,1152.0,2944.0,0.68,0.1
"void at::<unnamed>::CatArrayBatchedCopy_vectorized<at::<unnamed>::OpaqueType<2>, unsigned int, 3, 128, 1, 16, 8>(char *, at::<unnamed>::CatArrInputTensorMetadata<T1, T2, T4, T5>, at::<unnamed>::TensorSizeStride<T2, 4>, int, T2)",16800640.0,17019264.0,23360.0,71.22,14.15
"void at::<unnamed>::CatArrayBatchedCopy_vectorized<at::<unnamed>::OpaqueType<2>, unsigned int, 3, 128, 1, 16, 8>(char *, at::<unnamed>::CatArrInputTensorMetadata<T1, T2, T4, T5>, at::<unnamed>::TensorSizeStride<T2, 4>, int, T2)",16798464.0,17042176.0,23680.0,70.23,13.89
"void pytorch_flash::flash_fwd_splitkv_kernel<Flash_fwd_kernel_traits<64, 64, 256, 4, 0, 0, cutlass::half_t, Flash_kernel_traits<64, 64, 256, 4, cutlass::half_t>>, 0, 0, 0, 0, 1, 0, 1, 0>(pytorch_flash::Flash_fwd_params)",33795200.0,13826304.0,39360.0,59.43,24.43
"void pytorch_flash::flash_fwd_splitkv_combine_kernel<Flash_fwd_kernel_traits<64, 64, 256, 4, 0, 0, cutlass::half_t, Flash_kernel_traits<64, 64, 256, 4, cutlass::half_t>>, 8, 2, 1>(pytorch_flash::Flash_fwd_params)",821504.0,251392.0,7552.0,6.97,6.92
ampere_fp16_s16816gemm_fp16_128x64_ldg8_f2f_stages_32x6_tn,8534528.0,941184.0,11456.0,40.76,15.32
"void cublasLt::splitKreduce_kernel<32, 16, int, __half, __half, float, __half, 0, __half, __half, __half, 1, 0, 0>(cublasLt::cublasSplitKParams<T6>, const T4 *, const T10 *, T9 *, T5 *, const T6 *, const T6 *, const T11 *, const T4 *, T11 *, void *, long, T6 *, int *, T6 *, T6 *, const T6 *, const T6 *, const T6 *, const T6 *, const T6 *)",532736.0,279808.0,4096.0,9.9,9.45
"void at::vectorized_elementwise_kernel<4, at::CUDAFunctor_add<c10::Half>, std::array<char *, 3>>(int, T2, T3)",268416.0,107392.0,3296.0,5.65,0.73
"void at::unrolled_elementwise_kernel<at::direct_copy_kernel_cuda(at::TensorIteratorBase &)::[lambda() (instance 3)]::operator ()() const::[lambda() (instance 7)]::operator ()() const::[lambda(float) (instance 1)], std::array<char *, 2>, 4, TrivialOffsetCalculator<1, unsigned int>, TrivialOffsetCalculator<1, unsigned int>, memory::LoadWithCast<1>, memory::StoreWithCast<1>>(int, T1, T2, T4, T5, T6, T7)",163200.0,121344.0,6176.0,2.27,2.75
"void at::vectorized_elementwise_kernel<4, void at::<unnamed>::pow_tensor_scalar_kernel_impl<float, float>(at::TensorIteratorBase &, T2)::[lambda(float) (instance 1)], std::array<char *, 2>>(int, T2, T3)",266880.0,137472.0,3168.0,6.33,0.43
"void at::reduce_kernel<512, 1, at::ReduceOp<float, at::MeanOps<float, float, float, float>, unsigned int, float, 4, 4>>(T3)",313216.0,27136.0,13152.0,1.27,0.14
"void at::vectorized_elementwise_kernel<4, at::CUDAFunctorOnSelf_add<float>, std::array<char *, 2>>(int, T2, T3)",4864.0,896.0,2880.0,0.1,0.02
"void at::vectorized_elementwise_kernel<4, at::rsqrt_kernel_cuda(at::TensorIteratorBase &)::[lambda() (instance 2)]::operator ()() const::[lambda() (instance 2)]::operator ()() const::[lambda(float) (instance 1)], std::array<char *, 2>>(int, T2, T3)",6400.0,512.0,3040.0,0.11,0.03
"void at::elementwise_kernel<128, 2, void at::gpu_kernel_impl_nocast<at::BinaryFunctor<float, float, float, binary_internal::MulFunctor<float>>>(at::TensorIteratorBase &, const T1 &)::[lambda(int) (instance 1)]>(int, T3)",273280.0,133760.0,4544.0,4.44,3.81
"void at::vectorized_elementwise_kernel<4, at::float16_copy_kernel_cuda(at::TensorIteratorBase &)::[lambda(float) (instance 1)], std::array<char *, 2>>(int, T2, T3)",267136.0,135168.0,3104.0,6.41,0.4
"void at::elementwise_kernel<128, 4, void at::gpu_kernel_impl_nocast<at::BinaryFunctor<c10::Half, c10::Half, c10::Half, binary_internal::MulFunctor<float>>>(at::TensorIteratorBase &, const T1 &)::[lambda(int) (instance 1)]>(int, T3)",154880.0,138752.0,5632.0,2.56,2.92
ampere_fp16_s16816gemm_fp16_64x64_sliced1x2_ldg8_f2f_stages_64x5_tn,23215104.0,7153920.0,23712.0,62.85,20.15
"void at::vectorized_elementwise_kernel<4, at::<unnamed>::silu_kernel(at::TensorIteratorBase &)::[lambda() (instance 1)]::operator ()() const::[lambda() (instance 5)]::operator ()() const::[lambda(c10::Half) (instance 1)], std::array<char *, 2>>(int, T2, T3)",373632.0,204928.0,3840.0,7.42,6.01
ampere_fp16_s16816gemm_fp16_64x64_sliced1x2_ldg8_f2f_stages_64x5_tn,23215360.0,7375872.0,23488.0,63.97,20.35
"void at::vectorized_elementwise_kernel<4, at::BinaryFunctor<c10::Half, c10::Half, c10::Half, binary_internal::MulFunctor<float>>, std::array<char *, 3>>(int, T2, T3)",727168.0,270720.0,3616.0,13.72,1.81
ampere_fp16_s16816gemm_fp16_128x64_ldg8_f2f_stages_32x6_tn,23444992.0,9066240.0,24352.0,65.51,19.58
"void cublasLt::splitKreduce_kernel<32, 16, int, __half, __half, float, __half, 0, __half, __half, __half, 1, 0, 0>(cublasLt::cublasSplitKParams<T6>, const T4 *, const T10 *, T9 *, T5 *, const T6 *, const T6 *, const T11 *, const T4 *, T11 *, void *, long, T6 *, int *, T6 *, T6 *, const T6 *, const T6 *, const T6 *, const T6 *, const T6 *)",794880.0,403968.0,5504.0,10.78,8.16
"void at::vectorized_elementwise_kernel<4, at::CUDAFunctor_add<c10::Half>, std::array<char *, 3>>(int, T2, T3)",268416.0,117504.0,3168.0,6.04,0.76
"void at::unrolled_elementwise_kernel<at::direct_copy_kernel_cuda(at::TensorIteratorBase &)::[lambda() (instance 3)]::operator ()() const::[lambda() (instance 7)]::operator ()() const::[lambda(float) (instance 1)], std::array<char *, 2>, 4, TrivialOffsetCalculator<1, unsigned int>, TrivialOffsetCalculator<1, unsigned int>, memory::LoadWithCast<1>, memory::StoreWithCast<1>>(int, T1, T2, T4, T5, T6, T7)",163200.0,170752.0,6112.0,2.7,2.8
"void at::vectorized_elementwise_kernel<4, void at::<unnamed>::pow_tensor_scalar_kernel_impl<float, float>(at::TensorIteratorBase &, T2)::[lambda(float) (instance 1)], std::array<char *, 2>>(int, T2, T3)",266880.0,156544.0,3168.0,6.61,0.43
"void at::reduce_kernel<512, 1, at::ReduceOp<float, at::MeanOps<float, float, float, float>, unsigned int, float, 4, 4>>(T3)",313216.0,7552.0,13152.0,1.2,0.14
"void at::vectorized_elementwise_kernel<4, at::CUDAFunctorOnSelf_add<float>, std::array<char *, 2>>(int, T2, T3)",4864.0,896.0,3296.0,0.09,0.02
"void at::vectorized_elementwise_kernel<4, at::rsqrt_kernel_cuda(at::TensorIteratorBase &)::[lambda() (instance 2)]::operator ()() const::[lambda() (instance 2)]::operator ()() const::[lambda(float) (instance 1)], std::array<char *, 2>>(int, T2, T3)",6400.0,512.0,3040.0,0.11,0.03
"void at::elementwise_kernel<128, 2, void at::gpu_kernel_impl_nocast<at::BinaryFunctor<float, float, float, binary_internal::MulFunctor<float>>>(at::TensorIteratorBase &, const T1 &)::[lambda(int) (instance 1)]>(int, T3)",273408.0,172416.0,4640.0,4.77,3.7
"void at::vectorized_elementwise_kernel<4, at::float16_copy_kernel_cuda(at::TensorIteratorBase &)::[lambda(float) (instance 1)], std::array<char *, 2>>(int, T2, T3)",267136.0,103168.0,3040.0,6.1,0.41
"void at::elementwise_kernel<128, 4, void at::gpu_kernel_impl_nocast<at::BinaryFunctor<c10::Half, c10::Half, c10::Half, binary_internal::MulFunctor<float>>>(at::TensorIteratorBase &, const T1 &)::[lambda(int) (instance 1)]>(int, T3)",154880.0,130944.0,5728.0,2.47,2.88
ampere_fp16_s16816gemm_fp16_128x64_ldg8_f2f_stages_32x6_tn,8534528.0,1092352.0,11712.0,40.52,14.88
"void cublasLt::splitKreduce_kernel<32, 16, int, __half, __half, float, __half, 0, __half, __half, __half, 1, 0, 0>(cublasLt::cublasSplitKParams<T6>, const T4 *, const T10 *, T9 *, T5 *, const T6 *, const T6 *, const T11 *, const T4 *, T11 *, void *, long, T6 *, int *, T6 *, T6 *, const T6 *, const T6 *, const T6 *, const T6 *, const T6 *)",532736.0,289024.0,4064.0,10.03,9.47
void cutlass::Kernel2<cutlass_80_wmma_tensorop_s161616gemm_f16_32x32_128x2_tn_align8>(T1::Params),1193600.0,387968.0,6112.0,12.84,4.95
"void cublasLt::splitKreduce_kernel<32, 16, int, float, __half, float, __half, 0, __half, __half, __half, 1, 0, 0>(cublasLt::cublasSplitKParams<T6>, const T4 *, const T10 *, T9 *, T5 *, const T6 *, const T6 *, const T11 *, const T4 *, T11 *, void *, long, T6 *, int *, T6 *, T6 *, const T6 *, const T6 *, const T6 *, const T6 *, const T6 *)",270080.0,23936.0,3456.0,4.19,1.5
void cutlass::Kernel2<cutlass_80_wmma_tensorop_s161616gemm_f16_32x32_128x2_tn_align8>(T1::Params),1193472.0,312832.0,5952.0,12.53,5.09
"void cublasLt::splitKreduce_kernel<32, 16, int, float, __half, float, __half, 0, __half, __half, __half, 1, 0, 0>(cublasLt::cublasSplitKParams<T6>, const T4 *, const T10 *, T9 *, T5 *, const T6 *, const T6 *, const T11 *, const T4 *, T11 *, void *, long, T6 *, int *, T6 *, T6 *, const T6 *, const T6 *, const T6 *, const T6 *, const T6 *)",270080.0,42112.0,3456.0,4.51,1.51
"void at::elementwise_kernel<128, 4, void at::gpu_kernel_impl_nocast<at::BinaryFunctor<c10::Half, c10::Half, c10::Half, binary_internal::MulFunctor<float>>>(at::TensorIteratorBase &, const T1 &)::[lambda(int) (instance 1)]>(int, T3)",154880.0,127232.0,5888.0,2.38,3.37
"void at::elementwise_kernel<128, 4, void at::gpu_kernel_impl_nocast<at::neg_kernel_cuda(at::TensorIteratorBase &)::[lambda() (instance 2)]::operator ()() const::[lambda() (instance 8)]::operator ()() const::[lambda(c10::Half) (instance 1)]>(at::TensorIteratorBase &, const T1 &)::[lambda(int) (instance 1)]>(int, T3)",83328.0,102528.0,5600.0,1.64,1.21
"void at::<unnamed>::CatArrayBatchedCopy<at::<unnamed>::OpaqueType<2>, unsigned int, 4, 64, 64>(T1 *, at::<unnamed>::CatArrInputTensorMetadata<T1, T2, T4, T5>, at::<unnamed>::TensorSizeStride<T2, 4>, int, T2)",138112.0,196480.0,6912.0,2.38,12.55
"void at::elementwise_kernel<128, 4, void at::gpu_kernel_impl_nocast<at::BinaryFunctor<c10::Half, c10::Half, c10::Half, binary_internal::MulFunctor<float>>>(at::TensorIteratorBase &, const T1 &)::[lambda(int) (instance 1)]>(int, T3)",155008.0,70656.0,5664.0,1.96,3.48
"void at::vectorized_elementwise_kernel<4, at::CUDAFunctor_add<c10::Half>, std::array<char *, 3>>(int, T2, T3)",268416.0,67840.0,3168.0,5.3,0.76
"void at::elementwise_kernel<128, 4, void at::gpu_kernel_impl_nocast<at::BinaryFunctor<c10::Half, c10::Half, c10::Half, binary_internal::MulFunctor<float>>>(at::TensorIteratorBase &, const T1 &)::[lambda(int) (instance 1)]>(int, T3)",40192.0,4608.0,5536.0,0.4,0.45
"void at::elementwise_kernel<128, 4, void at::gpu_kernel_impl_nocast<at::neg_kernel_cuda(at::TensorIteratorBase &)::[lambda() (instance 2)]::operator ()() const::[lambda() (instance 8)]::operator ()() const::[lambda(c10::Half) (instance 1)]>(at::TensorIteratorBase &, const T1 &)::[lambda(int) (instance 1)]>(int, T3)",25984.0,18688.0,5216.0,0.42,0.16
"void at::<unnamed>::CatArrayBatchedCopy<at::<unnamed>::OpaqueType<2>, unsigned int, 4, 64, 64>(T1 *, at::<unnamed>::CatArrInputTensorMetadata<T1, T2, T4, T5>, at::<unnamed>::TensorSizeStride<T2, 4>, int, T2)",23296.0,26752.0,6752.0,0.37,4.26
"void at::elementwise_kernel<128, 4, void at::gpu_kernel_impl_nocast<at::BinaryFunctor<c10::Half, c10::Half, c10::Half, binary_internal::MulFunctor<float>>>(at::TensorIteratorBase &, const T1 &)::[lambda(int) (instance 1)]>(int, T3)",40192.0,4352.0,5504.0,0.4,0.45
"void at::vectorized_elementwise_kernel<4, at::CUDAFunctor_add<c10::Half>, std::array<char *, 3>>(int, T2, T3)",39040.0,512.0,2784.0,0.7,0.11
"void at::<unnamed>::CatArrayBatchedCopy_vectorized<at::<unnamed>::OpaqueType<2>, unsigned int, 3, 128, 1, 16, 8>(char *, at::<unnamed>::CatArrInputTensorMetadata<T1, T2, T4, T5>, at::<unnamed>::TensorSizeStride<T2, 4>, int, T2)",16798464.0,16820992.0,23456.0,70.39,14.04
"void at::<unnamed>::CatArrayBatchedCopy_vectorized<at::<unnamed>::OpaqueType<2>, unsigned int, 3, 128, 1, 16, 8>(char *, at::<unnamed>::CatArrInputTensorMetadata<T1, T2, T4, T5>, at::<unnamed>::TensorSizeStride<T2, 4>, int, T2)",16798720.0,17009920.0,23616.0,70.43,13.95
"void pytorch_flash::flash_fwd_splitkv_kernel<Flash_fwd_kernel_traits<64, 64, 256, 4, 0, 0, cutlass::half_t, Flash_kernel_traits<64, 64, 256, 4, cutlass::half_t>>, 0, 0, 0, 0, 1, 0, 1, 0>(pytorch_flash::Flash_fwd_params)",33796096.0,12914816.0,37472.0,61.19,25.69
"void pytorch_flash::flash_fwd_splitkv_combine_kernel<Flash_fwd_kernel_traits<64, 64, 256, 4, 0, 0, cutlass::half_t, Flash_kernel_traits<64, 64, 256, 4, cutlass::half_t>>, 8, 2, 1>(pytorch_flash::Flash_fwd_params)",821504.0,279424.0,7840.0,6.92,6.63
ampere_fp16_s16816gemm_fp16_128x64_ldg8_f2f_stages_32x6_tn,8534912.0,1129984.0,11456.0,41.54,15.23
"void cublasLt::splitKreduce_kernel<32, 16, int, __half, __half, float, __half, 0, __half, __half, __half, 1, 0, 0>(cublasLt::cublasSplitKParams<T6>, const T4 *, const T10 *, T9 *, T5 *, const T6 *, const T6 *, const T11 *, const T4 *, T11 *, void *, long, T6 *, int *, T6 *, T6 *, const T6 *, const T6 *, const T6 *, const T6 *, const T6 *)",532736.0,219264.0,4064.0,9.24,9.5
"void at::vectorized_elementwise_kernel<4, at::CUDAFunctor_add<c10::Half>, std::array<char *, 3>>(int, T2, T3)",268416.0,103936.0,3040.0,6.13,0.78
"void at::unrolled_elementwise_kernel<at::direct_copy_kernel_cuda(at::TensorIteratorBase &)::[lambda() (instance 3)]::operator ()() const::[lambda() (instance 7)]::operator ()() const::[lambda(float) (instance 1)], std::array<char *, 2>, 4, TrivialOffsetCalculator<1, unsigned int>, TrivialOffsetCalculator<1, unsigned int>, memory::LoadWithCast<1>, memory::StoreWithCast<1>>(int, T1, T2, T4, T5, T6, T7)",163200.0,144768.0,6176.0,2.47,2.77
"void at::vectorized_elementwise_kernel<4, void at::<unnamed>::pow_tensor_scalar_kernel_impl<float, float>(at::TensorIteratorBase &, T2)::[lambda(float) (instance 1)], std::array<char *, 2>>(int, T2, T3)",266880.0,104960.0,3040.0,6.12,0.45
"void at::reduce_kernel<512, 1, at::ReduceOp<float, at::MeanOps<float, float, float, float>, unsigned int, float, 4, 4>>(T3)",313344.0,2688.0,12992.0,1.2,0.14
"void at::vectorized_elementwise_kernel<4, at::CUDAFunctorOnSelf_add<float>, std::array<char *, 2>>(int, T2, T3)",4864.0,1152.0,2848.0,0.11,0.02
"void at::vectorized_elementwise_kernel<4, at::rsqrt_kernel_cuda(at::TensorIteratorBase &)::[lambda() (instance 2)]::operator ()() const::[lambda() (instance 2)]::operator ()() const::[lambda(float) (instance 1)], std::array<char *, 2>>(int, T2, T3)",6400.0,512.0,3104.0,0.11,0.03
"void at::elementwise_kernel<128, 2, void at::gpu_kernel_impl_nocast<at::BinaryFunctor<float, float, float, binary_internal::MulFunctor<float>>>(at::TensorIteratorBase &, const T1 &)::[lambda(int) (instance 1)]>(int, T3)",273280.0,117760.0,4640.0,4.18,3.7
"void at::vectorized_elementwise_kernel<4, at::float16_copy_kernel_cuda(at::TensorIteratorBase &)::[lambda(float) (instance 1)], std::array<char *, 2>>(int, T2, T3)",267136.0,58880.0,2944.0,5.5,0.42
"void at::elementwise_kernel<128, 4, void at::gpu_kernel_impl_nocast<at::BinaryFunctor<c10::Half, c10::Half, c10::Half, binary_internal::MulFunctor<float>>>(at::TensorIteratorBase &, const T1 &)::[lambda(int) (instance 1)]>(int, T3)",154880.0,73984.0,5856.0,1.94,2.79
ampere_fp16_s16816gemm_fp16_64x64_sliced1x2_ldg8_f2f_stages_64x5_tn,23214592.0,7206016.0,23712.0,63.0,20.25
"void at::vectorized_elementwise_kernel<4, at::<unnamed>::silu_kernel(at::TensorIteratorBase &)::[lambda() (instance 1)]::operator ()() const::[lambda() (instance 5)]::operator ()() const::[lambda(c10::Half) (instance 1)], std::array<char *, 2>>(int, T2, T3)",373632.0,216064.0,3968.0,7.41,5.84
ampere_fp16_s16816gemm_fp16_64x64_sliced1x2_ldg8_f2f_stages_64x5_tn,23214592.0,7288576.0,23360.0,64.2,20.46
"void at::vectorized_elementwise_kernel<4, at::BinaryFunctor<c10::Half, c10::Half, c10::Half, binary_internal::MulFunctor<float>>, std::array<char *, 3>>(int, T2, T3)",727168.0,274432.0,3488.0,14.22,1.89
ampere_fp16_s16816gemm_fp16_128x64_ldg8_f2f_stages_32x6_tn,23444224.0,9411456.0,24704.0,65.32,19.42
"void cublasLt::splitKreduce_kernel<32, 16, int, __half, __half, float, __half, 0, __half, __half, __half, 1, 0, 0>(cublasLt::cublasSplitKParams<T6>, const T4 *, const T10 *, T9 *, T5 *, const T6 *, const T6 *, const T11 *, const T4 *, T11 *, void *, long, T6 *, int *, T6 *, T6 *, const T6 *, const T6 *, const T6 *, const T6 *, const T6 *)",794880.0,331520.0,5600.0,9.96,7.99
"void at::vectorized_elementwise_kernel<4, at::CUDAFunctor_add<c10::Half>, std::array<char *, 3>>(int, T2, T3)",268416.0,107392.0,3136.0,5.91,0.76
"void at::unrolled_elementwise_kernel<at::direct_copy_kernel_cuda(at::TensorIteratorBase &)::[lambda() (instance 3)]::operator ()() const::[lambda() (instance 7)]::operator ()() const::[lambda(float) (instance 1)], std::array<char *, 2>, 4, TrivialOffsetCalculator<1, unsigned int>, TrivialOffsetCalculator<1, unsigned int>, memory::LoadWithCast<1>, memory::StoreWithCast<1>>(int, T1, T2, T4, T5, T6, T7)",163200.0,158848.0,6080.0,2.6,2.79
"void at::vectorized_elementwise_kernel<4, void at::<unnamed>::pow_tensor_scalar_kernel_impl<float, float>(at::TensorIteratorBase &, T2)::[lambda(float) (instance 1)], std::array<char *, 2>>(int, T2, T3)",266880.0,169216.0,3232.0,6.7,0.42
"void at::reduce_kernel<512, 1, at::ReduceOp<float, at::MeanOps<float, float, float, float>, unsigned int, float, 4, 4>>(T3)",313216.0,4480.0,13088.0,1.2,0.14
"void at::vectorized_elementwise_kernel<4, at::CUDAFunctorOnSelf_add<float>, std::array<char *, 2>>(int, T2, T3)",4864.0,1152.0,2880.0,0.1,0.02
"void at::vectorized_elementwise_kernel<4, at::rsqrt_kernel_cuda(at::TensorIteratorBase &)::[lambda() (instance 2)]::operator ()() const::[lambda() (instance 2)]::operator ()() const::[lambda(float) (instance 1)], std::array<char *, 2>>(int, T2, T3)",6912.0,1024.0,3040.0,0.13,0.04
"void at::elementwise_kernel<128, 2, void at::gpu_kernel_impl_nocast<at::BinaryFunctor<float, float, float, binary_internal::MulFunctor<float>>>(at::TensorIteratorBase &, const T1 &)::[lambda(int) (instance 1)]>(int, T3)",273408.0,171904.0,4640.0,4.72,3.73
"void at::vectorized_elementwise_kernel<4, at::float16_copy_kernel_cuda(at::TensorIteratorBase &)::[lambda(float) (instance 1)], std::array<char *, 2>>(int, T2, T3)",267136.0,117248.0,3040.0,6.27,0.41
"void at::elementwise_kernel<128, 4, void at::gpu_kernel_impl_nocast<at::BinaryFunctor<c10::Half, c10::Half, c10::Half, binary_internal::MulFunctor<float>>>(at::TensorIteratorBase &, const T1 &)::[lambda(int) (instance 1)]>(int, T3)",154880.0,134272.0,5696.0,2.5,2.87
ampere_fp16_s16816gemm_fp16_128x64_ldg8_f2f_stages_32x6_tn,8534528.0,1074560.0,11488.0,41.04,15.17
"void cublasLt::splitKreduce_kernel<32, 16, int, __half, __half, float, __half, 0, __half, __half, __half, 1, 0, 0>(cublasLt::cublasSplitKParams<T6>, const T4 *, const T10 *, T9 *, T5 *, const T6 *, const T6 *, const T11 *, const T4 *, T11 *, void *, long, T6 *, int *, T6 *, T6 *, const T6 *, const T6 *, const T6 *, const T6 *, const T6 *)",532736.0,269568.0,4288.0,9.33,8.98
void cutlass::Kernel2<cutlass_80_wmma_tensorop_s161616gemm_f16_32x32_128x2_tn_align8>(T1::Params),1193600.0,298624.0,6048.0,12.23,5.01
"void cublasLt::splitKreduce_kernel<32, 16, int, float, __half, float, __half, 0, __half, __half, __half, 1, 0, 0>(cublasLt::cublasSplitKParams<T6>, const T4 *, const T10 *, T9 *, T5 *, const T6 *, const T6 *, const T11 *, const T4 *, T11 *, void *, long, T6 *, int *, T6 *, T6 *, const T6 *, const T6 *, const T6 *, const T6 *, const T6 *)",270080.0,27136.0,3392.0,4.33,1.54
void cutlass::Kernel2<cutlass_80_wmma_tensorop_s161616gemm_f16_32x32_128x2_tn_align8>(T1::Params),1193472.0,435968.0,5952.0,13.56,5.08
"void cublasLt::splitKreduce_kernel<32, 16, int, float, __half, float, __half, 0, __half, __half, __half, 1, 0, 0>(cublasLt::cublasSplitKParams<T6>, const T4 *, const T10 *, T9 *, T5 *, const T6 *, const T6 *, const T11 *, const T4 *, T11 *, void *, long, T6 *, int *, T6 *, T6 *, const T6 *, const T6 *, const T6 *, const T6 *, const T6 *)",270080.0,25600.0,3584.0,4.07,1.45
"void at::elementwise_kernel<128, 4, void at::gpu_kernel_impl_nocast<at::BinaryFunctor<c10::Half, c10::Half, c10::Half, binary_internal::MulFunctor<float>>>(at::TensorIteratorBase &, const T1 &)::[lambda(int) (instance 1)]>(int, T3)",155008.0,147456.0,5760.0,2.58,3.43
"void at::elementwise_kernel<128, 4, void at::gpu_kernel_impl_nocast<at::neg_kernel_cuda(at::TensorIteratorBase &)::[lambda() (instance 2)]::operator ()() const::[lambda() (instance 8)]::operator ()() const::[lambda(c10::Half) (instance 1)]>(at::TensorIteratorBase &, const T1 &)::[lambda(int) (instance 1)]>(int, T3)",83328.0,106368.0,5504.0,1.7,1.23
"void at::<unnamed>::CatArrayBatchedCopy<at::<unnamed>::OpaqueType<2>, unsigned int, 4, 64, 64>(T1 *, at::<unnamed>::CatArrInputTensorMetadata<T1, T2, T4, T5>, at::<unnamed>::TensorSizeStride<T2, 4>, int, T2)",138112.0,194048.0,6816.0,2.4,12.75
"void at::elementwise_kernel<128, 4, void at::gpu_kernel_impl_nocast<at::BinaryFunctor<c10::Half, c10::Half, c10::Half, binary_internal::MulFunctor<float>>>(at::TensorIteratorBase &, const T1 &)::[lambda(int) (instance 1)]>(int, T3)",154880.0,74368.0,5856.0,1.92,3.36
"void at::vectorized_elementwise_kernel<4, at::CUDAFunctor_add<c10::Half>, std::array<char *, 3>>(int, T2, T3)",268416.0,74496.0,3072.0,5.55,0.79
"void at::elementwise_kernel<128, 4, void at::gpu_kernel_impl_nocast<at::BinaryFunctor<c10::Half, c10::Half, c10::Half, binary_internal::MulFunctor<float>>>(at::TensorIteratorBase &, const T1 &)::[lambda(int) (instance 1)]>(int, T3)",40192.0,6144.0,5536.0,0.41,0.44
"void at::elementwise_kernel<128, 4, void at::gpu_kernel_impl_nocast<at::neg_kernel_cuda(at::TensorIteratorBase &)::[lambda() (instance 2)]::operator ()() const::[lambda() (instance 8)]::operator ()() const::[lambda(c10::Half) (instance 1)]>(at::TensorIteratorBase &, const T1 &)::[lambda(int) (instance 1)]>(int, T3)",25984.0,19712.0,5056.0,0.45,0.17
"void at::<unnamed>::CatArrayBatchedCopy<at::<unnamed>::OpaqueType<2>, unsigned int, 4, 64, 64>(T1 *, at::<unnamed>::CatArrInputTensorMetadata<T1, T2, T4, T5>, at::<unnamed>::TensorSizeStride<T2, 4>, int, T2)",23296.0,27648.0,6688.0,0.38,4.33
"void at::elementwise_kernel<128, 4, void at::gpu_kernel_impl_nocast<at::BinaryFunctor<c10::Half, c10::Half, c10::Half, binary_internal::MulFunctor<float>>>(at::TensorIteratorBase &, const T1 &)::[lambda(int) (instance 1)]>(int, T3)",40192.0,13568.0,5536.0,0.48,0.45
"void at::vectorized_elementwise_kernel<4, at::CUDAFunctor_add<c10::Half>, std::array<char *, 3>>(int, T2, T3)",39040.0,4352.0,3040.0,0.72,0.1
"void at::<unnamed>::CatArrayBatchedCopy_vectorized<at::<unnamed>::OpaqueType<2>, unsigned int, 3, 128, 1, 16, 8>(char *, at::<unnamed>::CatArrInputTensorMetadata<T1, T2, T4, T5>, at::<unnamed>::TensorSizeStride<T2, 4>, int, T2)",16798848.0,16850048.0,23424.0,70.51,14.05
"void at::<unnamed>::CatArrayBatchedCopy_vectorized<at::<unnamed>::OpaqueType<2>, unsigned int, 3, 128, 1, 16, 8>(char *, at::<unnamed>::CatArrInputTensorMetadata<T1, T2, T4, T5>, at::<unnamed>::TensorSizeStride<T2, 4>, int, T2)",16798080.0,16893568.0,23168.0,71.41,14.21
"void pytorch_flash::flash_fwd_splitkv_kernel<Flash_fwd_kernel_traits<64, 64, 256, 4, 0, 0, cutlass::half_t, Flash_kernel_traits<64, 64, 256, 4, cutlass::half_t>>, 0, 0, 0, 0, 1, 0, 1, 0>(pytorch_flash::Flash_fwd_params)",33795072.0,13088896.0,39072.0,58.99,24.62
"void pytorch_flash::flash_fwd_splitkv_combine_kernel<Flash_fwd_kernel_traits<64, 64, 256, 4, 0, 0, cutlass::half_t, Flash_kernel_traits<64, 64, 256, 4, cutlass::half_t>>, 8, 2, 1>(pytorch_flash::Flash_fwd_params)",821504.0,255104.0,7840.0,6.8,6.66
ampere_fp16_s16816gemm_fp16_128x64_ldg8_f2f_stages_32x6_tn,8534528.0,948736.0,11552.0,40.35,15.09
"void cublasLt::splitKreduce_kernel<32, 16, int, __half, __half, float, __half, 0, __half, __half, __half, 1, 0, 0>(cublasLt::cublasSplitKParams<T6>, const T4 *, const T10 *, T9 *, T5 *, const T6 *, const T6 *, const T11 *, const T4 *, T11 *, void *, long, T6 *, int *, T6 *, T6 *, const T6 *, const T6 *, const T6 *, const T6 *, const T6 *)",533504.0,281856.0,4096.0,9.87,9.35
"void at::vectorized_elementwise_kernel<4, at::CUDAFunctor_add<c10::Half>, std::array<char *, 3>>(int, T2, T3)",268672.0,123520.0,3136.0,6.22,0.76
"void at::unrolled_elementwise_kernel<at::direct_copy_kernel_cuda(at::TensorIteratorBase &)::[lambda() (instance 3)]::operator ()() const::[lambda() (instance 7)]::operator ()() const::[lambda(float) (instance 1)], std::array<char *, 2>, 4, TrivialOffsetCalculator<1, unsigned int>, TrivialOffsetCalculator<1, unsigned int>, memory::LoadWithCast<1>, memory::StoreWithCast<1>>(int, T1, T2, T4, T5, T6, T7)",163200.0,118912.0,6080.0,2.3,2.81
"void at::vectorized_elementwise_kernel<4, void at::<unnamed>::pow_tensor_scalar_kernel_impl<float, float>(at::TensorIteratorBase &, T2)::[lambda(float) (instance 1)], std::array<char *, 2>>(int, T2, T3)",266880.0,124544.0,3040.0,6.39,0.45
"void at::reduce_kernel<512, 1, at::ReduceOp<float, at::MeanOps<float, float, float, float>, unsigned int, float, 4, 4>>(T3)",313216.0,31616.0,12960.0,1.31,0.14
"void at::vectorized_elementwise_kernel<4, at::CUDAFunctorOnSelf_add<float>, std::array<char *, 2>>(int, T2, T3)",4864.0,1152.0,2848.0,0.1,0.02
"void at::vectorized_elementwise_kernel<4, at::rsqrt_kernel_cuda(at::TensorIteratorBase &)::[lambda() (instance 2)]::operator ()() const::[lambda() (instance 2)]::operator ()() const::[lambda(float) (instance 1)], std::array<char *, 2>>(int, T2, T3)",6400.0,512.0,3072.0,0.11,0.03
"void at::elementwise_kernel<128, 2, void at::gpu_kernel_impl_nocast<at::BinaryFunctor<float, float, float, binary_internal::MulFunctor<float>>>(at::TensorIteratorBase &, const T1 &)::[lambda(int) (instance 1)]>(int, T3)",273280.0,128384.0,4608.0,4.31,3.75
"void at::vectorized_elementwise_kernel<4, at::float16_copy_kernel_cuda(at::TensorIteratorBase &)::[lambda(float) (instance 1)], std::array<char *, 2>>(int, T2, T3)",267136.0,131456.0,3072.0,6.41,0.4
"void at::elementwise_kernel<128, 4, void at::gpu_kernel_impl_nocast<at::BinaryFunctor<c10::Half, c10::Half, c10::Half, binary_internal::MulFunctor<float>>>(at::TensorIteratorBase &, const T1 &)::[lambda(int) (instance 1)]>(int, T3)",154880.0,134400.0,5792.0,2.46,2.81
ampere_fp16_s16816gemm_fp16_64x64_sliced1x2_ldg8_f2f_stages_64x5_tn,23214336.0,7651712.0,23968.0,63.37,19.94
"void at::vectorized_elementwise_kernel<4, at::<unnamed>::silu_kernel(at::TensorIteratorBase &)::[lambda() (instance 1)]::operator ()() const::[lambda() (instance 5)]::operator ()() const::[lambda(c10::Half) (instance 1)], std::array<char *, 2>>(int, T2, T3)",373632.0,214912.0,4032.0,7.26,5.75
ampere_fp16_s16816gemm_fp16_64x64_sliced1x2_ldg8_f2f_stages_64x5_tn,23214464.0,7407872.0,23776.0,63.16,20.08
"void at::vectorized_elementwise_kernel<4, at::BinaryFunctor<c10::Half, c10::Half, c10::Half, binary_internal::MulFunctor<float>>, std::array<char *, 3>>(int, T2, T3)",727168.0,267264.0,3520.0,14.02,1.87
ampere_fp16_s16816gemm_fp16_128x64_ldg8_f2f_stages_32x6_tn,23444352.0,9408640.0,24448.0,65.98,19.54
"void cublasLt::splitKreduce_kernel<32, 16, int, __half, __half, float, __half, 0, __half, __half, __half, 1, 0, 0>(cublasLt::cublasSplitKParams<T6>, const T4 *, const T10 *, T9 *, T5 *, const T6 *, const T6 *, const T11 *, const T4 *, T11 *, void *, long, T6 *, int *, T6 *, T6 *, const T6 *, const T6 *, const T6 *, const T6 *, const T6 *)",796672.0,381952.0,5280.0,11.0,8.48
"void at::vectorized_elementwise_kernel<4, at::CUDAFunctor_add<c10::Half>, std::array<char *, 3>>(int, T2, T3)",268416.0,133120.0,3200.0,6.22,0.74
"void at::unrolled_elementwise_kernel<at::direct_copy_kernel_cuda(at::TensorIteratorBase &)::[lambda() (instance 3)]::operator ()() const::[lambda() (instance 7)]::operator ()() const::[lambda(float) (instance 1)], std::array<char *, 2>, 4, TrivialOffsetCalculator<1, unsigned int>, TrivialOffsetCalculator<1, unsigned int>, memory::LoadWithCast<1>, memory::StoreWithCast<1>>(int, T1, T2, T4, T5, T6, T7)",163200.0,168320.0,6176.0,2.65,2.76
"void at::vectorized_elementwise_kernel<4, void at::<unnamed>::pow_tensor_scalar_kernel_impl<float, float>(at::TensorIteratorBase &, T2)::[lambda(float) (instance 1)], std::array<char *, 2>>(int, T2, T3)",266880.0,154880.0,3072.0,6.85,0.45
"void at::reduce_kernel<512, 1, at::ReduceOp<float, at::MeanOps<float, float, float, float>, unsigned int, float, 4, 4>>(T3)",313216.0,2688.0,13312.0,1.17,0.14
"void at::vectorized_elementwise_kernel<4, at::CUDAFunctorOnSelf_add<float>, std::array<char *, 2>>(int, T2, T3)",4864.0,1280.0,2848.0,0.11,0.02
"void at::vectorized_elementwise_kernel<4, at::rsqrt_kernel_cuda(at::TensorIteratorBase &)::[lambda() (instance 2)]::operator ()() const::[lambda() (instance 2)]::operator ()() const::[lambda(float) (instance 1)], std::array<char *, 2>>(int, T2, T3)",6400.0,768.0,3104.0,0.11,0.03
"void at::elementwise_kernel<128, 2, void at::gpu_kernel_impl_nocast<at::BinaryFunctor<float, float, float, binary_internal::MulFunctor<float>>>(at::TensorIteratorBase &, const T1 &)::[lambda(int) (instance 1)]>(int, T3)",273280.0,173312.0,4608.0,4.78,3.75
"void at::vectorized_elementwise_kernel<4, at::float16_copy_kernel_cuda(at::TensorIteratorBase &)::[lambda(float) (instance 1)], std::array<char *, 2>>(int, T2, T3)",267136.0,99328.0,2944.0,6.16,0.42
"void at::elementwise_kernel<128, 4, void at::gpu_kernel_impl_nocast<at::BinaryFunctor<c10::Half, c10::Half, c10::Half, binary_internal::MulFunctor<float>>>(at::TensorIteratorBase &, const T1 &)::[lambda(int) (instance 1)]>(int, T3)",154880.0,135040.0,5984.0,2.41,2.74
ampere_fp16_s16816gemm_fp16_128x64_ldg8_f2f_stages_32x6_tn,8534528.0,979712.0,11424.0,41.0,15.32
"void cublasLt::splitKreduce_kernel<32, 16, int, __half, __half, float, __half, 0, __half, __half, __half, 1, 0, 0>(cublasLt::cublasSplitKParams<T6>, const T4 *, const T10 *, T9 *, T5 *, const T6 *, const T6 *, const T11 *, const T4 *, T11 *, void *, long, T6 *, int *, T6 *, T6 *, const T6 *, const T6 *, const T6 *, const T6 *, const T6 *)",532736.0,269312.0,4032.0,9.91,9.53
void cutlass::Kernel2<cutlass_80_wmma_tensorop_s161616gemm_f16_32x32_128x2_tn_align8>(T1::Params),1193472.0,240512.0,6080.0,11.63,4.96
"void cublasLt::splitKreduce_kernel<32, 16, int, float, __half, float, __half, 0, __half, __half, __half, 1, 0, 0>(cublasLt::cublasSplitKParams<T6>, const T4 *, const T10 *, T9 *, T5 *, const T6 *, const T6 *, const T11 *, const T4 *, T11 *, void *, long, T6 *, int *, T6 *, T6 *, const T6 *, const T6 *, const T6 *, const T6 *, const T6 *)",270080.0,24704.0,3552.0,4.17,1.47
void cutlass::Kernel2<cutlass_80_wmma_tensorop_s161616gemm_f16_32x32_128x2_tn_align8>(T1::Params),1193600.0,514688.0,6048.0,14.01,5.0
"void cublasLt::splitKreduce_kernel<32, 16, int, float, __half, float, __half, 0, __half, __half, __half, 1, 0, 0>(cublasLt::cublasSplitKParams<T6>, const T4 *, const T10 *, T9 *, T5 *, const T6 *, const T6 *, const T11 *, const T4 *, T11 *, void *, long, T6 *, int *, T6 *, T6 *, const T6 *, const T6 *, const T6 *, const T6 *, const T6 *)",270080.0,24960.0,3424.0,4.29,1.52
"void at::elementwise_kernel<128, 4, void at::gpu_kernel_impl_nocast<at::BinaryFunctor<c10::Half, c10::Half, c10::Half, binary_internal::MulFunctor<float>>>(at::TensorIteratorBase &, const T1 &)::[lambda(int) (instance 1)]>(int, T3)",154880.0,123264.0,5856.0,2.35,3.38
"void at::elementwise_kernel<128, 4, void at::gpu_kernel_impl_nocast<at::neg_kernel_cuda(at::TensorIteratorBase &)::[lambda() (instance 2)]::operator ()() const::[lambda() (instance 8)]::operator ()() const::[lambda(c10::Half) (instance 1)]>(at::TensorIteratorBase &, const T1 &)::[lambda(int) (instance 1)]>(int, T3)",83328.0,107392.0,5536.0,1.7,1.22
"void at::<unnamed>::CatArrayBatchedCopy<at::<unnamed>::OpaqueType<2>, unsigned int, 4, 64, 64>(T1 *, at::<unnamed>::CatArrInputTensorMetadata<T1, T2, T4, T5>, at::<unnamed>::TensorSizeStride<T2, 4>, int, T2)",137984.0,196992.0,6912.0,2.39,12.53
"void at::elementwise_kernel<128, 4, void at::gpu_kernel_impl_nocast<at::BinaryFunctor<c10::Half, c10::Half, c10::Half, binary_internal::MulFunctor<float>>>(at::TensorIteratorBase &, const T1 &)::[lambda(int) (instance 1)]>(int, T3)",154880.0,69504.0,5632.0,1.96,3.49
"void at::vectorized_elementwise_kernel<4, at::CUDAFunctor_add<c10::Half>, std::array<char *, 3>>(int, T2, T3)",268416.0,61568.0,3104.0,5.22,0.76
"void at::elementwise_kernel<128, 4, void at::gpu_kernel_impl_nocast<at::BinaryFunctor<c10::Half, c10::Half, c10::Half, binary_internal::MulFunctor<float>>>(at::TensorIteratorBase &, const T1 &)::[lambda(int) (instance 1)]>(int, T3)",40192.0,4864.0,5472.0,0.41,0.45
"void at::elementwise_kernel<128, 4, void at::gpu_kernel_impl_nocast<at::neg_kernel_cuda(at::TensorIteratorBase &)::[lambda() (instance 2)]::operator ()() const::[lambda() (instance 8)]::operator ()() const::[lambda(c10::Half) (instance 1)]>(at::TensorIteratorBase &, const T1 &)::[lambda(int) (instance 1)]>(int, T3)",25984.0,20480.0,5088.0,0.45,0.17
"void at::<unnamed>::CatArrayBatchedCopy<at::<unnamed>::OpaqueType<2>, unsigned int, 4, 64, 64>(T1 *, at::<unnamed>::CatArrInputTensorMetadata<T1, T2, T4, T5>, at::<unnamed>::TensorSizeStride<T2, 4>, int, T2)",23296.0,24576.0,6592.0,0.36,4.39
"void at::elementwise_kernel<128, 4, void at::gpu_kernel_impl_nocast<at::BinaryFunctor<c10::Half, c10::Half, c10::Half, binary_internal::MulFunctor<float>>>(at::TensorIteratorBase &, const T1 &)::[lambda(int) (instance 1)]>(int, T3)",40192.0,4608.0,5344.0,0.41,0.46
"void at::vectorized_elementwise_kernel<4, at::CUDAFunctor_add<c10::Half>, std::array<char *, 3>>(int, T2, T3)",39040.0,4992.0,2848.0,0.76,0.1
"void at::<unnamed>::CatArrayBatchedCopy_vectorized<at::<unnamed>::OpaqueType<2>, unsigned int, 3, 128, 1, 16, 8>(char *, at::<unnamed>::CatArrInputTensorMetadata<T1, T2, T4, T5>, at::<unnamed>::TensorSizeStride<T2, 4>, int, T2)",16798720.0,16932992.0,23392.0,70.92,14.08
"void at::<unnamed>::CatArrayBatchedCopy_vectorized<at::<unnamed>::OpaqueType<2>, unsigned int, 3, 128, 1, 16, 8>(char *, at::<unnamed>::CatArrInputTensorMetadata<T1, T2, T4, T5>, at::<unnamed>::TensorSizeStride<T2, 4>, int, T2)",16798080.0,16909568.0,22496.0,73.66,14.7
"void pytorch_flash::flash_fwd_splitkv_kernel<Flash_fwd_kernel_traits<64, 64, 256, 4, 0, 0, cutlass::half_t, Flash_kernel_traits<64, 64, 256, 4, cutlass::half_t>>, 0, 0, 0, 0, 1, 0, 1, 0>(pytorch_flash::Flash_fwd_params)",33795200.0,13512064.0,38784.0,59.86,24.78
"void pytorch_flash::flash_fwd_splitkv_combine_kernel<Flash_fwd_kernel_traits<64, 64, 256, 4, 0, 0, cutlass::half_t, Flash_kernel_traits<64, 64, 256, 4, cutlass::half_t>>, 8, 2, 1>(pytorch_flash::Flash_fwd_params)",821504.0,249472.0,7648.0,6.9,6.79
ampere_fp16_s16816gemm_fp16_128x64_ldg8_f2f_stages_32x6_tn,8534400.0,1010560.0,11488.0,40.77,15.15
"void cublasLt::splitKreduce_kernel<32, 16, int, __half, __half, float, __half, 0, __half, __half, __half, 1, 0, 0>(cublasLt::cublasSplitKParams<T6>, const T4 *, const T10 *, T9 *, T5 *, const T6 *, const T6 *, const T11 *, const T4 *, T11 *, void *, long, T6 *, int *, T6 *, T6 *, const T6 *, const T6 *, const T6 *, const T6 *, const T6 *)",532736.0,208640.0,4032.0,9.1,9.55
"void at::vectorized_elementwise_kernel<4, at::CUDAFunctor_add<c10::Half>, std::array<char *, 3>>(int, T2, T3)",268416.0,118656.0,3008.0,6.39,0.8
"void at::unrolled_elementwise_kernel<at::direct_copy_kernel_cuda(at::TensorIteratorBase &)::[lambda() (instance 3)]::operator ()() const::[lambda() (instance 7)]::operator ()() const::[lambda(float) (instance 1)], std::array<char *, 2>, 4, TrivialOffsetCalculator<1, unsigned int>, TrivialOffsetCalculator<1, unsigned int>, memory::LoadWithCast<1>, memory::StoreWithCast<1>>(int, T1, T2, T4, T5, T6, T7)",163200.0,151552.0,6208.0,2.5,2.74
"void at::vectorized_elementwise_kernel<4, void at::<unnamed>::pow_tensor_scalar_kernel_impl<float, float>(at::TensorIteratorBase &, T2)::[lambda(float) (instance 1)], std::array<char *, 2>>(int, T2, T3)",266880.0,94464.0,3040.0,5.94,0.45
"void at::reduce_kernel<512, 1, at::ReduceOp<float, at::MeanOps<float, float, float, float>, unsigned int, float, 4, 4>>(T3)",313216.0,2688.0,13312.0,1.17,0.14
"void at::vectorized_elementwise_kernel<4, at::CUDAFunctorOnSelf_add<float>, std::array<char *, 2>>(int, T2, T3)",4864.0,1280.0,2848.0,0.11,0.02
"void at::vectorized_elementwise_kernel<4, at::rsqrt_kernel_cuda(at::TensorIteratorBase &)::[lambda() (instance 2)]::operator ()() const::[lambda() (instance 2)]::operator ()() const::[lambda(float) (instance 1)], std::array<char *, 2>>(int, T2, T3)",6400.0,512.0,3104.0,0.11,0.03
"void at::elementwise_kernel<128, 2, void at::gpu_kernel_impl_nocast<at::BinaryFunctor<float, float, float, binary_internal::MulFunctor<float>>>(at::TensorIteratorBase &, const T1 &)::[lambda(int) (instance 1)]>(int, T3)",273280.0,112256.0,4448.0,4.33,3.9
"void at::vectorized_elementwise_kernel<4, at::float16_copy_kernel_cuda(at::TensorIteratorBase &)::[lambda(float) (instance 1)], std::array<char *, 2>>(int, T2, T3)",267136.0,54784.0,3264.0,4.92,0.38
"void at::elementwise_kernel<128, 4, void at::gpu_kernel_impl_nocast<at::BinaryFunctor<c10::Half, c10::Half, c10::Half, binary_internal::MulFunctor<float>>>(at::TensorIteratorBase &, const T1 &)::[lambda(int) (instance 1)]>(int, T3)",154880.0,71040.0,5696.0,1.94,2.87
ampere_fp16_s16816gemm_fp16_64x64_sliced1x2_ldg8_f2f_stages_64x5_tn,23214336.0,7051648.0,23104.0,64.39,20.71
"void at::vectorized_elementwise_kernel<4, at::<unnamed>::silu_kernel(at::TensorIteratorBase &)::[lambda() (instance 1)]::operator ()() const::[lambda() (instance 5)]::operator ()() const::[lambda(c10::Half) (instance 1)], std::array<char *, 2>>(int, T2, T3)",373632.0,229760.0,3840.0,7.79,6.02
ampere_fp16_s16816gemm_fp16_64x64_sliced1x2_ldg8_f2f_stages_64x5_tn,23214464.0,7407360.0,23360.0,64.45,20.47
"void at::vectorized_elementwise_kernel<4, at::BinaryFunctor<c10::Half, c10::Half, c10::Half, binary_internal::MulFunctor<float>>, std::array<char *, 3>>(int, T2, T3)",727168.0,267904.0,3488.0,14.09,1.87
ampere_fp16_s16816gemm_fp16_128x64_ldg8_f2f_stages_32x6_tn,23444096.0,8978944.0,24224.0,65.75,19.71
"void cublasLt::splitKreduce_kernel<32, 16, int, __half, __half, float, __half, 0, __half, __half, __half, 1, 0, 0>(cublasLt::cublasSplitKParams<T6>, const T4 *, const T10 *, T9 *, T5 *, const T6 *, const T6 *, const T11 *, const T4 *, T11 *, void *, long, T6 *, int *, T6 *, T6 *, const T6 *, const T6 *, const T6 *, const T6 *, const T6 *)",794880.0,327168.0,5280.0,10.46,8.45
"void at::vectorized_elementwise_kernel<4, at::CUDAFunctor_add<c10::Half>, std::array<char *, 3>>(int, T2, T3)",268416.0,103040.0,3072.0,6.0,0.77
"void at::unrolled_elementwise_kernel<at::direct_copy_kernel_cuda(at::TensorIteratorBase &)::[lambda() (instance 3)]::operator ()() const::[lambda() (instance 7)]::operator ()() const::[lambda(float) (instance 1)], std::array<char *, 2>, 4, TrivialOffsetCalculator<1, unsigned int>, TrivialOffsetCalculator<1, unsigned int>, memory::LoadWithCast<1>, memory::StoreWithCast<1>>(int, T1, T2, T4, T5, T6, T7)",163200.0,161792.0,5984.0,2.69,2.85
"void at::vectorized_elementwise_kernel<4, void at::<unnamed>::pow_tensor_scalar_kernel_impl<float, float>(at::TensorIteratorBase &, T2)::[lambda(float) (instance 1)], std::array<char *, 2>>(int, T2, T3)",266880.0,173696.0,2944.0,7.47,0.46
"void at::reduce_kernel<512, 1, at::ReduceOp<float, at::MeanOps<float, float, float, float>, unsigned int, float, 4, 4>>(T3)",313344.0,2304.0,13120.0,1.18,0.14
"void at::vectorized_elementwise_kernel<4, at::CUDAFunctorOnSelf_add<float>, std::array<char *, 2>>(int, T2, T3)",4864.0,896.0,2880.0,0.1,0.02
"void at::vectorized_elementwise_kernel<4, at::rsqrt_kernel_cuda(at::TensorIteratorBase &)::[lambda() (instance 2)]::operator ()() const::[lambda() (instance 2)]::operator ()() const::[lambda(float) (instance 1)], std::array<char *, 2>>(int, T2, T3)",6528.0,1536.0,3168.0,0.13,0.03
"void at::elementwise_kernel<128, 2, void at::gpu_kernel_impl_nocast<at::BinaryFunctor<float, float, float, binary_internal::MulFunctor<float>>>(at::TensorIteratorBase &, const T1 &)::[lambda(int) (instance 1)]>(int, T3)",273408.0,171776.0,4768.0,4.61,3.61
"void at::vectorized_elementwise_kernel<4, at::float16_copy_kernel_cuda(at::TensorIteratorBase &)::[lambda(float) (instance 1)], std::array<char *, 2>>(int, T2, T3)",267264.0,109056.0,2976.0,6.24,0.41
"void at::elementwise_kernel<128, 4, void at::gpu_kernel_impl_nocast<at::BinaryFunctor<c10::Half, c10::Half, c10::Half, binary_internal::MulFunctor<float>>>(at::TensorIteratorBase &, const T1 &)::[lambda(int) (instance 1)]>(int, T3)",155008.0,132864.0,5696.0,2.51,2.87
ampere_fp16_s16816gemm_fp16_128x64_ldg8_f2f_stages_32x6_tn,8534400.0,985088.0,11488.0,40.89,15.19
"void cublasLt::splitKreduce_kernel<32, 16, int, __half, __half, float, __half, 0, __half, __half, __half, 1, 0, 0>(cublasLt::cublasSplitKParams<T6>, const T4 *, const T10 *, T9 *, T5 *, const T6 *, const T6 *, const T11 *, const T4 *, T11 *, void *, long, T6 *, int *, T6 *, T6 *, const T6 *, const T6 *, const T6 *, const T6 *, const T6 *)",532736.0,277248.0,4064.0,9.91,9.5
void cutlass::Kernel2<cutlass_80_wmma_tensorop_s161616gemm_f16_32x32_128x2_tn_align8>(T1::Params),1193472.0,214144.0,6048.0,11.46,4.98
"void cublasLt::splitKreduce_kernel<32, 16, int, float, __half, float, __half, 0, __half, __half, __half, 1, 0, 0>(cublasLt::cublasSplitKParams<T6>, const T4 *, const T10 *, T9 *, T5 *, const T6 *, const T6 *, const T11 *, const T4 *, T11 *, void *, long, T6 *, int *, T6 *, T6 *, const T6 *, const T6 *, const T6 *, const T6 *, const T6 *)",270080.0,45568.0,3552.0,4.45,1.47
void cutlass::Kernel2<cutlass_80_wmma_tensorop_s161616gemm_f16_32x32_128x2_tn_align8>(T1::Params),1193472.0,201856.0,5984.0,11.51,5.04
"void cublasLt::splitKreduce_kernel<32, 16, int, float, __half, float, __half, 0, __half, __half, __half, 1, 0, 0>(cublasLt::cublasSplitKParams<T6>, const T4 *, const T10 *, T9 *, T5 *, const T6 *, const T6 *, const T11 *, const T4 *, T11 *, void *, long, T6 *, int *, T6 *, T6 *, const T6 *, const T6 *, const T6 *, const T6 *, const T6 *)",270080.0,25600.0,3584.0,4.09,1.45
"void at::elementwise_kernel<128, 4, void at::gpu_kernel_impl_nocast<at::BinaryFunctor<c10::Half, c10::Half, c10::Half, binary_internal::MulFunctor<float>>>(at::TensorIteratorBase &, const T1 &)::[lambda(int) (instance 1)]>(int, T3)",155008.0,129280.0,5856.0,2.41,3.39
"void at::elementwise_kernel<128, 4, void at::gpu_kernel_impl_nocast<at::neg_kernel_cuda(at::TensorIteratorBase &)::[lambda() (instance 2)]::operator ()() const::[lambda() (instance 8)]::operator ()() const::[lambda(c10::Half) (instance 1)]>(at::TensorIteratorBase &, const T1 &)::[lambda(int) (instance 1)]>(int, T3)",83328.0,104192.0,5760.0,1.61,1.17
"void at::<unnamed>::CatArrayBatchedCopy<at::<unnamed>::OpaqueType<2>, unsigned int, 4, 64, 64>(T1 *, at::<unnamed>::CatArrInputTensorMetadata<T1, T2, T4, T5>, at::<unnamed>::TensorSizeStride<T2, 4>, int, T2)",137984.0,195584.0,6848.0,2.4,12.62
"void at::elementwise_kernel<128, 4, void at::gpu_kernel_impl_nocast<at::BinaryFunctor<c10::Half, c10::Half, c10::Half, binary_internal::MulFunctor<float>>>(at::TensorIteratorBase &, const T1 &)::[lambda(int) (instance 1)]>(int, T3)",154880.0,70272.0,5792.0,1.91,3.39
"void at::vectorized_elementwise_kernel<4, at::CUDAFunctor_add<c10::Half>, std::array<char *, 3>>(int, T2, T3)",268416.0,70144.0,3072.0,5.5,0.78
"void at::elementwise_kernel<128, 4, void at::gpu_kernel_impl_nocast<at::BinaryFunctor<c10::Half, c10::Half, c10::Half, binary_internal::MulFunctor<float>>>(at::TensorIteratorBase &, const T1 &)::[lambda(int) (instance 1)]>(int, T3)",40192.0,7168.0,5568.0,0.42,0.44
"void at::elementwise_kernel<128, 4, void at::gpu_kernel_impl_nocast<at::neg_kernel_cuda(at::TensorIteratorBase &)::[lambda() (instance 2)]::operator ()() const::[lambda() (instance 8)]::operator ()() const::[lambda(c10::Half) (instance 1)]>(at::TensorIteratorBase &, const T1 &)::[lambda(int) (instance 1)]>(int, T3)",25984.0,18048.0,5120.0,0.42,0.17
"void at::<unnamed>::CatArrayBatchedCopy<at::<unnamed>::OpaqueType<2>, unsigned int, 4, 64, 64>(T1 *, at::<unnamed>::CatArrInputTensorMetadata<T1, T2, T4, T5>, at::<unnamed>::TensorSizeStride<T2, 4>, int, T2)",23424.0,27904.0,6848.0,0.37,4.24
"void at::elementwise_kernel<128, 4, void at::gpu_kernel_impl_nocast<at::BinaryFunctor<c10::Half, c10::Half, c10::Half, binary_internal::MulFunctor<float>>>(at::TensorIteratorBase &, const T1 &)::[lambda(int) (instance 1)]>(int, T3)",40192.0,11648.0,5376.0,0.48,0.46
"void at::vectorized_elementwise_kernel<4, at::CUDAFunctor_add<c10::Half>, std::array<char *, 3>>(int, T2, T3)",39040.0,15104.0,2816.0,0.95,0.11
"void at::<unnamed>::CatArrayBatchedCopy_vectorized<at::<unnamed>::OpaqueType<2>, unsigned int, 3, 128, 1, 16, 8>(char *, at::<unnamed>::CatArrInputTensorMetadata<T1, T2, T4, T5>, at::<unnamed>::TensorSizeStride<T2, 4>, int, T2)",16798208.0,16780928.0,22784.0,72.42,14.45
"void at::<unnamed>::CatArrayBatchedCopy_vectorized<at::<unnamed>::OpaqueType<2>, unsigned int, 3, 128, 1, 16, 8>(char *, at::<unnamed>::CatArrInputTensorMetadata<T1, T2, T4, T5>, at::<unnamed>::TensorSizeStride<T2, 4>, int, T2)",16798336.0,17037184.0,23232.0,71.53,14.15
"void pytorch_flash::flash_fwd_splitkv_kernel<Flash_fwd_kernel_traits<64, 64, 256, 4, 0, 0, cutlass::half_t, Flash_kernel_traits<64, 64, 256, 4, cutlass::half_t>>, 0, 0, 0, 0, 1, 0, 1, 0>(pytorch_flash::Flash_fwd_params)",33795200.0,12990336.0,38080.0,60.32,25.25
"void pytorch_flash::flash_fwd_splitkv_combine_kernel<Flash_fwd_kernel_traits<64, 64, 256, 4, 0, 0, cutlass::half_t, Flash_kernel_traits<64, 64, 256, 4, cutlass::half_t>>, 8, 2, 1>(pytorch_flash::Flash_fwd_params)",821504.0,260480.0,7520.0,7.09,6.92
ampere_fp16_s16816gemm_fp16_128x64_ldg8_f2f_stages_32x6_tn,8534528.0,1153024.0,11296.0,42.23,15.43
"void cublasLt::splitKreduce_kernel<32, 16, int, __half, __half, float, __half, 0, __half, __half, __half, 1, 0, 0>(cublasLt::cublasSplitKParams<T6>, const T4 *, const T10 *, T9 *, T5 *, const T6 *, const T6 *, const T11 *, const T4 *, T11 *, void *, long, T6 *, int *, T6 *, T6 *, const T6 *, const T6 *, const T6 *, const T6 *, const T6 *)",532736.0,268800.0,4064.0,9.78,9.51
"void at::vectorized_elementwise_kernel<4, at::CUDAFunctor_add<c10::Half>, std::array<char *, 3>>(int, T2, T3)",268416.0,106240.0,3136.0,5.95,0.76
"void at::unrolled_elementwise_kernel<at::direct_copy_kernel_cuda(at::TensorIteratorBase &)::[lambda() (instance 3)]::operator ()() const::[lambda() (instance 7)]::operator ()() const::[lambda(float) (instance 1)], std::array<char *, 2>, 4, TrivialOffsetCalculator<1, unsigned int>, TrivialOffsetCalculator<1, unsigned int>, memory::LoadWithCast<1>, memory::StoreWithCast<1>>(int, T1, T2, T4, T5, T6, T7)",163200.0,124288.0,6176.0,2.29,2.75
"void at::vectorized_elementwise_kernel<4, void at::<unnamed>::pow_tensor_scalar_kernel_impl<float, float>(at::TensorIteratorBase &, T2)::[lambda(float) (instance 1)], std::array<char *, 2>>(int, T2, T3)",266880.0,130432.0,3072.0,6.51,0.45
"void at::reduce_kernel<512, 1, at::ReduceOp<float, at::MeanOps<float, float, float, float>, unsigned int, float, 4, 4>>(T3)",313216.0,27904.0,13184.0,1.27,0.14
"void at::vectorized_elementwise_kernel<4, at::CUDAFunctorOnSelf_add<float>, std::array<char *, 2>>(int, T2, T3)",4864.0,1280.0,2848.0,0.11,0.02
"void at::vectorized_elementwise_kernel<4, at::rsqrt_kernel_cuda(at::TensorIteratorBase &)::[lambda() (instance 2)]::operator ()() const::[lambda() (instance 2)]::operator ()() const::[lambda(float) (instance 1)], std::array<char *, 2>>(int, T2, T3)",6400.0,1280.0,3232.0,0.12,0.03
"void at::elementwise_kernel<128, 2, void at::gpu_kernel_impl_nocast<at::BinaryFunctor<float, float, float, binary_internal::MulFunctor<float>>>(at::TensorIteratorBase &, const T1 &)::[lambda(int) (instance 1)]>(int, T3)",273280.0,128768.0,4704.0,4.23,3.67
"void at::vectorized_elementwise_kernel<4, at::float16_copy_kernel_cuda(at::TensorIteratorBase &)::[lambda(float) (instance 1)], std::array<char *, 2>>(int, T2, T3)",267264.0,131840.0,3104.0,6.31,0.4
"void at::elementwise_kernel<128, 4, void at::gpu_kernel_impl_nocast<at::BinaryFunctor<c10::Half, c10::Half, c10::Half, binary_internal::MulFunctor<float>>>(at::TensorIteratorBase &, const T1 &)::[lambda(int) (instance 1)]>(int, T3)",154880.0,141440.0,5952.0,2.45,2.74
ampere_fp16_s16816gemm_fp16_64x64_sliced1x2_ldg8_f2f_stages_64x5_tn,23214464.0,7038336.0,23232.0,63.98,20.58
"void at::vectorized_elementwise_kernel<4, at::<unnamed>::silu_kernel(at::TensorIteratorBase &)::[lambda() (instance 1)]::operator ()() const::[lambda() (instance 5)]::operator ()() const::[lambda(c10::Half) (instance 1)], std::array<char *, 2>>(int, T2, T3)",373632.0,233216.0,3776.0,7.9,6.1
ampere_fp16_s16816gemm_fp16_64x64_sliced1x2_ldg8_f2f_stages_64x5_tn,23214336.0,7128192.0,23744.0,62.82,20.12
"void at::vectorized_elementwise_kernel<4, at::BinaryFunctor<c10::Half, c10::Half, c10::Half, binary_internal::MulFunctor<float>>, std::array<char *, 3>>(int, T2, T3)",727168.0,268416.0,3616.0,13.69,1.81
ampere_fp16_s16816gemm_fp16_128x64_ldg8_f2f_stages_32x6_tn,23444096.0,8945024.0,24160.0,65.84,19.75
"void cublasLt::splitKreduce_kernel<32, 16, int, __half, __half, float, __half, 0, __half, __half, __half, 1, 0, 0>(cublasLt::cublasSplitKParams<T6>, const T4 *, const T10 *, T9 *, T5 *, const T6 *, const T6 *, const T11 *, const T4 *, T11 *, void *, long, T6 *, int *, T6 *, T6 *, const T6 *, const T6 *, const T6 *, const T6 *, const T6 *)",794880.0,380544.0,5440.0,10.69,8.23
"void at::vectorized_elementwise_kernel<4, at::CUDAFunctor_add<c10::Half>, std::array<char *, 3>>(int, T2, T3)",268416.0,115072.0,3232.0,5.88,0.74
"void at::unrolled_elementwise_kernel<at::direct_copy_kernel_cuda(at::TensorIteratorBase &)::[lambda() (instance 3)]::operator ()() const::[lambda() (instance 7)]::operator ()() const::[lambda(float) (instance 1)], std::array<char *, 2>, 4, TrivialOffsetCalculator<1, unsigned int>, TrivialOffsetCalculator<1, unsigned int>, memory::LoadWithCast<1>, memory::StoreWithCast<1>>(int, T1, T2, T4, T5, T6, T7)",163200.0,177792.0,5984.0,2.82,2.86
"void at::vectorized_elementwise_kernel<4, void at::<unnamed>::pow_tensor_scalar_kernel_impl<float, float>(at::TensorIteratorBase &, T2)::[lambda(float) (instance 1)], std::array<char *, 2>>(int, T2, T3)",266880.0,150400.0,3232.0,6.43,0.43
"void at::reduce_kernel<512, 1, at::ReduceOp<float, at::MeanOps<float, float, float, float>, unsigned int, float, 4, 4>>(T3)",313344.0,2688.0,13152.0,1.18,0.14
"void at::vectorized_elementwise_kernel<4, at::CUDAFunctorOnSelf_add<float>, std::array<char *, 2>>(int, T2, T3)",4864.0,1152.0,2848.0,0.11,0.02
"void at::vectorized_elementwise_kernel<4, at::rsqrt_kernel_cuda(at::TensorIteratorBase &)::[lambda() (instance 2)]::operator ()() const::[lambda() (instance 2)]::operator ()() const::[lambda(float) (instance 1)], std::array<char *, 2>>(int, T2, T3)",6400.0,512.0,3072.0,0.11,0.03
"void at::elementwise_kernel<128, 2, void at::gpu_kernel_impl_nocast<at::BinaryFunctor<float, float, float, binary_internal::MulFunctor<float>>>(at::TensorIteratorBase &, const T1 &)::[lambda(int) (instance 1)]>(int, T3)",273280.0,170752.0,4640.0,4.74,3.73
"void at::vectorized_elementwise_kernel<4, at::float16_copy_kernel_cuda(at::TensorIteratorBase &)::[lambda(float) (instance 1)], std::array<char *, 2>>(int, T2, T3)",267136.0,106496.0,2976.0,6.27,0.42
"void at::elementwise_kernel<128, 4, void at::gpu_kernel_impl_nocast<at::BinaryFunctor<c10::Half, c10::Half, c10::Half, binary_internal::MulFunctor<float>>>(at::TensorIteratorBase &, const T1 &)::[lambda(int) (instance 1)]>(int, T3)",154880.0,134912.0,5728.0,2.49,2.84
ampere_fp16_s16816gemm_fp16_128x64_ldg8_f2f_stages_32x6_tn,8535040.0,1013888.0,11424.0,41.16,15.27
"void cublasLt::splitKreduce_kernel<32, 16, int, __half, __half, float, __half, 0, __half, __half, __half, 1, 0, 0>(cublasLt::cublasSplitKParams<T6>, const T4 *, const T10 *, T9 *, T5 *, const T6 *, const T6 *, const T11 *, const T4 *, T11 *, void *, long, T6 *, int *, T6 *, T6 *, const T6 *, const T6 *, const T6 *, const T6 *, const T6 *)",532736.0,279680.0,3968.0,10.16,9.67
void cutlass::Kernel2<cutlass_80_wmma_tensorop_s161616gemm_f16_32x32_128x2_tn_align8>(T1::Params),1193472.0,370688.0,6144.0,12.56,4.91
"void cublasLt::splitKreduce_kernel<32, 16, int, float, __half, float, __half, 0, __half, __half, __half, 1, 0, 0>(cublasLt::cublasSplitKParams<T6>, const T4 *, const T10 *, T9 *, T5 *, const T6 *, const T6 *, const T11 *, const T4 *, T11 *, void *, long, T6 *, int *, T6 *, T6 *, const T6 *, const T6 *, const T6 *, const T6 *, const T6 *)",270080.0,25600.0,3424.0,4.29,1.52
void cutlass::Kernel2<cutlass_80_wmma_tensorop_s161616gemm_f16_32x32_128x2_tn_align8>(T1::Params),1193472.0,542464.0,6080.0,13.98,4.95
"void cublasLt::splitKreduce_kernel<32, 16, int, float, __half, float, __half, 0, __half, __half, __half, 1, 0, 0>(cublasLt::cublasSplitKParams<T6>, const T4 *, const T10 *, T9 *, T5 *, const T6 *, const T6 *, const T11 *, const T4 *, T11 *, void *, long, T6 *, int *, T6 *, T6 *, const T6 *, const T6 *, const T6 *, const T6 *, const T6 *)",270080.0,24448.0,3616.0,4.05,1.45
"void at::elementwise_kernel<128, 4, void at::gpu_kernel_impl_nocast<at::BinaryFunctor<c10::Half, c10::Half, c10::Half, binary_internal::MulFunctor<float>>>(at::TensorIteratorBase &, const T1 &)::[lambda(int) (instance 1)]>(int, T3)",154880.0,124032.0,5856.0,2.35,3.37
"void at::elementwise_kernel<128, 4, void at::gpu_kernel_impl_nocast<at::neg_kernel_cuda(at::TensorIteratorBase &)::[lambda() (instance 2)]::operator ()() const::[lambda() (instance 8)]::operator ()() const::[lambda(c10::Half) (instance 1)]>(at::TensorIteratorBase &, const T1 &)::[lambda(int) (instance 1)]>(int, T3)",83328.0,102656.0,5376.0,1.71,1.26
"void at::<unnamed>::CatArrayBatchedCopy<at::<unnamed>::OpaqueType<2>, unsigned int, 4, 64, 64>(T1 *, at::<unnamed>::CatArrInputTensorMetadata<T1, T2, T4, T5>, at::<unnamed>::TensorSizeStride<T2, 4>, int, T2)",137984.0,195072.0,7008.0,2.36,12.41
"void at::elementwise_kernel<128, 4, void at::gpu_kernel_impl_nocast<at::BinaryFunctor<c10::Half, c10::Half, c10::Half, binary_internal::MulFunctor<float>>>(at::TensorIteratorBase &, const T1 &)::[lambda(int) (instance 1)]>(int, T3)",155008.0,69888.0,5728.0,1.95,3.46
"void at::vectorized_elementwise_kernel<4, at::CUDAFunctor_add<c10::Half>, std::array<char *, 3>>(int, T2, T3)",268416.0,64128.0,3136.0,5.29,0.76
"void at::elementwise_kernel<128, 4, void at::gpu_kernel_impl_nocast<at::BinaryFunctor<c10::Half, c10::Half, c10::Half, binary_internal::MulFunctor<float>>>(at::TensorIteratorBase &, const T1 &)::[lambda(int) (instance 1)]>(int, T3)",40192.0,4736.0,5440.0,0.41,0.45
"void at::elementwise_kernel<128, 4, void at::gpu_kernel_impl_nocast<at::neg_kernel_cuda(at::TensorIteratorBase &)::[lambda() (instance 2)]::operator ()() const::[lambda() (instance 8)]::operator ()() const::[lambda(c10::Half) (instance 1)]>(at::TensorIteratorBase &, const T1 &)::[lambda(int) (instance 1)]>(int, T3)",25984.0,20992.0,5280.0,0.44,0.16
"void at::<unnamed>::CatArrayBatchedCopy<at::<unnamed>::OpaqueType<2>, unsigned int, 4, 64, 64>(T1 *, at::<unnamed>::CatArrInputTensorMetadata<T1, T2, T4, T5>, at::<unnamed>::TensorSizeStride<T2, 4>, int, T2)",23424.0,24448.0,6592.0,0.36,4.45
"void at::elementwise_kernel<128, 4, void at::gpu_kernel_impl_nocast<at::BinaryFunctor<c10::Half, c10::Half, c10::Half, binary_internal::MulFunctor<float>>>(at::TensorIteratorBase &, const T1 &)::[lambda(int) (instance 1)]>(int, T3)",40192.0,4352.0,5440.0,0.4,0.45
"void at::vectorized_elementwise_kernel<4, at::CUDAFunctor_add<c10::Half>, std::array<char *, 3>>(int, T2, T3)",39040.0,4736.0,2912.0,0.74,0.1
"void at::<unnamed>::CatArrayBatchedCopy_vectorized<at::<unnamed>::OpaqueType<2>, unsigned int, 3, 128, 1, 16, 8>(char *, at::<unnamed>::CatArrInputTensorMetadata<T1, T2, T4, T5>, at::<unnamed>::TensorSizeStride<T2, 4>, int, T2)",16797824.0,17008768.0,23392.0,71.04,14.07
"void at::<unnamed>::CatArrayBatchedCopy_vectorized<at::<unnamed>::OpaqueType<2>, unsigned int, 3, 128, 1, 16, 8>(char *, at::<unnamed>::CatArrInputTensorMetadata<T1, T2, T4, T5>, at::<unnamed>::TensorSizeStride<T2, 4>, int, T2)",16798080.0,17035904.0,22944.0,72.46,14.36
"void pytorch_flash::flash_fwd_splitkv_kernel<Flash_fwd_kernel_traits<64, 64, 256, 4, 0, 0, cutlass::half_t, Flash_kernel_traits<64, 64, 256, 4, cutlass::half_t>>, 0, 0, 0, 0, 1, 0, 1, 0>(pytorch_flash::Flash_fwd_params)",33795072.0,13671808.0,38272.0,60.86,25.11
"void pytorch_flash::flash_fwd_splitkv_combine_kernel<Flash_fwd_kernel_traits<64, 64, 256, 4, 0, 0, cutlass::half_t, Flash_kernel_traits<64, 64, 256, 4, cutlass::half_t>>, 8, 2, 1>(pytorch_flash::Flash_fwd_params)",821504.0,267264.0,7616.0,7.07,6.86
ampere_fp16_s16816gemm_fp16_128x64_ldg8_f2f_stages_32x6_tn,8534400.0,981504.0,11488.0,40.9,15.21
"void cublasLt::splitKreduce_kernel<32, 16, int, __half, __half, float, __half, 0, __half, __half, __half, 1, 0, 0>(cublasLt::cublasSplitKParams<T6>, const T4 *, const T10 *, T9 *, T5 *, const T6 *, const T6 *, const T11 *, const T4 *, T11 *, void *, long, T6 *, int *, T6 *, T6 *, const T6 *, const T6 *, const T6 *, const T6 *, const T6 *)",532736.0,211840.0,4064.0,9.09,9.53
"void at::vectorized_elementwise_kernel<4, at::CUDAFunctor_add<c10::Half>, std::array<char *, 3>>(int, T2, T3)",268416.0,106752.0,3008.0,6.11,0.79
"void at::unrolled_elementwise_kernel<at::direct_copy_kernel_cuda(at::TensorIteratorBase &)::[lambda() (instance 3)]::operator ()() const::[lambda() (instance 7)]::operator ()() const::[lambda(float) (instance 1)], std::array<char *, 2>, 4, TrivialOffsetCalculator<1, unsigned int>, TrivialOffsetCalculator<1, unsigned int>, memory::LoadWithCast<1>, memory::StoreWithCast<1>>(int, T1, T2, T4, T5, T6, T7)",163200.0,154624.0,6208.0,2.53,2.75
"void at::vectorized_elementwise_kernel<4, void at::<unnamed>::pow_tensor_scalar_kernel_impl<float, float>(at::TensorIteratorBase &, T2)::[lambda(float) (instance 1)], std::array<char *, 2>>(int, T2, T3)",266880.0,101632.0,3200.0,5.78,0.43
"void at::reduce_kernel<512, 1, at::ReduceOp<float, at::MeanOps<float, float, float, float>, unsigned int, float, 4, 4>>(T3)",313216.0,2816.0,13216.0,1.17,0.14
"void at::vectorized_elementwise_kernel<4, at::CUDAFunctorOnSelf_add<float>, std::array<char *, 2>>(int, T2, T3)",4864.0,1152.0,2912.0,0.1,0.02
"void at::vectorized_elementwise_kernel<4, at::rsqrt_kernel_cuda(at::TensorIteratorBase &)::[lambda() (instance 2)]::operator ()() const::[lambda() (instance 2)]::operator ()() const::[lambda(float) (instance 1)], std::array<char *, 2>>(int, T2, T3)",6400.0,1792.0,3136.0,0.13,0.03
"void at::elementwise_kernel<128, 2, void at::gpu_kernel_impl_nocast<at::BinaryFunctor<float, float, float, binary_internal::MulFunctor<float>>>(at::TensorIteratorBase &, const T1 &)::[lambda(int) (instance 1)]>(int, T3)",273280.0,112256.0,4512.0,4.22,3.82
"void at::vectorized_elementwise_kernel<4, at::float16_copy_kernel_cuda(at::TensorIteratorBase &)::[lambda(float) (instance 1)], std::array<char *, 2>>(int, T2, T3)",267136.0,57472.0,2912.0,5.53,0.43
"void at::elementwise_kernel<128, 4, void at::gpu_kernel_impl_nocast<at::BinaryFunctor<c10::Half, c10::Half, c10::Half, binary_internal::MulFunctor<float>>>(at::TensorIteratorBase &, const T1 &)::[lambda(int) (instance 1)]>(int, T3)",154880.0,70528.0,5760.0,1.94,2.85
ampere_fp16_s16816gemm_fp16_64x64_sliced1x2_ldg8_f2f_stages_64x5_tn,23214464.0,7000320.0,22912.0,64.86,20.85
"void at::vectorized_elementwise_kernel<4, at::<unnamed>::silu_kernel(at::TensorIteratorBase &)::[lambda() (instance 1)]::operator ()() const::[lambda() (instance 5)]::operator ()() const::[lambda(c10::Half) (instance 1)], std::array<char *, 2>>(int, T2, T3)",373632.0,205952.0,3808.0,7.53,6.06
ampere_fp16_s16816gemm_fp16_64x64_sliced1x2_ldg8_f2f_stages_64x5_tn,23214464.0,7543552.0,23904.0,63.21,19.97
"void at::vectorized_elementwise_kernel<4, at::BinaryFunctor<c10::Half, c10::Half, c10::Half, binary_internal::MulFunctor<float>>, std::array<char *, 3>>(int, T2, T3)",727168.0,278272.0,3424.0,14.65,1.93
ampere_fp16_s16816gemm_fp16_128x64_ldg8_f2f_stages_32x6_tn,23444224.0,9447424.0,24992.0,64.57,19.18
"void cublasLt::splitKreduce_kernel<32, 16, int, __half, __half, float, __half, 0, __half, __half, __half, 1, 0, 0>(cublasLt::cublasSplitKParams<T6>, const T4 *, const T10 *, T9 *, T5 *, const T6 *, const T6 *, const T11 *, const T4 *, T11 *, void *, long, T6 *, int *, T6 *, T6 *, const T6 *, const T6 *, const T6 *, const T6 *, const T6 *)",794880.0,332928.0,5472.0,10.12,8.14
"void at::vectorized_elementwise_kernel<4, at::CUDAFunctor_add<c10::Half>, std::array<char *, 3>>(int, T2, T3)",268416.0,110080.0,3200.0,5.88,0.74
"void at::unrolled_elementwise_kernel<at::direct_copy_kernel_cuda(at::TensorIteratorBase &)::[lambda() (instance 3)]::operator ()() const::[lambda() (instance 7)]::operator ()() const::[lambda(float) (instance 1)], std::array<char *, 2>, 4, TrivialOffsetCalculator<1, unsigned int>, TrivialOffsetCalculator<1, unsigned int>, memory::LoadWithCast<1>, memory::StoreWithCast<1>>(int, T1, T2, T4, T5, T6, T7)",163200.0,163072.0,6112.0,2.64,2.79
"void at::vectorized_elementwise_kernel<4, void at::<unnamed>::pow_tensor_scalar_kernel_impl<float, float>(at::TensorIteratorBase &, T2)::[lambda(float) (instance 1)], std::array<char *, 2>>(int, T2, T3)",266880.0,163712.0,3040.0,7.06,0.45
"void at::reduce_kernel<512, 1, at::ReduceOp<float, at::MeanOps<float, float, float, float>, unsigned int, float, 4, 4>>(T3)",313216.0,2304.0,13344.0,1.16,0.14
"void at::vectorized_elementwise_kernel<4, at::CUDAFunctorOnSelf_add<float>, std::array<char *, 2>>(int, T2, T3)",4864.0,896.0,2976.0,0.1,0.02
"void at::vectorized_elementwise_kernel<4, at::rsqrt_kernel_cuda(at::TensorIteratorBase &)::[lambda() (instance 2)]::operator ()() const::[lambda() (instance 2)]::operator ()() const::[lambda(float) (instance 1)], std::array<char *, 2>>(int, T2, T3)",6400.0,2816.0,3040.0,0.15,0.03
"void at::elementwise_kernel<128, 2, void at::gpu_kernel_impl_nocast<at::BinaryFunctor<float, float, float, binary_internal::MulFunctor<float>>>(at::TensorIteratorBase &, const T1 &)::[lambda(int) (instance 1)]>(int, T3)",273280.0,159744.0,4512.0,4.75,3.82
"void at::vectorized_elementwise_kernel<4, at::float16_copy_kernel_cuda(at::TensorIteratorBase &)::[lambda(float) (instance 1)], std::array<char *, 2>>(int, T2, T3)",267136.0,109184.0,3008.0,6.21,0.41
"void at::elementwise_kernel<128, 4, void at::gpu_kernel_impl_nocast<at::BinaryFunctor<c10::Half, c10::Half, c10::Half, binary_internal::MulFunctor<float>>>(at::TensorIteratorBase &, const T1 &)::[lambda(int) (instance 1)]>(int, T3)",154880.0,130048.0,5696.0,2.47,2.87
ampere_fp16_s16816gemm_fp16_128x64_ldg8_f2f_stages_32x6_tn,8534528.0,1017984.0,11296.0,41.56,15.42
"void cublasLt::splitKreduce_kernel<32, 16, int, __half, __half, float, __half, 0, __half, __half, __half, 1, 0, 0>(cublasLt::cublasSplitKParams<T6>, const T4 *, const T10 *, T9 *, T5 *, const T6 *, const T6 *, const T11 *, const T4 *, T11 *, void *, long, T6 *, int *, T6 *, T6 *, const T6 *, const T6 *, const T6 *, const T6 *, const T6 *)",532736.0,288768.0,4032.0,10.05,9.51
void cutlass::Kernel2<cutlass_80_wmma_tensorop_s161616gemm_f16_32x32_128x2_tn_align8>(T1::Params),1193600.0,258176.0,6016.0,11.96,5.03
"void cublasLt::splitKreduce_kernel<32, 16, int, float, __half, float, __half, 0, __half, __half, __half, 1, 0, 0>(cublasLt::cublasSplitKParams<T6>, const T4 *, const T10 *, T9 *, T5 *, const T6 *, const T6 *, const T11 *, const T4 *, T11 *, void *, long, T6 *, int *, T6 *, T6 *, const T6 *, const T6 *, const T6 *, const T6 *, const T6 *)",270080.0,27136.0,3584.0,4.13,1.47
void cutlass::Kernel2<cutlass_80_wmma_tensorop_s161616gemm_f16_32x32_128x2_tn_align8>(T1::Params),1193600.0,341632.0,5920.0,12.75,5.08
"void cublasLt::splitKreduce_kernel<32, 16, int, float, __half, float, __half, 0, __half, __half, __half, 1, 0, 0>(cublasLt::cublasSplitKParams<T6>, const T4 *, const T10 *, T9 *, T5 *, const T6 *, const T6 *, const T11 *, const T4 *, T11 *, void *, long, T6 *, int *, T6 *, T6 *, const T6 *, const T6 *, const T6 *, const T6 *, const T6 *)",270080.0,27136.0,3552.0,4.14,1.46
"void at::elementwise_kernel<128, 4, void at::gpu_kernel_impl_nocast<at::BinaryFunctor<c10::Half, c10::Half, c10::Half, binary_internal::MulFunctor<float>>>(at::TensorIteratorBase &, const T1 &)::[lambda(int) (instance 1)]>(int, T3)",154880.0,139904.0,5792.0,2.52,3.42
"void at::elementwise_kernel<128, 4, void at::gpu_kernel_impl_nocast<at::neg_kernel_cuda(at::TensorIteratorBase &)::[lambda() (instance 2)]::operator ()() const::[lambda() (instance 8)]::operator ()() const::[lambda(c10::Half) (instance 1)]>(at::TensorIteratorBase &, const T1 &)::[lambda(int) (instance 1)]>(int, T3)",83328.0,102656.0,5440.0,1.69,1.25
"void at::<unnamed>::CatArrayBatchedCopy<at::<unnamed>::OpaqueType<2>, unsigned int, 4, 64, 64>(T1 *, at::<unnamed>::CatArrInputTensorMetadata<T1, T2, T4, T5>, at::<unnamed>::TensorSizeStride<T2, 4>, int, T2)",138112.0,195840.0,6848.0,2.4,12.68
"void at::elementwise_kernel<128, 4, void at::gpu_kernel_impl_nocast<at::BinaryFunctor<c10::Half, c10::Half, c10::Half, binary_internal::MulFunctor<float>>>(at::TensorIteratorBase &, const T1 &)::[lambda(int) (instance 1)]>(int, T3)",154880.0,72576.0,5696.0,1.96,3.46
"void at::vectorized_elementwise_kernel<4, at::CUDAFunctor_add<c10::Half>, std::array<char *, 3>>(int, T2, T3)",268416.0,62208.0,3360.0,4.92,0.71
"void at::elementwise_kernel<128, 4, void at::gpu_kernel_impl_nocast<at::BinaryFunctor<c10::Half, c10::Half, c10::Half, binary_internal::MulFunctor<float>>>(at::TensorIteratorBase &, const T1 &)::[lambda(int) (instance 1)]>(int, T3)",40192.0,6912.0,5632.0,0.42,0.44
"void at::elementwise_kernel<128, 4, void at::gpu_kernel_impl_nocast<at::neg_kernel_cuda(at::TensorIteratorBase &)::[lambda() (instance 2)]::operator ()() const::[lambda() (instance 8)]::operator ()() const::[lambda(c10::Half) (instance 1)]>(at::TensorIteratorBase &, const T1 &)::[lambda(int) (instance 1)]>(int, T3)",25984.0,22400.0,5216.0,0.46,0.16
"void at::<unnamed>::CatArrayBatchedCopy<at::<unnamed>::OpaqueType<2>, unsigned int, 4, 64, 64>(T1 *, at::<unnamed>::CatArrInputTensorMetadata<T1, T2, T4, T5>, at::<unnamed>::TensorSizeStride<T2, 4>, int, T2)",23296.0,27520.0,6720.0,0.37,4.32
"void at::elementwise_kernel<128, 4, void at::gpu_kernel_impl_nocast<at::BinaryFunctor<c10::Half, c10::Half, c10::Half, binary_internal::MulFunctor<float>>>(at::TensorIteratorBase &, const T1 &)::[lambda(int) (instance 1)]>(int, T3)",40192.0,4480.0,5504.0,0.4,0.45
"void at::vectorized_elementwise_kernel<4, at::CUDAFunctor_add<c10::Half>, std::array<char *, 3>>(int, T2, T3)",39040.0,10368.0,3040.0,0.81,0.1
"void at::<unnamed>::CatArrayBatchedCopy_vectorized<at::<unnamed>::OpaqueType<2>, unsigned int, 3, 128, 1, 16, 8>(char *, at::<unnamed>::CatArrInputTensorMetadata<T1, T2, T4, T5>, at::<unnamed>::TensorSizeStride<T2, 4>, int, T2)",16798720.0,16872832.0,23424.0,70.75,14.06
"void at::<unnamed>::CatArrayBatchedCopy_vectorized<at::<unnamed>::OpaqueType<2>, unsigned int, 3, 128, 1, 16, 8>(char *, at::<unnamed>::CatArrInputTensorMetadata<T1, T2, T4, T5>, at::<unnamed>::TensorSizeStride<T2, 4>, int, T2)",16798080.0,17031808.0,23712.0,70.04,13.87
"void pytorch_flash::flash_fwd_splitkv_kernel<Flash_fwd_kernel_traits<64, 64, 256, 4, 0, 0, cutlass::half_t, Flash_kernel_traits<64, 64, 256, 4, cutlass::half_t>>, 0, 0, 0, 0, 1, 0, 1, 0>(pytorch_flash::Flash_fwd_params)",33795200.0,12718336.0,37728.0,60.55,25.52
"void pytorch_flash::flash_fwd_splitkv_combine_kernel<Flash_fwd_kernel_traits<64, 64, 256, 4, 0, 0, cutlass::half_t, Flash_kernel_traits<64, 64, 256, 4, cutlass::half_t>>, 8, 2, 1>(pytorch_flash::Flash_fwd_params)",821376.0,264064.0,7712.0,6.93,6.74
ampere_fp16_s16816gemm_fp16_128x64_ldg8_f2f_stages_32x6_tn,8534528.0,1018112.0,11264.0,41.77,15.49
"void cublasLt::splitKreduce_kernel<32, 16, int, __half, __half, float, __half, 0, __half, __half, __half, 1, 0, 0>(cublasLt::cublasSplitKParams<T6>, const T4 *, const T10 *, T9 *, T5 *, const T6 *, const T6 *, const T11 *, const T4 *, T11 *, void *, long, T6 *, int *, T6 *, T6 *, const T6 *, const T6 *, const T6 *, const T6 *, const T6 *)",532736.0,275840.0,4192.0,9.62,9.2
"void at::vectorized_elementwise_kernel<4, at::CUDAFunctor_add<c10::Half>, std::array<char *, 3>>(int, T2, T3)",268416.0,109696.0,3168.0,5.9,0.75
"void at::unrolled_elementwise_kernel<at::direct_copy_kernel_cuda(at::TensorIteratorBase &)::[lambda() (instance 3)]::operator ()() const::[lambda() (instance 7)]::operator ()() const::[lambda(float) (instance 1)], std::array<char *, 2>, 4, TrivialOffsetCalculator<1, unsigned int>, TrivialOffsetCalculator<1, unsigned int>, memory::LoadWithCast<1>, memory::StoreWithCast<1>>(int, T1, T2, T4, T5, T6, T7)",163200.0,116096.0,6240.0,2.21,2.73
"void at::vectorized_elementwise_kernel<4, void at::<unnamed>::pow_tensor_scalar_kernel_impl<float, float>(at::TensorIteratorBase &, T2)::[lambda(float) (instance 1)], std::array<char *, 2>>(int, T2, T3)",266880.0,129920.0,3040.0,6.45,0.45
"void at::reduce_kernel<512, 1, at::ReduceOp<float, at::MeanOps<float, float, float, float>, unsigned int, float, 4, 4>>(T3)",313216.0,28160.0,13120.0,1.28,0.14
"void at::vectorized_elementwise_kernel<4, at::CUDAFunctorOnSelf_add<float>, std::array<char *, 2>>(int, T2, T3)",4864.0,896.0,2848.0,0.1,0.02
"void at::vectorized_elementwise_kernel<4, at::rsqrt_kernel_cuda(at::TensorIteratorBase &)::[lambda() (instance 2)]::operator ()() const::[lambda() (instance 2)]::operator ()() const::[lambda(float) (instance 1)], std::array<char *, 2>>(int, T2, T3)",6528.0,512.0,3008.0,0.12,0.04
"void at::elementwise_kernel<128, 2, void at::gpu_kernel_impl_nocast<at::BinaryFunctor<float, float, float, binary_internal::MulFunctor<float>>>(at::TensorIteratorBase &, const T1 &)::[lambda(int) (instance 1)]>(int, T3)",273280.0,142976.0,4704.0,4.39,3.68
"void at::vectorized_elementwise_kernel<4, at::float16_copy_kernel_cuda(at::TensorIteratorBase &)::[lambda(float) (instance 1)], std::array<char *, 2>>(int, T2, T3)",267136.0,134656.0,3072.0,6.45,0.4
"void at::elementwise_kernel<128, 4, void at::gpu_kernel_impl_nocast<at::BinaryFunctor<c10::Half, c10::Half, c10::Half, binary_internal::MulFunctor<float>>>(at::TensorIteratorBase &, const T1 &)::[lambda(int) (instance 1)]>(int, T3)",154880.0,134528.0,5728.0,2.5,2.86
ampere_fp16_s16816gemm_fp16_64x64_sliced1x2_ldg8_f2f_stages_64x5_tn,23214464.0,7256192.0,23808.0,62.92,20.07
"void at::vectorized_elementwise_kernel<4, at::<unnamed>::silu_kernel(at::TensorIteratorBase &)::[lambda() (instance 1)]::operator ()() const::[lambda() (instance 5)]::operator ()() const::[lambda(c10::Half) (instance 1)], std::array<char *, 2>>(int, T2, T3)",373760.0,210688.0,3840.0,7.51,6.01
ampere_fp16_s16816gemm_fp16_64x64_sliced1x2_ldg8_f2f_stages_64x5_tn,23214336.0,7450752.0,23648.0,63.68,20.2
"void at::vectorized_elementwise_kernel<4, at::BinaryFunctor<c10::Half, c10::Half, c10::Half, binary_internal::MulFunctor<float>>, std::array<char *, 3>>(int, T2, T3)",727168.0,270592.0,3456.0,14.3,1.89
ampere_fp16_s16816gemm_fp16_128x64_ldg8_f2f_stages_32x6_tn,23444224.0,9253888.0,24928.0,64.41,19.14
"void cublasLt::splitKreduce_kernel<32, 16, int, __half, __half, float, __half, 0, __half, __half, __half, 1, 0, 0>(cublasLt::cublasSplitKParams<T6>, const T4 *, const T10 *, T9 *, T5 *, const T6 *, const T6 *, const T11 *, const T4 *, T11 *, void *, long, T6 *, int *, T6 *, T6 *, const T6 *, const T6 *, const T6 *, const T6 *, const T6 *)",794880.0,399616.0,5152.0,11.54,8.72
"void at::vectorized_elementwise_kernel<4, at::CUDAFunctor_add<c10::Half>, std::array<char *, 3>>(int, T2, T3)",268416.0,120448.0,3200.0,6.07,0.75
"void at::unrolled_elementwise_kernel<at::direct_copy_kernel_cuda(at::TensorIteratorBase &)::[lambda() (instance 3)]::operator ()() const::[lambda() (instance 7)]::operator ()() const::[lambda(float) (instance 1)], std::array<char *, 2>, 4, TrivialOffsetCalculator<1, unsigned int>, TrivialOffsetCalculator<1, unsigned int>, memory::LoadWithCast<1>, memory::StoreWithCast<1>>(int, T1, T2, T4, T5, T6, T7)",163200.0,167296.0,6016.0,2.71,2.83
"void at::vectorized_elementwise_kernel<4, void at::<unnamed>::pow_tensor_scalar_kernel_impl<float, float>(at::TensorIteratorBase &, T2)::[lambda(float) (instance 1)], std::array<char *, 2>>(int, T2, T3)",266880.0,150272.0,2976.0,6.99,0.46
"void at::reduce_kernel<512, 1, at::ReduceOp<float, at::MeanOps<float, float, float, float>, unsigned int, float, 4, 4>>(T3)",313344.0,3456.0,13152.0,1.18,0.14
"void at::vectorized_elementwise_kernel<4, at::CUDAFunctorOnSelf_add<float>, std::array<char *, 2>>(int, T2, T3)",4864.0,896.0,3008.0,0.1,0.02
"void at::vectorized_elementwise_kernel<4, at::rsqrt_kernel_cuda(at::TensorIteratorBase &)::[lambda() (instance 2)]::operator ()() const::[lambda() (instance 2)]::operator ()() const::[lambda(float) (instance 1)], std::array<char *, 2>>(int, T2, T3)",6528.0,512.0,3072.0,0.11,0.03
"void at::elementwise_kernel<128, 2, void at::gpu_kernel_impl_nocast<at::BinaryFunctor<float, float, float, binary_internal::MulFunctor<float>>>(at::TensorIteratorBase &, const T1 &)::[lambda(int) (instance 1)]>(int, T3)",273280.0,169856.0,4544.0,4.82,3.8
"void at::vectorized_elementwise_kernel<4, at::float16_copy_kernel_cuda(at::TensorIteratorBase &)::[lambda(float) (instance 1)], std::array<char *, 2>>(int, T2, T3)",267136.0,105472.0,2912.0,6.33,0.42
"void at::elementwise_kernel<128, 4, void at::gpu_kernel_impl_nocast<at::BinaryFunctor<c10::Half, c10::Half, c10::Half, binary_internal::MulFunctor<float>>>(at::TensorIteratorBase &, const T1 &)::[lambda(int) (instance 1)]>(int, T3)",154880.0,132864.0,5888.0,2.42,2.78
ampere_fp16_s16816gemm_fp16_128x64_ldg8_f2f_stages_32x6_tn,8534400.0,950016.0,11328.0,41.29,15.41
"void cublasLt::splitKreduce_kernel<32, 16, int, __half, __half, float, __half, 0, __half, __half, __half, 1, 0, 0>(cublasLt::cublasSplitKParams<T6>, const T4 *, const T10 *, T9 *, T5 *, const T6 *, const T6 *, const T11 *, const T4 *, T11 *, void *, long, T6 *, int *, T6 *, T6 *, const T6 *, const T6 *, const T6 *, const T6 *, const T6 *)",532736.0,280704.0,4192.0,9.62,9.13
void cutlass::Kernel2<cutlass_80_wmma_tensorop_s161616gemm_f16_32x32_128x2_tn_align8>(T1::Params),1193472.0,334336.0,5952.0,12.67,5.06
"void cublasLt::splitKreduce_kernel<32, 16, int, float, __half, float, __half, 0, __half, __half, __half, 1, 0, 0>(cublasLt::cublasSplitKParams<T6>, const T4 *, const T10 *, T9 *, T5 *, const T6 *, const T6 *, const T11 *, const T4 *, T11 *, void *, long, T6 *, int *, T6 *, T6 *, const T6 *, const T6 *, const T6 *, const T6 *, const T6 *)",270080.0,23808.0,3328.0,4.38,1.57
void cutlass::Kernel2<cutlass_80_wmma_tensorop_s161616gemm_f16_32x32_128x2_tn_align8>(T1::Params),1193472.0,446976.0,6080.0,13.31,4.97
"void cublasLt::splitKreduce_kernel<32, 16, int, float, __half, float, __half, 0, __half, __half, __half, 1, 0, 0>(cublasLt::cublasSplitKParams<T6>, const T4 *, const T10 *, T9 *, T5 *, const T6 *, const T6 *, const T11 *, const T4 *, T11 *, void *, long, T6 *, int *, T6 *, T6 *, const T6 *, const T6 *, const T6 *, const T6 *, const T6 *)",270080.0,43392.0,3520.0,4.44,1.48
"void at::elementwise_kernel<128, 4, void at::gpu_kernel_impl_nocast<at::BinaryFunctor<c10::Half, c10::Half, c10::Half, binary_internal::MulFunctor<float>>>(at::TensorIteratorBase &, const T1 &)::[lambda(int) (instance 1)]>(int, T3)",154880.0,124672.0,5728.0,2.42,3.46
"void at::elementwise_kernel<128, 4, void at::gpu_kernel_impl_nocast<at::neg_kernel_cuda(at::TensorIteratorBase &)::[lambda() (instance 2)]::operator ()() const::[lambda() (instance 8)]::operator ()() const::[lambda(c10::Half) (instance 1)]>(at::TensorIteratorBase &, const T1 &)::[lambda(int) (instance 1)]>(int, T3)",83328.0,103168.0,5632.0,1.64,1.2
"void at::<unnamed>::CatArrayBatchedCopy<at::<unnamed>::OpaqueType<2>, unsigned int, 4, 64, 64>(T1 *, at::<unnamed>::CatArrInputTensorMetadata<T1, T2, T4, T5>, at::<unnamed>::TensorSizeStride<T2, 4>, int, T2)",137984.0,196096.0,6752.0,2.45,12.83
"void at::elementwise_kernel<128, 4, void at::gpu_kernel_impl_nocast<at::BinaryFunctor<c10::Half, c10::Half, c10::Half, binary_internal::MulFunctor<float>>>(at::TensorIteratorBase &, const T1 &)::[lambda(int) (instance 1)]>(int, T3)",154880.0,72448.0,5856.0,1.92,3.38
"void at::vectorized_elementwise_kernel<4, at::CUDAFunctor_add<c10::Half>, std::array<char *, 3>>(int, T2, T3)",268416.0,62592.0,3104.0,5.3,0.77
"void at::elementwise_kernel<128, 4, void at::gpu_kernel_impl_nocast<at::BinaryFunctor<c10::Half, c10::Half, c10::Half, binary_internal::MulFunctor<float>>>(at::TensorIteratorBase &, const T1 &)::[lambda(int) (instance 1)]>(int, T3)",40192.0,4608.0,5504.0,0.4,0.45
"void at::elementwise_kernel<128, 4, void at::gpu_kernel_impl_nocast<at::neg_kernel_cuda(at::TensorIteratorBase &)::[lambda() (instance 2)]::operator ()() const::[lambda() (instance 8)]::operator ()() const::[lambda(c10::Half) (instance 1)]>(at::TensorIteratorBase &, const T1 &)::[lambda(int) (instance 1)]>(int, T3)",25984.0,19328.0,5248.0,0.43,0.16
"void at::<unnamed>::CatArrayBatchedCopy<at::<unnamed>::OpaqueType<2>, unsigned int, 4, 64, 64>(T1 *, at::<unnamed>::CatArrInputTensorMetadata<T1, T2, T4, T5>, at::<unnamed>::TensorSizeStride<T2, 4>, int, T2)",23424.0,26368.0,6656.0,0.37,4.34
"void at::elementwise_kernel<128, 4, void at::gpu_kernel_impl_nocast<at::BinaryFunctor<c10::Half, c10::Half, c10::Half, binary_internal::MulFunctor<float>>>(at::TensorIteratorBase &, const T1 &)::[lambda(int) (instance 1)]>(int, T3)",40192.0,4608.0,5536.0,0.4,0.45
"void at::vectorized_elementwise_kernel<4, at::CUDAFunctor_add<c10::Half>, std::array<char *, 3>>(int, T2, T3)",39040.0,256.0,2912.0,0.67,0.1
"void at::<unnamed>::CatArrayBatchedCopy_vectorized<at::<unnamed>::OpaqueType<2>, unsigned int, 3, 128, 1, 16, 8>(char *, at::<unnamed>::CatArrInputTensorMetadata<T1, T2, T4, T5>, at::<unnamed>::TensorSizeStride<T2, 4>, int, T2)",16798208.0,17085568.0,23520.0,70.83,14.01
"void at::<unnamed>::CatArrayBatchedCopy_vectorized<at::<unnamed>::OpaqueType<2>, unsigned int, 3, 128, 1, 16, 8>(char *, at::<unnamed>::CatArrInputTensorMetadata<T1, T2, T4, T5>, at::<unnamed>::TensorSizeStride<T2, 4>, int, T2)",16797952.0,16961664.0,23520.0,70.57,14.0
"void pytorch_flash::flash_fwd_splitkv_kernel<Flash_fwd_kernel_traits<64, 64, 256, 4, 0, 0, cutlass::half_t, Flash_kernel_traits<64, 64, 256, 4, cutlass::half_t>>, 0, 0, 0, 0, 1, 0, 1, 0>(pytorch_flash::Flash_fwd_params)",33795200.0,12521856.0,38656.0,58.86,24.89
"void pytorch_flash::flash_fwd_splitkv_combine_kernel<Flash_fwd_kernel_traits<64, 64, 256, 4, 0, 0, cutlass::half_t, Flash_kernel_traits<64, 64, 256, 4, cutlass::half_t>>, 8, 2, 1>(pytorch_flash::Flash_fwd_params)",821504.0,268416.0,7744.0,6.93,6.72
ampere_fp16_s16816gemm_fp16_128x64_ldg8_f2f_stages_32x6_tn,8534528.0,1046272.0,12064.0,39.09,14.44
"void cublasLt::splitKreduce_kernel<32, 16, int, __half, __half, float, __half, 0, __half, __half, __half, 1, 0, 0>(cublasLt::cublasSplitKParams<T6>, const T4 *, const T10 *, T9 *, T5 *, const T6 *, const T6 *, const T11 *, const T4 *, T11 *, void *, long, T6 *, int *, T6 *, T6 *, const T6 *, const T6 *, const T6 *, const T6 *, const T6 *)",532736.0,212992.0,4032.0,9.27,9.56
"void at::vectorized_elementwise_kernel<4, at::CUDAFunctor_add<c10::Half>, std::array<char *, 3>>(int, T2, T3)",268416.0,107136.0,3008.0,6.18,0.79
"void at::unrolled_elementwise_kernel<at::direct_copy_kernel_cuda(at::TensorIteratorBase &)::[lambda() (instance 3)]::operator ()() const::[lambda() (instance 7)]::operator ()() const::[lambda(float) (instance 1)], std::array<char *, 2>, 4, TrivialOffsetCalculator<1, unsigned int>, TrivialOffsetCalculator<1, unsigned int>, memory::LoadWithCast<1>, memory::StoreWithCast<1>>(int, T1, T2, T4, T5, T6, T7)",163200.0,150784.0,6176.0,2.52,2.76
"void at::vectorized_elementwise_kernel<4, void at::<unnamed>::pow_tensor_scalar_kernel_impl<float, float>(at::TensorIteratorBase &, T2)::[lambda(float) (instance 1)], std::array<char *, 2>>(int, T2, T3)",266880.0,97920.0,3104.0,5.84,0.44
"void at::reduce_kernel<512, 1, at::ReduceOp<float, at::MeanOps<float, float, float, float>, unsigned int, float, 4, 4>>(T3)",315136.0,5760.0,13184.0,1.2,0.14
"void at::vectorized_elementwise_kernel<4, at::CUDAFunctorOnSelf_add<float>, std::array<char *, 2>>(int, T2, T3)",4864.0,896.0,2848.0,0.1,0.02
"void at::vectorized_elementwise_kernel<4, at::rsqrt_kernel_cuda(at::TensorIteratorBase &)::[lambda() (instance 2)]::operator ()() const::[lambda() (instance 2)]::operator ()() const::[lambda(float) (instance 1)], std::array<char *, 2>>(int, T2, T3)",6400.0,512.0,3072.0,0.11,0.03
"void at::elementwise_kernel<128, 2, void at::gpu_kernel_impl_nocast<at::BinaryFunctor<float, float, float, binary_internal::MulFunctor<float>>>(at::TensorIteratorBase &, const T1 &)::[lambda(int) (instance 1)]>(int, T3)",273280.0,115968.0,4544.0,4.21,3.78
"void at::vectorized_elementwise_kernel<4, at::float16_copy_kernel_cuda(at::TensorIteratorBase &)::[lambda(float) (instance 1)], std::array<char *, 2>>(int, T2, T3)",267136.0,57344.0,2912.0,5.56,0.43
"void at::elementwise_kernel<128, 4, void at::gpu_kernel_impl_nocast<at::BinaryFunctor<c10::Half, c10::Half, c10::Half, binary_internal::MulFunctor<float>>>(at::TensorIteratorBase &, const T1 &)::[lambda(int) (instance 1)]>(int, T3)",154880.0,71040.0,5792.0,1.93,2.82
ampere_fp16_s16816gemm_fp16_64x64_sliced1x2_ldg8_f2f_stages_64x5_tn,23214336.0,7189888.0,23264.0,64.3,20.55
"void at::vectorized_elementwise_kernel<4, at::<unnamed>::silu_kernel(at::TensorIteratorBase &)::[lambda() (instance 1)]::operator ()() const::[lambda() (instance 5)]::operator ()() const::[lambda(c10::Half) (instance 1)], std::array<char *, 2>>(int, T2, T3)",373632.0,218112.0,3936.0,7.49,5.9
ampere_fp16_s16816gemm_fp16_64x64_sliced1x2_ldg8_f2f_stages_64x5_tn,23216128.0,7177856.0,24512.0,60.88,19.47
"void at::vectorized_elementwise_kernel<4, at::BinaryFunctor<c10::Half, c10::Half, c10::Half, binary_internal::MulFunctor<float>>, std::array<char *, 3>>(int, T2, T3)",727168.0,270848.0,3680.0,13.51,1.78
ampere_fp16_s16816gemm_fp16_128x64_ldg8_f2f_stages_32x6_tn,23443968.0,9311360.0,24736.0,64.93,19.29
"void cublasLt::splitKreduce_kernel<32, 16, int, __half, __half, float, __half, 0, __half, __half, __half, 1, 0, 0>(cublasLt::cublasSplitKParams<T6>, const T4 *, const T10 *, T9 *, T5 *, const T6 *, const T6 *, const T11 *, const T4 *, T11 *, void *, long, T6 *, int *, T6 *, T6 *, const T6 *, const T6 *, const T6 *, const T6 *, const T6 *)",794880.0,346752.0,5280.0,10.72,8.51
"void at::vectorized_elementwise_kernel<4, at::CUDAFunctor_add<c10::Half>, std::array<char *, 3>>(int, T2, T3)",268416.0,108800.0,3136.0,5.92,0.76
"void at::unrolled_elementwise_kernel<at::direct_copy_kernel_cuda(at::TensorIteratorBase &)::[lambda() (instance 3)]::operator ()() const::[lambda() (instance 7)]::operator ()() const::[lambda(float) (instance 1)], std::array<char *, 2>, 4, TrivialOffsetCalculator<1, unsigned int>, TrivialOffsetCalculator<1, unsigned int>, memory::LoadWithCast<1>, memory::StoreWithCast<1>>(int, T1, T2, T4, T5, T6, T7)",163200.0,162432.0,5952.0,2.71,2.86
"void at::vectorized_elementwise_kernel<4, void at::<unnamed>::pow_tensor_scalar_kernel_impl<float, float>(at::TensorIteratorBase &, T2)::[lambda(float) (instance 1)], std::array<char *, 2>>(int, T2, T3)",266880.0,181632.0,3040.0,7.31,0.45
"void at::reduce_kernel<512, 1, at::ReduceOp<float, at::MeanOps<float, float, float, float>, unsigned int, float, 4, 4>>(T3)",313216.0,5632.0,13248.0,1.18,0.14
"void at::vectorized_elementwise_kernel<4, at::CUDAFunctorOnSelf_add<float>, std::array<char *, 2>>(int, T2, T3)",4864.0,1152.0,2848.0,0.11,0.02
"void at::vectorized_elementwise_kernel<4, at::rsqrt_kernel_cuda(at::TensorIteratorBase &)::[lambda() (instance 2)]::operator ()() const::[lambda() (instance 2)]::operator ()() const::[lambda(float) (instance 1)], std::array<char *, 2>>(int, T2, T3)",6400.0,512.0,3072.0,0.11,0.03
"void at::elementwise_kernel<128, 2, void at::gpu_kernel_impl_nocast<at::BinaryFunctor<float, float, float, binary_internal::MulFunctor<float>>>(at::TensorIteratorBase &, const T1 &)::[lambda(int) (instance 1)]>(int, T3)",273408.0,170880.0,4704.0,4.68,3.67
"void at::vectorized_elementwise_kernel<4, at::float16_copy_kernel_cuda(at::TensorIteratorBase &)::[lambda(float) (instance 1)], std::array<char *, 2>>(int, T2, T3)",267136.0,115968.0,3008.0,6.32,0.41
"void at::elementwise_kernel<128, 4, void at::gpu_kernel_impl_nocast<at::BinaryFunctor<c10::Half, c10::Half, c10::Half, binary_internal::MulFunctor<float>>>(at::TensorIteratorBase &, const T1 &)::[lambda(int) (instance 1)]>(int, T3)",154880.0,132992.0,5568.0,2.55,2.93
ampere_fp16_s16816gemm_fp16_128x64_ldg8_f2f_stages_32x6_tn,8534400.0,1347328.0,11680.0,41.57,14.89
"void cublasLt::splitKreduce_kernel<32, 16, int, __half, __half, float, __half, 0, __half, __half, __half, 1, 0, 0>(cublasLt::cublasSplitKParams<T6>, const T4 *, const T10 *, T9 *, T5 *, const T6 *, const T6 *, const T11 *, const T4 *, T11 *, void *, long, T6 *, int *, T6 *, T6 *, const T6 *, const T6 *, const T6 *, const T6 *, const T6 *)",532736.0,278912.0,4064.0,9.89,9.43
void cutlass::Kernel2<cutlass_80_wmma_tensorop_s161616gemm_f16_32x32_128x2_tn_align8>(T1::Params),1193600.0,228992.0,5920.0,11.89,5.1
"void cublasLt::splitKreduce_kernel<32, 16, int, float, __half, float, __half, 0, __half, __half, __half, 1, 0, 0>(cublasLt::cublasSplitKParams<T6>, const T4 *, const T10 *, T9 *, T5 *, const T6 *, const T6 *, const T11 *, const T4 *, T11 *, void *, long, T6 *, int *, T6 *, T6 *, const T6 *, const T6 *, const T6 *, const T6 *, const T6 *)",270080.0,33152.0,3488.0,4.3,1.49
void cutlass::Kernel2<cutlass_80_wmma_tensorop_s161616gemm_f16_32x32_128x2_tn_align8>(T1::Params),1193600.0,334976.0,6112.0,12.34,4.94
"void cublasLt::splitKreduce_kernel<32, 16, int, float, __half, float, __half, 0, __half, __half, __half, 1, 0, 0>(cublasLt::cublasSplitKParams<T6>, const T4 *, const T10 *, T9 *, T5 *, const T6 *, const T6 *, const T11 *, const T4 *, T11 *, void *, long, T6 *, int *, T6 *, T6 *, const T6 *, const T6 *, const T6 *, const T6 *, const T6 *)",270080.0,27776.0,3424.0,4.36,1.54
"void at::elementwise_kernel<128, 4, void at::gpu_kernel_impl_nocast<at::BinaryFunctor<c10::Half, c10::Half, c10::Half, binary_internal::MulFunctor<float>>>(at::TensorIteratorBase &, const T1 &)::[lambda(int) (instance 1)]>(int, T3)",154880.0,146688.0,5760.0,2.58,3.43
"void at::elementwise_kernel<128, 4, void at::gpu_kernel_impl_nocast<at::neg_kernel_cuda(at::TensorIteratorBase &)::[lambda() (instance 2)]::operator ()() const::[lambda() (instance 8)]::operator ()() const::[lambda(c10::Half) (instance 1)]>(at::TensorIteratorBase &, const T1 &)::[lambda(int) (instance 1)]>(int, T3)",83328.0,104960.0,5472.0,1.69,1.24
"void at::<unnamed>::CatArrayBatchedCopy<at::<unnamed>::OpaqueType<2>, unsigned int, 4, 64, 64>(T1 *, at::<unnamed>::CatArrInputTensorMetadata<T1, T2, T4, T5>, at::<unnamed>::TensorSizeStride<T2, 4>, int, T2)",138112.0,195712.0,6976.0,2.37,12.44
"void at::elementwise_kernel<128, 4, void at::gpu_kernel_impl_nocast<at::BinaryFunctor<c10::Half, c10::Half, c10::Half, binary_internal::MulFunctor<float>>>(at::TensorIteratorBase &, const T1 &)::[lambda(int) (instance 1)]>(int, T3)",154880.0,71424.0,5824.0,1.91,3.39
"void at::vectorized_elementwise_kernel<4, at::CUDAFunctor_add<c10::Half>, std::array<char *, 3>>(int, T2, T3)",268416.0,78720.0,3296.0,5.3,0.73
"void at::elementwise_kernel<128, 4, void at::gpu_kernel_impl_nocast<at::BinaryFunctor<c10::Half, c10::Half, c10::Half, binary_internal::MulFunctor<float>>>(at::TensorIteratorBase &, const T1 &)::[lambda(int) (instance 1)]>(int, T3)",40192.0,6784.0,5760.0,0.4,0.43
"void at::elementwise_kernel<128, 4, void at::gpu_kernel_impl_nocast<at::neg_kernel_cuda(at::TensorIteratorBase &)::[lambda() (instance 2)]::operator ()() const::[lambda() (instance 8)]::operator ()() const::[lambda(c10::Half) (instance 1)]>(at::TensorIteratorBase &, const T1 &)::[lambda(int) (instance 1)]>(int, T3)",25984.0,17920.0,5120.0,0.43,0.17
"void at::<unnamed>::CatArrayBatchedCopy<at::<unnamed>::OpaqueType<2>, unsigned int, 4, 64, 64>(T1 *, at::<unnamed>::CatArrInputTensorMetadata<T1, T2, T4, T5>, at::<unnamed>::TensorSizeStride<T2, 4>, int, T2)",23424.0,27776.0,6560.0,0.39,4.42
"void at::elementwise_kernel<128, 4, void at::gpu_kernel_impl_nocast<at::BinaryFunctor<c10::Half, c10::Half, c10::Half, binary_internal::MulFunctor<float>>>(at::TensorIteratorBase &, const T1 &)::[lambda(int) (instance 1)]>(int, T3)",40320.0,9344.0,5568.0,0.44,0.44
"void at::vectorized_elementwise_kernel<4, at::CUDAFunctor_add<c10::Half>, std::array<char *, 3>>(int, T2, T3)",39040.0,896.0,3072.0,0.65,0.1
"void at::<unnamed>::CatArrayBatchedCopy_vectorized<at::<unnamed>::OpaqueType<2>, unsigned int, 3, 128, 1, 16, 8>(char *, at::<unnamed>::CatArrInputTensorMetadata<T1, T2, T4, T5>, at::<unnamed>::TensorSizeStride<T2, 4>, int, T2)",16798080.0,16998528.0,22688.0,73.3,14.54
"void at::<unnamed>::CatArrayBatchedCopy_vectorized<at::<unnamed>::OpaqueType<2>, unsigned int, 3, 128, 1, 16, 8>(char *, at::<unnamed>::CatArrInputTensorMetadata<T1, T2, T4, T5>, at::<unnamed>::TensorSizeStride<T2, 4>, int, T2)",16798208.0,17066112.0,23552.0,70.65,13.97
"void pytorch_flash::flash_fwd_splitkv_kernel<Flash_fwd_kernel_traits<64, 64, 256, 4, 0, 0, cutlass::half_t, Flash_kernel_traits<64, 64, 256, 4, cutlass::half_t>>, 0, 0, 0, 0, 1, 0, 1, 0>(pytorch_flash::Flash_fwd_params)",33795072.0,12932864.0,38656.0,59.41,24.99
"void pytorch_flash::flash_fwd_splitkv_combine_kernel<Flash_fwd_kernel_traits<64, 64, 256, 4, 0, 0, cutlass::half_t, Flash_kernel_traits<64, 64, 256, 4, cutlass::half_t>>, 8, 2, 1>(pytorch_flash::Flash_fwd_params)",821504.0,275456.0,7520.0,7.2,6.92
ampere_fp16_s16816gemm_fp16_128x64_ldg8_f2f_stages_32x6_tn,8534528.0,930944.0,11296.0,41.27,15.45
"void cublasLt::splitKreduce_kernel<32, 16, int, __half, __half, float, __half, 0, __half, __half, __half, 1, 0, 0>(cublasLt::cublasSplitKParams<T6>, const T4 *, const T10 *, T9 *, T5 *, const T6 *, const T6 *, const T11 *, const T4 *, T11 *, void *, long, T6 *, int *, T6 *, T6 *, const T6 *, const T6 *, const T6 *, const T6 *, const T6 *)",532736.0,292096.0,4000.0,10.25,9.59
"void at::vectorized_elementwise_kernel<4, at::CUDAFunctor_add<c10::Half>, std::array<char *, 3>>(int, T2, T3)",268416.0,110336.0,3232.0,5.79,0.74
"void at::unrolled_elementwise_kernel<at::direct_copy_kernel_cuda(at::TensorIteratorBase &)::[lambda() (instance 3)]::operator ()() const::[lambda() (instance 7)]::operator ()() const::[lambda(float) (instance 1)], std::array<char *, 2>, 4, TrivialOffsetCalculator<1, unsigned int>, TrivialOffsetCalculator<1, unsigned int>, memory::LoadWithCast<1>, memory::StoreWithCast<1>>(int, T1, T2, T4, T5, T6, T7)",163200.0,114048.0,6048.0,2.27,2.81
"void at::vectorized_elementwise_kernel<4, void at::<unnamed>::pow_tensor_scalar_kernel_impl<float, float>(at::TensorIteratorBase &, T2)::[lambda(float) (instance 1)], std::array<char *, 2>>(int, T2, T3)",266880.0,123904.0,3008.0,6.45,0.45
"void at::reduce_kernel<512, 1, at::ReduceOp<float, at::MeanOps<float, float, float, float>, unsigned int, float, 4, 4>>(T3)",313344.0,33152.0,13280.0,1.28,0.14
"void at::vectorized_elementwise_kernel<4, at::CUDAFunctorOnSelf_add<float>, std::array<char *, 2>>(int, T2, T3)",4864.0,896.0,2880.0,0.1,0.02
"void at::vectorized_elementwise_kernel<4, at::rsqrt_kernel_cuda(at::TensorIteratorBase &)::[lambda() (instance 2)]::operator ()() const::[lambda() (instance 2)]::operator ()() const::[lambda(float) (instance 1)], std::array<char *, 2>>(int, T2, T3)",6400.0,768.0,3040.0,0.12,0.03
"void at::elementwise_kernel<128, 2, void at::gpu_kernel_impl_nocast<at::BinaryFunctor<float, float, float, binary_internal::MulFunctor<float>>>(at::TensorIteratorBase &, const T1 &)::[lambda(int) (instance 1)]>(int, T3)",273408.0,131328.0,4704.0,4.3,3.69
"void at::vectorized_elementwise_kernel<4, at::float16_copy_kernel_cuda(at::TensorIteratorBase &)::[lambda(float) (instance 1)], std::array<char *, 2>>(int, T2, T3)",267136.0,133888.0,3072.0,6.46,0.41
"void at::elementwise_kernel<128, 4, void at::gpu_kernel_impl_nocast<at::BinaryFunctor<c10::Half, c10::Half, c10::Half, binary_internal::MulFunctor<float>>>(at::TensorIteratorBase &, const T1 &)::[lambda(int) (instance 1)]>(int, T3)",154880.0,133248.0,5696.0,2.5,2.87
ampere_fp16_s16816gemm_fp16_64x64_sliced1x2_ldg8_f2f_stages_64x5_tn,23214336.0,7380352.0,23552.0,63.86,20.3
"void at::vectorized_elementwise_kernel<4, at::<unnamed>::silu_kernel(at::TensorIteratorBase &)::[lambda() (instance 1)]::operator ()() const::[lambda() (instance 5)]::operator ()() const::[lambda(c10::Half) (instance 1)], std::array<char *, 2>>(int, T2, T3)",373760.0,220544.0,3840.0,7.65,6.03
ampere_fp16_s16816gemm_fp16_64x64_sliced1x2_ldg8_f2f_stages_64x5_tn,23214976.0,7087104.0,23232.0,64.07,20.58
"void at::vectorized_elementwise_kernel<4, at::BinaryFunctor<c10::Half, c10::Half, c10::Half, binary_internal::MulFunctor<float>>, std::array<char *, 3>>(int, T2, T3)",727168.0,274944.0,3456.0,14.31,1.9
ampere_fp16_s16816gemm_fp16_128x64_ldg8_f2f_stages_32x6_tn,23444096.0,9113472.0,24928.0,64.16,19.17
"void cublasLt::splitKreduce_kernel<32, 16, int, __half, __half, float, __half, 0, __half, __half, __half, 1, 0, 0>(cublasLt::cublasSplitKParams<T6>, const T4 *, const T10 *, T9 *, T5 *, const T6 *, const T6 *, const T11 *, const T4 *, T11 *, void *, long, T6 *, int *, T6 *, T6 *, const T6 *, const T6 *, const T6 *, const T6 *, const T6 *)",794880.0,379264.0,5216.0,11.08,8.57
"void at::vectorized_elementwise_kernel<4, at::CUDAFunctor_add<c10::Half>, std::array<char *, 3>>(int, T2, T3)",268416.0,129152.0,3104.0,6.37,0.77
"void at::unrolled_elementwise_kernel<at::direct_copy_kernel_cuda(at::TensorIteratorBase &)::[lambda() (instance 3)]::operator ()() const::[lambda() (instance 7)]::operator ()() const::[lambda(float) (instance 1)], std::array<char *, 2>, 4, TrivialOffsetCalculator<1, unsigned int>, TrivialOffsetCalculator<1, unsigned int>, memory::LoadWithCast<1>, memory::StoreWithCast<1>>(int, T1, T2, T4, T5, T6, T7)",163200.0,169088.0,6112.0,2.67,2.79
"void at::vectorized_elementwise_kernel<4, void at::<unnamed>::pow_tensor_scalar_kernel_impl<float, float>(at::TensorIteratorBase &, T2)::[lambda(float) (instance 1)], std::array<char *, 2>>(int, T2, T3)",266880.0,147968.0,3136.0,6.65,0.44
"void at::reduce_kernel<512, 1, at::ReduceOp<float, at::MeanOps<float, float, float, float>, unsigned int, float, 4, 4>>(T3)",313216.0,7168.0,13280.0,1.19,0.14
"void at::vectorized_elementwise_kernel<4, at::CUDAFunctorOnSelf_add<float>, std::array<char *, 2>>(int, T2, T3)",4864.0,1152.0,2848.0,0.1,0.02
"void at::vectorized_elementwise_kernel<4, at::rsqrt_kernel_cuda(at::TensorIteratorBase &)::[lambda() (instance 2)]::operator ()() const::[lambda() (instance 2)]::operator ()() const::[lambda(float) (instance 1)], std::array<char *, 2>>(int, T2, T3)",6400.0,512.0,3360.0,0.1,0.03
"void at::elementwise_kernel<128, 2, void at::gpu_kernel_impl_nocast<at::BinaryFunctor<float, float, float, binary_internal::MulFunctor<float>>>(at::TensorIteratorBase &, const T1 &)::[lambda(int) (instance 1)]>(int, T3)",273408.0,172544.0,4608.0,4.8,3.75
"void at::vectorized_elementwise_kernel<4, at::float16_copy_kernel_cuda(at::TensorIteratorBase &)::[lambda(float) (instance 1)], std::array<char *, 2>>(int, T2, T3)",267136.0,104576.0,3008.0,6.13,0.41
"void at::elementwise_kernel<128, 4, void at::gpu_kernel_impl_nocast<at::BinaryFunctor<c10::Half, c10::Half, c10::Half, binary_internal::MulFunctor<float>>>(at::TensorIteratorBase &, const T1 &)::[lambda(int) (instance 1)]>(int, T3)",155008.0,128896.0,5696.0,2.46,2.88
ampere_fp16_s16816gemm_fp16_128x64_ldg8_f2f_stages_32x6_tn,8534528.0,1025408.0,11456.0,41.12,15.25
"void cublasLt::splitKreduce_kernel<32, 16, int, __half, __half, float, __half, 0, __half, __half, __half, 1, 0, 0>(cublasLt::cublasSplitKParams<T6>, const T4 *, const T10 *, T9 *, T5 *, const T6 *, const T6 *, const T11 *, const T4 *, T11 *, void *, long, T6 *, int *, T6 *, T6 *, const T6 *, const T6 *, const T6 *, const T6 *, const T6 *)",532736.0,274048.0,4032.0,10.03,9.54
void cutlass::Kernel2<cutlass_80_wmma_tensorop_s161616gemm_f16_32x32_128x2_tn_align8>(T1::Params),1193472.0,236800.0,6048.0,11.72,5.0
"void cublasLt::splitKreduce_kernel<32, 16, int, float, __half, float, __half, 0, __half, __half, __half, 1, 0, 0>(cublasLt::cublasSplitKParams<T6>, const T4 *, const T10 *, T9 *, T5 *, const T6 *, const T6 *, const T11 *, const T4 *, T11 *, void *, long, T6 *, int *, T6 *, T6 *, const T6 *, const T6 *, const T6 *, const T6 *, const T6 *)",270080.0,24704.0,3360.0,4.36,1.56
void cutlass::Kernel2<cutlass_80_wmma_tensorop_s161616gemm_f16_32x32_128x2_tn_align8>(T1::Params),1193472.0,280064.0,5888.0,12.39,5.12
"void cublasLt::splitKreduce_kernel<32, 16, int, float, __half, float, __half, 0, __half, __half, __half, 1, 0, 0>(cublasLt::cublasSplitKParams<T6>, const T4 *, const T10 *, T9 *, T5 *, const T6 *, const T6 *, const T11 *, const T4 *, T11 *, void *, long, T6 *, int *, T6 *, T6 *, const T6 *, const T6 *, const T6 *, const T6 *, const T6 *)",270080.0,37120.0,3584.0,4.27,1.46
"void at::elementwise_kernel<128, 4, void at::gpu_kernel_impl_nocast<at::BinaryFunctor<c10::Half, c10::Half, c10::Half, binary_internal::MulFunctor<float>>>(at::TensorIteratorBase &, const T1 &)::[lambda(int) (instance 1)]>(int, T3)",154880.0,123264.0,5760.0,2.38,3.43
"void at::elementwise_kernel<128, 4, void at::gpu_kernel_impl_nocast<at::neg_kernel_cuda(at::TensorIteratorBase &)::[lambda() (instance 2)]::operator ()() const::[lambda() (instance 8)]::operator ()() const::[lambda(c10::Half) (instance 1)]>(at::TensorIteratorBase &, const T1 &)::[lambda(int) (instance 1)]>(int, T3)",83328.0,102144.0,5696.0,1.61,1.19
"void at::<unnamed>::CatArrayBatchedCopy<at::<unnamed>::OpaqueType<2>, unsigned int, 4, 64, 64>(T1 *, at::<unnamed>::CatArrInputTensorMetadata<T1, T2, T4, T5>, at::<unnamed>::TensorSizeStride<T2, 4>, int, T2)",137984.0,196608.0,6784.0,2.43,12.83
"void at::elementwise_kernel<128, 4, void at::gpu_kernel_impl_nocast<at::BinaryFunctor<c10::Half, c10::Half, c10::Half, binary_internal::MulFunctor<float>>>(at::TensorIteratorBase &, const T1 &)::[lambda(int) (instance 1)]>(int, T3)",154880.0,70528.0,5760.0,1.93,3.43
"void at::vectorized_elementwise_kernel<4, at::CUDAFunctor_add<c10::Half>, std::array<char *, 3>>(int, T2, T3)",268416.0,69504.0,3392.0,4.92,0.71
"void at::elementwise_kernel<128, 4, void at::gpu_kernel_impl_nocast<at::BinaryFunctor<c10::Half, c10::Half, c10::Half, binary_internal::MulFunctor<float>>>(at::TensorIteratorBase &, const T1 &)::[lambda(int) (instance 1)]>(int, T3)",40192.0,4864.0,5632.0,0.4,0.44
"void at::elementwise_kernel<128, 4, void at::gpu_kernel_impl_nocast<at::neg_kernel_cuda(at::TensorIteratorBase &)::[lambda() (instance 2)]::operator ()() const::[lambda() (instance 8)]::operator ()() const::[lambda(c10::Half) (instance 1)]>(at::TensorIteratorBase &, const T1 &)::[lambda(int) (instance 1)]>(int, T3)",25984.0,18304.0,5280.0,0.42,0.16
"void at::<unnamed>::CatArrayBatchedCopy<at::<unnamed>::OpaqueType<2>, unsigned int, 4, 64, 64>(T1 *, at::<unnamed>::CatArrInputTensorMetadata<T1, T2, T4, T5>, at::<unnamed>::TensorSizeStride<T2, 4>, int, T2)",23296.0,26624.0,6528.0,0.38,4.44
"void at::elementwise_kernel<128, 4, void at::gpu_kernel_impl_nocast<at::BinaryFunctor<c10::Half, c10::Half, c10::Half, binary_internal::MulFunctor<float>>>(at::TensorIteratorBase &, const T1 &)::[lambda(int) (instance 1)]>(int, T3)",40320.0,4352.0,5312.0,0.42,0.47
"void at::vectorized_elementwise_kernel<4, at::CUDAFunctor_add<c10::Half>, std::array<char *, 3>>(int, T2, T3)",39040.0,256.0,2944.0,0.67,0.1
"void at::<unnamed>::CatArrayBatchedCopy_vectorized<at::<unnamed>::OpaqueType<2>, unsigned int, 3, 128, 1, 16, 8>(char *, at::<unnamed>::CatArrInputTensorMetadata<T1, T2, T4, T5>, at::<unnamed>::TensorSizeStride<T2, 4>, int, T2)",16798208.0,16958080.0,23008.0,72.2,14.34
"void at::<unnamed>::CatArrayBatchedCopy_vectorized<at::<unnamed>::OpaqueType<2>, unsigned int, 3, 128, 1, 16, 8>(char *, at::<unnamed>::CatArrInputTensorMetadata<T1, T2, T4, T5>, at::<unnamed>::TensorSizeStride<T2, 4>, int, T2)",16797952.0,16886912.0,22816.0,72.56,14.45
"void pytorch_flash::flash_fwd_splitkv_kernel<Flash_fwd_kernel_traits<64, 64, 256, 4, 0, 0, cutlass::half_t, Flash_kernel_traits<64, 64, 256, 4, cutlass::half_t>>, 0, 0, 0, 0, 1, 0, 1, 0>(pytorch_flash::Flash_fwd_params)",33795200.0,13282944.0,38208.0,60.49,25.18
"void pytorch_flash::flash_fwd_splitkv_combine_kernel<Flash_fwd_kernel_traits<64, 64, 256, 4, 0, 0, cutlass::half_t, Flash_kernel_traits<64, 64, 256, 4, cutlass::half_t>>, 8, 2, 1>(pytorch_flash::Flash_fwd_params)",821504.0,269056.0,7648.0,7.05,6.81
ampere_fp16_s16816gemm_fp16_128x64_ldg8_f2f_stages_32x6_tn,8534656.0,949376.0,11360.0,41.11,15.35
"void cublasLt::splitKreduce_kernel<32, 16, int, __half, __half, float, __half, 0, __half, __half, __half, 1, 0, 0>(cublasLt::cublasSplitKParams<T6>, const T4 *, const T10 *, T9 *, T5 *, const T6 *, const T6 *, const T11 *, const T4 *, T11 *, void *, long, T6 *, int *, T6 *, T6 *, const T6 *, const T6 *, const T6 *, const T6 *, const T6 *)",532736.0,217600.0,3968.0,9.38,9.7
"void at::vectorized_elementwise_kernel<4, at::CUDAFunctor_add<c10::Half>, std::array<char *, 3>>(int, T2, T3)",268416.0,106624.0,3008.0,6.22,0.8
"void at::unrolled_elementwise_kernel<at::direct_copy_kernel_cuda(at::TensorIteratorBase &)::[lambda() (instance 3)]::operator ()() const::[lambda() (instance 7)]::operator ()() const::[lambda(float) (instance 1)], std::array<char *, 2>, 4, TrivialOffsetCalculator<1, unsigned int>, TrivialOffsetCalculator<1, unsigned int>, memory::LoadWithCast<1>, memory::StoreWithCast<1>>(int, T1, T2, T4, T5, T6, T7)",163200.0,147328.0,6080.0,2.53,2.8
"void at::vectorized_elementwise_kernel<4, void at::<unnamed>::pow_tensor_scalar_kernel_impl<float, float>(at::TensorIteratorBase &, T2)::[lambda(float) (instance 1)], std::array<char *, 2>>(int, T2, T3)",266880.0,97280.0,3104.0,5.79,0.44
"void at::reduce_kernel<512, 1, at::ReduceOp<float, at::MeanOps<float, float, float, float>, unsigned int, float, 4, 4>>(T3)",313344.0,7552.0,13536.0,1.17,0.14
"void at::vectorized_elementwise_kernel<4, at::CUDAFunctorOnSelf_add<float>, std::array<char *, 2>>(int, T2, T3)",4864.0,896.0,2912.0,0.1,0.02
"void at::vectorized_elementwise_kernel<4, at::rsqrt_kernel_cuda(at::TensorIteratorBase &)::[lambda() (instance 2)]::operator ()() const::[lambda() (instance 2)]::operator ()() const::[lambda(float) (instance 1)], std::array<char *, 2>>(int, T2, T3)",6400.0,512.0,3008.0,0.11,0.04
"void at::elementwise_kernel<128, 2, void at::gpu_kernel_impl_nocast<at::BinaryFunctor<float, float, float, binary_internal::MulFunctor<float>>>(at::TensorIteratorBase &, const T1 &)::[lambda(int) (instance 1)]>(int, T3)",273280.0,113792.0,4448.0,4.32,3.89
"void at::vectorized_elementwise_kernel<4, at::float16_copy_kernel_cuda(at::TensorIteratorBase &)::[lambda(float) (instance 1)], std::array<char *, 2>>(int, T2, T3)",267136.0,57088.0,2880.0,5.56,0.43
"void at::elementwise_kernel<128, 4, void at::gpu_kernel_impl_nocast<at::BinaryFunctor<c10::Half, c10::Half, c10::Half, binary_internal::MulFunctor<float>>>(at::TensorIteratorBase &, const T1 &)::[lambda(int) (instance 1)]>(int, T3)",155008.0,68352.0,5824.0,1.89,2.81
ampere_fp16_s16816gemm_fp16_64x64_sliced1x2_ldg8_f2f_stages_64x5_tn,23214336.0,7227264.0,23008.0,65.04,20.77
"void at::vectorized_elementwise_kernel<4, at::<unnamed>::silu_kernel(at::TensorIteratorBase &)::[lambda() (instance 1)]::operator ()() const::[lambda() (instance 5)]::operator ()() const::[lambda(c10::Half) (instance 1)], std::array<char *, 2>>(int, T2, T3)",373632.0,215808.0,3968.0,7.3,5.79
ampere_fp16_s16816gemm_fp16_64x64_sliced1x2_ldg8_f2f_stages_64x5_tn,23214848.0,7130624.0,23968.0,62.19,19.92
"void at::vectorized_elementwise_kernel<4, at::BinaryFunctor<c10::Half, c10::Half, c10::Half, binary_internal::MulFunctor<float>>, std::array<char *, 3>>(int, T2, T3)",727168.0,269568.0,3488.0,14.31,1.9
ampere_fp16_s16816gemm_fp16_128x64_ldg8_f2f_stages_32x6_tn,23444224.0,9086464.0,24416.0,65.51,19.56
"void cublasLt::splitKreduce_kernel<32, 16, int, __half, __half, float, __half, 0, __half, __half, __half, 1, 0, 0>(cublasLt::cublasSplitKParams<T6>, const T4 *, const T10 *, T9 *, T5 *, const T6 *, const T6 *, const T11 *, const T4 *, T11 *, void *, long, T6 *, int *, T6 *, T6 *, const T6 *, const T6 *, const T6 *, const T6 *, const T6 *)",794880.0,347648.0,5184.0,10.9,8.66
"void at::vectorized_elementwise_kernel<4, at::CUDAFunctor_add<c10::Half>, std::array<char *, 3>>(int, T2, T3)",268416.0,105472.0,3136.0,5.9,0.76
"void at::unrolled_elementwise_kernel<at::direct_copy_kernel_cuda(at::TensorIteratorBase &)::[lambda() (instance 3)]::operator ()() const::[lambda() (instance 7)]::operator ()() const::[lambda(float) (instance 1)], std::array<char *, 2>, 4, TrivialOffsetCalculator<1, unsigned int>, TrivialOffsetCalculator<1, unsigned int>, memory::LoadWithCast<1>, memory::StoreWithCast<1>>(int, T1, T2, T4, T5, T6, T7)",163200.0,166144.0,6112.0,2.67,2.79
"void at::vectorized_elementwise_kernel<4, void at::<unnamed>::pow_tensor_scalar_kernel_impl<float, float>(at::TensorIteratorBase &, T2)::[lambda(float) (instance 1)], std::array<char *, 2>>(int, T2, T3)",266880.0,176384.0,3104.0,7.08,0.44
"void at::reduce_kernel<512, 1, at::ReduceOp<float, at::MeanOps<float, float, float, float>, unsigned int, float, 4, 4>>(T3)",313216.0,12672.0,13152.0,1.22,0.14
"void at::vectorized_elementwise_kernel<4, at::CUDAFunctorOnSelf_add<float>, std::array<char *, 2>>(int, T2, T3)",4864.0,896.0,2816.0,0.1,0.02
"void at::vectorized_elementwise_kernel<4, at::rsqrt_kernel_cuda(at::TensorIteratorBase &)::[lambda() (instance 2)]::operator ()() const::[lambda() (instance 2)]::operator ()() const::[lambda(float) (instance 1)], std::array<char *, 2>>(int, T2, T3)",6400.0,512.0,3072.0,0.11,0.03
"void at::elementwise_kernel<128, 2, void at::gpu_kernel_impl_nocast<at::BinaryFunctor<float, float, float, binary_internal::MulFunctor<float>>>(at::TensorIteratorBase &, const T1 &)::[lambda(int) (instance 1)]>(int, T3)",273280.0,173056.0,4576.0,4.81,3.78
"void at::vectorized_elementwise_kernel<4, at::float16_copy_kernel_cuda(at::TensorIteratorBase &)::[lambda(float) (instance 1)], std::array<char *, 2>>(int, T2, T3)",267264.0,122240.0,3040.0,6.41,0.41
"void at::elementwise_kernel<128, 4, void at::gpu_kernel_impl_nocast<at::BinaryFunctor<c10::Half, c10::Half, c10::Half, binary_internal::MulFunctor<float>>>(at::TensorIteratorBase &, const T1 &)::[lambda(int) (instance 1)]>(int, T3)",154880.0,131200.0,5760.0,2.46,2.85
ampere_fp16_s16816gemm_fp16_128x64_ldg8_f2f_stages_32x6_tn,8534528.0,1037056.0,11424.0,41.18,15.23
"void cublasLt::splitKreduce_kernel<32, 16, int, __half, __half, float, __half, 0, __half, __half, __half, 1, 0, 0>(cublasLt::cublasSplitKParams<T6>, const T4 *, const T10 *, T9 *, T5 *, const T6 *, const T6 *, const T11 *, const T4 *, T11 *, void *, long, T6 *, int *, T6 *, T6 *, const T6 *, const T6 *, const T6 *, const T6 *, const T6 *)",532736.0,270976.0,4096.0,9.79,9.39
void cutlass::Kernel2<cutlass_80_wmma_tensorop_s161616gemm_f16_32x32_128x2_tn_align8>(T1::Params),1193472.0,343296.0,5984.0,12.69,5.07
"void cublasLt::splitKreduce_kernel<32, 16, int, float, __half, float, __half, 0, __half, __half, __half, 1, 0, 0>(cublasLt::cublasSplitKParams<T6>, const T4 *, const T10 *, T9 *, T5 *, const T6 *, const T6 *, const T11 *, const T4 *, T11 *, void *, long, T6 *, int *, T6 *, T6 *, const T6 *, const T6 *, const T6 *, const T6 *, const T6 *)",270080.0,27520.0,3552.0,4.18,1.48
void cutlass::Kernel2<cutlass_80_wmma_tensorop_s161616gemm_f16_32x32_128x2_tn_align8>(T1::Params),1193472.0,277760.0,6112.0,11.91,4.95
"void cublasLt::splitKreduce_kernel<32, 16, int, float, __half, float, __half, 0, __half, __half, __half, 1, 0, 0>(cublasLt::cublasSplitKParams<T6>, const T4 *, const T10 *, T9 *, T5 *, const T6 *, const T6 *, const T11 *, const T4 *, T11 *, void *, long, T6 *, int *, T6 *, T6 *, const T6 *, const T6 *, const T6 *, const T6 *, const T6 *)",270080.0,34688.0,3520.0,4.33,1.48
"void at::elementwise_kernel<128, 4, void at::gpu_kernel_impl_nocast<at::BinaryFunctor<c10::Half, c10::Half, c10::Half, binary_internal::MulFunctor<float>>>(at::TensorIteratorBase &, const T1 &)::[lambda(int) (instance 1)]>(int, T3)",154880.0,142080.0,5792.0,2.55,3.42
"void at::elementwise_kernel<128, 4, void at::gpu_kernel_impl_nocast<at::neg_kernel_cuda(at::TensorIteratorBase &)::[lambda() (instance 2)]::operator ()() const::[lambda() (instance 8)]::operator ()() const::[lambda(c10::Half) (instance 1)]>(at::TensorIteratorBase &, const T1 &)::[lambda(int) (instance 1)]>(int, T3)",83328.0,103168.0,5536.0,1.67,1.23
"void at::<unnamed>::CatArrayBatchedCopy<at::<unnamed>::OpaqueType<2>, unsigned int, 4, 64, 64>(T1 *, at::<unnamed>::CatArrInputTensorMetadata<T1, T2, T4, T5>, at::<unnamed>::TensorSizeStride<T2, 4>, int, T2)",138112.0,195968.0,6720.0,2.46,12.92
"void at::elementwise_kernel<128, 4, void at::gpu_kernel_impl_nocast<at::BinaryFunctor<c10::Half, c10::Half, c10::Half, binary_internal::MulFunctor<float>>>(at::TensorIteratorBase &, const T1 &)::[lambda(int) (instance 1)]>(int, T3)",155008.0,66944.0,5696.0,1.94,3.49
"void at::vectorized_elementwise_kernel<4, at::CUDAFunctor_add<c10::Half>, std::array<char *, 3>>(int, T2, T3)",268416.0,68096.0,3104.0,5.41,0.77
"void at::elementwise_kernel<128, 4, void at::gpu_kernel_impl_nocast<at::BinaryFunctor<c10::Half, c10::Half, c10::Half, binary_internal::MulFunctor<float>>>(at::TensorIteratorBase &, const T1 &)::[lambda(int) (instance 1)]>(int, T3)",40192.0,6528.0,5600.0,0.41,0.44
"void at::elementwise_kernel<128, 4, void at::gpu_kernel_impl_nocast<at::neg_kernel_cuda(at::TensorIteratorBase &)::[lambda() (instance 2)]::operator ()() const::[lambda() (instance 8)]::operator ()() const::[lambda(c10::Half) (instance 1)]>(at::TensorIteratorBase &, const T1 &)::[lambda(int) (instance 1)]>(int, T3)",25984.0,20096.0,5216.0,0.44,0.16
"void at::<unnamed>::CatArrayBatchedCopy<at::<unnamed>::OpaqueType<2>, unsigned int, 4, 64, 64>(T1 *, at::<unnamed>::CatArrInputTensorMetadata<T1, T2, T4, T5>, at::<unnamed>::TensorSizeStride<T2, 4>, int, T2)",23296.0,31360.0,6528.0,0.41,4.42
"void at::elementwise_kernel<128, 4, void at::gpu_kernel_impl_nocast<at::BinaryFunctor<c10::Half, c10::Half, c10::Half, binary_internal::MulFunctor<float>>>(at::TensorIteratorBase &, const T1 &)::[lambda(int) (instance 1)]>(int, T3)",40320.0,4480.0,5536.0,0.4,0.44
"void at::vectorized_elementwise_kernel<4, at::CUDAFunctor_add<c10::Half>, std::array<char *, 3>>(int, T2, T3)",39040.0,896.0,2944.0,0.68,0.1
"void at::<unnamed>::CatArrayBatchedCopy_vectorized<at::<unnamed>::OpaqueType<2>, unsigned int, 3, 128, 1, 16, 8>(char *, at::<unnamed>::CatArrInputTensorMetadata<T1, T2, T4, T5>, at::<unnamed>::TensorSizeStride<T2, 4>, int, T2)",16798336.0,16997248.0,22816.0,72.86,14.44
"void at::<unnamed>::CatArrayBatchedCopy_vectorized<at::<unnamed>::OpaqueType<2>, unsigned int, 3, 128, 1, 16, 8>(char *, at::<unnamed>::CatArrInputTensorMetadata<T1, T2, T4, T5>, at::<unnamed>::TensorSizeStride<T2, 4>, int, T2)",16798976.0,16778624.0,23552.0,70.04,13.98
"void pytorch_flash::flash_fwd_splitkv_kernel<Flash_fwd_kernel_traits<64, 64, 256, 4, 0, 0, cutlass::half_t, Flash_kernel_traits<64, 64, 256, 4, cutlass::half_t>>, 0, 0, 0, 0, 1, 0, 1, 0>(pytorch_flash::Flash_fwd_params)",33795200.0,13656192.0,38496.0,60.53,24.99
"void pytorch_flash::flash_fwd_splitkv_combine_kernel<Flash_fwd_kernel_traits<64, 64, 256, 4, 0, 0, cutlass::half_t, Flash_kernel_traits<64, 64, 256, 4, cutlass::half_t>>, 8, 2, 1>(pytorch_flash::Flash_fwd_params)",821504.0,277760.0,7584.0,7.16,6.87
ampere_fp16_s16816gemm_fp16_128x64_ldg8_f2f_stages_32x6_tn,8534528.0,1043456.0,11456.0,41.2,15.26
"void cublasLt::splitKreduce_kernel<32, 16, int, __half, __half, float, __half, 0, __half, __half, __half, 1, 0, 0>(cublasLt::cublasSplitKParams<T6>, const T4 *, const T10 *, T9 *, T5 *, const T6 *, const T6 *, const T11 *, const T4 *, T11 *, void *, long, T6 *, int *, T6 *, T6 *, const T6 *, const T6 *, const T6 *, const T6 *, const T6 *)",532736.0,286336.0,4064.0,9.96,9.37
"void at::vectorized_elementwise_kernel<4, at::CUDAFunctor_add<c10::Half>, std::array<char *, 3>>(int, T2, T3)",268416.0,118784.0,3104.0,6.14,0.76
"void at::unrolled_elementwise_kernel<at::direct_copy_kernel_cuda(at::TensorIteratorBase &)::[lambda() (instance 3)]::operator ()() const::[lambda() (instance 7)]::operator ()() const::[lambda(float) (instance 1)], std::array<char *, 2>, 4, TrivialOffsetCalculator<1, unsigned int>, TrivialOffsetCalculator<1, unsigned int>, memory::LoadWithCast<1>, memory::StoreWithCast<1>>(int, T1, T2, T4, T5, T6, T7)",163200.0,114560.0,5856.0,2.33,2.91
"void at::vectorized_elementwise_kernel<4, void at::<unnamed>::pow_tensor_scalar_kernel_impl<float, float>(at::TensorIteratorBase &, T2)::[lambda(float) (instance 1)], std::array<char *, 2>>(int, T2, T3)",266880.0,123392.0,2976.0,6.6,0.46
"void at::reduce_kernel<512, 1, at::ReduceOp<float, at::MeanOps<float, float, float, float>, unsigned int, float, 4, 4>>(T3)",313216.0,33408.0,13152.0,1.29,0.14
"void at::vectorized_elementwise_kernel<4, at::CUDAFunctorOnSelf_add<float>, std::array<char *, 2>>(int, T2, T3)",4864.0,896.0,2848.0,0.1,0.02
"void at::vectorized_elementwise_kernel<4, at::rsqrt_kernel_cuda(at::TensorIteratorBase &)::[lambda() (instance 2)]::operator ()() const::[lambda() (instance 2)]::operator ()() const::[lambda(float) (instance 1)], std::array<char *, 2>>(int, T2, T3)",6400.0,512.0,3072.0,0.11,0.03
"void at::elementwise_kernel<128, 2, void at::gpu_kernel_impl_nocast<at::BinaryFunctor<float, float, float, binary_internal::MulFunctor<float>>>(at::TensorIteratorBase &, const T1 &)::[lambda(int) (instance 1)]>(int, T3)",273280.0,132480.0,4704.0,4.27,3.66
"void at::vectorized_elementwise_kernel<4, at::float16_copy_kernel_cuda(at::TensorIteratorBase &)::[lambda(float) (instance 1)], std::array<char *, 2>>(int, T2, T3)",267136.0,137600.0,2976.0,6.73,0.41
"void at::elementwise_kernel<128, 4, void at::gpu_kernel_impl_nocast<at::BinaryFunctor<c10::Half, c10::Half, c10::Half, binary_internal::MulFunctor<float>>>(at::TensorIteratorBase &, const T1 &)::[lambda(int) (instance 1)]>(int, T3)",154880.0,137344.0,5760.0,2.51,2.84
ampere_fp16_s16816gemm_fp16_64x64_sliced1x2_ldg8_f2f_stages_64x5_tn,23214592.0,7064448.0,23104.0,64.39,20.68
"void at::vectorized_elementwise_kernel<4, at::<unnamed>::silu_kernel(at::TensorIteratorBase &)::[lambda() (instance 1)]::operator ()() const::[lambda() (instance 5)]::operator ()() const::[lambda(c10::Half) (instance 1)], std::array<char *, 2>>(int, T2, T3)",373760.0,217344.0,4000.0,7.26,5.76
ampere_fp16_s16816gemm_fp16_64x64_sliced1x2_ldg8_f2f_stages_64x5_tn,23214848.0,6998016.0,23520.0,63.15,20.33
"void at::vectorized_elementwise_kernel<4, at::BinaryFunctor<c10::Half, c10::Half, c10::Half, binary_internal::MulFunctor<float>>, std::array<char *, 3>>(int, T2, T3)",727168.0,265984.0,3552.0,13.9,1.85
ampere_fp16_s16816gemm_fp16_128x64_ldg8_f2f_stages_32x6_tn,23444096.0,9280512.0,24288.0,66.26,19.66
"void cublasLt::splitKreduce_kernel<32, 16, int, __half, __half, float, __half, 0, __half, __half, __half, 1, 0, 0>(cublasLt::cublasSplitKParams<T6>, const T4 *, const T10 *, T9 *, T5 *, const T6 *, const T6 *, const T11 *, const T4 *, T11 *, void *, long, T6 *, int *, T6 *, T6 *, const T6 *, const T6 *, const T6 *, const T6 *, const T6 *)",794880.0,394752.0,5472.0,10.76,8.2
"void at::vectorized_elementwise_kernel<4, at::CUDAFunctor_add<c10::Half>, std::array<char *, 3>>(int, T2, T3)",268416.0,117504.0,3072.0,6.2,0.77
"void at::unrolled_elementwise_kernel<at::direct_copy_kernel_cuda(at::TensorIteratorBase &)::[lambda() (instance 3)]::operator ()() const::[lambda() (instance 7)]::operator ()() const::[lambda(float) (instance 1)], std::array<char *, 2>, 4, TrivialOffsetCalculator<1, unsigned int>, TrivialOffsetCalculator<1, unsigned int>, memory::LoadWithCast<1>, memory::StoreWithCast<1>>(int, T1, T2, T4, T5, T6, T7)",163200.0,167808.0,6048.0,2.71,2.82
"void at::vectorized_elementwise_kernel<4, void at::<unnamed>::pow_tensor_scalar_kernel_impl<float, float>(at::TensorIteratorBase &, T2)::[lambda(float) (instance 1)], std::array<char *, 2>>(int, T2, T3)",266880.0,160640.0,3072.0,6.88,0.44
"void at::reduce_kernel<512, 1, at::ReduceOp<float, at::MeanOps<float, float, float, float>, unsigned int, float, 4, 4>>(T3)",313344.0,7680.0,13184.0,1.2,0.14
"void at::vectorized_elementwise_kernel<4, at::CUDAFunctorOnSelf_add<float>, std::array<char *, 2>>(int, T2, T3)",4864.0,896.0,2848.0,0.1,0.02
"void at::vectorized_elementwise_kernel<4, at::rsqrt_kernel_cuda(at::TensorIteratorBase &)::[lambda() (instance 2)]::operator ()() const::[lambda() (instance 2)]::operator ()() const::[lambda(float) (instance 1)], std::array<char *, 2>>(int, T2, T3)",6528.0,512.0,3168.0,0.11,0.03
"void at::elementwise_kernel<128, 2, void at::gpu_kernel_impl_nocast<at::BinaryFunctor<float, float, float, binary_internal::MulFunctor<float>>>(at::TensorIteratorBase &, const T1 &)::[lambda(int) (instance 1)]>(int, T3)",273280.0,171648.0,4576.0,4.81,3.78
"void at::vectorized_elementwise_kernel<4, at::float16_copy_kernel_cuda(at::TensorIteratorBase &)::[lambda(float) (instance 1)], std::array<char *, 2>>(int, T2, T3)",267136.0,104832.0,3040.0,6.12,0.41
"void at::elementwise_kernel<128, 4, void at::gpu_kernel_impl_nocast<at::BinaryFunctor<c10::Half, c10::Half, c10::Half, binary_internal::MulFunctor<float>>>(at::TensorIteratorBase &, const T1 &)::[lambda(int) (instance 1)]>(int, T3)",154880.0,130048.0,5696.0,2.47,2.86
ampere_fp16_s16816gemm_fp16_128x64_ldg8_f2f_stages_32x6_tn,8534528.0,1029248.0,11648.0,40.45,14.97
"void cublasLt::splitKreduce_kernel<32, 16, int, __half, __half, float, __half, 0, __half, __half, __half, 1, 0, 0>(cublasLt::cublasSplitKParams<T6>, const T4 *, const T10 *, T9 *, T5 *, const T6 *, const T6 *, const T11 *, const T4 *, T11 *, void *, long, T6 *, int *, T6 *, T6 *, const T6 *, const T6 *, const T6 *, const T6 *, const T6 *)",532736.0,270592.0,4000.0,10.01,9.63
void cutlass::Kernel2<cutlass_80_wmma_tensorop_s161616gemm_f16_32x32_128x2_tn_align8>(T1::Params),1193600.0,458624.0,5920.0,13.72,5.09
"void cublasLt::splitKreduce_kernel<32, 16, int, float, __half, float, __half, 0, __half, __half, __half, 1, 0, 0>(cublasLt::cublasSplitKParams<T6>, const T4 *, const T10 *, T9 *, T5 *, const T6 *, const T6 *, const T11 *, const T4 *, T11 *, void *, long, T6 *, int *, T6 *, T6 *, const T6 *, const T6 *, const T6 *, const T6 *, const T6 *)",270080.0,39552.0,3552.0,4.32,1.47
void cutlass::Kernel2<cutlass_80_wmma_tensorop_s161616gemm_f16_32x32_128x2_tn_align8>(T1::Params),1193600.0,266496.0,5952.0,12.04,5.06
"void cublasLt::splitKreduce_kernel<32, 16, int, float, __half, float, __half, 0, __half, __half, __half, 1, 0, 0>(cublasLt::cublasSplitKParams<T6>, const T4 *, const T10 *, T9 *, T5 *, const T6 *, const T6 *, const T11 *, const T4 *, T11 *, void *, long, T6 *, int *, T6 *, T6 *, const T6 *, const T6 *, const T6 *, const T6 *, const T6 *)",270080.0,24448.0,3328.0,4.38,1.56
"void at::elementwise_kernel<128, 4, void at::gpu_kernel_impl_nocast<at::BinaryFunctor<c10::Half, c10::Half, c10::Half, binary_internal::MulFunctor<float>>>(at::TensorIteratorBase &, const T1 &)::[lambda(int) (instance 1)]>(int, T3)",154880.0,123776.0,5664.0,2.42,3.48
"void at::elementwise_kernel<128, 4, void at::gpu_kernel_impl_nocast<at::neg_kernel_cuda(at::TensorIteratorBase &)::[lambda() (instance 2)]::operator ()() const::[lambda() (instance 8)]::operator ()() const::[lambda(c10::Half) (instance 1)]>(at::TensorIteratorBase &, const T1 &)::[lambda(int) (instance 1)]>(int, T3)",83328.0,104704.0,5568.0,1.67,1.22
"void at::<unnamed>::CatArrayBatchedCopy<at::<unnamed>::OpaqueType<2>, unsigned int, 4, 64, 64>(T1 *, at::<unnamed>::CatArrInputTensorMetadata<T1, T2, T4, T5>, at::<unnamed>::TensorSizeStride<T2, 4>, int, T2)",137984.0,196352.0,6976.0,2.37,12.43
"void at::elementwise_kernel<128, 4, void at::gpu_kernel_impl_nocast<at::BinaryFunctor<c10::Half, c10::Half, c10::Half, binary_internal::MulFunctor<float>>>(at::TensorIteratorBase &, const T1 &)::[lambda(int) (instance 1)]>(int, T3)",154880.0,67968.0,5664.0,1.94,3.49
"void at::vectorized_elementwise_kernel<4, at::CUDAFunctor_add<c10::Half>, std::array<char *, 3>>(int, T2, T3)",268416.0,68608.0,3008.0,5.57,0.8
"void at::elementwise_kernel<128, 4, void at::gpu_kernel_impl_nocast<at::BinaryFunctor<c10::Half, c10::Half, c10::Half, binary_internal::MulFunctor<float>>>(at::TensorIteratorBase &, const T1 &)::[lambda(int) (instance 1)]>(int, T3)",40192.0,4608.0,5472.0,0.41,0.45
"void at::elementwise_kernel<128, 4, void at::gpu_kernel_impl_nocast<at::neg_kernel_cuda(at::TensorIteratorBase &)::[lambda() (instance 2)]::operator ()() const::[lambda() (instance 8)]::operator ()() const::[lambda(c10::Half) (instance 1)]>(at::TensorIteratorBase &, const T1 &)::[lambda(int) (instance 1)]>(int, T3)",25984.0,16640.0,5216.0,0.4,0.16
"void at::<unnamed>::CatArrayBatchedCopy<at::<unnamed>::OpaqueType<2>, unsigned int, 4, 64, 64>(T1 *, at::<unnamed>::CatArrInputTensorMetadata<T1, T2, T4, T5>, at::<unnamed>::TensorSizeStride<T2, 4>, int, T2)",23424.0,26240.0,6688.0,0.37,4.34
"void at::elementwise_kernel<128, 4, void at::gpu_kernel_impl_nocast<at::BinaryFunctor<c10::Half, c10::Half, c10::Half, binary_internal::MulFunctor<float>>>(at::TensorIteratorBase &, const T1 &)::[lambda(int) (instance 1)]>(int, T3)",40192.0,4736.0,5440.0,0.41,0.45
"void at::vectorized_elementwise_kernel<4, at::CUDAFunctor_add<c10::Half>, std::array<char *, 3>>(int, T2, T3)",39040.0,3712.0,2944.0,0.72,0.1
"void at::<unnamed>::CatArrayBatchedCopy_vectorized<at::<unnamed>::OpaqueType<2>, unsigned int, 3, 128, 1, 16, 8>(char *, at::<unnamed>::CatArrInputTensorMetadata<T1, T2, T4, T5>, at::<unnamed>::TensorSizeStride<T2, 4>, int, T2)",16798080.0,16912384.0,22784.0,72.7,14.46
"void at::<unnamed>::CatArrayBatchedCopy_vectorized<at::<unnamed>::OpaqueType<2>, unsigned int, 3, 128, 1, 16, 8>(char *, at::<unnamed>::CatArrInputTensorMetadata<T1, T2, T4, T5>, at::<unnamed>::TensorSizeStride<T2, 4>, int, T2)",16798336.0,17043200.0,23904.0,69.55,13.76
"void pytorch_flash::flash_fwd_splitkv_kernel<Flash_fwd_kernel_traits<64, 64, 256, 4, 0, 0, cutlass::half_t, Flash_kernel_traits<64, 64, 256, 4, cutlass::half_t>>, 0, 0, 0, 0, 1, 0, 1, 0>(pytorch_flash::Flash_fwd_params)",33794944.0,13632000.0,39104.0,59.56,24.6
"void pytorch_flash::flash_fwd_splitkv_combine_kernel<Flash_fwd_kernel_traits<64, 64, 256, 4, 0, 0, cutlass::half_t, Flash_kernel_traits<64, 64, 256, 4, cutlass::half_t>>, 8, 2, 1>(pytorch_flash::Flash_fwd_params)",821504.0,282496.0,7456.0,7.32,7.0
ampere_fp16_s16816gemm_fp16_128x64_ldg8_f2f_stages_32x6_tn,8534528.0,1000960.0,11360.0,41.28,15.36
"void cublasLt::splitKreduce_kernel<32, 16, int, __half, __half, float, __half, 0, __half, __half, __half, 1, 0, 0>(cublasLt::cublasSplitKParams<T6>, const T4 *, const T10 *, T9 *, T5 *, const T6 *, const T6 *, const T11 *, const T4 *, T11 *, void *, long, T6 *, int *, T6 *, T6 *, const T6 *, const T6 *, const T6 *, const T6 *, const T6 *)",532736.0,207744.0,4032.0,9.04,9.48
"void at::vectorized_elementwise_kernel<4, at::CUDAFunctor_add<c10::Half>, std::array<char *, 3>>(int, T2, T3)",268416.0,118144.0,3072.0,6.23,0.78
"void at::unrolled_elementwise_kernel<at::direct_copy_kernel_cuda(at::TensorIteratorBase &)::[lambda() (instance 3)]::operator ()() const::[lambda() (instance 7)]::operator ()() const::[lambda(float) (instance 1)], std::array<char *, 2>, 4, TrivialOffsetCalculator<1, unsigned int>, TrivialOffsetCalculator<1, unsigned int>, memory::LoadWithCast<1>, memory::StoreWithCast<1>>(int, T1, T2, T4, T5, T6, T7)",163200.0,149376.0,6176.0,2.51,2.77
"void at::vectorized_elementwise_kernel<4, void at::<unnamed>::pow_tensor_scalar_kernel_impl<float, float>(at::TensorIteratorBase &, T2)::[lambda(float) (instance 1)], std::array<char *, 2>>(int, T2, T3)",266880.0,97280.0,3008.0,6.01,0.45
"void at::reduce_kernel<512, 1, at::ReduceOp<float, at::MeanOps<float, float, float, float>, unsigned int, float, 4, 4>>(T3)",313216.0,3072.0,13184.0,1.18,0.14
"void at::vectorized_elementwise_kernel<4, at::CUDAFunctorOnSelf_add<float>, std::array<char *, 2>>(int, T2, T3)",4864.0,1280.0,2848.0,0.11,0.02
"void at::vectorized_elementwise_kernel<4, at::rsqrt_kernel_cuda(at::TensorIteratorBase &)::[lambda() (instance 2)]::operator ()() const::[lambda() (instance 2)]::operator ()() const::[lambda(float) (instance 1)], std::array<char *, 2>>(int, T2, T3)",6400.0,768.0,3008.0,0.12,0.04
"void at::elementwise_kernel<128, 2, void at::gpu_kernel_impl_nocast<at::BinaryFunctor<float, float, float, binary_internal::MulFunctor<float>>>(at::TensorIteratorBase &, const T1 &)::[lambda(int) (instance 1)]>(int, T3)",273280.0,113024.0,4544.0,4.18,3.78
"void at::vectorized_elementwise_kernel<4, at::float16_copy_kernel_cuda(at::TensorIteratorBase &)::[lambda(float) (instance 1)], std::array<char *, 2>>(int, T2, T3)",267264.0,57344.0,3008.0,5.35,0.41
"void at::elementwise_kernel<128, 4, void at::gpu_kernel_impl_nocast<at::BinaryFunctor<c10::Half, c10::Half, c10::Half, binary_internal::MulFunctor<float>>>(at::TensorIteratorBase &, const T1 &)::[lambda(int) (instance 1)]>(int, T3)",154880.0,70016.0,6144.0,1.81,2.66
ampere_fp16_s16816gemm_fp16_64x64_sliced1x2_ldg8_f2f_stages_64x5_tn,23215232.0,7675776.0,24448.0,62.12,19.53
"void at::vectorized_elementwise_kernel<4, at::<unnamed>::silu_kernel(at::TensorIteratorBase &)::[lambda() (instance 1)]::operator ()() const::[lambda() (instance 5)]::operator ()() const::[lambda(c10::Half) (instance 1)], std::array<char *, 2>>(int, T2, T3)",373632.0,223744.0,3936.0,7.44,5.84
ampere_fp16_s16816gemm_fp16_64x64_sliced1x2_ldg8_f2f_stages_64x5_tn,23214336.0,7097728.0,23264.0,64.02,20.54
"void at::vectorized_elementwise_kernel<4, at::BinaryFunctor<c10::Half, c10::Half, c10::Half, binary_internal::MulFunctor<float>>, std::array<char *, 3>>(int, T2, T3)",727168.0,271744.0,3488.0,14.35,1.89
ampere_fp16_s16816gemm_fp16_128x64_ldg8_f2f_stages_32x6_tn,23444224.0,9355776.0,25152.0,64.02,18.98
"void cublasLt::splitKreduce_kernel<32, 16, int, __half, __half, float, __half, 0, __half, __half, __half, 1, 0, 0>(cublasLt::cublasSplitKParams<T6>, const T4 *, const T10 *, T9 *, T5 *, const T6 *, const T6 *, const T11 *, const T4 *, T11 *, void *, long, T6 *, int *, T6 *, T6 *, const T6 *, const T6 *, const T6 *, const T6 *, const T6 *)",794880.0,326272.0,5280.0,10.56,8.53
"void at::vectorized_elementwise_kernel<4, at::CUDAFunctor_add<c10::Half>, std::array<char *, 3>>(int, T2, T3)",268416.0,108800.0,3040.0,6.17,0.79
"void at::unrolled_elementwise_kernel<at::direct_copy_kernel_cuda(at::TensorIteratorBase &)::[lambda() (instance 3)]::operator ()() const::[lambda() (instance 7)]::operator ()() const::[lambda(float) (instance 1)], std::array<char *, 2>, 4, TrivialOffsetCalculator<1, unsigned int>, TrivialOffsetCalculator<1, unsigned int>, memory::LoadWithCast<1>, memory::StoreWithCast<1>>(int, T1, T2, T4, T5, T6, T7)",163200.0,165376.0,6112.0,2.66,2.8
"void at::vectorized_elementwise_kernel<4, void at::<unnamed>::pow_tensor_scalar_kernel_impl<float, float>(at::TensorIteratorBase &, T2)::[lambda(float) (instance 1)], std::array<char *, 2>>(int, T2, T3)",266880.0,170880.0,3104.0,7.07,0.44
"void at::reduce_kernel<512, 1, at::ReduceOp<float, at::MeanOps<float, float, float, float>, unsigned int, float, 4, 4>>(T3)",313216.0,4224.0,13152.0,1.19,0.14
"void at::vectorized_elementwise_kernel<4, at::CUDAFunctorOnSelf_add<float>, std::array<char *, 2>>(int, T2, T3)",4864.0,1408.0,2848.0,0.11,0.02
"void at::vectorized_elementwise_kernel<4, at::rsqrt_kernel_cuda(at::TensorIteratorBase &)::[lambda() (instance 2)]::operator ()() const::[lambda() (instance 2)]::operator ()() const::[lambda(float) (instance 1)], std::array<char *, 2>>(int, T2, T3)",6400.0,512.0,3040.0,0.11,0.03
"void at::elementwise_kernel<128, 2, void at::gpu_kernel_impl_nocast<at::BinaryFunctor<float, float, float, binary_internal::MulFunctor<float>>>(at::TensorIteratorBase &, const T1 &)::[lambda(int) (instance 1)]>(int, T3)",273280.0,174080.0,4544.0,4.82,3.78
"void at::vectorized_elementwise_kernel<4, at::float16_copy_kernel_cuda(at::TensorIteratorBase &)::[lambda(float) (instance 1)], std::array<char *, 2>>(int, T2, T3)",267136.0,113920.0,3040.0,6.29,0.41
"void at::elementwise_kernel<128, 4, void at::gpu_kernel_impl_nocast<at::BinaryFunctor<c10::Half, c10::Half, c10::Half, binary_internal::MulFunctor<float>>>(at::TensorIteratorBase &, const T1 &)::[lambda(int) (instance 1)]>(int, T3)",154880.0,117888.0,5728.0,2.36,2.87
ampere_fp16_s16816gemm_fp16_128x64_ldg8_f2f_stages_32x6_tn,8534528.0,1003648.0,11168.0,41.94,15.6
"void cublasLt::splitKreduce_kernel<32, 16, int, __half, __half, float, __half, 0, __half, __half, __half, 1, 0, 0>(cublasLt::cublasSplitKParams<T6>, const T4 *, const T10 *, T9 *, T5 *, const T6 *, const T6 *, const T11 *, const T4 *, T11 *, void *, long, T6 *, int *, T6 *, T6 *, const T6 *, const T6 *, const T6 *, const T6 *, const T6 *)",532736.0,275072.0,4032.0,9.88,9.53
void cutlass::Kernel2<cutlass_80_wmma_tensorop_s161616gemm_f16_32x32_128x2_tn_align8>(T1::Params),1193600.0,317312.0,5920.0,12.59,5.11
"void cublasLt::splitKreduce_kernel<32, 16, int, float, __half, float, __half, 0, __half, __half, __half, 1, 0, 0>(cublasLt::cublasSplitKParams<T6>, const T4 *, const T10 *, T9 *, T5 *, const T6 *, const T6 *, const T11 *, const T4 *, T11 *, void *, long, T6 *, int *, T6 *, T6 *, const T6 *, const T6 *, const T6 *, const T6 *, const T6 *)",270080.0,45824.0,3424.0,4.59,1.52
void cutlass::Kernel2<cutlass_80_wmma_tensorop_s161616gemm_f16_32x32_128x2_tn_align8>(T1::Params),1193600.0,451584.0,6080.0,13.4,4.98
"void cublasLt::splitKreduce_kernel<32, 16, int, float, __half, float, __half, 0, __half, __half, __half, 1, 0, 0>(cublasLt::cublasSplitKParams<T6>, const T4 *, const T10 *, T9 *, T5 *, const T6 *, const T6 *, const T11 *, const T4 *, T11 *, void *, long, T6 *, int *, T6 *, T6 *, const T6 *, const T6 *, const T6 *, const T6 *, const T6 *)",270080.0,25728.0,3360.0,4.34,1.55
"void at::elementwise_kernel<128, 4, void at::gpu_kernel_impl_nocast<at::BinaryFunctor<c10::Half, c10::Half, c10::Half, binary_internal::MulFunctor<float>>>(at::TensorIteratorBase &, const T1 &)::[lambda(int) (instance 1)]>(int, T3)",154880.0,141440.0,5824.0,2.51,3.38
"void at::elementwise_kernel<128, 4, void at::gpu_kernel_impl_nocast<at::neg_kernel_cuda(at::TensorIteratorBase &)::[lambda() (instance 2)]::operator ()() const::[lambda() (instance 8)]::operator ()() const::[lambda(c10::Half) (instance 1)]>(at::TensorIteratorBase &, const T1 &)::[lambda(int) (instance 1)]>(int, T3)",83328.0,104832.0,5504.0,1.69,1.23
"void at::<unnamed>::CatArrayBatchedCopy<at::<unnamed>::OpaqueType<2>, unsigned int, 4, 64, 64>(T1 *, at::<unnamed>::CatArrInputTensorMetadata<T1, T2, T4, T5>, at::<unnamed>::TensorSizeStride<T2, 4>, int, T2)",138112.0,195968.0,6720.0,2.46,13.03
"void at::elementwise_kernel<128, 4, void at::gpu_kernel_impl_nocast<at::BinaryFunctor<c10::Half, c10::Half, c10::Half, binary_internal::MulFunctor<float>>>(at::TensorIteratorBase &, const T1 &)::[lambda(int) (instance 1)]>(int, T3)",155008.0,70912.0,5728.0,1.94,3.44
"void at::vectorized_elementwise_kernel<4, at::CUDAFunctor_add<c10::Half>, std::array<char *, 3>>(int, T2, T3)",268416.0,59904.0,3072.0,5.32,0.78
"void at::elementwise_kernel<128, 4, void at::gpu_kernel_impl_nocast<at::BinaryFunctor<c10::Half, c10::Half, c10::Half, binary_internal::MulFunctor<float>>>(at::TensorIteratorBase &, const T1 &)::[lambda(int) (instance 1)]>(int, T3)",40192.0,7040.0,5600.0,0.41,0.44
"void at::elementwise_kernel<128, 4, void at::gpu_kernel_impl_nocast<at::neg_kernel_cuda(at::TensorIteratorBase &)::[lambda() (instance 2)]::operator ()() const::[lambda() (instance 8)]::operator ()() const::[lambda(c10::Half) (instance 1)]>(at::TensorIteratorBase &, const T1 &)::[lambda(int) (instance 1)]>(int, T3)",25984.0,20992.0,5376.0,0.43,0.16
"void at::<unnamed>::CatArrayBatchedCopy<at::<unnamed>::OpaqueType<2>, unsigned int, 4, 64, 64>(T1 *, at::<unnamed>::CatArrInputTensorMetadata<T1, T2, T4, T5>, at::<unnamed>::TensorSizeStride<T2, 4>, int, T2)",23424.0,27904.0,6528.0,0.39,4.44
"void at::elementwise_kernel<128, 4, void at::gpu_kernel_impl_nocast<at::BinaryFunctor<c10::Half, c10::Half, c10::Half, binary_internal::MulFunctor<float>>>(at::TensorIteratorBase &, const T1 &)::[lambda(int) (instance 1)]>(int, T3)",40320.0,13696.0,5536.0,0.48,0.44
"void at::vectorized_elementwise_kernel<4, at::CUDAFunctor_add<c10::Half>, std::array<char *, 3>>(int, T2, T3)",39040.0,5376.0,3168.0,0.7,0.09
"void at::<unnamed>::CatArrayBatchedCopy_vectorized<at::<unnamed>::OpaqueType<2>, unsigned int, 3, 128, 1, 16, 8>(char *, at::<unnamed>::CatArrInputTensorMetadata<T1, T2, T4, T5>, at::<unnamed>::TensorSizeStride<T2, 4>, int, T2)",16797952.0,16897280.0,23264.0,71.16,14.15
"void at::<unnamed>::CatArrayBatchedCopy_vectorized<at::<unnamed>::OpaqueType<2>, unsigned int, 3, 128, 1, 16, 8>(char *, at::<unnamed>::CatArrInputTensorMetadata<T1, T2, T4, T5>, at::<unnamed>::TensorSizeStride<T2, 4>, int, T2)",16798080.0,16917504.0,23360.0,70.94,14.09
"void pytorch_flash::flash_fwd_splitkv_kernel<Flash_fwd_kernel_traits<64, 64, 256, 4, 0, 0, cutlass::half_t, Flash_kernel_traits<64, 64, 256, 4, cutlass::half_t>>, 0, 0, 0, 0, 1, 0, 1, 0>(pytorch_flash::Flash_fwd_params)",33795200.0,13471232.0,38560.0,60.22,24.94
"void pytorch_flash::flash_fwd_splitkv_combine_kernel<Flash_fwd_kernel_traits<64, 64, 256, 4, 0, 0, cutlass::half_t, Flash_kernel_traits<64, 64, 256, 4, cutlass::half_t>>, 8, 2, 1>(pytorch_flash::Flash_fwd_params)",821504.0,258688.0,7488.0,7.12,6.94
ampere_fp16_s16816gemm_fp16_128x64_ldg8_f2f_stages_32x6_tn,8534400.0,988416.0,11424.0,41.08,15.28
"void cublasLt::splitKreduce_kernel<32, 16, int, __half, __half, float, __half, 0, __half, __half, __half, 1, 0, 0>(cublasLt::cublasSplitKParams<T6>, const T4 *, const T10 *, T9 *, T5 *, const T6 *, const T6 *, const T11 *, const T4 *, T11 *, void *, long, T6 *, int *, T6 *, T6 *, const T6 *, const T6 *, const T6 *, const T6 *, const T6 *)",532736.0,278784.0,4032.0,10.03,9.55
"void at::vectorized_elementwise_kernel<4, at::CUDAFunctor_add<c10::Half>, std::array<char *, 3>>(int, T2, T3)",268416.0,114176.0,3360.0,5.6,0.71
"void at::unrolled_elementwise_kernel<at::direct_copy_kernel_cuda(at::TensorIteratorBase &)::[lambda() (instance 3)]::operator ()() const::[lambda() (instance 7)]::operator ()() const::[lambda(float) (instance 1)], std::array<char *, 2>, 4, TrivialOffsetCalculator<1, unsigned int>, TrivialOffsetCalculator<1, unsigned int>, memory::LoadWithCast<1>, memory::StoreWithCast<1>>(int, T1, T2, T4, T5, T6, T7)",163200.0,118528.0,6144.0,2.26,2.77
"void at::vectorized_elementwise_kernel<4, void at::<unnamed>::pow_tensor_scalar_kernel_impl<float, float>(at::TensorIteratorBase &, T2)::[lambda(float) (instance 1)], std::array<char *, 2>>(int, T2, T3)",266880.0,126464.0,3008.0,6.49,0.45
"void at::reduce_kernel<512, 1, at::ReduceOp<float, at::MeanOps<float, float, float, float>, unsigned int, float, 4, 4>>(T3)",313216.0,25728.0,12992.0,1.28,0.14
"void at::vectorized_elementwise_kernel<4, at::CUDAFunctorOnSelf_add<float>, std::array<char *, 2>>(int, T2, T3)",4864.0,1280.0,2848.0,0.11,0.02
"void at::vectorized_elementwise_kernel<4, at::rsqrt_kernel_cuda(at::TensorIteratorBase &)::[lambda() (instance 2)]::operator ()() const::[lambda() (instance 2)]::operator ()() const::[lambda(float) (instance 1)], std::array<char *, 2>>(int, T2, T3)",6400.0,768.0,3008.0,0.12,0.04
"void at::elementwise_kernel<128, 2, void at::gpu_kernel_impl_nocast<at::BinaryFunctor<float, float, float, binary_internal::MulFunctor<float>>>(at::TensorIteratorBase &, const T1 &)::[lambda(int) (instance 1)]>(int, T3)",273280.0,127488.0,4800.0,4.14,3.6
"void at::vectorized_elementwise_kernel<4, at::float16_copy_kernel_cuda(at::TensorIteratorBase &)::[lambda(float) (instance 1)], std::array<char *, 2>>(int, T2, T3)",267136.0,133632.0,3200.0,6.26,0.39
"void at::elementwise_kernel<128, 4, void at::gpu_kernel_impl_nocast<at::BinaryFunctor<c10::Half, c10::Half, c10::Half, binary_internal::MulFunctor<float>>>(at::TensorIteratorBase &, const T1 &)::[lambda(int) (instance 1)]>(int, T3)",154880.0,143360.0,5760.0,2.55,2.83
ampere_fp16_s16816gemm_fp16_64x64_sliced1x2_ldg8_f2f_stages_64x5_tn,23214336.0,7468800.0,23648.0,63.72,20.18
"void at::vectorized_elementwise_kernel<4, at::<unnamed>::silu_kernel(at::TensorIteratorBase &)::[lambda() (instance 1)]::operator ()() const::[lambda() (instance 5)]::operator ()() const::[lambda(c10::Half) (instance 1)], std::array<char *, 2>>(int, T2, T3)",373632.0,220672.0,3808.0,7.69,6.06
ampere_fp16_s16816gemm_fp16_64x64_sliced1x2_ldg8_f2f_stages_64x5_tn,23214592.0,7063680.0,23584.0,63.07,20.25
"void at::vectorized_elementwise_kernel<4, at::BinaryFunctor<c10::Half, c10::Half, c10::Half, binary_internal::MulFunctor<float>>, std::array<char *, 3>>(int, T2, T3)",727168.0,264064.0,3648.0,13.44,1.8
ampere_fp16_s16816gemm_fp16_128x64_ldg8_f2f_stages_32x6_tn,23444096.0,8986752.0,24672.0,64.5,19.34
"void cublasLt::splitKreduce_kernel<32, 16, int, __half, __half, float, __half, 0, __half, __half, __half, 1, 0, 0>(cublasLt::cublasSplitKParams<T6>, const T4 *, const T10 *, T9 *, T5 *, const T6 *, const T6 *, const T11 *, const T4 *, T11 *, void *, long, T6 *, int *, T6 *, T6 *, const T6 *, const T6 *, const T6 *, const T6 *, const T6 *)",794880.0,377088.0,5184.0,11.19,8.67
"void at::vectorized_elementwise_kernel<4, at::CUDAFunctor_add<c10::Half>, std::array<char *, 3>>(int, T2, T3)",268416.0,113152.0,3200.0,5.91,0.75
"void at::unrolled_elementwise_kernel<at::direct_copy_kernel_cuda(at::TensorIteratorBase &)::[lambda() (instance 3)]::operator ()() const::[lambda() (instance 7)]::operator ()() const::[lambda(float) (instance 1)], std::array<char *, 2>, 4, TrivialOffsetCalculator<1, unsigned int>, TrivialOffsetCalculator<1, unsigned int>, memory::LoadWithCast<1>, memory::StoreWithCast<1>>(int, T1, T2, T4, T5, T6, T7)",163200.0,173824.0,6112.0,2.72,2.8
"void at::vectorized_elementwise_kernel<4, void at::<unnamed>::pow_tensor_scalar_kernel_impl<float, float>(at::TensorIteratorBase &, T2)::[lambda(float) (instance 1)], std::array<char *, 2>>(int, T2, T3)",266880.0,152448.0,3232.0,6.41,0.42
"void at::reduce_kernel<512, 1, at::ReduceOp<float, at::MeanOps<float, float, float, float>, unsigned int, float, 4, 4>>(T3)",313216.0,2688.0,13024.0,1.19,0.14
"void at::vectorized_elementwise_kernel<4, at::CUDAFunctorOnSelf_add<float>, std::array<char *, 2>>(int, T2, T3)",4864.0,896.0,2848.0,0.1,0.02
"void at::vectorized_elementwise_kernel<4, at::rsqrt_kernel_cuda(at::TensorIteratorBase &)::[lambda() (instance 2)]::operator ()() const::[lambda() (instance 2)]::operator ()() const::[lambda(float) (instance 1)], std::array<char *, 2>>(int, T2, T3)",6400.0,1536.0,3104.0,0.13,0.03
"void at::elementwise_kernel<128, 2, void at::gpu_kernel_impl_nocast<at::BinaryFunctor<float, float, float, binary_internal::MulFunctor<float>>>(at::TensorIteratorBase &, const T1 &)::[lambda(int) (instance 1)]>(int, T3)",273280.0,171648.0,4736.0,4.65,3.65
"void at::vectorized_elementwise_kernel<4, at::float16_copy_kernel_cuda(at::TensorIteratorBase &)::[lambda(float) (instance 1)], std::array<char *, 2>>(int, T2, T3)",267136.0,106368.0,3072.0,6.03,0.4
"void at::elementwise_kernel<128, 4, void at::gpu_kernel_impl_nocast<at::BinaryFunctor<c10::Half, c10::Half, c10::Half, binary_internal::MulFunctor<float>>>(at::TensorIteratorBase &, const T1 &)::[lambda(int) (instance 1)]>(int, T3)",154880.0,130688.0,5760.0,2.45,2.83
ampere_fp16_s16816gemm_fp16_128x64_ldg8_f2f_stages_32x6_tn,8534400.0,1045248.0,11360.0,41.47,15.35
"void cublasLt::splitKreduce_kernel<32, 16, int, __half, __half, float, __half, 0, __half, __half, __half, 1, 0, 0>(cublasLt::cublasSplitKParams<T6>, const T4 *, const T10 *, T9 *, T5 *, const T6 *, const T6 *, const T11 *, const T4 *, T11 *, void *, long, T6 *, int *, T6 *, T6 *, const T6 *, const T6 *, const T6 *, const T6 *, const T6 *)",532736.0,274816.0,4128.0,9.68,9.33
void cutlass::Kernel2<cutlass_80_wmma_tensorop_s161616gemm_f16_32x32_128x2_tn_align8>(T1::Params),1193472.0,313728.0,6080.0,12.27,4.96
"void cublasLt::splitKreduce_kernel<32, 16, int, float, __half, float, __half, 0, __half, __half, __half, 1, 0, 0>(cublasLt::cublasSplitKParams<T6>, const T4 *, const T10 *, T9 *, T5 *, const T6 *, const T6 *, const T11 *, const T4 *, T11 *, void *, long, T6 *, int *, T6 *, T6 *, const T6 *, const T6 *, const T6 *, const T6 *, const T6 *)",270080.0,24448.0,3392.0,4.33,1.54
void cutlass::Kernel2<cutlass_80_wmma_tensorop_s161616gemm_f16_32x32_128x2_tn_align8>(T1::Params),1193472.0,407424.0,5952.0,13.35,5.08
"void cublasLt::splitKreduce_kernel<32, 16, int, float, __half, float, __half, 0, __half, __half, __half, 1, 0, 0>(cublasLt::cublasSplitKParams<T6>, const T4 *, const T10 *, T9 *, T5 *, const T6 *, const T6 *, const T11 *, const T4 *, T11 *, void *, long, T6 *, int *, T6 *, T6 *, const T6 *, const T6 *, const T6 *, const T6 *, const T6 *)",270080.0,24832.0,3424.0,4.27,1.53
"void at::elementwise_kernel<128, 4, void at::gpu_kernel_impl_nocast<at::BinaryFunctor<c10::Half, c10::Half, c10::Half, binary_internal::MulFunctor<float>>>(at::TensorIteratorBase &, const T1 &)::[lambda(int) (instance 1)]>(int, T3)",154880.0,121856.0,5760.0,2.38,3.43
"void at::elementwise_kernel<128, 4, void at::gpu_kernel_impl_nocast<at::neg_kernel_cuda(at::TensorIteratorBase &)::[lambda() (instance 2)]::operator ()() const::[lambda() (instance 8)]::operator ()() const::[lambda(c10::Half) (instance 1)]>(at::TensorIteratorBase &, const T1 &)::[lambda(int) (instance 1)]>(int, T3)",83328.0,101632.0,5472.0,1.67,1.24
"void at::<unnamed>::CatArrayBatchedCopy<at::<unnamed>::OpaqueType<2>, unsigned int, 4, 64, 64>(T1 *, at::<unnamed>::CatArrInputTensorMetadata<T1, T2, T4, T5>, at::<unnamed>::TensorSizeStride<T2, 4>, int, T2)",138112.0,195968.0,6944.0,2.37,12.49
"void at::elementwise_kernel<128, 4, void at::gpu_kernel_impl_nocast<at::BinaryFunctor<c10::Half, c10::Half, c10::Half, binary_internal::MulFunctor<float>>>(at::TensorIteratorBase &, const T1 &)::[lambda(int) (instance 1)]>(int, T3)",154880.0,68736.0,5632.0,1.95,3.49
"void at::vectorized_elementwise_kernel<4, at::CUDAFunctor_add<c10::Half>, std::array<char *, 3>>(int, T2, T3)",268416.0,59904.0,3168.0,5.18,0.76
"void at::elementwise_kernel<128, 4, void at::gpu_kernel_impl_nocast<at::BinaryFunctor<c10::Half, c10::Half, c10::Half, binary_internal::MulFunctor<float>>>(at::TensorIteratorBase &, const T1 &)::[lambda(int) (instance 1)]>(int, T3)",40192.0,5248.0,5568.0,0.4,0.44
"void at::elementwise_kernel<128, 4, void at::gpu_kernel_impl_nocast<at::neg_kernel_cuda(at::TensorIteratorBase &)::[lambda() (instance 2)]::operator ()() const::[lambda() (instance 8)]::operator ()() const::[lambda(c10::Half) (instance 1)]>(at::TensorIteratorBase &, const T1 &)::[lambda(int) (instance 1)]>(int, T3)",25984.0,23424.0,5248.0,0.47,0.16
"void at::<unnamed>::CatArrayBatchedCopy<at::<unnamed>::OpaqueType<2>, unsigned int, 4, 64, 64>(T1 *, at::<unnamed>::CatArrInputTensorMetadata<T1, T2, T4, T5>, at::<unnamed>::TensorSizeStride<T2, 4>, int, T2)",23424.0,26368.0,6496.0,0.38,4.43
"void at::elementwise_kernel<128, 4, void at::gpu_kernel_impl_nocast<at::BinaryFunctor<c10::Half, c10::Half, c10::Half, binary_internal::MulFunctor<float>>>(at::TensorIteratorBase &, const T1 &)::[lambda(int) (instance 1)]>(int, T3)",40192.0,4352.0,5536.0,0.4,0.45
"void at::vectorized_elementwise_kernel<4, at::CUDAFunctor_add<c10::Half>, std::array<char *, 3>>(int, T2, T3)",39040.0,5248.0,2784.0,0.79,0.11
"void at::<unnamed>::CatArrayBatchedCopy_vectorized<at::<unnamed>::OpaqueType<2>, unsigned int, 3, 128, 1, 16, 8>(char *, at::<unnamed>::CatArrInputTensorMetadata<T1, T2, T4, T5>, at::<unnamed>::TensorSizeStride<T2, 4>, int, T2)",16798080.0,17002624.0,23232.0,71.51,14.17
"void at::<unnamed>::CatArrayBatchedCopy_vectorized<at::<unnamed>::OpaqueType<2>, unsigned int, 3, 128, 1, 16, 8>(char *, at::<unnamed>::CatArrInputTensorMetadata<T1, T2, T4, T5>, at::<unnamed>::TensorSizeStride<T2, 4>, int, T2)",16798720.0,16764800.0,22752.0,72.39,14.47
"void pytorch_flash::flash_fwd_splitkv_kernel<Flash_fwd_kernel_traits<64, 64, 256, 4, 0, 0, cutlass::half_t, Flash_kernel_traits<64, 64, 256, 4, cutlass::half_t>>, 0, 0, 0, 0, 1, 0, 1, 0>(pytorch_flash::Flash_fwd_params)",33795328.0,12897536.0,37920.0,60.47,25.37
"void pytorch_flash::flash_fwd_splitkv_combine_kernel<Flash_fwd_kernel_traits<64, 64, 256, 4, 0, 0, cutlass::half_t, Flash_kernel_traits<64, 64, 256, 4, cutlass::half_t>>, 8, 2, 1>(pytorch_flash::Flash_fwd_params)",821504.0,249472.0,7488.0,7.05,6.95
ampere_fp16_s16816gemm_fp16_128x64_ldg8_f2f_stages_32x6_tn,8534528.0,963584.0,11424.0,40.91,15.29
"void cublasLt::splitKreduce_kernel<32, 16, int, __half, __half, float, __half, 0, __half, __half, __half, 1, 0, 0>(cublasLt::cublasSplitKParams<T6>, const T4 *, const T10 *, T9 *, T5 *, const T6 *, const T6 *, const T11 *, const T4 *, T11 *, void *, long, T6 *, int *, T6 *, T6 *, const T6 *, const T6 *, const T6 *, const T6 *, const T6 *)",532736.0,206464.0,4000.0,9.21,9.62
"void at::vectorized_elementwise_kernel<4, at::CUDAFunctor_add<c10::Half>, std::array<char *, 3>>(int, T2, T3)",268416.0,114432.0,3008.0,6.32,0.8
"void at::unrolled_elementwise_kernel<at::direct_copy_kernel_cuda(at::TensorIteratorBase &)::[lambda() (instance 3)]::operator ()() const::[lambda() (instance 7)]::operator ()() const::[lambda(float) (instance 1)], std::array<char *, 2>, 4, TrivialOffsetCalculator<1, unsigned int>, TrivialOffsetCalculator<1, unsigned int>, memory::LoadWithCast<1>, memory::StoreWithCast<1>>(int, T1, T2, T4, T5, T6, T7)",163200.0,150016.0,6112.0,2.54,2.79
"void at::vectorized_elementwise_kernel<4, void at::<unnamed>::pow_tensor_scalar_kernel_impl<float, float>(at::TensorIteratorBase &, T2)::[lambda(float) (instance 1)], std::array<char *, 2>>(int, T2, T3)",266880.0,97152.0,3072.0,5.88,0.44
"void at::reduce_kernel<512, 1, at::ReduceOp<float, at::MeanOps<float, float, float, float>, unsigned int, float, 4, 4>>(T3)",313216.0,2688.0,13120.0,1.18,0.14
"void at::vectorized_elementwise_kernel<4, at::CUDAFunctorOnSelf_add<float>, std::array<char *, 2>>(int, T2, T3)",4864.0,640.0,2880.0,0.09,0.02
"void at::vectorized_elementwise_kernel<4, at::rsqrt_kernel_cuda(at::TensorIteratorBase &)::[lambda() (instance 2)]::operator ()() const::[lambda() (instance 2)]::operator ()() const::[lambda(float) (instance 1)], std::array<char *, 2>>(int, T2, T3)",6400.0,2560.0,3008.0,0.15,0.03
"void at::elementwise_kernel<128, 2, void at::gpu_kernel_impl_nocast<at::BinaryFunctor<float, float, float, binary_internal::MulFunctor<float>>>(at::TensorIteratorBase &, const T1 &)::[lambda(int) (instance 1)]>(int, T3)",273280.0,116736.0,4640.0,4.19,3.74
"void at::vectorized_elementwise_kernel<4, at::float16_copy_kernel_cuda(at::TensorIteratorBase &)::[lambda(float) (instance 1)], std::array<char *, 2>>(int, T2, T3)",267264.0,55040.0,3136.0,5.11,0.39
"void at::elementwise_kernel<128, 4, void at::gpu_kernel_impl_nocast<at::BinaryFunctor<c10::Half, c10::Half, c10::Half, binary_internal::MulFunctor<float>>>(at::TensorIteratorBase &, const T1 &)::[lambda(int) (instance 1)]>(int, T3)",155008.0,67712.0,5728.0,1.91,2.86
ampere_fp16_s16816gemm_fp16_64x64_sliced1x2_ldg8_f2f_stages_64x5_tn,23214592.0,7487104.0,23616.0,63.82,20.22
"void at::vectorized_elementwise_kernel<4, at::<unnamed>::silu_kernel(at::TensorIteratorBase &)::[lambda() (instance 1)]::operator ()() const::[lambda() (instance 5)]::operator ()() const::[lambda(c10::Half) (instance 1)], std::array<char *, 2>>(int, T2, T3)",373632.0,217856.0,3872.0,7.64,6.01
ampere_fp16_s16816gemm_fp16_64x64_sliced1x2_ldg8_f2f_stages_64x5_tn,23214592.0,7067648.0,23200.0,64.18,20.6
"void at::vectorized_elementwise_kernel<4, at::BinaryFunctor<c10::Half, c10::Half, c10::Half, binary_internal::MulFunctor<float>>, std::array<char *, 3>>(int, T2, T3)",727168.0,275200.0,3456.0,14.41,1.9
ampere_fp16_s16816gemm_fp16_128x64_ldg8_f2f_stages_32x6_tn,23444864.0,9232768.0,24384.0,65.9,19.59
"void cublasLt::splitKreduce_kernel<32, 16, int, __half, __half, float, __half, 0, __half, __half, __half, 1, 0, 0>(cublasLt::cublasSplitKParams<T6>, const T4 *, const T10 *, T9 *, T5 *, const T6 *, const T6 *, const T11 *, const T4 *, T11 *, void *, long, T6 *, int *, T6 *, T6 *, const T6 *, const T6 *, const T6 *, const T6 *, const T6 *)",794880.0,325248.0,5088.0,10.88,8.79
"void at::vectorized_elementwise_kernel<4, at::CUDAFunctor_add<c10::Half>, std::array<char *, 3>>(int, T2, T3)",268416.0,102912.0,3008.0,6.16,0.8
"void at::unrolled_elementwise_kernel<at::direct_copy_kernel_cuda(at::TensorIteratorBase &)::[lambda() (instance 3)]::operator ()() const::[lambda() (instance 7)]::operator ()() const::[lambda(float) (instance 1)], std::array<char *, 2>, 4, TrivialOffsetCalculator<1, unsigned int>, TrivialOffsetCalculator<1, unsigned int>, memory::LoadWithCast<1>, memory::StoreWithCast<1>>(int, T1, T2, T4, T5, T6, T7)",163200.0,164736.0,5856.0,2.75,2.91
"void at::vectorized_elementwise_kernel<4, void at::<unnamed>::pow_tensor_scalar_kernel_impl<float, float>(at::TensorIteratorBase &, T2)::[lambda(float) (instance 1)], std::array<char *, 2>>(int, T2, T3)",266880.0,174592.0,3072.0,7.2,0.45
"void at::reduce_kernel<512, 1, at::ReduceOp<float, at::MeanOps<float, float, float, float>, unsigned int, float, 4, 4>>(T3)",313216.0,2560.0,13216.0,1.18,0.14
"void at::vectorized_elementwise_kernel<4, at::CUDAFunctorOnSelf_add<float>, std::array<char *, 2>>(int, T2, T3)",4864.0,896.0,2880.0,0.1,0.02
"void at::vectorized_elementwise_kernel<4, at::rsqrt_kernel_cuda(at::TensorIteratorBase &)::[lambda() (instance 2)]::operator ()() const::[lambda() (instance 2)]::operator ()() const::[lambda(float) (instance 1)], std::array<char *, 2>>(int, T2, T3)",6400.0,2560.0,3072.0,0.15,0.03
"void at::elementwise_kernel<128, 2, void at::gpu_kernel_impl_nocast<at::BinaryFunctor<float, float, float, binary_internal::MulFunctor<float>>>(at::TensorIteratorBase &, const T1 &)::[lambda(int) (instance 1)]>(int, T3)",273280.0,171392.0,4608.0,4.76,3.75
"void at::vectorized_elementwise_kernel<4, at::float16_copy_kernel_cuda(at::TensorIteratorBase &)::[lambda(float) (instance 1)], std::array<char *, 2>>(int, T2, T3)",267136.0,109824.0,2976.0,6.23,0.41
"void at::elementwise_kernel<128, 4, void at::gpu_kernel_impl_nocast<at::BinaryFunctor<c10::Half, c10::Half, c10::Half, binary_internal::MulFunctor<float>>>(at::TensorIteratorBase &, const T1 &)::[lambda(int) (instance 1)]>(int, T3)",154880.0,133120.0,5696.0,2.5,2.87
ampere_fp16_s16816gemm_fp16_128x64_ldg8_f2f_stages_32x6_tn,8534528.0,1002752.0,11488.0,40.85,15.18
"void cublasLt::splitKreduce_kernel<32, 16, int, __half, __half, float, __half, 0, __half, __half, __half, 1, 0, 0>(cublasLt::cublasSplitKParams<T6>, const T4 *, const T10 *, T9 *, T5 *, const T6 *, const T6 *, const T11 *, const T4 *, T11 *, void *, long, T6 *, int *, T6 *, T6 *, const T6 *, const T6 *, const T6 *, const T6 *, const T6 *)",532736.0,272768.0,4192.0,9.62,9.19
void cutlass::Kernel2<cutlass_80_wmma_tensorop_s161616gemm_f16_32x32_128x2_tn_align8>(T1::Params),1193472.0,210688.0,6048.0,11.43,4.99
"void cublasLt::splitKreduce_kernel<32, 16, int, float, __half, float, __half, 0, __half, __half, __half, 1, 0, 0>(cublasLt::cublasSplitKParams<T6>, const T4 *, const T10 *, T9 *, T5 *, const T6 *, const T6 *, const T11 *, const T4 *, T11 *, void *, long, T6 *, int *, T6 *, T6 *, const T6 *, const T6 *, const T6 *, const T6 *, const T6 *)",270080.0,42624.0,3552.0,4.36,1.46
void cutlass::Kernel2<cutlass_80_wmma_tensorop_s161616gemm_f16_32x32_128x2_tn_align8>(T1::Params),1193600.0,236544.0,5920.0,11.88,5.08
"void cublasLt::splitKreduce_kernel<32, 16, int, float, __half, float, __half, 0, __half, __half, __half, 1, 0, 0>(cublasLt::cublasSplitKParams<T6>, const T4 *, const T10 *, T9 *, T5 *, const T6 *, const T6 *, const T11 *, const T4 *, T11 *, void *, long, T6 *, int *, T6 *, T6 *, const T6 *, const T6 *, const T6 *, const T6 *, const T6 *)",270080.0,24960.0,3360.0,4.37,1.55
"void at::elementwise_kernel<128, 4, void at::gpu_kernel_impl_nocast<at::BinaryFunctor<c10::Half, c10::Half, c10::Half, binary_internal::MulFunctor<float>>>(at::TensorIteratorBase &, const T1 &)::[lambda(int) (instance 1)]>(int, T3)",155008.0,135424.0,5728.0,2.5,3.45
"void at::elementwise_kernel<128, 4, void at::gpu_kernel_impl_nocast<at::neg_kernel_cuda(at::TensorIteratorBase &)::[lambda() (instance 2)]::operator ()() const::[lambda() (instance 8)]::operator ()() const::[lambda(c10::Half) (instance 1)]>(at::TensorIteratorBase &, const T1 &)::[lambda(int) (instance 1)]>(int, T3)",83328.0,100608.0,5440.0,1.68,1.25
"void at::<unnamed>::CatArrayBatchedCopy<at::<unnamed>::OpaqueType<2>, unsigned int, 4, 64, 64>(T1 *, at::<unnamed>::CatArrInputTensorMetadata<T1, T2, T4, T5>, at::<unnamed>::TensorSizeStride<T2, 4>, int, T2)",137984.0,196224.0,6944.0,2.39,12.53
"void at::elementwise_kernel<128, 4, void at::gpu_kernel_impl_nocast<at::BinaryFunctor<c10::Half, c10::Half, c10::Half, binary_internal::MulFunctor<float>>>(at::TensorIteratorBase &, const T1 &)::[lambda(int) (instance 1)]>(int, T3)",154880.0,70144.0,5728.0,1.95,3.46
"void at::vectorized_elementwise_kernel<4, at::CUDAFunctor_add<c10::Half>, std::array<char *, 3>>(int, T2, T3)",268416.0,58240.0,3040.0,5.39,0.79
"void at::elementwise_kernel<128, 4, void at::gpu_kernel_impl_nocast<at::BinaryFunctor<c10::Half, c10::Half, c10::Half, binary_internal::MulFunctor<float>>>(at::TensorIteratorBase &, const T1 &)::[lambda(int) (instance 1)]>(int, T3)",40192.0,6912.0,5632.0,0.42,0.44
"void at::elementwise_kernel<128, 4, void at::gpu_kernel_impl_nocast<at::neg_kernel_cuda(at::TensorIteratorBase &)::[lambda() (instance 2)]::operator ()() const::[lambda() (instance 8)]::operator ()() const::[lambda(c10::Half) (instance 1)]>(at::TensorIteratorBase &, const T1 &)::[lambda(int) (instance 1)]>(int, T3)",25984.0,20864.0,5088.0,0.45,0.17
"void at::<unnamed>::CatArrayBatchedCopy<at::<unnamed>::OpaqueType<2>, unsigned int, 4, 64, 64>(T1 *, at::<unnamed>::CatArrInputTensorMetadata<T1, T2, T4, T5>, at::<unnamed>::TensorSizeStride<T2, 4>, int, T2)",23424.0,27648.0,6528.0,0.39,4.43
"void at::elementwise_kernel<128, 4, void at::gpu_kernel_impl_nocast<at::BinaryFunctor<c10::Half, c10::Half, c10::Half, binary_internal::MulFunctor<float>>>(at::TensorIteratorBase &, const T1 &)::[lambda(int) (instance 1)]>(int, T3)",40192.0,4224.0,5408.0,0.4,0.46
"void at::vectorized_elementwise_kernel<4, at::CUDAFunctor_add<c10::Half>, std::array<char *, 3>>(int, T2, T3)",39040.0,896.0,2944.0,0.68,0.1
"void at::<unnamed>::CatArrayBatchedCopy_vectorized<at::<unnamed>::OpaqueType<2>, unsigned int, 3, 128, 1, 16, 8>(char *, at::<unnamed>::CatArrInputTensorMetadata<T1, T2, T4, T5>, at::<unnamed>::TensorSizeStride<T2, 4>, int, T2)",16798592.0,16957568.0,23296.0,71.07,14.12
"void at::<unnamed>::CatArrayBatchedCopy_vectorized<at::<unnamed>::OpaqueType<2>, unsigned int, 3, 128, 1, 16, 8>(char *, at::<unnamed>::CatArrInputTensorMetadata<T1, T2, T4, T5>, at::<unnamed>::TensorSizeStride<T2, 4>, int, T2)",16798080.0,17023360.0,23296.0,71.33,14.14
"void pytorch_flash::flash_fwd_splitkv_kernel<Flash_fwd_kernel_traits<64, 64, 256, 4, 0, 0, cutlass::half_t, Flash_kernel_traits<64, 64, 256, 4, cutlass::half_t>>, 0, 0, 0, 0, 1, 0, 1, 0>(pytorch_flash::Flash_fwd_params)",33795200.0,13703680.0,38528.0,60.56,24.97
"void pytorch_flash::flash_fwd_splitkv_combine_kernel<Flash_fwd_kernel_traits<64, 64, 256, 4, 0, 0, cutlass::half_t, Flash_kernel_traits<64, 64, 256, 4, cutlass::half_t>>, 8, 2, 1>(pytorch_flash::Flash_fwd_params)",821504.0,259712.0,7776.0,6.87,6.69
ampere_fp16_s16816gemm_fp16_128x64_ldg8_f2f_stages_32x6_tn,8534528.0,1136384.0,11328.0,42.13,15.4
"void cublasLt::splitKreduce_kernel<32, 16, int, __half, __half, float, __half, 0, __half, __half, __half, 1, 0, 0>(cublasLt::cublasSplitKParams<T6>, const T4 *, const T10 *, T9 *, T5 *, const T6 *, const T6 *, const T11 *, const T4 *, T11 *, void *, long, T6 *, int *, T6 *, T6 *, const T6 *, const T6 *, const T6 *, const T6 *, const T6 *)",532736.0,273152.0,4160.0,9.55,9.23
"void at::vectorized_elementwise_kernel<4, at::CUDAFunctor_add<c10::Half>, std::array<char *, 3>>(int, T2, T3)",268416.0,105728.0,3072.0,6.07,0.78
"void at::unrolled_elementwise_kernel<at::direct_copy_kernel_cuda(at::TensorIteratorBase &)::[lambda() (instance 3)]::operator ()() const::[lambda() (instance 7)]::operator ()() const::[lambda(float) (instance 1)], std::array<char *, 2>, 4, TrivialOffsetCalculator<1, unsigned int>, TrivialOffsetCalculator<1, unsigned int>, memory::LoadWithCast<1>, memory::StoreWithCast<1>>(int, T1, T2, T4, T5, T6, T7)",163200.0,122368.0,6112.0,2.32,2.79
"void at::vectorized_elementwise_kernel<4, void at::<unnamed>::pow_tensor_scalar_kernel_impl<float, float>(at::TensorIteratorBase &, T2)::[lambda(float) (instance 1)], std::array<char *, 2>>(int, T2, T3)",266880.0,125440.0,2976.0,6.58,0.46
"void at::reduce_kernel<512, 1, at::ReduceOp<float, at::MeanOps<float, float, float, float>, unsigned int, float, 4, 4>>(T3)",313344.0,27392.0,13184.0,1.27,0.14
"void at::vectorized_elementwise_kernel<4, at::CUDAFunctorOnSelf_add<float>, std::array<char *, 2>>(int, T2, T3)",4864.0,1152.0,2848.0,0.11,0.02
"void at::vectorized_elementwise_kernel<4, at::rsqrt_kernel_cuda(at::TensorIteratorBase &)::[lambda() (instance 2)]::operator ()() const::[lambda() (instance 2)]::operator ()() const::[lambda(float) (instance 1)], std::array<char *, 2>>(int, T2, T3)",6528.0,1792.0,3072.0,0.13,0.03
"void at::elementwise_kernel<128, 2, void at::gpu_kernel_impl_nocast<at::BinaryFunctor<float, float, float, binary_internal::MulFunctor<float>>>(at::TensorIteratorBase &, const T1 &)::[lambda(int) (instance 1)]>(int, T3)",273280.0,133120.0,4512.0,4.46,3.84
"void at::vectorized_elementwise_kernel<4, at::float16_copy_kernel_cuda(at::TensorIteratorBase &)::[lambda(float) (instance 1)], std::array<char *, 2>>(int, T2, T3)",267520.0,119680.0,3072.0,6.24,0.4
"void at::elementwise_kernel<128, 4, void at::gpu_kernel_impl_nocast<at::BinaryFunctor<c10::Half, c10::Half, c10::Half, binary_internal::MulFunctor<float>>>(at::TensorIteratorBase &, const T1 &)::[lambda(int) (instance 1)]>(int, T3)",154880.0,137728.0,5792.0,2.5,2.83
ampere_fp16_s16816gemm_fp16_64x64_sliced1x2_ldg8_f2f_stages_64x5_tn,23214464.0,7243008.0,23328.0,64.04,20.46
"void at::vectorized_elementwise_kernel<4, at::<unnamed>::silu_kernel(at::TensorIteratorBase &)::[lambda() (instance 1)]::operator ()() const::[lambda() (instance 5)]::operator ()() const::[lambda(c10::Half) (instance 1)], std::array<char *, 2>>(int, T2, T3)",373760.0,218496.0,3872.0,7.53,5.94
ampere_fp16_s16816gemm_fp16_64x64_sliced1x2_ldg8_f2f_stages_64x5_tn,23214720.0,7577472.0,23840.0,63.43,20.03
"void at::vectorized_elementwise_kernel<4, at::BinaryFunctor<c10::Half, c10::Half, c10::Half, binary_internal::MulFunctor<float>>, std::array<char *, 3>>(int, T2, T3)",727168.0,272896.0,3360.0,14.64,1.95
ampere_fp16_s16816gemm_fp16_128x64_ldg8_f2f_stages_32x6_tn,23443968.0,9026688.0,24192.0,65.91,19.73
"void cublasLt::splitKreduce_kernel<32, 16, int, __half, __half, float, __half, 0, __half, __half, __half, 1, 0, 0>(cublasLt::cublasSplitKParams<T6>, const T4 *, const T10 *, T9 *, T5 *, const T6 *, const T6 *, const T11 *, const T4 *, T11 *, void *, long, T6 *, int *, T6 *, T6 *, const T6 *, const T6 *, const T6 *, const T6 *, const T6 *)",794880.0,385792.0,5248.0,11.09,8.51
"void at::vectorized_elementwise_kernel<4, at::CUDAFunctor_add<c10::Half>, std::array<char *, 3>>(int, T2, T3)",268416.0,109824.0,3136.0,5.93,0.76
"void at::unrolled_elementwise_kernel<at::direct_copy_kernel_cuda(at::TensorIteratorBase &)::[lambda() (instance 3)]::operator ()() const::[lambda() (instance 7)]::operator ()() const::[lambda(float) (instance 1)], std::array<char *, 2>, 4, TrivialOffsetCalculator<1, unsigned int>, TrivialOffsetCalculator<1, unsigned int>, memory::LoadWithCast<1>, memory::StoreWithCast<1>>(int, T1, T2, T4, T5, T6, T7)",163200.0,168832.0,5952.0,2.76,2.87
"void at::vectorized_elementwise_kernel<4, void at::<unnamed>::pow_tensor_scalar_kernel_impl<float, float>(at::TensorIteratorBase &, T2)::[lambda(float) (instance 1)], std::array<char *, 2>>(int, T2, T3)",266880.0,154112.0,3008.0,6.96,0.46
"void at::reduce_kernel<512, 1, at::ReduceOp<float, at::MeanOps<float, float, float, float>, unsigned int, float, 4, 4>>(T3)",313216.0,3072.0,13088.0,1.19,0.14
"void at::vectorized_elementwise_kernel<4, at::CUDAFunctorOnSelf_add<float>, std::array<char *, 2>>(int, T2, T3)",4864.0,896.0,2944.0,0.1,0.02
"void at::vectorized_elementwise_kernel<4, at::rsqrt_kernel_cuda(at::TensorIteratorBase &)::[lambda() (instance 2)]::operator ()() const::[lambda() (instance 2)]::operator ()() const::[lambda(float) (instance 1)], std::array<char *, 2>>(int, T2, T3)",6400.0,768.0,3008.0,0.12,0.03
"void at::elementwise_kernel<128, 2, void at::gpu_kernel_impl_nocast<at::BinaryFunctor<float, float, float, binary_internal::MulFunctor<float>>>(at::TensorIteratorBase &, const T1 &)::[lambda(int) (instance 1)]>(int, T3)",273280.0,174720.0,4640.0,4.8,3.74
"void at::vectorized_elementwise_kernel<4, at::float16_copy_kernel_cuda(at::TensorIteratorBase &)::[lambda(float) (instance 1)], std::array<char *, 2>>(int, T2, T3)",267136.0,104320.0,2880.0,6.35,0.43
"void at::elementwise_kernel<128, 4, void at::gpu_kernel_impl_nocast<at::BinaryFunctor<c10::Half, c10::Half, c10::Half, binary_internal::MulFunctor<float>>>(at::TensorIteratorBase &, const T1 &)::[lambda(int) (instance 1)]>(int, T3)",154880.0,129920.0,5728.0,2.48,2.87
ampere_fp16_s16816gemm_fp16_128x64_ldg8_f2f_stages_32x6_tn,8534528.0,1017600.0,11488.0,41.03,15.17
"void cublasLt::splitKreduce_kernel<32, 16, int, __half, __half, float, __half, 0, __half, __half, __half, 1, 0, 0>(cublasLt::cublasSplitKParams<T6>, const T4 *, const T10 *, T9 *, T5 *, const T6 *, const T6 *, const T11 *, const T4 *, T11 *, void *, long, T6 *, int *, T6 *, T6 *, const T6 *, const T6 *, const T6 *, const T6 *, const T6 *)",532736.0,280064.0,4096.0,9.84,9.37
void cutlass::Kernel2<cutlass_80_wmma_tensorop_s161616gemm_f16_32x32_128x2_tn_align8>(T1::Params),1193472.0,337920.0,6080.0,12.4,4.95
"void cublasLt::splitKreduce_kernel<32, 16, int, float, __half, float, __half, 0, __half, __half, __half, 1, 0, 0>(cublasLt::cublasSplitKParams<T6>, const T4 *, const T10 *, T9 *, T5 *, const T6 *, const T6 *, const T11 *, const T4 *, T11 *, void *, long, T6 *, int *, T6 *, T6 *, const T6 *, const T6 *, const T6 *, const T6 *, const T6 *)",270080.0,24576.0,3552.0,4.1,1.47
void cutlass::Kernel2<cutlass_80_wmma_tensorop_s161616gemm_f16_32x32_128x2_tn_align8>(T1::Params),1193472.0,166912.0,5824.0,11.58,5.19
"void cublasLt::splitKreduce_kernel<32, 16, int, float, __half, float, __half, 0, __half, __half, __half, 1, 0, 0>(cublasLt::cublasSplitKParams<T6>, const T4 *, const T10 *, T9 *, T5 *, const T6 *, const T6 *, const T11 *, const T4 *, T11 *, void *, long, T6 *, int *, T6 *, T6 *, const T6 *, const T6 *, const T6 *, const T6 *, const T6 *)",270080.0,24192.0,3584.0,4.09,1.47
"void at::elementwise_kernel<128, 4, void at::gpu_kernel_impl_nocast<at::BinaryFunctor<c10::Half, c10::Half, c10::Half, binary_internal::MulFunctor<float>>>(at::TensorIteratorBase &, const T1 &)::[lambda(int) (instance 1)]>(int, T3)",154880.0,123264.0,5792.0,2.37,3.42
"void at::elementwise_kernel<128, 4, void at::gpu_kernel_impl_nocast<at::neg_kernel_cuda(at::TensorIteratorBase &)::[lambda() (instance 2)]::operator ()() const::[lambda() (instance 8)]::operator ()() const::[lambda(c10::Half) (instance 1)]>(at::TensorIteratorBase &, const T1 &)::[lambda(int) (instance 1)]>(int, T3)",83328.0,101120.0,5376.0,1.7,1.26
"void at::<unnamed>::CatArrayBatchedCopy<at::<unnamed>::OpaqueType<2>, unsigned int, 4, 64, 64>(T1 *, at::<unnamed>::CatArrInputTensorMetadata<T1, T2, T4, T5>, at::<unnamed>::TensorSizeStride<T2, 4>, int, T2)",137984.0,195200.0,6784.0,2.42,12.77
"void at::elementwise_kernel<128, 4, void at::gpu_kernel_impl_nocast<at::BinaryFunctor<c10::Half, c10::Half, c10::Half, binary_internal::MulFunctor<float>>>(at::TensorIteratorBase &, const T1 &)::[lambda(int) (instance 1)]>(int, T3)",154880.0,70400.0,5696.0,1.95,3.47
"void at::vectorized_elementwise_kernel<4, at::CUDAFunctor_add<c10::Half>, std::array<char *, 3>>(int, T2, T3)",268416.0,68224.0,3168.0,5.27,0.75
"void at::elementwise_kernel<128, 4, void at::gpu_kernel_impl_nocast<at::BinaryFunctor<c10::Half, c10::Half, c10::Half, binary_internal::MulFunctor<float>>>(at::TensorIteratorBase &, const T1 &)::[lambda(int) (instance 1)]>(int, T3)",40192.0,4608.0,5504.0,0.4,0.45
"void at::elementwise_kernel<128, 4, void at::gpu_kernel_impl_nocast<at::neg_kernel_cuda(at::TensorIteratorBase &)::[lambda() (instance 2)]::operator ()() const::[lambda() (instance 8)]::operator ()() const::[lambda(c10::Half) (instance 1)]>(at::TensorIteratorBase &, const T1 &)::[lambda(int) (instance 1)]>(int, T3)",25984.0,19328.0,5376.0,0.42,0.16
"void at::<unnamed>::CatArrayBatchedCopy<at::<unnamed>::OpaqueType<2>, unsigned int, 4, 64, 64>(T1 *, at::<unnamed>::CatArrInputTensorMetadata<T1, T2, T4, T5>, at::<unnamed>::TensorSizeStride<T2, 4>, int, T2)",23296.0,24448.0,6880.0,0.34,4.2
"void at::elementwise_kernel<128, 4, void at::gpu_kernel_impl_nocast<at::BinaryFunctor<c10::Half, c10::Half, c10::Half, binary_internal::MulFunctor<float>>>(at::TensorIteratorBase &, const T1 &)::[lambda(int) (instance 1)]>(int, T3)",40192.0,4352.0,5440.0,0.41,0.46
"void at::vectorized_elementwise_kernel<4, at::CUDAFunctor_add<c10::Half>, std::array<char *, 3>>(int, T2, T3)",39040.0,256.0,2880.0,0.68,0.1
"void at::<unnamed>::CatArrayBatchedCopy_vectorized<at::<unnamed>::OpaqueType<2>, unsigned int, 3, 128, 1, 16, 8>(char *, at::<unnamed>::CatArrInputTensorMetadata<T1, T2, T4, T5>, at::<unnamed>::TensorSizeStride<T2, 4>, int, T2)",16797952.0,16985984.0,22912.0,72.38,14.36
"void at::<unnamed>::CatArrayBatchedCopy_vectorized<at::<unnamed>::OpaqueType<2>, unsigned int, 3, 128, 1, 16, 8>(char *, at::<unnamed>::CatArrInputTensorMetadata<T1, T2, T4, T5>, at::<unnamed>::TensorSizeStride<T2, 4>, int, T2)",16798976.0,16896256.0,23232.0,71.29,14.17
"void pytorch_flash::flash_fwd_splitkv_kernel<Flash_fwd_kernel_traits<64, 64, 256, 4, 0, 0, cutlass::half_t, Flash_kernel_traits<64, 64, 256, 4, cutlass::half_t>>, 0, 0, 0, 0, 1, 0, 1, 0>(pytorch_flash::Flash_fwd_params)",33795200.0,12871296.0,38432.0,59.66,25.05
"void pytorch_flash::flash_fwd_splitkv_combine_kernel<Flash_fwd_kernel_traits<64, 64, 256, 4, 0, 0, cutlass::half_t, Flash_kernel_traits<64, 64, 256, 4, cutlass::half_t>>, 8, 2, 1>(pytorch_flash::Flash_fwd_params)",821376.0,265216.0,7808.0,6.84,6.66
ampere_fp16_s16816gemm_fp16_128x64_ldg8_f2f_stages_32x6_tn,8534400.0,979968.0,11328.0,41.48,15.44
"void cublasLt::splitKreduce_kernel<32, 16, int, __half, __half, float, __half, 0, __half, __half, __half, 1, 0, 0>(cublasLt::cublasSplitKParams<T6>, const T4 *, const T10 *, T9 *, T5 *, const T6 *, const T6 *, const T11 *, const T4 *, T11 *, void *, long, T6 *, int *, T6 *, T6 *, const T6 *, const T6 *, const T6 *, const T6 *, const T6 *)",532736.0,215040.0,4064.0,9.13,9.46
"void at::vectorized_elementwise_kernel<4, at::CUDAFunctor_add<c10::Half>, std::array<char *, 3>>(int, T2, T3)",268416.0,104832.0,3040.0,6.08,0.79
"void at::unrolled_elementwise_kernel<at::direct_copy_kernel_cuda(at::TensorIteratorBase &)::[lambda() (instance 3)]::operator ()() const::[lambda() (instance 7)]::operator ()() const::[lambda(float) (instance 1)], std::array<char *, 2>, 4, TrivialOffsetCalculator<1, unsigned int>, TrivialOffsetCalculator<1, unsigned int>, memory::LoadWithCast<1>, memory::StoreWithCast<1>>(int, T1, T2, T4, T5, T6, T7)",163200.0,148352.0,6176.0,2.49,2.75
"void at::vectorized_elementwise_kernel<4, void at::<unnamed>::pow_tensor_scalar_kernel_impl<float, float>(at::TensorIteratorBase &, T2)::[lambda(float) (instance 1)], std::array<char *, 2>>(int, T2, T3)",266880.0,101632.0,3072.0,6.03,0.45
"void at::reduce_kernel<512, 1, at::ReduceOp<float, at::MeanOps<float, float, float, float>, unsigned int, float, 4, 4>>(T3)",313216.0,2688.0,13184.0,1.18,0.14
"void at::vectorized_elementwise_kernel<4, at::CUDAFunctorOnSelf_add<float>, std::array<char *, 2>>(int, T2, T3)",4864.0,896.0,2976.0,0.1,0.02
"void at::vectorized_elementwise_kernel<4, at::rsqrt_kernel_cuda(at::TensorIteratorBase &)::[lambda() (instance 2)]::operator ()() const::[lambda() (instance 2)]::operator ()() const::[lambda(float) (instance 1)], std::array<char *, 2>>(int, T2, T3)",6400.0,2048.0,3040.0,0.14,0.03
"void at::elementwise_kernel<128, 2, void at::gpu_kernel_impl_nocast<at::BinaryFunctor<float, float, float, binary_internal::MulFunctor<float>>>(at::TensorIteratorBase &, const T1 &)::[lambda(int) (instance 1)]>(int, T3)",273280.0,113280.0,4544.0,4.18,3.77
"void at::vectorized_elementwise_kernel<4, at::float16_copy_kernel_cuda(at::TensorIteratorBase &)::[lambda(float) (instance 1)], std::array<char *, 2>>(int, T2, T3)",267136.0,55424.0,3008.0,5.28,0.41
"void at::elementwise_kernel<128, 4, void at::gpu_kernel_impl_nocast<at::BinaryFunctor<c10::Half, c10::Half, c10::Half, binary_internal::MulFunctor<float>>>(at::TensorIteratorBase &, const T1 &)::[lambda(int) (instance 1)]>(int, T3)",154880.0,73216.0,5824.0,1.94,2.81
ampere_fp16_s16816gemm_fp16_64x64_sliced1x2_ldg8_f2f_stages_64x5_tn,23214592.0,7102336.0,23584.0,63.2,20.26
"void at::vectorized_elementwise_kernel<4, at::<unnamed>::silu_kernel(at::TensorIteratorBase &)::[lambda() (instance 1)]::operator ()() const::[lambda() (instance 5)]::operator ()() const::[lambda(c10::Half) (instance 1)], std::array<char *, 2>>(int, T2, T3)",373632.0,216320.0,3776.0,7.66,6.08
ampere_fp16_s16816gemm_fp16_64x64_sliced1x2_ldg8_f2f_stages_64x5_tn,23214976.0,7086720.0,23424.0,63.53,20.37
"void at::vectorized_elementwise_kernel<4, at::BinaryFunctor<c10::Half, c10::Half, c10::Half, binary_internal::MulFunctor<float>>, std::array<char *, 3>>(int, T2, T3)",727168.0,270336.0,3456.0,14.19,1.9
ampere_fp16_s16816gemm_fp16_128x64_ldg8_f2f_stages_32x6_tn,23445120.0,9062016.0,24320.0,65.61,19.63
"void cublasLt::splitKreduce_kernel<32, 16, int, __half, __half, float, __half, 0, __half, __half, __half, 1, 0, 0>(cublasLt::cublasSplitKParams<T6>, const T4 *, const T10 *, T9 *, T5 *, const T6 *, const T6 *, const T11 *, const T4 *, T11 *, void *, long, T6 *, int *, T6 *, T6 *, const T6 *, const T6 *, const T6 *, const T6 *, const T6 *)",794880.0,333568.0,5568.0,9.98,8.03
"void at::vectorized_elementwise_kernel<4, at::CUDAFunctor_add<c10::Half>, std::array<char *, 3>>(int, T2, T3)",268416.0,113280.0,3040.0,6.23,0.79
"void at::unrolled_elementwise_kernel<at::direct_copy_kernel_cuda(at::TensorIteratorBase &)::[lambda() (instance 3)]::operator ()() const::[lambda() (instance 7)]::operator ()() const::[lambda(float) (instance 1)], std::array<char *, 2>, 4, TrivialOffsetCalculator<1, unsigned int>, TrivialOffsetCalculator<1, unsigned int>, memory::LoadWithCast<1>, memory::StoreWithCast<1>>(int, T1, T2, T4, T5, T6, T7)",163200.0,166016.0,5888.0,2.75,2.89
"void at::vectorized_elementwise_kernel<4, void at::<unnamed>::pow_tensor_scalar_kernel_impl<float, float>(at::TensorIteratorBase &, T2)::[lambda(float) (instance 1)], std::array<char *, 2>>(int, T2, T3)",266880.0,182016.0,3136.0,7.14,0.44
"void at::reduce_kernel<512, 1, at::ReduceOp<float, at::MeanOps<float, float, float, float>, unsigned int, float, 4, 4>>(T3)",313216.0,18048.0,13440.0,1.21,0.14
"void at::vectorized_elementwise_kernel<4, at::CUDAFunctorOnSelf_add<float>, std::array<char *, 2>>(int, T2, T3)",4864.0,896.0,2848.0,0.1,0.02
"void at::vectorized_elementwise_kernel<4, at::rsqrt_kernel_cuda(at::TensorIteratorBase &)::[lambda() (instance 2)]::operator ()() const::[lambda() (instance 2)]::operator ()() const::[lambda(float) (instance 1)], std::array<char *, 2>>(int, T2, T3)",6400.0,512.0,3040.0,0.11,0.04
"void at::elementwise_kernel<128, 2, void at::gpu_kernel_impl_nocast<at::BinaryFunctor<float, float, float, binary_internal::MulFunctor<float>>>(at::TensorIteratorBase &, const T1 &)::[lambda(int) (instance 1)]>(int, T3)",273280.0,177664.0,4768.0,4.66,3.6
"void at::vectorized_elementwise_kernel<4, at::float16_copy_kernel_cuda(at::TensorIteratorBase &)::[lambda(float) (instance 1)], std::array<char *, 2>>(int, T2, T3)",267136.0,113792.0,2976.0,6.36,0.42
"void at::elementwise_kernel<128, 4, void at::gpu_kernel_impl_nocast<at::BinaryFunctor<c10::Half, c10::Half, c10::Half, binary_internal::MulFunctor<float>>>(at::TensorIteratorBase &, const T1 &)::[lambda(int) (instance 1)]>(int, T3)",154880.0,131328.0,5696.0,2.48,2.88
ampere_fp16_s16816gemm_fp16_128x64_ldg8_f2f_stages_32x6_tn,8534528.0,1069696.0,11424.0,41.31,15.27
"void cublasLt::splitKreduce_kernel<32, 16, int, __half, __half, float, __half, 0, __half, __half, __half, 1, 0, 0>(cublasLt::cublasSplitKParams<T6>, const T4 *, const T10 *, T9 *, T5 *, const T6 *, const T6 *, const T11 *, const T4 *, T11 *, void *, long, T6 *, int *, T6 *, T6 *, const T6 *, const T6 *, const T6 *, const T6 *, const T6 *)",532736.0,280448.0,4192.0,9.58,9.13
void cutlass::Kernel2<cutlass_80_wmma_tensorop_s161616gemm_f16_32x32_128x2_tn_align8>(T1::Params),1193472.0,422784.0,6144.0,13.05,4.92
"void cublasLt::splitKreduce_kernel<32, 16, int, float, __half, float, __half, 0, __half, __half, __half, 1, 0, 0>(cublasLt::cublasSplitKParams<T6>, const T4 *, const T10 *, T9 *, T5 *, const T6 *, const T6 *, const T11 *, const T4 *, T11 *, void *, long, T6 *, int *, T6 *, T6 *, const T6 *, const T6 *, const T6 *, const T6 *, const T6 *)",270080.0,27520.0,3616.0,4.08,1.44
void cutlass::Kernel2<cutlass_80_wmma_tensorop_s161616gemm_f16_32x32_128x2_tn_align8>(T1::Params),1193472.0,366848.0,5984.0,12.97,5.06
"void cublasLt::splitKreduce_kernel<32, 16, int, float, __half, float, __half, 0, __half, __half, __half, 1, 0, 0>(cublasLt::cublasSplitKParams<T6>, const T4 *, const T10 *, T9 *, T5 *, const T6 *, const T6 *, const T11 *, const T4 *, T11 *, void *, long, T6 *, int *, T6 *, T6 *, const T6 *, const T6 *, const T6 *, const T6 *, const T6 *)",270080.0,43136.0,3552.0,4.35,1.47
"void at::elementwise_kernel<128, 4, void at::gpu_kernel_impl_nocast<at::BinaryFunctor<c10::Half, c10::Half, c10::Half, binary_internal::MulFunctor<float>>>(at::TensorIteratorBase &, const T1 &)::[lambda(int) (instance 1)]>(int, T3)",154880.0,140032.0,5888.0,2.47,3.35
"void at::elementwise_kernel<128, 4, void at::gpu_kernel_impl_nocast<at::neg_kernel_cuda(at::TensorIteratorBase &)::[lambda() (instance 2)]::operator ()() const::[lambda() (instance 8)]::operator ()() const::[lambda(c10::Half) (instance 1)]>(at::TensorIteratorBase &, const T1 &)::[lambda(int) (instance 1)]>(int, T3)",83328.0,104320.0,5408.0,1.72,1.26
"void at::<unnamed>::CatArrayBatchedCopy<at::<unnamed>::OpaqueType<2>, unsigned int, 4, 64, 64>(T1 *, at::<unnamed>::CatArrInputTensorMetadata<T1, T2, T4, T5>, at::<unnamed>::TensorSizeStride<T2, 4>, int, T2)",137984.0,195456.0,6816.0,2.41,12.81
"void at::elementwise_kernel<128, 4, void at::gpu_kernel_impl_nocast<at::BinaryFunctor<c10::Half, c10::Half, c10::Half, binary_internal::MulFunctor<float>>>(at::TensorIteratorBase &, const T1 &)::[lambda(int) (instance 1)]>(int, T3)",154880.0,69632.0,5664.0,1.96,3.48
"void at::vectorized_elementwise_kernel<4, at::CUDAFunctor_add<c10::Half>, std::array<char *, 3>>(int, T2, T3)",268416.0,63232.0,3040.0,5.42,0.79
"void at::elementwise_kernel<128, 4, void at::gpu_kernel_impl_nocast<at::BinaryFunctor<c10::Half, c10::Half, c10::Half, binary_internal::MulFunctor<float>>>(at::TensorIteratorBase &, const T1 &)::[lambda(int) (instance 1)]>(int, T3)",40192.0,6528.0,5568.0,0.41,0.44
"void at::elementwise_kernel<128, 4, void at::gpu_kernel_impl_nocast<at::neg_kernel_cuda(at::TensorIteratorBase &)::[lambda() (instance 2)]::operator ()() const::[lambda() (instance 8)]::operator ()() const::[lambda(c10::Half) (instance 1)]>(at::TensorIteratorBase &, const T1 &)::[lambda(int) (instance 1)]>(int, T3)",25984.0,19072.0,5312.0,0.42,0.16
"void at::<unnamed>::CatArrayBatchedCopy<at::<unnamed>::OpaqueType<2>, unsigned int, 4, 64, 64>(T1 *, at::<unnamed>::CatArrInputTensorMetadata<T1, T2, T4, T5>, at::<unnamed>::TensorSizeStride<T2, 4>, int, T2)",23424.0,29312.0,6624.0,0.39,4.35
"void at::elementwise_kernel<128, 4, void at::gpu_kernel_impl_nocast<at::BinaryFunctor<c10::Half, c10::Half, c10::Half, binary_internal::MulFunctor<float>>>(at::TensorIteratorBase &, const T1 &)::[lambda(int) (instance 1)]>(int, T3)",40192.0,6912.0,5376.0,0.43,0.46
"void at::vectorized_elementwise_kernel<4, at::CUDAFunctor_add<c10::Half>, std::array<char *, 3>>(int, T2, T3)",39040.0,1152.0,2848.0,0.7,0.1
"void at::<unnamed>::CatArrayBatchedCopy_vectorized<at::<unnamed>::OpaqueType<2>, unsigned int, 3, 128, 1, 16, 8>(char *, at::<unnamed>::CatArrInputTensorMetadata<T1, T2, T4, T5>, at::<unnamed>::TensorSizeStride<T2, 4>, int, T2)",16797952.0,16909568.0,22880.0,72.44,14.4
"void at::<unnamed>::CatArrayBatchedCopy_vectorized<at::<unnamed>::OpaqueType<2>, unsigned int, 3, 128, 1, 16, 8>(char *, at::<unnamed>::CatArrInputTensorMetadata<T1, T2, T4, T5>, at::<unnamed>::TensorSizeStride<T2, 4>, int, T2)",16798080.0,16875008.0,23392.0,70.67,14.07
"void pytorch_flash::flash_fwd_splitkv_kernel<Flash_fwd_kernel_traits<64, 64, 256, 4, 0, 0, cutlass::half_t, Flash_kernel_traits<64, 64, 256, 4, cutlass::half_t>>, 0, 0, 0, 0, 1, 0, 1, 0>(pytorch_flash::Flash_fwd_params)",33795328.0,13519488.0,38912.0,59.73,24.72
"void pytorch_flash::flash_fwd_splitkv_combine_kernel<Flash_fwd_kernel_traits<64, 64, 256, 4, 0, 0, cutlass::half_t, Flash_kernel_traits<64, 64, 256, 4, cutlass::half_t>>, 8, 2, 1>(pytorch_flash::Flash_fwd_params)",821376.0,267776.0,7552.0,7.09,6.89
ampere_fp16_s16816gemm_fp16_128x64_ldg8_f2f_stages_32x6_tn,8534400.0,968960.0,11136.0,41.91,15.64
"void cublasLt::splitKreduce_kernel<32, 16, int, __half, __half, float, __half, 0, __half, __half, __half, 1, 0, 0>(cublasLt::cublasSplitKParams<T6>, const T4 *, const T10 *, T9 *, T5 *, const T6 *, const T6 *, const T11 *, const T4 *, T11 *, void *, long, T6 *, int *, T6 *, T6 *, const T6 *, const T6 *, const T6 *, const T6 *, const T6 *)",532736.0,291456.0,4000.0,10.23,9.57
"void at::vectorized_elementwise_kernel<4, at::CUDAFunctor_add<c10::Half>, std::array<char *, 3>>(int, T2, T3)",268416.0,113536.0,3072.0,6.18,0.78
"void at::unrolled_elementwise_kernel<at::direct_copy_kernel_cuda(at::TensorIteratorBase &)::[lambda() (instance 3)]::operator ()() const::[lambda() (instance 7)]::operator ()() const::[lambda(float) (instance 1)], std::array<char *, 2>, 4, TrivialOffsetCalculator<1, unsigned int>, TrivialOffsetCalculator<1, unsigned int>, memory::LoadWithCast<1>, memory::StoreWithCast<1>>(int, T1, T2, T4, T5, T6, T7)",163200.0,117632.0,6080.0,2.29,2.81
"void at::vectorized_elementwise_kernel<4, void at::<unnamed>::pow_tensor_scalar_kernel_impl<float, float>(at::TensorIteratorBase &, T2)::[lambda(float) (instance 1)], std::array<char *, 2>>(int, T2, T3)",266880.0,132096.0,3200.0,6.24,0.43
"void at::reduce_kernel<512, 1, at::ReduceOp<float, at::MeanOps<float, float, float, float>, unsigned int, float, 4, 4>>(T3)",313216.0,30336.0,13024.0,1.3,0.14
"void at::vectorized_elementwise_kernel<4, at::CUDAFunctorOnSelf_add<float>, std::array<char *, 2>>(int, T2, T3)",4864.0,896.0,2912.0,0.1,0.02
"void at::vectorized_elementwise_kernel<4, at::rsqrt_kernel_cuda(at::TensorIteratorBase &)::[lambda() (instance 2)]::operator ()() const::[lambda() (instance 2)]::operator ()() const::[lambda(float) (instance 1)], std::array<char *, 2>>(int, T2, T3)",6400.0,512.0,3072.0,0.11,0.03
"void at::elementwise_kernel<128, 2, void at::gpu_kernel_impl_nocast<at::BinaryFunctor<float, float, float, binary_internal::MulFunctor<float>>>(at::TensorIteratorBase &, const T1 &)::[lambda(int) (instance 1)]>(int, T3)",273280.0,138624.0,4704.0,4.36,3.69
"void at::vectorized_elementwise_kernel<4, at::float16_copy_kernel_cuda(at::TensorIteratorBase &)::[lambda(float) (instance 1)], std::array<char *, 2>>(int, T2, T3)",267136.0,138624.0,3008.0,6.71,0.41
"void at::elementwise_kernel<128, 4, void at::gpu_kernel_impl_nocast<at::BinaryFunctor<c10::Half, c10::Half, c10::Half, binary_internal::MulFunctor<float>>>(at::TensorIteratorBase &, const T1 &)::[lambda(int) (instance 1)]>(int, T3)",154880.0,139520.0,5760.0,2.53,2.84
ampere_fp16_s16816gemm_fp16_64x64_sliced1x2_ldg8_f2f_stages_64x5_tn,23214464.0,7143936.0,23456.0,63.57,20.37
"void at::vectorized_elementwise_kernel<4, at::<unnamed>::silu_kernel(at::TensorIteratorBase &)::[lambda() (instance 1)]::operator ()() const::[lambda() (instance 5)]::operator ()() const::[lambda(c10::Half) (instance 1)], std::array<char *, 2>>(int, T2, T3)",373632.0,216064.0,3968.0,7.42,5.86
ampere_fp16_s16816gemm_fp16_64x64_sliced1x2_ldg8_f2f_stages_64x5_tn,23214848.0,7129600.0,23904.0,62.31,19.97
"void at::vectorized_elementwise_kernel<4, at::BinaryFunctor<c10::Half, c10::Half, c10::Half, binary_internal::MulFunctor<float>>, std::array<char *, 3>>(int, T2, T3)",727168.0,271872.0,3520.0,14.18,1.87
ampere_fp16_s16816gemm_fp16_128x64_ldg8_f2f_stages_32x6_tn,23444096.0,9074560.0,24768.0,64.57,19.3
"void cublasLt::splitKreduce_kernel<32, 16, int, __half, __half, float, __half, 0, __half, __half, __half, 1, 0, 0>(cublasLt::cublasSplitKParams<T6>, const T4 *, const T10 *, T9 *, T5 *, const T6 *, const T6 *, const T11 *, const T4 *, T11 *, void *, long, T6 *, int *, T6 *, T6 *, const T6 *, const T6 *, const T6 *, const T6 *, const T6 *)",794880.0,373888.0,5536.0,10.46,8.11
"void at::vectorized_elementwise_kernel<4, at::CUDAFunctor_add<c10::Half>, std::array<char *, 3>>(int, T2, T3)",268416.0,126464.0,3136.0,6.24,0.76
"void at::unrolled_elementwise_kernel<at::direct_copy_kernel_cuda(at::TensorIteratorBase &)::[lambda() (instance 3)]::operator ()() const::[lambda() (instance 7)]::operator ()() const::[lambda(float) (instance 1)], std::array<char *, 2>, 4, TrivialOffsetCalculator<1, unsigned int>, TrivialOffsetCalculator<1, unsigned int>, memory::LoadWithCast<1>, memory::StoreWithCast<1>>(int, T1, T2, T4, T5, T6, T7)",163200.0,163840.0,6048.0,2.68,2.82
"void at::vectorized_elementwise_kernel<4, void at::<unnamed>::pow_tensor_scalar_kernel_impl<float, float>(at::TensorIteratorBase &, T2)::[lambda(float) (instance 1)], std::array<char *, 2>>(int, T2, T3)",266880.0,153728.0,3264.0,6.42,0.42
"void at::reduce_kernel<512, 1, at::ReduceOp<float, at::MeanOps<float, float, float, float>, unsigned int, float, 4, 4>>(T3)",313216.0,7680.0,13088.0,1.2,0.14
"void at::vectorized_elementwise_kernel<4, at::CUDAFunctorOnSelf_add<float>, std::array<char *, 2>>(int, T2, T3)",4864.0,896.0,3008.0,0.09,0.02
"void at::vectorized_elementwise_kernel<4, at::rsqrt_kernel_cuda(at::TensorIteratorBase &)::[lambda() (instance 2)]::operator ()() const::[lambda() (instance 2)]::operator ()() const::[lambda(float) (instance 1)], std::array<char *, 2>>(int, T2, T3)",6400.0,512.0,3040.0,0.11,0.03
"void at::elementwise_kernel<128, 2, void at::gpu_kernel_impl_nocast<at::BinaryFunctor<float, float, float, binary_internal::MulFunctor<float>>>(at::TensorIteratorBase &, const T1 &)::[lambda(int) (instance 1)]>(int, T3)",273280.0,170112.0,4640.0,4.74,3.72
"void at::vectorized_elementwise_kernel<4, at::float16_copy_kernel_cuda(at::TensorIteratorBase &)::[lambda(float) (instance 1)], std::array<char *, 2>>(int, T2, T3)",267136.0,109568.0,2976.0,6.28,0.42
"void at::elementwise_kernel<128, 4, void at::gpu_kernel_impl_nocast<at::BinaryFunctor<c10::Half, c10::Half, c10::Half, binary_internal::MulFunctor<float>>>(at::TensorIteratorBase &, const T1 &)::[lambda(int) (instance 1)]>(int, T3)",154880.0,131072.0,5728.0,2.47,2.87
void cutlass::Kernel2<cutlass_80_tensorop_f16_s16816gemm_relu_f16_128x64_64x3_tn_align8>(T1::Params),131347328.0,2423168.0,96672.0,67.88,27.97
