t_s,batch,n_prefill,prefill_tokens,prefill_ms,decode_ms,gather_ms,iteration_ms,padding_waste,context_max,waiting,preempted,kv_blocks_used,kv_slot_utilization,wasted_decode_tokens
0.08069,1,1,711,43.440442997962236,37.17499000049429,12.776198997016763,80.67971299897181,0.0,711,0,0,45,0.9888888888888889,0
0.10525,1,0,0,0.0,24.524694999854546,0.6637740007136017,24.55174100032309,0.0,712,0,0,45,0.9902777777777778,0
0.12959,1,0,0,0.0,24.317237999639474,0.667764001264004,24.338519000593806,0.0,713,0,0,45,0.9916666666666667,0
0.15388,1,0,0,0.0,24.264517000119668,0.6182500001159497,24.285138002596796,0.0,714,0,0,45,0.9930555555555556,0
0.17805,1,0,0,0.0,24.139649998687673,0.637871002254542,24.159423999662977,0.0,715,0,0,45,0.9944444444444445,0
0.20216,1,0,0,0.0,24.086890000035055,0.6485039994004183,24.105044001771603,0.0,716,0,0,45,0.9958333333333333,0
0.22623,1,0,0,0.0,24.04977699916344,0.6775879992346745,24.0672159998212,0.0,717,0,0,45,0.9972222222222222,0
0.25017,1,0,0,0.0,23.923631000798196,0.6074989978515077,23.94157299931976,0.0,718,0,0,45,0.9986111111111111,0
0.27437,1,0,0,0.0,24.177139002858894,0.6347029993776232,24.196074999053963,0.0,719,0,0,45,1.0,0
0.29832,1,0,0,0.0,23.912453001685208,0.6284390001383144,23.94357199955266,0.0,720,0,0,46,0.9796195652173914,0
0.3225,1,0,0,0.0,24.15902899883804,0.5944370022916701,24.17643599983421,0.0,721,0,0,46,0.9809782608695652,0
0.34709,1,0,0,0.0,24.572841000917833,0.6363030006468762,24.591348999820184,0.0,722,0,0,46,0.9823369565217391,0
0.37113,1,0,0,0.0,24.01820000159205,0.6200419993547257,24.0381299990986,0.0,723,0,0,46,0.9836956521739131,0
0.39512,1,0,0,0.0,23.962588002177654,0.63379499988514,23.981759000889724,0.0,724,0,0,46,0.9850543478260869,0
0.4191,1,0,0,0.0,23.96187399790506,0.6232480009202845,23.97896099864738,0.0,725,0,0,46,0.9864130434782609,0
0.44309,1,0,0,0.0,23.966066000866704,0.6256019987631589,23.983990999113303,0.0,726,0,0,46,0.9877717391304348,0
0.46712,1,0,0,0.0,24.0069110004697,0.6233980020624585,24.024949998420198,0.0,727,0,0,46,0.9891304347826086,0
0.49106,1,0,0,0.0,23.917061000247486,0.620300997979939,23.93457799917087,0.0,728,0,0,46,0.9904891304347826,0
0.51505,1,0,0,0.0,23.974505998921813,0.6180900018080138,23.990829999092966,0.0,729,0,0,46,0.9918478260869565,0
0.60919,2,1,140,26.563012001133757,67.52112400135957,0.7122470015019644,94.12756199890282,0.40410958904109584,730,0,0,55,0.990909090909091,0
0.66927,4,2,273,29.11417799987248,30.909228000382427,1.3348220018087886,60.08133600334986,0.6084131326949385,731,0,0,74,0.9704391891891891,0
0.69932,4,0,0,0.0,30.018348999874434,1.021152002067538,30.042377999052405,0.6075819672131147,732,0,0,74,0.9738175675675675,0
0.72928,4,0,0,0.0,29.936303002614295,0.9987310004362371,29.956479000247782,0.6067530695770804,733,0,0,74,0.9771959459459459,0
0.75926,4,0,0,0.0,29.949533000035444,0.9983480013033841,29.97510899876943,0.6059264305177112,734,0,0,75,0.9675,0
0.78852,4,0,0,0.0,29.237704002298415,0.9972270017897245,29.2605979993823,0.6051020408163266,735,0,0,75,0.9708333333333333,0
0.81856,4,0,0,0.0,30.0057749991538,1.0212599991064053,30.04327199960244,0.6042798913043479,736,0,0,76,0.9613486842105263,0
0.8764,5,1,293,26.83203400010825,30.958570998336654,1.4838080023764633,57.829754001431866,0.6032564450474898,737,0,0,95,0.9651315789473685,0
0.90642,5,0,0,0.0,29.992103998665698,1.205436998134246,30.01506500004325,0.6024390243902439,738,0,0,95,0.968421052631579,0
0.93645,5,0,0,0.0,30.0018199995975,1.1962220014538616,30.026193999219686,0.6016238159675237,739,0,0,95,0.9717105263157895,0
0.96655,5,0,0,0.0,30.070526998315472,1.2069730000803247,30.093759000010323,0.6008108108108108,740,0,0,95,0.975,0
0.99665,5,0,0,0.0,30.060503999266075,1.2072460012859665,30.085722002695547,0.6,741,0,0,95,0.9782894736842105,0
1.02685,5,0,0,0.0,30.162938001012662,1.180201998067787,30.18592100124806,0.5991913746630728,742,0,0,95,0.9815789473684211,0
1.05626,5,0,0,0.0,29.391627002041787,1.196171000628965,29.414702999929432,0.5983849259757739,743,0,0,95,0.9848684210526316,0
1.08627,5,0,0,0.0,29.9803529997007,1.1966889978793915,30.003224997926736,0.5975806451612904,744,0,0,95,0.9881578947368421,0
1.11689,5,0,0,0.0,30.596831002185354,1.5248399977281224,30.61810900180717,0.5967785234899329,745,0,0,95,0.9914473684210526,0
1.14711,5,0,0,0.0,30.190828001650516,1.2239539973961655,30.221462999179494,0.5959785522788204,746,0,0,96,0.984375,0
1.18039,5,0,0,0.0,33.2419629994547,1.2288140023883898,33.27225699831615,0.5951807228915662,747,0,0,97,0.9774484536082474,0
1.21218,5,0,0,0.0,31.756418000441045,1.2418969999998808,31.78367500004242,0.5943850267379679,748,0,0,98,0.9706632653061225,0
1.24352,5,0,0,0.0,31.302121002227068,1.2591009981406387,31.329329001891892,0.5935914552736983,749,0,0,98,0.9738520408163265,0
1.27399,5,0,0,0.0,30.44094099823269,1.2330949975876138,30.470942001556978,0.5928,750,0,0,99,0.9671717171717171,0
1.30361,5,0,0,0.0,29.588257002615137,1.2409739974827971,29.614339997351635,0.5920106524633821,751,0,0,99,0.9703282828282829,0
1.33421,5,0,0,0.0,30.564755001250887,1.1923240017495118,30.598299999837764,0.5912234042553192,752,0,0,100,0.96375,0
1.36434,5,0,0,0.0,30.100353997113416,1.207387998874765,30.123618002107833,0.5904382470119522,753,0,0,100,0.966875,0
1.3943,5,0,0,0.0,29.93110899842577,1.2077710016455967,29.953052999189822,0.5896551724137931,754,0,0,100,0.97,0
1.42426,5,0,0,0.0,29.934520996903302,1.218856999912532,29.955000998597825,0.5888741721854305,755,0,0,100,0.973125,0
1.45438,5,0,0,0.0,30.096155998762697,1.1928729982173536,30.119937000563368,0.5880952380952381,756,0,0,100,0.97625,0
1.48444,5,0,0,0.0,30.030029000045033,1.208071997098159,30.052402998990146,0.5873183619550859,757,0,0,100,0.979375,0
1.51469,5,0,0,0.0,30.226592996768886,1.2341789988568053,30.248306997236796,0.5865435356200528,758,0,0,100,0.9825,0
1.54415,5,0,0,0.0,29.43323799991049,1.2035440013278276,29.455784999299794,0.5857707509881422,759,0,0,100,0.985625,0
1.57427,5,0,0,0.0,30.094732999714324,1.226445998327108,30.117908001557225,0.585,760,0,0,100,0.98875,0
1.60431,5,0,0,0.0,30.007802000909578,1.2279959992156364,30.02948900029878,0.5842312746386333,761,0,0,100,0.991875,0
1.63459,5,0,0,0.0,30.260269002610585,1.2357630002952646,30.285165001259884,0.5834645669291338,762,0,0,101,0.9851485148514851,0
1.69158,6,1,201,25.829948997852625,31.094812002265826,1.705285998468753,56.987386000400875,0.608344255133246,763,0,0,115,0.9777173913043479,0
1.72204,6,0,0,0.0,30.42149300017627,1.4123869987088256,30.447026001638733,0.6075479930191972,764,0,0,116,0.9725215517241379,0
1.7524,6,0,0,0.0,30.335516999912215,1.401425997755723,30.359525997482706,0.6067538126361656,765,0,0,116,0.9757543103448276,0
1.78285,6,0,0,0.0,30.421972998738056,1.4098119972913992,30.447981000179425,0.6059617058311575,766,0,0,117,0.9706196581196581,0
1.81272,6,0,0,0.0,29.836477999197086,1.4108260002103634,29.85899499981315,0.6051716644936984,767,0,0,117,0.9738247863247863,0
1.84311,6,0,0,0.0,30.36179999980959,1.3863690001016948,30.388110997591866,0.6043836805555556,768,0,0,118,0.96875,0
1.87352,6,0,0,0.0,30.38084699801402,1.4356380015669856,30.405009998503374,0.6035977459904638,769,0,0,118,0.971927966101695,0
1.90406,6,0,0,0.0,30.512522000208264,1.4137149992166087,30.540874002326746,0.6028138528138528,770,0,0,119,0.9669117647058824,0
1.93465,6,0,0,0.0,30.562487001589034,1.4238439980545081,30.58668999801739,0.6020319930825768,771,0,0,119,0.970063025210084,0
1.96531,6,0,0,0.0,30.62649200001033,1.4099420004640706,30.653337998955976,0.601252158894646,772,0,0,119,0.9732142857142857,0
2.02314,7,1,215,26.066022997838445,31.697119997261325,1.8875860005209688,57.82233100035228,0.6178155608944742,773,0,0,123,0.9751016260162602,0
2.05362,6,0,0,0.0,30.449756999587407,1.4515559996652883,30.475542997010052,0.5867786391042205,774,0,0,123,0.978150406504065,0
2.08331,6,0,0,0.0,29.669674000615487,1.4301930023066234,29.693352997128386,0.586021505376344,775,0,0,123,0.9811991869918699,0
2.11405,6,0,0,0.0,30.704075001267483,1.4408429997274652,30.727649998880224,0.5852663230240549,776,0,0,123,0.9842479674796748,0
2.14447,6,0,0,0.0,30.3951230016537,1.4350960009323899,30.421193998336094,0.5845130845130846,777,0,0,123,0.9872967479674797,0
2.17496,6,0,0,0.0,30.462026999884984,1.4522730016324203,30.488345000776462,0.5837617823479007,778,0,0,123,0.9903455284552846,0
2.20532,6,0,0,0.0,30.327643002237892,1.4592769985029008,30.357765001099324,0.5830124090714591,779,0,0,124,0.985383064516129,0
2.23569,6,0,0,0.0,30.336175997945247,1.4400590007426217,30.3603540014592,0.5822649572649572,780,0,0,125,0.9805,0
2.26596,6,0,0,0.0,30.24633899985929,1.4272970001911744,30.268189999333117,0.5815194195475886,781,0,0,125,0.9835,0
2.29635,6,0,0,0.0,30.36239599896362,1.4324440016935114,30.386618000193266,0.5807757885763001,782,0,0,127,0.9709645669291339,0
2.32605,6,0,0,0.0,29.665660000318894,1.4291959996626247,29.69184199901065,0.5800340570455513,783,0,0,127,0.9739173228346457,0
2.38306,7,1,190,26.53614099835977,30.431013001361862,1.6163630025403108,57.01217899695621,0.6047740524781341,784,0,0,140,0.9714285714285714,0
2.41405,7,0,0,0.0,30.961403997935122,1.869276002253173,30.98367100028554,0.6040036396724295,785,0,0,140,0.9745535714285715,0
2.44444,7,0,0,0.0,30.35754300071858,1.6198730008909479,30.38516000015079,0.6032351872046529,786,0,0,142,0.9639084507042254,0
2.4749,7,0,0,0.0,30.436420001933584,1.5942770005494822,30.4608559999906,0.6024686876021057,787,0,0,142,0.9669894366197183,0
2.50527,7,0,0,0.0,30.33153000069433,1.5996039983292576,30.355618000612594,0.6017041334300217,788,0,0,142,0.9700704225352113,0
2.53592,7,0,0,0.0,30.62891499939724,1.6104720016301144,30.654973001219332,0.6009415172913272,789,0,0,142,0.9731514084507042,0
2.56655,7,0,0,0.0,30.599320998589974,1.6485679989273194,30.638946998806205,0.6001808318264015,790,0,0,142,0.9762323943661971,0
2.59633,7,0,0,0.0,29.735336000157986,1.6229479988396633,29.759134002233623,0.599422069712841,791,0,0,142,0.9793133802816901,0
2.62688,7,0,0,0.0,30.521888998919167,1.6040289992815815,30.545535002602264,0.5986652236652237,792,0,0,142,0.9823943661971831,0
2.65745,7,0,0,0.0,30.54584299752605,1.6181709979719017,30.570063001505332,0.5979102864348766,793,0,0,142,0.985475352112676,0
2.68786,7,0,0,0.0,30.36729999803356,1.5933069989841897,30.391209002118558,0.5971572508096438,794,0,0,142,0.988556338028169,0
2.71829,7,0,0,0.0,30.399171002500225,1.60107500050799,30.42325299975346,0.5964061096136568,795,0,0,143,0.9847027972027972,0
2.74893,7,0,0,0.0,30.615035000664648,1.5787829979672097,30.64551499846857,0.5956568557071069,796,0,0,144,0.9809027777777778,0
2.77992,7,0,0,0.0,30.95385100095882,1.6353419996448793,30.981569001596654,0.594909481986019,797,0,0,144,0.9839409722222222,0
2.81127,7,0,0,0.0,31.319673998950748,1.9051350027439184,31.347689997346606,0.5941639813820265,798,0,0,146,0.973458904109589,0
2.84115,7,0,0,0.0,29.84917100184248,1.6122069973789621,29.873134000808932,0.5934203468621491,799,0,0,146,0.9764554794520548,0
2.87178,7,0,0,0.0,30.601304999436252,1.6387739997298922,30.63049899719772,0.5926785714285714,800,0,0,147,0.9727891156462585,0
2.90364,7,0,0,0.0,31.831121999857714,1.6297359979944304,31.858302998443833,0.5919386481184234,801,0,0,147,0.9757653061224489,0
2.93463,7,0,0,0.0,30.95211000254494,1.6516989999217913,30.981432002590736,0.5912005700035625,802,0,0,149,0.9656040268456376,0
2.96569,7,0,0,0.0,31.02986300291377,1.6337269989890046,31.058377997396747,0.5904643301903576,803,0,0,149,0.9685402684563759,0
2.99724,7,0,0,0.0,31.518297000729945,1.6449360009573866,31.545898000331363,0.589729921819474,804,0,0,149,0.9714765100671141,0
3.0282,7,0,0,0.0,30.91933500036248,1.665936997596873,30.944732003263198,0.588997338065661,805,0,0,149,0.9744127516778524,0
3.05897,7,0,0,0.0,30.743659001018386,1.628415997402044,30.770051998842973,0.5882665721375399,806,0,0,149,0.9773489932885906,0
3.08904,7,0,0,0.0,30.04677900025854,1.6420450010627974,30.07197199985967,0.5875376172773943,807,0,0,149,0.9802852348993288,0
3.11987,7,0,0,0.0,30.796070001088083,1.6413630000897683,30.820179999864195,0.5868104667609618,808,0,0,149,0.9832214765100671,0
3.15066,7,0,0,0.0,30.76341799896909,1.6338940004061442,30.79046700077015,0.5860851138972276,809,0,0,149,0.9861577181208053,0
3.18141,7,0,0,0.0,30.720837999979267,1.6467440000269562,30.746838998311432,0.5853615520282187,810,0,0,149,0.9890939597315436,0
3.21227,7,0,0,0.0,30.82464399994933,1.6532180015929043,30.851537001581164,0.5846397745288004,811,0,0,150,0.9854166666666667,0
3.24328,7,0,0,0.0,30.974230001447722,1.940460002515465,31.00352399997064,0.5839197748064744,812,0,0,151,0.9817880794701986,0
3.27416,7,0,0,0.0,30.851104002067586,1.6828769985295366,30.877989000146044,0.5832015463011773,813,0,0,151,0.9846854304635762,0
3.30502,7,0,0,0.0,30.82284999982221,1.6716019999876153,30.85297500001616,0.5824850824850825,814,0,0,153,0.9746732026143791,0
3.33519,7,0,0,0.0,30.1483939983882,1.66074500157265,30.172912000125507,0.5817703768624014,815,0,0,153,0.9775326797385621,0
3.36671,7,0,0,0.0,31.480656998610357,1.6671989978931379,31.514880000031553,0.5810574229691876,816,0,0,154,0.974025974025974,0
3.3986,7,0,0,0.0,31.854071999987355,1.946837997820694,31.88409999711439,0.5803462143731422,817,0,0,154,0.9768668831168831,0
3.42975,7,0,0,0.0,31.114818000787636,1.670243000262417,31.14341000036802,0.5796367446734194,818,0,0,156,0.9671474358974359,0
3.4609,7,0,0,0.0,31.11811200142256,1.665276002313476,31.144078999204794,0.5789290075004361,819,0,0,156,0.9699519230769231,0
3.49204,7,0,0,0.0,31.106268001167336,1.6739839993533678,31.133313997997902,0.5782229965156794,820,0,0,156,0.9727564102564102,0
3.52332,7,0,0,0.0,31.24533899972448,1.6926449970924295,31.27034900171566,0.5775187054115191,821,0,0,156,0.9755608974358975,0
3.55466,7,0,0,0.0,31.311847000324633,1.724953999655554,31.338234002760146,0.5768161279110184,822,0,0,156,0.9783653846153846,0
3.58541,7,0,0,0.0,30.723410000064177,1.7395750001014676,30.75105199968675,0.5761152577677486,823,0,0,156,0.9811698717948718,0
3.61719,7,0,0,0.0,31.750892001582542,1.70714600244537,31.775384999491507,0.5754160887656034,824,0,0,156,0.9839743589743589,0
3.64864,7,0,0,0.0,31.417182999575743,2.0196900004521012,31.443592000869103,0.5747186147186147,825,0,0,156,0.9867788461538461,0
3.67943,7,0,0,0.0,30.75763599917991,1.6943709997576661,30.783476002397947,0.5740228294707714,826,0,0,156,0.9895833333333334,0
3.71015,7,0,0,0.0,30.68901000006008,1.6911960010475013,30.71548200023244,0.5733287268958369,827,0,0,157,0.9860668789808917,0
3.7407,7,0,0,0.0,30.521407999913208,1.6649220015096944,30.547868998837657,0.5726363008971704,828,0,0,158,0.9825949367088608,0
3.79847,8,1,209,25.753674999577925,31.96087500327849,2.189413997257361,57.76838800011319,0.5939384800965017,829,0,0,172,0.981468023255814,0
3.82937,8,0,0,0.0,30.869889000314288,1.8835150003724266,30.895723000867292,0.5932228915662651,830,0,0,174,0.9730603448275862,0
3.85959,8,0,0,0.0,30.19241799847805,1.8650019992492162,30.216592000215314,0.5925090252707581,831,0,0,174,0.975933908045977,0
3.89035,8,0,0,0.0,30.727935998584144,1.862606000941014,30.757078999158693,0.591796875,832,0,0,175,0.9732142857142857,0
3.92142,8,0,0,0.0,31.036085998493945,1.9455430010566488,31.05865099860239,0.5910864345738296,833,0,0,175,0.9760714285714286,0
3.95229,8,0,0,0.0,30.844916000205558,1.9028829992748797,30.871933999151224,0.5903776978417266,834,0,0,177,0.967867231638418,0
3.983,8,0,0,0.0,30.666267000924563,1.8635880005604122,30.701722000230802,0.5896706586826348,835,0,0,160,0.9703125,0
4.01412,7,0,0,0.0,31.098670999199385,1.6864239987626206,31.12201999829267,0.5755297334244702,836,0,0,160,0.973046875,0
4.04515,7,0,0,0.0,30.995926001196494,1.688733998889802,31.019926002045395,0.57484212322922,837,0,0,160,0.97578125,0
4.0758,7,0,0,0.0,30.62227000191342,1.6995049991237465,30.647696999949403,0.5741561541084215,838,0,0,160,0.978515625,0
4.10589,7,0,0,0.0,30.066020000958815,1.6744880012993235,30.091848002484767,0.5734718201941087,839,0,0,160,0.98125,0
4.13692,7,0,0,0.0,30.982824999227887,1.6898930007300805,31.01676900041639,0.5727891156462586,840,0,0,142,0.9859154929577465,0
4.16769,6,0,0,0.0,30.736611002794234,1.5254439967975486,30.763024999032496,0.5560840269520413,841,0,0,142,0.988556338028169,0
4.19843,6,0,0,0.0,30.710295999597292,1.5148019992921036,30.736570002773078,0.5554235946159937,842,0,0,142,0.9911971830985915,0
4.22901,6,0,0,0.0,30.54766499917605,1.4885419986967463,30.569869002647465,0.5547647291419533,843,0,0,142,0.9938380281690141,0
4.25935,6,0,0,0.0,30.316918000607984,1.4886120006849524,30.341530000441708,0.5541074249605056,844,0,0,144,0.9826388888888888,0
4.28984,6,0,0,0.0,30.462806000286946,1.5031709990580566,30.48533299806877,0.5534516765285996,845,0,0,144,0.9852430555555556,0
4.32045,6,0,0,0.0,30.581987000914523,1.501171998825157,30.60723899761797,0.5527974783293932,846,0,0,146,0.9743150684931506,0
4.35033,6,0,0,0.0,29.839760001777904,1.493544001277769,29.86297000097693,0.5521448248720976,847,0,0,146,0.9768835616438356,0
4.38075,6,0,0,0.0,30.380189000425162,1.4956769991840702,30.412009000428952,0.5514937106918238,848,0,0,131,0.9699427480916031,0
4.41098,5,0,0,0.0,30.211344001145335,1.3212240010034293,30.233424000471132,0.5210836277974087,849,0,0,131,0.9723282442748091,0
4.44149,5,0,0,0.0,30.474241000774782,1.3264560002426151,30.49645999999484,0.5204705882352941,850,0,0,131,0.9747137404580153,0
4.47179,5,0,0,0.0,30.27728999950341,1.3589650006906595,30.299426998681156,0.5198589894242068,851,0,0,131,0.9770992366412213,0
4.50222,5,0,0,0.0,30.404797002120176,1.3346129999263212,30.427918998611858,0.5192488262910798,852,0,0,131,0.9794847328244275,0
4.53284,5,0,0,0.0,30.59458099960466,1.3758779969066381,30.615472998761106,0.5186400937866353,853,0,0,131,0.9818702290076335,0
4.56316,5,0,0,0.0,30.298700999992434,1.3385220008785836,30.321112000819994,0.5180327868852459,854,0,0,131,0.9842557251908397,0
4.5929,5,0,0,0.0,29.711121998843737,1.3429919999907725,29.73452199876192,0.5174269005847953,855,0,0,131,0.9866412213740458,0
4.62324,5,0,0,0.0,30.31272099906346,1.366230000712676,30.33429400238674,0.516822429906542,856,0,0,131,0.9890267175572519,0
4.65372,5,0,0,0.0,30.453257000772282,1.3379219999478664,30.477691001578933,0.5162193698949825,857,0,0,131,0.9914122137404581,0
4.68422,5,0,0,0.0,30.47382399745402,1.3731219987676013,30.497895000735298,0.5156177156177156,858,0,0,131,0.9937977099236641,0
4.71464,5,0,0,0.0,30.394433000765275,1.3515179998648819,30.416788002185058,0.5150174621653085,859,0,0,131,0.9961832061068703,0
4.74483,5,0,0,0.0,30.15035499993246,1.3314210009411909,30.176804997608997,0.5144186046511627,860,0,0,133,0.9835526315789473,0
4.77543,5,0,0,0.0,30.56995200313395,1.3687520004168618,30.595971998991445,0.5138211382113821,861,0,0,133,0.9859022556390977,0
4.80609,5,0,0,0.0,30.630062999989605,1.3750729995081201,30.658580999443075,0.5132250580046404,862,0,0,135,0.9736111111111111,0
4.83593,5,0,0,0.0,29.806894999637734,1.3728109988733195,29.829252998752054,0.5126303592120509,863,0,0,135,0.975925925925926,0
4.86664,5,0,0,0.0,30.681674998049857,1.3704470002267044,30.706580000696704,0.5120370370370371,864,0,0,136,0.9710477941176471,0
4.89716,5,0,0,0.0,30.493949001538567,1.351356000668602,30.51665599923581,0.5114450867052023,865,0,0,136,0.9733455882352942,0
4.92758,5,0,0,0.0,30.397980997804552,1.3562940002884716,30.42021399960504,0.5108545034642032,866,0,0,136,0.9756433823529411,0
4.95798,5,0,0,0.0,30.37146700080484,1.366995998978382,30.39381399867125,0.5102652825836217,867,0,0,136,0.9779411764705882,0
4.98835,5,0,0,0.0,30.345447001309367,1.4002870011609048,30.368240000825608,0.5096774193548388,868,0,0,136,0.9802389705882353,0
5.01894,5,0,0,0.0,30.55934000076377,1.383395996526815,30.58023500125273,0.509090909090909,869,0,0,136,0.9825367647058824,0
5.0497,5,0,0,0.0,30.73106900046696,1.44047299909289,30.761400998017052,0.5085057471264367,870,0,0,118,0.986228813559322,0
5.07921,4,0,0,0.0,29.483898000762565,1.1881150021508802,29.505196998798056,0.465556831228473,871,0,0,118,0.9883474576271186,0
5.10924,4,0,0,0.0,30.00362300008419,1.1914019996766,30.02415299852146,0.46502293577981646,872,0,0,118,0.9904661016949152,0
5.13928,4,0,0,0.0,30.0139479986683,1.1750390003726352,30.036146999918856,0.46449026345933564,873,0,0,118,0.9925847457627118,0
5.16961,4,0,0,0.0,30.300684997200733,1.206660999741871,30.322811999212718,0.4639588100686499,874,0,0,118,0.9947033898305084,0
5.19997,4,0,0,0.0,30.33399299965822,1.1727759992936626,30.357067997101694,0.4634285714285714,875,0,0,118,0.996822033898305,0
5.2301,4,0,0,0.0,30.105259000265505,1.194535998365609,30.12887899967609,0.4628995433789954,876,0,0,120,0.9822916666666667,0
5.26025,4,0,0,0.0,30.121646999759832,1.2001390023215208,30.144565000227885,0.4623717217787914,877,0,0,120,0.984375,0
5.29049,4,0,0,0.0,30.21286800139933,1.2352070007182192,30.239456998970127,0.46184510250569477,878,0,0,121,0.9783057851239669,0
5.32027,4,0,0,0.0,29.755432999081677,1.1939360010728706,29.776497998682316,0.4613196814562003,879,0,0,121,0.9803719008264463,0
5.35069,4,0,0,0.0,30.385901001864113,1.2075060003553517,30.409443999815267,0.46079545454545456,880,0,0,122,0.9743852459016393,0
5.38077,4,0,0,0.0,30.062537000048906,1.1778079970099498,30.08374300043215,0.460272417707151,881,0,0,122,0.9764344262295082,0
5.41083,4,0,0,0.0,30.036092997761443,1.2013260020466987,30.057077998208115,0.4597505668934241,882,0,0,122,0.9784836065573771,0
5.44121,4,0,0,0.0,30.351495999639155,1.1985510027443524,30.374709000170697,0.45922989807474524,883,0,0,122,0.9805327868852459,0
5.47142,4,0,0,0.0,30.1691300010134,1.2413090007612482,30.190364999725716,0.45871040723981904,884,0,0,122,0.9825819672131147,0
5.50155,4,0,0,0.0,30.104662000667304,1.2128750022384338,30.125871002383064,0.45819209039548026,885,0,0,122,0.9846311475409836,0
5.53184,4,0,0,0.0,30.25261799848522,1.212726998346625,30.287377998320153,0.45767494356659144,886,0,0,122,0.9866803278688525,0
5.56124,4,0,0,0.0,29.38210499996785,1.2237509981787298,29.403399999864632,0.45715896279594137,887,0,0,122,0.9887295081967213,0
5.59109,4,0,0,0.0,29.823507997207344,1.207305998832453,29.84437600025558,0.4566441441441441,888,0,0,122,0.9907786885245902,0
5.62113,4,0,0,0.0,30.017342000064673,1.2119909988541622,30.037196997000137,0.4561304836895388,889,0,0,122,0.992827868852459,0
5.65104,4,0,0,0.0,29.880452999350382,1.2066300005244557,29.902515998401213,0.45561797752808986,890,0,0,122,0.9948770491803278,0
5.68102,4,0,0,0.0,29.960599000332877,1.207755001814803,29.98169900092762,0.4551066217732884,891,0,0,122,0.9969262295081968,0
5.71108,4,0,0,0.0,30.02757899957942,1.2106009999115486,30.051991998334415,0.45459641255605376,892,0,0,124,0.9828629032258065,0
5.74113,4,0,0,0.0,30.021320999367163,1.2014940002700314,30.04115399744478,0.4540873460246361,893,0,0,124,0.9848790322580645,0
5.77108,4,0,0,0.0,29.926548999355873,1.210399997944478,29.95026599819539,0.453579418344519,894,0,0,125,0.979,0
5.80069,4,0,0,0.0,29.58583899817313,1.2221540018799715,29.60978999908548,0.45307262569832407,895,0,0,125,0.981,0
5.83077,4,0,0,0.0,30.047830998228164,1.2257270027475897,30.071105000388343,0.4525669642857143,896,0,0,126,0.9751984126984127,0
5.86097,4,0,0,0.0,30.175678999512456,1.243107999471249,30.1970269974845,0.45206243032329985,897,0,0,126,0.9771825396825397,0
5.8912,4,0,0,0.0,30.208819000108633,1.259660999494372,30.230866999772843,0.4515590200445434,898,0,0,126,0.9791666666666666,0
5.92145,4,0,0,0.0,30.226517999835778,1.2545690005936194,30.24675900087459,0.45105672969966626,899,0,0,126,0.9811507936507936,0
5.95157,4,0,0,0.0,30.073074001848,1.2478070020733867,30.10786700178869,0.4505555555555556,900,0,0,126,0.9831349206349206,0
5.98163,4,0,0,0.0,30.027513999812072,1.235326002642978,30.049999000766547,0.45005549389567145,901,0,0,126,0.9851190476190477,0
6.01177,4,0,0,0.0,30.11176400104887,1.2458409983082674,30.133168002066668,0.4495565410199557,902,0,0,126,0.9871031746031746,0
6.04117,4,0,0,0.0,29.3756110004324,1.2484740000218153,29.39618499658536,0.4490586932447398,903,0,0,126,0.9890873015873016,0
6.07176,4,0,0,0.0,30.570427999919048,1.267739000468282,30.593147999752546,0.44856194690265483,904,0,0,126,0.9910714285714286,0
6.10671,4,0,0,0.0,34.91630599819473,1.2871140024799388,34.941304998937994,0.4480662983425414,905,0,0,126,0.9930555555555556,0
6.13991,4,0,0,0.0,33.17600900118123,1.388189000863349,33.20024500135332,0.44757174392935983,906,0,0,126,0.9950396825396826,0
6.17041,4,0,0,0.0,30.461241000011796,1.2876530017820187,30.494601000100374,0.44707828004410144,907,0,0,69,0.9981884057971014,0
6.20082,3,0,0,0.0,30.378167000890244,0.8007900032680482,30.402698001125827,0.20833333333333337,464,0,0,71,0.9727112676056338,0
6.23059,3,0,0,0.0,29.74764299870003,0.7896150018495973,29.76744799889275,0.20788530465949817,465,0,0,71,0.9753521126760564,0
6.26035,3,0,0,0.0,29.73899700009497,0.7663939977646805,29.761653997411486,0.20743919885550788,466,0,0,72,0.9644097222222222,0
6.29005,3,0,0,0.0,29.668169001524802,0.7818009980837815,29.68845999930636,0.20699500356887934,467,0,0,72,0.9670138888888888,0
6.32013,3,0,0,0.0,30.0467179986299,0.7851980008126702,30.07409999918309,0.20655270655270652,468,0,0,53,0.9716981132075472,0
6.35,2,0,0,0.0,29.841731000487925,0.7071340005495586,29.863940002542222,0.12153518123667373,469,0,0,53,0.9740566037735849,0
6.37965,2,0,0,0.0,29.626427000039257,0.6918830003996845,29.647647999809124,0.12127659574468086,470,0,0,53,0.9764150943396226,0
6.40862,2,0,0,0.0,28.940911000972847,0.6761359982192516,28.963034001208143,0.12101910828025475,471,0,0,53,0.9787735849056604,0
6.43879,2,0,0,0.0,30.14100699874689,0.6690869995509274,30.161311999108875,0.12076271186440679,472,0,0,53,0.9811320754716981,0
6.46834,2,0,0,0.0,29.525380999984918,0.6882490015414078,29.544785000325646,0.12050739957716705,473,0,0,53,0.9834905660377359,0
6.49789,2,0,0,0.0,29.526256999815814,0.6968369998503476,29.54577499986044,0.120253164556962,474,0,0,53,0.9858490566037735,0
6.52746,2,0,0,0.0,29.553984000813216,0.7133779981813859,29.574427997431485,0.12,475,0,0,53,0.9882075471698113,0
6.55701,2,0,0,0.0,29.51889800169738,0.7122140013962053,29.542152002250077,0.11974789915966388,476,0,0,53,0.9905660377358491,0
6.58681,2,0,0,0.0,29.77448599995114,0.7191680015239399,29.797761999361683,0.11949685534591192,477,0,0,53,0.9929245283018868,0
6.61663,2,0,0,0.0,29.787748000671854,0.7115099979273509,29.811868000251707,0.11924686192468614,478,0,0,53,0.9952830188679245,0
6.6459,2,0,0,0.0,29.24481100126286,0.705321002897108,29.267705998790916,0.11899791231732781,479,0,0,53,0.9976415094339622,0
6.67554,2,0,0,0.0,29.608495999127626,0.7399179994536098,29.63390500008245,0.11875000000000002,480,0,0,54,0.9814814814814815,0
6.70537,2,0,0,0.0,29.80726999885519,0.6896700033394154,29.831037998519605,0.11850311850311845,481,0,0,54,0.9837962962962963,0
6.73496,2,0,0,0.0,29.557324000052176,0.7014219991106074,29.58084399870131,0.1182572614107884,482,0,0,55,0.9681818181818181,0
6.76472,2,0,0,0.0,29.74022799753584,0.720538999303244,29.76318299988634,0.11801242236024845,483,0,0,55,0.9704545454545455,0
6.82066,3,1,476,25.621209999371786,30.27048099829699,0.8772920009505469,55.93517899978906,0.08402203856749313,484,0,0,85,0.9801470588235294,0
6.85058,3,0,0,0.0,29.874731997551862,0.8894990023691207,29.913588001363678,0.08384879725085914,485,0,0,85,0.9823529411764705,0
6.8807,3,0,0,0.0,30.091623000771506,0.8661960018798709,30.114313998637954,0.08367626886145407,486,0,0,85,0.9845588235294118,0
6.91016,3,0,0,0.0,29.429786998662166,0.8814899993012659,29.452460999891628,0.08350444900752907,487,0,0,85,0.986764705882353,0
6.94007,3,0,0,0.0,29.876772001443896,0.8791920008661691,29.90279200093937,0.08333333333333337,488,0,0,86,0.9774709302325582,0
6.96977,3,0,0,0.0,29.680837000341853,0.8886449977580924,29.701732000830816,0.08316291751874572,489,0,0,86,0.9796511627906976,0
6.99973,3,0,0,0.0,29.933343001175672,0.860281001223484,29.955565001728246,0.08299319727891152,490,0,0,86,0.9818313953488372,0
7.02929,3,0,0,0.0,29.537290000007488,0.8672139992995653,29.55723899867735,0.08282416836388318,491,0,0,86,0.9840116279069767,0
7.05883,3,0,0,0.0,29.50570499888272,0.8508899991284125,29.535360001318622,0.08265582655826553,492,0,0,86,0.9861918604651163,0
7.08845,3,0,0,0.0,29.591729999083327,0.8495740003127139,29.61327799857827,0.08248816768086542,493,0,0,86,0.9883720930232558,0
7.11828,3,0,0,0.0,29.81030899900361,0.8645429988973774,29.832775999238947,0.08232118758434548,494,0,0,86,0.9905523255813954,0
7.14747,3,0,0,0.0,29.16346500205691,0.8774529997026548,29.18401499846368,0.0821548821548822,495,0,0,86,0.9927325581395349,0
7.17721,3,0,0,0.0,29.710146998695564,0.8742600002733525,29.734193998592673,0.081989247311828,496,0,0,87,0.9834770114942529,0
7.20698,3,0,0,0.0,29.746685999270994,0.9289339977840427,29.76831699925242,0.08182427900737765,497,0,0,87,0.985632183908046,0
7.23697,3,0,0,0.0,29.958765000628773,0.887663998582866,29.985663000843488,0.0816599732262383,498,0,0,88,0.9765625,0
7.26689,3,0,0,0.0,29.88708400152973,0.8982230028777849,29.910605000623036,0.08149632598530399,499,0,0,88,0.9786931818181818,0
7.29702,3,0,0,0.0,30.09808999922825,0.8773369991104119,30.123410000669537,0.08133333333333337,500,0,0,88,0.9808238636363636,0
7.32728,3,0,0,0.0,30.2321250019304,0.9143499992205761,30.253583998273825,0.0811709913506321,501,0,0,88,0.9829545454545454,0
7.35745,3,0,0,0.0,30.14277199690696,0.8760240016272292,30.168874000082724,0.08100929614873842,502,0,0,88,0.9850852272727273,0
7.38698,3,0,0,0.0,29.497361996618565,0.9473780010011978,29.523899000196252,0.08084824387011269,503,0,0,88,0.9872159090909091,0
7.41707,3,0,0,0.0,30.054947001190158,0.9176470011880156,30.084262001764728,0.0806878306878307,504,0,0,89,0.9782303370786517,0
7.44965,3,0,0,0.0,32.543733999773394,0.9177530009765178,32.5723130008555,0.08052805280528053,505,0,0,89,0.9803370786516854,0
7.48894,3,0,0,0.0,39.25786500258255,1.126390001445543,39.28380100114737,0.08036890645586303,506,0,0,89,0.9824438202247191,0
7.52769,3,0,0,0.0,38.72423600114416,1.1072810011683032,38.74878699934925,0.08021038790269563,507,0,0,89,0.9845505617977528,0
7.558,3,0,0,0.0,30.280097998911515,0.9311699977843091,30.305320000479696,0.08005249343832022,508,0,0,89,0.9866573033707865,0
7.58817,3,0,0,0.0,30.138047997752437,0.9426870019524358,30.16316499997629,0.0798952193844139,509,0,0,89,0.9887640449438202,0
7.61824,3,0,0,0.0,30.033053997613024,0.9153359969786834,30.063353002333315,0.07973856209150332,510,0,0,64,0.990234375,0
7.64779,2,0,0,0.0,29.527299000619678,0.751007999497233,29.55268300138414,0.007827788649706457,511,0,0,64,0.9921875,0
7.67756,2,0,0,0.0,29.73689799910062,0.8110830021905713,29.777486000966746,0.0078125,512,0,0,65,0.9788461538461538,0
7.70729,2,0,0,0.0,29.68204200078617,0.7827970002836082,29.71370899831527,0.007797270955165692,513,0,0,65,0.9807692307692307,0
7.74209,2,0,0,0.0,34.77510800075834,0.7871329980844166,34.796687999914866,0.0077821011673151474,514,0,0,65,0.9826923076923076,0
7.77202,2,0,0,0.0,29.898664997745072,0.7805909990565851,29.921507000835845,0.007766990291262155,515,0,0,65,0.9846153846153847,0
7.8019,2,0,0,0.0,29.853453997930046,0.7749699980195146,29.875874999561347,0.007751937984496138,516,0,0,65,0.9865384615384616,0
7.83169,2,0,0,0.0,29.762240999843925,0.7579529992653988,29.781496999930823,0.007736943907156624,517,0,0,65,0.9884615384615385,0
7.86152,2,0,0,0.0,29.80584800025099,0.7454650003637653,29.827608002960915,0.007722007722007707,518,0,0,65,0.9903846153846154,0
7.8907,2,0,0,0.0,29.157246000977466,0.7829300011508167,29.179117002058774,0.0077071290944122905,519,0,0,65,0.9923076923076923,0
7.92045,2,0,0,0.0,29.717377001361456,0.7583070000691805,29.749297002126696,0.007692307692307665,520,0,0,33,0.9715909090909091,0
7.94527,1,0,0,0.0,24.79071999914595,0.5782759981229901,24.809995000396157,0.0,513,0,0,33,0.9734848484848485,0
7.96995,1,0,0,0.0,24.66123199701542,0.5874089983990416,24.681576000148198,0.0,514,0,0,33,0.9753787878787878,0
7.99452,1,0,0,0.0,24.5482809987152,0.5679200003214646,24.568189001001883,0.0,515,0,0,33,0.9772727272727273,0
8.01926,1,0,0,0.0,24.712940001336392,0.5731130004278384,24.732797999604372,0.0,516,0,0,33,0.9791666666666666,0
8.04393,1,0,0,0.0,24.64641700134962,0.5737480023526587,24.66441399883479,0.0,517,0,0,33,0.9810606060606061,0
8.06871,1,0,0,0.0,24.757710998528637,0.6249010002647992,24.77947499937727,0.0,518,0,0,33,0.9829545454545454,0
8.09288,1,0,0,0.0,24.146779996954137,0.5628649996651802,24.1672699994524,0.0,519,0,0,33,0.9848484848484849,0
8.11758,1,0,0,0.0,24.655949000589317,0.5605049991572741,24.69557100266684,0.0,520,0,0,33,0.9867424242424242,0
8.14243,1,0,0,0.0,24.82554100060952,0.5875200004084036,24.846312000590842,0.0,521,0,0,33,0.9886363636363636,0
8.16682,1,0,0,0.0,24.35897000032128,0.5887749975954648,24.381002000154695,0.0,522,0,0,33,0.990530303030303,0
8.19109,1,0,0,0.0,24.24411600077292,0.5816789998789318,24.265628002467565,0.0,523,0,0,33,0.9924242424242424,0
8.21551,1,0,0,0.0,24.39671100000851,0.5934459986747243,24.418357999820728,0.0,524,0,0,33,0.9943181818181818,0
8.23997,1,0,0,0.0,24.434730999928433,0.5886289982299786,24.454313999740407,0.0,525,0,0,33,0.9962121212121212,0
8.26425,1,0,0,0.0,24.25304300049902,0.5902660013816785,24.273017999803415,0.0,526,0,0,33,0.9981060606060606,0
8.2886,1,0,0,0.0,24.325005000719102,0.5946849996689707,24.34644100139849,0.0,527,0,0,33,1.0,0
8.31308,1,0,0,0.0,24.43802099878667,0.5673590021615382,24.46244600287173,0.0,528,0,0,34,0.9724264705882353,0
8.33768,1,0,0,0.0,24.571734997152817,0.5994980019750074,24.592278998170514,0.0,529,0,0,34,0.9742647058823529,0
8.36237,1,0,0,0.0,24.67041199997766,0.6218050002644304,24.691661998076597,0.0,530,0,0,34,0.9761029411764706,0
8.38685,1,0,0,0.0,24.449349999486003,0.6080269995436538,24.471093998727156,0.0,531,0,0,34,0.9779411764705882,0
8.41121,1,0,0,0.0,24.335021000297274,0.587661997997202,24.35572999820579,0.0,532,0,0,34,0.9797794117647058,0
8.47244,3,2,687,31.70402700197883,29.477676998794777,0.8580140020058025,61.22930100173107,0.2370231394621638,533,0,0,78,0.9799679487179487,0
8.50249,3,0,0,0.0,30.024469997442793,0.8483140009047929,30.0494510011049,0.23657927590511862,534,0,0,78,0.9823717948717948,0
8.53852,3,0,0,0.0,35.99902299902169,0.9277640019718092,36.02433400010341,0.23613707165109032,535,0,0,78,0.9847756410256411,0
8.57267,3,0,0,0.0,34.117746999982046,1.0955760008073412,34.1421220000484,0.2356965174129353,536,0,0,78,0.9871794871794872,0
8.60275,3,0,0,0.0,30.055413997615688,0.8824619981169235,30.07997299937415,0.2352576039726878,537,0,0,78,0.9895833333333334,0
8.63275,3,0,0,0.0,29.97084399976302,0.8531109997420572,29.996681998454733,0.23482032218091697,538,0,0,79,0.9794303797468354,0
8.66264,3,0,0,0.0,29.858648998924764,0.8927390008466318,29.884408999350853,0.2343846629560915,539,0,0,79,0.9818037974683544,0
8.6924,3,0,0,0.0,29.726553002547007,0.8410900009039324,29.750835998129332,0.2339506172839506,540,0,0,79,0.9841772151898734,0
8.72231,3,0,0,0.0,29.882214999815915,0.8758269977988675,29.908239001088077,0.2335181762168823,541,0,0,79,0.9865506329113924,0
8.75227,3,0,0,0.0,29.928853000456,0.8619520012871362,29.953039000247372,0.23308733087330868,542,0,0,79,0.9889240506329114,0
8.78144,3,0,0,0.0,29.144562999135815,0.8605879993410781,29.170108999096556,0.23265807243707792,543,0,0,79,0.9912974683544303,0
8.81207,3,0,0,0.0,30.596906999562634,0.8757579998928122,30.62628699990455,0.2322303921568627,544,0,0,80,0.98125,0
8.84227,3,0,0,0.0,30.164228999638,0.8890299977792893,30.19096299976809,0.23180428134556574,545,0,0,81,0.9714506172839507,0
8.87244,3,0,0,0.0,30.140089002088644,0.9117360023083165,30.165176998707466,0.23137973137973133,546,0,0,81,0.9737654320987654,0
8.90277,3,0,0,0.0,30.302910003229044,0.9033880014612805,30.329558001540136,0.23095673369896408,547,0,0,81,0.9760802469135802,0
8.93313,3,0,0,0.0,30.322538001200883,0.8822010022413451,30.346872001246084,0.23053527980535282,548,0,0,81,0.9783950617283951,0
8.9635,3,0,0,0.0,30.34536300037871,0.9085809979296755,30.38748800099711,0.23011536126290222,549,0,0,81,0.9807098765432098,0
8.99408,3,0,0,0.0,30.536365000443766,0.9207319999404717,30.561637002392672,0.22969696969696973,550,0,0,81,0.9830246913580247,0
9.02362,3,0,0,0.0,29.506973001844017,0.8976030003395863,29.53363599954173,0.22928009679370842,551,0,0,81,0.9853395061728395,0
9.0539,3,0,0,0.0,30.243592002079822,0.8779329982644413,30.2693689991429,0.22886473429951693,552,0,0,81,0.9876543209876543,0
9.08407,3,0,0,0.0,30.139547001454048,0.8954290024121292,30.164638999849558,0.22845087402049424,553,0,0,81,0.9899691358024691,0
9.1142,3,0,0,0.0,30.104358000244247,0.896581001143204,30.132675001368625,0.22803850782190127,554,0,0,82,0.9801829268292683,0
9.14454,3,0,0,0.0,30.30973600107245,0.8945539993874263,30.335660001583165,0.22762762762762767,555,0,0,82,0.9824695121951219,0
9.17468,3,0,0,0.0,30.111613999906695,0.8848139987094328,30.1376679999521,0.2272182254196643,556,0,0,82,0.9847560975609756,0
9.20502,3,0,0,0.0,30.30374800073332,0.8978139994724188,30.3291980017093,0.22681029323758228,557,0,0,82,0.9870426829268293,0
9.23527,3,0,0,0.0,30.220538999856217,0.9003890008898452,30.244546996982535,0.22640382317801677,558,0,0,82,0.989329268292683,0
9.26476,3,0,0,0.0,29.46454300035839,0.9348200001113582,29.490005999832647,0.22599880739415623,559,0,0,82,0.9916158536585366,0
9.29493,3,0,0,0.0,30.138735000946326,0.9139899993897416,30.166786000336288,0.22559523809523807,560,0,0,83,0.9819277108433735,0
9.32534,3,0,0,0.0,30.37010200205259,0.9024479986692313,30.39795700169634,0.2251931075460487,561,0,0,84,0.9724702380952381,0
9.35563,3,0,0,0.0,30.266866000602022,0.902841999049997,30.293149000499398,0.22479240806642942,562,0,0,84,0.9747023809523809,0
9.38574,3,0,0,0.0,30.07902899844339,0.8775290007179137,30.105682999419514,0.22439313203078748,563,0,0,84,0.9769345238095238,0
9.41579,3,0,0,0.0,30.01727299852064,0.8915100006561261,30.043670998566085,0.22399527186761226,564,0,0,84,0.9791666666666666,0
9.4463,3,0,0,0.0,30.478718999802368,0.8947739988798276,30.506504997902084,0.223598820058997,565,0,0,84,0.9813988095238095,0
9.47647,3,0,0,0.0,30.138705998979276,0.9133499988820404,30.16365300209145,0.22320376914016493,566,0,0,84,0.9836309523809523,0
9.50613,3,0,0,0.0,29.62328500143485,0.9231730000465177,29.64826099923812,0.22281011169900056,567,0,0,84,0.9858630952380952,0
9.53642,3,0,0,0.0,30.24982699935208,0.9201120010402519,30.273494998255046,0.22241784037558687,568,0,0,84,0.9880952380952381,0
9.56659,3,0,0,0.0,30.125197998131625,0.9356240007036831,30.163779003487434,0.2220269478617457,569,0,0,84,0.9903273809523809,0
9.62354,4,1,289,26.406143999338383,30.49657399969874,1.107067997509148,56.95364499842981,0.2894736842105263,570,0,0,104,0.9759615384615384,0
9.67983,5,1,120,25.816397999733454,30.405173001781804,1.2342800000624266,56.28158900071867,0.38914185639229426,571,0,0,112,0.9760044642857143,0
9.71022,5,0,0,0.0,30.360690998350037,1.223937997565372,30.387556998903165,0.3884615384615384,572,0,0,112,0.9787946428571429,0
9.74046,5,0,0,0.0,30.209887998353224,1.204478001454845,30.231453998567304,0.3877835951134381,573,0,0,112,0.9815848214285714,0
9.77064,5,0,0,0.0,30.151015998853836,1.2011150029138662,30.177718999766512,0.3871080139372822,574,0,0,112,0.984375,0
9.80024,5,0,0,0.0,29.571399001724785,1.1903010017704219,29.59509999709553,0.3864347826086957,575,0,0,112,0.9871651785714286,0
9.8306,5,0,0,0.0,30.332499998621643,1.2024190000374801,30.3596989979269,0.3857638888888889,576,0,0,113,0.9811946902654868,0
9.86082,5,0,0,0.0,30.186858999513788,1.1978170005022548,30.215555998438504,0.3850953206239168,577,0,0,114,0.975328947368421,0
9.89119,5,0,0,0.0,30.336132997035747,1.214206000440754,30.36201400027494,0.38442906574394464,578,0,0,114,0.9780701754385965,0
9.92175,5,0,0,0.0,30.525026999384863,1.232165999681456,30.55372999733663,0.38376511226252163,579,0,0,115,0.9722826086956522,0
9.95229,5,0,0,0.0,30.51221900022938,1.2276870002096985,30.536537000443786,0.38310344827586207,580,0,0,115,0.975,0
9.98249,5,0,0,0.0,30.177062999428017,1.2322299990046304,30.201593002857408,0.3824440619621342,581,0,0,115,0.9777173913043479,0
10.0129,5,0,0,0.0,30.37024900186225,1.2080540000170004,30.405081000935752,0.381786941580756,582,0,0,115,0.9804347826086957,0
10.04261,5,0,0,0.0,29.67844500017236,1.2302809991524555,29.701398001634516,0.38113207547169814,583,0,0,115,0.9831521739130434,0
10.07268,5,0,0,0.0,30.039825000130804,1.2177460012026131,30.063352001889143,0.3804794520547945,584,0,0,115,0.9858695652173913,0
10.10281,5,0,0,0.0,30.10342899870011,1.2337040025158785,30.129487000522204,0.3798290598290598,585,0,0,116,0.9800646551724138,0
10.13336,5,0,0,0.0,30.515403999743285,1.2500339980761055,30.54114699989441,0.3791808873720136,586,0,0,117,0.9743589743589743,0
10.18982,6,1,82,25.785271001950605,30.62837199831847,1.3865000000805594,56.459114002791466,0.45883021010789327,587,0,0,123,0.9715447154471545,0
10.2204,6,0,0,0.0,30.548575003194856,1.378128999931505,30.575546999898506,0.4580498866213152,588,0,0,123,0.9745934959349594,0
10.25092,6,0,0,0.0,30.494320999423508,1.360436999675585,30.51945200058981,0.4572722127900396,589,0,0,123,0.9776422764227642,0
10.28142,6,0,0,0.0,30.464570001640823,1.3550680014304817,30.489868000586284,0.4564971751412429,590,0,0,123,0.9806910569105691,0
10.31128,6,0,0,0.0,29.829301001882413,1.3604959967778996,29.85421899938956,0.45572476029328823,591,0,0,123,0.983739837398374,0
10.34188,6,0,0,0.0,30.575592998502543,1.3755879990640096,30.601878999732435,0.45495495495495497,592,0,0,124,0.9788306451612904,0
10.37235,6,0,0,0.0,30.432425999606494,1.3819899977534078,30.462108999927295,0.4541877459246768,593,0,0,125,0.974,0
10.40282,6,0,0,0.0,30.44073099954403,1.3715180029976182,30.468635999568505,0.4534231200897868,594,0,0,125,0.977,0
10.43353,6,0,0,0.0,30.66683799988823,1.371459999063518,30.703101998369675,0.45266106442577025,595,0,0,126,0.9722222222222222,0
10.46408,6,0,0,0.0,30.521615997713525,1.3485010022122879,30.546740999852773,0.4519015659955258,596,0,0,126,0.9751984126984127,0
10.49443,6,0,0,0.0,30.326083997351816,1.3660139993589837,30.35073399951216,0.4511446119486321,597,0,0,126,0.9781746031746031,0
10.52543,6,0,0,0.0,30.967622999014566,1.365890999295516,30.994333999842638,0.45039018952062426,598,0,0,126,0.9811507936507936,0
10.55569,6,0,0,0.0,30.23206299985759,1.3892019997001626,30.256527999881655,0.44963828603227607,599,0,0,126,0.9841269841269841,0
10.61195,7,1,52,25.400284997886047,30.80896899700747,1.499496000178624,56.25720799798728,0.5152380952380953,600,0,0,130,0.9822115384615384,0
10.64282,7,0,0,0.0,30.832522999844514,1.4845289988443255,30.859817001328338,0.5143807939149037,601,0,0,132,0.9706439393939394,0
10.67344,7,0,0,0.0,30.58912299820804,1.5051910013426095,30.616675998317078,0.5135263407688657,602,0,0,133,0.9666353383458647,0
10.70408,7,0,0,0.0,30.613710998295574,1.4922650007065386,30.637569001555676,0.5126747216299454,603,0,0,133,0.9699248120300752,0
10.73527,7,0,0,0.0,31.162003997451393,1.6490900015924126,31.185925003228476,0.5118259224219489,604,0,0,133,0.9732142857142857,0
10.76579,7,0,0,0.0,30.48967499853461,1.4904039999237284,30.513727997458773,0.5109799291617474,605,0,0,133,0.9765037593984962,0
10.79649,7,0,0,0.0,30.66763999959221,1.504752999608172,30.694451001181733,0.5101367279585101,606,0,0,133,0.9797932330827067,0
10.82687,7,0,0,0.0,30.351635003171396,1.5297580030164681,30.37840400065761,0.5092963050129442,607,0,0,133,0.9830827067669173,0
10.85818,7,0,0,0.0,31.276162000722252,1.5496300002268981,31.30567599873757,0.5084586466165413,608,0,0,134,0.9790111940298507,0
10.88944,7,0,0,0.0,31.225993003317853,1.5363649981736671,31.25631199873169,0.5076237391508327,609,0,0,135,0.975,0
10.92062,7,0,0,0.0,31.14535599888768,1.5170869992289227,31.174445000942796,0.5067915690866511,610,0,0,135,0.9782407407407407,0
10.95178,7,0,0,0.0,31.12112700182479,1.507310000306461,31.150082002568524,0.5059621229833996,611,0,0,136,0.9742647058823529,0
10.98287,7,0,0,0.0,31.0489809999126,1.5431250030815136,31.08002700173529,0.5051353874883286,612,0,0,137,0.9703467153284672,0
11.01412,7,0,0,0.0,31.210858000122244,1.5965560014592484,31.23859200059087,0.5043113493358191,613,0,0,137,0.9735401459854015,0
11.04526,7,0,0,0.0,31.114921999687795,1.5454140011570416,31.140290000621462,0.5034899953466729,614,0,0,137,0.9767335766423357,0
11.0755,7,0,0,0.0,30.21030499803601,1.5432879990839865,30.239266001444776,0.50267131242741,615,0,0,137,0.9799270072992701,0
11.10648,7,0,0,0.0,30.93951300252229,1.538920998427784,30.969294002716197,0.5018552875695732,616,0,0,137,0.9831204379562044,0
11.13778,7,0,0,0.0,31.265637000615243,1.6236289993685205,31.294347998482408,0.5010419078490391,617,0,0,139,0.9721223021582733,0
11.16871,7,0,0,0.0,30.893986000592122,1.5655640017939731,30.922952999389963,0.5002311604253351,618,0,0,140,0.9683035714285714,0
11.19966,7,0,0,0.0,30.9068099995784,1.5375630027847365,30.951123000704683,0.49942303254096465,619,0,0,118,0.9729872881355932,0
11.23083,6,0,0,0.0,31.13570300047286,1.3646920015162323,31.16317699823412,0.5061827956989247,620,0,0,118,0.9761652542372882,0
11.26172,6,0,0,0.0,30.859634000080405,1.3593340008810628,30.885202999343164,0.5053676865271068,621,0,0,118,0.979343220338983,0
11.29226,6,0,0,0.0,30.508010000630748,1.3587369976448826,30.534704997990048,0.5045551982851018,622,0,0,118,0.982521186440678,0
11.32231,6,0,0,0.0,30.0185150008474,1.353805997496238,30.04324900030042,0.5037453183520599,623,0,0,118,0.9856991525423728,0
11.35324,6,0,0,0.0,30.896325999492547,1.3251050004328135,30.92128599746502,0.5029380341880342,624,0,0,119,0.9805672268907563,0
11.38426,6,0,0,0.0,30.99075199861545,1.3422650008578785,31.017655001051025,0.5021333333333333,625,0,0,120,0.9755208333333333,0
11.41473,6,0,0,0.0,30.44565000163857,1.3476519998221193,30.468842000118457,0.5013312034078807,626,0,0,120,0.9786458333333333,0
11.44549,6,0,0,0.0,30.726480999874184,1.3747209995926823,30.75136600091355,0.5005316321105795,627,0,0,121,0.9736570247933884,0
11.4758,6,0,0,0.0,30.281065999588463,1.3904749976063613,30.30798799954937,0.4997346072186837,628,0,0,122,0.96875,0
11.50603,6,0,0,0.0,30.208853997464757,1.355897999019362,30.231382999772904,0.4989401165871754,629,0,0,122,0.9718237704918032,0
11.53638,6,0,0,0.0,30.31701200234238,1.3474830011546146,30.338728000060655,0.4981481481481481,630,0,0,122,0.9748975409836066,0
11.56595,6,0,0,0.0,29.54460999899311,1.360207999823615,29.567978999693878,0.4973586899101955,631,0,0,122,0.9779713114754098,0
11.59611,6,0,0,0.0,30.140609000227414,1.349376998405205,30.163927000103286,0.49657172995780585,632,0,0,122,0.9810450819672131,0
11.62634,6,0,0,0.0,30.190737001248635,1.3492420002876315,30.21776400055387,0.4957872564507636,633,0,0,123,0.9761178861788617,0
11.65683,6,0,0,0.0,30.46149099827744,1.355020001938101,30.48841499912669,0.4950052576235542,634,0,0,124,0.9712701612903226,0
11.68701,6,0,0,0.0,30.153124997013947,1.3617869990412146,30.17578200160642,0.49422572178477686,635,0,0,124,0.9742943548387096,0
11.71721,6,0,0,0.0,30.170615002134582,1.3563139982579742,30.203982001694385,0.49344863731656186,636,0,0,124,0.9773185483870968,0
11.74742,6,0,0,0.0,30.177936001564376,1.3605589992948808,30.199387998436578,0.4926739926739927,637,0,0,124,0.9803427419354839,0
11.7778,6,0,0,0.0,30.339042998093646,1.3730469981965143,30.371310996997636,0.491901776384535,638,0,0,115,0.9875,0
11.80781,5,0,0,0.0,29.985150998982135,1.2640940003620926,30.00819000226329,0.4312989045383412,639,0,0,115,0.9902173913043478,0
11.83864,5,0,0,0.0,30.801615001109894,1.299769999604905,30.8283800004574,0.43062500000000004,640,0,0,116,0.984375,0
11.86916,5,0,0,0.0,30.491500998323318,1.2409810005920008,30.520128002535785,0.4299531981279251,641,0,0,117,0.9786324786324786,0
11.89992,5,0,0,0.0,30.73029100050917,1.253331000043545,30.754168998100795,0.4292834890965732,642,0,0,117,0.9813034188034188,0
11.93029,5,0,0,0.0,30.336996998812538,1.242233000084525,30.36398900076165,0.4286158631415241,643,0,0,118,0.975635593220339,0
11.96076,5,0,0,0.0,30.436993001785595,1.2305480013310444,30.464275001577334,0.42795031055900623,644,0,0,119,0.970063025210084,0
11.99107,5,0,0,0.0,30.27843599920743,1.2847930011048447,30.30197199768736,0.4272868217054263,645,0,0,119,0.9726890756302521,0
12.02134,5,0,0,0.0,30.24356699825148,1.2480769983085338,30.266352001490304,0.426625386996904,646,0,0,119,0.9753151260504201,0
12.05096,5,0,0,0.0,29.599477998999646,1.2472800008254126,29.62244499940425,0.4259659969088099,647,0,0,119,0.9779411764705882,0
12.08124,5,0,0,0.0,30.24979900146718,1.2550930005090777,30.275502998847514,0.4253086419753086,648,0,0,119,0.9805672268907563,0
12.11154,5,0,0,0.0,30.271976997028105,1.255123999726493,30.295056003524223,0.42465331278890606,649,0,0,119,0.9831932773109243,0
12.16849,6,1,283,26.286977001291234,30.596787000831682,1.4712299998791423,56.944645002658945,0.4474358974358974,650,0,0,138,0.978713768115942,0
12.19909,6,0,0,0.0,30.571463001251686,1.4563479999196716,30.597807999583893,0.44674859190988225,651,0,0,138,0.9814311594202898,0
12.23027,6,0,0,0.0,31.145005999860587,1.4602789997297805,31.17270899747382,0.4460633946830266,652,0,0,138,0.9841485507246377,0
12.26169,6,0,0,0.0,31.38764200048172,1.4503620004688855,31.411748997925315,0.4453802960694232,653,0,0,138,0.9868659420289855,0
12.29209,6,0,0,0.0,30.377440998563543,1.4533519970427733,30.398941002204083,0.44469928644240575,654,0,0,138,0.9895833333333334,0
12.34881,7,1,138,26.478751002287026,30.189977998816175,1.5880520004429854,56.71052099933149,0.4933478735005452,655,0,0,148,0.9839527027027027,0
12.38118,7,0,0,0.0,32.34061900002416,1.5996110014384612,32.36833499977365,0.492595818815331,656,0,0,149,0.9802852348993288,0
12.4119,7,0,0,0.0,30.692327996803215,1.6040970003814436,30.71833500143839,0.4918460534898891,657,0,0,150,0.9766666666666667,0
12.44297,7,0,0,0.0,31.043323000631062,1.579911997396266,31.066121999174356,0.491098567086409,658,0,0,150,0.9795833333333334,0
12.50038,8,1,577,26.506273999984842,30.85454499887419,1.8593130007502623,57.407513002544874,0.4446130500758725,659,0,0,188,0.976063829787234,0
12.53127,8,0,0,0.0,30.847410002024844,1.8590120016597211,30.873908999637933,0.44393939393939397,660,0,0,189,0.9735449735449735,0
12.56261,8,0,0,0.0,31.310823000239907,1.851774999522604,31.3405069973669,0.443267776096823,661,0,0,190,0.9710526315789474,0
12.59369,8,0,0,0.0,31.051720998220844,1.8707819981500506,31.07613500105799,0.4425981873111783,662,0,0,190,0.9736842105263158,0
12.62392,8,0,0,0.0,30.201754001609515,1.867706003395142,30.226497998228297,0.4419306184012066,663,0,0,190,0.9763157894736842,0
12.65504,8,0,0,0.0,31.088480998732848,1.8612900021253154,31.111607000639196,0.4412650602409639,664,0,0,190,0.9789473684210527,0
12.68975,8,0,0,0.0,34.68318399973214,1.8860640011553187,34.70992199800094,0.44060150375939855,665,0,0,190,0.9815789473684211,0
12.72179,8,0,0,0.0,32.00414099774207,1.9784159994742367,32.03043200119282,0.43993993993993996,666,0,0,191,0.9790575916230366,0
12.75261,8,0,0,0.0,30.798841999057913,1.8189590009569656,30.821690997981932,0.43928035982008995,667,0,0,191,0.981675392670157,0
12.78428,8,0,0,0.0,31.640060999052366,2.0225660009600688,31.66849899935187,0.43862275449101795,668,0,0,191,0.9842931937172775,0
12.81563,8,0,0,0.0,31.315132000599988,1.9071999995503575,31.346333998953924,0.4379671150971599,669,0,0,191,0.9869109947643979,0
12.84717,8,0,0,0.0,31.503805999818724,1.9115209979645442,31.537067003228003,0.4373134328358209,670,0,0,149,0.986996644295302,0
12.87793,7,0,0,0.0,30.728923000424402,1.5164469987212215,30.756752003071597,0.44530881659594534,606,0,0,150,0.9833333333333333,0
12.90806,7,0,0,0.0,30.09990699865739,1.5358569980890024,30.12429899899871,0.4445751941633326,607,0,0,150,0.98625,0
12.93874,7,0,0,0.0,30.645188002381474,1.5138709968596231,30.67013600229984,0.44384398496240607,608,0,0,151,0.9826158940397351,0
12.96976,7,0,0,0.0,30.991903000540333,1.5227000003505964,31.020091999380384,0.4431151771053249,609,0,0,152,0.9790296052631579,0
13.00047,7,0,0,0.0,30.67700999963563,1.5192409991868772,30.70682600082364,0.4423887587822014,610,0,0,153,0.9754901960784313,0
13.031,7,0,0,0.0,30.4971330006083,1.525572999526048,30.52586600097129,0.44166471826046294,611,0,0,154,0.9719967532467533,0
13.06213,7,0,0,0.0,31.096925999008818,1.5174200016190298,31.123205997573677,0.44094304388422034,612,0,0,155,0.9685483870967742,0
13.09261,7,0,0,0.0,30.45051300068735,1.5264390021911822,30.473578997771256,0.4402237240736425,613,0,0,155,0.9713709677419354,0
13.12349,7,0,0,0.0,30.8559859986417,1.762055002473062,30.8806060020288,0.4395067473243369,614,0,0,155,0.9741935483870968,0
13.15361,7,0,0,0.0,30.079440999543294,1.5324289997806773,30.110469000646845,0.43879210220673637,615,0,0,140,0.9790178571428572,0
13.18419,6,0,0,0.0,30.548244998499285,1.3836789985361975,30.581168000935577,0.4066558441558441,616,0,0,131,0.9852099236641222,0
13.2148,5,0,0,0.0,30.580962000385625,1.2703450011031236,30.607889999373583,0.3306320907617504,617,0,0,132,0.9801136363636364,0
13.27651,7,2,246,30.369772000995,31.27567499905126,1.5708430000813678,61.70330500026466,0.4646324549237171,618,0,0,149,0.9744127516778524,0
13.33368,8,1,277,26.203257002634928,30.92051400017226,1.7268769988731947,57.16872599805356,0.47495961227786754,619,0,0,167,0.9760479041916168,0
13.36481,8,0,0,0.0,31.08284200061462,1.6900669979804661,31.12202400006936,0.4741935483870968,620,0,0,143,0.9807692307692307,0
13.39572,7,0,0,0.0,30.880264999723295,1.5144820026762318,30.906140000297455,0.48378191856452724,621,0,0,143,0.9838286713286714,0
13.42629,7,0,0,0.0,30.541236999852117,1.5136200017877854,30.567879999580327,0.483004134129536,622,0,0,144,0.9800347222222222,0
13.45619,7,0,0,0.0,29.863627001759596,1.4848589999019168,29.886870997870574,0.4822288465948177,623,0,0,144,0.9830729166666666,0
13.48659,7,0,0,0.0,30.379503998119617,1.5007990004960448,30.40577600040706,0.4814560439560439,624,0,0,145,0.9793103448275862,0
13.51693,7,0,0,0.0,30.30426199984504,1.4905179996276274,30.33101099936175,0.48068571428571427,625,0,0,146,0.9755993150684932,0
13.54727,7,0,0,0.0,30.313358001876622,1.493397998274304,30.33641200090642,0.47991784573254226,626,0,0,146,0.978595890410959,0
13.57756,7,0,0,0.0,30.26070999840158,1.4925740033504553,30.300138001621235,0.47915242652084755,627,0,0,146,0.9815924657534246,0
13.60801,7,0,0,0.0,30.40067700203508,1.550548000523122,30.427880999923218,0.4783894449499545,628,0,0,147,0.9778911564625851,0
13.63864,7,0,0,0.0,30.602843002270674,1.4976589991420042,30.629802000476047,0.47762888939359527,629,0,0,147,0.9808673469387755,0
13.67068,7,0,0,0.0,32.01300200089463,1.517869000963401,32.04198900129995,0.47687074829931975,630,0,0,148,0.9771959459459459,0
13.70199,7,0,0,0.0,31.269248996977694,1.541089000966167,31.298467998567503,0.47611501018791036,631,0,0,150,0.9670833333333333,0
13.7328,7,0,0,0.0,30.781978002778487,1.564389000122901,30.808865998551482,0.47536166365280286,632,0,0,150,0.97,0
13.76361,7,0,0,0.0,30.783797999902163,1.5231199977279175,30.80820600007428,0.47461069735951256,633,0,0,150,0.9729166666666667,0
13.79413,7,0,0,0.0,30.49188400109415,1.5263099994626828,30.516833998262882,0.47386210004506535,634,0,0,150,0.9758333333333333,0
13.85091,8,1,121,25.779726001928793,30.943637000746094,1.6549930005567148,56.76489699908416,0.5151574803149606,635,0,0,158,0.9774525316455697,0
13.88188,8,0,0,0.0,30.94253699964611,1.6584110016992781,30.967942999268416,0.5143474842767295,636,0,0,158,0.9806170886075949,0
13.91274,8,0,0,0.0,30.830690000584582,1.6955640021478757,30.85533699777443,0.5135400313971743,637,0,0,158,0.9837816455696202,0
13.94364,8,0,0,0.0,30.86902200084296,1.6525270002603065,30.896714997652452,0.5127351097178683,638,0,0,159,0.9807389937106918,0
13.97392,8,0,0,0.0,30.24773200013442,1.6765849977673497,30.274352997366805,0.5119327073552425,639,0,0,159,0.9838836477987422,0
14.00493,8,0,0,0.0,30.98442000191426,1.6928639997786377,31.01582000090275,0.5111328125,640,0,0,160,0.980859375,0
14.03598,8,0,0,0.0,31.012863000796642,1.7101470002671704,31.04357999836793,0.5103354134165367,641,0,0,161,0.9778726708074534,0
14.06691,8,0,0,0.0,30.887117001839215,1.6877119996934198,30.91617199970642,0.5095404984423676,642,0,0,162,0.9749228395061729,0
14.09754,8,0,0,0.0,30.60679499685648,1.66837399956421,30.631719000666635,0.5087480559875583,643,0,0,162,0.9780092592592593,0
14.12843,8,0,0,0.0,30.847940000967355,1.6944210001383908,30.891397000232246,0.5079580745341614,644,0,0,163,0.9750766871165644,0
14.15946,8,0,0,0.0,30.988362999778474,1.7056690012395848,31.01541499927407,0.507170542635659,645,0,0,163,0.9781441717791411,0
14.1903,8,0,0,0.0,30.817183000181103,1.7257670006074477,30.846149998978944,0.5063854489164087,646,0,0,164,0.9752286585365854,0
14.2512,9,1,43,30.14668200194137,30.7023269997444,1.8442429973219987,60.8919699989201,0.5531512965825176,647,0,0,169,0.9656065088757396,0
14.28215,9,0,0,0.0,30.90593700108002,1.7971110028156545,30.9329580013582,0.5522976680384089,648,0,0,169,0.9689349112426036,0
14.31342,9,0,0,0.0,31.24574899993604,1.8370839970884845,31.273577002139064,0.5514466700907379,649,0,0,169,0.9722633136094675,0
14.34432,9,0,0,0.0,30.865126002026955,1.8046290024358314,30.889251000189688,0.5505982905982906,650,0,0,169,0.9755917159763313,0
14.37545,9,0,0,0.0,31.093474000954302,1.7996099995798431,31.121041996811982,0.549752517494453,651,0,0,169,0.9789201183431953,0
14.4067,9,0,0,0.0,31.218463998811785,1.8464889981260058,31.247020997398067,0.5489093387866394,652,0,0,170,0.9764705882352941,0
14.43801,9,0,0,0.0,31.275247001758544,1.8087219978042413,31.303038998885313,0.5480687425557257,653,0,0,170,0.9797794117647058,0
14.46945,9,0,0,0.0,31.398956998600625,1.8621620001795236,31.436889999895357,0.5472307169554875,654,0,0,157,0.9785031847133758,0
14.49994,8,0,0,0.0,30.464325998764252,1.739825002005091,30.4899699985981,0.5309160305343512,655,0,0,157,0.981687898089172,0
14.53129,8,0,0,0.0,31.312343002355192,1.6751129987824243,31.34145999865723,0.5301067073170731,656,0,0,158,0.9786392405063291,0
14.56242,8,0,0,0.0,31.09677999964333,1.6693179968569893,31.12506300021778,0.5292998477929984,657,0,0,159,0.97562893081761,0
14.59362,8,0,0,0.0,31.164124000497395,1.720989999739686,31.192950998956803,0.5284954407294833,658,0,0,160,0.97265625,0
14.6244,8,0,0,0.0,30.74959099831176,1.774029999069171,30.775466999330092,0.5276934749620638,659,0,0,160,0.97578125,0
14.65558,8,0,0,0.0,31.137321999267442,1.6761010010668542,31.17845500310068,0.5268939393939394,660,0,0,161,0.9728260869565217,0
14.68624,8,0,0,0.0,30.628339998656884,1.7088770000555087,30.65470500223455,0.5260968229954615,661,0,0,161,0.9759316770186336,0
14.71711,8,0,0,0.0,30.843861000903416,1.680384997598594,30.871906001266325,0.5253021148036254,662,0,0,162,0.9729938271604939,0
14.74747,8,0,0,0.0,30.323602000862593,1.7234410006494727,30.34902699801023,0.5245098039215687,663,0,0,163,0.9700920245398773,0
14.77816,8,0,0,0.0,30.670000000100117,1.684728998952778,30.694696000864496,0.5237198795180723,664,0,0,163,0.973159509202454,0
14.80883,8,0,0,0.0,30.633884001872502,1.703224999801023,30.6585600010294,0.5229323308270677,665,0,0,163,0.9762269938650306,0
14.8395,8,0,0,0.0,30.638808999356115,1.684995000687195,30.66582600149559,0.5221471471471472,666,0,0,163,0.9792944785276073,0
14.87055,8,0,0,0.0,31.018460998893715,1.7139150004368275,31.04491600242909,0.5213643178410794,667,0,0,163,0.9823619631901841,0
14.90147,8,0,0,0.0,30.872826999257086,1.710700998955872,30.916566000087187,0.5205838323353293,668,0,0,164,0.979420731707317,0
14.93236,8,0,0,0.0,30.86715499739512,1.7320639999525156,30.892108003172325,0.5198056801195814,669,0,0,164,0.9824695121951219,0
14.96316,8,0,0,0.0,30.765739000344183,1.705968999885954,30.792237997957272,0.5190298507462687,670,0,0,165,0.9795454545454545,0
14.99319,8,0,0,0.0,30.001458999322494,1.723471999866888,30.025847001525108,0.5182563338301043,671,0,0,165,0.9825757575757575,0
15.0244,8,0,0,0.0,31.174691997875925,1.7600560022401623,31.21194900086266,0.5174851190476191,672,0,0,166,0.9796686746987951,0
15.05549,8,0,0,0.0,31.050204001076054,1.724531000945717,31.07736500169267,0.5167161961367013,673,0,0,167,0.9767964071856288,0
15.11225,9,1,240,25.865202998829773,30.84313200088218,1.9310749994474463,56.756002002657624,0.5301681503461919,674,0,0,184,0.9711277173913043,0
15.14301,9,0,0,0.0,30.728164998436114,1.8964490009238943,30.753546001506038,0.5293827160493827,675,0,0,184,0.9741847826086957,0
15.17388,9,0,0,0.0,30.841494000924286,2.0038530019519385,30.86757200071588,0.5285996055226825,676,0,0,185,0.9719594594594595,0
15.20461,9,0,0,0.0,30.69993700046325,1.8981700013682712,30.72587800124893,0.5278188084687346,677,0,0,185,0.975,0
15.23527,9,0,0,0.0,30.635385002824478,1.9041030027437955,30.663213001389522,0.5270403146509341,678,0,0,186,0.9727822580645161,0
15.26564,9,0,0,0.0,30.334595001477282,1.9315950012241956,30.361621000338346,0.5262641138929799,679,0,0,187,0.9705882352941176,0
15.33201,10,1,1703,33.064821996958926,33.2535289999214,4.0334270015591756,66.3721800010535,0.7294773928361715,1703,0,0,294,0.9815051020408163,0
15.36616,10,0,0,0.0,34.11533499820507,3.9098580018617213,34.14129199882154,0.7290492957746479,1704,0,0,294,0.9836309523809523,0
15.39921,10,0,0,0.0,33.01577899765107,3.7067079974804074,33.04122000190546,0.7286217008797654,1705,0,0,294,0.9857568027210885,0
15.43217,10,0,0,0.0,32.932567002717406,3.7065390024508815,32.9582889971789,0.7281946072684642,1706,0,0,294,0.9878826530612245,0
15.46595,10,0,0,0.0,33.74437999809743,3.6123719983152114,33.77302299850271,0.727768014059754,1707,0,0,295,0.9866525423728814,0
15.49923,10,0,0,0.0,33.25217900055577,3.6892370007990394,33.27892499873997,0.7273419203747072,1708,0,0,295,0.988771186440678,0
15.5616,11,1,1111,27.66416699887486,34.645079998881556,4.459791998669971,62.36369500038563,0.6926432257034949,1709,0,0,366,0.988558743169399,0
15.59537,11,0,0,0.0,33.73936500065611,4.386876000353368,33.76681899680989,0.6922381711855397,1710,0,0,366,0.9904371584699454,0
15.62828,11,0,0,0.0,32.87907800040557,4.152205998252612,32.90936300254543,0.691833590138675,1711,0,0,367,0.9896117166212534,0
15.66197,11,0,0,0.0,33.65600799952517,4.122517999348929,33.684622998407576,0.69142948173322,1712,0,0,369,0.9861111111111112,0
15.69538,11,0,0,0.0,33.37190299862414,4.120762001548428,33.409270999982255,0.6910258451414318,1713,0,0,365,0.9839041095890411,0
15.7285,10,0,0,0.0,33.08608499719412,3.9015710026433226,33.11107400077162,0.6647607934655776,1714,0,0,365,0.9856164383561644,0
15.76188,10,0,0,0.0,33.34970500145573,3.9089689998945687,33.379350999894086,0.6643731778425657,1715,0,0,366,0.9846311475409836,0
15.79519,10,0,0,0.0,33.273552002356155,3.930082999431761,33.30221600117511,0.663986013986014,1716,0,0,366,0.9863387978142076,0
15.82837,10,0,0,0.0,33.149024999147514,3.931790000933688,33.179138001287356,0.6635993011065813,1717,0,0,367,0.9853542234332425,0
15.86322,10,0,0,0.0,34.81673600253998,3.9421900000888854,34.84798100180342,0.6632130384167636,1718,0,0,369,0.9817073170731707,0
15.8961,10,0,0,0.0,32.846196001628414,4.013578996818978,32.872346997464774,0.66282722513089,1719,0,0,369,0.9834010840108401,0
15.92946,10,0,0,0.0,33.327199998893775,3.9440590007870924,33.363790997100295,0.6624418604651163,1720,0,0,369,0.9850948509485095,0
15.96299,10,0,0,0.0,33.486388998426264,3.935648001061054,33.51272500003688,0.6620569436374202,1721,0,0,369,0.9867886178861789,0
15.99649,10,0,0,0.0,33.474858002591645,3.9461570013372693,33.501595997222466,0.6616724738675959,1722,0,0,369,0.9884823848238482,0
16.02986,10,0,0,0.0,33.334247000311734,3.9892420027172193,33.361429999786196,0.6612884503772489,1723,0,0,369,0.9901761517615176,0
16.06337,10,0,0,0.0,33.48161100075231,3.9275039998756256,33.50855499957106,0.6609048723897912,1724,0,0,369,0.991869918699187,0
16.09693,10,0,0,0.0,33.52897700096946,3.996154999185819,33.55913399718702,0.6605217391304348,1725,0,0,370,0.9908783783783783,0
16.13028,10,0,0,0.0,33.31681200143066,3.974161998485215,33.343645998684224,0.6601390498261877,1726,0,0,370,0.9925675675675676,0
16.16306,10,0,0,0.0,32.74843799954397,3.9635739994992036,32.775476000097115,0.6597568037058483,1727,0,0,371,0.991576819407008,0
16.19622,10,0,0,0.0,33.12213200115366,3.9543160019093193,33.15962399938144,0.659375,1728,0,0,373,0.9879356568364611,0
16.22928,10,0,0,0.0,33.0216879992804,3.9611489992239513,33.04843099977006,0.6589936379410064,1729,0,0,375,0.9843333333333333,0
16.26246,10,0,0,0.0,33.1552309980907,3.9390969977830537,33.18914599731215,0.6586127167630058,1730,0,0,375,0.986,0
16.29552,10,0,0,0.0,33.017161000316264,3.967563003243413,33.04341700277291,0.6582322357019064,1731,0,0,376,0.9850398936170213,0
16.32869,10,0,0,0.0,33.14176099956967,3.968066997913411,33.17390200027148,0.6578521939953811,1732,0,0,353,0.9858356940509915,0
16.36264,9,0,0,0.0,33.91754200129071,3.6504119998426177,33.94269899945357,0.6430082708213118,1733,0,0,353,0.9874291784702549,0
16.39598,9,0,0,0.0,33.31289199923049,3.6893420001433697,33.34017700035474,0.642637447135717,1734,0,0,355,0.9834507042253521,0
16.42844,9,0,0,0.0,32.417929000075674,3.690362002089387,32.44727000128478,0.6422670509125841,1735,0,0,344,0.9871002906976745,0
16.48771,9,1,361,25.81294099945808,33.41687099964474,3.723146997799631,59.27151400101138,0.6291602662570405,1736,0,0,367,0.9882493188010899,0
16.52092,9,0,0,0.0,33.184610001626424,3.746557998965727,33.20917000019108,0.6287980553956374,1737,0,0,367,0.9897820163487738,0
16.55414,9,0,0,0.0,33.17474399955245,3.707513998961076,33.19815700160689,0.6284362613476537,1738,0,0,367,0.9913147138964578,0
16.5873,9,0,0,0.0,33.13620200060541,3.7348059995565563,33.161761002702406,0.6280748833940324,1739,0,0,367,0.9928474114441417,0
16.62069,9,0,0,0.0,33.36370800025179,3.7542059981205966,33.389154999895254,0.6277139208173691,1740,0,0,367,0.9943801089918256,0
16.65412,9,0,0,0.0,33.39100000084727,3.7461159990925808,33.42481900108396,0.6273533729019083,1741,0,0,355,0.9934859154929577,0
16.68693,8,0,0,0.0,32.780094999907305,3.5009769999305718,32.80463099872577,0.5950774971297359,1742,0,0,355,0.9948943661971831,0
16.71902,8,0,0,0.0,32.06049499931396,3.5086569987470284,32.08873499897891,0.5947360872059667,1743,0,0,357,0.9907212885154062,0
16.75197,8,0,0,0.0,32.91193900076905,3.496089000691427,32.9394099971978,0.5943950688073394,1744,0,0,359,0.9865947075208914,0
16.78498,8,0,0,0.0,32.96903099908377,3.513176998239942,33.009206999849994,0.5940544412607449,1745,0,0,314,0.9856687898089171,0
16.81735,7,0,0,0.0,32.34154799793032,3.12737399872276,32.36807600114844,0.5948289968908526,1746,0,0,314,0.987062101910828,0
16.84998,7,0,0,0.0,32.59835299832048,3.1695209981990047,32.62553699823911,0.5944885109166735,1747,0,0,315,0.9853174603174604,0
16.88251,7,0,0,0.0,32.495218998519704,3.1068780008354224,32.522454999707406,0.5941484145145473,1748,0,0,315,0.9867063492063493,0
16.91489,7,0,0,0.0,32.352449001336936,3.121121000731364,32.376543000282254,0.5938087070162542,1749,0,0,315,0.9880952380952381,0
16.9473,7,0,0,0.0,32.37215699846274,3.1253039996954612,32.409865998488385,0.593469387755102,1750,0,0,243,0.9861111111111112,0
16.97849,6,0,0,0.0,31.153009997069603,2.6583860017126426,31.186913001874927,0.6350656767561393,1751,0,0,198,0.9873737373737373,0
17.00976,5,0,0,0.0,31.239182000717847,2.182708998589078,31.261000000085915,0.6429223744292237,1752,0,0,198,0.9889520202020202,0
17.04098,5,0,0,0.0,31.19751499980339,2.158416999009205,31.221035998896696,0.6425556189389618,1753,0,0,198,0.990530303030303,0
17.0722,5,0,0,0.0,31.185990999802016,2.1589600000879727,31.207504998747027,0.6421892816419612,1754,0,0,198,0.9921085858585859,0
17.1035,5,0,0,0.0,31.280454000807367,2.2033440000086557,31.303121999371797,0.6418233618233617,1755,0,0,198,0.9936868686868687,0
17.13466,5,0,0,0.0,31.132579999393784,2.1737620008934755,31.154640000750078,0.6414578587699317,1756,0,0,198,0.9952651515151515,0
17.16609,5,0,0,0.0,31.40435200111824,2.1655580021615606,31.428784001036547,0.6410927717700626,1757,0,0,199,0.9918341708542714,0
17.19734,5,0,0,0.0,31.222356999933254,2.191740997659508,31.24571599983028,0.6407281001137657,1758,0,0,199,0.9934045226130653,0
17.23351,5,0,0,0.0,36.141936001513386,2.2116279978945386,36.16856599910534,0.6403638430926664,1759,0,0,200,0.99,0
17.26499,5,0,0,0.0,31.444672000361606,2.195209999626968,31.47099700072431,0.64,1760,0,0,201,0.9866293532338308,0
17.29636,5,0,0,0.0,31.34152799975709,2.1990050008753315,31.368972999189282,0.6396365701306076,1761,0,0,202,0.9832920792079208,0
17.35379,6,1,234,25.727549000293948,31.650172000809107,2.4708040000405163,57.41652899814653,0.6772606886114264,1762,0,0,217,0.9844470046082949,0
17.3863,6,0,0,0.0,32.484194001881406,2.463262997480342,32.51097400061553,0.6768765362072225,1763,0,0,218,0.981651376146789,0
17.41778,6,0,0,0.0,31.454115000087768,2.4818150013743434,31.477324999286793,0.6764928193499622,1764,0,0,218,0.9833715596330275,0
17.44934,6,0,0,0.0,31.5258709997579,2.4675120002939366,31.550045998301357,0.676109537299339,1765,0,0,218,0.9850917431192661,0
17.50774,7,1,147,26.474084002984455,31.882561997917946,2.72842699996545,58.39736499910941,0.7101601682575636,1766,0,0,228,0.9841008771929824,0
17.53897,7,0,0,0.0,31.200166002236074,2.706382998439949,31.225005997839617,0.7097582666343277,1767,0,0,228,0.9860197368421053,0
17.59701,8,1,404,25.68873500058544,32.308777001162525,3.0333340000652242,58.04260800141492,0.7171238687782806,1768,0,0,255,0.9825980392156862,0
17.62934,8,0,0,0.0,32.29250799995498,3.0806019967712928,32.31760999915423,0.7167184850197852,1769,0,0,255,0.9845588235294118,0
17.66193,8,0,0,0.0,32.56711500216625,3.039856001123553,32.59083000011742,0.7163135593220339,1770,0,0,255,0.9865196078431373,0
17.69427,8,0,0,0.0,32.31293399949209,3.043946999241598,32.33736000038334,0.7159090909090908,1771,0,0,255,0.9884803921568628,0
17.72654,8,0,0,0.0,32.23643999808701,3.039906998310471,32.25962400028948,0.7155050790067721,1772,0,0,255,0.9904411764705883,0
17.75901,8,0,0,0.0,32.44592500050203,3.0470430028799456,32.471477999933995,0.7151015228426396,1773,0,0,256,0.988525390625,0
17.79142,8,0,0,0.0,32.38520699960645,3.0635009970865212,32.409349998488324,0.7146984216459977,1774,0,0,256,0.990478515625,0
17.82314,8,0,0,0.0,31.682281998655526,3.0588739973609336,31.7094329984684,0.7142957746478873,1775,0,0,257,0.9885700389105059,0
17.85576,8,0,0,0.0,32.58092400210444,3.05980299890507,32.614526000543265,0.7138935810810811,1776,0,0,238,0.9855567226890757,0
17.88912,7,0,0,0.0,33.339475998218404,2.805814001476392,33.36601200135192,0.6982876437012622,1777,0,0,238,0.9873949579831933,0
17.92169,7,0,0,0.0,32.53597399816499,2.96708199675777,32.56218100068509,0.6978949059938937,1778,0,0,238,0.989233193277311,0
17.9538,7,0,0,0.0,32.0794039980683,2.778070000204025,32.1064000017941,0.6975026098128965,1779,0,0,240,0.9828125,0
17.98591,7,0,0,0.0,32.07487699910416,2.759849998255959,32.10360500088427,0.6971107544141252,1780,0,0,241,0.9805497925311203,0
18.01789,7,0,0,0.0,31.953495999914594,2.811038000800181,31.978289000107907,0.6967193390551054,1781,0,0,241,0.9823651452282157,0
18.04969,7,0,0,0.0,31.77475200209301,2.7840679977089167,31.798253003216814,0.6963283629950296,1782,0,0,241,0.9841804979253111,0
18.0809,7,0,0,0.0,31.18395499768667,2.789168000163045,31.20556000067154,0.695937825494752,1783,0,0,241,0.9859958506224067,0
18.1128,7,0,0,0.0,31.86776900110999,2.7921129985770676,31.893747000140138,0.6955477258167841,1784,0,0,242,0.9837293388429752,0
18.14481,7,0,0,0.0,31.979071001842385,2.7724829997168854,32.00283299884177,0.6951580632252901,1785,0,0,242,0.9855371900826446,0
18.20304,8,1,208,25.87715000117896,32.305870998243336,3.073263997066533,58.22549599906779,0.7183650615901456,1786,0,0,256,0.984375,0
18.23538,8,0,0,0.0,32.31280699765193,3.0616830008511897,32.33689600165235,0.7179630665920538,1787,0,0,256,0.986328125,0
18.26804,8,0,0,0.0,32.63583700027084,3.0504509995807894,32.6586170012888,0.7175615212527964,1788,0,0,256,0.98828125,0
18.30066,8,0,0,0.0,32.58513100081473,3.076820998103358,32.61276900229859,0.7171604248183343,1789,0,0,257,0.9863813229571985,0
18.33305,8,0,0,0.0,32.361641999159474,3.068243997404352,32.38642100041034,0.7167597765363128,1790,0,0,257,0.9883268482490273,0
18.3653,8,0,0,0.0,32.22138300043298,3.0754510007682256,32.247365001239814,0.7163595756560581,1791,0,0,258,0.9864341085271318,0
18.39838,8,0,0,0.0,33.045783999114064,3.1177049968391657,33.074105998821324,0.7159598214285714,1792,0,0,259,0.9845559845559846,0
18.43089,8,0,0,0.0,32.466688000567956,3.078876998188207,32.5061019975692,0.7155605131065254,1793,0,0,146,0.9820205479452054,0
18.48713,8,1,306,25.788252001802903,30.406570000195643,1.5072740025061648,56.23487100092461,0.30703624733475476,469,0,0,166,0.9819277108433735,0
18.51754,8,0,0,0.0,30.37787399807712,1.5548379997198936,30.404108998482116,0.30638297872340425,470,0,0,168,0.9732142857142857,0
18.54728,8,0,0,0.0,29.71134799736319,1.5064149993122555,29.737767999904463,0.30573248407643316,471,0,0,169,0.9704142011834319,0
18.57769,8,0,0,0.0,30.387319999135798,1.510399997641798,30.410836996452417,0.30508474576271183,472,0,0,169,0.9733727810650887,0
18.60807,8,0,0,0.0,30.354902999533806,1.5222029978758655,30.37740099898656,0.3044397463002114,473,0,0,169,0.9763313609467456,0
18.63834,8,0,0,0.0,30.24194000317948,1.4948850002838299,30.268779999460094,0.30379746835443033,474,0,0,169,0.9792899408284024,0
18.66951,8,0,0,0.0,31.12850300021819,1.5192899991234299,31.155951000982895,0.30315789473684207,475,0,0,170,0.9764705882352941,0
18.70033,8,0,0,0.0,30.7943650004745,1.5844389999983832,30.817775001196424,0.3025210084033614,476,0,0,170,0.9794117647058823,0
18.73074,8,0,0,0.0,30.387931001314428,1.5218320004350971,30.413317999773426,0.30188679245283023,477,0,0,171,0.9766081871345029,0
18.76129,8,0,0,0.0,30.51377100200625,1.5214339982776437,30.53657700002077,0.301255230125523,478,0,0,171,0.97953216374269,0
18.79105,8,0,0,0.0,29.740524998487672,1.5336159995058551,29.763523998553865,0.3006263048016702,479,0,0,171,0.9824561403508771,0
18.82144,8,0,0,0.0,30.358824002178153,1.5293639989977237,30.38358000048902,0.30000000000000004,480,0,0,172,0.9796511627906976,0
18.85191,8,0,0,0.0,30.441572002018802,1.5465229989786167,30.46508799889125,0.2993762993762994,481,0,0,172,0.9825581395348837,0
18.90854,9,1,266,25.99523399840109,30.58752500146511,1.687858999503078,56.62698300147895,0.3153526970954357,482,0,0,190,0.9799342105263158,0
18.9393,9,0,0,0.0,30.726522996701533,1.6740709979785606,30.7526879987563,0.3146997929606625,483,0,0,191,0.9777486910994765,0
18.97008,9,0,0,0.0,30.751718000828987,1.6808639993541874,30.774971997743705,0.31404958677685946,484,0,0,191,0.9806937172774869,0
19.00098,9,0,0,0.0,30.873626998072723,1.7063619998225477,30.899639998096973,0.3134020618556701,485,0,0,191,0.9836387434554974,0
19.03173,9,0,0,0.0,30.72101700308849,1.7127419996540993,30.750648998946417,0.31275720164609055,486,0,0,193,0.976360103626943,0
19.06226,9,0,0,0.0,30.48886800024775,1.7090439978346694,30.516458999045426,0.3121149897330595,487,0,0,194,0.9742268041237113,0
19.093,9,0,0,0.0,30.70960299737635,1.7087799969885964,30.739498000912135,0.3114754098360656,488,0,0,195,0.9721153846153846,0
19.12399,9,0,0,0.0,30.961971999204252,1.735710000502877,30.990095998276956,0.310838445807771,489,0,0,195,0.975,0
19.15519,9,0,0,0.0,31.162716997641837,1.7413960013072938,31.18935599923134,0.310204081632653,490,0,0,195,0.9778846153846154,0
19.18611,9,0,0,0.0,30.893933999323053,1.7533520003780723,30.923660000553355,0.30957230142566194,491,0,0,196,0.9757653061224489,0
19.21698,9,0,0,0.0,30.83073099696776,1.7467079997004475,30.859562000841834,0.3089430894308943,492,0,0,196,0.9786352040816326,0
19.2479,9,0,0,0.0,30.891954000253463,1.7661159981798846,30.92265600207611,0.30831643002028397,493,0,0,197,0.9765228426395939,0
19.27894,9,0,0,0.0,31.002506999357138,1.7341329985356424,31.029138997837435,0.3076923076923077,494,0,0,197,0.9793781725888325,0
19.30913,9,0,0,0.0,30.151668001053622,1.757555000949651,30.187215001205914,0.30707070707070705,495,0,0,178,0.9841994382022472,0
19.33969,8,0,0,0.0,30.529519000992877,1.6007599988370202,30.55638700243435,0.2935987903225806,496,0,0,179,0.9814944134078212,0
19.37089,8,0,0,0.0,31.171566999546485,1.5765740026836284,31.195149997074623,0.2930080482897385,497,0,0,179,0.9842877094972067,0
19.42668,9,1,128,25.13316100157681,30.606626998633146,1.6934340019361116,55.78592100209789,0.3424810352521196,498,0,0,189,0.9775132275132276,0
19.45767,9,0,0,0.0,30.961765001848107,1.7055720018106513,30.98865300125908,0.34179470051213534,499,0,0,190,0.975328947368421,0
19.48849,9,0,0,0.0,30.79211699878215,1.7230089979420882,30.817932001809822,0.34111111111111114,500,0,0,190,0.9782894736842105,0
19.5193,9,0,0,0.0,30.776618001254974,1.728119001199957,30.802741999650607,0.3404302506098913,501,0,0,190,0.98125,0
19.54998,9,0,0,0.0,30.63413100244361,1.705241000308888,30.67385599933914,0.33975210270030987,502,0,0,163,0.9693251533742331,0
19.58011,8,0,0,0.0,30.100631000095746,1.5108420011529233,30.125147000944708,0.3717693836978131,503,0,0,163,0.9723926380368099,0
19.61058,8,0,0,0.0,30.423356001847424,1.5165279983193614,30.466156000329647,0.37103174603174605,504,0,0,164,0.9695121951219512,0
19.64119,8,0,0,0.0,30.58523900108412,1.5109439991647378,30.611048998252954,0.3702970297029703,505,0,0,164,0.9725609756097561,0
19.67175,8,0,0,0.0,30.521270997269312,1.5222779984469526,30.55433999907109,0.3695652173913043,506,0,0,164,0.975609756097561,0
19.70229,8,0,0,0.0,30.512016001011943,1.5390480002679396,30.536279999068938,0.368836291913215,507,0,0,164,0.9786585365853658,0
19.73287,8,0,0,0.0,30.54519299985259,1.5562090011371765,30.56771399860736,0.36811023622047245,508,0,0,164,0.9817073170731707,0
19.76351,8,0,0,0.0,30.61887700096122,1.523823997558793,30.645273996924516,0.3673870333988212,509,0,0,165,0.9787878787878788,0
19.79397,8,0,0,0.0,30.431368002609815,1.5401919990836177,30.456863998551853,0.3666666666666667,510,0,0,165,0.9818181818181818,0
19.82375,8,0,0,0.0,29.749462999461684,1.5243440029735211,29.77215900318697,0.36594911937377694,511,0,0,165,0.9848484848484849,0
19.85415,8,0,0,0.0,30.365243001142517,1.5283749999071006,30.393004999496043,0.365234375,512,0,0,166,0.9819277108433735,0
19.88474,8,0,0,0.0,30.56979500252055,1.5513180005655158,30.593454001063947,0.36452241715399614,513,0,0,166,0.9849397590361446,0
19.91514,8,0,0,0.0,30.359970001882175,1.5461090006283484,30.386669001018163,0.3638132295719845,514,0,0,168,0.9761904761904762,0
19.94561,8,0,0,0.0,30.441195998719195,1.5600129991071299,30.46734999952605,0.36310679611650487,515,0,0,169,0.9733727810650887,0
19.97624,8,0,0,0.0,30.602028000430437,1.5560120009467937,30.627453001216054,0.3624031007751938,516,0,0,169,0.9763313609467456,0
20.00677,8,0,0,0.0,30.50384499874781,1.562217999889981,30.529668998497073,0.36170212765957444,517,0,0,169,0.9792899408284024,0
20.06309,9,1,329,25.490978001471376,30.777817002672236,1.716033999400679,56.314656998438295,0.36143286143286146,518,0,0,192,0.9720052083333334,0
20.09308,9,0,0,0.0,29.954011999507202,1.727237002342008,29.988352001964813,0.36073645900235496,519,0,0,177,0.9777542372881356,0
20.12354,8,0,0,0.0,30.42467100021895,1.5989530002116226,30.45047399791656,0.334375,520,0,0,178,0.9750702247191011,0
20.1541,8,0,0,0.0,30.535075999068795,1.584592002473073,30.561147999833338,0.3337332053742802,521,0,0,178,0.9778792134831461,0
20.18489,8,0,0,0.0,30.764008999540238,1.6471380004077218,30.788307001785142,0.3330938697318008,522,0,0,178,0.980688202247191,0
20.21537,8,0,0,0.0,30.452015998889692,1.6052459977800027,30.47617199990782,0.33245697896749526,523,0,0,178,0.983497191011236,0
20.24585,8,0,0,0.0,30.45293100149138,1.6039210022427142,30.47678800066933,0.3318225190839694,524,0,0,178,0.9863061797752809,0
20.27651,8,0,0,0.0,30.62403500007349,1.608777998626465,30.650582997623133,0.33119047619047615,525,0,0,180,0.978125,0
20.30749,8,0,0,0.0,30.951319000450894,1.6622750008536968,30.97962500032736,0.33056083650190116,526,0,0,180,0.9809027777777778,0
20.33764,8,0,0,0.0,30.11028999753762,1.6948100019362755,30.138294998323545,0.32993358633776093,527,0,0,180,0.9836805555555556,0
20.36875,8,0,0,0.0,31.080368000402814,1.6643939998175483,31.10706200095592,0.32930871212121215,528,0,0,181,0.9810082872928176,0
20.39948,8,0,0,0.0,30.705314999067923,1.6974409991235007,30.72978999989573,0.32868620037807184,529,0,0,181,0.9837707182320442,0
20.43007,8,0,0,0.0,30.555556000763318,1.6656029984005727,30.58340700226836,0.3280660377358491,530,0,0,183,0.9757513661202186,0
20.46119,8,0,0,0.0,31.086469996807864,1.6695869999239221,31.11464699759381,0.3274482109227872,531,0,0,184,0.9731657608695652,0
20.49204,8,0,0,0.0,30.82158499819343,1.679733999480959,30.84934100115788,0.32683270676691734,532,0,0,184,0.9758831521739131,0
20.52284,8,0,0,0.0,30.772948000958422,1.6846840007929131,30.797917002928443,0.3262195121951219,533,0,0,184,0.9786005434782609,0
20.55352,8,0,0,0.0,30.64942700075335,1.6747810004744679,30.677620001370087,0.32560861423220977,534,0,0,185,0.9760135135135135,0
20.58363,8,0,0,0.0,30.072187997575384,1.6907429999264423,30.099446998065105,0.32499999999999996,535,0,0,185,0.9787162162162162,0
20.61431,8,0,0,0.0,30.64394000102766,1.7174230015370995,30.67172299779486,0.32439365671641796,536,0,0,186,0.9761424731182796,0
20.64502,8,0,0,0.0,30.681885000376496,1.6782409984443802,30.71657899999991,0.32378957169459965,537,0,0,152,0.9765625,0
20.67564,7,0,0,0.0,30.58768700066139,1.430246000381885,30.612481001298875,0.30474238875878223,488,0,0,152,0.9794407894736842,0
20.70606,7,0,0,0.0,30.38723600184312,1.4582670009986032,30.41164600290358,0.3041191936897458,489,0,0,152,0.9823190789473685,0
20.73654,7,0,0,0.0,30.455157997494098,1.4387760020326823,30.48020400092355,0.3034985422740525,490,0,0,152,0.9851973684210527,0
20.76715,7,0,0,0.0,30.55917899837368,1.444705998437712,30.604617997596506,0.30288041897003204,491,0,0,154,0.9752435064935064,0
20.79771,7,0,0,0.0,30.52307799953269,1.4723239983140957,30.55772800144041,0.30226480836236935,492,0,0,129,0.9772286821705426,0
20.8282,6,0,0,0.0,30.459834000794217,1.2988290000066627,30.485698000120465,0.3181203515889114,493,0,0,129,0.9801356589147286,0
20.85858,6,0,0,0.0,30.320882000523852,1.254776998393936,30.362135999894235,0.3174763832658569,494,0,0,129,0.9830426356589147,0
20.88835,6,0,0,0.0,29.74373599863611,1.4258280025387648,29.767351999907987,0.3168350168350168,495,0,0,129,0.9859496124031008,0
20.91874,6,0,0,0.0,30.358807001903187,1.281056996958796,30.383639001229312,0.31619623655913975,496,0,0,131,0.9737595419847328,0
20.9491,6,0,0,0.0,30.33180300189997,1.2652170007640962,30.359550000866875,0.3155600268276325,497,0,0,132,0.9692234848484849,0
20.97973,6,0,0,0.0,30.597703997045755,1.280250999116106,30.621565998444567,0.31492637215528785,498,0,0,132,0.9720643939393939,0
21.01013,6,0,0,0.0,30.37839000171516,1.2842809992434923,30.403369000850944,0.3142952571810287,499,0,0,132,0.974905303030303,0
21.04069,6,0,0,0.0,30.525931000738638,1.2725779997708742,30.550928000593558,0.31366666666666665,500,0,0,132,0.9777462121212122,0
21.07129,6,0,0,0.0,30.573789998015855,1.27712299945415,30.596829998103203,0.31304058549567526,501,0,0,132,0.9805871212121212,0
21.10181,6,0,0,0.0,30.494677001115633,1.2834809967898764,30.523084999003913,0.3124169986719787,502,0,0,133,0.9760338345864662,0
21.13178,6,0,0,0.0,29.92971099956776,1.2925949995405972,29.957343998830765,0.3117958913187542,503,0,0,133,0.9788533834586466,0
21.16259,6,0,0,0.0,30.786013001488755,1.3164550000510644,30.812662000244018,0.3111772486772487,504,0,0,133,0.9816729323308271,0
21.19338,6,0,0,0.0,30.759097000554902,1.3012050003453624,30.786851999437204,0.3105610561056106,505,0,0,133,0.9844924812030075,0
21.22403,6,0,0,0.0,30.611975998908747,1.3084489983157255,30.638533000455936,0.3099472990777339,506,0,0,133,0.987312030075188,0
21.25469,6,0,0,0.0,30.632605998107465,1.2995479992241599,30.663811001431895,0.309335963182117,507,0,0,135,0.975462962962963,0
21.2857,6,0,0,0.0,30.97859900299227,1.3043580001976807,31.004682001366746,0.3087270341207349,508,0,0,135,0.9782407407407407,0
21.31632,6,0,0,0.0,30.57952800008934,1.3177109976822976,30.60679599730065,0.30812049770792405,509,0,0,135,0.9810185185185185,0
21.34682,6,0,0,0.0,30.469534001895227,1.3066210012766533,30.495893999614054,0.30751633986928106,510,0,0,135,0.9837962962962963,0
21.37717,6,0,0,0.0,30.323979000968393,1.3061569989076816,30.348266998771578,0.30691454664057405,511,0,0,135,0.986574074074074,0
21.41206,6,0,0,0.0,34.860036001191474,1.3746410004387144,34.8942580021685,0.30631510416666663,512,0,0,137,0.9749087591240876,0
21.44625,6,0,0,0.0,34.144380002544494,1.4446669993049,34.177258999989135,0.3057179987004548,513,0,0,138,0.9705615942028986,0
21.51006,7,1,79,29.328435000934405,34.43360999881406,1.5424099983647466,63.809555998886935,0.38243468593663144,514,0,0,143,0.9742132867132867,0
21.54066,7,0,0,0.0,30.55323399894405,1.427428000170039,30.58467599839787,0.3816920943134535,515,0,0,144,0.9704861111111112,0
21.59837,8,1,78,26.107419002073584,31.552965003356803,1.5281890009646304,57.706667997990735,0.43943798449612403,516,0,0,149,0.9739932885906041,0
21.63548,8,0,0,0.0,37.07630500139203,1.8285330006619915,37.10479800065514,0.43858800773694395,517,0,0,149,0.9773489932885906,0
21.66645,8,0,0,0.0,30.923561000236077,1.5614330004609656,30.95902299901354,0.4377413127413128,518,0,0,125,0.966,0
21.69614,7,0,0,0.0,29.661200002010446,1.341064998996444,29.685535999306012,0.4682080924855492,519,0,0,125,0.9695,0
21.72634,7,0,0,0.0,30.174084000464063,1.3260720006655902,30.197826999938115,0.4673076923076923,520,0,0,125,0.973,0
21.75659,7,0,0,0.0,30.21805900061736,1.3283000007504597,30.24370099956286,0.4664107485604606,521,0,0,125,0.9765,0
21.78703,7,0,0,0.0,30.419340000662487,1.3325790023372974,30.442428000242217,0.4655172413793104,522,0,0,125,0.98,0
21.81724,7,0,0,0.0,30.175707997841528,1.3545019974117167,30.202355999790598,0.4646271510516252,523,0,0,127,0.968011811023622,0
21.8474,7,0,0,0.0,30.128019003313966,1.3474869992933236,30.152282997732982,0.4637404580152672,524,0,0,127,0.9714566929133859,0
21.87772,7,0,0,0.0,30.29123300075298,1.3505460010492243,30.31382900007884,0.46285714285714286,525,0,0,127,0.9749015748031497,0
21.90794,7,0,0,0.0,30.197898999176687,1.378926001052605,30.222436998883495,0.4619771863117871,526,0,0,127,0.9783464566929134,0
21.9376,7,0,0,0.0,29.63164900211268,1.3560740007960703,29.656358001375338,0.461100569259962,527,0,0,127,0.9817913385826772,0
21.96819,7,0,0,0.0,30.5559810003615,1.5548769988527056,30.581735998566728,0.4602272727272727,528,0,0,129,0.9699612403100775,0
21.99847,7,0,0,0.0,30.2525040024193,1.3898190009058453,30.276686000433983,0.4593572778827977,529,0,0,129,0.9733527131782945,0
22.02885,7,0,0,0.0,30.35043899944867,1.3709240010939538,30.376317001355346,0.45849056603773586,530,0,0,129,0.9767441860465116,0
22.05936,7,0,0,0.0,30.48095299891429,1.380035999318352,30.50896000058856,0.4576271186440678,531,0,0,130,0.9725961538461538,0
22.08985,7,0,0,0.0,30.460212998150382,1.3871369992557447,30.48240299904137,0.45676691729323304,532,0,0,130,0.9759615384615384,0
22.12003,7,0,0,0.0,30.157484998198925,1.3927279978815932,30.17979799915338,0.45590994371482174,533,0,0,130,0.979326923076923,0
22.1504,7,0,0,0.0,30.3391070010548,1.3725949975196272,30.368392002856126,0.4550561797752809,534,0,0,132,0.9678030303030303,0
22.1804,7,0,0,0.0,29.970236002554884,1.3978280003357213,29.994713000633055,0.4542056074766355,535,0,0,132,0.9711174242424242,0
22.21098,7,0,0,0.0,30.548959999578074,1.3961949989607092,30.576543002098333,0.45335820895522383,536,0,0,132,0.9744318181818182,0
22.24162,7,0,0,0.0,30.6025440004305,1.4145200002531055,30.631322002591332,0.45251396648044695,537,0,0,132,0.9777462121212122,0
22.27228,7,0,0,0.0,30.635848997917492,1.411867000570055,30.6601820011565,0.45167286245353155,538,0,0,132,0.9810606060606061,0
22.32904,8,1,125,25.791378997382708,30.9128070002771,1.5208369986794423,56.75476499891374,0.49049165120593696,539,0,0,142,0.9705105633802817,0
22.35991,8,0,0,0.0,30.83355300259427,1.552911999169737,30.861245999403764,0.48958333333333337,540,0,0,142,0.9740316901408451,0
22.39144,8,0,0,0.0,31.50523599833832,1.5408020008180756,31.530361997283762,0.48867837338262476,541,0,0,142,0.9775528169014085,0
22.42202,8,0,0,0.0,30.54526499909116,1.5390820008178707,30.574265998438932,0.48777675276752763,542,0,0,143,0.9742132867132867,0
22.45208,8,0,0,0.0,30.031169000722002,1.5340179998020176,30.05660800045007,0.48687845303867405,543,0,0,143,0.9777097902097902,0
22.48279,8,0,0,0.0,30.67554200242739,1.5427569996973034,30.702988999109948,0.4859834558823529,544,0,0,145,0.9676724137931034,0
22.51352,8,0,0,0.0,30.700962997798342,1.530992998596048,30.7278350010165,0.48509174311926606,545,0,0,145,0.9711206896551724,0
22.54439,8,0,0,0.0,30.840978997730417,1.5636919997632504,30.869301001075655,0.48420329670329665,546,0,0,145,0.9745689655172414,0
22.57538,8,0,0,0.0,30.94887299812399,1.5680610013077967,30.9771960019134,0.4833180987202925,547,0,0,146,0.971318493150685,0
22.60602,8,0,0,0.0,30.608180997660384,1.5550659991276916,30.63310500147054,0.48243613138686137,548,0,0,146,0.9747431506849316,0
22.63662,8,0,0,0.0,30.57848800017382,1.5596869998262264,30.60437300155172,0.48155737704918034,549,0,0,146,0.978167808219178,0
22.66749,8,0,0,0.0,30.836857000394957,1.562262998049846,30.86518000054639,0.4806818181818182,550,0,0,148,0.9683277027027027,0
22.69734,8,0,0,0.0,29.81690399974468,1.5618559991708025,29.84165599991684,0.4798094373865699,551,0,0,148,0.971706081081081,0
22.72793,8,0,0,0.0,30.55790000144043,1.5653179980290588,30.584837000787957,0.4789402173913043,552,0,0,148,0.9750844594594594,0
22.75862,8,0,0,0.0,30.66736800246872,1.5803950009285472,30.69406299982802,0.4780741410488246,553,0,0,148,0.9784628378378378,0
22.78948,8,0,0,0.0,30.822979999356903,1.5743500007374678,30.84718699756195,0.4772111913357401,554,0,0,148,0.9818412162162162,0
22.82017,8,0,0,0.0,30.657282997708535,1.5898179990472272,30.68356700168806,0.4763513513513513,555,0,0,150,0.9720833333333333,0
22.87667,9,1,432,25.34916200238513,31.106319998798426,1.8035050015896559,56.497775000025285,0.44744204636290963,556,0,0,178,0.9740168539325843,0
22.90742,9,0,0,0.0,30.709309998201206,1.7925850006577093,30.744754996703705,0.44663873927787756,557,0,0,155,0.9790322580645161,0
22.93807,8,0,0,0.0,30.625610997958574,1.6018160022213124,30.652331999590388,0.4560931899641577,558,0,0,156,0.9759615384615384,0
22.96816,8,0,0,0.0,30.04411199799506,1.579525000124704,30.06703899882268,0.45527728085867625,559,0,0,156,0.9791666666666666,0
22.99887,8,0,0,0.0,30.683298002259107,1.6114319987536874,30.711111998243723,0.45446428571428577,560,0,0,158,0.9699367088607594,0
23.0295,8,0,0,0.0,30.603343999246135,1.6096399995149113,30.62960700117401,0.45365418894830656,561,0,0,158,0.9731012658227848,0
23.06027,8,0,0,0.0,30.738590998225845,1.613345000805566,30.765414998313645,0.452846975088968,562,0,0,158,0.9762658227848101,0
23.09104,8,0,0,0.0,30.729845999303507,1.605421999556711,30.755931002204306,0.4520426287744227,563,0,0,159,0.9732704402515723,0
23.12154,8,0,0,0.0,30.480257999442983,1.6010669969546143,30.50184699895908,0.4512411347517731,564,0,0,159,0.9764150943396226,0
23.15201,8,0,0,0.0,30.44158999909996,1.5757449982629623,30.46619499946246,0.45044247787610614,565,0,0,159,0.9795597484276729,0
23.18281,8,0,0,0.0,30.76245899865171,1.6102759982459247,30.789939999522176,0.4496466431095406,566,0,0,161,0.9704968944099379,0
23.21271,8,0,0,0.0,29.879826000978937,1.609728999028448,29.903839000326116,0.44885361552028213,567,0,0,161,0.9736024844720497,0
23.24337,8,0,0,0.0,30.62488900104654,1.6327890007232781,30.650594999315217,0.4480633802816901,568,0,0,161,0.9767080745341615,0
23.27436,8,0,0,0.0,30.967116999818245,1.6404369998781476,30.992246000096202,0.4472759226713533,569,0,0,161,0.9798136645962733,0
23.30507,8,0,0,0.0,30.666280999867013,1.6340770016540773,30.701832001795992,0.4464912280701754,570,0,0,134,0.9794776119402985,0
23.33555,7,0,0,0.0,30.452933002379723,1.4142830004857387,30.478442000458017,0.4746059544658494,571,0,0,134,0.9827425373134329,0
23.36597,7,0,0,0.0,30.373430003237445,1.3966820006316993,30.39997000087169,0.47377622377622375,572,0,0,135,0.9787037037037037,0
23.39756,7,0,0,0.0,31.55989600054454,1.5777020016685128,31.598041001416277,0.4729493891797557,573,0,0,135,0.9819444444444444,0
23.42791,7,0,0,0.0,30.306021002616035,1.4220730008673854,30.33355299703544,0.4721254355400697,574,0,0,136,0.9779411764705882,0
23.45771,7,0,0,0.0,29.774383998301346,1.4405349975277204,29.798268999002175,0.471304347826087,575,0,0,136,0.9811580882352942,0
23.48828,7,0,0,0.0,30.538221002643695,1.4410240000870544,30.56470299998182,0.47048611111111116,576,0,0,138,0.970108695652174,0
23.51868,7,0,0,0.0,30.375831000128528,1.438526000129059,30.39875800095615,0.4696707105719238,577,0,0,138,0.9732789855072463,0
23.5492,7,0,0,0.0,30.48407399910502,1.4404540015675593,30.50848299972131,0.46885813148788924,578,0,0,138,0.9764492753623188,0
23.57985,7,0,0,0.0,30.614488998253364,1.4461479986493941,30.649272001028294,0.46804835924006905,579,0,0,139,0.9725719424460432,0
23.61011,7,0,0,0.0,30.23029799805954,1.4333780018205289,30.25284199975431,0.4672413793103448,580,0,0,139,0.9757194244604317,0
23.64054,7,0,0,0.0,30.401980999158695,1.4418619975913316,30.428285001107724,0.4664371772805508,581,0,0,139,0.9788669064748201,0
23.67114,7,0,0,0.0,30.569616999855498,1.4383599991560914,30.597417000535643,0.46563573883161513,582,0,0,141,0.9680851063829787,0
23.70101,7,0,0,0.0,29.838720998668578,1.4784229970246088,29.863093001040397,0.4648370497427101,583,0,0,141,0.9711879432624113,0
23.73147,7,0,0,0.0,30.43049199914094,1.4510470027744304,30.45605199804413,0.464041095890411,584,0,0,141,0.974290780141844,0
23.76199,7,0,0,0.0,30.493286001728848,1.4524170001095627,30.51839299951098,0.46324786324786327,585,0,0,141,0.9773936170212766,0
23.79263,7,0,0,0.0,30.606926997279515,1.4784150007471908,30.631671997980447,0.46245733788395904,586,0,0,141,0.9804964539007093,0
23.84848,8,1,120,25.103986998146866,30.706980000104522,1.5935139999783132,55.854761998489266,0.5034071550255537,587,0,0,149,0.9815436241610739,0
23.87925,8,0,0,0.0,30.73809199850075,1.6133570024976507,30.764929000724806,0.5025510204081632,588,0,0,150,0.9783333333333334,0
23.90994,8,0,0,0.0,30.661857999803033,1.606720998097444,30.686174999573268,0.50169779286927,589,0,0,150,0.9816666666666667,0
23.94073,8,0,0,0.0,30.758780001633568,1.6202970000449568,30.78735499730101,0.5008474576271187,590,0,0,151,0.9784768211920529,0
23.97074,8,0,0,0.0,29.97852599946782,1.6113080018840265,30.00203899864573,0.5,591,0,0,151,0.9817880794701986,0
24.00147,8,0,0,0.0,30.693792999954894,1.5958209987729788,30.722971001523547,0.4991554054054054,592,0,0,153,0.9722222222222222,0
24.03206,8,0,0,0.0,30.564970002160408,1.5974210000422318,30.589894999138778,0.4983136593591906,593,0,0,153,0.9754901960784313,0
24.06256,8,0,0,0.0,30.471226000372553,1.6001069998310413,30.510199001582805,0.4974747474747475,594,0,0,153,0.9787581699346405,0
24.09331,8,0,0,0.0,30.704021999554243,1.61640499936766,30.731194998224964,0.4966386554621849,595,0,0,155,0.9693548387096774,0
24.1505,9,1,135,26.189109001279576,30.95060599662247,1.7690589993435424,57.18609799805563,0.5266592095451156,596,0,0,164,0.9710365853658537,0
24.18166,9,0,0,0.0,31.12708600019687,1.7796829997678287,31.155902001046343,0.5257770333147218,597,0,0,164,0.9744664634146342,0
24.21251,9,0,0,0.0,30.818662002275232,1.766524997947272,30.848038997646654,0.5248978075065032,598,0,0,166,0.9661144578313253,0
24.24255,9,0,0,0.0,29.994111999258166,1.7499969981145114,30.02601100160973,0.524021517343721,599,0,0,128,0.96435546875,0
24.27289,8,0,0,0.0,30.30088499872363,1.344804997643223,30.34306699919398,0.4813550420168067,476,0,0,128,0.96826171875,0
24.30316,8,0,0,0.0,30.237561000831192,1.3827880029566586,30.26207999937469,0.48034591194968557,477,0,0,128,0.97216796875,0
24.35999,9,1,176,26.34418299930985,30.4462229978526,1.4873529980832245,56.831694000720745,0.4962807996280799,478,0,0,140,0.9714285714285714,0
24.3904,9,0,0,0.0,30.36408399930224,1.4937920022930484,30.387467999389628,0.49524472280213405,479,0,0,140,0.9754464285714286,0
24.42078,9,0,0,0.0,30.350159002409782,1.488475998485228,30.375270998774795,0.4942129629629629,480,0,0,141,0.9725177304964538,0
24.4514,9,0,0,0.0,30.59449099964695,1.5016490033303853,30.622235000919318,0.4931854931854932,481,0,0,142,0.9696302816901409,0
24.48199,9,0,0,0.0,30.554549000953557,1.5148479978961404,30.581210998207098,0.4921622867680959,482,0,0,143,0.9667832167832168,0
24.51283,9,0,0,0.0,30.81971500068903,1.5188329998636618,30.845773002511123,0.4911433172302737,483,0,0,143,0.9707167832167832,0
24.54342,9,0,0,0.0,30.55437900184188,1.5291859999706503,30.583652001951123,0.4901285583103765,484,0,0,144,0.9678819444444444,0
24.57418,9,0,0,0.0,30.72995300317416,1.5492669990635477,30.75535999960266,0.4891179839633448,485,0,0,144,0.9717881944444444,0
24.60486,9,0,0,0.0,30.64925099897664,1.5400369993585628,30.67387999908533,0.4881115683584819,486,0,0,144,0.9756944444444444,0
24.63476,9,0,0,0.0,29.871169001125963,1.5270270014298148,29.897566000727238,0.487109285877253,487,0,0,146,0.966181506849315,0
24.66517,9,0,0,0.0,30.3764569980558,1.5403399993374478,30.4003940000257,0.48611111111111116,488,0,0,146,0.9700342465753424,0
24.69574,9,0,0,0.0,30.54587200313108,1.550508000946138,30.568574999051634,0.4851170188593501,489,0,0,146,0.9738869863013698,0
24.72611,9,0,0,0.0,30.34125900012441,1.5367759988293983,30.36795899970457,0.4841269841269841,490,0,0,148,0.964527027027027,0
24.78177,10,1,127,25.387454003066523,30.22539800076629,1.6719880004529841,55.65428800036898,0.5089613034623217,491,0,0,156,0.9699519230769231,0
24.81187,10,0,0,0.0,30.063548001635354,1.6856660004123114,30.093204997683642,0.5079268292682927,492,0,0,157,0.9677547770700637,0
24.8419,10,0,0,0.0,30.004498999915086,1.6798409997136332,30.02930699949502,0.506896551724138,493,0,0,157,0.9717356687898089,0
24.89902,11,1,168,26.518661998125026,30.55355800097459,1.8228059998364188,57.120666999253444,0.5198748619801251,494,0,0,169,0.9689349112426036,0
24.92874,11,0,0,0.0,29.6816129994113,1.8173600001318846,29.707500998483738,0.5188246097337006,495,0,0,169,0.9730029585798816,0
24.95907,11,0,0,0.0,30.302709998068167,1.812160997360479,30.332618996908423,0.5177785923753666,496,0,0,170,0.9713235294117647,0
24.98952,11,0,0,0.0,30.416972000239184,1.8187030000262894,30.444869000348262,0.5167367843424182,497,0,0,171,0.9696637426900585,0
25.01984,11,0,0,0.0,30.287565001344774,1.8470770010026172,30.314575000375044,0.5156991602774735,498,0,0,172,0.9680232558139535,0
25.04998,11,0,0,0.0,30.108794999250676,1.8079370020132046,30.133108000882203,0.5146656950264165,499,0,0,172,0.9720203488372093,0
25.08038,11,0,0,0.0,30.375608999747783,1.8127350012946408,30.401011998037575,0.5136363636363637,500,0,0,173,0.9703757225433526,0
25.11055,11,0,0,0.0,30.144551001285436,1.8416099992464297,30.186404997948557,0.5126111413536563,501,0,0,173,0.974349710982659,0
25.1408,11,0,0,0.0,30.199720000382513,1.8121659995813388,30.227003000618424,0.5115900036218761,502,0,0,174,0.9727011494252874,0
25.17039,11,0,0,0.0,29.549660001066513,1.7952210000657942,29.57926399903954,0.5105729260798844,503,0,0,176,0.9655539772727273,0
25.20081,11,0,0,0.0,30.396828999073477,1.9631780014606193,30.420227001741296,0.5095598845598845,504,0,0,176,0.9694602272727273,0
25.2311,11,0,0,0.0,30.257391001214273,1.8072589991788846,30.28163700219011,0.5085508550855086,505,0,0,176,0.9733664772727273,0
25.28819,12,1,214,25.80867199867498,31.234468002367066,1.9823140028165653,57.090569996944396,0.5133399209486166,506,0,0,192,0.9658203125,0
25.3452,13,1,349,25.703769002575427,31.24934600054985,2.1329399969545193,57.01532300008694,0.49688969807313,507,0,0,214,0.9722546728971962,0
25.37644,13,0,0,0.0,31.19137899921043,2.150565000192728,31.220769000356086,0.49591156874621445,508,0,0,215,0.9715116279069768,0
25.40727,13,0,0,0.0,30.808221999905072,2.214734002336627,30.833773002086673,0.49493728275653615,509,0,0,215,0.9752906976744186,0
25.43798,13,0,0,0.0,30.670279000332812,2.134815000317758,30.70116700109793,0.4939668174962293,510,0,0,217,0.9700460829493087,0
25.46809,13,0,0,0.0,30.08348100047442,2.1641639978042804,30.11057099865866,0.49300015053439716,511,0,0,217,0.9737903225806451,0
25.49893,13,0,0,0.0,30.80597900043358,2.1523780014831573,30.835055997158634,0.4920372596153846,512,0,0,218,0.9730504587155964,0
25.52964,13,0,0,0.0,30.677618000481743,2.1482239972101524,30.706935001944657,0.49107812265707007,513,0,0,219,0.9723173515981736,0
25.5603,13,0,0,0.0,30.620020999776898,2.173349002987379,30.650346998299938,0.49012271774917693,514,0,0,220,0.9715909090909091,0
25.59116,13,0,0,0.0,30.835014000331284,2.1509690013772342,30.86129599978449,0.48917102315160566,515,0,0,220,0.975284090909091,0
25.62198,13,0,0,0.0,30.77882999787107,2.175341000111075,30.809587999101495,0.4882230172927847,516,0,0,222,0.9701576576576577,0
25.6528,13,0,0,0.0,30.78053299759631,2.1579660024144687,30.816597998637008,0.48727867876804043,517,0,0,189,0.97255291005291,0
25.68339,12,0,0,0.0,30.559177001123317,1.9002299995918293,30.58629799852497,0.48511904761904767,476,0,0,190,0.9713815789473684,0
25.71392,12,0,0,0.0,30.499239001073875,1.8982000001415145,30.527392998919822,0.4841020265548568,477,0,0,192,0.9651692708333334,0
25.74423,12,0,0,0.0,30.272263000370003,1.8794429997797124,30.306566000945168,0.4830892608089261,478,0,0,192,0.9690755208333334,0
25.77412,12,0,0,0.0,29.861879000236513,1.881860000139568,29.887892997066956,0.482080723729993,479,0,0,192,0.9729817708333334,0
25.80458,12,0,0,0.0,30.411957999604056,1.9255100014561322,30.46093199736788,0.48107638888888893,480,0,0,194,0.9668170103092784,0
25.83485,12,0,0,0.0,30.236431000957964,1.8885950012190733,30.261658001109026,0.4800762300762301,481,0,0,194,0.9706829896907216,0
25.86522,12,0,0,0.0,30.33006999976351,1.8846349994419143,30.367758001375478,0.4790802213001383,482,0,0,195,0.969551282051282,0
25.8957,12,0,0,0.0,30.450022000877652,1.9091100002697203,30.475143001240212,0.478088336783989,483,0,0,195,0.9733974358974359,0
25.92603,12,0,0,0.0,30.301373000838794,1.9131819972244557,30.329614997754106,0.47710055096418735,484,0,0,197,0.9673223350253807,0
25.95647,12,0,0,0.0,30.41219799706596,1.9261900015408173,30.43778700157418,0.4761168384879725,485,0,0,197,0.9711294416243654,0
25.98704,12,0,0,0.0,30.53884299879428,1.9361980012035929,30.56384499723208,0.47513717421124824,486,0,0,197,0.9749365482233503,0
26.01694,12,0,0,0.0,29.868344001442892,1.9477419991744682,29.896838997956365,0.47416153319644083,487,0,0,198,0.9738005050505051,0
26.0475,12,0,0,0.0,30.52341800139402,1.9577679995563813,30.551784999261145,0.47318989071038253,488,0,0,199,0.972675879396985,0
26.07802,12,0,0,0.0,30.496360999677563,1.9507620017975569,30.520566000632243,0.4722222222222222,489,0,0,199,0.9764447236180904,0
26.10874,12,0,0,0.0,30.68852900105412,1.953312999830814,30.718027999682818,0.47125850340136055,490,0,0,201,0.9704601990049752,0
26.16846,13,1,38,27.460989000246627,32.19084100055625,2.149343999917619,59.71222299922374,0.505091649694501,491,0,0,190,0.9700657894736842,0
26.19971,12,0,0,0.0,31.213149999530287,1.980698998522712,31.243147001077887,0.5005081300813008,492,0,0,191,0.9689136125654451,0
26.23036,12,0,0,0.0,30.616732001362834,1.9209929996577557,30.647730000055162,0.49949290060851925,493,0,0,192,0.9677734375,0
26.26112,12,0,0,0.0,30.730296999536222,1.923193001857726,30.756985001062276,0.4984817813765182,494,0,0,192,0.9716796875,0
26.29112,12,0,0,0.0,29.97052499995334,1.9157320020894986,29.99585100042168,0.4974747474747475,495,0,0,192,0.9755859375,0
26.32164,12,0,0,0.0,30.484273000183748,1.9269789991085418,30.513132001942722,0.4964717741935484,496,0,0,194,0.9693943298969072,0
26.3522,12,0,0,0.0,30.52930500052753,1.9315589997859206,30.555866000213427,0.49547283702213285,497,0,0,194,0.9732603092783505,0
26.38336,12,0,0,0.0,31.121859999984736,1.9324380009493325,31.15879200049676,0.4944779116465864,498,0,0,195,0.9721153846153846,0
26.41393,12,0,0,0.0,30.53820000059204,1.9511280006554443,30.563717999029905,0.49348697394789576,499,0,0,195,0.9759615384615384,0
26.44467,12,0,0,0.0,30.70664100232534,1.9329759998072404,30.73930900063715,0.49250000000000005,500,0,0,197,0.9698604060913706,0
26.4755,12,0,0,0.0,30.782015001022955,1.953234001121018,30.820853000477655,0.4915169660678643,501,0,0,182,0.9666895604395604,0
26.50617,11,0,0,0.0,30.639772001450183,1.8577239970909432,30.674669000291033,0.490220934444042,502,0,0,169,0.9681952662721893,0
26.53592,10,0,0,0.0,29.71331399749033,1.6895000007934868,29.740375000983477,0.47952286282306167,503,0,0,169,0.9718934911242604,0
26.56623,10,0,0,0.0,30.281105999165447,1.687052001216216,30.307905002700863,0.47857142857142854,504,0,0,169,0.9755917159763313,0
26.5965,10,0,0,0.0,30.236865000915714,1.6980919972411357,30.26081500138389,0.4776237623762376,505,0,0,169,0.9792899408284024,0
26.62683,10,0,0,0.0,30.30193900121958,1.705777998722624,30.333259001054103,0.4766798418972332,506,0,0,171,0.9714912280701754,0
26.65722,10,0,0,0.0,30.347927000548225,1.718169001833303,30.38474499771837,0.4757396449704142,507,0,0,171,0.9751461988304093,0
26.68768,10,0,0,0.0,30.4294090019539,1.7191840015584603,30.457619999651797,0.4748031496062992,508,0,0,172,0.9731104651162791,0
26.71792,10,0,0,0.0,30.208594998839544,1.7243000002054032,30.236278002121253,0.4738703339882122,509,0,0,173,0.9710982658959537,0
26.74814,10,0,0,0.0,30.182358001184184,1.719615000183694,30.20804400148336,0.4729411764705882,510,0,0,173,0.9747109826589595,0
26.77808,10,0,0,0.0,29.9109640000097,1.732999000523705,29.95366799950716,0.4720156555772994,511,0,0,173,0.9783236994219653,0
26.80869,10,0,0,0.0,30.549598999641603,1.7576560021552723,30.59307800140232,0.47109375,512,0,0,159,0.9736635220125787,0
26.8397,9,0,0,0.0,30.972976001066854,1.5951140012475662,31.002100000478094,0.46350444011262726,513,0,0,159,0.9772012578616353,0
26.87072,9,0,0,0.0,30.986751000455115,1.6072380021796562,31.01870200043777,0.4626026805015132,514,0,0,160,0.974609375,0
26.90211,9,0,0,0.0,31.354219998320332,1.6304839991789777,31.382621000375366,0.46170442286947144,515,0,0,160,0.978125,0
26.93333,9,0,0,0.0,31.188310000288766,1.631000999623211,31.21941099743708,0.46080964685615844,516,0,0,162,0.9695216049382716,0
26.96542,9,0,0,0.0,32.05672499825596,1.658154997130623,32.088662999740336,0.4599183322587578,517,0,0,163,0.9670245398773006,0
26.99704,9,0,0,0.0,31.578906000504503,1.6507179971085861,31.608489000063855,0.459030459030459,518,0,0,163,0.9704754601226994,0
27.02724,9,0,0,0.0,30.15134299857891,1.6745959983381908,30.197656000382267,0.45814600727895527,519,0,0,137,0.9744525547445255,0
27.05815,8,0,0,0.0,30.868936999468133,1.440348001779057,30.904326999007026,0.4865384615384616,520,0,0,104,0.9753605769230769,0
27.08964,7,0,0,0.0,31.464204999792855,1.1362250006641261,31.488014999922598,0.3682366679641884,367,0,0,104,0.9795673076923077,0
27.12001,7,0,0,0.0,30.339674001879757,1.0812649998115376,30.36979100215831,0.3672360248447205,368,0,0,106,0.9652122641509434,0
27.15014,7,0,0,0.0,30.10025700132246,1.1547540016181301,30.1258740000776,0.36624080526519553,369,0,0,106,0.9693396226415094,0
27.18047,7,0,0,0.0,30.291357998066815,1.1053329981223214,30.31862400166574,0.36525096525096523,370,0,0,107,0.9643691588785047,0
27.21098,7,0,0,0.0,30.481585999950767,1.129903997934889,30.507743002090137,0.36426646130150175,371,0,0,108,0.9594907407407407,0
27.24113,7,0,0,0.0,30.120360999717377,1.108886001020437,30.1461900016875,0.36328725038402454,372,0,0,108,0.9635416666666666,0
27.29765,8,1,198,25.985694999690168,30.489046999718994,1.225418000103673,56.51703799958341,0.3756702412868632,373,0,0,121,0.9664256198347108,0
27.32798,8,0,0,0.0,30.30312199916807,1.2375629994494375,30.328893000842072,0.3746657754010695,374,0,0,121,0.9705578512396694,0
27.35771,8,0,0,0.0,29.699979000724852,1.2382490021991543,29.72684899941669,0.3736666666666667,375,0,0,121,0.9746900826446281,0
27.38888,8,0,0,0.0,31.133042997680604,1.2755380012094975,31.160616999841295,0.37267287234042556,376,0,0,122,0.9707991803278688,0
27.41913,8,0,0,0.0,30.214129998057615,1.2470500005292706,30.24622000157251,0.371684350132626,377,0,0,106,0.9758254716981132,0
27.44915,7,0,0,0.0,29.989790000399807,1.0980939987348393,30.01724500063574,0.37452758881330306,378,0,0,107,0.9707943925233645,0
27.47962,7,0,0,0.0,30.43550099755521,1.1148660014441703,30.464311999821803,0.3735393893705239,379,0,0,108,0.9658564814814815,0
27.50999,7,0,0,0.0,30.33854900058941,1.1083549979957752,30.363847999979043,0.37255639097744364,380,0,0,108,0.9699074074074074,0
27.56605,8,1,583,26.171035999141168,29.838237998774275,1.519625999208074,56.05313900014153,0.5156518010291595,583,0,0,145,0.9771551724137931,0
27.59681,8,0,0,0.0,30.72619299928192,1.5408889994432684,30.75688700118917,0.5147688356164384,584,0,0,121,0.9772727272727273,0
27.62714,7,0,0,0.0,30.286329998489236,1.3463789982779417,30.314613999507856,0.537973137973138,585,0,0,122,0.9728483606557377,0
27.65766,7,0,0,0.0,30.493367001326988,1.3583500003733207,30.522870998538565,0.5370550950755728,586,0,0,123,0.9684959349593496,0
27.68829,7,0,0,0.0,30.598278000979917,1.4096610029810108,30.622278001828818,0.5361401800924799,587,0,0,123,0.9720528455284553,0
27.71866,7,0,0,0.0,30.340953002450988,1.3607079999928828,30.366417002369417,0.5352283770651118,588,0,0,123,0.975609756097561,0
27.74893,7,0,0,0.0,30.237074999604374,1.3417039990599733,30.264359000284458,0.5343196701430997,589,0,0,124,0.9712701612903226,0
27.77933,7,0,0,0.0,30.369310999958543,1.36077799834311,30.39259799697902,0.5334140435835351,590,0,0,124,0.9747983870967742,0
27.80892,7,0,0,0.0,29.56591299880529,1.3870910006517079,29.588511999463663,0.5325114817500605,591,0,0,124,0.9783266129032258,0
27.8391,7,0,0,0.0,30.156822002027184,1.362413000606466,30.181542999343947,0.5316119691119692,592,0,0,125,0.974,0
27.86926,7,0,0,0.0,30.13463800016325,1.3672890017915051,30.15874700213317,0.5307154902433149,593,0,0,125,0.9775,0
27.89965,7,0,0,0.0,30.354435999470297,1.3753899984294549,30.379428000742337,0.5298220298220297,594,0,0,126,0.9732142857142857,0
27.93002,7,0,0,0.0,30.345069000759395,1.3634299975819886,30.369678999704774,0.5289315726290515,595,0,0,126,0.9766865079365079,0
27.96054,7,0,0,0.0,30.491597000946058,1.4065579998714384,30.51971999957459,0.5280441035474592,596,0,0,127,0.9724409448818898,0
27.99134,7,0,0,0.0,30.74337500220281,1.386135998473037,30.789256998104975,0.5271596075616176,597,0,0,128,0.96826171875,0
28.02196,7,0,0,0.0,30.595716001698747,1.4304850010375958,30.621925001469208,0.5262780697563306,598,0,0,128,0.9716796875,0
28.05183,7,0,0,0.0,29.83540599961998,1.409127999068005,29.860388000088278,0.5253994753160028,599,0,0,128,0.97509765625,0
28.0827,7,0,0,0.0,30.840587998682167,1.4109240000834689,30.865818000165746,0.5245238095238095,600,0,0,128,0.978515625,0
28.11361,7,0,0,0.0,30.87505200164742,1.4372849982464686,30.904372997611063,0.5236510577608747,601,0,0,129,0.9743217054263565,0
28.1442,7,0,0,0.0,30.5634350006585,1.4021200004208367,30.591683000238845,0.5227812055054579,602,0,0,130,0.9701923076923077,0
28.17476,7,0,0,0.0,30.523993002134375,1.432078999641817,30.55168699938804,0.5219142383321488,603,0,0,130,0.9735576923076923,0
28.20532,7,0,0,0.0,30.522437999024987,1.42056300319382,30.5557100000442,0.5210501419110691,604,0,0,92,0.9694293478260869,0
28.23527,6,0,0,0.0,29.907460000686115,0.9535169992886949,29.943182002170943,0.2252985884907709,307,0,0,74,0.9586148648648649,0
28.26529,5,0,0,0.0,29.997390000062296,0.8497899980284274,30.024376999790547,0.262987012987013,308,0,0,74,0.9628378378378378,0
28.29584,5,0,0,0.0,30.518273000780027,0.8708780005690642,30.543125998519827,0.2621359223300971,309,0,0,74,0.9670608108108109,0
28.32642,5,0,0,0.0,30.55408300133422,0.875801000802312,30.578437999793096,0.2612903225806451,310,0,0,74,0.9712837837837838,0
28.35579,5,0,0,0.0,29.333136000786908,0.8624340007372666,29.358761999901617,0.26045016077170413,311,0,0,74,0.9755067567567568,0
28.38645,5,0,0,0.0,30.63314300015918,0.8653410004626494,30.660078999062534,0.2596153846153846,312,0,0,75,0.9666666666666667,0
28.41702,5,0,0,0.0,30.537665999872843,0.9031490008055698,30.563338001229567,0.2587859424920128,313,0,0,75,0.9708333333333333,0
28.44708,5,0,0,0.0,30.03154399993946,0.8671190007589757,30.0576439985889,0.2579617834394905,314,0,0,75,0.975,0
28.47703,5,0,0,0.0,29.918890999397263,0.870275998750003,29.947324001113884,0.2571428571428571,315,0,0,76,0.9662828947368421,0
28.50723,5,0,0,0.0,30.15500200126553,0.8719639990886208,30.1855469988368,0.25632911392405067,316,0,0,76,0.9703947368421053,0
28.53724,5,0,0,0.0,29.982461001054617,0.8557950022805016,30.00776000044425,0.25552050473186116,317,0,0,76,0.9745065789473685,0
28.56744,5,0,0,0.0,30.17014600118273,0.8823290008876938,30.194301998562878,0.2547169811320755,318,0,0,76,0.9786184210526315,0
28.59692,5,0,0,0.0,29.450067999277962,0.8680520004418213,29.475403996912064,0.25391849529780564,319,0,0,77,0.9699675324675324,0
28.62673,5,0,0,0.0,29.787524999846937,0.8754520022193901,29.811232001520693,0.25312500000000004,320,0,0,78,0.9615384615384616,0
28.65658,5,0,0,0.0,29.799929998262087,0.8526109995727893,29.848996000509942,0.25233644859813087,321,0,0,62,0.969758064516129,0
28.6866,4,0,0,0.0,29.98009600196383,0.7646859994565602,30.0106560025597,0.25310559006211175,322,0,0,54,0.9791666666666666,0
28.7162,3,0,0,0.0,29.57528399929288,0.7147029973566532,29.60918999815476,0.12693498452012386,323,0,0,55,0.9647727272727272,0
28.74626,3,0,0,0.0,30.019697001989698,0.7234330005303491,30.04116900046938,0.12654320987654322,324,0,0,55,0.9681818181818181,0
28.77631,3,0,0,0.0,30.024637999304105,0.7151509998948313,30.04834399689571,0.12615384615384617,325,0,0,55,0.9715909090909091,0
28.80626,3,0,0,0.0,29.91970099901664,0.752413001464447,29.941851000330644,0.12576687116564422,326,0,0,55,0.975,0
28.83545,3,0,0,0.0,29.16473000004771,0.7235060002130922,29.19094699973357,0.12538226299694188,327,0,0,55,0.9784090909090909,0
28.86567,3,0,0,0.0,30.18935499858344,0.7786169990140479,30.218939002224943,0.125,328,0,0,56,0.9642857142857143,0
28.89586,3,0,0,0.0,30.15202100141323,0.7448229989677202,30.175517000316177,0.12462006079027355,329,0,0,56,0.9676339285714286,0
28.92598,3,0,0,0.0,30.09286999804317,0.7609649983351119,30.117762998997932,0.12424242424242427,330,0,0,56,0.9709821428571429,0
28.95616,3,0,0,0.0,30.151871000271058,0.7632029992237221,30.17693099900498,0.1238670694864048,331,0,0,56,0.9743303571428571,0
28.98667,3,0,0,0.0,30.477811000309885,0.7735429971944541,30.50165999957244,0.12349397590361444,332,0,0,56,0.9776785714285714,0
29.01686,3,0,0,0.0,30.168358000082662,0.759542002924718,30.19363499697647,0.12312312312312312,333,0,0,56,0.9810267857142857,0
29.04708,3,0,0,0.0,30.190966001100605,0.7904890007921495,30.21679899757146,0.1227544910179641,334,0,0,56,0.984375,0
29.07665,3,0,0,0.0,29.540848001488484,0.7764920010231435,29.568292000476504,0.12238805970149258,335,0,0,56,0.9877232142857143,0
29.1071,3,0,0,0.0,30.416672001592815,0.756689998524962,30.442360999586526,0.12202380952380953,336,0,0,57,0.9736842105263158,0
29.1638,4,1,319,26.041913999506505,30.604160001530545,0.877516002219636,56.69060999935027,0.10459940652818989,337,0,0,77,0.9829545454545454,0
29.22024,5,1,35,25.848862998827826,30.53431599983014,0.9161980015051086,56.435084999975516,0.2627218934911243,338,0,0,81,0.9652777777777778,0
29.25075,5,0,0,0.0,30.476271000225097,0.9074959998542909,30.5063740015612,0.2619469026548673,339,0,0,82,0.9573170731707317,0
29.28115,5,0,0,0.0,30.368349001946626,0.9162060014205053,30.394842997338856,0.26117647058823534,340,0,0,82,0.9611280487804879,0
29.33789,6,1,378,26.097435998963192,30.584393000026466,1.0968679998768494,56.73879900132306,0.27733686067019403,378,0,0,84,0.9694940476190477,0
29.36836,5,0,0,0.0,30.439715999818873,0.9639209965826012,30.46591800011811,0.312401055408971,379,0,0,84,0.9732142857142857,0
29.39986,5,0,0,0.0,31.460476999200182,0.9462710004299879,31.488988002820406,0.31157894736842107,380,0,0,84,0.9769345238095238,0
29.43067,5,0,0,0.0,30.78290399935213,0.9800950028875377,30.81332600049791,0.31076115485564304,381,0,0,85,0.9691176470588235,0
29.48787,6,1,194,26.36072499808506,30.78082499996526,1.0751160007202998,57.18515800253954,0.3403141361256544,382,0,0,98,0.9681122448979592,0
29.51782,6,0,0,0.0,29.91797299910104,1.1150879981869366,29.945024001790443,0.33942558746736295,383,0,0,98,0.9719387755102041,0
29.54844,6,0,0,0.0,30.592152001190698,1.1226390015508514,30.623547001596307,0.33854166666666663,384,0,0,99,0.9659090909090909,0
29.5791,6,0,0,0.0,30.62895900075091,1.1011180031346157,30.65719999722205,0.33766233766233766,385,0,0,99,0.9696969696969697,0
29.60975,6,0,0,0.0,30.614045997936046,1.0955629986710846,30.639846001577098,0.33678756476683935,386,0,0,99,0.9734848484848485,0
29.64048,6,0,0,0.0,30.69675900042057,1.1139870002807584,30.722932002390735,0.3359173126614987,387,0,0,99,0.9772727272727273,0
29.67104,6,0,0,0.0,30.528190000040922,1.094940998882521,30.55924000000232,0.3350515463917526,388,0,0,100,0.97125,0
29.70176,6,0,0,0.0,30.685147001349833,1.0964400025841314,30.712277999555226,0.33419023136246784,389,0,0,100,0.975,0
29.73234,6,0,0,0.0,30.554920002032304,1.0969319992000237,30.581868999433937,0.33333333333333337,390,0,0,100,0.97875,0
29.76212,6,0,0,0.0,29.738002998783486,1.089600998966489,29.767961001198273,0.3324808184143222,391,0,0,101,0.9727722772277227,0
29.79265,6,0,0,0.0,30.503822999889962,1.111255001887912,30.53010700023151,0.33163265306122447,392,0,0,102,0.9669117647058824,0
29.82297,6,0,0,0.0,30.29227599836304,1.0778979994938709,30.31686399845057,0.3307888040712468,393,0,0,102,0.9705882352941176,0
29.87905,7,1,86,25.611700999434106,30.41383500021766,1.1932039997191168,56.06957599957241,0.3944887599709934,394,0,0,108,0.9704861111111112,0
29.90951,7,0,0,0.0,30.4323390009813,1.1847880014101975,30.45704900068813,0.39349005424954797,395,0,0,108,0.9745370370370371,0
29.93993,7,0,0,0.0,30.389371000637766,1.2020760004816111,30.419020000408636,0.39249639249639245,396,0,0,109,0.9696100917431193,0
29.97042,7,0,0,0.0,30.441577000601683,1.1989029990218114,30.480889003229095,0.39150773659589777,397,0,0,91,0.9677197802197802,0
30.00082,6,0,0,0.0,30.369979998795316,1.0468000000400934,30.393974000617163,0.40996649916247907,398,0,0,91,0.9718406593406593,0
30.03037,6,0,0,0.0,29.527652000979288,1.0705130007409025,29.552567000791896,0.40893901420217205,399,0,0,91,0.9759615384615384,0
30.06052,6,0,0,0.0,30.118098999082576,1.0397779988124967,30.14600399910705,0.4079166666666667,400,0,0,92,0.9694293478260869,0
30.09082,6,0,0,0.0,30.266186000517337,1.05707100010477,30.28881299906061,0.4068994181213632,401,0,0,92,0.9735054347826086,0
30.1209,6,0,0,0.0,30.05748600116931,1.0378079969086684,30.08095100085484,0.40588723051409614,402,0,0,92,0.9775815217391305,0
30.15118,6,0,0,0.0,30.248463997850195,1.057498997397488,30.274643999291584,0.40488006617038874,403,0,0,92,0.9816576086956522,0
30.18142,6,0,0,0.0,30.210478998924373,1.0655539990693796,30.240481999499025,0.40387788778877887,404,0,0,94,0.9647606382978723,0
30.21173,6,0,0,0.0,30.274384997028392,1.0644699978001881,30.297805002192035,0.402880658436214,405,0,0,94,0.96875,0
30.24196,6,0,0,0.0,30.211610999685945,1.070954000169877,30.234863002988277,0.40188834154351394,406,0,0,94,0.9727393617021277,0
30.27165,6,0,0,0.0,29.655763999471674,1.0891970014199615,29.684911998629104,0.4009009009009009,407,0,0,95,0.9664473684210526,0
30.30208,6,0,0,0.0,30.399260998819955,1.060964001226239,30.425029999605613,0.3999183006535948,408,0,0,96,0.9602864583333334,0
30.35946,7,1,175,26.728655000624713,30.600790996686555,1.2250940017111134,57.37414100076421,0.42368145302130633,409,0,0,107,0.967873831775701,0
30.39037,7,0,0,0.0,30.88118899904657,1.213485000334913,30.909086999599822,0.4226480836236933,410,0,0,108,0.9629629629629629,0
30.42101,7,0,0,0.0,30.603267001424683,1.2511439999798313,30.629289001808502,0.42161974278762604,411,0,0,108,0.9670138888888888,0
30.45142,7,0,0,0.0,30.38480599934701,1.2098719998903107,30.414854001719505,0.4205963938973648,412,0,0,109,0.9621559633027523,0
30.482,7,0,0,0.0,30.541181997250533,1.2271110026631504,30.569672999263275,0.4195780006918022,413,0,0,109,0.9661697247706422,0
30.51287,7,0,0,0.0,30.839380000543315,1.2268840000615455,30.86519999851589,0.41856452726017945,414,0,0,109,0.9701834862385321,0
30.54284,7,0,0,0.0,29.93744099876494,1.2412340001901612,29.963804001454264,0.4175559380378657,415,0,0,109,0.974197247706422,0
30.5733,7,0,0,0.0,30.43179000087548,1.2288839971006382,30.462070997600676,0.41655219780219777,416,0,0,110,0.9693181818181819,0
30.63148,8,1,556,27.31981200122391,30.80525299810688,1.6220939978666138,58.170944001176395,0.4914568345323741,556,0,0,145,0.978448275862069,0
30.68867,9,1,239,26.010222998593235,31.130270999710774,1.8180619990744162,57.18600299951504,0.4995012966287652,557,0,0,160,0.98359375,0
30.7195,9,0,0,0.0,30.799439999100287,1.750770999933593,30.82685799745377,0.4986061330147352,558,0,0,161,0.9809782608695652,0
30.74993,9,0,0,0.0,30.39167700262624,1.754770000843564,30.426720000832574,0.4977141721327768,559,0,0,140,0.96875,0
30.78086,8,0,0,0.0,30.901333997462643,1.5719589973741677,30.928951997339027,0.515625,560,0,0,141,0.9654255319148937,0
30.81148,8,0,0,0.0,30.585264998080675,1.5052460003062151,30.60825099964859,0.5147058823529411,561,0,0,141,0.9689716312056738,0
30.84194,8,0,0,0.0,30.430495000473456,1.5024949971120805,30.455446998530533,0.5137900355871886,562,0,0,141,0.9725177304964538,0
30.87254,8,0,0,0.0,30.575747001421405,1.506963002611883,30.603391001932323,0.5128774422735347,563,0,0,142,0.9691901408450704,0
30.9031,8,0,0,0.0,30.516140002873726,1.5227789990603924,30.55512699938845,0.511968085106383,564,0,0,142,0.9727112676056338,0
30.93363,8,0,0,0.0,30.495794999296777,1.5161299997998867,30.52241100158426,0.5110619469026549,565,0,0,143,0.9694055944055944,0
30.96418,8,0,0,0.0,30.522574998030905,1.5146219993766863,30.546141999366228,0.5101590106007068,566,0,0,143,0.9729020979020979,0
30.99443,8,0,0,0.0,30.217368999728933,1.539878998300992,30.24373299922445,0.5092592592592593,567,0,0,144,0.9696180555555556,0
31.02512,8,0,0,0.0,30.660833999718307,1.537852000183193,30.686435002280632,0.508362676056338,568,0,0,144,0.9730902777777778,0
31.05576,8,0,0,0.0,30.61133799928939,1.57228500029305,30.637247997219674,0.5074692442882249,569,0,0,144,0.9765625,0
31.09137,8,0,0,0.0,35.57769000326516,1.5380539989564568,35.604421002062736,0.506578947368421,570,0,0,144,0.9800347222222222,0
31.13008,8,0,0,0.0,38.677483000356006,1.6902860006666742,38.70779199860408,0.50569176882662,571,0,0,145,0.9767241379310345,0
31.16096,8,0,0,0.0,30.845245000818977,1.5686900005675852,30.878962999850046,0.5048076923076923,572,0,0,129,0.9825581395348837,0
31.19138,7,0,0,0.0,30.388095998205245,1.3969219980936032,30.411968000407796,0.4943904263275991,573,0,0,129,0.9859496124031008,0
31.22181,7,0,0,0.0,30.405001001781784,1.4095389997237362,30.43390799939516,0.493529118964659,574,0,0,130,0.9817307692307692,0
31.25153,7,0,0,0.0,29.678824001166504,1.3968749990453944,29.706841000006534,0.4926708074534162,575,0,0,132,0.9701704545454546,0
31.2821,7,0,0,0.0,30.53495899803238,1.3975170004414394,30.563541000447003,0.49181547619047616,576,0,0,133,0.9661654135338346,0
31.31262,7,0,0,0.0,30.485380000754958,1.4226860002963804,30.508906002069125,0.49096310968061396,577,0,0,133,0.9694548872180451,0
31.34296,7,0,0,0.0,30.312295999465277,1.4078530002734624,30.344319999130676,0.4901136925358379,578,0,0,105,0.9702380952380952,0
31.37311,6,0,0,0.0,30.12030600075377,1.201855000545038,30.145462998916628,0.5308002302820956,579,0,0,106,0.964622641509434,0
31.40411,6,0,0,0.0,30.971387001045514,1.205966000270564,30.99329000178841,0.5298850574712644,580,0,0,106,0.9681603773584906,0
31.43452,6,0,0,0.0,30.373706998943817,1.221721999172587,30.403402000956703,0.5289730349971313,581,0,0,107,0.9626168224299065,0
31.4651,6,0,0,0.0,30.55380200021318,1.2322740003583021,30.581623999751173,0.5280641466208477,582,0,0,107,0.9661214953271028,0
31.4952,6,0,0,0.0,30.06511100102216,1.2597489985637367,30.091164000623394,0.52715837621498,583,0,0,107,0.969626168224299,0
31.52555,6,0,0,0.0,30.32206500211032,1.2416130011843052,30.348366999533027,0.5262557077625571,584,0,0,107,0.9731308411214953,0
31.5558,6,0,0,0.0,30.2069079989451,1.2085819980711676,30.23271199708688,0.5253561253561254,585,0,0,107,0.9766355140186916,0
31.58614,6,0,0,0.0,30.308713001431897,1.2303139992582146,30.333827999129426,0.5244596131968146,586,0,0,107,0.9801401869158879,0
31.61649,6,0,0,0.0,30.323406001116382,1.240633999259444,30.345889001182513,0.5235661555934128,587,0,0,107,0.9836448598130841,0
31.67304,7,1,236,25.95506500074407,30.549163002433488,1.3815269994665869,56.550010998762446,0.5335276967930029,588,0,0,122,0.9871926229508197,0
31.70353,7,0,0,0.0,30.455599997367244,1.396924999426119,30.480145000183256,0.5326218772738298,589,0,0,122,0.9907786885245902,0
31.7338,7,0,0,0.0,30.240042000514222,1.378590997774154,30.266206002124818,0.5317191283292978,590,0,0,123,0.9862804878048781,0
31.76369,7,0,0,0.0,29.860997001378564,1.3859620012226515,29.88982800161466,0.5308194343727339,591,0,0,125,0.974,0
31.79433,7,0,0,0.0,30.602728002122603,1.4076040024519898,30.630421999376267,0.5299227799227799,592,0,0,127,0.9621062992125984,0
31.82465,7,0,0,0.0,30.298461999336723,1.4011320017743856,30.32260300096823,0.5290291496025055,593,0,0,127,0.9655511811023622,0
31.85496,7,0,0,0.0,30.279616003099363,1.3857429985364433,30.30443000170635,0.5281385281385281,594,0,0,127,0.968996062992126,0
31.88537,7,0,0,0.0,30.378940999071347,1.3918370023020543,30.406933001358993,0.527250900360144,595,0,0,128,0.96484375,0
31.94225,8,1,405,26.03396699851146,30.799369000305887,1.6230660003202502,56.877865998103516,0.5006291946308725,596,0,0,154,0.9695616883116883,0
31.99883,9,1,117,25.59345799818402,30.93374400123139,1.7564959998708218,56.57406899990747,0.5335938954029407,597,0,0,163,0.964340490797546,0
32.02965,9,0,0,0.0,30.782156998611754,1.7586190006113611,30.809564002993284,0.5327015979189893,598,0,0,163,0.9677914110429447,0
32.05982,9,0,0,0.0,30.138885998894693,1.744209999742452,30.16518500226084,0.5318122797254683,599,0,0,163,0.9712423312883436,0
32.09049,9,0,0,0.0,30.644389997178223,1.7422529999748804,30.66901399870403,0.5309259259259259,600,0,0,163,0.9746932515337423,0
32.1213,9,0,0,0.0,30.772328998864396,1.971844001673162,30.804078000073787,0.5300425217230542,601,0,0,131,0.9794847328244275,0
32.15166,7,0,0,0.0,30.330179000884527,1.417895000486169,30.35492400158546,0.5128144280968201,602,0,0,131,0.982824427480916,0
32.18201,7,0,0,0.0,30.32140600043931,1.4382789995579515,30.345600000146078,0.5119639895759298,603,0,0,131,0.9861641221374046,0
32.21231,7,0,0,0.0,30.27879800356459,1.4377879997482523,30.30162399954861,0.511116367076632,604,0,0,131,0.9895038167938931,0
32.24261,7,0,0,0.0,30.26908399988315,1.4374400016095024,30.292813997220946,0.510271546635183,605,0,0,131,0.9928435114503816,0
32.27314,7,0,0,0.0,30.49755199754145,1.4519960022880696,30.524794001394184,0.5094295143800094,606,0,0,132,0.9886363636363636,0
32.30293,7,0,0,0.0,29.757631000393303,1.4519260002998635,29.783424997731345,0.5085902565309485,607,0,0,134,0.9771455223880597,0
32.35921,8,1,44,25.46324400100275,30.771077999816043,1.5737970024929382,56.28014499961864,0.5602384868421053,608,0,0,140,0.9584821428571428,0
32.38989,8,0,0,0.0,30.654392001451924,1.5839670013519935,30.679318002512446,0.5593185550082103,609,0,0,140,0.9620535714285714,0
32.42075,8,0,0,0.0,30.825817997538252,1.5474879983230494,30.850224997266196,0.5584016393442623,610,0,0,140,0.965625,0
32.45158,8,0,0,0.0,30.79086300203926,1.5567929985991213,30.830772000626894,0.5574877250409165,611,0,0,140,0.9691964285714286,0
32.5086,9,1,96,25.802972002566094,31.155459000729024,1.7046530010702554,57.00935999993817,0.5884168482207698,612,0,0,148,0.9611486486486487,0
32.53964,9,0,0,0.0,31.01096300088102,1.6899299989745487,31.042680999235017,0.5874569512416168,613,0,0,149,0.9584731543624161,0
32.57049,9,0,0,0.0,30.810406999080442,1.6962259978754446,30.838057999062585,0.5865001809627217,614,0,0,149,0.962248322147651,0
32.60095,9,0,0,0.0,30.43027599778725,1.7009149996738415,30.45567500157631,0.585546522131888,615,0,0,149,0.9660234899328859,0
32.63186,9,0,0,0.0,30.878920999384718,1.6847779988893308,30.90688200245495,0.5845959595959596,616,0,0,149,0.9697986577181208,0
32.66279,9,0,0,0.0,30.89911899951403,1.701774999673944,30.926899002224673,0.583648478300018,617,0,0,149,0.9735738255033557,0
32.71876,10,1,102,25.477651997789508,30.44749599939678,1.8247160005557816,55.968739001400536,0.6079288025889968,618,0,0,156,0.9747596153846154,0
32.74902,10,0,0,0.0,30.228799001633888,1.7950369983736891,30.255345001933165,0.6069466882067851,619,0,0,156,0.9787660256410257,0
32.77951,10,0,0,0.0,30.45569000096293,1.8138500017812476,30.48339599990868,0.6059677419354839,620,0,0,156,0.9827724358974359,0
32.80999,10,0,0,0.0,30.4501650025486,1.8383389979135245,30.47502299887128,0.6049919484702093,621,0,0,156,0.9867788461538461,0
32.84022,10,0,0,0.0,30.198975997336674,1.818071999878157,30.2275499998359,0.6040192926045016,622,0,0,157,0.9844745222929936,0
32.86985,10,0,0,0.0,29.59962400200311,1.8132730001525488,29.62896300232387,0.6030497592295345,623,0,0,159,0.9760220125786163,0
32.90034,10,0,0,0.0,30.456084001343697,1.8173280004702974,30.483731999993324,0.6020833333333333,624,0,0,162,0.9618055555555556,0
32.93081,10,0,0,0.0,30.441921000601724,1.8612480016599875,30.467610999039607,0.60112,625,0,0,162,0.9656635802469136,0
32.96121,10,0,0,0.0,30.365749000338838,1.8228299995826092,30.392619999474846,0.6001597444089457,626,0,0,162,0.9695216049382716,0
32.99159,10,0,0,0.0,30.353780999575974,1.8245009996462613,30.38006000133464,0.5992025518341308,627,0,0,162,0.9733796296296297,0
33.02205,10,0,0,0.0,30.422488998738118,1.8148210001527332,30.450016998656793,0.5982484076433121,628,0,0,165,0.959469696969697,0
33.05225,10,0,0,0.0,30.172568000125466,1.7938290002348367,30.201245997886872,0.5972972972972973,629,0,0,166,0.9574548192771084,0
33.08253,10,0,0,0.0,30.251529002271127,1.787640998372808,30.276972000137903,0.5963492063492064,630,0,0,166,0.9612198795180723,0
33.11236,10,0,0,0.0,29.79758400033461,1.8034020031336695,29.82169900133158,0.5954041204437401,631,0,0,166,0.9649849397590361,0
33.14282,10,0,0,0.0,30.43428000091808,1.8184740001743194,30.460753998340806,0.5944620253164556,632,0,0,166,0.96875,0
33.17331,10,0,0,0.0,30.457896998996148,1.8386739975539967,30.485608000162756,0.593522906793049,633,0,0,166,0.9725150602409639,0
33.20386,10,0,0,0.0,30.513632998918183,1.8514819967094809,30.548292997991666,0.5925867507886435,634,0,0,146,0.9743150684931506,0
33.23469,9,0,0,0.0,30.802168999798596,1.6580209994572215,30.82993899806752,0.6017497812773404,635,0,0,146,0.978167808219178,0
33.26568,9,0,0,0.0,30.955312999140006,1.6676599989295937,30.986432000645436,0.6008036338225018,636,0,0,146,0.9820205479452054,0
33.29671,9,0,0,0.0,30.995074997917982,1.6769249996286817,31.022148999909405,0.5998604570033141,637,0,0,146,0.9858732876712328,0
33.32745,9,0,0,0.0,30.709309998201206,1.677703003224451,30.735595002624905,0.5989202368512714,638,0,0,146,0.9897260273972602,0
33.35753,9,0,0,0.0,30.034461997274775,1.6804009974293876,30.064368002058472,0.5979829594853069,639,0,0,148,0.980152027027027,0
33.38832,9,0,0,0.0,30.76161900025909,1.6892460007511545,30.791787001362536,0.5970486111111111,640,0,0,151,0.9644039735099338,0
33.41933,9,0,0,0.0,30.971985001087887,1.697117000730941,30.996585999673698,0.5961171780204542,641,0,0,151,0.9681291390728477,0
33.45026,9,0,0,0.0,30.91145299913478,1.6856649999681395,30.936743001802824,0.5951886465905157,642,0,0,151,0.9718543046357616,0
33.48099,9,0,0,0.0,30.697720998432487,1.7124810001405422,30.72330700160819,0.594263003283221,643,0,0,151,0.9755794701986755,0
33.51192,9,0,0,0.0,30.895070998667507,1.6854170025908388,30.925420000130543,0.5933402346445824,644,0,0,154,0.9602272727272727,0
33.54283,9,0,0,0.0,30.880902999342652,1.692204001301434,30.90994100057287,0.5924203273040483,645,0,0,155,0.9576612903225806,0
33.57369,9,0,0,0.0,30.826130998320878,1.7035170021699741,30.853035998006817,0.5915032679738562,646,0,0,155,0.9612903225806452,0
33.60401,9,0,0,0.0,30.278652000561124,1.6985820002446417,30.31191599802696,0.5905890434483942,647,0,0,142,0.9647887323943662,0
33.63487,8,0,0,0.0,30.82852800071123,1.5896519980742596,30.85664999889559,0.5771604938271605,648,0,0,142,0.9683098591549296,0
33.66597,8,0,0,0.0,31.07220699894242,1.5942610007186886,31.10077800010913,0.576271186440678,649,0,0,142,0.971830985915493,0
33.69681,8,0,0,0.0,30.809097999735968,1.5746500030218158,30.833453001832822,0.5753846153846154,650,0,0,142,0.9753521126760564,0
33.72744,8,0,0,0.0,30.59909899820923,1.5696159971412271,30.62389999831794,0.5745007680491552,651,0,0,142,0.9788732394366197,0
33.75818,8,0,0,0.0,30.71101100067608,1.5799649991095066,30.737027002032846,0.5736196319018405,652,0,0,142,0.9823943661971831,0
33.78917,8,0,0,0.0,30.960991000029026,1.5866539979469962,30.989545997726964,0.5727411944869831,653,0,0,142,0.9859154929577465,0
33.82008,8,0,0,0.0,30.874306001351215,1.589100000273902,30.90047400110052,0.5718654434250765,654,0,0,142,0.9894366197183099,0
33.85026,8,0,0,0.0,30.15534499718342,1.5971379980328493,30.18457399957697,0.5709923664122137,655,0,0,143,0.986013986013986,0
33.88101,8,0,0,0.0,30.71730900046532,1.5837669998290949,30.74776399807888,0.5701219512195121,656,0,0,146,0.9691780821917808,0
33.91161,8,0,0,0.0,30.564315999072278,1.5857329999562353,30.588606001401786,0.5692541856925419,657,0,0,146,0.9726027397260274,0
33.94206,8,0,0,0.0,30.41956999732065,1.5646309984731488,30.444276999332942,0.5683890577507599,658,0,0,146,0.976027397260274,0
33.97274,8,0,0,0.0,30.660050000733463,1.6291190004267264,30.68382899800781,0.56752655538695,659,0,0,146,0.9794520547945206,0
34.00359,8,0,0,0.0,30.81583099992713,1.586191003298154,30.843507996905828,0.5666666666666667,660,0,0,149,0.9630872483221476,0
34.03418,8,0,0,0.0,30.5621980005526,1.5900619982858188,30.59034900070401,0.5658093797276853,661,0,0,150,0.96,0
34.06484,8,0,0,0.0,30.631855999672553,1.5936859999783337,30.659230000310345,0.5649546827794563,662,0,0,150,0.9633333333333334,0
34.09482,8,0,0,0.0,29.945181999210035,1.6049410005507525,29.971638999995776,0.5641025641025641,663,0,0,150,0.9666666666666667,0
34.12573,8,0,0,0.0,30.87606000190135,1.6030349979700986,30.903177997970488,0.5632530120481928,664,0,0,150,0.97,0
34.15667,8,0,0,0.0,30.904830997315003,1.6274299996439368,30.94273399983649,0.562406015037594,665,0,0,108,0.9664351851851852,0
34.18689,7,0,0,0.0,30.186185998900328,1.1883799998031463,30.213332000130322,0.4977443609022556,475,0,0,108,0.9704861111111112,0
34.21711,7,0,0,0.0,30.192661000910448,1.1952770000789315,30.216398001357447,0.4966986794717887,476,0,0,108,0.9745370370370371,0
34.24715,7,0,0,0.0,30.009413996594958,1.2093309996998869,30.032989001483656,0.49565738244983526,477,0,0,108,0.9785879629629629,0
34.27718,7,0,0,0.0,30.00231600162806,1.1839160033559892,30.025168001884595,0.4946204423191871,478,0,0,108,0.9826388888888888,0
34.30663,7,0,0,0.0,29.4229559985979,1.1975989982602187,29.444772997521795,0.4935878317924247,479,0,0,108,0.9866898148148148,0
34.33655,7,0,0,0.0,29.89770600106567,1.1630640001385473,29.922398996859556,0.49255952380952384,480,0,0,109,0.981651376146789,0
34.3665,7,0,0,0.0,29.90541999679408,1.1644020014500711,29.945125999802258,0.4915354915354916,481,0,0,111,0.9679054054054054,0
34.39641,7,0,0,0.0,29.88078099951963,1.1897010008397046,29.910373999882722,0.49051570835803204,482,0,0,101,0.9702970297029703,0
34.42647,6,0,0,0.0,30.023105999134714,1.0927740004262887,30.05408500030171,0.4589371980676329,483,0,0,101,0.974009900990099,0
34.45652,6,0,0,0.0,30.025435000425205,1.079568999557523,30.048651999095455,0.4579889807162535,484,0,0,101,0.9777227722772277,0
34.48651,6,0,0,0.0,29.956220998428762,1.084486000763718,29.983142001583474,0.45704467353951894,485,0,0,103,0.962378640776699,0
34.51696,6,0,0,0.0,30.424655000388157,1.087993001419818,30.448768000496784,0.45610425240054875,486,0,0,104,0.9567307692307693,0
34.54646,6,0,0,0.0,29.4726210013323,1.1117819994979072,29.50676899854443,0.45516769336071183,487,0,0,104,0.9603365384615384,0
34.5766,6,0,0,0.0,30.10373399956734,1.1106749989266973,30.1293379998242,0.4542349726775956,488,0,0,104,0.9639423076923077,0
34.60688,6,0,0,0.0,30.24648099744809,1.0891659985645674,30.270885999925667,0.45330606680299934,489,0,0,104,0.9675480769230769,0
34.63714,6,0,0,0.0,30.23592400131747,1.107403000787599,30.261813997640274,0.45238095238095233,490,0,0,104,0.9711538461538461,0
34.66726,6,0,0,0.0,30.091787997662323,1.1171090009156615,30.116754998744,0.451459606245757,491,0,0,104,0.9747596153846154,0
34.6973,6,0,0,0.0,29.99921399896266,1.1190459990757518,30.030576999706682,0.4505420054200542,492,0,0,91,0.978021978021978,0
34.72723,5,0,0,0.0,29.907590000220807,1.0237319984298665,29.929025000456022,0.42231237322515214,493,0,0,91,0.9814560439560439,0
34.75711,5,0,0,0.0,29.84697699866956,0.9839759986789431,29.87624799789046,0.4214574898785425,494,0,0,71,0.9867957746478874,0
34.78637,4,0,0,0.0,29.237355000077514,0.8298410029965453,29.261431998747867,0.4338383838383838,495,0,0,71,0.9903169014084507,0
34.81631,4,0,0,0.0,29.90933800174389,0.8434419978584629,29.93264099859516,0.4329637096774194,496,0,0,72,0.9800347222222222,0
34.84633,4,0,0,0.0,29.991262999828905,0.842404999275459,30.016426000656793,0.432092555331992,497,0,0,73,0.9700342465753424,0
34.87648,4,0,0,0.0,30.10376199745224,0.8677330006321426,30.147427998599596,0.4312248995983936,498,0,0,41,0.9725609756097561,0
34.90635,3,0,0,0.0,29.844234999472974,0.6657990015810356,29.864248001103988,0.3708086785009862,338,0,0,41,0.9771341463414634,0
34.93609,3,0,0,0.0,29.713077998167137,0.6599970001843758,29.735115000221413,0.36971484759095374,339,0,0,41,0.9817073170731707,0
34.96579,3,0,0,0.0,29.676414000277873,0.6742130026395898,29.701368999667466,0.3686274509803922,340,0,0,43,0.940406976744186,0
34.99542,3,0,0,0.0,29.59559699957026,0.6482270000560675,29.616843999974662,0.3675464320625611,341,0,0,43,0.9447674418604651,0
35.02518,3,0,0,0.0,29.742459999397397,0.6656080004177056,29.76262499942095,0.3664717348927875,342,0,0,43,0.9491279069767442,0
35.05412,3,0,0,0.0,28.912187000969425,0.6619029991270509,28.934464000485605,0.3654033041788144,343,0,0,43,0.9534883720930233,0
35.08367,3,0,0,0.0,29.519677998905536,0.6665580003755167,29.542099000536837,0.3643410852713178,344,0,0,43,0.9578488372093024,0
35.11467,3,0,0,0.0,30.982673000835348,0.6305290007730946,31.04304999942542,0.3632850241545894,345,0,0,43,0.9622093023255814,0
35.14705,3,0,0,0.0,32.30794400224113,0.6722680009261239,32.33118600110174,0.36223506743737954,346,0,0,43,0.9665697674418605,0
35.18261,3,0,0,0.0,35.53417500006617,0.7932469998195302,35.56127599949832,0.36119116234390014,347,0,0,43,0.9709302325581395,0
35.21239,3,0,0,0.0,29.756858999462565,0.6964709973544814,29.778954001812963,0.3601532567049809,348,0,0,43,0.9752906976744186,0
35.24184,3,0,0,0.0,29.422693001833977,0.6746639992343262,29.446088999975473,0.35912129894937916,349,0,0,43,0.9796511627906976,0
35.2713,3,0,0,0.0,29.430222002702067,0.6732889996783342,29.454699000780238,0.35809523809523813,350,0,0,43,0.9840116279069767,0
35.29994,3,0,0,0.0,28.600554996955907,0.6682290004391689,28.624193000723608,0.3570750237416904,351,0,0,43,0.9883720930232558,0
35.32941,3,0,0,0.0,29.440064998198068,0.7907629988039844,29.46377899934305,0.3560606060606061,352,0,0,44,0.9701704545454546,0
35.35874,3,0,0,0.0,29.30184200158692,0.6645899993600324,29.324150997126708,0.3550519357884797,353,0,0,44,0.9744318181818182,0
35.38805,3,0,0,0.0,29.28588099894114,0.6648469970969018,29.30913700038218,0.3540489642184558,354,0,0,44,0.9786931818181818,0
35.4179,3,0,0,0.0,29.82012899883557,0.6871879995742347,29.843803000403568,0.3530516431924883,355,0,0,44,0.9829545454545454,0
35.44749,3,0,0,0.0,29.56483999878401,0.7405440010188613,29.593368999485392,0.35205992509363293,356,0,0,46,0.9442934782608695,0
35.47718,3,0,0,0.0,29.65391099860426,0.7196879996627104,29.679734998353524,0.3510737628384687,357,0,0,46,0.9483695652173914,0
35.50712,3,0,0,0.0,29.917232001025695,0.7348510007432196,29.940954998892266,0.35009310986964615,358,0,0,46,0.9524456521739131,0
35.53613,3,0,0,0.0,28.984098997170804,0.7258920013555326,29.0096229982737,0.3491179201485608,359,0,0,46,0.9565217391304348,0
35.56595,3,0,0,0.0,29.787257000862155,0.729085997591028,29.813589997502277,0.3481481481481481,360,0,0,46,0.9605978260869565,0
35.59573,3,0,0,0.0,29.74412699768436,0.7071899999573361,29.770959001325537,0.3471837488457987,361,0,0,46,0.9646739130434783,0
35.62564,3,0,0,0.0,29.88114899926586,0.7341290001932066,29.904917002568254,0.3462246777163904,362,0,0,46,0.96875,0
35.65533,3,0,0,0.0,29.658811999979662,0.6914090008649509,29.68567800053279,0.34527089072543615,363,0,0,46,0.9728260869565217,0
35.68523,3,0,0,0.0,29.864055999496486,0.7105549993866589,29.898056000092765,0.3443223443223443,364,0,0,46,0.9769021739130435,0
35.71467,3,0,0,0.0,29.41577599995071,0.7097390007402282,29.43725600198377,0.3433789954337899,365,0,0,46,0.9809782608695652,0
35.74403,3,0,0,0.0,29.32987799795228,0.6926989990461152,29.35157299725688,0.3424408014571949,366,0,0,46,0.9850543478260869,0
35.77286,3,0,0,0.0,28.807360999053344,0.6950130009499844,28.832445001171436,0.3415077202543143,367,0,0,46,0.9891304347826086,0
35.80328,3,0,0,0.0,30.389236999326386,0.7227069982036483,30.41747099996428,0.3405797101449275,368,0,0,47,0.9720744680851063,0
35.83321,3,0,0,0.0,29.89797299960628,0.7294700008060317,29.93354199861642,0.33965672990063234,369,0,0,47,0.976063829787234,0
35.86361,3,0,0,0.0,30.357191997609334,0.7239820006361697,30.384187997697154,0.3387387387387387,370,0,0,47,0.9800531914893617,0
35.8936,3,0,0,0.0,29.95737600213033,0.7211769989226013,29.985413999384036,0.33782569631626236,371,0,0,47,0.9840425531914894,0
35.92353,3,0,0,0.0,29.894973999034846,0.7175799983087927,29.923401998530608,0.3369175627240143,372,0,0,49,0.9477040816326531,0
35.95325,3,0,0,0.0,29.69156200197176,0.7168589982029516,29.717917001107708,0.33601429848078646,373,0,0,49,0.951530612244898,0
35.98307,3,0,0,0.0,29.797720002534334,0.7150629971874878,29.823790999216726,0.3351158645276292,374,0,0,49,0.9553571428571429,0
36.01222,3,0,0,0.0,29.11279299951275,0.7382869989669416,29.14465099820518,0.3342222222222222,375,0,0,49,0.9591836734693877,0
36.04168,3,0,0,0.0,29.43201800007955,0.704486999893561,29.45501500289538,0.33333333333333337,376,0,0,49,0.9630102040816326,0
36.07101,3,0,0,0.0,29.296281001734314,0.7134550032787956,29.319359000510303,0.33244916003536695,377,0,0,49,0.9668367346938775,0
36.1003,3,0,0,0.0,29.269290000229375,0.7322620003833435,29.291090002516285,0.3315696649029982,378,0,0,49,0.9706632653061225,0
36.12966,3,0,0,0.0,29.333435999433277,0.6958369995118119,29.35467499992228,0.3306948109058927,379,0,0,49,0.9744897959183674,0
36.15919,3,0,0,0.0,29.509422998671653,0.699534997693263,29.532732998632127,0.3298245614035088,380,0,0,49,0.9783163265306123,0
36.18917,3,0,0,0.0,29.941512999357656,0.7131810016289819,29.975892997754272,0.32895888013998253,381,0,0,49,0.9821428571428571,0
36.22304,3,0,0,0.0,33.841989999928046,0.9103260017582215,33.86384099940187,0.32809773123909247,382,0,0,49,0.985969387755102,0
36.25199,3,0,0,0.0,28.91782400183729,0.7114319996617269,28.94292700148071,0.3272410791993038,383,0,0,49,0.9897959183673469,0
36.28144,3,0,0,0.0,29.41831399948569,0.7143330003600568,29.445742999087088,0.32638888888888884,384,0,0,50,0.97375,0
36.31094,3,0,0,0.0,29.47579900137498,0.7179240019468125,29.497318999347044,0.3255411255411256,385,0,0,50,0.9775,0
36.34032,3,0,0,0.0,29.35408799748984,0.7161119974625763,29.378930001257686,0.3246977547495682,386,0,0,50,0.98125,0
36.36989,3,0,0,0.0,29.54569799840101,0.7107660021574702,29.570563001470873,0.32385874246339363,387,0,0,50,0.985,0
36.39925,3,0,0,0.0,29.323234997718828,0.7196440019470174,29.350329001317732,0.32302405498281783,388,0,0,52,0.9507211538461539,0
36.42878,3,0,0,0.0,29.506179998861626,0.7040409982437268,29.52698999797576,0.3221936589545844,389,0,0,52,0.9543269230769231,0
36.45851,3,0,0,0.0,29.6990189999633,0.6984020001254976,29.724705000262475,0.32136752136752134,390,0,0,52,0.9579326923076923,0
36.4873,3,0,0,0.0,28.76122599991504,0.7655040026293136,28.785667000192916,0.32054560954816713,391,0,0,52,0.9615384615384616,0
36.51675,3,0,0,0.0,29.419661001156783,0.7113020001270343,29.44074299739441,0.3197278911564626,392,0,0,52,0.9651442307692307,0
36.54627,3,0,0,0.0,29.494385998987127,0.7010410008660983,29.520038999180542,0.3189143341815097,393,0,0,52,0.96875,0
36.57575,3,0,0,0.0,29.45534399987082,0.7309770007850602,29.479790999175748,0.31810490693739424,394,0,0,52,0.9723557692307693,0
36.60526,3,0,0,0.0,29.483770002116216,0.7250410017149989,29.50672600127291,0.3172995780590717,395,0,0,52,0.9759615384615384,0
36.63469,3,0,0,0.0,29.40149499772815,0.7255450000229757,29.426460998365656,0.3164983164983165,396,0,0,52,0.9795673076923077,0
36.66436,3,0,0,0.0,29.636020000907592,0.7346730017161462,29.662578999705147,0.31570109151973136,397,0,0,52,0.9831730769230769,0
36.69384,3,0,0,0.0,29.452298000251176,0.7395310021820478,29.475666000507772,0.3149078726968174,398,0,0,52,0.9867788461538461,0
36.72273,3,0,0,0.0,28.857511999376584,0.7342429998971056,28.88623400212964,0.3141186299081036,399,0,0,27,0.9814814814814815,0
36.75198,2,0,0,0.0,29.23053100312245,0.5625509984383825,29.2551349994028,0.10169491525423724,236,0,0,27,0.9861111111111112,0
36.78132,2,0,0,0.0,29.30869400006486,0.609618000453338,29.333202000998426,0.10126582278481011,237,0,0,27,0.9907407407407407,0
36.81067,2,0,0,0.0,29.321850000997074,0.597417001699796,29.343526002776343,0.10084033613445376,238,0,0,27,0.9953703703703703,0
36.83931,2,0,0,0.0,28.614482998818858,0.590100997214904,28.638465999392793,0.10041841004184104,239,0,0,27,1.0,0
36.86869,2,0,0,0.0,29.351263998250943,0.5849359986314084,29.379265000898158,0.09999999999999998,240,0,0,29,0.9353448275862069,0
36.89796,2,0,0,0.0,29.24200000052224,0.5966369972156826,29.266388002724852,0.09958506224066388,241,0,0,29,0.9396551724137931,0
36.92743,2,0,0,0.0,29.442672999721253,0.608513000770472,29.46322600109852,0.09917355371900827,242,0,0,29,0.9439655172413793,0
36.95673,2,0,0,0.0,29.270557999552693,0.5897659975744318,29.294514999492094,0.09876543209876543,243,0,0,29,0.9482758620689655,0
36.98671,2,0,0,0.0,29.95175500109326,0.589182000112487,29.975760000525042,0.09836065573770492,244,0,0,29,0.9525862068965517,0
37.01614,2,0,0,0.0,29.403143998933956,0.6023850000929087,29.42547200291301,0.09795918367346934,245,0,0,29,0.9568965517241379,0
37.04529,2,0,0,0.0,29.12752799966256,0.6007689989928622,29.1499949998979,0.09756097560975607,246,0,0,29,0.9612068965517241,0
37.07378,2,0,0,0.0,28.46137800224824,0.5850410016137175,28.48289200119325,0.09716599190283404,247,0,0,29,0.9655172413793104,0
37.10275,2,0,0,0.0,28.94262499830802,0.5631570020341314,28.962431999389082,0.09677419354838712,248,0,0,29,0.9698275862068966,0
37.1319,2,0,0,0.0,29.130547001841478,0.5567230000451673,29.149530997528927,0.09638554216867468,249,0,0,29,0.9741379310344828,0
37.16099,2,0,0,0.0,29.06637400155887,0.5676420005329419,29.08746699904441,0.09599999999999997,250,0,0,29,0.978448275862069,0
37.18999,2,0,0,0.0,28.977803001907887,0.5913419990974944,28.998060999583686,0.09561752988047811,251,0,0,29,0.9827586206896551,0
37.21925,2,0,0,0.0,29.229879000922665,0.5796469995402731,29.24966800128459,0.09523809523809523,252,0,0,29,0.9870689655172413,0
37.2484,2,0,0,0.0,29.13068099951488,0.5832990027556662,29.153285999200307,0.09486166007905139,253,0,0,29,0.9913793103448276,0
37.27753,2,0,0,0.0,29.10603700001957,0.604128999839304,29.12859200296225,0.09448818897637801,254,0,0,29,0.9956896551724138,0
37.30625,2,0,0,0.0,28.68767200197908,0.5994169987388887,28.708739999274258,0.09411764705882353,255,0,0,29,1.0,0
37.33548,2,0,0,0.0,29.205072001786903,0.5978400004096329,29.229193001810927,0.09375,256,0,0,31,0.9395161290322581,0
37.3646,2,0,0,0.0,29.091287000483135,0.5716109990316909,29.113129003235372,0.0933852140077821,257,0,0,31,0.9435483870967742,0
37.39368,2,0,0,0.0,29.061443001410225,0.5792269985249732,29.082773999107303,0.09302325581395354,258,0,0,31,0.9475806451612904,0
37.42286,2,0,0,0.0,29.15620699786814,0.5640970011882018,29.175243998906808,0.0926640926640927,259,0,0,31,0.9516129032258065,0
37.45217,2,0,0,0.0,29.287028999533504,0.5644729972118512,29.307199001777917,0.09230769230769231,260,0,0,31,0.9556451612903226,0
37.48145,2,0,0,0.0,29.257885998958955,0.5984769995848183,29.279059999680612,0.09195402298850575,261,0,0,31,0.9596774193548387,0
37.51063,2,0,0,0.0,29.151500002626562,0.5885780010430608,29.171588001190685,0.09160305343511455,262,0,0,31,0.9637096774193549,0
37.53904,2,0,0,0.0,28.384840999933658,0.5758870029239915,28.40508700319333,0.09125475285171103,263,0,0,31,0.967741935483871,0
37.56808,2,0,0,0.0,29.022065999015467,0.5866419996891636,29.041541001788573,0.09090909090909094,264,0,0,31,0.9717741935483871,0
37.59705,2,0,0,0.0,28.94114999799058,0.5847759966854937,28.95995100334403,0.09056603773584904,265,0,0,31,0.9758064516129032,0
37.63065,2,0,0,0.0,33.58424299949547,0.5799499995191582,33.6047150012746,0.09022556390977443,266,0,0,31,0.9798387096774194,0
37.66052,2,0,0,0.0,29.83870300158742,0.5861160025233403,29.86235100252088,0.0898876404494382,267,0,0,31,0.9838709677419355,0
37.69,2,0,0,0.0,29.45711400025175,0.6130410001787823,29.48074199957773,0.08955223880597019,268,0,0,31,0.9879032258064516,0
37.71952,2,0,0,0.0,29.489761000149883,0.6288869990385137,29.510440999729326,0.08921933085501854,269,0,0,31,0.9919354838709677,0
37.74892,2,0,0,0.0,29.373041998042027,0.5988150005578063,29.39567899738904,0.0888888888888889,270,0,0,31,0.9959677419354839,0
37.77787,2,0,0,0.0,28.923040998051874,0.6077710022509564,28.94666599968332,0.08856088560885611,271,0,0,31,1.0,0
37.80769,2,0,0,0.0,29.790905999107054,0.6304909984464757,29.81525300128851,0.08823529411764708,272,0,0,33,0.9431818181818182,0
37.83694,2,0,0,0.0,29.23273899796186,0.6159499971545301,29.254543002025457,0.08791208791208793,273,0,0,33,0.946969696969697,0
37.86629,2,0,0,0.0,29.322583999601193,0.6095300013839733,29.344369999307673,0.08759124087591241,274,0,0,33,0.9507575757575758,0
37.89543,2,0,0,0.0,29.115649002051214,0.6018909989506938,29.13727999839466,0.08727272727272728,275,0,0,33,0.9545454545454546,0
37.92471,2,0,0,0.0,29.255601999466307,0.5920660005358513,29.274599000927992,0.08695652173913049,276,0,0,33,0.9583333333333334,0
37.95396,2,0,0,0.0,29.229282001324464,0.5839189980179071,29.24929599976167,0.08664259927797835,277,0,0,33,0.9621212121212122,0
37.98315,2,0,0,0.0,29.164858999138232,0.6173539986775722,29.1851689980831,0.08633093525179858,278,0,0,33,0.9659090909090909,0
38.01196,2,0,0,0.0,28.78092100218055,0.62075499954517,28.800620002584765,0.08602150537634412,279,0,0,33,0.9696969696969697,0
38.04122,2,0,0,0.0,29.22866500011878,0.6100989994592965,29.257162001158576,0.08571428571428574,280,0,0,33,0.9734848484848485,0
38.07056,2,0,0,0.0,29.314130999409826,0.6133090028015431,29.349895001359982,0.08540925266903909,281,0,0,33,0.9772727272727273,0
38.09984,2,0,0,0.0,29.246644000522792,0.5874460002814885,29.26815099999658,0.08510638297872342,282,0,0,33,0.9810606060606061,0
38.1292,2,0,0,0.0,29.33620000112569,0.5905270008952357,29.36435000083293,0.0848056537102474,283,0,0,33,0.9848484848484849,0
38.15858,2,0,0,0.0,29.329445998882875,0.6044229994586203,29.367174000071827,0.08450704225352113,284,0,0,33,0.9886363636363636,0
38.18797,2,0,0,0.0,29.36614899954293,0.6153829999675509,29.389797997282585,0.08421052631578951,285,0,0,33,0.9924242424242424,0
38.21731,2,0,0,0.0,29.309785000805277,0.6130729998403694,29.329760000109673,0.08391608391608396,286,0,0,33,0.9962121212121212,0
38.24579,2,0,0,0.0,28.4533010017185,0.588799000979634,28.473140999267343,0.08362369337979092,287,0,0,33,1.0,0
38.27483,2,0,0,0.0,29.01567799926852,0.5755100028181914,29.039601002295967,0.08333333333333337,288,0,0,35,0.9464285714285714,0
38.30398,2,0,0,0.0,29.127634999895236,0.6007539996062405,29.14728999894578,0.08304498269896199,289,0,0,35,0.95,0
38.33324,2,0,0,0.0,29.23942399866064,0.594750999880489,29.257746999064693,0.08275862068965523,290,0,0,35,0.9535714285714286,0
38.3623,2,0,0,0.0,29.037725002126535,0.588262002565898,29.05682699929457,0.08247422680412375,291,0,0,35,0.9571428571428572,0
38.39128,2,0,0,0.0,28.95220199934556,0.5873830014024861,28.97178300190717,0.0821917808219178,292,0,0,35,0.9607142857142857,0
38.42039,2,0,0,0.0,29.094944999087602,0.5807259985886049,29.11359000063385,0.08191126279863481,293,0,0,35,0.9642857142857143,0
38.44931,2,0,0,0.0,28.892652000649832,0.5815470030938741,28.91216500211158,0.08163265306122447,294,0,0,35,0.9678571428571429,0
38.4777,2,0,0,0.0,28.36933499929728,0.5925359982938971,28.390168001351412,0.08135593220338988,295,0,0,35,0.9714285714285714,0
38.5067,2,0,0,0.0,28.973267999390373,0.5945080010860693,28.99306299877935,0.08108108108108103,296,0,0,35,0.975,0
38.53599,2,0,0,0.0,29.272514999320265,0.579728999582585,29.292291997990105,0.08080808080808077,297,0,0,35,0.9785714285714285,0
38.56524,2,0,0,0.0,29.223001998616382,0.6156919989734888,29.246771002362948,0.08053691275167785,298,0,0,35,0.9821428571428571,0
38.6027,2,0,0,0.0,37.425491002068156,0.6365520021063276,37.454679997608764,0.08026755852842804,299,0,0,35,0.9857142857142858,0
38.63949,2,0,0,0.0,36.758344002009835,0.8180559998436365,36.784570998861454,0.07999999999999996,300,0,0,35,0.9892857142857143,0
38.66982,2,0,0,0.0,30.30071800094447,0.6680619990220293,30.325616997288307,0.07973421926910296,301,0,0,35,0.9928571428571429,0
38.70191,2,0,0,0.0,32.05312499994761,0.6500230010715313,32.08583699961309,0.07947019867549665,302,0,0,19,0.9967105263157895,0
38.72712,1,0,0,0.0,25.18259700082126,0.5324720004864503,25.201795000612037,0.0,303,0,0,19,1.0,0
38.75184,1,0,0,0.0,24.69371000188403,0.5390900005295407,24.71983400027966,0.0,304,0,0,20,0.953125,0
38.77651,1,0,0,0.0,24.647973998071393,0.5388890022004489,24.671973998920294,0.0,305,0,0,20,0.95625,0
38.80111,1,0,0,0.0,24.572770002123434,0.5570659996010363,24.597064999397844,0.0,306,0,0,20,0.959375,0
38.82731,1,0,0,0.0,26.163696002186043,0.8760060009080917,26.19055199829745,0.0,307,0,0,20,0.9625,0
38.852,1,0,0,0.0,24.665541997819673,0.5326140017132275,24.68738899915479,0.0,308,0,0,20,0.965625,0
38.87726,1,0,0,0.0,25.23601099892403,0.5642500000249129,25.257694000174524,0.0,309,0,0,20,0.96875,0
38.90239,1,0,0,0.0,25.102880001213634,0.6278230030147824,25.123744002485182,0.0,310,0,0,20,0.971875,0
38.9273,1,0,0,0.0,24.87848299642792,0.5494229990290478,24.897235998651013,0.0,311,0,0,20,0.975,0
38.95225,1,0,0,0.0,24.92771899778745,0.5234700001892634,24.951065999630373,0.0,312,0,0,20,0.978125,0
38.97739,1,0,0,0.0,25.11705399956554,0.5748309995396994,25.14113299912424,0.0,313,0,0,20,0.98125,0
39.00231,1,0,0,0.0,24.891135002690135,0.5516960009117611,24.91173399903346,0.0,314,0,0,20,0.984375,0
39.02699,1,0,0,0.0,24.65796899923589,0.5315830021572765,24.67618999799015,0.0,315,0,0,20,0.9875,0
39.05145,1,0,0,0.0,24.44023499992909,0.5094180014566518,24.46022200092557,0.0,316,0,0,20,0.990625,0
39.07598,1,0,0,0.0,24.501067000528565,0.5311370005074423,24.521651001123246,0.0,317,0,0,20,0.99375,0
39.10043,1,0,0,0.0,24.42722799969488,0.5177530001674313,24.445876999379834,0.0,318,0,0,20,0.996875,0
39.12499,1,0,0,0.0,24.539515001379186,0.5115630010550376,24.557478998758597,0.0,319,0,0,20,1.0,0
39.14942,1,0,0,0.0,24.402080998697784,0.5026499966334086,24.424778002867242,0.0,320,0,0,21,0.9553571428571429,0
39.174,1,0,0,0.0,24.55477100011194,0.5220150014793035,24.575128001742996,0.0,321,0,0,21,0.9583333333333334,0
39.19853,1,0,0,0.0,24.512951000360772,0.5313920009939466,24.53367199996137,0.0,322,0,0,21,0.9613095238095238,0
39.22342,1,0,0,0.0,24.86643600059324,0.5171359989617486,24.885509999876376,0.0,323,0,0,21,0.9642857142857143,0
39.24799,1,0,0,0.0,24.541127997508738,0.5276820011204109,24.560423000366427,0.0,324,0,0,21,0.9672619047619048,0
39.27252,1,0,0,0.0,24.512801002856577,0.5258720011624973,24.533789000997785,0.0,325,0,0,21,0.9702380952380952,0
39.29716,1,0,0,0.0,24.613999001303455,0.5415179984993301,24.634810997667955,0.0,326,0,0,21,0.9732142857142857,0
39.32235,1,0,0,0.0,25.16474200092489,0.5430300006992184,25.18397499807179,0.0,327,0,0,21,0.9761904761904762,0
39.34736,1,0,0,0.0,24.980129001050955,0.5549769994104281,25.002093003422488,0.0,328,0,0,21,0.9791666666666666,0
39.37234,1,0,0,0.0,24.95448999979999,0.5433740006992593,24.977288998343283,0.0,329,0,0,21,0.9821428571428571,0
39.3973,1,0,0,0.0,24.9393849990156,0.5485999972734135,24.96212899859529,0.0,330,0,0,21,0.9851190476190477,0
39.42268,1,0,0,0.0,25.33781600141083,0.5539109988603741,25.36024100118084,0.0,331,0,0,21,0.9880952380952381,0
39.44787,1,0,0,0.0,25.168824999127537,0.5546879983739927,25.19013999699382,0.0,332,0,0,21,0.9910714285714286,0
39.4729,1,0,0,0.0,25.004671999340644,0.5564620005316101,25.0273189994914,0.0,333,0,0,21,0.9940476190476191,0
39.49791,1,0,0,0.0,24.97926800060668,0.558908999664709,25.00148800027091,0.0,334,0,0,21,0.9970238095238095,0
39.52317,1,0,0,0.0,25.23311100230785,0.5594970025413204,25.25330800199299,0.0,335,0,0,21,1.0,0
39.54809,1,0,0,0.0,24.893802001315635,0.55871400036267,24.916716000007,0.0,336,0,0,22,0.9573863636363636,0
39.57292,1,0,0,0.0,24.80709600058617,0.5545029998756945,24.828705998515943,0.0,337,0,0,22,0.9602272727272727,0
39.60252,1,0,0,0.0,29.574639000202296,0.5457959996419959,29.594927000289317,0.0,338,0,0,22,0.9630681818181818,0
39.62745,1,0,0,0.0,24.902111999836052,0.5463010020321235,24.922066997532966,0.0,339,0,0,22,0.9659090909090909,0
39.6524,1,0,0,0.0,24.92753700062167,0.5402469978434965,24.951270999736153,0.0,340,0,0,22,0.96875,0
39.67741,1,0,0,0.0,24.982843999168836,0.5568800006585661,25.005788997077616,0.0,341,0,0,22,0.9715909090909091,0
39.70407,1,0,0,0.0,26.634625002770917,0.5541699974855874,26.65948399953777,0.0,342,0,0,22,0.9744318181818182,0
39.7293,1,0,0,0.0,25.196923001203686,0.7169989985413849,25.22218800004339,0.0,343,0,0,0,0.0,0
